8.800450640000000527e-18 2.124871649999999891e-17 3.179704440000000288e-17 3.687134420000000285e-17 3.747969579999999745e-17 3.551824879999999785e-17 3.240241490000000098e-17 2.895824660000000209e-17 2.560648259999999901e-17 2.253371510000000131e-17 1.980274189999999929e-17 1.741540440000000026e-17 1.534622699999999996e-17 1.355970459999999933e-17 1.201875979999999977e-17 1.068860539999999948e-17 9.538251079999999452e-18 8.540847449999999752e-18 7.673493150000000223e-18 6.916823900000000246e-18 6.254537189999999940e-18 5.672933270000000172e-18 5.160499839999999882e-18 4.707550209999999982e-18 4.305920529999999999e-18 3.948712089999999703e-18 3.630080460000000384e-18 3.345058839999999883e-18 3.089413920000000139e-18 2.859526359999999888e-18 2.652291980000000025e-18 2.465040200000000153e-18 2.295466730000000122e-18 2.141576600000000167e-18 2.001638939999999937e-18 1.874146839999999956e-18 1.757785270000000041e-18 1.651403329999999949e-18 1.553991439999999985e-18 1.464662340000000076e-18 1.382633629999999960e-18 1.307214930000000077e-18 1.237795139999999969e-18 1.173833189999999915e-18 1.114848589999999991e-18 1.060415040000000081e-18 1.010153380000000004e-18 9.637267279999999414e-19 9.208357590000000718e-19 8.812152549999999894e-19 8.446304009999999553e-19 8.108741429999999829e-19 7.797652760000000344e-19 7.511461710000000109e-19 7.248816869999999616e-19 7.008574669999999763e-19 6.789795220000000224e-19 6.591730439999999600e-19 6.413823019999999824e-19 6.255701239999999850e-19 6.117178990000000048e-19 5.998252130000000289e-19 5.899102640000000348e-19 5.820100180000000035e-19 5.761801000000000315e-19 5.724954239999999688e-19 5.710503909999999992e-19 5.719592560000000461e-19 5.753562799999999663e-19 5.813965080000000424e-19 5.902555610000000347e-19 6.021304100000000464e-19 6.172393300000000410e-19 6.358223560000000364e-19 6.581411880000000203e-19 6.844796530000000186e-19 7.151436000000000278e-19 7.504607480000000142e-19 7.907809429999999826e-19 8.364759510000000179e-19 8.879389929999999422e-19 9.455850030000000850e-19 1.009849800000000005e-18 1.081189890000000030e-18 1.160082349999999924e-18 1.247023579999999941e-18 1.342529539999999960e-18 1.447134490000000014e-18 1.561390779999999968e-18 1.685867599999999929e-18 1.821150820000000128e-18 1.967841790000000004e-18 2.126556239999999817e-18 2.297923870000000071e-18 2.482587190000000146e-18 2.681200899999999900e-18 2.894430280000000092e-18 3.122950300000000096e-18 3.367445239999999871e-18 3.628607259999999905e-18
1.247598880000000040e-17 3.011992580000000137e-17 4.507165210000000104e-17 5.226425560000000141e-17 5.312654170000000291e-17 5.034622560000000207e-17 4.592960390000000167e-17 4.104758060000000019e-17 3.629653970000000022e-17 3.194096719999999974e-17 2.806988109999999928e-17 2.468589019999999851e-17 2.175288640000000003e-17 1.922053580000000039e-17 1.703628599999999992e-17 1.515082540000000131e-17 1.352022910000000003e-17 1.210643589999999950e-17 1.087698419999999937e-17 9.804426220000000234e-18 8.865652320000000315e-18 8.041245249999999879e-18 7.314884720000000730e-18 6.672841599999999837e-18 6.103543230000000214e-18 5.597211500000000317e-18 5.145561370000000030e-18 4.741552710000000275e-18 4.379184740000000017e-18 4.053328099999999681e-18 3.759581379999999994e-18 3.494160209999999692e-18 3.253797239999999888e-18 3.035665990000000104e-18 2.837312220000000053e-18 2.656600140000000140e-18 2.491665289999999950e-18 2.340877089999999815e-18 2.202804099999999944e-18 2.076188600000000034e-18 1.959921740000000151e-18 1.853024989999999927e-18 1.754632060000000157e-18 1.663976060000000029e-18 1.580376120000000044e-18 1.503227570000000058e-18 1.431993260000000069e-18 1.366195800000000066e-18 1.305410950000000011e-18 1.249262549999999995e-18 1.197417969999999909e-18 1.149583770000000034e-18 1.105503210000000031e-18 1.064952960000000010e-18 1.027741309999999918e-18 9.937064420000000201e-19 9.627150859999999202e-19 9.346614629999999947e-19 9.094666789999999058e-19 8.870780010000000613e-19 8.674692709999999902e-19 8.506400749999999684e-19 8.366164170000000269e-19 8.254507190000000477e-19 8.172221849999999551e-19 8.120372620000000464e-19 8.100298499999999723e-19 8.113621790000000015e-19 8.162250190000000013e-19 8.248382439999999742e-19 8.374513519999999737e-19 8.543436729999999933e-19 8.758251400000000765e-19 9.022363960000000539e-19 9.339488469999999282e-19 9.713652239999999709e-19 1.014919589999999950e-18 1.065077140000000038e-18 1.122334160000000078e-18 1.187218209999999946e-18 1.260287520000000049e-18 1.342130629999999984e-18 1.433366070000000032e-18 1.534641930000000030e-18 1.646634740000000063e-18 1.770049259999999937e-18 1.905617539999999956e-18 2.054097699999999846e-18 2.216273489999999862e-18 2.392953070000000101e-18 2.584967119999999847e-18 2.793169309999999981e-18 3.018433550000000085e-18 3.261653190000000142e-18 3.523740189999999879e-18 3.805623490000000191e-18 4.108246690000000028e-18 4.432568489999999901e-18 4.779560009999999745e-18 5.150202270000000361e-18
1.768721099999999863e-17 4.269497030000000171e-17 6.388818800000000461e-17 7.408336770000000184e-17 7.530557670000000162e-17 7.136452429999999987e-17 6.510405739999999503e-17 5.818391080000000512e-17 5.144942310000000140e-17 4.527550910000000136e-17 3.978834370000000306e-17 3.499162260000000205e-17 3.083416319999999769e-17 2.724462119999999889e-17 2.414850399999999863e-17 2.147591320000000051e-17 1.916458529999999979e-17 1.716056990000000133e-17 1.541785580000000084e-17 1.389753260000000092e-17 1.256684799999999971e-17 1.139827339999999986e-17 1.036867839999999945e-17 9.458601860000000485e-18 8.651639189999999867e-18 7.933930969999999664e-18 7.293732050000000710e-18 6.721064159999999983e-18 6.207422219999999679e-18 5.745533670000000191e-18 5.329161549999999859e-18 4.952939960000000229e-18 4.612238740000000072e-18 4.303051040000000211e-18 4.021898140000000315e-18 3.765752149999999809e-18 3.531971469999999772e-18 3.318243710000000078e-18 3.122540639999999976e-18 2.943078839999999885e-18 2.778287299999999960e-18 2.626778419999999994e-18 2.487324860000000012e-18 2.358839109999999864e-18 2.240356239999999936e-18 2.131019710000000116e-18 2.030067689999999941e-18 1.936823549999999876e-18 1.850686340000000018e-18 1.771122940000000000e-18 1.697661440000000046e-18 1.629886710000000072e-18 1.567434470000000092e-18 1.509988429999999909e-18 1.457276969999999953e-18 1.409071049999999995e-18 1.365181670000000051e-18 1.325459119999999977e-18 1.289791709999999919e-18 1.258105319999999991e-18 1.230362709999999971e-18 1.206563799999999989e-18 1.186745689999999922e-18 1.170983030000000035e-18 1.159388550000000014e-18 1.152113290000000031e-18 1.149347709999999983e-18 1.151322299999999928e-18 1.158307840000000047e-18 1.170616700000000047e-18 1.188603020000000020e-18 1.212663530000000058e-18 1.243238189999999971e-18 1.280810600000000059e-18 1.325908069999999937e-18 1.379102399999999949e-18 1.441009629999999942e-18 1.512290160000000031e-18 1.593648649999999995e-18 1.685833900000000049e-18 1.789638139999999992e-18 1.905897130000000003e-18 2.035488830000000038e-18 2.179332849999999861e-18 2.338389749999999818e-18 2.513660020000000002e-18 2.706182590000000108e-18 2.917033820000000031e-18 3.147326069999999808e-18 3.398206230000000016e-18 3.670854259999999738e-18 3.966480760000000081e-18 4.286327099999999623e-18 4.631661360000000127e-18 5.003777650000000340e-18 5.403994930000000051e-18 5.833652809999999677e-18 6.294111579999999921e-18 6.786749330000000349e-18 7.312960690000000492e-18
2.507620359999999859e-17 6.052035849999999984e-17 9.056036870000000543e-17 1.050115050000000046e-16 1.067438460000000027e-16 1.011574520000000061e-16 9.228337929999999917e-17 8.247422830000000591e-17 7.292825960000000598e-17 6.417688720000000193e-17 5.639896750000000288e-17 4.959973809999999844e-17 4.370664529999999906e-17 3.861856469999999923e-17 3.422989509999999973e-17 3.044157000000000218e-17 2.716532270000000121e-17 2.432468519999999859e-17 2.185443440000000028e-17 1.969941879999999926e-17 1.781321039999999995e-17 1.615679120000000079e-17 1.469737159999999977e-17 1.340736610000000007e-17 1.226352419999999939e-17 1.124619709999999986e-17 1.033873939999999987e-17 9.527006380000000719e-18 8.798941859999999790e-18 8.144237499999999571e-18 7.554052409999999284e-18 7.020780649999999776e-18 6.537859790000000026e-18 6.099609570000000235e-18 5.701099179999999654e-18 5.338037620000000007e-18 5.006679400000000063e-18 4.703747250000000291e-18 4.426366290000000037e-18 4.172009079999999930e-18 3.938448430000000005e-18 3.723717720000000216e-18 3.526077389999999956e-18 3.343985990000000093e-18 3.176075970000000108e-18 3.021132839999999994e-18 2.878077539999999864e-18 2.745950950000000090e-18 2.623901069999999837e-18 2.511172479999999949e-18 2.407097030000000051e-18 2.311085759999999885e-18 2.222622929999999983e-18 2.141260210000000135e-18 2.066613149999999902e-18 1.998357099999999925e-18 1.936224670000000133e-18 1.880004100000000013e-18 1.829537399999999933e-18 1.784719720000000159e-18 1.745498740000000025e-18 1.711875200000000047e-18 1.683902119999999935e-18 1.661686009999999968e-18 1.645387040000000045e-18 1.635220469999999933e-18 1.631457010000000026e-18 1.634424100000000007e-18 1.644506610000000010e-18 1.662148299999999955e-18 1.687852419999999910e-18 1.722182489999999962e-18 1.765763639999999942e-18 1.819282220000000163e-18 1.883487569999999952e-18 1.959191960000000064e-18 2.047269740000000127e-18 2.148659130000000037e-18 2.264360810000000057e-18 2.395438129999999993e-18 2.543016250000000029e-18 2.708281559999999945e-18 2.892481239999999846e-18 3.096921199999999880e-18 3.322965470000000192e-18 3.572034309999999881e-18 3.845603609999999915e-18 4.145201809999999724e-18 4.472407990000000235e-18 4.828850869999999746e-18 5.216206319999999650e-18 5.636194040000000267e-18 6.090575519999999957e-18 6.581152350000000307e-18 7.109762120000000737e-18 7.678276740000000489e-18 8.288600369999999626e-18 8.942662839999999253e-18 9.642423719999999543e-18 1.038985999999999996e-17
3.555385720000000179e-17 8.578843660000000214e-17 1.283678960000000074e-16 1.488515349999999878e-16 1.513068979999999889e-16 1.433882249999999980e-16 1.308094160000000012e-16 1.169051580000000045e-16 1.033739789999999950e-16 9.096912830000000220e-17 7.994412100000000334e-17 7.030638159999999535e-17 6.195307500000000189e-17 5.474084760000000029e-17 4.852002249999999970e-17 4.315017109999999933e-17 3.850617730000000253e-17 3.447965069999999799e-17 3.097813889999999908e-17 2.792346680000000232e-17 2.524982219999999882e-17 2.290189649999999923e-17 2.083321709999999925e-17 1.900467969999999954e-17 1.738332459999999902e-17 1.594130400000000119e-17 1.465502160000000092e-17 1.350442830000000024e-17 1.247243440000000044e-17 1.154442960000000063e-17 1.070788030000000007e-17 9.952007650000000703e-18 9.267508240000000506e-18 8.646330349999999874e-18 8.081485929999999635e-18 7.566892729999999685e-18 7.097240260000000143e-18 6.667885550000000132e-18 6.274751829999999850e-18 5.914257830000000264e-18 5.583246210000000287e-18 5.278929359999999971e-18 4.998842280000000154e-18 4.740799979999999682e-18 4.502864369999999666e-18 4.283314509999999900e-18 4.080620100000000352e-18 3.893422920000000095e-18 3.720515709999999658e-18 3.560827249999999751e-18 3.413411260000000052e-18 3.277433100000000082e-18 3.152162389999999970e-18 3.036964050000000158e-18 2.931293590000000189e-18 2.834691299999999880e-18 2.746778959999999816e-18 2.667257120000000046e-18 2.595902249999999857e-18 2.532566679999999986e-18 2.477177840000000025e-18 2.429736759999999917e-18 2.390320150000000008e-18 2.359080019999999936e-18 2.336244869999999853e-18 2.322121180000000192e-18 2.317093990000000134e-18 2.321629420000000016e-18 2.336274650000000013e-18 2.361660620000000133e-18 2.398502620000000110e-18 2.447602000000000159e-18 2.509846720000000168e-18 2.586212860000000006e-18 2.677764999999999864e-18 2.785657060000000031e-18 2.911132090000000175e-18 3.055522880000000174e-18 3.220251350000000059e-18 3.406828140000000013e-18 3.616852190000000096e-18 3.852009299999999923e-18 4.114070869999999764e-18 4.404892690000000321e-18 4.726412829999999941e-18 5.080648789999999776e-18 5.469697890000000160e-18 5.895730639999999854e-18 6.360991610000000108e-18 6.867794840000000164e-18 7.418520519999999249e-18 8.015611750000000747e-18 8.661571980000000223e-18 9.358959679999999297e-18 1.011038710000000036e-17 1.091851360000000009e-17 1.178604239999999994e-17 1.271571899999999926e-17 1.371032339999999982e-17 1.477266819999999948e-17
5.041266469999999721e-17 1.216071439999999945e-16 1.819598160000000060e-16 2.109939880000000096e-16 2.144740490000000029e-16 2.032493810000000072e-16 1.854191520000000082e-16 1.657101769999999925e-16 1.465300429999999889e-16 1.289464730000000088e-16 1.133187940000000104e-16 9.965754229999999607e-17 8.781694150000000355e-17 7.759378990000000061e-17 6.877593859999999404e-17 6.116431529999999748e-17 5.458157889999999988e-17 4.887408889999999976e-17 4.391079679999999813e-17 3.958089010000000243e-17 3.579107940000000167e-17 3.246297449999999833e-17 2.953069199999999731e-17 2.693880920000000134e-17 2.464060530000000002e-17 2.259660560000000043e-17 2.077336560000000026e-17 1.914246320000000004e-17 1.767967860000000089e-17 1.636429600000000046e-17 1.517855739999999980e-17 1.410717990000000004e-17 1.313697559999999956e-17 1.225653450000000033e-17 1.145594940000000011e-17 1.072660029999999931e-17 1.006096059999999952e-17 9.452447629999999867e-18 8.895284409999999298e-18 8.384394510000000113e-18 7.915303689999999784e-18 7.484059690000000016e-18 7.087170159999999289e-18 6.721537310000000031e-18 6.384415299999999789e-18 6.073364779999999899e-18 5.786217719999999834e-18 5.521048840000000351e-18 5.276147140000000119e-18 5.049995960000000184e-18 4.841254030000000356e-18 4.648739740000000121e-18 4.471417449999999674e-18 4.308389250000000365e-18 4.158883379999999658e-18 4.022249270000000058e-18 3.897952569999999655e-18 3.785569739999999960e-18 3.684785229999999945e-18 3.595391819999999915e-18 3.517287769999999743e-18 3.450476810000000133e-18 3.395069350000000156e-18 3.351283169999999867e-18 3.319444989999999940e-18 3.299991150000000165e-18 3.293470889999999837e-18 3.300547419999999940e-18 3.321999940000000025e-18 3.358726350000000010e-18 3.411744690000000127e-18 3.482194220000000301e-18 3.571338649999999946e-18 3.680566190000000095e-18 3.811390600000000039e-18 3.965452570000000259e-18 4.144520629999999869e-18 4.350488599999999942e-18 4.585379360000000299e-18 4.851340259999999637e-18 5.150644810000000360e-18 5.485689359999999786e-18 5.858993069999999725e-18 6.273193420000000092e-18 6.731046160000000244e-18 7.235420780000000736e-18 7.789295959999999929e-18 8.395760789999999489e-18 9.058004069999999442e-18 9.779316319999999400e-18 1.056308070000000077e-17 1.141277140000000026e-17 1.233194689999999959e-17 1.332424520000000076e-17 1.439337779999999990e-17 1.554312740000000093e-17 1.677733709999999861e-17 1.809990959999999990e-17 1.951479700000000027e-17 2.102599809999999875e-17
7.148700659999999518e-17 1.723825470000000025e-16 2.579262179999999831e-16 2.990799220000000244e-16 3.040121949999999832e-16 2.881012370000000017e-16 2.628271769999999789e-16 2.348901240000000139e-16 2.077027359999999981e-16 1.827784339999999999e-16 1.606265900000000065e-16 1.412621070000000070e-16 1.244783469999999952e-16 1.099873010000000013e-16 9.748822470000000065e-17 8.669895070000000177e-17 7.736810189999999756e-17 6.927790489999999426e-17 6.224258159999999979e-17 5.610507349999999568e-17 5.073314760000000273e-17 4.601567699999999819e-17 4.185928300000000095e-17 3.818539669999999735e-17 3.492780389999999909e-17 3.203054100000000226e-17 2.944620709999999982e-17 2.713451679999999852e-17 2.506113399999999868e-17 2.319670040000000087e-17 2.151603979999999982e-17 1.999749330000000013e-17 1.862236839999999917e-17 1.737449039999999987e-17 1.623981859999999875e-17 1.520613230000000056e-17 1.426276590000000010e-17 1.340038799999999967e-17 1.261081260000000042e-17 1.188684269999999991e-17 1.122213689999999979e-17 1.061109609999999978e-17 1.004876789999999983e-17 9.530765089999999285e-18 9.053195669999999994e-18 8.612601229999999917e-18 8.205912089999999668e-18 7.830398560000000391e-18 7.483638659999999423e-18 7.163481710000000170e-18 6.868029749999999699e-18 6.595607750000000240e-18 6.344750340000000097e-18 6.114186149999999927e-18 5.902823719999999813e-18 5.709742800000000269e-18 5.534187780000000045e-18 5.375560599999999783e-18 5.233417879999999708e-18 5.107467639999999629e-18 4.997569250000000268e-18 4.903731809999999955e-18 4.826115389999999910e-18 4.765032649999999844e-18 4.720951370000000253e-18 4.694495239999999677e-18 4.686447600000000297e-18 4.697753910000000123e-18 4.729525919999999905e-18 4.783042439999999853e-18 4.859753100000000380e-18 4.961281250000000234e-18 5.089425589999999684e-18 5.246162250000000190e-18 5.433646870000000206e-18 5.654214999999999923e-18 5.910382079999999948e-18 6.204845969999999747e-18 6.540483189999999974e-18 6.920350999999999824e-18 7.347684080000000560e-18 7.825892910000000669e-18 8.358560830000000499e-18 8.949441580000000721e-18 9.602456839999999241e-18 1.032168790000000037e-17 1.111137490000000029e-17 1.197591100000000037e-17 1.291983490000000060e-17 1.394782850000000134e-17 1.506470430000000049e-17 1.627540390000000118e-17 1.758499459999999928e-17 1.899864959999999855e-17 2.052165119999999930e-17 2.215937949999999935e-17 2.391730369999999973e-17 2.580097599999999946e-17 2.781601939999999752e-17 2.996812820000000259e-17
1.013810160000000046e-16 2.443611169999999771e-16 3.656088539999999784e-16 4.239405189999999776e-16 4.309308179999999939e-16 4.083769239999999835e-16 3.725513220000000077e-16 3.329511289999999906e-16 2.944135909999999999e-16 2.590839529999999996e-16 2.276842559999999771e-16 2.002355840000000118e-16 1.764450359999999892e-16 1.559043550000000088e-16 1.381872450000000111e-16 1.228937469999999921e-16 1.096675389999999946e-16 9.819991770000000468e-17 8.822757379999999991e-17 7.952786390000000057e-17 7.191335529999999987e-17 6.522652650000000357e-17 5.933502190000000323e-17 5.412747330000000008e-17 4.951001879999999993e-17 4.540333830000000209e-17 4.174023850000000274e-17 3.846361720000000255e-17 3.552480329999999736e-17 3.288218960000000226e-17 3.050008809999999854e-17 2.834779390000000046e-17 2.639881909999999892e-17 2.463023410000000087e-17 2.302213880000000033e-17 2.155721180000000060e-17 2.022033740000000071e-17 1.899828729999999993e-17 1.787946260000000050e-17 1.685366109999999935e-17 1.591189770000000056e-17 1.504623669999999852e-17 1.424966009999999890e-17 1.351595089999999997e-17 1.283959259999999929e-17 1.221568829999999981e-17 1.163988709999999980e-17 1.110832339999999933e-17 1.061756379999999945e-17 1.016456579999999942e-17 9.746638550000000100e-18 9.361413920000000353e-18 9.006816479999999588e-18 8.681047120000000615e-18 8.382562300000000132e-18 8.110063359999999839e-18 7.862482420000000542e-18 7.638976559999999962e-18 7.438922100000000218e-18 7.261912069999999370e-18 7.107752069999999568e-18 6.976461970000000217e-18 6.868275840000000308e-18 6.783644920000000369e-18 6.723239650000000382e-18 6.687954599999999673e-18 6.678909379999999749e-18 6.697455189999999789e-18 6.745178960000000049e-18 6.823905459999999643e-18 6.935702640000000286e-18 7.082886199999999455e-18 7.268020799999999860e-18 7.493922999999999409e-18 7.763665770000000460e-18 8.080576030000000567e-18 8.448241269999999518e-18 8.870502910000000228e-18 9.351461290000000253e-18 9.895469850000000390e-18 1.050713850000000058e-17 1.119132519999999932e-17 1.195313539999999995e-17 1.279791509999999954e-17 1.373124949999999950e-17 1.475895350000000017e-17 1.588706740000000004e-17 1.712184460000000032e-17 1.846975519999999981e-17 1.993746149999999995e-17 2.153182399999999877e-17 2.325988039999999964e-17 2.512884210000000138e-17 2.714608410000000124e-17 2.931912559999999784e-17 3.165563289999999860e-17 3.416339310000000187e-17 3.685031729999999784e-17 3.972441250000000186e-17 4.279378529999999728e-17
1.437926840000000054e-16 3.463989409999999819e-16 5.182500680000000372e-16 6.009290599999999568e-16 6.108356920000000084e-16 5.788652280000000083e-16 5.280829030000000238e-16 4.719503469999999840e-16 4.173242129999999859e-16 3.672452959999999810e-16 3.227369699999999976e-16 2.838291470000000147e-16 2.501066480000000074e-16 2.209907500000000056e-16 1.958772290000000008e-16 1.741991279999999949e-16 1.554513780000000000e-16 1.391963919999999976e-16 1.250609339999999895e-16 1.127294180000000009e-16 1.019361599999999995e-16 9.245789460000000399e-17 8.410699679999999691e-17 7.672561420000000118e-17 7.018068320000000270e-17 6.435979999999999861e-17 5.916769979999999904e-17 5.452345789999999810e-17 5.035808070000000203e-17 4.661259039999999839e-17 4.323640310000000101e-17 4.018600249999999819e-17 3.742384129999999929e-17 3.491741790000000038e-17 3.263853200000000064e-17 3.056263289999999987e-17 2.866829330000000179e-17 2.693677100000000012e-17 2.535162329999999924e-17 2.389839600000000107e-17 2.256435219999999950e-17 2.133825050000000021e-17 2.021014489999999922e-17 1.917122589999999933e-17 1.821368000000000091e-17 1.733056870000000086e-17 1.651572960000000129e-17 1.576368849999999901e-17 1.506958299999999936e-17 1.442910529999999854e-17 1.383844709999999930e-17 1.329425659999999951e-17 1.279359969999999977e-17 1.233393290000000072e-17 1.191307500000000007e-17 1.152919209999999995e-17 1.118078030000000007e-17 1.086665349999999971e-17 1.058593899999999949e-17 1.033806769999999945e-17 1.012277740000000034e-17 9.940108649999999531e-18 9.790407159999999321e-18 9.674327250000000385e-18 9.592835069999999366e-18 9.547215230000000420e-18 9.539074949999999242e-18 9.570348169999999908e-18 9.643305499999999767e-18 9.760556690000000114e-18 9.925058930000000449e-18 1.014011930000000012e-17 1.040940050000000000e-17 1.073692589999999946e-17 1.112708220000000027e-17 1.158461900000000071e-17 1.211465560000000052e-17 1.272267389999999929e-17 1.341452530000000036e-17 1.419642269999999929e-17 1.507494150000000034e-17 1.605701000000000143e-17 1.714991579999999900e-17 1.836128209999999947e-17 1.969907629999999929e-17 2.117159350000000151e-17 2.278744610000000047e-17 2.455555960000000144e-17 2.648515690000000041e-17 2.858574069999999759e-17 3.086709820000000298e-17 3.333926640000000231e-17 3.601252890000000238e-17 3.889740070000000209e-17 4.200461200000000250e-17 4.534509489999999966e-17 4.892995669999999898e-17 5.277047689999999977e-17 5.687807710000000484e-17 6.126432470000000037e-17
2.039747319999999903e-16 4.910521580000000275e-16 7.346216699999999889e-16 8.518089429999999840e-16 8.658480900000000068e-16 8.205291799999999932e-16 7.485456739999999754e-16 6.689787339999999873e-16 5.915473229999999673e-16 5.205615679999999960e-16 4.574720659999999599e-16 4.023211419999999795e-16 3.545203729999999822e-16 3.132493799999999755e-16 2.776516560000000029e-16 2.469235770000000137e-16 2.203492419999999995e-16 1.973083440000000028e-16 1.772718730000000120e-16 1.597924740000000073e-16 1.444935510000000036e-16 1.310586290000000089e-16 1.192217530000000074e-16 1.087591889999999944e-16 9.948233219999999703e-17 9.123183429999999403e-17 8.387267969999999981e-17 7.729014839999999808e-17 7.138646110000000549e-17 6.607801959999999705e-17 6.129313049999999449e-17 5.697010590000000292e-17 5.305573509999999908e-17 4.950395719999999969e-17 4.627479300000000158e-17 4.333345450000000275e-17 4.064957769999999849e-17 3.819659999999999904e-17 3.595121500000000057e-17 3.389294799999999750e-17 3.200374689999999995e-17 3.026768669999999698e-17 2.867067560000000034e-17 2.720023470000000123e-17 2.584529630000000078e-17 2.459603349999999899e-17 2.344371800000000152e-17 2.238060230000000118e-17 2.139980100000000023e-17 2.049522280000000042e-17 1.966147599999999912e-17 1.889382430000000065e-17 1.818811839999999857e-17 1.754076689999999866e-17 1.694869420000000048e-17 1.640931290000000037e-17 1.592051029999999881e-17 1.548062229999999886e-17 1.508842780000000145e-17 1.474314610000000083e-17 1.444442469999999884e-17 1.419234469999999949e-17 1.398742400000000061e-17 1.383061780000000059e-17 1.372332590000000076e-17 1.366740099999999968e-17 1.366515519999999997e-17 1.371936949999999984e-17 1.383330200000000075e-17 1.401069419999999962e-17 1.425578619999999924e-17 1.457331099999999858e-17 1.496851480000000122e-17 1.544715619999999971e-17 1.601550869999999978e-17 1.668036999999999870e-17 1.744905740000000016e-17 1.832941580000000108e-17 1.932980469999999957e-17 2.045910970000000082e-17 2.172672760000000019e-17 2.314256639999999863e-17 2.471703350000000011e-17 2.646102969999999916e-17 2.838594019999999910e-17 3.050361189999999988e-17 3.282635819999999944e-17 3.536693100000000119e-17 3.813850549999999741e-17 4.115466080000000307e-17 4.442937949999999871e-17 4.797700159999999715e-17 5.181222119999999750e-17 5.595005990000000153e-17 6.040585020000000362e-17 6.519520610000000168e-17 7.033400280000000109e-17 7.583834719999999904e-17 8.172456440000000420e-17 8.800917169999999707e-17
2.893903419999999826e-16 6.961234929999999817e-16 1.041334049999999963e-15 1.207430109999999959e-15 1.227324589999999955e-15 1.163083489999999922e-15 1.061047260000000054e-15 9.482623839999999950e-16 8.385048610000000492e-16 7.378840700000000279e-16 6.484561310000000160e-16 5.702810780000000323e-16 5.025246889999999535e-16 4.440241739999999831e-16 3.935654419999999761e-16 3.500093659999999778e-16 3.123411489999999834e-16 2.796815710000000236e-16 2.512807409999999975e-16 2.265045510000000212e-16 2.048191970000000047e-16 1.857760970000000109e-16 1.689982669999999915e-16 1.541685729999999942e-16 1.410196700000000070e-16 1.293257179999999902e-16 1.188953280000000073e-16 1.095659019999999993e-16 1.011988440000000012e-16 9.367566329999999610e-17 8.689474099999999725e-17 8.076866119999999747e-17 7.522199830000000609e-17 7.018947119999999576e-17 6.561442789999999479e-17 6.144756179999999881e-17 5.764584629999999448e-17 5.417163479999999819e-17 5.099192270000000044e-17 4.807768269999999892e-17 4.540335159999999698e-17 4.294636039999999783e-17 4.068675450000000281e-17 3.860686180000000294e-17 3.669100560000000148e-17 3.492527609999999838e-17 3.329732179999999999e-17 3.179617089999999868e-17 3.041208930000000212e-17 2.913646100000000109e-17 2.796166599999999932e-17 2.688101239999999936e-17 2.588864390000000073e-17 2.497949630000000035e-17 2.414923519999999850e-17 2.339422779999999927e-17 2.271150759999999874e-17 2.209875039999999972e-17 2.155426540000000118e-17 2.107698220000000000e-17 2.066644750000000036e-17 2.032282009999999933e-17 2.004688429999999904e-17 1.984004779999999959e-17 1.970435369999999935e-17 1.964248889999999885e-17 1.965779670000000050e-17 1.975429060000000093e-17 1.993666579999999998e-17 2.021030699999999912e-17 2.058130749999999867e-17 2.105647140000000080e-17 2.164333290000000142e-17 2.235015549999999929e-17 2.318594209999999919e-17 2.416044349999999929e-17 2.528415519999999954e-17 2.656831830000000076e-17 2.802492219999999879e-17 2.966669700000000246e-17 3.150711099999999702e-17 3.356035859999999734e-17 3.584135210000000171e-17 3.836570879999999856e-17 4.114972750000000035e-17 4.421039170000000124e-17 4.756532709999999713e-17 5.123279439999999901e-17 5.523166680000000004e-17 5.958139600000000140e-17 6.430199000000000369e-17 6.941399270000000275e-17 7.493844739999999744e-17 8.089686099999999878e-17 8.731118339999999723e-17 9.420377509999999510e-17 1.015973599999999963e-16 1.095150140000000055e-16 1.179801090000000062e-16 1.270162960000000123e-16
4.106450670000000175e-16 9.868550049999999391e-16 1.476109599999999913e-15 1.711523030000000097e-15 1.739713449999999993e-15 1.648648729999999911e-15 1.504012560000000090e-15 1.344141439999999924e-15 1.188562139999999940e-15 1.045934280000000036e-15 9.191722019999999436e-16 8.083609700000000076e-16 7.123180740000000373e-16 6.293952429999999609e-16 5.578715690000000242e-16 4.961322910000000388e-16 4.427390389999999776e-16 3.964454860000000071e-16 3.561887359999999767e-16 3.210699559999999871e-16 2.903325070000000084e-16 2.633405050000000131e-16 2.395596580000000139e-16 2.185403900000000011e-16 1.999038119999999981e-16 1.833297729999999897e-16 1.685470230000000010e-16 1.553250899999999982e-16 1.434675420000000059e-16 1.328064410000000023e-16 1.231977530000000054e-16 1.145175969999999891e-16 1.066590699999999989e-16 9.952966679999999652e-17 9.304909709999999774e-17 8.714750089999999549e-17 8.176391170000000354e-17 7.684499949999999695e-17 7.234398550000000285e-17 6.821976230000000403e-17 6.443611899999999408e-17 6.096110019999999918e-17 5.776643599999999577e-17 5.482711919999999928e-17 5.212095810000000265e-17 4.962826919999999863e-17 4.733157569999999827e-17 4.521536649999999918e-17 4.326588380000000107e-17 4.147094820000000222e-17 3.981980960000000094e-17 3.830301850000000124e-17 3.691233259999999959e-17 3.564061860000000109e-17 3.448178809999999947e-17 3.343075259999999751e-17 3.248336939999999757e-17 3.163640929999999901e-17 3.088754939999999923e-17 3.023535059999999775e-17 2.967925359999999815e-17 2.921957279999999976e-17 2.885751580000000286e-17 2.859518050000000124e-17 2.843557099999999711e-17 2.838261819999999692e-17 2.844118590000000112e-17 2.861710410000000159e-17 2.891716220000000291e-17 2.934915229999999944e-17 2.992187229999999896e-17 3.064514579999999864e-17 3.152983199999999975e-17 3.258783900000000257e-17 3.383213370000000261e-17 3.527675169999999922e-17 3.693679730000000171e-17 3.882844360000000054e-17 4.096893559999999702e-17 4.337658040000000292e-17 4.607073740000000300e-17 4.907181160000000281e-17 5.240123010000000088e-17 5.608143599999999896e-17 6.013585850000000316e-17 6.458888270000000085e-17 6.946584040000000272e-17 7.479295630000000215e-17 8.059734219999999750e-17 8.690693029999999522e-17 9.375046689999999767e-17 1.011574389999999986e-16 1.091580760000000041e-16 1.177832670000000063e-16 1.270645239999999919e-16 1.370339560000000028e-16 1.477242139999999979e-16 1.591683959999999939e-16 1.714000809999999898e-16 1.844532169999999972e-16
5.828105479999999585e-16 1.399037120000000075e-15 2.092422950000000049e-15 2.426076639999999985e-15 2.466019960000000190e-15 2.336930439999999814e-15 2.131908239999999888e-15 1.905292830000000124e-15 1.684761660000000083e-15 1.482589509999999987e-15 1.302907140000000026e-15 1.145834940000000022e-15 1.009696730000000015e-15 8.921560859999999215e-16 7.907736540000000412e-16 7.032605920000000442e-16 6.275779870000000407e-16 5.619592970000000323e-16 5.048978109999999998e-16 4.551195380000000317e-16 4.115519210000000208e-16 3.732937200000000179e-16 3.395875519999999990e-16 3.097962120000000067e-16 2.833826280000000118e-16 2.598930550000000107e-16 2.389430180000000024e-16 2.202058950000000072e-16 2.034032359999999911e-16 1.882970389999999937e-16 1.746831940000000072e-16 1.623861420000000063e-16 1.512543689999999997e-16 1.411568099999999927e-16 1.319796979999999921e-16 1.236240479999999961e-16 1.160035049999999966e-16 1.090424890000000058e-16 1.026747730000000009e-16 9.684213710000000109e-17 9.149330269999999717e-17 8.658302630000000462e-17 8.207131189999999397e-17 7.792275630000000224e-17 7.410597290000000348e-17 7.059312869999999457e-17 6.735952749999999781e-17 6.438324560000000475e-17 6.164486089999999481e-17 5.912720109999999450e-17 5.681509890000000216e-17 5.469526329999999974e-17 5.275610050000000287e-17 5.098760159999999868e-17 4.938124990000000174e-17 4.792994500000000061e-17 4.662793289999999712e-17 4.547078330000000027e-17 4.445533310000000074e-17 4.357969620000000209e-17 4.284324409999999914e-17 4.224659209999999798e-17 4.179164279999999699e-17 4.148156589999999890e-17 4.132083799999999965e-17 4.131525289999999867e-17 4.147195399999999715e-17 4.179945139999999949e-17 4.230765790000000182e-17 4.300790599999999762e-17 4.391298049999999842e-17 4.503712890000000288e-17 4.639609730000000191e-17 4.800713079999999878e-17 4.988900310000000212e-17 5.206200659999999878e-17 5.454798869999999768e-17 5.737031580000000417e-17 6.055390230000000128e-17 6.412518509999999991e-17 6.811212289999999434e-17 7.254414999999999620e-17 7.745220959999999492e-17 8.286867429999999423e-17 8.882733930000000258e-17 9.536338300000000270e-17 1.025133339999999971e-16 1.103150099999999971e-16 1.188075010000000031e-16 1.280310810000000043e-16 1.380271820000000011e-16 1.488383399999999968e-16 1.605080849999999937e-16 1.730809649999999931e-16 1.866023909999999984e-16 2.011186430000000098e-16 2.166767589999999994e-16 2.333244630000000079e-16 2.511101429999999861e-16 2.700827019999999894e-16
8.273014739999999643e-16 1.983415740000000168e-15 2.966078780000000091e-15 3.438961599999999883e-15 3.495554410000000165e-15 3.312560990000000148e-15 3.021940599999999847e-15 2.700715209999999908e-15 2.388115589999999849e-15 2.101540620000000112e-15 1.846844800000000171e-15 1.624199020000000023e-15 1.431226909999999952e-15 1.264616909999999992e-15 1.120911099999999906e-15 9.968652409999999548e-16 8.895890469999999402e-16 7.965786359999999879e-16 7.156983180000000404e-16 6.451422740000000315e-16 5.833902900000000460e-16 5.291648279999999827e-16 4.813923289999999739e-16 4.391697749999999863e-16 4.017358680000000105e-16 3.684474470000000076e-16 3.387596570000000089e-16 3.122095149999999876e-16 2.884024370000000074e-16 2.670011699999999864e-16 2.477164000000000172e-16 2.302993909999999963e-16 2.145354589999999906e-16 2.002388800000000051e-16 1.872485179999999914e-16 1.754241370000000082e-16 1.646434059999999972e-16 1.547993339999999976e-16 1.457981270000000045e-16 1.375573430000000059e-16 1.300044429999999912e-16 1.230753829999999982e-16 1.167136089999999983e-16 1.108690420000000049e-16 1.054973449999999983e-16 1.005591820000000029e-16 9.601969460000000301e-17 9.184795810000000088e-17 8.801658980000000455e-17 8.450141629999999740e-17 8.128110960000000079e-17 7.833701489999999998e-17 7.565288670000000104e-17 7.321473540000000375e-17 7.101072260000000170e-17 6.903099479999999891e-17 6.726765090000000339e-17 6.571466889999999986e-17 6.436784680000000284e-17 6.322480899999999679e-17 6.228497300000000031e-17 6.154956969999999441e-17 6.102164320000000495e-17 6.070607710000000018e-17 6.060963440000000496e-17 6.074096429999999937e-17 6.111066109999999735e-17 6.173128470000000362e-17 6.261742680000000072e-17 6.378571019999999697e-17 6.525484919999999887e-17 6.704566870000000220e-17 6.918115130000000029e-17 7.168644309999999881e-17 7.458888749999999830e-17 7.791803140000000440e-17 8.170564509999999765e-17 8.598570260000000458e-17 9.079440130000000198e-17 9.617013560000000494e-17 1.021534839999999997e-16 1.087871940000000060e-16 1.161161340000000122e-16 1.241872590000000079e-16 1.330495799999999893e-16 1.427540890000000106e-16 1.533537529999999919e-16 1.649033649999999881e-16 1.774595569999999992e-16 1.910807070000000017e-16 2.058268089999999965e-16 2.217594590000000070e-16 2.389417479999999845e-16 2.574381410000000076e-16 2.773144310000000244e-16 2.986376119999999835e-16 3.214757640000000030e-16 3.458980009999999951e-16 3.719743859999999771e-16 3.997756749999999996e-16
1.174531249999999949e-15 2.811938260000000011e-15 4.204534749999999645e-15 4.874736439999999858e-15 4.954914889999999795e-15 4.695506810000000230e-15 4.283548950000000147e-15 3.828214109999999988e-15 3.385108730000000127e-15 2.978893959999999854e-15 2.617868609999999932e-15 2.302274089999999891e-15 2.028742159999999914e-15 1.792578369999999930e-15 1.588881550000000012e-15 1.413052970000000013e-15 1.260995839999999940e-15 1.129160880000000030e-15 1.014521009999999982e-15 9.145164860000000787e-16 8.269925710000000043e-16 7.501385190000000471e-16 6.824327400000000270e-16 6.225951570000000236e-16 5.695469119999999599e-16 5.223764420000000097e-16 4.803115150000000319e-16 4.426959989999999859e-16 4.089707740000000059e-16 3.786578470000000069e-16 3.513473869999999970e-16 3.266868700000000108e-16 3.043721839999999851e-16 2.841402989999999938e-16 2.657629129999999818e-16 2.490414510000000049e-16 2.338027190000000062e-16 2.198952319999999943e-16 2.071862569999999937e-16 1.955591820000000059e-16 1.849113550000000086e-16 1.751522650000000076e-16 1.662019589999999912e-16 1.579897369999999926e-16 1.504529960000000071e-16 1.435362440000000021e-16 1.371903530000000121e-16 1.313718059999999932e-16 1.260421020000000041e-16 1.211672690000000083e-16 1.167174610000000098e-16 1.126665789999999944e-16 1.089919840000000022e-16 1.056742749999999939e-16 1.026970669999999979e-16 1.000468729999999996e-16 9.771299290000000068e-17 9.568737979999999483e-17 9.396465370000000164e-17 9.254202880000000150e-17 9.141930649999999617e-17 9.059890210000000043e-17 9.008583840000000337e-17 8.988781130000000532e-17 9.001519720000000230e-17 9.048112479999999619e-17 9.130152259999999853e-17 9.249517069999999511e-17 9.408376110000000257e-17 9.609195709999999666e-17 9.854742620000000041e-17 1.014809060000000038e-16 1.049262460000000040e-16 1.089204299999999994e-16 1.135036329999999921e-16 1.187192109999999984e-16 1.246137400000000094e-16 1.312369820000000046e-16 1.386419289999999984e-16 1.468847639999999927e-16 1.560248060000000114e-16 1.661245219999999900e-16 1.772494789999999960e-16 1.894682340000000026e-16 2.028523340000000114e-16 2.174762119999999925e-16 2.334170810000000073e-16 2.507549190000000137e-16 2.695723119999999784e-16 2.899542799999999769e-16 3.119883600000000164e-16 3.357642570000000194e-16 3.613739279999999860e-16 3.889112600000000125e-16 4.184721279999999954e-16 4.501540189999999745e-16 4.840561950000000152e-16 5.202791879999999545e-16 5.589250129999999636e-16 6.000967440000000034e-16
1.667660909999999999e-15 3.986603339999999926e-15 5.960118109999999851e-15 6.909963490000000133e-15 7.023553579999999661e-15 6.655818880000000348e-15 6.071863360000000205e-15 5.426428059999999662e-15 4.798332380000000373e-15 4.222530820000000251e-15 3.710785699999999685e-15 3.263439430000000136e-15 2.875717510000000169e-15 2.540965220000000023e-15 2.252235410000000126e-15 2.003009519999999871e-15 1.787480709999999880e-15 1.600618149999999903e-15 1.438130870000000002e-15 1.296390909999999983e-15 1.172344100000000085e-15 1.063423919999999917e-15 9.674738329999999812e-16 8.826794820000000119e-16 8.075118190000000283e-16 7.406790670000000472e-16 6.810868049999999733e-16 6.278053089999999764e-16 5.800422330000000066e-16 5.371204270000000011e-16 4.984591959999999850e-16 4.635592150000000259e-16 4.319897149999999968e-16 4.033781860000000103e-16 3.774014059999999925e-16 3.537782920000000037e-16 3.322636820000000167e-16 3.126432749999999901e-16 2.947293490000000076e-16 2.783570230000000045e-16 2.633812690000000005e-16 2.496742640000000234e-16 2.371231409999999921e-16 2.256281900000000104e-16 2.151012110000000084e-16 2.054641070000000048e-16 1.966478180000000088e-16 1.885912369999999881e-16 1.812404600000000036e-16 1.745479739999999963e-16 1.684721929999999889e-16 1.629768289999999967e-16 1.580306060000000104e-16 1.536067910000000012e-16 1.496830829999999957e-16 1.462412840000000063e-16 1.432671529999999889e-16 1.407503800000000000e-16 1.386843999999999891e-16 1.370664609999999930e-16 1.358975430000000080e-16 1.351823559999999994e-16 1.349294629999999887e-16 1.351512539999999883e-16 1.358640449999999894e-16 1.370881139999999994e-16 1.388478380000000077e-16 1.411717520000000044e-16 1.440925730000000056e-16 1.476473849999999956e-16 1.518776530000000033e-16 1.568292879999999915e-16 1.625527300000000002e-16 1.691030080000000122e-16 1.765397720000000116e-16 1.849273040000000016e-16 1.943345969999999951e-16 2.048352779999999888e-16 2.165076559999999899e-16 2.294347030000000138e-16 2.437039520000000141e-16 2.594075719999999922e-16 2.766420989999999916e-16 2.955085930000000104e-16 3.161123519999999839e-16 3.385629069999999825e-16 3.629738669999999934e-16 3.894627579999999786e-16 4.181509700000000232e-16 4.491635200000000423e-16 4.826288379999999875e-16 5.186788249999999938e-16 5.574483169999999639e-16 5.990752219999999768e-16 6.437000939999999509e-16 6.914660820000000276e-16 7.425186640000000077e-16 7.970053290000000401e-16 8.550755779999999508e-16 9.168805549999999209e-16
2.367876160000000032e-15 5.651995900000000283e-15 8.448752160000000277e-15 9.794922140000000617e-15 9.955843999999999750e-15 9.434546039999999372e-15 8.606779699999999858e-15 7.691877389999999548e-15 6.801560639999999910e-15 5.985372819999999955e-15 5.259987360000000184e-15 4.625888330000000217e-15 4.076307939999999746e-15 3.601813210000000258e-15 3.192557180000000067e-15 2.839299539999999894e-15 2.533809910000000064e-15 2.268957109999999824e-15 2.038659649999999943e-15 1.837774990000000169e-15 1.661974250000000088e-15 1.507619860000000057e-15 1.371655399999999928e-15 1.251509709999999951e-15 1.145015640000000012e-15 1.050342669999999938e-15 9.659399619999999216e-16 8.904903960000000472e-16 8.228712270000000137e-16 7.621231880000000244e-16 7.074238649999999603e-16 6.580660380000000450e-16 6.134399480000000338e-16 5.730180540000000256e-16 5.363430620000000347e-16 5.030172390000000210e-16 4.726938830000000457e-16 4.450700740000000184e-16 4.198805049999999891e-16 3.968924019999999780e-16 3.759010719999999987e-16 3.567262580000000234e-16 3.392090079999999851e-16 3.232090319999999969e-16 3.086023460000000168e-16 2.952793910000000188e-16 2.831434470000000123e-16 2.721091230000000179e-16 2.621012959999999926e-16 2.530540050000000086e-16 2.449096770000000185e-16 2.376183910000000172e-16 2.311373709999999950e-16 2.254304600000000126e-16 2.204677209999999972e-16 2.162252369999999999e-16 2.126848509999999961e-16 2.098339899999999963e-16 2.076656119999999964e-16 2.061781290000000012e-16 2.053754329999999904e-16 2.052668809999999952e-16 2.058674010000000000e-16 2.071975470000000072e-16 2.092836039999999928e-16 2.121576660000000013e-16 2.158578099999999960e-16 2.204282149999999905e-16 2.259192250000000221e-16 2.323875389999999949e-16 2.398962740000000232e-16 2.485150990000000179e-16 2.583203530000000201e-16 2.693950169999999992e-16 2.818289310000000014e-16 2.957187099999999868e-16 3.111678229999999933e-16 3.282865979999999872e-16 3.471921879999999880e-16 3.680085780000000079e-16 3.908664770000000121e-16 4.159032889999999931e-16 4.432629560000000086e-16 4.730958529999999539e-16 5.055587079999999713e-16 5.408143369999999547e-16 5.790316170000000084e-16 6.203850360000000351e-16 6.650548540000000226e-16 7.132264110000000300e-16 7.650903450000000106e-16 8.208418939999999770e-16 8.806810659999999703e-16 9.448119950000000977e-16 1.013442730000000057e-15 1.086785199999999932e-15 1.165054540000000039e-15 1.248468859999999960e-15 1.337249239999999926e-15 1.431618979999999966e-15
3.361800499999999830e-15 8.013039250000000669e-15 1.197650040000000038e-14 1.388437770000000062e-14 1.411236000000000041e-14 1.337337209999999944e-14 1.220000019999999941e-14 1.090313090000000076e-14 9.641118739999999401e-15 8.484190320000000253e-15 7.455977030000000651e-15 6.557164950000000132e-15 5.778160609999999891e-15 5.105594430000000189e-15 4.525506450000000293e-15 4.024801140000000035e-15 3.591811869999999942e-15 3.216431009999999902e-15 2.890038720000000152e-15 2.605346289999999902e-15 2.356218650000000101e-15 2.137500350000000059e-15 1.944859639999999880e-15 1.774652820000000039e-15 1.623809379999999966e-15 1.489735079999999925e-15 1.370233229999999992e-15 1.263437309999999968e-15 1.167757629999999901e-15 1.081835239999999914e-15 1.004505799999999994e-15 9.347681960000000506e-16 8.717592150000000324e-16 8.147328279999999718e-16 7.630421130000000436e-16 7.161248520000000423e-16 6.734911960000000256e-16 6.347134980000000341e-16 5.994173709999999859e-16 5.672746410000000183e-16 5.379970529999999642e-16 5.113310260000000008e-16 4.870532620000000399e-16 4.649670370000000208e-16 4.448988150000000077e-16 4.266955739999999996e-16 4.102225829999999767e-16 3.953613899999999756e-16 3.820081009999999860e-16 3.700719500000000101e-16 3.594742709999999919e-16 3.501473800000000083e-16 3.420338359999999782e-16 3.350857570000000025e-16 3.292643380000000175e-16 3.245395090000000135e-16 3.208894590000000026e-16 3.183006879999999996e-16 3.167676640000000242e-16 3.162929550000000183e-16 3.168870690000000228e-16 3.185686939999999863e-16 3.213645649999999765e-16 3.253098329999999953e-16 3.304480670000000181e-16 3.368314659999999950e-16 3.445210160000000096e-16 3.535867570000000245e-16 3.641078589999999852e-16 3.761728640000000137e-16 3.898798689999999908e-16 4.053366320000000005e-16 4.226607589999999905e-16 4.419797010000000098e-16 4.634310479999999876e-16 4.871624230000000290e-16 5.133315589999999965e-16 5.421062740000000075e-16 5.736645510000000259e-16 6.081943259999999590e-16 6.458936449999999645e-16 6.869701899999999643e-16 7.316414369999999706e-16 7.801342850000000347e-16 8.326848440000000485e-16 8.895384369999999802e-16 9.509489609999999115e-16 1.017178890000000095e-15 1.088498640000000084e-15 1.165186780000000094e-15 1.247528869999999986e-15 1.335817649999999911e-15 1.430352669999999973e-15 1.531439380000000005e-15 1.639389179999999952e-15 1.754518640000000009e-15 1.877149309999999871e-15 2.007607210000000006e-15 2.146221610000000100e-15 2.293326250000000018e-15
4.771892249999999911e-15 1.136013140000000001e-14 1.697718299999999975e-14 1.968120359999999896e-14 2.000421109999999911e-14 1.895663459999999892e-14 1.729336350000000158e-14 1.545505970000000077e-14 1.366617700000000048e-14 1.202625930000000003e-14 1.056880190000000053e-14 9.294776290000000608e-15 8.190583290000000061e-15 7.237273969999999443e-15 6.415060349999999697e-15 5.705381000000000244e-15 5.091699700000000335e-15 4.559690159999999719e-15 4.097135640000000146e-15 3.693705699999999810e-15 3.340705569999999816e-15 3.030828940000000177e-15 2.757938009999999967e-15 2.516869249999999951e-15 2.303272110000000067e-15 2.113471720000000090e-15 1.944356300000000178e-15 1.793282249999999815e-15 1.657998489999999998e-15 1.536581509999999938e-15 1.427383179999999954e-15 1.328987070000000060e-15 1.240172489999999941e-15 1.159884779999999953e-15 1.087209989999999972e-15 1.021354229999999949e-15 9.616265520000000770e-16 9.074240669999999592e-16 8.582195530000000119e-16 8.135515880000000457e-16 7.730153969999999673e-16 7.362554899999999804e-16 7.029595249999999750e-16 6.728529040000000272e-16 6.456941689999999655e-16 6.212711910000000378e-16 5.993978890000000028e-16 5.799115250000000116e-16 5.626701699999999991e-16 5.475510019999999507e-16 5.344484079999999879e-16 5.232727079999999866e-16 5.139491519999999942e-16 5.064168590000000066e-16 5.006281830000000035e-16 4.965482899999999653e-16 4.941545219999999678e-16 4.934363959999999658e-16 4.943952909999999871e-16 4.970445449999999574e-16 5.014094120000000434e-16 5.075271069999999543e-16 5.154470769999999977e-16 5.252312600000000267e-16 5.369540909999999520e-16 5.507030229999999634e-16 5.665786439999999568e-16 5.846949850000000304e-16 6.051798950000000235e-16 6.281751449999999705e-16 6.538367489999999646e-16 6.823353319999999531e-16 7.138560219999999940e-16 7.485988780000000403e-16 7.867789409999999512e-16 8.286261269999999645e-16 8.743856530000000479e-16 9.243176100000000356e-16 9.786971250000000323e-16 1.037814310000000009e-15 1.101973979999999912e-15 1.171495590000000010e-15 1.246712749999999996e-15 1.327973279999999963e-15 1.415638439999999950e-15 1.510083029999999924e-15 1.611694479999999947e-15 1.720872899999999967e-15 1.838030159999999982e-15 1.963589450000000122e-15 2.097984780000000149e-15 2.241660620000000109e-15 2.395070789999999942e-15 2.558677949999999971e-15 2.732953500000000125e-15 2.918375789999999874e-15 3.115430590000000111e-15 3.324609609999999873e-15 3.546410269999999926e-15 3.781334220000000279e-15
6.771020020000000121e-15 1.610473399999999858e-14 2.406568499999999930e-14 2.789820410000000124e-14 2.835588990000000017e-14 2.687088189999999898e-14 2.451318259999999922e-14 2.190740099999999920e-14 1.937169600000000112e-14 1.704715980000000073e-14 1.498127350000000072e-14 1.317541369999999938e-14 1.161030520000000078e-14 1.025908770000000044e-14 9.093716920000000339e-15 8.087881389999999740e-15 7.218144569999999357e-15 6.464203929999999689e-15 5.808742740000000095e-15 5.237121279999999956e-15 4.737018630000000058e-15 4.298081069999999629e-15 3.911612130000000083e-15 3.570296390000000309e-15 3.267970849999999975e-15 2.999430700000000179e-15 2.760268829999999998e-15 2.546743469999999812e-15 2.355667659999999905e-15 2.184320089999999947e-15 2.030369949999999907e-15 1.891814629999999826e-15 1.766929679999999958e-15 1.654225910000000008e-15 1.552414029999999980e-15 1.460375119999999969e-15 1.377136339999999998e-15 1.301849940000000053e-15 1.233776229999999992e-15 1.172268289999999929e-15 1.116760319999999969e-15 1.066756680000000009e-15 1.021823169999999929e-15 9.815792600000000023e-16 9.456921690000000728e-16 9.138709409999999464e-16 8.858619429999999676e-16 8.614452129999999603e-16 8.404308020000000245e-16 8.226562919999999581e-16 8.079844640000000311e-16 7.963011790000000067e-16 7.875142180000000405e-16 7.815517419999999714e-16 7.783614979999999773e-16 7.779101350000000280e-16 7.801826189999999904e-16 7.851820189999999824e-16 7.929291939999999760e-16 8.034630020000000354e-16 8.168403519999999529e-16 8.331361540000000467e-16 8.524439530000000409e-16 8.748760319999999936e-16 9.005638410000000028e-16 9.296584700000000819e-16 9.623308600000000424e-16 9.987725470000000311e-16 1.039195819999999968e-15 1.083834029999999967e-15 1.132942459999999977e-15 1.186797870000000065e-15 1.245699490000000001e-15 1.309968639999999914e-15 1.379949339999999991e-15 1.456008240000000087e-15 1.538534339999999983e-15 1.627939730000000031e-15 1.724658290000000016e-15 1.829146689999999957e-15 1.941883380000000093e-15 2.063368450000000121e-15 2.194123230000000054e-15 2.334689830000000108e-15 2.485630679999999998e-15 2.647527469999999913e-15 2.820980970000000159e-15 3.006610150000000130e-15 3.205051330000000042e-15 3.416957379999999891e-15 3.642996800000000016e-15 3.883852319999999771e-15 4.140221659999999754e-15 4.412813800000000116e-15 4.702349990000000376e-15 5.009562489999999646e-15 5.335192870000000098e-15 5.679990760000000085e-15 6.044713409999999745e-15 6.430125260000000284e-15
9.602911629999999389e-15 2.282976899999999959e-14 3.411350659999999906e-14 3.954574909999999791e-14 4.019436289999999733e-14 3.808930639999999716e-14 3.474726339999999753e-14 3.105360339999999896e-14 2.745930379999999963e-14 2.416435919999999902e-14 2.123607140000000011e-14 1.867639550000000113e-14 1.645801280000000125e-14 1.454285100000000144e-14 1.289115960000000028e-14 1.146565229999999924e-14 1.023311009999999953e-14 9.164758420000000529e-15 8.236057949999999545e-15 7.426264800000000023e-15 6.717918249999999636e-15 6.096350649999999637e-15 5.549240220000000178e-15 5.066226450000000134e-15 4.638581120000000321e-15 4.258935019999999850e-15 3.921049340000000202e-15 3.619629710000000061e-15 3.350168410000000054e-15 3.108818440000000180e-15 2.892285899999999858e-15 2.697743610000000071e-15 2.522758879999999803e-15 2.365232569999999910e-15 2.223349680000000184e-15 2.095537279999999827e-15 1.980430370000000049e-15 1.876841630000000046e-15 1.783736829999999851e-15 1.700214929999999972e-15 1.625489999999999913e-15 1.558876470000000044e-15 1.499776439999999937e-15 1.447668990000000097e-15 1.402101789999999919e-15 1.362682470000000036e-15 1.329072939999999983e-15 1.300983420000000065e-15 1.278168159999999957e-15 1.260421450000000013e-15 1.247574500000000054e-15 1.239492750000000049e-15 1.236074020000000052e-15 1.237246729999999936e-15 1.242968440000000045e-15 1.253225480000000078e-15 1.268031719999999905e-15 1.287428669999999941e-15 1.311485150000000023e-15 1.340297609999999944e-15 1.373989719999999920e-15 1.412713629999999971e-15 1.456649649999999978e-15 1.506007109999999920e-15 1.561024969999999965e-15 1.621972379999999972e-15 1.689149080000000013e-15 1.762886469999999981e-15 1.843547940000000124e-15 1.931529039999999829e-15 2.027258589999999988e-15 2.131199060000000169e-15 2.243846389999999828e-15 2.365730199999999852e-15 2.497415019999999972e-15 2.639499080000000161e-15 2.792614900000000136e-15 2.957428659999999863e-15 3.134640869999999835e-15 3.324984640000000194e-15 3.529226299999999837e-15 3.748163989999999823e-15 3.982627790000000192e-15 4.233477449999999981e-15 4.501603609999999765e-15 4.787924459999999894e-15 5.093386139999999629e-15 5.418961469999999737e-15 5.765646969999999876e-15 6.134464169999999932e-15 6.526455769999999926e-15 6.942686069999999932e-15 7.384237569999999904e-15 7.852210570000000537e-15 8.347722300000000265e-15 8.871902710000000753e-15 9.425894449999999804e-15 1.001085289999999924e-14 1.062794009999999968e-14 1.127832750000000005e-14
1.361089030000000052e-14 3.236101229999999805e-14 4.835585399999999715e-14 5.605601029999999867e-14 5.697535950000000615e-14 5.399142500000000109e-14 4.925411209999999959e-14 4.401842190000000151e-14 3.892361019999999979e-14 3.425318229999999740e-14 3.010253110000000106e-14 2.647443489999999966e-14 2.333017739999999966e-14 2.061579770000000065e-14 1.827496449999999983e-14 1.625482649999999896e-14 1.450830900000000104e-14 1.299463480000000022e-14 1.167903430000000078e-14 1.053211100000000048e-14 9.529130820000000139e-15 8.649314310000000135e-15 7.875212590000000745e-15 7.192152519999999475e-15 6.587779689999999988e-15 6.051665010000000092e-15 5.574983659999999855e-15 5.150248729999999854e-15 4.771091799999999664e-15 4.432079140000000182e-15 4.128564370000000177e-15 3.856562180000000096e-15 3.612648039999999606e-15 3.393871500000000188e-15 3.197685540000000113e-15 3.021888079999999836e-15 2.864571620000000027e-15 2.724082950000000141e-15 2.598987400000000127e-15 2.488039430000000197e-15 2.390158630000000021e-15 2.304408399999999803e-15 2.229977919999999979e-15 2.166167329999999942e-15 2.112375659999999816e-15 2.068088959999999838e-15 2.032872299999999820e-15 2.006361439999999865e-15 1.988256739999999885e-15 1.978318080000000117e-15 1.976360379999999963e-15 1.982249579999999893e-15 1.995900789999999809e-15 2.017275239999999984e-15 2.046379510000000023e-15 2.083263769999999966e-15 2.128021199999999996e-15 2.180787750000000092e-15 2.241742359999999986e-15 2.311106739999999994e-15 2.389145580000000185e-15 2.476168260000000079e-15 2.572528209999999942e-15 2.678624380000000127e-15 2.794902520000000056e-15 2.921855190000000188e-15 3.060022989999999830e-15 3.209995680000000085e-15 3.372412759999999806e-15 3.547963519999999928e-15 3.737389309999999901e-15 3.941481470000000034e-15 4.161084510000000136e-15 4.397093719999999946e-15 4.650456939999999997e-15 4.922174100000000119e-15 5.213296360000000388e-15 5.524925289999999691e-15 5.858213270000000388e-15 6.214362669999999785e-15 6.594623290000000058e-15 7.000293630000000138e-15 7.432716649999999627e-15 7.893280649999999433e-15 8.383416269999999939e-15 8.904595639999999579e-15 9.458329879999999237e-15 1.004616649999999955e-14 1.066968859999999949e-14 1.133051239999999995e-14 1.203028189999999997e-14 1.277067169999999940e-14 1.355338010000000014e-14 1.438012750000000008e-14 1.525265779999999924e-14 1.617272700000000015e-14 1.714210879999999903e-14 1.816259209999999880e-14 1.923596919999999863e-14 2.036404259999999901e-14
1.927833099999999846e-14 4.586821310000000093e-14 6.854342400000000581e-14 7.945904949999999423e-14 8.076240959999999652e-14 7.653276070000000144e-14 6.981771389999999759e-14 6.239626869999999759e-14 5.517458780000000067e-14 4.855453740000000236e-14 4.267135830000000113e-14 3.752900089999999888e-14 3.307259790000000061e-14 2.922567920000000057e-14 2.590840849999999955e-14 2.304589119999999846e-14 2.057141990000000091e-14 1.842721699999999944e-14 1.656401560000000050e-14 1.494017720000000024e-14 1.352066430000000069e-14 1.227605190000000002e-14 1.118163530000000005e-14 1.021664800000000043e-14 9.363609570000000783e-15 8.607773269999999257e-15 7.936665679999999639e-15 7.339714129999999556e-15 6.807930750000000031e-15 6.333656680000000258e-15 5.910349840000000310e-15 5.532408819999999721e-15 5.195027130000000053e-15 4.894074630000000218e-15 4.625994210000000087e-15 4.387720450000000148e-15 4.176608080000000187e-15 3.990374760000000124e-15 3.827050709999999611e-15 3.684938059999999836e-15 3.562574839999999745e-15 3.458706789999999936e-15 3.372261359999999849e-15 3.302327139999999884e-15 3.248136089999999877e-15 3.209048700000000186e-15 3.184541070000000077e-15 3.174194350000000018e-15 3.177686669999999979e-15 3.194784870000000127e-15 3.225339890000000085e-15 3.269280999999999964e-15 3.326612840000000112e-15 3.397412520000000058e-15 3.481827190000000130e-15 3.580073270000000016e-15 3.692435149999999791e-15 3.819265630000000230e-15 3.960985249999999769e-15 4.118084030000000116e-15 4.291120160000000169e-15 4.480722550000000295e-15 4.687591709999999802e-15 4.912500140000000026e-15 5.156294430000000007e-15 5.419894899999999709e-15 5.704299340000000139e-15 6.010581369999999693e-15 6.339892110000000172e-15 6.693461450000000236e-15 7.072599329999999912e-15 7.478692750000000339e-15 7.913208799999999283e-15 8.377695409999999677e-15 8.873776349999999475e-15 9.403154999999999655e-15 9.967610980000000088e-15 1.056900099999999939e-14 1.120925290000000073e-14 1.189036980000000001e-14 1.261442459999999955e-14 1.338355589999999925e-14 1.419997029999999943e-14 1.506593619999999874e-14 1.598378109999999937e-14 1.695589029999999945e-14 1.798469989999999898e-14 1.907269680000000144e-14 2.022241359999999893e-14 2.143642520000000119e-14 2.271734570000000141e-14 2.406781949999999997e-14 2.549052310000000092e-14 2.698816040000000024e-14 2.856345529999999976e-14 3.021914379999999913e-14 3.195798730000000291e-14 3.378274360000000051e-14 3.569617749999999903e-14 3.770106039999999807e-14
2.728577729999999951e-14 6.500843020000000385e-14 9.715759280000000374e-14 1.126325119999999978e-13 1.144806629999999959e-13 1.084854120000000058e-13 9.896705170000000396e-14 8.844743110000000295e-14 7.821108530000000537e-14 6.882770179999999906e-14 6.048900120000000588e-14 5.320062150000000157e-14 4.688481180000000273e-14 4.143320949999999952e-14 3.673268489999999788e-14 3.267711489999999813e-14 2.917198750000000217e-14 2.613544549999999914e-14 2.349770020000000154e-14 2.119977949999999922e-14 1.919207420000000031e-14 1.743293080000000050e-14 1.588739209999999843e-14 1.452608649999999998e-14 1.332430260000000031e-14 1.226120929999999964e-14 1.131920199999999945e-14 1.048337190000000024e-14 9.741064390000000556e-15 9.081509480000000415e-15 8.495526159999999329e-15 7.975271750000000396e-15 7.514035200000000192e-15 7.106066870000000482e-15 6.746436159999999931e-15 6.430914270000000225e-15 6.155874199999999618e-15 5.918207769999999986e-15 5.715256980000000252e-15 5.544753910000000105e-15 5.404773659999999797e-15 5.293691220000000017e-15 5.210147520000000118e-15 5.153018959999999658e-15 5.121394130000000223e-15 5.114550950000000077e-15 5.131942229999999918e-15 5.173178759999999612e-15 5.238017860000000251e-15 5.326355780000000006e-15 5.438215800000000207e-15 5.573747419999999970e-15 5.733216620000000317e-15 5.917006250000000162e-15 6.125610139999999735e-15 6.359635180000000212e-15 6.619797960000000374e-15 6.906925189999999683e-15 7.221954529999999716e-15 7.565935449999999275e-15 7.940030099999999749e-15 8.345513240000000401e-15 8.783774860000000253e-15 9.256322679999999223e-15 9.764781319999999845e-15 1.031089480000000051e-14 1.089652660000000020e-14 1.152366049999999989e-14 1.219440220000000070e-14 1.291098020000000056e-14 1.367574249999999959e-14 1.449115819999999971e-14 1.535981589999999875e-14 1.628442359999999980e-14 1.726780849999999874e-14 1.831290650000000024e-14 1.942277210000000027e-14 2.060056290000000147e-14 2.184954689999999920e-14 2.317309179999999931e-14 2.457466369999999938e-14 2.605781839999999977e-14 2.762620659999999953e-14 2.928355530000000292e-14 3.103367440000000242e-14 3.288043999999999752e-14 3.482779929999999701e-14 3.687975689999999933e-14 3.904036860000000003e-14 4.131374059999999819e-14 4.370402020000000128e-14 4.621538480000000188e-14 4.885203909999999712e-14 5.161820469999999687e-14 5.451812709999999722e-14 5.755604459999999557e-14 6.073621289999999880e-14 6.406285009999999532e-14 6.754019820000000393e-14 7.117245840000000033e-14
3.859168169999999967e-14 9.212922580000000153e-14 1.377155359999999887e-13 1.596556139999999927e-13 1.622768080000000104e-13 1.537791160000000098e-13 1.402872639999999887e-13 1.253762180000000038e-13 1.108669359999999949e-13 9.756700789999999383e-14 8.574828269999999744e-14 7.541877689999999817e-14 6.646836940000000302e-14 5.874351700000000179e-14 5.208393729999999855e-14 4.633927519999999918e-14 4.137564179999999845e-14 3.707709869999999996e-14 3.334482760000000154e-14 3.009532789999999789e-14 2.725839270000000106e-14 2.477510210000000101e-14 2.259602179999999958e-14 2.067965379999999920e-14 1.899110889999999888e-14 1.750100510000000006e-14 1.618454819999999862e-14 1.502076559999999973e-14 1.399189250000000059e-14 1.308284739999999966e-14 1.228080539999999932e-14 1.157485090000000056e-14 1.095568169999999947e-14 1.041536780000000066e-14 9.947155130000000582e-15 9.545289670000000198e-15 9.204886610000000188e-15 8.921805659999999711e-15 8.692557880000000566e-15 8.514222720000000035e-15 8.384377650000000400e-15 8.301041470000000216e-15 8.262621750000000618e-15 8.267880970000000374e-15 8.315895040000000199e-15 8.406028659999999298e-15 8.537912539999999472e-15 8.711418770000000085e-15 8.926650689999999886e-15 9.183925930000000064e-15 9.483767969999999457e-15 9.826898480000000664e-15 1.021422970000000037e-14 1.064686189999999927e-14 1.112607849999999981e-14 1.165334629999999980e-14 1.223031129999999950e-14 1.285880380000000071e-14 1.354083469999999953e-14 1.427859530000000058e-14 1.507446240000000037e-14 1.593099740000000158e-14 1.685094799999999860e-14 1.783724669999999989e-14 1.889301229999999930e-14 2.002155660000000009e-14 2.122637290000000128e-14 2.251114739999999866e-14 2.387974769999999959e-14 2.533622759999999995e-14 2.688482570000000025e-14 2.852995689999999764e-14 3.027621010000000212e-14 3.212835270000000102e-14 3.409131089999999725e-14 3.617018390000000045e-14 3.837020970000000158e-14 4.069679229999999957e-14 4.315546130000000228e-14 4.575189169999999774e-14 4.849187730000000305e-14 5.138133370000000076e-14 5.442627480000000306e-14 5.763281969999999689e-14 6.100717529999999755e-14 6.455561999999999802e-14 6.828450289999999430e-14 7.220023459999999974e-14 7.630925240000000079e-14 8.061805479999999811e-14 8.513314699999999433e-14 8.986104770000000542e-14 9.480828260000000190e-14 9.998136350000000414e-14 1.053867889999999970e-13 1.110310299999999988e-13 1.169204979999999943e-13 1.230615819999999880e-13 1.294605829999999879e-13 1.361237650000000020e-13
5.454676360000000062e-14 1.305567120000000124e-13 1.952028360000000107e-13 2.263110619999999951e-13 2.300292930000000001e-13 2.179849049999999902e-13 1.988609609999999952e-13 1.777255100000000041e-13 1.571599970000000031e-13 1.383093269999999945e-13 1.215589719999999973e-13 1.069204200000000004e-13 9.423770090000000467e-14 8.329330339999999623e-14 7.386018200000000542e-14 6.572537249999999808e-14 5.869925449999999706e-14 5.261768329999999813e-14 4.734076630000000098e-14 4.275037289999999998e-14 3.874720030000000131e-14 3.524797510000000295e-14 3.218288129999999705e-14 2.949336540000000226e-14 2.713026709999999951e-14 2.505223779999999902e-14 2.322445420000000057e-14 2.161753439999999926e-14 2.020665030000000023e-14 1.897080550000000033e-14 1.789221910000000122e-14 1.695583440000000005e-14 1.614890850000000022e-14 1.546066029999999902e-14 1.488199959999999853e-14 1.440527929999999978e-14 1.402410600000000054e-14 1.373316960000000073e-14 1.352810889999999984e-14 1.340539410000000073e-14 1.336223189999999985e-14 1.339647999999999952e-14 1.350658659999999986e-14 1.369152609999999936e-14 1.395075629999999940e-14 1.428417729999999902e-14 1.469210159999999877e-14 1.517522040000000042e-14 1.573459239999999952e-14 1.637162049999999909e-14 1.708803759999999953e-14 1.788589520000000067e-14 1.876756329999999863e-14 1.973571350000000151e-14 2.079332220000000041e-14 2.194366579999999865e-14 2.319031709999999985e-14 2.453715030000000069e-14 2.598833119999999899e-14 2.754832359999999889e-14 2.922188789999999843e-14 3.101408089999999912e-14 3.293024899999999762e-14 3.497603680000000004e-14 3.715738040000000103e-14 3.948050039999999765e-14 4.195190539999999822e-14 4.457838179999999890e-14 4.736699720000000203e-14 5.032508020000000084e-14 5.346022359999999776e-14 5.678027420000000000e-14 6.029332309999999918e-14 6.400768449999999406e-14 6.793191360000000317e-14 7.207475179999999884e-14 7.644514359999999576e-14 8.105223039999999524e-14 8.590530900000000216e-14 9.101381219999999693e-14 9.638734170000000212e-14 1.020355879999999991e-13 1.079683619999999979e-13 1.141955590000000062e-13 1.207271319999999928e-13 1.275730819999999936e-13 1.347434670000000025e-13 1.422483409999999892e-13 1.500977349999999967e-13 1.583017160000000111e-13 1.668702480000000057e-13 1.758132760000000010e-13 1.851406530000000091e-13 1.948621929999999924e-13 2.049875160000000110e-13 2.155262189999999969e-13 2.264876789999999973e-13 2.378811670000000155e-13 2.497158030000000250e-13 2.620004910000000132e-13
7.705609830000000063e-14 1.850041389999999874e-13 2.766870390000000147e-13 3.207969370000000214e-13 3.260720960000000195e-13 3.090009259999999934e-13 2.818940560000000002e-13 2.519363299999999765e-13 2.227873780000000079e-13 1.960704279999999902e-13 1.723321059999999957e-13 1.515889740000000088e-13 1.336201789999999894e-13 1.181177149999999942e-13 1.047599980000000003e-13 9.324552709999999460e-14 8.330585979999999485e-14 7.470868539999999483e-14 6.725613719999999689e-14 6.078118690000000481e-14 5.514355589999999940e-14 5.022568939999999761e-14 4.592915879999999967e-14 4.217153430000000313e-14 3.888372170000000274e-14 3.600775010000000059e-14 3.349492520000000100e-14 3.130430490000000097e-14 2.940145210000000015e-14 2.775738490000000052e-14 2.634773400000000035e-14 2.515203009999999939e-14 2.415312419999999915e-14 2.333670299999999861e-14 2.269088610000000051e-14 2.220589880000000079e-14 2.187377880000000044e-14 2.168816509999999926e-14 2.164408549999999946e-14 2.173780289999999862e-14 2.196668140000000114e-14 2.232906579999999896e-14 2.282419379999999993e-14 2.345211460000000152e-14 2.421361760000000043e-14 2.511019010000000027e-14 2.614395989999999975e-14 2.731766810000000076e-14 2.863463659999999844e-14 3.009873639999999953e-14 3.171438059999999834e-14 3.348650229999999970e-14 3.542054959999999776e-14 3.752245500000000044e-14 3.979865620000000041e-14 4.225607829999999727e-14 4.490211440000000103e-14 4.774464519999999700e-14 5.079201899999999992e-14 5.405305180000000027e-14 5.753702360000000595e-14 6.125366190000000426e-14 6.521314789999999865e-14 6.942610679999999463e-14 7.390358400000000415e-14 7.865706510000000403e-14 8.369842229999999619e-14 8.903992050000000334e-14 9.469423130000000336e-14 1.006743449999999957e-13 1.069936310000000029e-13 1.136657500000000047e-13 1.207046889999999882e-13 1.281247110000000046e-13 1.359403039999999951e-13 1.441662000000000082e-13 1.528173609999999883e-13 1.619088709999999963e-13 1.714560030000000024e-13 1.814741120000000000e-13 1.919787029999999933e-13 2.029852519999999980e-13 2.145093590000000074e-13 2.265665409999999984e-13 2.391723699999999946e-13 2.523422819999999937e-13 2.660916730000000006e-13 2.804358039999999876e-13 2.953898250000000166e-13 3.109686720000000237e-13 3.271871159999999813e-13 3.440597150000000072e-13 3.616007230000000216e-13 3.798241829999999764e-13 3.987438630000000180e-13 4.183730999999999856e-13 4.387250379999999867e-13 4.598123640000000405e-13 4.816474910000000263e-13 5.042422640000000267e-13
1.088090050000000015e-13 2.621514929999999761e-13 3.921878279999999801e-13 4.547362110000000211e-13 4.622209190000000413e-13 4.380252940000000042e-13 3.996034999999999845e-13 3.571416980000000158e-13 3.158282550000000208e-13 2.779646360000000075e-13 2.443261520000000162e-13 2.149368189999999893e-13 1.894840620000000047e-13 1.675318680000000111e-13 1.486250630000000054e-13 1.323368769999999951e-13 1.182875550000000111e-13 1.061485970000000010e-13 9.564033320000000000e-14 8.652692959999999577e-14 7.861049859999999760e-14 7.172544219999999468e-14 6.573334139999999908e-14 6.051851859999999899e-14 5.598428689999999977e-14 5.204978499999999741e-14 4.864738909999999961e-14 4.572054469999999956e-14 4.322199070000000231e-14 4.111229919999999729e-14 3.935864970000000232e-14 3.793384539999999777e-14 3.681549419999999826e-14 3.598530029999999720e-14 3.542852520000000071e-14 3.513349690000000239e-14 3.509122310000000249e-14 3.529506670000000004e-14 3.574047390000000081e-14 3.642473419999999741e-14 3.734679729999999906e-14 3.850711389999999719e-14 3.990749990000000251e-14 4.155102840000000131e-14 4.344193120000000161e-14 4.558551750000000049e-14 4.798812989999999829e-14 5.065706289999999752e-14 5.360054640000000266e-14 5.682768099999999714e-14 6.034844120000000582e-14 6.417361489999999549e-14 6.831480639999999418e-14 7.278440949999999825e-14 7.759559050000000065e-14 8.276226790000000405e-14 8.829911220000000195e-14 9.422149879999999662e-14 1.005455350000000006e-13 1.072880189999999997e-13 1.144664059999999942e-13 1.220988370000000059e-13 1.302040340000000089e-13 1.388013920000000011e-13 1.479108449999999908e-13 1.575528849999999995e-13 1.677485329999999974e-13 1.785192819999999961e-13 1.898871009999999973e-13 2.018743649999999925e-13 2.145038159999999893e-13 2.277985200000000127e-13 2.417818280000000048e-13 2.564773749999999828e-13 2.719089599999999849e-13 2.881005170000000059e-13 3.050761139999999788e-13 3.228598489999999952e-13 3.414758169999999895e-13 3.609481149999999840e-13 3.813006770000000242e-13 4.025573549999999809e-13 4.247417580000000148e-13 4.478772769999999851e-13 4.719870870000000423e-13 4.970939020000000223e-13 5.232201389999999975e-13 5.503878599999999969e-13 5.786184790000000149e-13 6.079331919999999964e-13 6.383524349999999730e-13 6.698961590000000194e-13 7.025837160000000339e-13 7.364338630000000159e-13 7.714646520000000222e-13 8.076934299999999652e-13 8.451368399999999849e-13 8.838109279999999818e-13 9.237308180000000349e-13 9.649108770000000127e-13
1.536053460000000062e-13 3.714676680000000224e-13 5.559118160000000276e-13 6.446089319999999821e-13 6.552291259999999943e-13 6.209358660000000023e-13 5.664767160000000364e-13 5.062934120000000233e-13 4.477418600000000120e-13 3.940854259999999930e-13 3.464241699999999961e-13 3.047930290000000106e-13 2.687500829999999822e-13 2.376784479999999795e-13 2.109341620000000114e-13 1.879137170000000101e-13 1.680802849999999946e-13 1.509698129999999889e-13 1.361876650000000085e-13 1.234013840000000126e-13 1.123324730000000023e-13 1.027483630000000021e-13 9.445511730000000088e-14 8.729121749999999817e-14 8.112218850000000589e-14 7.583616760000000383e-14 7.134021160000000174e-14 6.755722009999999692e-14 6.442345569999999784e-14 6.188643620000000608e-14 5.990322710000000499e-14 5.843903919999999768e-14 5.746606260000000231e-14 5.696248460000000492e-14 5.691169650000000124e-14 5.730162979999999631e-14 5.812418009999999776e-14 5.937475989999999533e-14 6.105189870000000450e-14 6.315693139999999633e-14 6.569370020000000483e-14 6.866834439999999436e-14 7.208909710000000041e-14 7.596612949999999663e-14 8.031140179999999435e-14 8.513855449999999579e-14 9.046281380000000485e-14 9.630090370000000188e-14 1.026709710000000014e-13 1.095925109999999991e-13 1.170863400000000116e-13 1.251745419999999883e-13 1.338804010000000033e-13 1.432283649999999968e-13 1.532440220000000068e-13 1.639540550000000064e-13 1.753861950000000076e-13 1.875691849999999915e-13 2.005327190000000012e-13 2.143074539999999890e-13 2.289248710000000108e-13 2.444173340000000206e-13 2.608178969999999870e-13 2.781604429999999752e-13 2.964793940000000105e-13 3.158098239999999755e-13 3.361873499999999892e-13 3.576479930000000226e-13 3.802281840000000104e-13 4.039646760000000188e-13 4.288944419999999986e-13 4.550546139999999541e-13 4.824823810000000497e-13 5.112149850000000299e-13 5.412895070000000030e-13 5.727429159999999961e-13 6.056120230000000019e-13 6.399330389999999696e-13 6.757421229999999840e-13 7.130747270000000488e-13 7.519657640000000061e-13 7.924496020000000297e-13 8.345598519999999814e-13 8.783294190000000145e-13 9.237902329999999211e-13 9.709736270000000617e-13 1.019909530000000015e-12 1.070627200000000053e-12 1.123154850000000089e-12 1.177519449999999900e-12 1.233746610000000011e-12 1.291861259999999910e-12 1.351886699999999921e-12 1.413844949999999992e-12 1.477757039999999984e-12 1.543642380000000075e-12 1.611519190000000041e-12 1.681404260000000000e-12 1.753312989999999957e-12 1.827259479999999974e-12
2.168185739999999958e-13 5.263776610000000359e-13 7.880040479999999525e-13 9.137842389999999448e-13 9.288535649999999833e-13 8.802484570000000043e-13 8.030592789999999727e-13 7.177616249999999920e-13 6.347852470000000434e-13 5.587579550000000050e-13 4.912410000000000068e-13 4.322859889999999775e-13 3.812686929999999766e-13 3.373170609999999882e-13 2.995209329999999974e-13 2.670276920000000108e-13 2.390795079999999897e-13 2.150219839999999979e-13 1.942992750000000006e-13 1.764440640000000038e-13 1.610657679999999938e-13 1.478391379999999953e-13 1.364940739999999930e-13 1.268066869999999887e-13 1.185917680000000124e-13 1.116964389999999973e-13 1.059949930000000017e-13 1.013845239999999990e-13 9.778135469999999995e-14 9.511810010000000074e-14 9.334126900000000161e-14 9.240920750000000148e-14 9.229047380000000032e-14 9.296245550000000506e-14 9.441022450000000550e-14 9.662555450000000278e-14 9.960616179999999472e-14 1.033549940000000060e-13 1.078796950000000014e-13 1.131921160000000056e-13 1.193078969999999922e-13 1.262461269999999890e-13 1.340290999999999958e-13 1.426819680000000030e-13 1.522325970000000043e-13 1.627113699999999885e-13 1.741509900000000061e-13 1.865863690000000068e-13 2.000544510000000035e-13 2.145941710000000101e-13 2.302462690000000125e-13 2.470532459999999760e-13 2.650592150000000047e-13 2.843098480000000044e-13 3.048522810000000208e-13 3.267350039999999949e-13 3.500078100000000181e-13 3.747216019999999945e-13 4.009284500000000030e-13 4.286813420000000204e-13 4.580341639999999502e-13 4.890416410000000307e-13 5.217591219999999841e-13 5.562424440000000504e-13 5.925479290000000227e-13 6.307322830000000288e-13 6.708522629999999917e-13 7.129648979999999874e-13 7.571270000000000110e-13 8.033952190000000489e-13 8.518259340000000039e-13 9.024750889999999515e-13 9.553979790000000655e-13 1.010649360000000055e-12 1.068283049999999911e-12 1.128351860000000078e-12 1.190907830000000021e-12 1.256001379999999928e-12 1.323682050000000043e-12 1.393997759999999916e-12 1.466995039999999994e-12 1.542718749999999999e-12 1.621212169999999915e-12 1.702516599999999955e-12 1.786671610000000101e-12 1.873714940000000045e-12 1.963682039999999854e-12 2.056606840000000173e-12 2.152520569999999885e-12 2.251452499999999892e-12 2.353429949999999971e-12 2.458477650000000099e-12 2.566618360000000167e-12 2.677872249999999864e-12 2.792257309999999799e-12 2.909789380000000151e-12 3.030481900000000115e-12 3.154345930000000098e-12 3.281390129999999929e-12 3.411621029999999986e-12
3.060535220000000030e-13 7.459191679999999643e-13 1.117035069999999996e-12 1.295404210000000000e-12 1.316785660000000086e-12 1.247895989999999991e-12 1.138492510000000044e-12 1.017607549999999942e-12 9.000297789999999986e-13 7.923232920000000389e-13 6.967049550000000230e-13 6.132520710000000496e-13 5.410844300000000255e-13 4.789708129999999763e-13 4.256265480000000155e-13 3.798490659999999961e-13 3.405705620000000193e-13 3.068703870000000215e-13 2.779682140000000070e-13 2.532096979999999796e-13 2.320498669999999856e-13 2.140370399999999925e-13 1.987981849999999883e-13 1.860264869999999986e-13 1.754705050000000124e-13 1.669253659999999902e-13 1.602252130000000123e-13 1.552371920000000036e-13 1.518562699999999987e-13 1.500011189999999987e-13 1.496106429999999972e-13 1.506410960000000070e-13 1.530636919999999978e-13 1.568626409999999979e-13 1.620335130000000097e-13 1.685817960000000044e-13 1.765217200000000075e-13 1.858753089999999917e-13 1.966714959999999923e-13 2.089453960000000042e-13 2.227376810000000003e-13 2.380940770000000152e-13 2.550647949999999767e-13 2.737042909999999759e-13 2.940707299999999852e-13 3.162256699999999910e-13 3.402339170000000006e-13 3.661631270000000005e-13 3.940835560000000141e-13 4.240679260000000119e-13 4.561911290000000155e-13 4.905300339999999621e-13 5.271633279999999536e-13 5.661712959999999684e-13 6.076356320000000027e-13 6.516392789999999979e-13 6.982661520000000489e-13 7.476010909999999767e-13 7.997295859999999773e-13 8.547376129999999701e-13 9.127114209999999958e-13 9.737372580000000256e-13 1.037901639999999907e-12 1.105290230000000000e-12 1.175988669999999919e-12 1.250081739999999975e-12 1.327653269999999931e-12 1.408786070000000011e-12 1.493561780000000007e-12 1.582060439999999997e-12 1.674360520000000004e-12 1.770538469999999931e-12 1.870669200000000088e-12 1.974824600000000091e-12 2.083075250000000131e-12 2.195488369999999996e-12 2.312128790000000194e-12 2.433058749999999818e-12 2.558337439999999837e-12 2.688020600000000034e-12 2.822161340000000049e-12 2.960809119999999838e-12 3.104010320000000163e-12 3.251807459999999881e-12 3.404240000000000043e-12 3.561343279999999964e-12 3.723149830000000087e-12 3.889687179999999987e-12 4.060980280000000332e-12 4.237049950000000380e-12 4.417913520000000279e-12 4.603583569999999859e-12 4.794070519999999642e-12 4.989380000000000294e-12 5.189513749999999911e-12 5.394470459999999675e-12 5.604244929999999815e-12 5.818828929999999782e-12 6.038209430000000293e-12 6.262371259999999700e-12
4.320805049999999913e-13 1.057095929999999922e-12 1.583531369999999961e-12 1.836478670000000066e-12 1.866814430000000173e-12 1.769175189999999909e-12 1.614119540000000050e-12 1.442814399999999903e-12 1.276232050000000078e-12 1.123684700000000001e-12 9.883227049999999594e-13 8.702640930000000339e-13 7.682706469999999827e-13 6.806074799999999639e-13 6.054650599999999998e-13 5.411509460000000406e-13 4.861651450000000220e-13 4.392170760000000171e-13 3.992163860000000214e-13 3.652523429999999971e-13 3.365704800000000132e-13 3.125497090000000118e-13 2.926817049999999855e-13 2.765530589999999786e-13 2.638301360000000236e-13 2.542463580000000141e-13 2.475915789999999827e-13 2.437034410000000170e-13 2.424600510000000061e-13 2.437739680000000230e-13 2.475872700000000075e-13 2.538673750000000071e-13 2.626035780000000115e-13 2.738041460000000029e-13 2.874938239999999879e-13 3.037118350000000045e-13 3.225099499999999772e-13 3.439511319999999866e-13 3.681080779999999887e-13 3.950621569999999940e-13 4.249023550000000235e-13 4.577243529999999849e-13 4.936299309999999561e-13 5.327258820000000148e-13 5.751238239999999952e-13 6.209392809999999744e-13 6.702912420000000308e-13 7.233018440000000040e-13 7.800956599999999767e-13 8.407993809999999657e-13 9.055414299999999538e-13 9.744516390000000423e-13 1.047660660000000059e-12 1.125299830000000004e-12 1.207500790000000026e-12 1.294395150000000045e-12 1.386113880000000097e-12 1.482787530000000014e-12 1.584545429999999975e-12 1.691515529999999930e-12 1.803824229999999940e-12 1.921596129999999837e-12 2.044953400000000030e-12 2.174015309999999857e-12 2.308899379999999871e-12 2.449718809999999986e-12 2.596584410000000030e-12 2.749602849999999946e-12 2.908877129999999818e-12 3.074506140000000107e-12 3.246584419999999972e-12 3.425202179999999871e-12 3.610444409999999913e-12 3.802391559999999686e-12 4.001119310000000308e-12 4.206697060000000240e-12 4.419190269999999787e-12 4.638657509999999802e-12 4.865152549999999982e-12 5.098723090000000398e-12 5.339411199999999648e-12 5.587252879999999933e-12 5.842278480000000195e-12 6.104512290000000238e-12 6.373972960000000327e-12 6.650672199999999628e-12 6.934616940000000365e-12 7.225807630000000373e-12 7.524238179999999854e-12 7.829899059999999930e-12 8.142772049999999615e-12 8.462835470000000288e-12 8.790060689999999317e-12 9.124413900000000124e-12 9.465856919999999410e-12 9.814346380000000252e-12 1.016983109999999992e-11 1.053225819999999956e-11 1.090156779999999950e-11 1.127769839999999978e-11
6.101632329999999894e-13 1.498221359999999908e-12 2.244992169999999909e-12 2.603701330000000104e-12 2.646738299999999916e-12 2.508353769999999824e-12 2.288610709999999965e-12 2.045887550000000080e-12 1.809929590000000029e-12 1.593952510000000004e-12 1.402438169999999943e-12 1.235571650000000099e-12 1.091617359999999917e-12 9.681377880000000726e-13 8.625916279999999976e-13 7.726056119999999839e-13 6.960815390000000307e-13 6.312202280000000451e-13 5.765086220000000428e-13 5.306904550000000340e-13 4.927333499999999767e-13 4.617960199999999959e-13 4.371994030000000078e-13 4.184008830000000133e-13 4.049729300000000052e-13 3.965848920000000153e-13 3.929877259999999925e-13 3.940016170000000180e-13 3.995053259999999768e-13 4.094275919999999824e-13 4.237397650000000056e-13 4.424496519999999848e-13 4.655964739999999711e-13 4.932463939999999737e-13 5.254887240000000182e-13 5.624329130000000070e-13 6.042054880000000119e-13 6.509478289999999989e-13 7.028141089999999720e-13 7.599690729999999758e-13 8.225867900000000168e-13 8.908489719999999939e-13 9.649435109999999811e-13 1.045063449999999964e-12 1.131406059999999950e-12 1.224171369999999966e-12 1.323561590000000097e-12 1.429780010000000079e-12 1.543030679999999968e-12 1.663517090000000021e-12 1.791441779999999945e-12 1.927005859999999998e-12 2.070407859999999916e-12 2.221844019999999808e-12 2.381506669999999872e-12 2.549584679999999841e-12 2.726262579999999851e-12 2.911719690000000181e-12 3.106130590000000071e-12 3.309663739999999913e-12 3.522482000000000096e-12 3.744741500000000114e-12 3.976591629999999691e-12 4.218174849999999961e-12 4.469626059999999634e-12 4.731072299999999666e-12 5.002632859999999773e-12 5.284418740000000216e-12 5.576532290000000301e-12 5.879067200000000312e-12 6.192108889999999639e-12 6.515733699999999859e-12 6.850007970000000010e-12 7.194989400000000280e-12 7.550727400000000597e-12 7.917259730000000623e-12 8.294616729999999618e-12 8.682818349999999404e-12 9.081875880000000359e-12 9.491791029999999916e-12 9.912555149999999545e-12 1.034415259999999959e-11 1.078655569999999957e-11 1.123972960000000039e-11 1.170363029999999925e-11 1.217820549999999989e-11 1.266339380000000080e-11 1.315912480000000012e-11 1.366532059999999972e-11 1.418189610000000056e-11 1.470875679999999979e-11 1.524580109999999854e-11 1.579292250000000156e-11 1.635000469999999989e-11 1.691692449999999995e-11 1.749355519999999968e-11 1.807975990000000085e-11 1.867539980000000087e-11 1.928032729999999854e-11 1.989439170000000059e-11
8.619470699999999622e-13 2.123674720000000036e-12 3.183020900000000017e-12 3.691716200000000174e-12 3.752769800000000261e-12 3.556645650000000110e-12 3.245260830000000163e-12 2.901412400000000026e-12 2.567297719999999831e-12 2.261681080000000171e-12 1.990949720000000114e-12 1.755402570000000002e-12 1.552620550000000017e-12 1.379193849999999903e-12 1.231569210000000000e-12 1.106436669999999935e-12 1.000879609999999929e-12 9.124104470000000992e-13 8.389507620000000266e-13 7.787906600000000140e-13 7.305413870000000446e-13 6.930889780000000484e-13 6.655527910000000101e-13 6.472487480000000423e-13 6.376587080000000369e-13 6.364039070000000041e-13 6.432233219999999544e-13 6.579550270000000489e-13 6.805211779999999896e-13 7.109147800000000199e-13 7.491889049999999752e-13 7.954474209999999615e-13 8.498372360000000097e-13 9.125414179999999009e-13 9.837735009999999264e-13 1.063772119999999992e-12 1.152797150000000067e-12 1.251125070000000084e-12 1.359046230000000035e-12 1.476861490000000002e-12 1.604879320000000096e-12 1.743414009999999912e-12 1.892782590000000141e-12 2.053303490000000061e-12 2.225294599999999932e-12 2.409071640000000011e-12 2.604947069999999805e-12 2.813227729999999860e-12 3.034214589999999997e-12 3.268201680000000150e-12 3.515474150000000138e-12 3.776308690000000063e-12 4.050971359999999709e-12 4.339718250000000212e-12 4.642793089999999937e-12 4.960427899999999695e-12 5.292842549999999748e-12 5.640243480000000036e-12 6.002823670000000324e-12 6.380761800000000197e-12 6.774222679999999959e-12 7.183356769999999709e-12 7.608299410000000350e-12 8.049170700000000124e-12 8.506076919999999637e-12 8.979106519999999865e-12 9.468334100000000252e-12 9.973820379999999659e-12 1.049560790000000035e-11 1.103372509999999968e-11 1.158818529999999983e-11 1.215898560000000076e-11 1.274610969999999952e-11 1.334952550000000020e-11 1.396918430000000052e-11 1.460502549999999944e-11 1.525697449999999913e-11 1.592493849999999933e-11 1.660881680000000008e-11 1.730849140000000110e-11 1.802383239999999851e-11 1.875469740000000057e-11 1.950093209999999898e-11 2.026236819999999999e-11 2.103882690000000056e-11 2.183012099999999925e-11 2.263604929999999946e-11 2.345640350000000050e-11 2.429095989999999926e-11 2.513949290000000122e-11 2.600176320000000070e-11 2.687752450000000094e-11 2.776652350000000112e-11 2.866849989999999961e-11 2.958318310000000176e-11 3.051029910000000126e-11 3.144956860000000167e-11 3.240070709999999709e-11 3.336341970000000147e-11 3.433741489999999838e-11
1.218147110000000043e-12 3.010668970000000106e-12 4.513472059999999808e-12 5.234880670000000150e-12 5.321493250000000035e-12 5.043561489999999940e-12 4.602390079999999623e-12 4.115427619999999963e-12 3.642555010000000210e-12 3.210436469999999942e-12 2.828194930000000148e-12 2.496332129999999984e-12 2.211504630000000106e-12 1.968972939999999839e-12 1.763803189999999960e-12 1.591414169999999925e-12 1.447790890000000063e-12 1.329533380000000063e-12 1.233829989999999918e-12 1.158397600000000020e-12 1.101414749999999964e-12 1.061454739999999915e-12 1.037425790000000067e-12 1.028518420000000000e-12 1.034160060000000022e-12 1.053977330000000032e-12 1.087763020000000089e-12 1.135449700000000002e-12 1.197085939999999899e-12 1.272817349999999907e-12 1.362869779999999941e-12 1.467535290000000053e-12 1.587159769999999902e-12 1.722132419999999997e-12 1.872877070000000078e-12 2.039843549999999949e-12 2.223501109999999880e-12 2.424332649999999945e-12 2.642828449999999871e-12 2.879482029999999965e-12 3.134786269999999840e-12 3.409228409999999975e-12 3.703288540000000354e-12 4.017434820000000296e-12 4.352122829999999693e-12 4.707791879999999789e-12 5.084863519999999976e-12 5.483739760000000161e-12 5.904801389999999956e-12 6.348407910000000093e-12 6.814894140000000143e-12 7.304571010000000103e-12 7.817724769999999617e-12 8.354614740000000718e-12 8.915475999999999199e-12 9.500514089999999327e-12 1.010990940000000055e-11 1.074381560000000044e-11 1.140235820000000007e-11 1.208563630000000007e-11 1.279371920000000008e-11 1.352665379999999969e-11 1.428445640000000025e-11 1.506711940000000058e-11 1.587460719999999954e-11 1.670685989999999970e-11 1.756379069999999942e-11 1.844529220000000133e-11 1.935122720000000053e-11 2.028143970000000070e-11 2.123574930000000107e-11 2.221395119999999976e-11 2.321582340000000108e-11 2.424111949999999851e-11 2.528957430000000051e-11 2.636090300000000101e-11 2.745480580000000143e-11 2.857095809999999856e-11 2.970902339999999849e-11 3.086865140000000257e-11 3.204946719999999793e-11 3.325109290000000232e-11 3.447313270000000050e-11 3.571517039999999778e-11 3.697678970000000266e-11 3.825755679999999735e-11 3.955703129999999906e-11 4.087475839999999726e-11 4.221028040000000240e-11 4.356312530000000051e-11 4.493281790000000160e-11 4.631887579999999862e-11 4.772081690000000085e-11 4.913814490000000291e-11 5.057036389999999964e-11 5.201697409999999978e-11 5.347747589999999929e-11 5.495136290000000311e-11 5.643812850000000313e-11 5.793726960000000297e-11
1.722379619999999920e-12 4.268899039999999886e-12 6.400906709999999833e-12 7.424011930000000133e-12 7.546898000000000141e-12 7.153096260000000229e-12 6.528202889999999963e-12 5.838861510000000167e-12 5.170089179999999603e-12 4.559815629999999994e-12 4.021119370000000338e-12 3.554874060000000181e-12 3.156518229999999992e-12 2.819528899999999974e-12 2.537123069999999912e-12 2.303032980000000077e-12 2.111806170000000036e-12 1.958875550000000086e-12 1.840517320000000146e-12 1.753767380000000051e-12 1.696321360000000044e-12 1.666439660000000001e-12 1.662859300000000045e-12 1.684716599999999971e-12 1.731481060000000096e-12 1.802898330000000007e-12 1.898941939999999812e-12 2.019772590000000188e-12 2.165702300000000066e-12 2.337166269999999852e-12 2.534696410000000123e-12 2.758899230000000088e-12 3.010438689999999813e-12 3.290018210000000007e-12 3.598367700000000030e-12 3.936231549999999764e-12 4.304357649999999904e-12 4.703488899999999955e-12 5.134354750000000145e-12 5.597664259999999915e-12 6.094102219999999881e-12 6.624321749999999990e-12 7.188940849999999947e-12 7.788539780000000773e-12 8.423656739999999728e-12 9.094787419999999746e-12 9.802380259999999909e-12 1.054683679999999969e-11 1.132851020000000068e-11 1.214770469999999951e-11 1.300467460000000080e-11 1.389962449999999987e-11 1.483270800000000138e-11 1.580402999999999966e-11 1.681364599999999926e-11 1.786156119999999996e-11 1.894773749999999916e-11 2.007208289999999868e-11 2.123446559999999998e-11 2.243470690000000006e-11 2.367258299999999900e-11 2.494782849999999866e-11 2.626013990000000158e-11 2.760916840000000027e-11 2.899453589999999941e-11 3.041581920000000029e-11 3.187256360000000213e-11 3.336428359999999933e-11 3.489045860000000156e-11 3.645054049999999938e-11 3.804395339999999961e-11 3.967009010000000071e-11 4.132831920000000009e-11 4.301799539999999681e-11 4.473843860000000218e-11 4.648895499999999696e-11 4.826882989999999835e-11 5.007733810000000128e-11 5.191372679999999772e-11 5.377724310000000217e-11 5.566710979999999895e-11 5.758254639999999958e-11 5.952275480000000539e-11 6.148694050000000042e-11 6.347428829999999875e-11 6.548398629999999377e-11 6.751522260000000470e-11 6.956716449999999998e-11 7.163899329999999491e-11 7.372987639999999354e-11 7.583900169999999559e-11 7.796554369999999952e-11 8.010866969999999961e-11 8.226756780000000217e-11 8.444142610000000057e-11 8.662943279999999794e-11 8.883078299999999816e-11 9.104467870000000587e-11 9.327032899999999424e-11 9.550695649999999919e-11
2.436632279999999830e-12 6.054313299999999763e-12 9.079214809999999670e-12 1.053028239999999961e-11 1.070468539999999947e-11 1.014685379999999990e-11 9.262077220000000224e-12 8.286886800000000620e-12 7.342068789999999661e-12 6.481668070000000044e-12 5.724529360000000160e-12 5.072228230000000116e-12 4.518668430000000316e-12 4.055002429999999614e-12 3.672040970000000088e-12 3.361348090000000039e-12 3.115663980000000191e-12 2.928997110000000169e-12 2.796562680000000124e-12 2.714656619999999893e-12 2.680510759999999970e-12 2.692151190000000197e-12 2.748268190000000047e-12 2.848102400000000125e-12 2.991344369999999912e-12 3.178050489999999974e-12 3.408568570000000028e-12 3.683477569999999942e-12 4.003534050000000325e-12 4.369626619999999656e-12 4.782738439999999700e-12 5.243915109999999818e-12 5.754235630000000068e-12 6.314788969999999966e-12 6.926654559999999659e-12 7.590885390000000671e-12 8.308493649999999554e-12 9.080436920000000433e-12 9.907611190000000634e-12 1.079084299999999940e-11 1.173087929999999979e-11 1.272838609999999982e-11 1.378394190000000062e-11 1.489803769999999968e-11 1.607107330000000160e-11 1.730335489999999897e-11 1.859509769999999968e-11 1.994642819999999922e-11 2.135737769999999950e-11 2.282788719999999877e-11 2.435781439999999889e-11 2.594692690000000143e-11 2.759491250000000063e-11 2.930137730000000177e-11 3.106584429999999767e-11 3.288776889999999707e-11 3.476653340000000205e-11 3.670144740000000182e-11 3.869175810000000124e-11 4.073665019999999820e-11 4.283525270000000041e-11 4.498663589999999788e-11 4.718981799999999900e-11 4.944377549999999778e-11 5.174743269999999687e-11 5.409967610000000296e-11 5.649935729999999934e-11 5.894528620000000018e-11 6.143624499999999395e-11 6.397098819999999515e-11 6.654824609999999785e-11 6.916672100000000577e-11 7.182510139999999533e-11 7.452206210000000285e-11 7.725624999999999365e-11 8.002631199999999764e-11 8.283088799999999549e-11 8.566861110000000268e-11 8.853809350000000003e-11 9.143796830000000305e-11 9.436685460000000621e-11 9.732337850000000161e-11 1.003061659999999974e-10 1.033138639999999976e-10 1.063451060000000052e-10 1.093985460000000055e-10 1.124728440000000007e-10 1.155666809999999982e-10 1.186787470000000045e-10 1.218077440000000069e-10 1.249523820000000104e-10 1.281114100000000102e-10 1.312835810000000037e-10 1.344676590000000012e-10 1.376624369999999975e-10 1.408667350000000092e-10 1.440794009999999919e-10 1.472992560000000079e-10 1.505252169999999945e-10 1.537561609999999948e-10
3.449093009999999999e-12 8.588812820000000207e-12 1.288109980000000000e-11 1.493936749999999895e-11 1.518702700000000086e-11 1.439718570000000072e-11 1.314519499999999971e-11 1.176696589999999995e-11 1.043427240000000071e-11 9.224308820000000188e-12 8.164424000000000351e-12 7.257544830000000397e-12 6.495780909999999813e-12 5.867390770000000306e-12 5.360185389999999685e-12 4.963069450000000263e-12 4.666630359999999762e-12 4.463257449999999848e-12 4.347042259999999794e-12 4.313587679999999711e-12 4.359793780000000349e-12 4.483643490000000386e-12 4.684010559999999951e-12 4.960487320000000230e-12 5.313235529999999769e-12 5.742859310000000114e-12 6.250294990000000394e-12 6.836720860000000147e-12 7.503477870000000398e-12 8.252003250000000238e-12 9.083778870000000613e-12 1.000028100000000005e-11 1.100294600000000020e-11 1.209313470000000048e-11 1.327211170000000066e-11 1.454102120000000046e-11 1.590087260000000097e-11 1.735252909999999966e-11 1.889669499999999918e-11 2.053391309999999946e-11 2.226456000000000141e-11 2.408884379999999914e-11 2.600680259999999849e-11 2.801831159999999849e-11 3.012308109999999995e-11 3.232065660000000221e-11 3.461043260000000148e-11 3.699165279999999738e-11 3.946342209999999988e-11 4.202469619999999745e-11 4.467431289999999774e-11 4.741097789999999999e-11 5.023328629999999778e-11 5.313971829999999910e-11 5.612865730000000133e-11 5.919838920000000050e-11 6.234712049999999848e-11 6.557296370000000104e-11 6.887396900000000064e-11 7.224811719999999487e-11 7.569334049999999853e-11 7.920749469999999522e-11 8.278842199999999949e-11 8.643388779999999446e-11 9.014165109999999833e-11 9.390944269999999364e-11 9.773494509999999645e-11 1.016158549999999987e-10 1.055498330000000005e-10 1.095345409999999997e-10 1.135676410000000035e-10 1.176467949999999938e-10 1.217696500000000015e-10 1.259339019999999890e-10 1.301372200000000003e-10 1.343773150000000128e-10 1.386519089999999912e-10 1.429587280000000056e-10 1.472955509999999953e-10 1.516601709999999981e-10 1.560504089999999906e-10 1.604641139999999911e-10 1.648991919999999929e-10 1.693535590000000079e-10 1.738251629999999889e-10 1.783120039999999962e-10 1.828121400000000075e-10 1.873236290000000002e-10 1.918445959999999971e-10 1.963732090000000005e-10 2.009076789999999922e-10 2.054462570000000030e-10 2.099872220000000023e-10 2.145289359999999881e-10 2.190697620000000041e-10 2.236081459999999934e-10 2.281425600000000045e-10 2.326715070000000068e-10 2.371935980000000063e-10 2.417074040000000118e-10
4.885387229999999903e-12 1.218851239999999950e-11 1.828033899999999906e-11 2.120038869999999996e-11 2.155243870000000147e-11 2.043486209999999963e-11 1.866486480000000045e-11 1.671984770000000078e-11 1.484446419999999913e-11 1.314934620000000013e-11 1.167456500000000035e-11 1.042567770000000075e-11 9.392990729999999397e-12 8.561411130000000055e-12 7.915239640000000627e-12 7.440329600000000237e-12 7.124891820000000350e-12 6.959637730000000163e-12 6.937615410000000337e-12 7.053916909999999809e-12 7.305353370000000660e-12 7.690135850000000620e-12 8.207589120000000227e-12 8.857893589999999905e-12 9.641869769999999616e-12 1.056078839999999976e-11 1.161621580000000076e-11 1.280988250000000057e-11 1.414357259999999997e-11 1.561903900000000110e-11 1.723792980000000053e-11 1.900172899999999867e-11 2.091171329999999904e-11 2.296891670000000076e-11 2.517410760000000150e-11 2.752776829999999856e-11 3.003008260000000111e-11 3.268093780000000225e-11 3.547991410000000199e-11 3.842629340000000261e-11 4.151906599999999962e-11 4.475693080000000128e-11 4.813832320000000266e-11 5.166140779999999761e-11 5.532410640000000138e-11 5.912410840000000492e-11 6.305887759999999820e-11 6.712568700000000322e-11 7.132162220000000489e-11 7.564358170000000611e-11 8.008831790000000624e-11 8.465245870000000062e-11 8.933248589999999395e-11 9.412478440000000287e-11 9.902562800000000247e-11 1.040312210000000021e-10 1.091376989999999939e-10 1.143411339999999982e-10 1.196375500000000073e-10 1.250229500000000082e-10 1.304933110000000113e-10 1.360445649999999949e-10 1.416727009999999892e-10 1.473736550000000007e-10 1.531434009999999928e-10 1.589779560000000123e-10 1.648733090000000119e-10 1.708255480000000082e-10 1.768307580000000094e-10 1.828850819999999927e-10 1.889847310000000004e-10 1.951259429999999933e-10 2.013050279999999998e-10 2.075183910000000061e-10 2.137624519999999876e-10 2.200337549999999915e-10 2.263288859999999986e-10 2.326445009999999914e-10 2.389773379999999867e-10 2.453242609999999838e-10 2.516821750000000248e-10 2.580480550000000243e-10 2.644189589999999772e-10 2.707920829999999967e-10 2.771646520000000254e-10 2.835340020000000247e-10 2.898975499999999964e-10 2.962527720000000085e-10 3.025973079999999912e-10 3.089287709999999818e-10 3.152449410000000170e-10 3.215436810000000072e-10 3.278228519999999777e-10 3.340804579999999912e-10 3.403146379999999879e-10 3.465234770000000193e-10 3.527052820000000191e-10 3.588583039999999924e-10 3.649809899999999796e-10 3.710717569999999911e-10
6.924765880000000072e-12 1.730442869999999845e-11 2.595258209999999926e-11 3.009631779999999867e-11 3.059761819999999799e-11 2.901803449999999987e-11 2.651914279999999882e-11 2.378018960000000045e-11 2.115035060000000140e-11 1.878891829999999970e-11 1.675532629999999893e-11 1.506022039999999884e-11 1.369271800000000030e-11 1.263429550000000063e-11 1.186551809999999942e-11 1.136902980000000077e-11 1.113064240000000049e-11 1.113948600000000034e-11 1.138773969999999953e-11 1.187018109999999964e-11 1.258370139999999938e-11 1.352684200000000009e-11 1.469937019999999991e-11 1.610191490000000162e-11 1.773566540000000027e-11 1.960210639999999991e-11 2.170280620000000113e-11 2.403926020000000122e-11 2.661274329999999944e-11 2.942420610000000168e-11 3.247420739999999771e-11 3.576284750000000020e-11 3.928973469999999952e-11 4.305394929999999791e-11 4.705406200000000069e-11 5.128809879999999925e-11 5.575357879999999932e-11 6.044751500000000206e-11 6.536643449999999633e-11 7.050640629999999409e-11 7.586308660000000169e-11 8.143171549999999527e-11 8.720717199999999780e-11 9.318401609999999674e-11 9.935649529999999625e-11 1.057185940000000005e-10 1.122640590000000056e-10 1.189864459999999978e-10 1.258791130000000074e-10 1.329353159999999927e-10 1.401481569999999915e-10 1.475106700000000020e-10 1.550158199999999892e-10 1.626565270000000021e-10 1.704256869999999981e-10 1.783162370000000034e-10 1.863210839999999886e-10 1.944332059999999969e-10 2.026455949999999898e-10 2.109513669999999999e-10 2.193436820000000079e-10 2.278157940000000098e-10 2.363610700000000088e-10 2.449730139999999773e-10 2.536451879999999859e-10 2.623713469999999773e-10 2.711453840000000127e-10 2.799612760000000211e-10 2.888131960000000184e-10 2.976954520000000017e-10 3.066024930000000172e-10 3.155289919999999818e-10 3.244697010000000198e-10 3.334195700000000206e-10 3.423737129999999941e-10 3.513274119999999956e-10 3.602760590000000018e-10 3.692153250000000017e-10 3.781409069999999863e-10 3.870487820000000050e-10 3.959350069999999983e-10 4.047958079999999976e-10 4.136276039999999844e-10 4.224269549999999891e-10 4.311905549999999773e-10 4.399152429999999919e-10 4.485980479999999917e-10 4.572360820000000155e-10 4.658266550000000227e-10 4.743672119999999537e-10 4.828552560000000277e-10 4.912885100000000484e-10 4.996648100000000333e-10 5.079820450000000496e-10 5.162382739999999915e-10 5.244317760000000094e-10 5.325607179999999821e-10 5.406236009999999945e-10 5.486189280000000158e-10 5.565452540000000197e-10
9.823536079999999558e-12 2.458133350000000144e-11 3.686320690000000225e-11 4.274573749999999934e-11 4.346151560000000027e-11 4.123269429999999731e-11 3.771204879999999834e-11 3.386751300000000067e-11 3.019888159999999715e-11 2.693690409999999919e-11 2.417096040000000087e-11 2.192138830000000039e-11 2.017795480000000041e-11 1.891938860000000023e-11 1.812277929999999965e-11 1.776767969999999869e-11 1.783756299999999868e-11 1.831996010000000069e-11 1.920603780000000117e-11 2.048992749999999867e-11 2.216804169999999989e-11 2.423841340000000026e-11 2.670012819999999861e-11 2.955283929999999830e-11 3.279637330000000264e-11 3.643040730000000295e-11 4.045423369999999787e-11 4.486656530000000045e-11 4.966540719999999971e-11 5.484795949999999817e-11 6.041057239999999567e-11 6.634871120000000142e-11 7.265696379999999636e-11 7.932904329999999929e-11 8.635783749999999523e-11 9.373544300000000364e-11 1.014532210000000007e-10 1.095018590000000035e-10 1.178714209999999891e-10 1.265514499999999890e-10 1.355309610000000017e-10 1.447985900000000069e-10 1.543426220000000082e-10 1.641510400000000025e-10 1.742116170000000080e-10 1.845119199999999883e-10 1.950394569999999961e-10 2.057816279999999955e-10 2.167258179999999875e-10 2.278594810000000062e-10 2.391700729999999966e-10 2.506452270000000252e-10 2.622726479999999932e-10 2.740402069999999882e-10 2.859360530000000126e-10 2.979484160000000058e-10 3.100658899999999879e-10 3.222772599999999927e-10 3.345715650000000063e-10 3.469381729999999918e-10 3.593666749999999956e-10 3.718470529999999861e-10 3.843695640000000195e-10 3.969247430000000151e-10 4.095034589999999946e-10 4.220969409999999806e-10 4.346967230000000103e-10 4.472946179999999782e-10 4.598828259999999828e-10 4.724538540000000220e-10 4.850004289999999881e-10 4.975156950000000074e-10 5.099931589999999831e-10 5.224264349999999639e-10 5.348096410000000312e-10 5.471371130000000172e-10 5.594034120000000327e-10 5.716034309999999925e-10 5.837323399999999906e-10 5.957855879999999783e-10 6.077588989999999946e-10 6.196482220000000469e-10 6.314497259999999851e-10 6.431598590000000336e-10 6.547752899999999949e-10 6.662928540000000389e-10 6.777097770000000505e-10 6.890233379999999648e-10 7.002310399999999494e-10 7.113306060000000146e-10 7.223199259999999636e-10 7.331971140000000388e-10 7.439604489999999770e-10 7.546083200000000050e-10 7.651392850000000271e-10 7.755521230000000428e-10 7.858457770000000171e-10 7.960191389999999566e-10 8.060715429999999551e-10 8.160021549999999577e-10
1.394917429999999928e-11 3.494336760000000303e-11 5.239505009999999701e-11 6.075085569999999661e-11 6.177720829999999969e-11 5.864043969999999588e-11 5.369566599999999845e-11 4.832514940000000079e-11 4.324697889999999691e-11 3.879785379999999969e-11 3.511407830000000079e-11 3.223385100000000141e-11 3.015144729999999918e-11 2.884461770000000062e-11 2.828760490000000035e-11 2.845682020000000083e-11 2.933275839999999979e-11 3.090016440000000241e-11 3.314742579999999702e-11 3.606567819999999761e-11 3.964790649999999680e-11 4.388811540000000078e-11 4.878064269999999796e-11 5.431959399999999784e-11 6.049842570000000351e-11 6.730961620000000277e-11 7.474447449999999985e-11 8.279298769999999524e-11 9.144374150000000114e-11 1.006839399999999948e-10 1.104994010000000029e-10 1.208746440000000104e-10 1.317929379999999944e-10 1.432364369999999929e-10 1.551863079999999974e-10 1.676227770000000055e-10 1.805253590000000117e-10 1.938728899999999995e-10 2.076437220000000093e-10 2.218158020000000092e-10 2.363668430000000003e-10 2.512743069999999872e-10 2.665157260000000023e-10 2.820685349999999765e-10 2.979103629999999917e-10 3.140190890000000025e-10 3.303727569999999748e-10 3.469498299999999936e-10 3.637291859999999765e-10 3.806900629999999969e-10 3.978123109999999906e-10 4.150762229999999745e-10 4.324626489999999962e-10 4.499531030000000216e-10 4.675296259999999651e-10 4.851749000000000013e-10 5.028722990000000065e-10 5.206057250000000065e-10 5.383598569999999524e-10 5.561199280000000501e-10 5.738717830000000063e-10 5.916021009999999958e-10 6.092979450000000016e-10 6.269471050000000192e-10 6.445380900000000006e-10 6.620598509999999844e-10 6.795020660000000223e-10 6.968548520000000119e-10 7.141089939999999523e-10 7.312557780000000477e-10 7.482870989999999685e-10 7.651952959999999774e-10 7.819731530000000449e-10 7.986140639999999636e-10 8.151118110000000342e-10 8.314606779999999815e-10 8.476553350000000505e-10 8.636908969999999866e-10 8.795628670000000438e-10 8.952671380000000420e-10 9.107999909999999993e-10 9.261579840000000096e-10 9.413381189999999320e-10 9.563377870000000763e-10 9.711542680000000097e-10 9.857857860000000512e-10 1.000230229999999958e-09 1.014486159999999933e-09 1.028552239999999980e-09 1.042427480000000032e-09 1.056110750000000018e-09 1.069601629999999928e-09 1.082899659999999988e-09 1.096004620000000045e-09 1.108916289999999947e-09 1.121635009999999966e-09 1.134160879999999929e-09 1.146494339999999934e-09 1.158635960000000038e-09 1.170586630000000071e-09
1.983034220000000137e-11 4.971953059999999781e-11 7.453541950000000403e-11 8.641443810000000162e-11 8.789551029999999791e-11 8.349839569999999724e-11 7.658563370000000041e-11 6.913677269999999475e-11 6.218832389999999914e-11 5.623539480000000192e-11 5.148812279999999690e-11 4.801609800000000222e-11 4.582457330000000321e-11 4.489272500000000226e-11 4.519180169999999750e-11 4.669297589999999806e-11 4.937006009999999901e-11 5.319986119999999853e-11 5.816151029999999879e-11 6.423547800000000293e-11 7.140261299999999651e-11 7.964327110000000040e-11 8.893669830000000233e-11 9.926052339999999996e-11 1.105904949999999977e-10 1.229003009999999962e-10 1.361615130000000121e-10 1.503436539999999973e-10 1.654143210000000069e-10 1.813393049999999970e-10 1.980827859999999952e-10 2.156076149999999924e-10 2.338754469999999868e-10 2.528470769999999973e-10 2.724825920000000218e-10 2.927416360000000028e-10 3.135835760000000136e-10 3.349677759999999903e-10 3.568537970000000019e-10 3.792015039999999827e-10 4.019711789999999979e-10 4.251238809999999862e-10 4.486213070000000090e-10 4.724260429999999620e-10 4.965017840000000391e-10 5.208130590000000235e-10 5.453256740000000414e-10 5.700065419999999599e-10 5.948238010000000365e-10 6.197468650000000503e-10 6.447463669999999996e-10 6.697943310000000199e-10 6.948638890000000334e-10 7.199296710000000384e-10 7.449674209999999916e-10 7.699543229999999569e-10 7.948685599999999611e-10 8.196898160000000379e-10 8.443987730000000348e-10 8.689773899999999867e-10 8.934087360000000140e-10 9.176769900000000116e-10 9.417674420000000053e-10 9.656663249999998996e-10 9.893608149999999949e-10 1.012839479999999947e-09 1.036091100000000027e-09 1.059106140000000047e-09 1.081875150000000099e-09 1.104390020000000036e-09 1.126643330000000099e-09 1.148628079999999918e-09 1.170338490000000008e-09 1.191768910000000015e-09 1.212914770000000055e-09 1.233771859999999983e-09 1.254336520000000041e-09 1.274605870000000013e-09 1.294577219999999910e-09 1.314248709999999926e-09 1.333618549999999943e-09 1.352685629999999981e-09 1.371449179999999919e-09 1.389908850000000058e-09 1.408064660000000075e-09 1.425916829999999914e-09 1.443465899999999913e-09 1.460712769999999947e-09 1.477658660000000072e-09 1.494305010000000087e-09 1.510653379999999909e-09 1.526705539999999978e-09 1.542463710000000052e-09 1.557930010000000061e-09 1.573106870000000077e-09 1.587996849999999923e-09 1.602602719999999944e-09 1.616927039999999965e-09 1.630972909999999939e-09 1.644743449999999910e-09
2.823083090000000050e-11 7.082909950000000292e-11 1.061523159999999959e-10 1.230606870000000019e-10 1.252178499999999948e-10 1.190909730000000116e-10 1.094935950000000022e-10 9.927066810000000448e-11 8.992593479999999904e-11 8.219237789999999556e-11 7.639524430000000039e-11 7.265578420000000043e-11 7.099829750000000310e-11 7.140386200000000019e-11 7.383582629999999830e-11 7.825108620000000138e-11 8.460440679999999510e-11 9.284953359999999691e-11 1.029389770000000060e-10 1.148234080000000002e-10 1.284510689999999965e-10 1.437673040000000059e-10 1.607143170000000105e-10 1.792312130000000066e-10 1.992540299999999969e-10 2.207160700000000075e-10 2.435481819999999991e-10 2.676792119999999846e-10 2.930364560000000256e-10 3.195459730000000189e-10 3.471332109999999934e-10 3.757232299999999865e-10 4.052413400000000121e-10 4.356132680000000079e-10 4.667655150000000097e-10 4.986259179999999971e-10 5.311234789999999698e-10 5.641891399999999872e-10 5.977555669999999927e-10 6.317574239999999585e-10 6.661317049999999999e-10 7.008177369999999956e-10 7.357571220000000325e-10 7.708941260000000294e-10 8.061754600000000433e-10 8.415504399999999484e-10 8.769708289999999521e-10 9.123911630000000211e-10 9.477684189999999734e-10 9.830620760000001022e-10 1.018234049999999955e-09 1.053248819999999973e-09 1.088073190000000094e-09 1.122676059999999917e-09 1.157028920000000033e-09 1.191104879999999976e-09 1.224879640000000064e-09 1.258330659999999979e-09 1.291437180000000093e-09 1.324180539999999998e-09 1.356543540000000003e-09 1.388510859999999897e-09 1.420068510000000020e-09 1.451204269999999907e-09 1.481907039999999950e-09 1.512167389999999913e-09 1.541976769999999967e-09 1.571328179999999948e-09 1.600215519999999980e-09 1.628633670000000001e-09 1.656578759999999937e-09 1.684047679999999995e-09 1.711038090000000092e-09 1.737548660000000092e-09 1.763578620000000081e-09 1.789128070000000092e-09 1.814197569999999930e-09 1.838788340000000066e-09 1.862902280000000074e-09 1.886541809999999979e-09 1.909709499999999856e-09 1.932408460000000118e-09 1.954642450000000144e-09 1.976415699999999958e-09 1.997731980000000018e-09 2.018596179999999980e-09 2.039012959999999923e-09 2.058987649999999810e-09 2.078525570000000177e-09 2.097631850000000097e-09 2.116312680000000053e-09 2.134573410000000097e-09 2.152420240000000136e-09 2.169858960000000114e-09 2.186896220000000084e-09 2.203537800000000149e-09 2.219790129999999797e-09 2.235659440000000102e-09 2.251152379999999876e-09 2.266274950000000205e-09
4.025994820000000090e-11 1.010582380000000018e-10 1.514061519999999990e-10 1.755147280000000119e-10 1.786976960000000019e-10 1.702379210000000067e-10 1.570491100000000063e-10 1.432364920000000053e-10 1.309920640000000071e-10 1.214048579999999889e-10 1.149747449999999973e-10 1.119000859999999941e-10 1.122288509999999989e-10 1.159346509999999971e-10 1.229536610000000125e-10 1.332019220000000007e-10 1.465830099999999922e-10 1.629914539999999968e-10 1.823142050000000057e-10 2.044315550000000110e-10 2.292177420000000127e-10 2.565418159999999887e-10 2.862683980000000031e-10 3.182587799999999886e-10 3.523717149999999823e-10 3.884645659999999817e-10 4.263941980000000198e-10 4.660179460000000004e-10 5.071944529999999875e-10 5.497842180000000313e-10 5.936505730000000010e-10 6.386601800000000212e-10 6.846833659999999990e-10 7.315945630000000335e-10 7.792729790000000340e-10 8.276023200000000116e-10 8.764714509999999640e-10 9.257743459999999617e-10 9.754100860000000578e-10 1.025283300000000018e-09 1.075303509999999918e-09 1.125385779999999997e-09 1.175450400000000034e-09 1.225422429999999961e-09 1.275232359999999915e-09 1.324815150000000089e-09 1.374110830000000103e-09 1.423063779999999928e-09 1.471622929999999953e-09 1.519741220000000023e-09 1.567376010000000030e-09 1.614488100000000092e-09 1.661042410000000070e-09 1.707007089999999943e-09 1.752353710000000038e-09 1.797057059999999927e-09 1.841094609999999958e-09 1.884447040000000092e-09 1.927097370000000169e-09 1.969030939999999817e-09 2.010236199999999904e-09 2.050702499999999930e-09 2.090422280000000132e-09 2.129389550000000090e-09 2.167599659999999975e-09 2.205049920000000006e-09 2.241739019999999931e-09 2.277667170000000064e-09 2.312835699999999919e-09 2.347247289999999856e-09 2.380905030000000196e-09 2.413814040000000173e-09 2.445979420000000172e-09 2.477407390000000191e-09 2.508104829999999858e-09 2.538079519999999917e-09 2.567339450000000184e-09 2.595893719999999839e-09 2.623750770000000082e-09 2.650920820000000119e-09 2.677413400000000010e-09 2.703238970000000027e-09 2.728407940000000016e-09 2.752930769999999837e-09 2.776818770000000034e-09 2.800082830000000108e-09 2.822734049999999876e-09 2.844783520000000143e-09 2.866243020000000032e-09 2.887123430000000032e-09 2.907436510000000006e-09 2.927193379999999858e-09 2.946405560000000035e-09 2.965083960000000126e-09 2.983240319999999904e-09 3.000885539999999948e-09 3.018030709999999823e-09 3.034686719999999856e-09 3.050864450000000125e-09 3.066574770000000041e-09
5.753894930000000011e-11 1.444764029999999995e-10 2.163689920000000110e-10 2.508259159999999961e-10 2.556045929999999838e-10 2.440829480000000204e-10 2.262306039999999903e-10 2.079957319999999974e-10 1.925836159999999893e-10 1.816082839999999984e-10 1.758213850000000112e-10 1.755200289999999894e-10 1.807621969999999996e-10 1.914769729999999982e-10 2.075203060000000065e-10 2.287033620000000111e-10 2.548075359999999962e-10 2.855931879999999980e-10 3.208051879999999897e-10 3.601773600000000178e-10 4.034358960000000138e-10 4.503026290000000234e-10 5.004978100000000447e-10 5.537426629999999851e-10 6.097616299999999939e-10 6.682842059999999512e-10 7.290467119999999943e-10 7.917936309999999959e-10 8.562786590000000484e-10 9.222654859999999516e-10 9.895284590000000156e-10 1.057853139999999948e-09 1.127036579999999931e-09 1.196886919999999917e-09 1.267224329999999947e-09 1.337880030000000067e-09 1.408696600000000059e-09 1.479527610000000063e-09 1.550237379999999924e-09 1.620700459999999978e-09 1.690801389999999981e-09 1.760434580000000022e-09 1.829503100000000099e-09 1.897919159999999978e-09 1.965603239999999870e-09 2.032483510000000122e-09 2.098495599999999984e-09 2.163582199999999965e-09 2.227692919999999966e-09 2.290783120000000067e-09 2.352814390000000185e-09 2.413752979999999899e-09 2.473571130000000040e-09 2.532245299999999968e-09 2.589756190000000149e-09 2.646088679999999817e-09 2.701231679999999820e-09 2.755176750000000197e-09 2.807919450000000195e-09 2.859457559999999851e-09 2.909792179999999929e-09 2.958925989999999959e-09 3.006864540000000057e-09 3.053614920000000167e-09 3.099186240000000132e-09 3.143589389999999866e-09 3.186836130000000057e-09 3.228939999999999812e-09 3.269915450000000013e-09 3.309778010000000152e-09 3.348543889999999853e-09 3.386230629999999911e-09 3.422855780000000130e-09 3.458437540000000107e-09 3.492995229999999880e-09 3.526547279999999864e-09 3.559113889999999882e-09 3.590714389999999808e-09 3.621368760000000139e-09 3.651097199999999869e-09 3.679919480000000006e-09 3.707855799999999958e-09 3.734926149999999647e-09 3.761150499999999729e-09 3.786548850000000377e-09 3.811140290000000396e-09 3.834945250000000013e-09 3.857982819999999688e-09 3.880271660000000242e-09 3.901830859999999651e-09 3.922679069999999728e-09 3.942834949999999635e-09 3.962316250000000069e-09 3.981140310000000105e-09 3.999325760000000222e-09 4.016888599999999731e-09 4.033846149999999686e-09 4.050214830000000026e-09 4.066010640000000063e-09 4.081249560000000257e-09
8.245450849999999854e-11 2.070681400000000010e-10 3.099627499999999800e-10 3.593678130000000192e-10 3.666992539999999807e-10 3.513302429999999820e-10 3.276993400000000228e-10 3.044539069999999801e-10 2.862795280000000045e-10 2.755418669999999849e-10 2.733255290000000246e-10 2.800185360000000139e-10 2.956249129999999952e-10 3.199299159999999779e-10 3.525880420000000143e-10 3.931721609999999981e-10 4.412029349999999807e-10 4.961681069999999776e-10 5.575360170000000414e-10 6.247664050000000166e-10 6.973186469999999772e-10 7.746583370000000063e-10 8.562632269999999805e-10 9.416269989999999121e-10 1.030263209999999945e-09 1.121707390000000002e-09 1.215518910000000062e-09 1.311282640000000019e-09 1.408608789999999944e-09 1.507133420000000083e-09 1.606518810000000025e-09 1.706451979999999965e-09 1.806644830000000090e-09 1.906833140000000050e-09 2.006775189999999844e-09 2.106251399999999868e-09 2.205062580000000154e-09 2.303028880000000033e-09 2.399989319999999971e-09 2.495799790000000103e-09 2.590332839999999921e-09 2.683475220000000133e-09 2.775128789999999894e-09 2.865207399999999868e-09 2.953637780000000189e-09 3.040357520000000154e-09 3.125314010000000115e-09 3.208465049999999855e-09 3.289776009999999997e-09 3.369220899999999949e-09 3.446780860000000070e-09 3.522443229999999797e-09 3.596201999999999862e-09 3.668055860000000012e-09 3.738009010000000345e-09 3.806069240000000202e-09 3.872249190000000055e-09 3.936564850000000203e-09 3.999033990000000190e-09 4.059679700000000096e-09 4.118524629999999699e-09 4.175595420000000209e-09 4.230920500000000269e-09 4.284529179999999955e-09 4.336452090000000265e-09 4.386721210000000143e-09 4.435369850000000115e-09 4.482431760000000188e-09 4.527940690000000364e-09 4.571931719999999752e-09 4.614439939999999775e-09 4.655500430000000366e-09 4.695148269999999805e-09 4.733418989999999820e-09 4.770347230000000041e-09 4.805968509999999877e-09 4.840316589999999999e-09 4.873426550000000340e-09 4.905332140000000079e-09 4.936066669999999741e-09 4.965662989999999871e-09 4.994153540000000224e-09 5.021570709999999709e-09 5.047945619999999644e-09 5.073309329999999837e-09 5.097691599999999685e-09 5.121122190000000236e-09 5.143629520000000292e-09 5.165242899999999933e-09 5.185989419999999688e-09 5.205895710000000104e-09 5.224988890000000398e-09 5.243293800000000380e-09 5.260835770000000184e-09 5.277639660000000125e-09 5.293728570000000122e-09 5.309126029999999735e-09 5.323854250000000088e-09 5.337934979999999842e-09 5.351389999999999653e-09
1.185482410000000060e-10 2.976966450000000118e-10 4.453854509999999908e-10 5.165167179999999701e-10 5.280489930000000341e-10 5.081911000000000195e-10 4.779403539999999906e-10 4.498866279999999761e-10 4.308416399999999987e-10 4.241945680000000110e-10 4.314077709999999990e-10 4.528678269999999758e-10 4.883511369999999509e-10 5.372793880000000134e-10 5.988636249999999540e-10 6.721905809999999743e-10 7.562773740000000461e-10 8.501089279999999745e-10 9.526645029999999138e-10 1.062937400000000052e-09 1.179949360000000090e-09 1.302761450000000004e-09 1.430481400000000039e-09 1.562268760000000084e-09 1.697338159999999924e-09 1.834960849999999898e-09 1.974464809999999945e-09 2.115233990000000139e-09 2.256707270000000201e-09 2.398375939999999847e-09 2.539781050000000016e-09 2.680511590000000135e-09 2.820200520000000084e-09 2.958522539999999978e-09 3.095191440000000149e-09 3.229955860000000046e-09 3.362598419999999941e-09 3.492930830000000030e-09 3.620793660000000034e-09 3.746051909999999931e-09 3.868593450000000042e-09 3.988327890000000340e-09 4.105182420000000113e-09 4.219102840000000284e-09 4.330049210000000362e-09 4.437994859999999621e-09 4.542926479999999774e-09 4.644840959999999995e-09 4.743745840000000372e-09 4.839656679999999908e-09 4.932596110000000359e-09 5.022593900000000129e-09 5.109686009999999764e-09 5.193913299999999715e-09 5.275320620000000216e-09 5.353956389999999828e-09 5.429872999999999702e-09 5.503124179999999923e-09 5.573767229999999733e-09 5.641859869999999830e-09 5.707462060000000136e-09 5.770634190000000215e-09 5.831438000000000062e-09 5.889934320000000372e-09 5.946186210000000403e-09 6.000254070000000383e-09 6.052200960000000396e-09 6.102086840000000365e-09 6.149972979999999638e-09 6.195919329999999955e-09 6.239984969999999800e-09 6.282228070000000013e-09 6.322705910000000161e-09 6.361475350000000005e-09 6.398590990000000406e-09 6.434107019999999779e-09 6.468076299999999919e-09 6.500550760000000340e-09 6.531580610000000339e-09 6.561215569999999718e-09 6.589502719999999753e-09 6.616489580000000372e-09 6.642221000000000156e-09 6.666741380000000023e-09 6.690093370000000334e-09 6.712319140000000138e-09 6.733459120000000247e-09 6.753551940000000070e-09 6.772636670000000151e-09 6.790748850000000404e-09 6.807925330000000168e-09 6.824200320000000256e-09 6.839607550000000171e-09 6.854178999999999684e-09 6.867945769999999611e-09 6.880938929999999598e-09 6.893187350000000246e-09 6.904719460000000196e-09 6.915562349999999975e-09 6.925742650000000133e-09
1.711192440000000025e-10 4.295740709999999746e-10 6.422762320000000261e-10 7.452083950000000407e-10 7.638259469999999550e-10 7.394342359999999891e-10 7.026638160000000121e-10 6.718127720000000020e-10 6.566607259999999511e-10 6.618841029999999901e-10 6.892432739999999540e-10 7.388471500000000091e-10 8.098647309999999543e-10 9.009292760000000319e-10 1.010376340000000012e-09 1.136390980000000066e-09 1.277102310000000018e-09 1.430647490000000003e-09 1.595214739999999935e-09 1.769072560000000002e-09 1.950589690000000049e-09 2.138246020000000193e-09 2.330639679999999948e-09 2.526489239999999953e-09 2.724632080000000094e-09 2.924021689999999877e-09 3.123722839999999875e-09 3.322905510000000115e-09 3.520838069999999895e-09 3.716881250000000078e-09 3.910479049999999618e-09 4.101154529999999757e-09 4.288499329999999939e-09 4.472171079999999719e-09 4.651884210000000213e-09 4.827404249999999801e-09 4.998544250000000102e-09 5.165158520000000001e-09 5.327137839999999757e-09 5.484405370000000350e-09 5.636913159999999732e-09 5.784638099999999800e-09 5.927579760000000086e-09 6.065755450000000152e-09 6.199200709999999912e-09 6.327964370000000374e-09 6.452107740000000235e-09 6.571702289999999615e-09 6.686828420000000155e-09 6.797573169999999986e-09 6.904030240000000026e-09 7.006298650000000077e-09 7.104479230000000351e-09 7.198677650000000287e-09 7.289000509999999952e-09 7.375556610000000114e-09 7.458455189999999365e-09 7.537804160000000505e-09 7.613714989999999859e-09 7.686294270000000138e-09 7.755651229999999268e-09 7.821890690000000555e-09 7.885118339999999803e-09 7.945437199999999744e-09 8.002948530000000231e-09 8.057750909999999932e-09 8.109942050000000050e-09 8.159616090000000154e-09 8.206865410000000245e-09 8.251780589999999749e-09 8.294448680000000772e-09 8.334954949999999560e-09 8.373381989999999444e-09 8.409809740000000430e-09 8.444316359999999971e-09 8.476977340000000789e-09 8.507865520000000626e-09 8.537050180000000392e-09 8.564600579999999664e-09 8.590582470000000377e-09 8.615059779999999253e-09 8.638093799999999451e-09 8.659742260000000680e-09 8.680064670000000236e-09 8.699114320000000384e-09 8.716944500000000079e-09 8.733606730000000524e-09 8.749150740000000530e-09 8.763622720000000099e-09 8.777069739999999842e-09 8.789533550000000660e-09 8.801058550000000163e-09 8.811684719999999845e-09 8.821450240000000628e-09 8.830392419999999350e-09 8.838548559999999630e-09 8.845953300000000268e-09 8.852638620000000208e-09 8.858637380000000660e-09 8.863979769999999834e-09
2.481604640000000085e-10 6.224964990000000493e-10 9.299752630000000410e-10 1.079796809999999990e-09 1.110576849999999932e-09 1.083100170000000047e-09 1.042098630000000049e-09 1.014004880000000039e-09 1.012567140000000028e-09 1.043878870000000051e-09 1.109635269999999925e-09 1.209051969999999963e-09 1.339969469999999992e-09 1.499497080000000064e-09 1.684397400000000096e-09 1.891323540000000094e-09 2.116968820000000100e-09 2.358159219999999888e-09 2.611912909999999862e-09 2.875472749999999840e-09 3.146322979999999986e-09 3.422194080000000130e-09 3.701058789999999818e-09 3.981123880000000327e-09 4.260817029999999980e-09 4.538771579999999627e-09 4.813812459999999736e-09 5.084936919999999948e-09 5.351300290000000173e-09 5.612200479999999777e-09 5.867061500000000275e-09 6.115419729999999792e-09 6.356912329999999959e-09 6.591262650000000271e-09 6.818272169999999812e-09 7.037807670000000290e-09 7.249794100000000112e-09 7.454207029999999433e-09 7.651062009999999902e-09 7.840412759999999285e-09 8.022343679999999673e-09 8.196962219999999748e-09 8.364398950000000270e-09 8.524801309999999600e-09 8.678330050000000177e-09 8.825157490000000352e-09 8.965463039999999248e-09 9.099433209999999906e-09 9.227259849999999788e-09 9.349135690000000278e-09 9.465256130000000799e-09 9.575814809999999550e-09 9.681006220000000791e-09 9.781022210000000332e-09 9.876053749999999987e-09 9.966285570000000244e-09 1.005190239999999994e-08 1.013308280000000040e-08 1.021000259999999928e-08 1.028283060000000076e-08 1.035173370000000013e-08 1.041687359999999932e-08 1.047840479999999959e-08 1.053648010000000003e-08 1.059124609999999938e-08 1.064284309999999936e-08 1.069140780000000054e-08 1.073707260000000044e-08 1.077996449999999985e-08 1.082020519999999951e-08 1.085791280000000068e-08 1.089320099999999988e-08 1.092617820000000026e-08 1.095694820000000014e-08 1.098561330000000071e-08 1.101226840000000080e-08 1.103700690000000038e-08 1.105991739999999958e-08 1.108108450000000056e-08 1.110059069999999983e-08 1.111851320000000050e-08 1.113492760000000020e-08 1.114990500000000008e-08 1.116351539999999929e-08 1.117582290000000008e-08 1.118689139999999965e-08 1.119678130000000070e-08 1.120554939999999985e-08 1.121325170000000005e-08 1.121993959999999949e-08 1.122566479999999976e-08 1.123047519999999958e-08 1.123441519999999988e-08 1.123753090000000046e-08 1.123986329999999950e-08 1.124145310000000005e-08 1.124233770000000079e-08 1.124255440000000039e-08 1.124213789999999997e-08 1.124112180000000032e-08
3.618160219999999888e-10 9.062099399999999565e-10 1.352365110000000090e-09 1.571784260000000081e-09 1.623615910000000003e-09 1.597618699999999906e-09 1.558988489999999902e-09 1.545475639999999936e-09 1.575819590000000079e-09 1.657292530000000074e-09 1.790633419999999983e-09 1.972996649999999874e-09 2.199672889999999964e-09 2.465095679999999881e-09 2.763435920000000150e-09 3.088955979999999930e-09 3.436215309999999942e-09 3.800186829999999615e-09 4.176313519999999990e-09 4.560527960000000185e-09 4.949247229999999909e-09 5.339352520000000238e-09 5.728158840000000413e-09 6.113383580000000063e-09 6.493106499999999843e-09 6.865734199999999715e-09 7.229965959999999792e-09 7.584757710000000114e-09 7.929290999999999517e-09 8.262944109999999496e-09 8.585267609999999557e-09 8.895955970000000409e-09 9.194828900000000663e-09 9.481815330000000330e-09 9.756928599999999691e-09 1.002025929999999967e-08 1.027196019999999982e-08 1.051223109999999932e-08 1.074131629999999994e-08 1.095948839999999925e-08 1.116704680000000003e-08 1.136430949999999945e-08 1.155160589999999992e-08 1.172927620000000070e-08 1.189766599999999948e-08 1.205711970000000014e-08 1.220798400000000072e-08 1.235060229999999984e-08 1.248531319999999955e-08 1.261244709999999930e-08 1.273233070000000065e-08 1.284527949999999997e-08 1.295160330000000004e-08 1.305159979999999982e-08 1.314555840000000057e-08 1.323375900000000052e-08 1.331647059999999939e-08 1.339395350000000076e-08 1.346645639999999952e-08 1.353421909999999933e-08 1.359747249999999934e-08 1.365643600000000001e-08 1.371132099999999925e-08 1.376232910000000010e-08 1.380965560000000031e-08 1.385348370000000037e-08 1.389399000000000033e-08 1.393134319999999936e-08 1.396570410000000076e-08 1.399722650000000060e-08 1.402605759999999950e-08 1.405233530000000004e-08 1.407619350000000025e-08 1.409775939999999932e-08 1.411715280000000068e-08 1.413448909999999978e-08 1.414987770000000004e-08 1.416342330000000010e-08 1.417522449999999997e-08 1.418537640000000017e-08 1.419396779999999924e-08 1.420108560000000006e-08 1.420680909999999979e-08 1.421121710000000038e-08 1.421438340000000055e-08 1.421637650000000062e-08 1.421726290000000028e-08 1.421710750000000037e-08 1.421596799999999944e-08 1.421390289999999958e-08 1.421096659999999994e-08 1.420720960000000007e-08 1.420268169999999931e-08 1.419742810000000048e-08 1.419149419999999986e-08 1.418492170000000081e-08 1.417774959999999923e-08 1.417001719999999936e-08 1.416175800000000030e-08 1.415300850000000047e-08
5.306484140000000515e-10 1.325417890000000071e-09 1.974923560000000184e-09 2.298140569999999941e-09 2.386352889999999986e-09 2.372219530000000081e-09 2.350211579999999898e-09 2.373321100000000175e-09 2.466031159999999804e-09 2.635820890000000142e-09 2.880725880000000091e-09 3.193880050000000158e-09 3.566154479999999830e-09 3.987676860000000101e-09 4.448690749999999690e-09 4.940028830000000320e-09 5.453353319999999892e-09 5.981259490000000088e-09 6.517289369999999821e-09 7.055900750000000244e-09 7.592405819999999418e-09 8.122895249999999873e-09 8.644158280000000670e-09 9.153599659999999219e-09 9.649168580000000380e-09 1.012927699999999987e-08 1.059274450000000057e-08 1.103872990000000037e-08 1.146668540000000001e-08 1.187630529999999965e-08 1.226748659999999953e-08 1.264029589999999939e-08 1.299493310000000008e-08 1.333171170000000061e-08 1.365102789999999991e-08 1.395334959999999988e-08 1.423919379999999989e-08 1.450911479999999962e-08 1.476369429999999922e-08 1.500352729999999975e-08 1.522922060000000108e-08 1.544137800000000048e-08 1.564060349999999858e-08 1.582749040000000086e-08 1.600262150000000120e-08 1.616656679999999933e-08 1.631987700000000039e-08 1.646308509999999892e-08 1.659670979999999980e-08 1.672124660000000050e-08 1.683717170000000062e-08 1.694494139999999839e-08 1.704499299999999919e-08 1.713774370000000036e-08 1.722359140000000135e-08 1.730291470000000043e-08 1.737607569999999887e-08 1.744341740000000013e-08 1.750526300000000136e-08 1.756192349999999913e-08 1.761369359999999970e-08 1.766084879999999990e-08 1.770365540000000024e-08 1.774236400000000121e-08 1.777720729999999921e-08 1.780841430000000109e-08 1.783619300000000034e-08 1.786074750000000083e-08 1.788226459999999923e-08 1.790092699999999918e-08 1.791690350000000156e-08 1.793035410000000112e-08 1.794142970000000130e-08 1.795027769999999945e-08 1.795703140000000001e-08 1.796181869999999909e-08 1.796476030000000042e-08 1.796597359999999841e-08 1.796556680000000108e-08 1.796363950000000048e-08 1.796028930000000125e-08 1.795560859999999976e-08 1.794968440000000057e-08 1.794259669999999942e-08 1.793442190000000080e-08 1.792523459999999872e-08 1.791510229999999980e-08 1.790409070000000017e-08 1.789226190000000143e-08 1.787967110000000133e-08 1.786637499999999973e-08 1.785242350000000097e-08 1.783786629999999939e-08 1.782275129999999866e-08 1.780711759999999967e-08 1.779100960000000004e-08 1.777446460000000008e-08 1.775751809999999951e-08 1.774020569999999976e-08 1.772256119999999838e-08
7.831599260000000348e-10 1.947123350000000027e-09 2.894775969999999838e-09 3.373061160000000135e-09 3.523470180000000009e-09 3.541581250000000074e-09 3.562911739999999948e-09 3.660145740000000070e-09 3.863502409999999927e-09 4.178474009999999816e-09 4.597429550000000182e-09 5.106522759999999744e-09 5.689621659999999996e-09 6.330478809999999705e-09 7.013869039999999752e-09 7.726130850000000349e-09 8.455369740000000012e-09 9.191464480000000540e-09 9.925971160000000412e-09 1.065197349999999985e-08 1.136390979999999942e-08 1.205740130000000057e-08 1.272908449999999983e-08 1.337646260000000036e-08 1.399776120000000065e-08 1.459181309999999922e-08 1.515795129999999851e-08 1.569591390000000107e-08 1.620577449999999892e-08 1.668786350000000143e-08 1.714272810000000106e-08 1.757106640000000030e-08 1.797370429999999939e-08 1.835155320000000099e-08 1.870558459999999882e-08 1.903680950000000082e-08 1.934625969999999840e-08 1.963497100000000081e-08 1.990397709999999841e-08 2.015429070000000136e-08 2.038690639999999913e-08 2.060279059999999869e-08 2.080287409999999897e-08 2.098805929999999978e-08 2.115920239999999941e-08 2.131713289999999925e-08 2.146263260000000036e-08 2.159645079999999840e-08 2.171929659999999938e-08 2.183184299999999947e-08 2.193472599999999955e-08 2.202854610000000082e-08 2.211387340000000136e-08 2.219124080000000065e-08 2.226115290000000072e-08 2.232408749999999837e-08 2.238048859999999947e-08 2.243077899999999985e-08 2.247535140000000059e-08 2.251457860000000144e-08 2.254881080000000151e-08 2.257837290000000016e-08 2.260357590000000058e-08 2.262470389999999902e-08 2.264203219999999887e-08 2.265581320000000118e-08 2.266628660000000130e-08 2.267367629999999946e-08 2.267819000000000066e-08 2.268002849999999942e-08 2.267937480000000114e-08 2.267640300000000011e-08 2.267127459999999984e-08 2.266414430000000165e-08 2.265515419999999956e-08 2.264443919999999853e-08 2.263212369999999850e-08 2.261832850000000159e-08 2.260316379999999991e-08 2.258673250000000144e-08 2.256913409999999986e-08 2.255045929999999926e-08 2.253079319999999865e-08 2.251021589999999874e-08 2.248880549999999962e-08 2.246662939999999960e-08 2.244375709999999934e-08 2.242025050000000036e-08 2.239616669999999938e-08 2.237156059999999898e-08 2.234648199999999852e-08 2.232098239999999951e-08 2.229510439999999899e-08 2.226889069999999900e-08 2.224238220000000098e-08 2.221561249999999911e-08 2.218861890000000031e-08 2.216143180000000104e-08 2.213408300000000152e-08 2.210659919999999866e-08
1.163245609999999976e-09 2.871245690000000018e-09 4.254701919999999661e-09 4.964111790000000047e-09 5.218883989999999860e-09 5.305563539999999669e-09 5.415773609999999955e-09 5.646370479999999877e-09 6.031860340000000163e-09 6.571794220000000300e-09 7.248394330000000087e-09 8.036804109999999696e-09 8.910693520000000757e-09 9.845143369999999690e-09 1.081797140000000047e-08 1.181020879999999993e-08 1.280610910000000069e-08 1.379292320000000016e-08 1.476057500000000080e-08 1.570129799999999848e-08 1.660928639999999868e-08 1.748036920000000025e-08 1.831172010000000057e-08 1.910160560000000125e-08 1.984917119999999958e-08 2.055426229999999919e-08 2.121726789999999838e-08 2.183900170000000009e-08 2.242058980000000099e-08 2.296339650000000088e-08 2.346895120000000090e-08 2.393888820000000091e-08 2.437490919999999907e-08 2.477874970000000101e-08 2.515213989999999910e-08 2.549679580000000103e-08 2.581439599999999925e-08 2.610656760000000124e-08 2.637488270000000026e-08 2.662085130000000119e-08 2.684591390000000165e-08 2.705143839999999929e-08 2.723872509999999998e-08 2.740900310000000012e-08 2.756342889999999946e-08 2.770309319999999991e-08 2.782902089999999897e-08 2.794217479999999914e-08 2.804345200000000020e-08 2.813369629999999980e-08 2.821369450000000061e-08 2.828418210000000050e-08 2.834584659999999859e-08 2.839932559999999962e-08 2.844521600000000030e-08 2.848407550000000139e-08 2.851642120000000064e-08 2.854273620000000149e-08 2.856346630000000048e-08 2.857903249999999945e-08 2.858982379999999999e-08 2.859619920000000073e-08 2.859849779999999892e-08 2.859703229999999995e-08 2.859209399999999906e-08 2.858395479999999855e-08 2.857286669999999936e-08 2.855906269999999964e-08 2.854276280000000005e-08 2.852416970000000068e-08 2.850347339999999923e-08 2.848084790000000154e-08 2.845645849999999909e-08 2.843045800000000088e-08 2.840298659999999867e-08 2.837417590000000131e-08 2.834415009999999877e-08 2.831302300000000086e-08 2.828089940000000128e-08 2.824788049999999919e-08 2.821405690000000032e-08 2.817951209999999986e-08 2.814432950000000123e-08 2.810858039999999903e-08 2.807233379999999871e-08 2.803565559999999978e-08 2.799860079999999992e-08 2.796122979999999851e-08 2.792359060000000096e-08 2.788573110000000100e-08 2.784769569999999957e-08 2.780952530000000142e-08 2.777125909999999920e-08 2.773292880000000137e-08 2.769457019999999948e-08 2.765621329999999979e-08 2.761788310000000033e-08 2.757960789999999856e-08 2.754141089999999855e-08 2.750331339999999883e-08
1.738604930000000014e-09 4.245774839999999962e-09 6.262258270000000197e-09 7.313776700000000135e-09 7.739338059999999913e-09 7.954580989999999703e-09 8.225574890000000648e-09 8.677051080000000609e-09 9.344125469999999954e-09 1.021424540000000015e-08 1.125340799999999928e-08 1.242084300000000043e-08 1.367657009999999926e-08 1.498489509999999950e-08 1.631568300000000018e-08 1.764448140000000030e-08 1.895209680000000098e-08 2.022392739999999966e-08 2.144925660000000142e-08 2.262056679999999876e-08 2.373292320000000017e-08 2.478344999999999883e-08 2.577087519999999954e-08 2.669516870000000099e-08 2.755723289999999966e-08 2.835867189999999900e-08 2.910157979999999986e-08 2.978840639999999897e-08 3.042181619999999704e-08 3.100461040000000025e-08 3.153963850000000208e-08 3.202976020000000258e-08 3.247778220000000143e-08 3.288645090000000060e-08 3.325840579999999941e-08 3.359619069999999813e-08 3.390221080000000244e-08 3.417876120000000117e-08 3.442800529999999902e-08 3.465196840000000137e-08 3.485256530000000319e-08 3.503157229999999994e-08 3.519065569999999837e-08 3.533136449999999925e-08 3.545514459999999862e-08 3.556332830000000263e-08 3.565716610000000126e-08 3.573780209999999693e-08 3.580630189999999844e-08 3.586365690000000087e-08 3.591076950000000073e-08 3.594848859999999894e-08 3.597759249999999712e-08 3.599879150000000165e-08 3.601275720000000162e-08 3.602009359999999768e-08 3.602136540000000274e-08 3.601709859999999918e-08 3.600776570000000032e-08 3.599381420000000156e-08 3.597564559999999689e-08 3.595364359999999777e-08 3.592814929999999880e-08 3.589948249999999934e-08 3.586794150000000018e-08 3.583379640000000305e-08 3.579729929999999733e-08 3.575867420000000148e-08 3.571814489999999750e-08 3.567589600000000123e-08 3.563211950000000107e-08 3.558697510000000328e-08 3.554061929999999983e-08 3.549319059999999682e-08 3.544482400000000089e-08 3.539564020000000254e-08 3.534574590000000105e-08 3.529524759999999892e-08 3.524423780000000083e-08 3.519280159999999917e-08 3.514101720000000232e-08 3.508896639999999995e-08 3.503670599999999695e-08 3.498430349999999993e-08 3.493181920000000000e-08 3.487929589999999756e-08 3.482679030000000242e-08 3.477434160000000060e-08 3.472199240000000237e-08 3.466977819999999755e-08 3.461773090000000126e-08 3.456588259999999893e-08 3.451426169999999960e-08 3.446289299999999795e-08 3.441180139999999694e-08 3.436100469999999896e-08 3.431052419999999920e-08 3.426037409999999888e-08 3.421056859999999922e-08 3.416112900000000205e-08
2.613634859999999936e-09 6.288170870000000164e-09 9.215436410000000111e-09 1.076749450000000020e-08 1.146429000000000074e-08 1.190073369999999964e-08 1.243849019999999937e-08 1.323204660000000059e-08 1.431053850000000003e-08 1.564080240000000077e-08 1.716524700000000116e-08 1.882198039999999845e-08 2.055432979999999920e-08 2.231456799999999958e-08 2.406465070000000025e-08 2.577556479999999891e-08 2.742610050000000081e-08 2.900150699999999891e-08 3.049220249999999937e-08 3.189265390000000029e-08 3.320042550000000114e-08 3.441540740000000162e-08 3.553918759999999839e-08 3.657456920000000324e-08 3.752518650000000173e-08 3.839520699999999719e-08 3.918912130000000167e-08 3.991155850000000020e-08 4.056718339999999747e-08 4.116058250000000136e-08 4.169621800000000161e-08 4.217838169999999981e-08 4.261115899999999794e-08 4.299841190000000288e-08 4.334377480000000187e-08 4.365066179999999964e-08 4.392224180000000213e-08 4.416147450000000155e-08 4.437109879999999914e-08 4.455364790000000170e-08 4.471147010000000176e-08 4.484671479999999958e-08 4.496137859999999965e-08 4.505728409999999732e-08 4.513610819999999939e-08 4.519939619999999720e-08 4.524855509999999919e-08 4.528487810000000070e-08 4.530955519999999725e-08 4.532366299999999786e-08 4.532820340000000261e-08 4.532407520000000022e-08 4.531210959999999758e-08 4.529306710000000054e-08 4.526764030000000157e-08 4.523646169999999882e-08 4.520011030000000150e-08 4.515911199999999691e-08 4.511394989999999843e-08 4.506506809999999709e-08 4.501286449999999896e-08 4.495770870000000273e-08 4.489993439999999733e-08 4.483985089999999698e-08 4.477773889999999685e-08 4.471384679999999673e-08 4.464841299999999981e-08 4.458165040000000282e-08 4.451374739999999965e-08 4.444488870000000119e-08 4.437522700000000153e-08 4.430491529999999981e-08 4.423408479999999815e-08 4.416285649999999872e-08 4.409134039999999689e-08 4.401963950000000232e-08 4.394784629999999983e-08 4.387604240000000221e-08 4.380430239999999683e-08 4.373269389999999863e-08 4.366128440000000099e-08 4.359012000000000043e-08 4.351925750000000180e-08 4.344874330000000005e-08 4.337861630000000262e-08 4.330890849999999984e-08 4.323966250000000200e-08 4.317089619999999992e-08 4.310264500000000155e-08 4.303492670000000266e-08 4.296775909999999900e-08 4.290116710000000014e-08 4.283516119999999787e-08 4.276975570000000170e-08 4.270496130000000015e-08 4.264078510000000045e-08 4.257724129999999720e-08 4.251432980000000195e-08 4.245206139999999829e-08 4.239043609999999946e-08
3.948999789999999593e-09 9.315233030000000364e-09 1.353658870000000030e-08 1.580933070000000068e-08 1.692255940000000056e-08 1.771434729999999887e-08 1.866499840000000152e-08 1.995778119999999885e-08 2.160605210000000011e-08 2.354561879999999880e-08 2.568751260000000160e-08 2.794419810000000057e-08 3.024061710000000130e-08 3.251737720000000040e-08 3.473021689999999863e-08 3.684797530000000054e-08 3.885014619999999744e-08 4.072456860000000051e-08 4.246538050000000060e-08 4.407137060000000038e-08 4.554463470000000286e-08 4.688957840000000292e-08 4.811210630000000009e-08 4.921905369999999780e-08 5.021775349999999926e-08 5.111571610000000306e-08 5.192040929999999750e-08 5.263911259999999857e-08 5.327881780000000164e-08 5.384614709999999681e-08 5.434733199999999684e-08 5.478820239999999899e-08 5.517415860000000251e-08 5.551020620000000163e-08 5.580095670000000226e-08 5.605064499999999944e-08 5.626315409999999680e-08 5.644204040000000305e-08 5.659054379999999716e-08 5.671163090000000166e-08 5.680798759999999757e-08 5.688207240000000263e-08 5.693611270000000227e-08 5.697213370000000015e-08 5.699197559999999725e-08 5.699730470000000029e-08 5.698963079999999756e-08 5.697032890000000055e-08 5.694063889999999918e-08 5.690168339999999726e-08 5.685448559999999672e-08 5.679996210000000188e-08 5.673895130000000206e-08 5.667221000000000028e-08 5.660041320000000326e-08 5.652418620000000024e-08 5.644408319999999911e-08 5.636061220000000301e-08 5.627422790000000302e-08 5.618533900000000203e-08 5.609432559999999715e-08 5.600151449999999988e-08 5.590721840000000239e-08 5.581170369999999695e-08 5.571521910000000163e-08 5.561798839999999842e-08 5.552021420000000229e-08 5.542207050000000252e-08 5.532372430000000272e-08 5.522532120000000298e-08 5.512698560000000326e-08 5.502884189999999687e-08 5.493099310000000012e-08 5.483352789999999992e-08 5.473653530000000147e-08 5.464008620000000258e-08 5.454424819999999830e-08 5.444907810000000014e-08 5.435462570000000080e-08 5.426093709999999678e-08 5.416805139999999890e-08 5.407600059999999750e-08 5.398482020000000224e-08 5.389452800000000226e-08 5.380514879999999884e-08 5.371670040000000096e-08 5.362919709999999830e-08 5.354264590000000301e-08 5.345706459999999760e-08 5.337245310000000025e-08 5.328881870000000169e-08 5.320616130000000024e-08 5.312448440000000198e-08 5.304378450000000084e-08 5.296406510000000288e-08 5.288531570000000311e-08 5.280753609999999815e-08 5.273072289999999686e-08 5.265486180000000293e-08 5.257995280000000315e-08
5.990909099999999656e-09 1.378420669999999927e-08 1.981663720000000152e-08 2.310647850000000057e-08 2.483595549999999890e-08 2.616518559999999931e-08 2.771690080000000077e-08 2.969871100000000064e-08 3.209565589999999951e-08 3.480137419999999859e-08 3.768873210000000314e-08 4.064206389999999976e-08 4.356865800000000140e-08 4.640020630000000314e-08 4.909003339999999891e-08 5.160897840000000215e-08 5.394130649999999984e-08 5.608113800000000201e-08 5.802957760000000183e-08 5.979246249999999390e-08 6.137868519999999551e-08 6.279896069999999778e-08 6.406493470000000228e-08 6.518855859999999721e-08 6.618166990000000227e-08 6.705570139999999586e-08 6.782151730000000339e-08 6.848929959999999496e-08 6.906851979999999709e-08 6.956788209999999515e-08 6.999540859999999370e-08 7.035838929999999384e-08 7.066348219999999376e-08 7.091671250000000167e-08 7.112354440000000248e-08 7.128890190000000410e-08 7.141724719999999627e-08 7.151258790000000581e-08 7.157854040000000098e-08 7.161835210000000120e-08 7.163495040000000327e-08 7.163096430000000151e-08 7.160874560000000115e-08 7.157041179999999393e-08 7.151787429999999689e-08 7.145282410000000314e-08 7.137679600000000561e-08 7.129116850000000202e-08 7.119715660000000579e-08 7.109586870000000628e-08 7.098828550000000345e-08 7.087528789999999519e-08 7.075767169999999366e-08 7.063614759999999876e-08 7.051133369999999740e-08 7.038380549999999935e-08 7.025406749999999501e-08 7.012256730000000135e-08 6.998971000000000025e-08 6.985584380000000015e-08 6.972130250000000487e-08 6.958635619999999629e-08 6.945126779999999370e-08 6.931626469999999349e-08 6.918153160000000656e-08 6.904724609999999687e-08 6.891357879999999565e-08 6.878065050000000169e-08 6.864858190000000551e-08 6.851748679999999374e-08 6.838745040000000017e-08 6.825855079999999839e-08 6.813085210000000389e-08 6.800442520000000121e-08 6.787931280000000231e-08 6.775555760000000591e-08 6.763318790000000615e-08 6.751224649999999682e-08 6.739274029999999499e-08 6.727469779999999819e-08 6.715811910000000147e-08 6.704303249999999898e-08 6.692942380000000272e-08 6.681730720000000068e-08 6.670667569999999393e-08 6.659752929999999572e-08 6.648986069999999544e-08 6.638365589999999525e-08 6.627891480000000008e-08 6.617562319999999547e-08 6.607375979999999946e-08 6.597332459999999880e-08 6.587428909999999599e-08 6.577664640000000042e-08 6.568038199999999919e-08 6.558546770000000646e-08 6.549188919999999950e-08 6.539963239999999860e-08 6.530867580000000520e-08 6.521899820000000592e-08
9.114049959999999797e-09 2.034824929999999969e-08 2.887163400000000118e-08 3.356365140000000003e-08 3.616992219999999733e-08 3.826745499999999728e-08 4.064511929999999766e-08 4.352725469999999675e-08 4.685682239999999696e-08 5.047544249999999746e-08 5.421391340000000045e-08 5.792941950000000182e-08 6.151569920000000312e-08 6.490118660000000318e-08 6.804285140000000480e-08 7.091934860000000323e-08 7.352485910000000466e-08 7.586417179999999545e-08 7.794891129999999858e-08 7.979478060000000038e-08 8.141961420000000324e-08 8.284204970000000584e-08 8.408059670000000574e-08 8.515311120000000392e-08 8.607642600000000606e-08 8.686619419999999748e-08 8.753676180000000508e-08 8.810122410000000285e-08 8.857143289999999354e-08 8.895804630000000142e-08 8.927064950000000486e-08 8.951782599999999875e-08 8.970722830000000215e-08 8.984569180000000033e-08 8.993929869999999650e-08 8.999346330000000101e-08 9.001300329999999617e-08 9.000219590000000208e-08 8.996484269999999973e-08 8.990431870000000289e-08 8.982360809999999999e-08 8.972538270000000561e-08 8.961199429999999851e-08 8.948553189999999940e-08 8.934784999999999892e-08 8.920059709999999481e-08 8.904522279999999917e-08 8.888302719999999797e-08 8.871514009999999732e-08 8.854257769999999358e-08 8.836623519999999420e-08 8.818690839999999807e-08 8.800528660000000159e-08 8.782198079999999770e-08 8.763755229999999492e-08 8.745246300000000649e-08 8.726713929999999627e-08 8.708195050000000425e-08 8.689721650000000499e-08 8.671322149999999978e-08 8.653021409999999836e-08 8.634840040000000192e-08 8.616797229999999719e-08 8.598909319999999985e-08 8.581189800000000161e-08 8.563649350000000345e-08 8.546299309999999850e-08 8.529146810000000451e-08 8.512198950000000111e-08 8.495462110000000533e-08 8.478940569999999773e-08 8.462636459999999997e-08 8.446554029999999419e-08 8.430694719999999820e-08 8.415058520000000370e-08 8.399647560000000589e-08 8.384460409999999527e-08 8.369497810000000396e-08 8.354758310000000583e-08 8.340239790000000075e-08 8.325941539999999473e-08 8.311861419999999748e-08 8.297997309999999563e-08 8.284347079999999397e-08 8.270907869999999993e-08 8.257677560000000013e-08 8.244651890000000416e-08 8.231829439999999756e-08 8.219206650000000207e-08 8.206779969999999479e-08 8.194546550000000469e-08 8.182503559999999793e-08 8.170647450000000456e-08 8.158975360000000553e-08 8.147483040000000549e-08 8.136168359999999599e-08 8.125027759999999879e-08 8.114056979999999698e-08 8.103254600000000259e-08 8.092615639999999643e-08
1.388296320000000082e-08 2.992929989999999752e-08 4.181335100000000131e-08 4.838795320000000121e-08 5.219085610000000272e-08 5.532784189999999842e-08 5.877762989999999813e-08 6.277225140000000523e-08 6.720028270000000199e-08 7.184534920000000456e-08 7.649712329999999466e-08 8.099129190000000579e-08 8.521602270000000579e-08 8.910502909999999719e-08 9.262696210000000234e-08 9.577526329999999525e-08 9.855977370000000606e-08 1.010004450000000040e-07 1.031228290000000047e-07 1.049549710000000031e-07 1.065253560000000036e-07 1.078616380000000004e-07 1.089898730000000011e-07 1.099341199999999955e-07 1.107162930000000010e-07 1.113561230000000042e-07 1.118712519999999973e-07 1.122773699999999990e-07 1.125883669999999966e-07 1.128165010000000001e-07 1.129725649999999988e-07 1.130660580000000001e-07 1.131053009999999993e-07 1.130976059999999981e-07 1.130493960000000025e-07 1.129662760000000025e-07 1.128531789999999989e-07 1.127144100000000043e-07 1.125537490000000059e-07 1.123745149999999997e-07 1.121795920000000049e-07 1.119715169999999999e-07 1.117525200000000007e-07 1.115245419999999940e-07 1.112892820000000020e-07 1.110482230000000044e-07 1.108026589999999968e-07 1.105537350000000034e-07 1.103024370000000010e-07 1.100496190000000037e-07 1.097960340000000035e-07 1.095423269999999975e-07 1.092890680000000019e-07 1.090367479999999980e-07 1.087857700000000049e-07 1.085365179999999996e-07 1.082892849999999993e-07 1.080443330000000015e-07 1.078018950000000043e-07 1.075621509999999991e-07 1.073252630000000043e-07 1.070913599999999982e-07 1.068605330000000064e-07 1.066328819999999948e-07 1.064084569999999991e-07 1.061873219999999999e-07 1.059694979999999941e-07 1.057550139999999942e-07 1.055438759999999955e-07 1.053360850000000017e-07 1.051316329999999968e-07 1.049305070000000001e-07 1.047326849999999977e-07 1.045381380000000037e-07 1.043468389999999996e-07 1.041587439999999976e-07 1.039738250000000023e-07 1.037920329999999946e-07 1.036133309999999991e-07 1.034376640000000016e-07 1.032649880000000014e-07 1.030952530000000023e-07 1.029284040000000033e-07 1.027644029999999990e-07 1.026031880000000027e-07 1.024447090000000050e-07 1.022889079999999941e-07 1.021357430000000030e-07 1.019851580000000004e-07 1.018371020000000000e-07 1.016915189999999972e-07 1.015483659999999947e-07 1.014075789999999987e-07 1.012691230000000012e-07 1.011329400000000038e-07 1.009989820000000042e-07 1.008671969999999991e-07 1.007375450000000024e-07 1.006099809999999962e-07 1.004844490000000025e-07
2.113713650000000144e-08 4.381066180000000239e-08 6.013453199999999853e-08 6.916400959999999955e-08 7.452950259999999663e-08 7.899617319999999707e-08 8.375808850000000471e-08 8.904785890000000072e-08 9.469241039999999698e-08 1.004180280000000019e-07 1.059805539999999980e-07 1.112049760000000011e-07 1.159854790000000064e-07 1.202718349999999903e-07 1.240534999999999931e-07 1.273459990000000039e-07 1.301803390000000039e-07 1.325956019999999905e-07 1.346339499999999904e-07 1.363374909999999929e-07 1.377463119999999884e-07 1.388974910000000105e-07 1.398246639999999952e-07 1.405578589999999984e-07 1.411236350000000130e-07 1.415453429999999881e-07 1.418433440000000120e-07 1.420353610000000002e-07 1.421367700000000102e-07 1.421609000000000061e-07 1.421192340000000054e-07 1.420217470000000081e-07 1.418770240000000015e-07 1.416924390000000001e-07 1.414744300000000115e-07 1.412284830000000042e-07 1.409593720000000112e-07 1.406712040000000016e-07 1.403675180000000019e-07 1.400513550000000052e-07 1.397253729999999920e-07 1.393918300000000005e-07 1.390526729999999995e-07 1.387095949999999893e-07 1.383640300000000103e-07 1.380172139999999931e-07 1.376702269999999909e-07 1.373239660000000017e-07 1.369791959999999949e-07 1.366365859999999883e-07 1.362966910000000102e-07 1.359599650000000132e-07 1.356268200000000096e-07 1.352975689999999965e-07 1.349724809999999970e-07 1.346517849999999946e-07 1.343356359999999958e-07 1.340241769999999898e-07 1.337175059999999881e-07 1.334157099999999886e-07 1.331188460000000129e-07 1.328269259999999984e-07 1.325399520000000055e-07 1.322579520000000034e-07 1.319808829999999949e-07 1.317087310000000086e-07 1.314414389999999965e-07 1.311789649999999917e-07 1.309212509999999955e-07 1.306682549999999878e-07 1.304198920000000045e-07 1.301760899999999961e-07 1.299367800000000034e-07 1.297018879999999964e-07 1.294713459999999929e-07 1.292450519999999937e-07 1.290229360000000094e-07 1.288049129999999964e-07 1.285909119999999883e-07 1.283808329999999930e-07 1.281746049999999912e-07 1.279721289999999942e-07 1.277733620000000049e-07 1.275781760000000091e-07 1.273865280000000095e-07 1.271983189999999910e-07 1.270134649999999932e-07 1.268319069999999873e-07 1.266535750000000105e-07 1.264783689999999913e-07 1.263062329999999911e-07 1.261370809999999893e-07 1.259708709999999922e-07 1.258075030000000077e-07 1.256469199999999878e-07 1.254890659999999942e-07 1.253338700000000074e-07 1.251812729999999987e-07 1.250311929999999884e-07 1.248835989999999964e-07
3.210484679999999943e-08 6.375010030000000229e-08 8.580796870000000473e-08 9.793802039999999979e-08 1.052494480000000022e-07 1.113189679999999955e-07 1.175870919999999956e-07 1.242866290000000106e-07 1.311845350000000004e-07 1.379590910000000106e-07 1.443465580000000002e-07 1.501765180000000072e-07 1.553632670000000020e-07 1.598841809999999990e-07 1.637585289999999896e-07 1.670302789999999872e-07 1.697559919999999990e-07 1.719965889999999929e-07 1.738123530000000049e-07 1.752600269999999878e-07 1.763913099999999940e-07 1.772523319999999913e-07 1.778836070000000103e-07 1.783203909999999870e-07 1.785930690000000020e-07 1.787277309999999878e-07 1.787466739999999878e-07 1.786688979999999973e-07 1.785105609999999985e-07 1.782853899999999966e-07 1.780050669999999897e-07 1.776794679999999894e-07 1.773169769999999948e-07 1.769247150000000028e-07 1.765086920000000036e-07 1.760740529999999993e-07 1.756251039999999928e-07 1.751655109999999947e-07 1.746983859999999911e-07 1.742263579999999896e-07 1.737516299999999876e-07 1.732760639999999899e-07 1.728012359999999958e-07 1.723284699999999907e-07 1.718588439999999938e-07 1.713932959999999933e-07 1.709325660000000000e-07 1.704772790000000047e-07 1.700279170000000088e-07 1.695849220000000011e-07 1.691485920000000037e-07 1.687191679999999909e-07 1.682968500000000000e-07 1.678817649999999887e-07 1.674739990000000043e-07 1.670735939999999874e-07 1.666805789999999903e-07 1.662949240000000100e-07 1.659166170000000030e-07 1.655455999999999971e-07 1.651817880000000016e-07 1.648250959999999994e-07 1.644754379999999961e-07 1.641327150000000032e-07 1.637968130000000041e-07 1.634676040000000111e-07 1.631449609999999870e-07 1.628287689999999910e-07 1.625189010000000124e-07 1.622152150000000126e-07 1.619175980000000053e-07 1.616258909999999959e-07 1.613399830000000053e-07 1.610597309999999913e-07 1.607850069999999924e-07 1.605156969999999922e-07 1.602516450000000072e-07 1.599927509999999921e-07 1.597388599999999936e-07 1.594898859999999909e-07 1.592456869999999982e-07 1.590061489999999991e-07 1.587711440000000056e-07 1.585405870000000007e-07 1.583143359999999986e-07 1.580923050000000050e-07 1.578743820000000107e-07 1.576604519999999955e-07 1.574504299999999952e-07 1.572442159999999911e-07 1.570416969999999970e-07 1.568427879999999956e-07 1.566474029999999925e-07 1.564554569999999972e-07 1.562668499999999909e-07 1.560815120000000108e-07 1.558993430000000120e-07 1.557202720000000014e-07 1.555442280000000128e-07 1.553711260000000025e-07
4.854948090000000291e-08 9.211224490000000483e-08 1.213969649999999906e-07 1.373087030000000101e-07 1.469201290000000127e-07 1.547974049999999931e-07 1.626699770000000093e-07 1.707825700000000033e-07 1.788559559999999962e-07 1.865393240000000110e-07 1.935694339999999905e-07 1.997986350000000007e-07 2.051756669999999935e-07 2.097161480000000042e-07 2.134761560000000086e-07 2.165325549999999979e-07 2.189697450000000094e-07 2.208713709999999889e-07 2.223157620000000006e-07 2.233736039999999918e-07 2.241072110000000073e-07 2.245705279999999882e-07 2.248097529999999901e-07 2.248640949999999949e-07 2.247666369999999970e-07 2.245451330000000093e-07 2.242228590000000002e-07 2.238192280000000071e-07 2.233504400000000061e-07 2.228299960000000029e-07 2.222690939999999869e-07 2.216770979999999919e-07 2.210617540000000054e-07 2.204295130000000028e-07 2.197857039999999918e-07 2.191347479999999956e-07 2.184803089999999909e-07 2.178254020000000090e-07 2.171725270000000132e-07 2.165236879999999937e-07 2.158805759999999965e-07 2.152444979999999982e-07 2.146165629999999983e-07 2.139976229999999906e-07 2.133883329999999950e-07 2.127892170000000068e-07 2.122006459999999951e-07 2.116229180000000087e-07 2.110562040000000062e-07 2.105006159999999968e-07 2.099561700000000120e-07 2.094228789999999931e-07 2.089006730000000039e-07 2.083894799999999949e-07 2.078891440000000091e-07 2.073995380000000092e-07 2.069204900000000066e-07 2.064518299999999935e-07 2.059933589999999891e-07 2.055448649999999919e-07 2.051061329999999899e-07 2.046769650000000057e-07 2.042571480000000080e-07 2.038464399999999924e-07 2.034446420000000046e-07 2.030515129999999910e-07 2.026668539999999973e-07 2.022904509999999885e-07 2.019220769999999880e-07 2.015615189999999908e-07 2.012085929999999913e-07 2.008630840000000037e-07 2.005247950000000014e-07 2.001935260000000003e-07 1.998690919999999908e-07 1.995513089999999939e-07 1.992399920000000001e-07 1.989349839999999958e-07 1.986360870000000040e-07 1.983431449999999880e-07 1.980559860000000122e-07 1.977744689999999887e-07 1.974984370000000096e-07 1.972277349999999893e-07 1.969622189999999875e-07 1.967017339999999980e-07 1.964461800000000021e-07 1.961953869999999919e-07 1.959492410000000039e-07 1.957076139999999973e-07 1.954703780000000107e-07 1.952374329999999989e-07 1.950086530000000079e-07 1.947839369999999889e-07 1.945631570000000069e-07 1.943462279999999920e-07 1.941330370000000105e-07 1.939234979999999888e-07 1.937174969999999898e-07 1.935149639999999978e-07
7.294954679999999591e-08 1.320169359999999897e-07 1.701740900000000079e-07 1.905235929999999986e-07 2.026952609999999967e-07 2.124534999999999906e-07 2.218772290000000057e-07 2.312517889999999874e-07 2.402789789999999805e-07 2.486060569999999912e-07 2.559938820000000046e-07 2.623353910000000150e-07 2.676260639999999844e-07 2.719270360000000217e-07 2.753349689999999903e-07 2.779608219999999995e-07 2.799164630000000152e-07 2.813069099999999835e-07 2.822267790000000221e-07 2.827587199999999878e-07 2.829736449999999860e-07 2.829314949999999766e-07 2.826824359999999832e-07 2.822681040000000035e-07 2.817229470000000071e-07 2.810752729999999784e-07 2.803483029999999776e-07 2.795610499999999938e-07 2.787290039999999953e-07 2.778647850000000211e-07 2.769786820000000192e-07 2.760790490000000124e-07 2.751725959999999888e-07 2.742647779999999899e-07 2.733599730000000152e-07 2.724616759999999842e-07 2.715726740000000012e-07 2.706951530000000021e-07 2.698308209999999886e-07 2.689809549999999873e-07 2.681465790000000070e-07 2.673283749999999806e-07 2.665268540000000146e-07 2.657423289999999741e-07 2.649749150000000113e-07 2.642247240000000033e-07 2.634917000000000115e-07 2.627756709999999944e-07 2.620764409999999821e-07 2.613938079999999831e-07 2.607274889999999765e-07 2.600771150000000004e-07 2.594424019999999773e-07 2.588229789999999909e-07 2.582185060000000254e-07 2.576285570000000179e-07 2.570527609999999989e-07 2.564907790000000093e-07 2.559422109999999744e-07 2.554066899999999925e-07 2.548838149999999852e-07 2.543732479999999971e-07 2.538746170000000022e-07 2.533875829999999884e-07 2.529118029999999820e-07 2.524469099999999752e-07 2.519926169999999858e-07 2.515485560000000022e-07 2.511144709999999958e-07 2.506900220000000039e-07 2.502749509999999904e-07 2.498689469999999920e-07 2.494717249999999806e-07 2.490830579999999798e-07 2.487026620000000183e-07 2.483302810000000143e-07 2.479656869999999880e-07 2.476086820000000150e-07 2.472589810000000145e-07 2.469163860000000095e-07 2.465806970000000155e-07 2.462517160000000025e-07 2.459292429999999862e-07 2.456130519999999938e-07 2.453029989999999795e-07 2.449989150000000183e-07 2.447006010000000236e-07 2.444078860000000105e-07 2.441206279999999933e-07 2.438386839999999825e-07 2.435618570000000048e-07 2.432900600000000093e-07 2.430231230000000145e-07 2.427609329999999811e-07 2.425033189999999770e-07 2.422501950000000079e-07 2.420014199999999859e-07 2.417568790000000231e-07 2.415164319999999824e-07 2.412800480000000159e-07
1.087101400000000036e-07 1.874989829999999949e-07 2.362458820000000054e-07 2.615815329999999928e-07 2.764007549999999992e-07 2.879114619999999981e-07 2.986268160000000120e-07 3.089206760000000065e-07 3.185153619999999801e-07 3.270882299999999844e-07 3.344471790000000177e-07 3.405400549999999918e-07 3.454161970000000008e-07 3.491845459999999807e-07 3.519815269999999864e-07 3.539495310000000090e-07 3.552244719999999966e-07 3.559292170000000034e-07 3.561711140000000100e-07 3.560416810000000136e-07 3.556177430000000224e-07 3.549627930000000169e-07 3.541290139999999788e-07 3.531588959999999861e-07 3.520868290000000098e-07 3.509405249999999899e-07 3.497422940000000169e-07 3.485099279999999922e-07 3.472576110000000167e-07 3.459966249999999875e-07 3.447358379999999921e-07 3.434822129999999834e-07 3.422411790000000146e-07 3.410169429999999940e-07 3.398126860000000258e-07 3.386307699999999961e-07 3.374729259999999901e-07 3.363403780000000009e-07 3.352339210000000007e-07 3.341540089999999952e-07 3.331008430000000255e-07 3.320744209999999782e-07 3.310744889999999910e-07 3.301008179999999741e-07 3.291529539999999748e-07 3.282303849999999887e-07 3.273325720000000194e-07 3.264589450000000108e-07 3.256088229999999808e-07 3.247816099999999910e-07 3.239766219999999952e-07 3.231931770000000077e-07 3.224306789999999842e-07 3.216883900000000003e-07 3.209657110000000008e-07 3.202619889999999992e-07 3.195765710000000090e-07 3.189088889999999816e-07 3.182583440000000204e-07 3.176243409999999788e-07 3.170063110000000163e-07 3.164037139999999739e-07 3.158160380000000060e-07 3.152427720000000060e-07 3.146834330000000217e-07 3.141375089999999959e-07 3.136045730000000208e-07 3.130841719999999882e-07 3.125759059999999825e-07 3.120793510000000009e-07 3.115941070000000216e-07 3.111198339999999762e-07 3.106561050000000096e-07 3.102026079999999959e-07 3.097590020000000217e-07 3.093249750000000140e-07 3.089002119999999947e-07 3.084843740000000048e-07 3.080772330000000112e-07 3.076785049999999896e-07 3.072878770000000221e-07 3.069051219999999737e-07 3.065300120000000229e-07 3.061622919999999861e-07 3.058017059999999932e-07 3.054481110000000022e-07 3.051012239999999921e-07 3.047608739999999781e-07 3.044268619999999794e-07 3.040989900000000188e-07 3.037770849999999983e-07 3.034609789999999966e-07 3.031505000000000251e-07 3.028455069999999958e-07 3.025457999999999774e-07 3.022512659999999833e-07 3.019617339999999757e-07 3.016770900000000175e-07 3.013971650000000250e-07 3.011218720000000003e-07
1.604004890000000073e-07 2.636755309999999777e-07 3.246848049999999795e-07 3.553465430000000220e-07 3.726413520000000144e-07 3.855060410000000010e-07 3.970006329999999881e-07 4.076537999999999945e-07 4.172554780000000264e-07 4.255445559999999940e-07 4.323937620000000107e-07 4.378129010000000157e-07 4.419051149999999792e-07 4.448231150000000057e-07 4.467368629999999914e-07 4.478136469999999791e-07 4.482070039999999992e-07 4.480519920000000181e-07 4.474637759999999972e-07 4.465387629999999865e-07 4.453562500000000146e-07 4.439808090000000056e-07 4.424644540000000164e-07 4.408488509999999947e-07 4.391670809999999805e-07 4.374453230000000175e-07 4.357040669999999999e-07 4.339593150000000061e-07 4.322234589999999893e-07 4.305059919999999747e-07 4.288140470000000026e-07 4.271529969999999760e-07 4.255267069999999919e-07 4.239379619999999887e-07 4.223885530000000044e-07 4.208795869999999783e-07 4.194116630000000188e-07 4.179848360000000076e-07 4.165989080000000207e-07 4.152534249999999993e-07 4.139476460000000082e-07 4.126807479999999739e-07 4.114517939999999913e-07 4.102597589999999950e-07 4.091035629999999849e-07 4.079821000000000253e-07 4.068942590000000036e-07 4.058388749999999820e-07 4.048148410000000210e-07 4.038210480000000153e-07 4.028563860000000148e-07 4.019198060000000259e-07 4.010102829999999832e-07 4.001267649999999881e-07 3.992682879999999848e-07 3.984339120000000045e-07 3.976227279999999792e-07 3.968338259999999959e-07 3.960663549999999852e-07 3.953195180000000206e-07 3.945925190000000204e-07 3.938846190000000039e-07 3.931950799999999938e-07 3.925232190000000007e-07 3.918683549999999896e-07 3.912298890000000109e-07 3.906071699999999797e-07 3.899996269999999951e-07 3.894066940000000158e-07 3.888278569999999770e-07 3.882626059999999875e-07 3.877104289999999901e-07 3.871708429999999796e-07 3.866434499999999946e-07 3.861277950000000257e-07 3.856234800000000056e-07 3.851300789999999772e-07 3.846472229999999783e-07 3.841745979999999817e-07 3.837118069999999766e-07 3.832585379999999959e-07 3.828144770000000124e-07 3.823793120000000058e-07 3.819527590000000049e-07 3.815345339999999853e-07 3.811243800000000206e-07 3.807220419999999798e-07 3.803272649999999967e-07 3.799398199999999818e-07 3.795594520000000159e-07 3.791859910000000118e-07 3.788192089999999894e-07 3.784589070000000210e-07 3.781048580000000241e-07 3.777569480000000089e-07 3.774149489999999953e-07 3.770786920000000056e-07 3.767480339999999973e-07 3.764227759999999899e-07 3.761028319999999891e-07
2.340109830000000080e-07 3.669214269999999943e-07 4.416754109999999981e-07 4.776853189999999980e-07 4.969404589999999725e-07 5.104333809999999812e-07 5.219104649999999856e-07 5.321344930000000337e-07 5.410105359999999841e-07 5.483635730000000121e-07 5.541389779999999564e-07 5.584055879999999655e-07 5.613119360000000232e-07 5.630433289999999970e-07 5.637921840000000292e-07 5.637402300000000312e-07 5.630498089999999980e-07 5.618607590000000301e-07 5.602901180000000010e-07 5.584344080000000072e-07 5.563719010000000121e-07 5.541653540000000263e-07 5.518646160000000352e-07 5.495088540000000269e-07 5.471287069999999713e-07 5.447478199999999843e-07 5.423843849999999885e-07 5.400520420000000175e-07 5.377609680000000364e-07 5.355186660000000515e-07 5.333302509999999826e-07 5.311993050000000120e-07 5.291280440000000256e-07 5.271176630000000172e-07 5.251684459999999582e-07 5.232801639999999708e-07 5.214520800000000285e-07 5.196831690000000130e-07 5.179720119999999650e-07 5.163171860000000166e-07 5.147169300000000266e-07 5.131695960000000519e-07 5.116733059999999505e-07 5.102263000000000085e-07 5.088268149999999716e-07 5.074729190000000311e-07 5.061629620000000251e-07 5.048951830000000243e-07 5.036678199999999896e-07 5.024793379999999646e-07 5.013280320000000111e-07 5.002124790000000495e-07 4.991311470000000282e-07 4.980825569999999818e-07 4.970654570000000276e-07 4.960784849999999894e-07 4.951203889999999842e-07 4.941899760000000256e-07 4.932861090000000124e-07 4.924076509999999494e-07 4.915535780000000397e-07 4.907228689999999678e-07 4.899146120000000251e-07 4.891278989999999885e-07 4.883618200000000510e-07 4.876155799999999756e-07 4.868883250000000526e-07 4.861793740000000352e-07 4.854880439999999869e-07 4.848135399999999884e-07 4.841552369999999961e-07 4.835126219999999489e-07 4.828849570000000285e-07 4.822717299999999658e-07 4.816724300000000247e-07 4.810865450000000421e-07 4.805135629999999606e-07 4.799529730000000441e-07 4.794044340000000086e-07 4.788673780000000171e-07 4.783415189999999851e-07 4.778264609999999583e-07 4.773217479999999768e-07 4.768270400000000248e-07 4.763420800000000170e-07 4.758664719999999992e-07 4.753999289999999892e-07 4.749421690000000229e-07 4.744928790000000235e-07 4.740518020000000117e-07 4.736186840000000191e-07 4.731932390000000141e-07 4.727752980000000188e-07 4.723645760000000054e-07 4.719608459999999973e-07 4.715639650000000053e-07 4.711736490000000049e-07 4.707897860000000135e-07 4.704121179999999952e-07 4.700405040000000206e-07
3.372258850000000113e-07 5.050604839999999533e-07 5.946898230000000330e-07 6.356463590000000314e-07 6.559331500000000160e-07 6.689626840000000245e-07 6.793284799999999743e-07 6.881101060000000525e-07 6.953670779999999477e-07 7.010219750000000307e-07 7.050870750000000529e-07 7.076761790000000043e-07 7.089656150000000034e-07 7.091560410000000172e-07 7.084467480000000297e-07 7.070207180000000510e-07 7.050382459999999559e-07 7.026353050000000127e-07 6.999243280000000132e-07 6.969968350000000145e-07 6.939262680000000352e-07 6.907706050000000084e-07 6.875755500000000241e-07 6.843762890000000292e-07 6.811999360000000178e-07 6.780668400000000081e-07 6.749921230000000095e-07 6.719867540000000016e-07 6.690585219999999692e-07 6.662124860000000526e-07 6.634517720000000504e-07 6.607780280000000116e-07 6.581915950000000084e-07 6.556919629999999908e-07 6.532779369999999650e-07 6.509478109999999894e-07 6.486995399999999513e-07 6.465306799999999849e-07 6.444387850000000053e-07 6.424211849999999622e-07 6.404751500000000109e-07 6.385980099999999952e-07 6.367870359999999682e-07 6.350395549999999747e-07 6.333528969999999641e-07 6.317245609999999698e-07 6.301519870000000226e-07 6.286327900000000472e-07 6.271646950000000497e-07 6.257454290000000433e-07 6.243727740000000291e-07 6.230447979999999868e-07 6.217594550000000118e-07 6.205148109999999709e-07 6.193091620000000355e-07 6.181407459999999549e-07 6.170079129999999906e-07 6.159091299999999816e-07 6.148428609999999675e-07 6.138076859999999855e-07 6.128022960000000517e-07 6.118253849999999814e-07 6.108757020000000012e-07 6.099521670000000050e-07 6.090535860000000026e-07 6.081789929999999838e-07 6.073273079999999486e-07 6.064976219999999877e-07 6.056890239999999727e-07 6.049006629999999932e-07 6.041316850000000215e-07 6.033813520000000278e-07 6.026489249999999782e-07 6.019336640000000470e-07 6.012349439999999790e-07 6.005521410000000515e-07 5.998845720000000104e-07 5.992317260000000139e-07 5.985930330000000059e-07 5.979679260000000473e-07 5.973559499999999698e-07 5.967567060000000201e-07 5.961695709999999500e-07 5.955942579999999890e-07 5.950302579999999848e-07 5.944772849999999586e-07 5.939348279999999626e-07 5.934026600000000205e-07 5.928803259999999640e-07 5.923675990000000285e-07 5.918640800000000372e-07 5.913695420000000136e-07 5.908836439999999913e-07 5.904061599999999976e-07 5.899368030000000502e-07 5.894753489999999717e-07 5.890215109999999916e-07 5.885751190000000226e-07 5.881358899999999912e-07 5.877036530000000180e-07
4.797154249999999845e-07 6.875918640000000166e-07 7.927164919999999477e-07 8.377053859999999933e-07 8.576337219999999861e-07 8.687262610000000134e-07 8.765942429999999759e-07 8.827091159999999640e-07 8.873076350000000195e-07 8.904031010000000049e-07 8.920541750000000013e-07 8.923939840000000117e-07 8.916016439999999978e-07 8.898707619999999718e-07 8.873886370000000392e-07 8.843244359999999650e-07 8.808245300000000431e-07 8.770117570000000104e-07 8.729869589999999643e-07 8.688314209999999981e-07 8.646097740000000382e-07 8.603727219999999950e-07 8.561593749999999677e-07 8.519995159999999972e-07 8.479155440000000207e-07 8.439238290000000219e-07 8.400358520000000377e-07 8.362595740000000415e-07 8.325997669999999796e-07 8.290591610000000141e-07 8.256385509999999585e-07 8.223373699999999793e-07 8.191541949999999968e-07 8.160866400000000380e-07 8.131318619999999543e-07 8.102866219999999605e-07 8.075473369999999766e-07 8.049103140000000529e-07 8.023718010000000258e-07 7.999278749999999581e-07 7.975747280000000125e-07 7.953085510000000303e-07 7.931256499999999523e-07 7.910223870000000282e-07 7.889952939999999600e-07 7.870408469999999874e-07 7.851558619999999955e-07 7.833372139999999774e-07 7.815817750000000212e-07 7.798866479999999944e-07 7.782491590000000436e-07 7.766665250000000262e-07 7.751363569999999583e-07 7.736561539999999790e-07 7.722236429999999955e-07 7.708366640000000078e-07 7.694931130000000066e-07 7.681910569999999683e-07 7.669285649999999818e-07 7.657039299999999962e-07 7.645153349999999848e-07 7.633612999999999786e-07 7.622402900000000212e-07 7.611507729999999550e-07 7.600913820000000092e-07 7.590609239999999857e-07 7.580580360000000223e-07 7.570815800000000143e-07 7.561304759999999616e-07 7.552036439999999699e-07 7.543000610000000339e-07 7.534188170000000292e-07 7.525589469999999491e-07 7.517195969999999781e-07 7.508999719999999850e-07 7.500992750000000436e-07 7.493167690000000212e-07 7.485517129999999830e-07 7.478035399999999896e-07 7.470715100000000036e-07 7.463550559999999801e-07 7.456535509999999738e-07 7.449665420000000357e-07 7.442934590000000038e-07 7.436337910000000362e-07 7.429870829999999647e-07 7.423528810000000483e-07 7.417307300000000129e-07 7.411202320000000029e-07 7.405209889999999509e-07 7.399326019999999979e-07 7.393547319999999729e-07 7.387870940000000067e-07 7.382292890000000284e-07 7.376810339999999643e-07 7.371420449999999489e-07 7.366119800000000121e-07 7.360906119999999658e-07 7.355776570000000502e-07 7.350728879999999715e-07
6.734621250000000289e-07 9.259809420000000131e-07 1.046571920000000063e-06 1.094103030000000016e-06 1.111798159999999986e-06 1.119100600000000068e-06 1.122806110000000004e-06 1.124834059999999899e-06 1.125597689999999953e-06 1.125174550000000050e-06 1.123634430000000092e-06 1.121094670000000094e-06 1.117706120000000081e-06 1.113629650000000001e-06 1.109019989999999978e-06 1.104016409999999956e-06 1.098738950000000007e-06 1.093288010000000105e-06 1.087745769999999991e-06 1.082177849999999897e-06 1.076636289999999920e-06 1.071161250000000052e-06 1.065783289999999975e-06 1.060525160000000053e-06 1.055403119999999976e-06 1.050428750000000035e-06 1.045609110000000005e-06 1.040948520000000098e-06 1.036448569999999941e-06 1.032109029999999971e-06 1.027928079999999938e-06 1.023902879999999916e-06 1.020029800000000078e-06 1.016304619999999939e-06 1.012722460000000008e-06 1.009278549999999924e-06 1.005967649999999947e-06 1.002784419999999976e-06 9.997238520000000578e-07 9.967806139999999072e-07 9.939496979999999929e-07 9.912261019999999578e-07 9.886051660000000502e-07 9.860818859999999059e-07 9.836520579999999449e-07 9.813112459999999576e-07 9.790553579999999233e-07 9.768801869999999337e-07 9.747822109999999182e-07 9.727576749999999140e-07 9.708030570000000623e-07 9.689151739999999340e-07 9.670908409999999401e-07 9.653271039999999526e-07 9.636210050000000413e-07 9.619700449999999290e-07 9.603716080000000787e-07 9.588231929999999944e-07 9.573225270000000069e-07 9.558675629999999964e-07 9.544560269999999726e-07 9.530860440000000160e-07 9.517557939999999833e-07 9.504634589999999500e-07 9.492073899999999696e-07 9.479859949999999845e-07 9.467977410000000454e-07 9.456412609999999580e-07 9.445151359999999747e-07 9.434181719999999996e-07 9.423490039999999515e-07 9.413066100000000407e-07 9.402898510000000529e-07 9.392977059999999902e-07 9.383290939999999548e-07 9.373831630000000324e-07 9.364590029999999924e-07 9.355557040000000279e-07 9.346725280000000029e-07 9.338087349999999858e-07 9.329634739999999602e-07 9.321361739999999724e-07 9.313260989999999995e-07 9.305326219999999905e-07 9.297551739999999989e-07 9.289931309999999848e-07 9.282460379999999915e-07 9.275133269999999705e-07 9.267944849999999666e-07 9.260890580000000269e-07 9.253965909999999835e-07 9.247166299999999891e-07 9.240488339999999717e-07 9.233927469999999710e-07 9.227479720000000294e-07 9.221142249999999635e-07 9.214911640000000152e-07 9.208783920000000148e-07 9.202756249999999910e-07 9.196825769999999650e-07
9.331493519999999933e-07 1.234053229999999927e-06 1.369329200000000003e-06 1.417300610000000061e-06 1.430398700000000046e-06 1.431689380000000005e-06 1.429301959999999930e-06 1.425631689999999925e-06 1.421242020000000008e-06 1.416229219999999999e-06 1.410626509999999913e-06 1.404493450000000020e-06 1.397917799999999974e-06 1.391000299999999925e-06 1.383841889999999903e-06 1.376535689999999946e-06 1.369163209999999904e-06 1.361793010000000086e-06 1.354481240000000041e-06 1.347272810000000049e-06 1.340202740000000089e-06 1.333297519999999905e-06 1.326576580000000099e-06 1.320053679999999974e-06 1.313737579999999966e-06 1.307633509999999991e-06 1.301743400000000060e-06 1.296066899999999963e-06 1.290601629999999960e-06 1.285343960000000012e-06 1.280289099999999897e-06 1.275431259999999998e-06 1.270764190000000090e-06 1.266281399999999924e-06 1.261975970000000021e-06 1.257840949999999945e-06 1.253869299999999993e-06 1.250054079999999977e-06 1.246388479999999971e-06 1.242865779999999950e-06 1.239479499999999912e-06 1.236223280000000081e-06 1.233091209999999981e-06 1.230077259999999974e-06 1.227175859999999972e-06 1.224381660000000049e-06 1.221689559999999916e-06 1.219094660000000009e-06 1.216592299999999943e-06 1.214178039999999915e-06 1.211847689999999974e-06 1.209597140000000033e-06 1.207422770000000090e-06 1.205320810000000023e-06 1.203287870000000026e-06 1.201320859999999903e-06 1.199416490000000002e-06 1.197571919999999973e-06 1.195784530000000052e-06 1.194051489999999927e-06 1.192370520000000009e-06 1.190739110000000087e-06 1.189155109999999985e-06 1.187616359999999915e-06 1.186121040000000050e-06 1.184666979999999930e-06 1.183252610000000002e-06 1.181876199999999919e-06 1.180536059999999904e-06 1.179230590000000081e-06 1.177958549999999976e-06 1.176718459999999937e-06 1.175509060000000053e-06 1.174328990000000050e-06 1.173177110000000026e-06 1.172052409999999918e-06 1.170953740000000001e-06 1.169880079999999964e-06 1.168830520000000104e-06 1.167804159999999911e-06 1.166799960000000059e-06 1.165817370000000035e-06 1.164855350000000089e-06 1.163913229999999909e-06 1.162990429999999932e-06 1.162086050000000070e-06 1.161199629999999924e-06 1.160330500000000028e-06 1.159477959999999962e-06 1.158641450000000023e-06 1.157820630000000036e-06 1.157014820000000076e-06 1.156223559999999957e-06 1.155446509999999926e-06 1.154682990000000060e-06 1.153932659999999971e-06 1.153195170000000085e-06 1.152470080000000074e-06 1.151757029999999905e-06 1.151055699999999898e-06
1.276649640000000057e-06 1.628531210000000086e-06 1.776896059999999984e-06 1.822577359999999958e-06 1.828225780000000051e-06 1.820918209999999995e-06 1.810237679999999938e-06 1.799052370000000080e-06 1.788024860000000046e-06 1.777208239999999932e-06 1.766542480000000091e-06 1.755982790000000041e-06 1.745517350000000104e-06 1.735158890000000084e-06 1.724933329999999984e-06 1.714871589999999947e-06 1.705004249999999940e-06 1.695358720000000077e-06 1.685957949999999966e-06 1.676820150000000017e-06 1.667958710000000100e-06 1.659383090000000012e-06 1.651098500000000020e-06 1.643106999999999971e-06 1.635408130000000103e-06 1.627998930000000056e-06 1.620874630000000101e-06 1.614028969999999977e-06 1.607454810000000042e-06 1.601143709999999961e-06 1.595087039999999981e-06 1.589275479999999963e-06 1.583699829999999992e-06 1.578350290000000094e-06 1.573217450000000016e-06 1.568291849999999957e-06 1.563564180000000028e-06 1.559025580000000065e-06 1.554666940000000054e-06 1.550480079999999970e-06 1.546456469999999998e-06 1.542588510000000099e-06 1.538868670000000061e-06 1.535289470000000068e-06 1.531844300000000071e-06 1.528526579999999919e-06 1.525329940000000008e-06 1.522248570000000016e-06 1.519276790000000091e-06 1.516409269999999957e-06 1.513641110000000049e-06 1.510967310000000019e-06 1.508383430000000066e-06 1.505885280000000024e-06 1.503468640000000045e-06 1.501129650000000103e-06 1.498864890000000073e-06 1.496670619999999940e-06 1.494543879999999981e-06 1.492481370000000080e-06 1.490480369999999903e-06 1.488538029999999908e-06 1.486651629999999972e-06 1.484818880000000044e-06 1.483037289999999987e-06 1.481304710000000048e-06 1.479619069999999919e-06 1.477978340000000070e-06 1.476380700000000040e-06 1.474824330000000004e-06 1.473307409999999924e-06 1.471828569999999913e-06 1.470386109999999944e-06 1.468978549999999944e-06 1.467604650000000072e-06 1.466262920000000006e-06 1.464952330000000033e-06 1.463671539999999951e-06 1.462419499999999975e-06 1.461195210000000076e-06 1.459997409999999920e-06 1.458825409999999967e-06 1.457678079999999931e-06 1.456554629999999911e-06 1.455454139999999956e-06 1.454375929999999931e-06 1.453319209999999933e-06 1.452283190000000062e-06 1.451267169999999897e-06 1.450270469999999934e-06 1.449292540000000085e-06 1.448332799999999939e-06 1.447390559999999959e-06 1.446465260000000019e-06 1.445556449999999969e-06 1.444663550000000034e-06 1.443786120000000100e-06 1.442923689999999945e-06 1.442075810000000054e-06 1.441242030000000065e-06
1.725658759999999957e-06 2.129754649999999950e-06 2.288770700000000024e-06 2.328791419999999841e-06 2.323637550000000133e-06 2.304761670000000022e-06 2.283289399999999895e-06 2.262528819999999873e-06 2.243169320000000063e-06 2.225146550000000181e-06 2.208244719999999896e-06 2.192264670000000123e-06 2.177057920000000119e-06 2.162520560000000090e-06 2.148582550000000078e-06 2.135195930000000173e-06 2.122328400000000098e-06 2.109956089999999874e-06 2.098061030000000171e-06 2.086628679999999914e-06 2.075645629999999799e-06 2.065099349999999901e-06 2.054977809999999992e-06 2.045268270000000021e-06 2.035957779999999810e-06 2.027033360000000131e-06 2.018480929999999886e-06 2.010287289999999894e-06 2.002437899999999929e-06 1.994919099999999990e-06 1.987716809999999824e-06 1.980817160000000152e-06 1.974206499999999951e-06 1.967871410000000090e-06 1.961799170000000170e-06 1.955976809999999938e-06 1.950392519999999966e-06 1.945034460000000079e-06 1.939891490000000100e-06 1.934952709999999877e-06 1.930207870000000132e-06 1.925647210000000191e-06 1.921261630000000076e-06 1.917042029999999812e-06 1.912980000000000021e-06 1.909067809999999978e-06 1.905298059999999945e-06 1.901663270000000106e-06 1.898157049999999938e-06 1.894772819999999925e-06 1.891504670000000016e-06 1.888346900000000076e-06 1.885294180000000038e-06 1.882341619999999953e-06 1.879484100000000095e-06 1.876717420000000050e-06 1.874037249999999995e-06 1.871439509999999951e-06 1.868920440000000043e-06 1.866476509999999961e-06 1.864104320000000076e-06 1.861800680000000040e-06 1.859562529999999976e-06 1.857387019999999921e-06 1.855271419999999926e-06 1.853213230000000026e-06 1.851210070000000060e-06 1.849259430000000027e-06 1.847359389999999951e-06 1.845507769999999971e-06 1.843702649999999897e-06 1.841942090000000105e-06 1.840224399999999970e-06 1.838547970000000004e-06 1.836911110000000005e-06 1.835312330000000076e-06 1.833750159999999964e-06 1.832223350000000007e-06 1.830730530000000105e-06 1.829270449999999959e-06 1.827841970000000093e-06 1.826443960000000007e-06 1.825075400000000024e-06 1.823735150000000033e-06 1.822422290000000084e-06 1.821135920000000090e-06 1.819875139999999961e-06 1.818639019999999924e-06 1.817426890000000090e-06 1.816237950000000097e-06 1.815071410000000046e-06 1.813926590000000009e-06 1.812802789999999989e-06 1.811699349999999922e-06 1.810615570000000020e-06 1.809551119999999934e-06 1.808505089999999963e-06 1.807477249999999907e-06 1.806466910000000017e-06 1.805473519999999990e-06
2.306525180000000139e-06 2.762618120000000113e-06 2.929006310000000055e-06 2.959335009999999926e-06 2.939488009999999894e-06 2.905640029999999914e-06 2.870521710000000067e-06 2.837823789999999861e-06 2.808172890000000192e-06 2.781303920000000194e-06 2.756776209999999903e-06 2.734184589999999805e-06 2.713203230000000198e-06 2.693583380000000200e-06 2.675135869999999906e-06 2.657718140000000140e-06 2.641220819999999940e-06 2.625558410000000016e-06 2.610663610000000184e-06 2.596481859999999885e-06 2.582966770000000036e-06 2.570079460000000207e-06 2.557784909999999995e-06 2.546052430000000091e-06 2.534853370000000118e-06 2.524160890000000124e-06 2.513949990000000052e-06 2.504196799999999923e-06 2.494878570000000011e-06 2.485973710000000136e-06 2.477461070000000021e-06 2.469320860000000087e-06 2.461533769999999957e-06 2.454081820000000053e-06 2.446947059999999848e-06 2.440112890000000111e-06 2.433563849999999819e-06 2.427284240000000042e-06 2.421260209999999879e-06 2.415478089999999928e-06 2.409924950000000085e-06 2.404588710000000152e-06 2.399457799999999875e-06 2.394521519999999827e-06 2.389769630000000131e-06 2.385192599999999888e-06 2.380781320000000144e-06 2.376527159999999875e-06 2.372422390000000052e-06 2.368459039999999926e-06 2.364630519999999946e-06 2.360929780000000160e-06 2.357350699999999968e-06 2.353887339999999844e-06 2.350534030000000184e-06 2.347285769999999794e-06 2.344137329999999816e-06 2.341084149999999804e-06 2.338121929999999829e-06 2.335246560000000018e-06 2.332453959999999970e-06 2.329740709999999984e-06 2.327103179999999809e-06 2.324537950000000169e-06 2.322042289999999843e-06 2.319612800000000049e-06 2.317247209999999965e-06 2.314942550000000041e-06 2.312696549999999876e-06 2.310506719999999968e-06 2.308370769999999845e-06 2.306286889999999929e-06 2.304252799999999996e-06 2.302266690000000045e-06 2.300326510000000051e-06 2.298430900000000163e-06 2.296578260000000082e-06 2.294766769999999983e-06 2.292994850000000064e-06 2.291261579999999952e-06 2.289565150000000069e-06 2.287904409999999843e-06 2.286278230000000047e-06 2.284685480000000179e-06 2.283125010000000094e-06 2.281595699999999962e-06 2.280096400000000059e-06 2.278626430000000036e-06 2.277184649999999993e-06 2.275770380000000005e-06 2.274382499999999819e-06 2.273020529999999813e-06 2.271683339999999910e-06 2.270370490000000210e-06 2.269081050000000090e-06 2.267814349999999874e-06 2.266569710000000059e-06 2.265346890000000199e-06 2.264144770000000042e-06 2.262962879999999789e-06
3.051331530000000144e-06 3.557767739999999922e-06 3.727420109999999983e-06 3.743318980000000044e-06 3.704278240000000101e-06 3.651540060000000158e-06 3.599486040000000193e-06 3.552114780000000090e-06 3.509889210000000091e-06 3.472248179999999837e-06 3.438451130000000164e-06 3.407828669999999824e-06 3.379835789999999831e-06 3.354044790000000047e-06 3.330124400000000096e-06 3.307817680000000090e-06 3.286923859999999974e-06 3.267284910000000147e-06 3.248773509999999968e-06 3.231286880000000142e-06 3.214739309999999984e-06 3.199058709999999933e-06 3.184183020000000177e-06 3.170057649999999839e-06 3.156634419999999904e-06 3.143869440000000192e-06 3.131722909999999903e-06 3.120157770000000125e-06 3.109139929999999805e-06 3.098637760000000039e-06 3.088621269999999821e-06 3.079062249999999947e-06 3.069934560000000039e-06 3.061213419999999992e-06 3.052875629999999928e-06 3.044898900000000094e-06 3.037262790000000036e-06 3.029947719999999879e-06 3.022935739999999941e-06 3.016209580000000046e-06 3.009753299999999968e-06 3.003551460000000027e-06 2.997590399999999800e-06 2.991856490000000030e-06 2.986337449999999795e-06 2.981021909999999988e-06 2.975898499999999812e-06 2.970957210000000013e-06 2.966188499999999866e-06 2.961583500000000018e-06 2.957133799999999819e-06 2.952831209999999841e-06 2.948668680000000135e-06 2.944639159999999900e-06 2.940736069999999833e-06 2.936953479999999810e-06 2.933285490000000028e-06 2.929726860000000114e-06 2.926272370000000190e-06 2.922917470000000058e-06 2.919657620000000187e-06 2.916488480000000083e-06 2.913406209999999791e-06 2.910406919999999812e-06 2.907487210000000094e-06 2.904643680000000162e-06 2.901873129999999844e-06 2.899172610000000084e-06 2.896539399999999910e-06 2.893970530000000195e-06 2.891463959999999891e-06 2.889016739999999945e-06 2.886627039999999858e-06 2.884292599999999904e-06 2.882011359999999808e-06 2.879781050000000020e-06 2.877600309999999840e-06 2.875467319999999866e-06 2.873380030000000074e-06 2.871337300000000140e-06 2.869337320000000062e-06 2.867378729999999990e-06 2.865460149999999999e-06 2.863580450000000014e-06 2.861738039999999985e-06 2.859931780000000012e-06 2.858160769999999794e-06 2.856423629999999831e-06 2.854719699999999847e-06 2.853047590000000093e-06 2.851406410000000094e-06 2.849795459999999851e-06 2.848213630000000209e-06 2.846659979999999876e-06 2.845134080000000043e-06 2.843634769999999893e-06 2.842161620000000193e-06 2.840713479999999949e-06 2.839290119999999809e-06 2.837890630000000071e-06
3.999291949999999788e-06 4.553101919999999845e-06 4.721091049999999929e-06 4.717042879999999593e-06 4.653593809999999999e-06 4.577423620000000131e-06 4.504612659999999797e-06 4.439382340000000109e-06 4.381915010000000374e-06 4.331248869999999748e-06 4.286256169999999978e-06 4.245936450000000167e-06 4.209474809999999991e-06 4.176229140000000177e-06 4.145696489999999727e-06 4.117484419999999776e-06 4.091283699999999854e-06 4.066850120000000300e-06 4.043985880000000185e-06 4.022530450000000158e-06 4.002351029999999603e-06 3.983334860000000293e-06 3.965386899999999674e-06 3.948423450000000327e-06 3.932371780000000369e-06 3.917166399999999617e-06 3.902749089999999905e-06 3.889066649999999683e-06 3.876069970000000161e-06 3.863714479999999965e-06 3.851959259999999734e-06 3.840766109999999813e-06 3.830098649999999945e-06 3.819925039999999829e-06 3.810213909999999807e-06 3.800936840000000125e-06 3.792066989999999981e-06 3.783580040000000095e-06 3.775452340000000013e-06 3.767662519999999933e-06 3.760190789999999851e-06 3.753018060000000188e-06 3.746127050000000093e-06 3.739501379999999865e-06 3.733126279999999923e-06 3.726987420000000167e-06 3.721071380000000196e-06 3.715366350000000156e-06 3.709860720000000072e-06 3.704543810000000167e-06 3.699405620000000163e-06 3.694436830000000134e-06 3.689628560000000056e-06 3.684973080000000050e-06 3.680462670000000067e-06 3.676089820000000178e-06 3.671848390000000136e-06 3.667731789999999963e-06 3.663734329999999982e-06 3.659850560000000118e-06 3.656075020000000046e-06 3.652403169999999815e-06 3.648830220000000047e-06 3.645351849999999897e-06 3.641964210000000008e-06 3.638663659999999882e-06 3.635446090000000069e-06 3.632308329999999870e-06 3.629247200000000030e-06 3.626259739999999977e-06 3.623342989999999985e-06 3.620494229999999928e-06 3.617710720000000031e-06 3.614990420000000094e-06 3.612330829999999941e-06 3.609729670000000197e-06 3.607184910000000061e-06 3.604694710000000059e-06 3.602257039999999815e-06 3.599870070000000102e-06 3.597531990000000073e-06 3.595241650000000001e-06 3.592997019999999936e-06 3.590796719999999953e-06 3.588639400000000026e-06 3.586523919999999830e-06 3.584448679999999916e-06 3.582412550000000206e-06 3.580414389999999954e-06 3.578453060000000107e-06 3.576527209999999790e-06 3.574636370000000053e-06 3.572779180000000196e-06 3.570954499999999896e-06 3.569161890000000099e-06 3.567400199999999807e-06 3.565668520000000169e-06 3.563966400000000186e-06 3.562292480000000007e-06 3.560646520000000033e-06
5.198541199999999815e-06 5.795643119999999759e-06 5.956213949999999819e-06 5.925809999999999936e-06 5.831884210000000125e-06 5.726987639999999604e-06 5.628958209999999622e-06 5.542148300000000139e-06 5.466330549999999725e-06 5.400016110000000173e-06 5.341589260000000243e-06 5.289639829999999996e-06 5.243022769999999831e-06 5.200834950000000186e-06 5.162369689999999858e-06 5.127073560000000233e-06 5.094509110000000321e-06 5.064328890000000347e-06 5.036253240000000168e-06 5.010052520000000247e-06 4.985536630000000058e-06 4.962546430000000421e-06 4.940945019999999825e-06 4.920614629999999868e-06 4.901452030000000263e-06 4.883365819999999798e-06 4.866274589999999834e-06 4.850104690000000231e-06 4.834789710000000010e-06 4.820268709999999612e-06 4.806486229999999872e-06 4.793391779999999962e-06 4.780938530000000049e-06 4.769083259999999629e-06 4.757785970000000140e-06 4.747010279999999634e-06 4.736722080000000372e-06 4.726889980000000083e-06 4.717484439999999610e-06 4.708479080000000242e-06 4.699848890000000408e-06 4.691570669999999806e-06 4.683623049999999901e-06 4.675986020000000317e-06 4.668641399999999905e-06 4.661571889999999860e-06 4.654761600000000350e-06 4.648195949999999733e-06 4.641860870000000121e-06 4.635744059999999671e-06 4.629833709999999800e-06 4.624118450000000132e-06 4.618588260000000319e-06 4.613233160000000157e-06 4.608044950000000395e-06 4.603014080000000059e-06 4.598134179999999970e-06 4.593397080000000350e-06 4.588795949999999929e-06 4.584324420000000375e-06 4.579977030000000093e-06 4.575747880000000126e-06 4.571631050000000178e-06 4.567622450000000021e-06 4.563717080000000153e-06 4.559910850000000350e-06 4.556198749999999590e-06 4.552578050000000040e-06 4.549044210000000054e-06 4.545594039999999708e-06 4.542224359999999747e-06 4.538931990000000072e-06 4.535714200000000308e-06 4.532567799999999684e-06 4.529490070000000191e-06 4.526479189999999885e-06 4.523532430000000088e-06 4.520647959999999877e-06 4.517822619999999649e-06 4.515055479999999630e-06 4.512343820000000117e-06 4.509686280000000413e-06 4.507080579999999870e-06 4.504525800000000233e-06 4.502019690000000327e-06 4.499561330000000204e-06 4.497148889999999791e-06 4.494781019999999907e-06 4.492456359999999854e-06 4.490173520000000307e-06 4.487932070000000342e-06 4.485729730000000159e-06 4.483566040000000206e-06 4.481439649999999610e-06 4.479349630000000291e-06 4.477295529999999981e-06 4.475275549999999775e-06 4.473289209999999625e-06 4.471335610000000078e-06 4.469413400000000260e-06
6.708404730000000016e-06 7.343864579999999949e-06 7.490385090000000228e-06 7.426166579999999623e-06 7.294664559999999992e-06 7.154832469999999925e-06 7.026353610000000253e-06 6.913612650000000116e-06 6.815818320000000419e-06 6.730811489999999963e-06 6.656364349999999979e-06 6.590560589999999608e-06 6.531853610000000159e-06 6.479024710000000201e-06 6.431122069999999943e-06 6.387399030000000116e-06 6.347267570000000084e-06 6.310258410000000076e-06 6.275992290000000331e-06 6.244159070000000256e-06 6.214501809999999963e-06 6.186803150000000413e-06 6.160878459999999961e-06 6.136568120000000226e-06 6.113732070000000091e-06 6.092247989999999686e-06 6.072005819999999992e-06 6.052908250000000172e-06 6.034867059999999963e-06 6.017802210000000400e-06 6.001640940000000128e-06 5.986318230000000030e-06 5.971772680000000151e-06 5.957949720000000106e-06 5.944798429999999839e-06 5.932272420000000263e-06 5.920328929999999581e-06 5.908928870000000201e-06 5.898035399999999776e-06 5.887616229999999972e-06 5.877640429999999761e-06 5.868078920000000384e-06 5.858906210000000220e-06 5.850098200000000360e-06 5.841632169999999704e-06 5.833487650000000018e-06 5.825645989999999930e-06 5.818088990000000334e-06 5.810800300000000155e-06 5.803764910000000213e-06 5.796968709999999934e-06 5.790398520000000212e-06 5.784042059999999701e-06 5.777888420000000117e-06 5.771926679999999964e-06 5.766147299999999788e-06 5.760541170000000212e-06 5.755099209999999640e-06 5.749813680000000062e-06 5.744677310000000308e-06 5.739682820000000226e-06 5.734823839999999792e-06 5.730094020000000322e-06 5.725487879999999727e-06 5.720999980000000294e-06 5.716624859999999583e-06 5.712357959999999687e-06 5.708194749999999631e-06 5.704131130000000213e-06 5.700163460000000087e-06 5.696286729999999926e-06 5.692498690000000250e-06 5.688794769999999940e-06 5.685172709999999692e-06 5.681629319999999580e-06 5.678161409999999680e-06 5.674766729999999664e-06 5.671442519999999686e-06 5.668186079999999692e-06 5.664995110000000232e-06 5.661867360000000133e-06 5.658801459999999719e-06 5.655794669999999639e-06 5.652845180000000315e-06 5.649951620000000376e-06 5.647111719999999848e-06 5.644324119999999726e-06 5.641587450000000334e-06 5.638899440000000002e-06 5.636259630000000027e-06 5.633666209999999984e-06 5.631117349999999799e-06 5.628612599999999744e-06 5.626150599999999970e-06 5.623729520000000402e-06 5.621348920000000292e-06 5.619007879999999689e-06 5.616704580000000039e-06 5.614439030000000320e-06 5.612209410000000281e-06
8.602260099999999466e-06 9.270580449999999827e-06 9.395435880000000423e-06 9.288663930000000765e-06 9.111220609999999277e-06 8.929128849999999181e-06 8.764039189999999510e-06 8.620254449999999169e-06 8.496244850000000769e-06 8.389003599999999994e-06 8.295547559999999333e-06 8.213335600000000171e-06 8.140332280000000007e-06 8.074936889999999323e-06 8.015900680000000546e-06 7.962246849999999245e-06 7.913205990000000658e-06 7.868161449999999186e-06 7.826618460000000211e-06 7.788168660000000483e-06 7.752474630000000399e-06 7.719250790000000364e-06 7.688255210000000516e-06 7.659275979999999353e-06 7.632132109999999962e-06 7.606662619999999877e-06 7.582724720000000148e-06 7.560191529999999611e-06 7.538949829999999641e-06 7.518896839999999676e-06 7.499940240000000251e-06 7.481995910000000307e-06 7.464988810000000379e-06 7.448848459999999761e-06 7.433512559999999886e-06 7.418922909999999699e-06 7.405027189999999993e-06 7.391776309999999935e-06 7.379127059999999693e-06 7.367038049999999687e-06 7.355472010000000032e-06 7.344394819999999779e-06 7.333775099999999870e-06 7.323583760000000025e-06 7.313793960000000290e-06 7.304381139999999666e-06 7.295322579999999593e-06 7.286596429999999795e-06 7.278184060000000243e-06 7.270067729999999690e-06 7.262229700000000275e-06 7.254654970000000103e-06 7.247328990000000392e-06 7.240239030000000068e-06 7.233371890000000376e-06 7.226716659999999645e-06 7.220261520000000315e-06 7.213997380000000116e-06 7.207914679999999944e-06 7.202004330000000073e-06 7.196258140000000227e-06 7.190668840000000080e-06 7.185228699999999757e-06 7.179931340000000253e-06 7.174769959999999772e-06 7.169739090000000283e-06 7.164832819999999617e-06 7.160045700000000239e-06 7.155373170000000006e-06 7.150810689999999816e-06 7.146353709999999890e-06 7.141997679999999606e-06 7.137738520000000258e-06 7.133573489999999953e-06 7.129498039999999761e-06 7.125509910000000379e-06 7.121604539999999665e-06 7.117780570000000308e-06 7.114033910000000390e-06 7.110362280000000109e-06 7.106762949999999940e-06 7.103233659999999730e-06 7.099772569999999582e-06 7.096376519999999891e-06 7.093044589999999861e-06 7.089773590000000413e-06 7.086562160000000003e-06 7.083408950000000299e-06 7.080311209999999582e-06 7.077268040000000094e-06 7.074277619999999891e-06 7.071338589999999971e-06 7.068449579999999808e-06 7.065608770000000002e-06 7.062815260000000253e-06 7.060067219999999639e-06 7.057364200000000128e-06 7.054704379999999776e-06 7.052087309999999704e-06 7.049511169999999664e-06
1.097112639999999992e-05 1.166655239999999952e-05 1.176096159999999933e-05 1.160130609999999989e-05 1.136798530000000072e-05 1.113493450000000011e-05 1.092592990000000033e-05 1.074506600000000017e-05 1.058985800000000014e-05 1.045624870000000084e-05 1.034031719999999963e-05 1.023876389999999919e-05 1.014895129999999968e-05 1.006881849999999983e-05 9.996755580000000804e-06 9.931506610000000591e-06 9.872082049999999787e-06 9.817689720000000018e-06 9.767692060000000091e-06 9.721563400000000449e-06 9.678868079999999183e-06 9.639239580000000821e-06 9.602364119999999187e-06 9.567972480000000671e-06 9.535830940000000251e-06 9.505733029999999218e-06 9.477497770000000484e-06 9.450965079999999342e-06 9.425991269999999930e-06 9.402448089999999712e-06 9.380219130000000142e-06 9.359201610000000656e-06 9.339300960000000614e-06 9.320432580000000605e-06 9.302519170000000167e-06 9.285489800000000559e-06 9.269281690000000628e-06 9.253834829999999740e-06 9.239097379999999582e-06 9.225020219999999847e-06 9.211558789999999832e-06 9.198672159999999505e-06 9.186323039999999334e-06 9.174476869999999314e-06 9.163101820000000661e-06 9.152168790000000728e-06 9.141650479999999165e-06 9.131523260000000674e-06 9.121762559999999350e-06 9.112348380000000569e-06 9.103260709999999719e-06 9.094480449999999938e-06 9.085992129999999952e-06 9.077779400000000380e-06 9.069827679999999578e-06 9.062122440000000109e-06 9.054652760000000476e-06 9.047404999999999480e-06 9.040370059999999265e-06 9.033535209999999602e-06 9.026893169999999496e-06 9.020433030000000663e-06 9.014147510000000411e-06 9.008028429999999985e-06 9.002067600000000804e-06 8.996258659999999279e-06 8.990595230000000642e-06 8.985070050000000156e-06 8.979678569999999740e-06 8.974413500000000266e-06 8.969272130000000161e-06 8.964247170000000299e-06 8.959335899999999284e-06 8.954532859999999754e-06 8.949833500000000240e-06 8.945235089999999521e-06 8.940734010000000136e-06 8.936324779999999993e-06 8.932005580000000538e-06 8.927773710000000022e-06 8.923625500000000168e-06 8.919557330000000127e-06 8.915567379999999649e-06 8.911653820000000353e-06 8.907812120000000420e-06 8.904042260000000200e-06 8.900340620000000538e-06 8.896704460000000387e-06 8.893133779999999749e-06 8.889624949999999642e-06 8.886177060000000790e-06 8.882787370000000453e-06 8.879454979999999178e-06 8.876178979999999380e-06 8.872955730000000563e-06 8.869786140000000308e-06 8.866666579999999637e-06 8.863597939999999872e-06 8.860576600000000163e-06 8.857602550000000686e-06
1.392815559999999978e-05 1.464499199999999932e-05 1.469875590000000031e-05 1.447389970000000064e-05 1.417281780000000026e-05 1.387842350000000009e-05 1.361681459999999940e-05 1.339171470000000043e-05 1.319943569999999969e-05 1.303461160000000026e-05 1.289217829999999963e-05 1.276790500000000054e-05 1.265842639999999985e-05 1.256111319999999950e-05 1.247391990000000073e-05 1.239524860000000046e-05 1.232383870000000069e-05 1.225868619999999996e-05 1.219897509999999947e-05 1.214403889999999934e-05 1.209332370000000075e-05 1.204636100000000038e-05 1.200275440000000027e-05 1.196216269999999938e-05 1.192429039999999939e-05 1.188887929999999967e-05 1.185570179999999959e-05 1.182455979999999927e-05 1.179527409999999918e-05 1.176768819999999955e-05 1.174165940000000070e-05 1.171706209999999933e-05 1.169378270000000009e-05 1.167171740000000001e-05 1.165077450000000058e-05 1.163087020000000021e-05 1.161192900000000075e-05 1.159388009999999946e-05 1.157666160000000010e-05 1.156021699999999971e-05 1.154449179999999923e-05 1.152944060000000084e-05 1.151501780000000006e-05 1.150118350000000081e-05 1.148790030000000040e-05 1.147513560000000001e-05 1.146285649999999930e-05 1.145103490000000011e-05 1.143964350000000038e-05 1.142865859999999927e-05 1.141805569999999981e-05 1.140781480000000061e-05 1.139791580000000031e-05 1.138833980000000025e-05 1.137907109999999981e-05 1.137009169999999974e-05 1.136138869999999943e-05 1.135294770000000084e-05 1.134475500000000045e-05 1.133679870000000040e-05 1.132906889999999993e-05 1.132155280000000004e-05 1.131424230000000058e-05 1.130712639999999976e-05 1.130019700000000080e-05 1.129344669999999973e-05 1.128686559999999919e-05 1.128044910000000026e-05 1.127418819999999996e-05 1.126807640000000053e-05 1.126210919999999963e-05 1.125627930000000000e-05 1.125058129999999984e-05 1.124501070000000018e-05 1.123956189999999936e-05 1.123423139999999950e-05 1.122901269999999946e-05 1.122390400000000034e-05 1.121890000000000028e-05 1.121399689999999989e-05 1.120919210000000075e-05 1.120448090000000064e-05 1.119986059999999950e-05 1.119532950000000006e-05 1.119088210000000058e-05 1.118651739999999998e-05 1.118223279999999982e-05 1.117802550000000013e-05 1.117389269999999922e-05 1.116983190000000029e-05 1.116584190000000068e-05 1.116192020000000024e-05 1.115806390000000071e-05 1.115427310000000034e-05 1.115054419999999962e-05 1.114687619999999917e-05 1.114326640000000062e-05 1.113971480000000058e-05 1.113621970000000009e-05 1.113277809999999928e-05
1.761427480000000013e-05 1.834724209999999926e-05 1.834843719999999979e-05 1.804363639999999940e-05 1.766055169999999880e-05 1.729241009999999960e-05 1.696785879999999856e-05 1.669005180000000016e-05 1.645377960000000045e-05 1.625207009999999933e-05 1.607845660000000127e-05 1.592757509999999965e-05 1.579517080000000163e-05 1.567792240000000106e-05 1.557325050000000005e-05 1.547913779999999964e-05 1.539399089999999909e-05 1.531654379999999860e-05 1.524576420000000037e-05 1.518081170000000008e-05 1.512098520000000025e-05 1.506569790000000003e-05 1.501445059999999951e-05 1.496681759999999990e-05 1.492242970000000022e-05 1.488096680000000018e-05 1.484215140000000069e-05 1.480573609999999963e-05 1.477150640000000029e-05 1.473927110000000026e-05 1.470885850000000055e-05 1.468011849999999920e-05 1.465291550000000067e-05 1.462712679999999991e-05 1.460264499999999951e-05 1.457937110000000032e-05 1.455721489999999956e-05 1.453609729999999957e-05 1.451594469999999932e-05 1.449669159999999965e-05 1.447827529999999970e-05 1.446064289999999943e-05 1.444374170000000037e-05 1.442752639999999956e-05 1.441195399999999940e-05 1.439698639999999934e-05 1.438258550000000050e-05 1.436872029999999970e-05 1.435535799999999992e-05 1.434247130000000082e-05 1.433003310000000023e-05 1.431801869999999961e-05 1.430640529999999926e-05 1.429517309999999935e-05 1.428430099999999915e-05 1.427376990000000011e-05 1.426356449999999966e-05 1.425366640000000052e-05 1.424406220000000065e-05 1.423473710000000060e-05 1.422567859999999947e-05 1.421687280000000064e-05 1.420830900000000044e-05 1.419997529999999933e-05 1.419186259999999945e-05 1.418396100000000004e-05 1.417626030000000053e-05 1.416875240000000074e-05 1.416142910000000059e-05 1.415428319999999936e-05 1.414730650000000034e-05 1.414049350000000011e-05 1.413383600000000025e-05 1.412732850000000072e-05 1.412096569999999965e-05 1.411474109999999931e-05 1.410865120000000013e-05 1.410268849999999988e-05 1.409685050000000009e-05 1.409113160000000077e-05 1.408552820000000072e-05 1.408003569999999935e-05 1.407464969999999933e-05 1.406936830000000013e-05 1.406418689999999944e-05 1.405910189999999948e-05 1.405411060000000017e-05 1.404921019999999983e-05 1.404439810000000005e-05 1.403967049999999973e-05 1.403502569999999993e-05 1.403046100000000058e-05 1.402597350000000006e-05 1.402156159999999934e-05 1.401722329999999963e-05 1.401295499999999974e-05 1.400875679999999960e-05 1.400462589999999922e-05 1.400055950000000031e-05 1.399655779999999934e-05
2.220529129999999917e-05 2.294991829999999932e-05 2.288459839999999867e-05 2.248224149999999985e-05 2.200017480000000163e-05 2.154356300000000033e-05 2.114385280000000085e-05 2.080337249999999951e-05 2.051500269999999930e-05 2.026979750000000013e-05 2.005958050000000018e-05 1.987760520000000114e-05 1.971853820000000153e-05 1.957821220000000107e-05 1.945339499999999876e-05 1.934155629999999906e-05 1.924069690000000047e-05 1.914922540000000106e-05 1.906585199999999853e-05 1.898951999999999975e-05 1.891935429999999947e-05 1.885462370000000155e-05 1.879470620000000112e-05 1.873907599999999921e-05 1.868728029999999990e-05 1.863892790000000037e-05 1.859367690000000002e-05 1.855123080000000113e-05 1.851133309999999864e-05 1.847375099999999849e-05 1.843828430000000036e-05 1.840475489999999898e-05 1.837300260000000022e-05 1.834288740000000105e-05 1.831427829999999977e-05 1.828706259999999880e-05 1.826114019999999967e-05 1.823641649999999887e-05 1.821280599999999924e-05 1.819023599999999922e-05 1.816863369999999900e-05 1.814793899999999952e-05 1.812809209999999985e-05 1.810903999999999831e-05 1.809073549999999989e-05 1.807313310000000002e-05 1.805619290000000095e-05 1.803987469999999998e-05 1.802414410000000109e-05 1.800896830000000049e-05 1.799431809999999898e-05 1.798016459999999888e-05 1.796648210000000056e-05 1.795324530000000075e-05 1.794043239999999916e-05 1.792801960000000008e-05 1.791599060000000155e-05 1.790432539999999880e-05 1.789300590000000111e-05 1.788201550000000165e-05 1.787133809999999834e-05 1.786096069999999907e-05 1.785087079999999959e-05 1.784105190000000144e-05 1.783149489999999831e-05 1.782218900000000014e-05 1.781311950000000061e-05 1.780427920000000072e-05 1.779565900000000092e-05 1.778724799999999935e-05 1.777903709999999985e-05 1.777102080000000068e-05 1.776318999999999891e-05 1.775553760000000053e-05 1.774805420000000110e-05 1.774073829999999984e-05 1.773358049999999907e-05 1.772657379999999965e-05 1.771971619999999941e-05 1.771299870000000044e-05 1.770641759999999989e-05 1.769996919999999833e-05 1.769364829999999891e-05 1.768745099999999892e-05 1.768137190000000164e-05 1.767540739999999910e-05 1.766955390000000026e-05 1.766380769999999889e-05 1.765816520000000058e-05 1.765262459999999964e-05 1.764718220000000001e-05 1.764183249999999996e-05 1.763657750000000165e-05 1.763140970000000117e-05 1.762632929999999841e-05 1.762133249999999905e-05 1.761641580000000015e-05 1.761158089999999898e-05 1.760682239999999881e-05 1.760213850000000074e-05
2.792088159999999995e-05 2.867393959999999968e-05 2.852584110000000098e-05 2.800507899999999981e-05 2.740399579999999971e-05 2.684163340000000067e-05 2.635250169999999950e-05 2.593775210000000124e-05 2.558787669999999833e-05 2.529151239999999926e-05 2.503840549999999905e-05 2.482014130000000007e-05 2.463006600000000021e-05 2.446300099999999879e-05 2.431491520000000084e-05 2.418265830000000135e-05 2.406374190000000132e-05 2.395618319999999948e-05 2.385837619999999935e-05 2.376901099999999902e-05 2.368700370000000153e-05 2.361145380000000013e-05 2.354159549999999940e-05 2.347678670000000157e-05 2.341647630000000103e-05 2.336018769999999940e-05 2.330751339999999867e-05 2.325810059999999977e-05 2.321163809999999869e-05 2.316785499999999911e-05 2.312651299999999845e-05 2.308740660000000130e-05 2.305034649999999905e-05 2.301516719999999907e-05 2.298172689999999945e-05 2.294988919999999837e-05 2.291953749999999892e-05 2.289056830000000132e-05 2.286288150000000032e-05 2.283639509999999833e-05 2.281102569999999858e-05 2.278670400000000083e-05 2.276336449999999916e-05 2.274094549999999885e-05 2.271939409999999989e-05 2.269865759999999870e-05 2.267868880000000026e-05 2.265944569999999960e-05 2.264088830000000069e-05 2.262297859999999952e-05 2.260568180000000030e-05 2.258896529999999912e-05 2.257279990000000017e-05 2.255715839999999965e-05 2.254201349999999891e-05 2.252734159999999873e-05 2.251311890000000002e-05 2.249932370000000073e-05 2.248593590000000120e-05 2.247293740000000058e-05 2.246030820000000086e-05 2.244803359999999912e-05 2.243609739999999841e-05 2.242448319999999854e-05 2.241317820000000052e-05 2.240216959999999857e-05 2.239144309999999968e-05 2.238098929999999940e-05 2.237079390000000135e-05 2.236084770000000094e-05 2.235113970000000147e-05 2.234166279999999879e-05 2.233240590000000133e-05 2.232336009999999927e-05 2.231451979999999938e-05 2.230587420000000145e-05 2.229741769999999873e-05 2.228914130000000007e-05 2.228104129999999925e-05 2.227311050000000065e-05 2.226534160000000022e-05 2.225773100000000016e-05 2.225027130000000158e-05 2.224295889999999988e-05 2.223578670000000108e-05 2.222875079999999908e-05 2.222184960000000162e-05 2.221507379999999911e-05 2.220842360000000159e-05 2.220189339999999891e-05 2.219547970000000168e-05 2.218917869999999863e-05 2.218298690000000038e-05 2.217690049999999907e-05 2.217091789999999906e-05 2.216503529999999927e-05 2.215925090000000079e-05 2.215355930000000012e-05 2.214796039999999904e-05 2.214245070000000134e-05
3.503596959999999948e-05 3.579587429999999760e-05 3.554612700000000228e-05 3.488252330000000126e-05 3.413908050000000319e-05 3.345095319999999667e-05 3.285593270000000042e-05 3.235354959999999815e-05 3.193131849999999761e-05 3.157493480000000074e-05 3.127163289999999922e-05 3.101098989999999942e-05 3.078477310000000153e-05 3.058658690000000239e-05 3.041144919999999881e-05 3.025546900000000047e-05 3.011557600000000116e-05 2.998931999999999903e-05 2.987472910000000140e-05 2.977019179999999991e-05 2.967438560000000030e-05 2.958620640000000093e-05 2.950473029999999913e-05 2.942917670000000168e-05 2.935888190000000023e-05 2.929327819999999924e-05 2.923187820000000013e-05 2.917426170000000075e-05 2.912006130000000073e-05 2.906896409999999879e-05 2.902068630000000137e-05 2.897498600000000129e-05 2.893164860000000023e-05 2.889048300000000079e-05 2.885132020000000065e-05 2.881400720000000130e-05 2.877840959999999971e-05 2.874440539999999886e-05 2.871188739999999952e-05 2.868075350000000106e-05 2.865091660000000049e-05 2.862229120000000065e-05 2.859480449999999833e-05 2.856838729999999833e-05 2.854297599999999863e-05 2.851851419999999962e-05 2.849494739999999885e-05 2.847222639999999911e-05 2.845030390000000034e-05 2.842914000000000137e-05 2.840869270000000063e-05 2.838892579999999978e-05 2.836980460000000127e-05 2.835129639999999957e-05 2.833337199999999887e-05 2.831600250000000147e-05 2.829916050000000032e-05 2.828282410000000025e-05 2.826696619999999910e-05 2.825156659999999897e-05 2.823660540000000010e-05 2.822206079999999879e-05 2.820791630000000000e-05 2.819415390000000110e-05 2.818075699999999864e-05 2.816770939999999906e-05 2.815499650000000107e-05 2.814260549999999890e-05 2.813052200000000131e-05 2.811873489999999978e-05 2.810723159999999860e-05 2.809600119999999929e-05 2.808503269999999838e-05 2.807431520000000080e-05 2.806384150000000075e-05 2.805359870000000101e-05 2.804358340000000024e-05 2.803378270000000120e-05 2.802418929999999985e-05 2.801479970000000003e-05 2.800560109999999933e-05 2.799659160000000062e-05 2.798776219999999919e-05 2.797910749999999832e-05 2.797062190000000143e-05 2.796230000000000162e-05 2.795413459999999988e-05 2.794612370000000082e-05 2.793826020000000028e-05 2.793053859999999991e-05 2.792295710000000081e-05 2.791551009999999959e-05 2.790819419999999833e-05 2.790100369999999879e-05 2.789393690000000031e-05 2.788699019999999832e-05 2.788015990000000012e-05 2.787344059999999886e-05 2.786683219999999965e-05 2.786032929999999902e-05
4.389515019999999922e-05 4.466219249999999684e-05 4.428888129999999825e-05 4.345400519999999787e-05 4.254122899999999784e-05 4.170433019999999840e-05 4.098454879999999782e-05 4.037918920000000105e-05 3.987210580000000051e-05 3.944541819999999925e-05 3.908335569999999733e-05 3.877310520000000005e-05 3.850457139999999767e-05 3.826991090000000283e-05 3.806302629999999720e-05 3.787915919999999917e-05 3.771455160000000201e-05 3.756622390000000029e-05 3.743176789999999712e-05 3.730923709999999795e-05 3.719701999999999780e-05 3.709379600000000293e-05 3.699844820000000259e-05 3.691004530000000194e-05 3.682779420000000014e-05 3.675102200000000119e-05 3.667915369999999876e-05 3.661169100000000257e-05 3.654820099999999956e-05 3.648831989999999734e-05 3.643171290000000285e-05 3.637810000000000327e-05 3.632723380000000326e-05 3.627888509999999979e-05 3.623286469999999941e-05 3.618899430000000036e-05 3.614711750000000281e-05 3.610709609999999926e-05 3.606879909999999816e-05 3.603211740000000313e-05 3.599694539999999702e-05 3.596318490000000224e-05 3.593075599999999789e-05 3.589957489999999761e-05 3.586957250000000105e-05 3.584067599999999823e-05 3.581283089999999687e-05 3.578597529999999900e-05 3.576005469999999877e-05 3.573502539999999733e-05 3.571083290000000239e-05 3.568744430000000175e-05 3.566481250000000201e-05 3.564290449999999951e-05 3.562168059999999974e-05 3.560111139999999684e-05 3.558116800000000329e-05 3.556181400000000056e-05 3.554302750000000027e-05 3.552478300000000265e-05 3.550705509999999942e-05 3.548982200000000046e-05 3.547305819999999922e-05 3.545674919999999944e-05 3.544086940000000312e-05 3.542540430000000045e-05 3.541033950000000016e-05 3.539565300000000207e-05 3.538133019999999812e-05 3.536736039999999990e-05 3.535372890000000107e-05 3.534041750000000256e-05 3.532741900000000194e-05 3.531472250000000076e-05 3.530230970000000168e-05 3.529017700000000010e-05 3.527830999999999800e-05 3.526669750000000218e-05 3.525533609999999778e-05 3.524421480000000163e-05 3.523332270000000173e-05 3.522265620000000026e-05 3.521220059999999769e-05 3.520195609999999728e-05 3.519191159999999731e-05 3.518206359999999822e-05 3.517240110000000329e-05 3.516292419999999722e-05 3.515362189999999686e-05 3.514449049999999938e-05 3.513552290000000061e-05 3.512671900000000232e-05 3.511806789999999927e-05 3.510956959999999823e-05 3.510121679999999856e-05 3.509300950000000027e-05 3.508494050000000094e-05 3.507700240000000168e-05 3.506919530000000075e-05 3.506151919999999815e-05
5.493085700000000193e-05 5.570709619999999958e-05 5.518454780000000138e-05 5.414525369999999743e-05 5.303197760000000324e-05 5.201984820000000076e-05 5.115359449999999923e-05 5.042756669999999970e-05 4.982111569999999869e-05 4.931207149999999704e-05 4.888110559999999858e-05 4.851257839999999991e-05 4.819421519999999768e-05 4.791648830000000311e-05 4.767199790000000326e-05 4.745498520000000103e-05 4.726090990000000256e-05 4.708617049999999919e-05 4.692787119999999895e-05 4.678367259999999700e-05 4.665165400000000008e-05 4.653022549999999685e-05 4.641806659999999859e-05 4.631406770000000197e-05 4.621729390000000080e-05 4.612695189999999773e-05 4.604235439999999874e-05 4.596292270000000145e-05 4.588814770000000182e-05 4.581759640000000207e-05 4.575089040000000177e-05 4.568768779999999690e-05 4.562770120000000289e-05 4.557067220000000056e-05 4.551636810000000088e-05 4.546458879999999838e-05 4.541514859999999919e-05 4.536788399999999933e-05 4.532264939999999917e-05 4.527931009999999756e-05 4.523774619999999791e-05 4.519784490000000100e-05 4.515950420000000104e-05 4.512263689999999682e-05 4.508715570000000242e-05 4.505297690000000264e-05 4.502003869999999776e-05 4.498826460000000208e-05 4.495759640000000014e-05 4.492797600000000184e-05 4.489934869999999807e-05 4.487166369999999937e-05 4.484487730000000011e-05 4.481894209999999859e-05 4.479381819999999704e-05 4.476946919999999725e-05 4.474585510000000319e-05 4.472294310000000093e-05 4.470070419999999791e-05 4.467910179999999944e-05 4.465811070000000050e-05 4.463770530000000310e-05 4.461786010000000070e-05 4.459854969999999858e-05 4.457975229999999983e-05 4.456144600000000249e-05 4.454360900000000289e-05 4.452622310000000191e-05 4.450927369999999826e-05 4.449273910000000004e-05 4.447660469999999920e-05 4.446085219999999837e-05 4.444547079999999734e-05 4.443044599999999985e-05 4.441575950000000177e-05 4.440140400000000244e-05 4.438736870000000166e-05 4.437363530000000209e-05 4.436020029999999736e-05 4.434704900000000150e-05 4.433417050000000250e-05 4.432155770000000298e-05 4.430920309999999903e-05 4.429709589999999720e-05 4.428522519999999904e-05 4.427358730000000172e-05 4.426217489999999781e-05 4.425097720000000065e-05 4.423999050000000064e-05 4.422920760000000214e-05 4.421862100000000125e-05 4.420822729999999664e-05 4.419801549999999838e-05 4.418798559999999971e-05 4.417813029999999996e-05 4.416844600000000134e-05 4.415892540000000319e-05 4.414956490000000093e-05 4.414036079999999850e-05 4.413130590000000026e-05
6.868621129999999799e-05 6.947489600000000365e-05 6.877244600000000498e-05 6.748970919999999979e-05 6.613954610000000341e-05 6.492139800000000613e-05 6.388339529999999332e-05 6.301602120000000177e-05 6.229313290000000028e-05 6.168745310000000497e-05 6.117545849999999371e-05 6.073820620000000027e-05 6.036087870000000113e-05 6.003200539999999725e-05 5.974269520000000268e-05 5.948602479999999781e-05 5.925656660000000112e-05 5.905000940000000321e-05 5.886290460000000245e-05 5.869246159999999714e-05 5.853640320000000227e-05 5.839284489999999918e-05 5.826022609999999768e-05 5.813723689999999924e-05 5.802277159999999983e-05 5.791589140000000073e-05 5.781579240000000086e-05 5.772179429999999857e-05 5.763329679999999782e-05 5.754979070000000309e-05 5.747082100000000288e-05 5.739599869999999980e-05 5.732497810000000232e-05 5.725745719999999746e-05 5.719315959999999731e-05 5.713184869999999996e-05 5.707331000000000193e-05 5.701734700000000235e-05 5.696378870000000009e-05 5.691247130000000320e-05 5.686326039999999851e-05 5.681601760000000234e-05 5.677062649999999733e-05 5.672697809999999890e-05 5.668497399999999908e-05 5.664451599999999995e-05 5.660552420000000093e-05 5.656791469999999711e-05 5.653161500000000034e-05 5.649655939999999804e-05 5.646267890000000164e-05 5.642991890000000028e-05 5.639822479999999664e-05 5.636753850000000062e-05 5.633781259999999698e-05 5.630900710000000324e-05 5.628107459999999739e-05 5.625397530000000022e-05 5.622766909999999714e-05 5.620212320000000130e-05 5.617730129999999920e-05 5.615317420000000178e-05 5.612971290000000297e-05 5.610688460000000236e-05 5.608466380000000020e-05 5.606302879999999783e-05 5.604195030000000118e-05 5.602140659999999803e-05 5.600137960000000107e-05 5.598184730000000335e-05 5.596278790000000118e-05 5.594418689999999827e-05 5.592602249999999772e-05 5.590827999999999998e-05 5.589094509999999850e-05 5.587399939999999768e-05 5.585743199999999907e-05 5.584122849999999786e-05 5.582537410000000305e-05 5.580985819999999736e-05 5.579466600000000334e-05 5.577979029999999825e-05 5.576522019999999720e-05 5.575094469999999669e-05 5.573694939999999871e-05 5.572323430000000326e-05 5.570978100000000119e-05 5.569658609999999794e-05 5.568364210000000317e-05 5.567093830000000135e-05 5.565846730000000036e-05 5.564622550000000240e-05 5.563420560000000004e-05 5.562239679999999984e-05 5.561079520000000248e-05 5.559939380000000205e-05 5.558818879999999747e-05 5.557717299999999990e-05 5.556634279999999795e-05 5.555569439999999735e-05
8.584364700000000111e-05 8.664803320000000132e-05 8.572822840000000671e-05 8.415534100000000265e-05 8.252512629999999964e-05 8.106453609999999957e-05 7.982487299999999476e-05 7.879160689999999373e-05 7.793194530000000300e-05 7.721256410000000656e-05 7.660499250000000549e-05 7.608643499999999957e-05 7.563913819999999939e-05 7.524937249999999966e-05 7.490652930000000608e-05 7.460235790000000269e-05 7.433040449999999799e-05 7.408555389999999679e-05 7.386371730000000364e-05 7.366158390000000430e-05 7.347646169999999478e-05 7.330614609999999676e-05 7.314877440000000204e-05 7.300281139999999485e-05 7.286694739999999347e-05 7.274009110000000545e-05 7.262128200000000629e-05 7.250971250000000563e-05 7.240468399999999769e-05 7.230558549999999802e-05 7.221188569999999912e-05 7.212311899999999931e-05 7.203887800000000562e-05 7.195879880000000030e-05 7.188255399999999597e-05 7.180986720000000472e-05 7.174047640000000281e-05 7.167415609999999682e-05 7.161069519999999815e-05 7.154989729999999739e-05 7.149160960000000608e-05 7.143565740000000670e-05 7.138190990000000422e-05 7.133023609999999352e-05 7.128051950000000643e-05 7.123263639999999786e-05 7.118649230000000658e-05 7.114199979999999424e-05 7.109905709999999896e-05 7.105759139999999723e-05 7.101752999999999766e-05 7.097879280000000317e-05 7.094132160000000509e-05 7.090505099999999910e-05 7.086991539999999798e-05 7.083587840000000351e-05 7.080286740000000221e-05 7.077085320000000505e-05 7.073978490000000399e-05 7.070961149999999953e-05 7.068030389999999412e-05 7.065181849999999390e-05 7.062411900000000570e-05 7.059717609999999481e-05 7.057095349999999514e-05 7.054542220000000060e-05 7.052055299999999505e-05 7.049631679999999448e-05 7.047269899999999759e-05 7.044966329999999765e-05 7.042718789999999774e-05 7.040525819999999657e-05 7.038384500000000510e-05 7.036294120000000563e-05 7.034251029999999492e-05 7.032254510000000446e-05 7.030303100000000584e-05 7.028393879999999649e-05 7.026526870000000000e-05 7.024699880000000087e-05 7.022911449999999782e-05 7.021160850000000375e-05 7.019445909999999966e-05 7.017765169999999782e-05 7.016119340000000237e-05 7.014505540000000371e-05 7.012923020000000470e-05 7.011371050000000471e-05 7.009848919999999957e-05 7.008355170000000155e-05 7.006889060000000497e-05 7.005449880000000568e-05 7.004036889999999801e-05 7.002649359999999488e-05 7.001286580000000567e-05 6.999947070000000549e-05 6.998630850000000440e-05 6.997337190000000175e-05 6.996065350000000541e-05 6.994814610000000621e-05
1.072606389999999942e-04 1.080823129999999957e-04 1.068984860000000015e-04 1.049787319999999992e-04 1.030164790000000013e-04 1.012696960000000063e-04 9.979245810000000048e-05 9.856383259999999694e-05 9.754300120000000370e-05 9.668944399999999657e-05 9.596886960000000015e-05 9.535399290000000480e-05 9.482362660000000546e-05 9.436142140000000481e-05 9.395478259999999742e-05 9.359392420000000072e-05 9.327119189999999547e-05 9.298053920000000523e-05 9.271713500000000282e-05 9.247708660000000065e-05 9.225721439999999963e-05 9.205489190000000510e-05 9.186795069999999978e-05 9.169457190000000649e-05 9.153320569999999457e-05 9.138254969999999654e-05 9.124149070000000443e-05 9.110906099999999813e-05 9.098442390000000327e-05 9.086685900000000360e-05 9.075573329999999414e-05 9.065049380000000261e-05 9.055065310000000333e-05 9.045576730000000007e-05 9.036546539999999804e-05 9.027939089999999873e-05 9.019724530000000227e-05 9.011875949999999431e-05 9.004367170000000180e-05 8.997175610000000270e-05 8.990282369999999328e-05 8.983667069999999913e-05 8.977313700000000404e-05 8.971206259999999681e-05 8.965330930000000383e-05 8.959673870000000077e-05 8.954222720000000176e-05 8.948967300000000428e-05 8.943896679999999513e-05 8.938999960000000328e-05 8.934269860000000521e-05 8.929697649999999466e-05 8.925274600000000606e-05 8.920993419999999731e-05 8.916847579999999623e-05 8.912831250000000267e-05 8.908937159999999814e-05 8.905160939999999731e-05 8.901496040000000443e-05 8.897937369999999791e-05 8.894481290000000664e-05 8.891122709999999549e-05 8.887856530000000561e-05 8.884680569999999942e-05 8.881589750000000102e-05 8.878580410000000216e-05 8.875650379999999739e-05 8.872795300000000643e-05 8.870012239999999456e-05 8.867299040000000201e-05 8.864652049999999846e-05 8.862069079999999551e-05 8.859547960000000127e-05 8.857085780000000463e-05 8.854681069999999926e-05 8.852330939999999765e-05 8.850033919999999348e-05 8.847787100000000275e-05 8.845590490000000336e-05 8.843440449999999712e-05 8.841336970000000610e-05 8.839277140000000564e-05 8.837260250000000513e-05 8.835284099999999761e-05 8.833347970000000101e-05 8.831451119999999611e-05 8.829590659999999539e-05 8.827766579999999383e-05 8.825977420000000369e-05 8.824221730000000158e-05 8.822499510000000108e-05 8.820808580000000525e-05 8.819148929999999552e-05 8.817518389999999355e-05 8.815917679999999497e-05 8.814344620000000286e-05 8.812799210000000366e-05 8.811279989999999608e-05 8.809786230000000659e-05 8.808317939999999954e-05
1.340143639999999902e-04 1.348511430000000116e-04 1.333445400000000133e-04 1.310084039999999882e-04 1.286509209999999891e-04 1.265649920000000103e-04 1.248068000000000127e-04 1.233473009999999865e-04 1.221359849999999897e-04 1.211237399999999965e-04 1.202694330000000011e-04 1.195404689999999935e-04 1.189116300000000038e-04 1.183635179999999951e-04 1.178811940000000025e-04 1.174530770000000059e-04 1.170701220000000027e-04 1.167251900000000045e-04 1.164125720000000008e-04 1.161276739999999983e-04 1.158667360000000050e-04 1.156266739999999975e-04 1.154049100000000043e-04 1.151992909999999953e-04 1.150079989999999979e-04 1.148294690000000042e-04 1.146623759999999961e-04 1.145055870000000013e-04 1.143580880000000060e-04 1.142190230000000016e-04 1.140876409999999939e-04 1.139632660000000007e-04 1.138453149999999934e-04 1.137332799999999961e-04 1.136266800000000063e-04 1.135251219999999951e-04 1.134282209999999967e-04 1.133356560000000062e-04 1.132471300000000041e-04 1.131623650000000036e-04 1.130811140000000022e-04 1.130031669999999989e-04 1.129283120000000004e-04 1.128563670000000022e-04 1.127871579999999949e-04 1.127205249999999943e-04 1.126563290000000001e-04 1.125944330000000043e-04 1.125347120000000047e-04 1.124770500000000042e-04 1.124213450000000037e-04 1.123674960000000002e-04 1.123154139999999970e-04 1.122649990000000006e-04 1.122161780000000046e-04 1.121688770000000066e-04 1.121230229999999999e-04 1.120785449999999974e-04 1.120353850000000004e-04 1.119934819999999950e-04 1.119527809999999978e-04 1.119132209999999951e-04 1.118747600000000056e-04 1.118373549999999978e-04 1.118009529999999937e-04 1.117655189999999977e-04 1.117310089999999959e-04 1.116973799999999975e-04 1.116646089999999994e-04 1.116326529999999974e-04 1.116014829999999988e-04 1.115710690000000017e-04 1.115413829999999958e-04 1.115123890000000031e-04 1.114840710000000062e-04 1.114563999999999990e-04 1.114293549999999976e-04 1.114029069999999960e-04 1.113770409999999999e-04 1.113517359999999983e-04 1.113269680000000057e-04 1.113027250000000025e-04 1.112789830000000032e-04 1.112557290000000055e-04 1.112329410000000024e-04 1.112106109999999988e-04 1.111887179999999974e-04 1.111672540000000029e-04 1.111461969999999949e-04 1.111255479999999964e-04 1.111052770000000054e-04 1.110853850000000044e-04 1.110658560000000029e-04 1.110466839999999980e-04 1.110278460000000002e-04 1.110093440000000015e-04 1.109911680000000013e-04 1.109732979999999980e-04 1.109557420000000004e-04 1.109384759999999960e-04
1.674576339999999937e-04 1.683010780000000002e-04 1.663975559999999868e-04 1.635596999999999919e-04 1.607301669999999978e-04 1.582409599999999887e-04 1.561494719999999964e-04 1.544164259999999988e-04 1.529795550000000051e-04 1.517795029999999940e-04 1.507669510000000078e-04 1.499030480000000025e-04 1.491578149999999911e-04 1.485082029999999970e-04 1.479365599999999997e-04 1.474291639999999960e-04 1.469753190000000075e-04 1.465665850000000129e-04 1.461962379999999918e-04 1.458588379999999974e-04 1.455499299999999958e-04 1.452658619999999971e-04 1.450036070000000079e-04 1.447605749999999959e-04 1.445346129999999991e-04 1.443238730000000018e-04 1.441267670000000070e-04 1.439419280000000015e-04 1.437681490000000109e-04 1.436044109999999867e-04 1.434498120000000097e-04 1.433035360000000063e-04 1.431648850000000011e-04 1.430332339999999976e-04 1.429080289999999870e-04 1.427887759999999916e-04 1.426750389999999918e-04 1.425664089999999955e-04 1.424625369999999878e-04 1.423630890000000023e-04 1.422677740000000092e-04 1.421763449999999924e-04 1.420885380000000040e-04 1.420041370000000127e-04 1.419229519999999915e-04 1.418447789999999968e-04 1.417694579999999901e-04 1.416968300000000106e-04 1.416267330000000007e-04 1.415590520000000135e-04 1.414936560000000032e-04 1.414304280000000036e-04 1.413692519999999904e-04 1.413100399999999898e-04 1.412526760000000047e-04 1.411971019999999958e-04 1.411432019999999928e-04 1.410909169999999876e-04 1.410401600000000025e-04 1.409908869999999966e-04 1.409429969999999939e-04 1.408964600000000059e-04 1.408512029999999990e-04 1.408071840000000056e-04 1.407643289999999960e-04 1.407226230000000031e-04 1.406819789999999950e-04 1.406423830000000006e-04 1.406037770000000077e-04 1.405661310000000006e-04 1.405294019999999886e-04 1.404935610000000062e-04 1.404585780000000106e-04 1.404244100000000110e-04 1.403910279999999878e-04 1.403584030000000027e-04 1.403265200000000071e-04 1.402953349999999872e-04 1.402648339999999988e-04 1.402350029999999896e-04 1.402057820000000095e-04 1.401771879999999906e-04 1.401491900000000025e-04 1.401217599999999945e-04 1.400948820000000035e-04 1.400685290000000017e-04 1.400427139999999915e-04 1.400173930000000132e-04 1.399925530000000102e-04 1.399681789999999884e-04 1.399442700000000058e-04 1.399207980000000118e-04 1.398977620000000103e-04 1.398751480000000032e-04 1.398529279999999938e-04 1.398310999999999901e-04 1.398096499999999939e-04 1.397885640000000069e-04 1.397678420000000019e-04 1.397474840000000062e-04
2.092889479999999992e-04 2.101216960000000002e-04 2.077280510000000001e-04 2.042840790000000073e-04 2.008894370000000095e-04 1.979197400000000113e-04 1.954322220000000024e-04 1.933747120000000100e-04 1.916706530000000059e-04 1.902483779999999925e-04 1.890488200000000132e-04 1.880256310000000025e-04 1.871431740000000031e-04 1.863741200000000099e-04 1.856975000000000021e-04 1.850971170000000000e-04 1.845603110000000125e-04 1.840770860000000015e-04 1.836394799999999875e-04 1.832410489999999968e-04 1.828765379999999937e-04 1.825415970000000127e-04 1.822326160000000046e-04 1.819465400000000064e-04 1.816807779999999900e-04 1.814331340000000024e-04 1.812017139999999951e-04 1.809848619999999985e-04 1.807811639999999979e-04 1.805893700000000006e-04 1.804083880000000061e-04 1.802372570000000055e-04 1.800751340000000063e-04 1.799212619999999974e-04 1.797749859999999940e-04 1.796356959999999942e-04 1.795028800000000109e-04 1.793760460000000043e-04 1.792547850000000094e-04 1.791386890000000031e-04 1.790274249999999879e-04 1.789206729999999956e-04 1.788181400000000043e-04 1.787195799999999942e-04 1.786247300000000132e-04 1.785333880000000012e-04 1.784453629999999894e-04 1.783604380000000048e-04 1.782784680000000033e-04 1.781992910000000088e-04 1.781227470000000101e-04 1.780487220000000019e-04 1.779770680000000065e-04 1.779076849999999897e-04 1.778404399999999950e-04 1.777752620000000081e-04 1.777120340000000085e-04 1.776506689999999915e-04 1.775910790000000106e-04 1.775331910000000051e-04 1.774769189999999934e-04 1.774222179999999927e-04 1.773690019999999941e-04 1.773172119999999897e-04 1.772667749999999999e-04 1.772176620000000052e-04 1.771698009999999950e-04 1.771231469999999867e-04 1.770776580000000123e-04 1.770332750000000097e-04 1.769899830000000115e-04 1.769476950000000131e-04 1.769064260000000088e-04 1.768660879999999977e-04 1.768266960000000013e-04 1.767881770000000131e-04 1.767505160000000118e-04 1.767136710000000025e-04 1.766776399999999932e-04 1.766423669999999909e-04 1.766078490000000075e-04 1.765740449999999900e-04 1.765409250000000041e-04 1.765084889999999956e-04 1.764766930000000048e-04 1.764455370000000045e-04 1.764149780000000040e-04 1.763850160000000032e-04 1.763556209999999865e-04 1.763267790000000099e-04 1.762984899999999920e-04 1.762706960000000019e-04 1.762434260000000051e-04 1.762166500000000131e-04 1.761903400000000021e-04 1.761644959999999994e-04 1.761390890000000123e-04 1.761141319999999890e-04 1.760895980000000101e-04 1.760654700000000082e-04
2.616406710000000247e-04 2.624332259999999774e-04 2.594330579999999794e-04 2.552559889999999731e-04 2.511842759999999806e-04 2.476417869999999956e-04 2.446836150000000244e-04 2.422413669999999976e-04 2.402210230000000057e-04 2.385361149999999956e-04 2.371158919999999956e-04 2.359050849999999979e-04 2.348612620000000101e-04 2.339519999999999989e-04 2.331524299999999960e-04 2.324433590000000126e-04 2.318097829999999910e-04 2.312398720000000119e-04 2.307241959999999982e-04 2.302550999999999903e-04 2.298263569999999879e-04 2.294328010000000061e-04 2.290701089999999988e-04 2.287346579999999957e-04 2.284233629999999910e-04 2.281335909999999891e-04 2.278630419999999916e-04 2.276097660000000111e-04 2.273720599999999950e-04 2.271484119999999946e-04 2.269375249999999885e-04 2.267382370000000117e-04 2.265495279999999931e-04 2.263705100000000113e-04 2.262003690000000122e-04 2.260384209999999913e-04 2.258840099999999949e-04 2.257365700000000077e-04 2.255955910000000076e-04 2.254606220000000079e-04 2.253312560000000084e-04 2.252070990000000115e-04 2.250878309999999947e-04 2.249731330000000131e-04 2.248627280000000078e-04 2.247563529999999999e-04 2.246537920000000121e-04 2.245548090000000117e-04 2.244592180000000100e-04 2.243668280000000114e-04 2.242774790000000046e-04 2.241909970000000073e-04 2.241072649999999991e-04 2.240261239999999919e-04 2.239474419999999981e-04 2.238711309999999899e-04 2.237970619999999950e-04 2.237251319999999911e-04 2.236552390000000063e-04 2.235873110000000032e-04 2.235212600000000081e-04 2.234569839999999948e-04 2.233944399999999997e-04 2.233335250000000006e-04 2.232741830000000045e-04 2.232163680000000055e-04 2.231599939999999948e-04 2.231050170000000127e-04 2.230513779999999968e-04 2.229990350000000065e-04 2.229479430000000048e-04 2.228980300000000083e-04 2.228492809999999956e-04 2.228016380000000089e-04 2.227550580000000030e-04 2.227095249999999876e-04 2.226649810000000049e-04 2.226213980000000040e-04 2.225787469999999924e-04 2.225369829999999873e-04 2.224961059999999886e-04 2.224560590000000074e-04 2.224168269999999951e-04 2.223783810000000134e-04 2.223406919999999884e-04 2.223037450000000072e-04 2.222674960000000017e-04 2.222319599999999932e-04 2.221970939999999908e-04 2.221628670000000102e-04 2.221292820000000121e-04 2.220963069999999889e-04 2.220639289999999926e-04 2.220321180000000075e-04 2.220008759999999985e-04 2.219701860000000064e-04 2.219400190000000116e-04 2.219103770000000061e-04 2.218812300000000013e-04 2.218525620000000071e-04
3.271897729999999750e-04 3.278966470000000094e-04 3.241455119999999811e-04 3.190819120000000183e-04 3.141993069999999980e-04 3.099744500000000151e-04 3.064574850000000104e-04 3.035595000000000199e-04 3.011652729999999873e-04 2.991704679999999971e-04 2.974903329999999970e-04 2.960588899999999982e-04 2.948256729999999912e-04 2.937521489999999898e-04 2.928088359999999994e-04 2.919729160000000151e-04 2.912266650000000057e-04 2.905560249999999825e-04 2.899497919999999914e-04 2.893989439999999783e-04 2.888960300000000089e-04 2.884349090000000101e-04 2.880104290000000226e-04 2.876182840000000135e-04 2.872547780000000062e-04 2.869167659999999906e-04 2.866014840000000066e-04 2.863066039999999780e-04 2.860300880000000252e-04 2.857701329999999800e-04 2.855251660000000021e-04 2.852937909999999776e-04 2.850748130000000193e-04 2.848671569999999776e-04 2.846698630000000022e-04 2.844820850000000039e-04 2.843030670000000221e-04 2.841321400000000196e-04 2.839686929999999982e-04 2.838121729999999992e-04 2.836621129999999913e-04 2.835180789999999741e-04 2.833796320000000210e-04 2.832464520000000014e-04 2.831181920000000007e-04 2.829945879999999896e-04 2.828752910000000074e-04 2.827601269999999905e-04 2.826488340000000098e-04 2.825412080000000133e-04 2.824370459999999989e-04 2.823362010000000119e-04 2.822384410000000035e-04 2.821436789999999962e-04 2.820517399999999844e-04 2.819624790000000054e-04 2.818757779999999887e-04 2.817915520000000029e-04 2.817096539999999847e-04 2.816299970000000108e-04 2.815524640000000066e-04 2.814769979999999830e-04 2.814035110000000207e-04 2.813318859999999907e-04 2.812620950000000049e-04 2.811940209999999889e-04 2.811276350000000042e-04 2.810628500000000190e-04 2.809996369999999866e-04 2.809378779999999990e-04 2.808775749999999939e-04 2.808186399999999978e-04 2.807610440000000182e-04 2.807047280000000197e-04 2.806496630000000097e-04 2.805957919999999993e-04 2.805430560000000072e-04 2.804914549999999794e-04 2.804409599999999774e-04 2.803914829999999735e-04 2.803430250000000178e-04 2.802955280000000169e-04 2.802490200000000214e-04 2.802033850000000071e-04 2.801586820000000091e-04 2.801148220000000038e-04 2.800718069999999830e-04 2.800295770000000239e-04 2.799881620000000066e-04 2.799475040000000002e-04 2.799075740000000123e-04 2.798683999999999851e-04 2.798298959999999912e-04 2.797920899999999729e-04 2.797549239999999994e-04 2.797184280000000051e-04 2.796825430000000087e-04 2.796472690000000104e-04 2.796126060000000101e-04 2.795784970000000187e-04
4.092976160000000134e-04 4.098523640000000011e-04 4.051719729999999752e-04 3.990371189999999935e-04 3.931844839999999990e-04 3.881478330000000146e-04 3.839683780000000012e-04 3.805314770000000246e-04 3.776960660000000178e-04 3.753361820000000173e-04 3.733503109999999989e-04 3.716598149999999828e-04 3.702045940000000201e-04 3.689388690000000213e-04 3.678275969999999866e-04 3.668437710000000069e-04 3.659663199999999808e-04 3.651785960000000233e-04 3.644672979999999938e-04 3.638216879999999734e-04 3.632329460000000227e-04 3.626937100000000142e-04 3.621979270000000111e-04 3.617403850000000228e-04 3.613167209999999731e-04 3.609231209999999774e-04 3.605563539999999899e-04 3.602135980000000111e-04 3.598924379999999873e-04 3.595906889999999755e-04 3.593065189999999779e-04 3.590382400000000172e-04 3.587844259999999909e-04 3.585437949999999803e-04 3.583152140000000129e-04 3.580976919999999831e-04 3.578902979999999787e-04 3.576922459999999962e-04 3.575028679999999945e-04 3.573214640000000057e-04 3.571474810000000171e-04 3.569804249999999966e-04 3.568198300000000175e-04 3.566652589999999828e-04 3.565163059999999968e-04 3.563726789999999795e-04 3.562340279999999743e-04 3.561000630000000014e-04 3.559705220000000236e-04 3.558452009999999886e-04 3.557238089999999750e-04 3.556062000000000242e-04 3.554921419999999789e-04 3.553814599999999962e-04 3.552740379999999977e-04 3.551696719999999853e-04 3.550682449999999928e-04 3.549696409999999959e-04 3.548736859999999851e-04 3.547803209999999792e-04 3.546893709999999729e-04 3.546008080000000238e-04 3.545144860000000106e-04 3.544303180000000098e-04 3.543482449999999862e-04 3.542681810000000123e-04 3.541900080000000175e-04 3.541136980000000054e-04 3.540391919999999948e-04 3.539663740000000155e-04 3.538952440000000133e-04 3.538256860000000181e-04 3.537576699999999872e-04 3.536911389999999856e-04 3.536260630000000247e-04 3.535623550000000187e-04 3.534999849999999788e-04 3.534389250000000171e-04 3.533791459999999782e-04 3.533205599999999971e-04 3.532631380000000269e-04 3.532068800000000134e-04 3.531517290000000218e-04 3.530976540000000134e-04 3.530445970000000030e-04 3.529925599999999826e-04 3.529415120000000219e-04 3.528914240000000199e-04 3.528422379999999916e-04 3.527939549999999872e-04 3.527465450000000181e-04 3.526999789999999834e-04 3.526542279999999988e-04 3.526092910000000144e-04 3.525651409999999751e-04 3.525217470000000051e-04 3.524790809999999992e-04 3.524371420000000157e-04 3.523959020000000039e-04 3.523553309999999752e-04
5.121856809999999517e-04 5.124944730000000103e-04 5.066655580000000488e-04 4.992379109999999691e-04 4.922265650000000325e-04 4.862257340000000088e-04 4.812622500000000186e-04 4.771891980000000097e-04 4.738339340000000100e-04 4.710446230000000026e-04 4.686997270000000152e-04 4.667053870000000102e-04 4.649901530000000172e-04 4.634996000000000168e-04 4.621921980000000176e-04 4.610358449999999776e-04 4.600055689999999874e-04 4.590816100000000202e-04 4.582481920000000129e-04 4.574925110000000079e-04 4.568041190000000115e-04 4.561742830000000077e-04 4.555957280000000093e-04 4.550623129999999974e-04 4.545687989999999809e-04 4.541107340000000224e-04 4.536841590000000035e-04 4.532858149999999904e-04 4.529127329999999745e-04 4.525623809999999901e-04 4.522325759999999781e-04 4.519213109999999892e-04 4.516268959999999999e-04 4.513477909999999839e-04 4.510827130000000262e-04 4.508304120000000258e-04 4.505898689999999888e-04 4.503601520000000071e-04 4.501404179999999797e-04 4.499299100000000041e-04 4.497279589999999888e-04 4.495339529999999939e-04 4.493473679999999992e-04 4.491677390000000194e-04 4.489945710000000268e-04 4.488274860000000138e-04 4.486661059999999730e-04 4.485101379999999909e-04 4.483592349999999905e-04 4.482131040000000041e-04 4.480715430000000257e-04 4.479342900000000179e-04 4.478011109999999943e-04 4.476718310000000036e-04 4.475462479999999855e-04 4.474241869999999888e-04 4.473055010000000047e-04 4.471900170000000195e-04 4.470776180000000130e-04 4.469681590000000224e-04 4.468615229999999732e-04 4.467575930000000075e-04 4.466562529999999927e-04 4.465573870000000127e-04 4.464609369999999740e-04 4.463667860000000188e-04 4.462748470000000071e-04 4.461850620000000077e-04 4.460973140000000004e-04 4.460115450000000001e-04 4.459276970000000217e-04 4.458457120000000259e-04 4.457655009999999889e-04 4.456870080000000260e-04 4.456102029999999860e-04 4.455349989999999997e-04 4.454613369999999776e-04 4.453892180000000242e-04 4.453185540000000032e-04 4.452492869999999836e-04 4.451814170000000198e-04 4.451148559999999754e-04 4.450496050000000091e-04 4.449856059999999732e-04 4.449227999999999950e-04 4.448611870000000203e-04 4.448007380000000024e-04 4.447413960000000063e-04 4.446831299999999933e-04 4.446259120000000211e-04 4.445697119999999928e-04 4.445145310000000126e-04 4.444602819999999947e-04 4.444069929999999898e-04 4.443546350000000052e-04 4.443031500000000017e-04 4.442525680000000221e-04 4.442027999999999884e-04 4.441538480000000008e-04 4.441057390000000059e-04
6.411569190000000534e-04 6.410903299999999583e-04 6.338438829999999777e-04 6.248582500000000308e-04 6.164650549999999571e-04 6.093208789999999576e-04 6.034311949999999558e-04 5.986083999999999589e-04 5.946416059999999918e-04 5.913478669999999932e-04 5.885817229999999517e-04 5.862314139999999637e-04 5.842118409999999540e-04 5.824584510000000402e-04 5.809220019999999842e-04 5.795643080000000393e-04 5.783558590000000520e-04 5.772731379999999912e-04 5.762974030000000449e-04 5.754135199999999700e-04 5.746090319999999944e-04 5.738735779999999936e-04 5.731985440000000182e-04 5.725765949999999955e-04 5.720015029999999832e-04 5.714680299999999862e-04 5.709714609999999796e-04 5.705079530000000320e-04 5.700739570000000131e-04 5.696665029999999725e-04 5.692829729999999630e-04 5.689210959999999517e-04 5.685788349999999465e-04 5.682543850000000042e-04 5.679461760000000014e-04 5.676528089999999986e-04 5.673731209999999811e-04 5.671059480000000463e-04 5.668503000000000300e-04 5.666053620000000447e-04 5.663702610000000007e-04 5.661444160000000513e-04 5.659271259999999618e-04 5.657178119999999857e-04 5.655160060000000415e-04 5.653212430000000357e-04 5.651329990000000022e-04 5.649510420000000005e-04 5.647749060000000496e-04 5.646042990000000152e-04 5.644389309999999719e-04 5.642785109999999982e-04 5.641228640000000346e-04 5.639716399999999616e-04 5.638247240000000219e-04 5.636818819999999579e-04 5.635428820000000462e-04 5.634076079999999912e-04 5.632758839999999542e-04 5.631475939999999649e-04 5.630225059999999747e-04 5.629006189999999875e-04 5.627817009999999546e-04 5.626656350000000181e-04 5.625523629999999763e-04 5.624417679999999713e-04 5.623337350000000290e-04 5.622281459999999703e-04 5.621250020000000082e-04 5.620241279999999744e-04 5.619254659999999924e-04 5.618290159999999537e-04 5.617345450000000304e-04 5.616421689999999758e-04 5.615516569999999541e-04 5.614630649999999583e-04 5.613762770000000181e-04 5.612912940000000213e-04 5.612079990000000016e-04 5.611263329999999780e-04 5.610462389999999614e-04 5.609677760000000412e-04 5.608907669999999490e-04 5.608152130000000060e-04 5.607411149999999914e-04 5.606684140000000325e-04 5.605970510000000398e-04 5.605269690000000242e-04 5.604581669999999897e-04 5.603905879999999473e-04 5.603242320000000054e-04 5.602589809999999849e-04 5.601949519999999605e-04 5.601319719999999728e-04 5.600700970000000150e-04 5.600092120000000045e-04 5.599494320000000238e-04 5.598905850000000014e-04 5.598327260000000426e-04 5.597758570000000312e-04
8.028744490000000195e-04 8.022567490000000407e-04 7.932636650000000509e-04 7.824030470000000121e-04 7.723641469999999480e-04 7.638664679999999539e-04 7.568841679999999648e-04 7.511792359999999637e-04 7.464941010000000288e-04 7.426085069999999958e-04 7.393487610000000184e-04 7.365815109999999510e-04 7.342059399999999658e-04 7.321453889999999815e-04 7.303413000000000136e-04 7.287486219999999909e-04 7.273321390000000086e-04 7.260641429999999770e-04 7.249223419999999574e-04 7.238886899999999588e-04 7.229485200000000406e-04 7.220894909999999670e-04 7.213014179999999945e-04 7.205756259999999839e-04 7.199047249999999737e-04 7.192824850000000296e-04 7.187034350000000033e-04 7.181629770000000530e-04 7.176569779999999966e-04 7.171819450000000221e-04 7.167348519999999692e-04 7.163129050000000518e-04 7.159137750000000352e-04 7.155353670000000506e-04 7.151758760000000463e-04 7.148336740000000222e-04 7.145073029999999496e-04 7.141954849999999477e-04 7.138971119999999986e-04 7.136110799999999602e-04 7.133366310000000422e-04 7.130728339999999532e-04 7.128189899999999926e-04 7.125744010000000222e-04 7.123385439999999633e-04 7.121108359999999771e-04 7.118908109999999741e-04 7.116779449999999880e-04 7.114718900000000000e-04 7.112722959999999992e-04 7.110788139999999705e-04 7.108910940000000116e-04 7.107087879999999950e-04 7.105317779999999585e-04 7.103597159999999917e-04 7.101923690000000499e-04 7.100295039999999797e-04 7.098710050000000280e-04 7.097166380000000455e-04 7.095662289999999685e-04 7.094196039999999502e-04 7.092765880000000394e-04 7.091371230000000341e-04 7.090009750000000020e-04 7.088680869999999540e-04 7.087383420000000324e-04 7.086115069999999756e-04 7.084876419999999774e-04 7.083665110000000051e-04 7.082480589999999533e-04 7.081322259999999532e-04 7.080188950000000387e-04 7.079080099999999999e-04 7.077994519999999869e-04 7.076931650000000068e-04 7.075890319999999850e-04 7.074870520000000338e-04 7.073871669999999513e-04 7.072892039999999951e-04 7.071932200000000460e-04 7.070990980000000292e-04 7.070068390000000492e-04 7.069162680000000464e-04 7.068274430000000058e-04 7.067403060000000507e-04 7.066547989999999793e-04 7.065708050000000422e-04 7.064883830000000036e-04 7.064074160000000059e-04 7.063279630000000300e-04 7.062498480000000203e-04 7.061731299999999580e-04 7.060977509999999662e-04 7.060236529999999516e-04 7.059508350000000265e-04 7.058792399999999851e-04 7.058088089999999546e-04 7.057396000000000285e-04 7.056714970000000199e-04 7.056045000000000372e-04
1.005711849999999918e-03 1.004307999999999980e-03 9.931662349999998991e-04 9.800520489999999408e-04 9.680560319999999969e-04 9.579581669999999482e-04 9.496888379999999770e-04 9.429471679999999485e-04 9.374191870000000027e-04 9.328401069999999991e-04 9.290023010000000511e-04 9.257473869999999563e-04 9.229555140000000489e-04 9.205358219999999628e-04 9.184190999999999969e-04 9.165518569999999777e-04 9.148924150000000170e-04 9.134078280000000301e-04 9.120717299999999859e-04 9.108628150000000175e-04 9.097636209999999685e-04 9.087595389999999921e-04 9.078385769999999756e-04 9.069904919999999737e-04 9.062066089999999555e-04 9.054795369999999637e-04 9.048028729999999962e-04 9.041712039999999983e-04 9.035797559999999640e-04 9.030243960000000365e-04 9.025015169999999918e-04 9.020079740000000370e-04 9.015410320000000416e-04 9.010982470000000136e-04 9.006775219999999839e-04 9.002769370000000349e-04 8.998948029999999767e-04 8.995296669999999772e-04 8.991801879999999740e-04 8.988452029999999520e-04 8.985236639999999789e-04 8.982145809999999989e-04 8.979171400000000120e-04 8.976305830000000114e-04 8.973542139999999591e-04 8.970873309999999497e-04 8.968294709999999901e-04 8.965799930000000395e-04 8.963385479999999746e-04 8.961046110000000500e-04 8.958777760000000449e-04 8.956577510000000419e-04 8.954441290000000409e-04 8.952366190000000121e-04 8.950349290000000381e-04 8.948388279999999577e-04 8.946479649999999808e-04 8.944622240000000288e-04 8.942812559999999784e-04 8.941050039999999489e-04 8.939331750000000269e-04 8.937655950000000403e-04 8.936020890000000378e-04 8.934426000000000303e-04 8.932868369999999881e-04 8.931347400000000424e-04 8.929861360000000171e-04 8.928409660000000397e-04 8.926989979999999528e-04 8.925602309999999774e-04 8.924244900000000537e-04 8.922916599999999908e-04 8.921617410000000055e-04 8.920344989999999486e-04 8.919099350000000330e-04 8.917879309999999712e-04 8.916684309999999870e-04 8.915513749999999949e-04 8.914365900000000356e-04 8.913241329999999898e-04 8.912138290000000147e-04 8.911056789999999977e-04 8.909996249999999540e-04 8.908955500000000256e-04 8.907933950000000147e-04 8.906931620000000218e-04 8.905947909999999612e-04 8.904982239999999563e-04 8.904033460000000330e-04 8.903102129999999675e-04 8.902187109999999985e-04 8.901287800000000404e-04 8.900404209999999809e-04 8.899536330000000408e-04 8.898683010000000291e-04 8.897843649999999686e-04 8.897018850000000534e-04 8.896207439999999919e-04 8.895409410000000051e-04 8.894624769999999805e-04
