8.845395909999999442e-19 2.724386809999999939e-19 1.715801230000000098e-19 1.810160819999999985e-19 2.277400120000000103e-19 2.946803010000000145e-19 3.809993639999999907e-19 4.926146440000000050e-19 6.385758329999999591e-19 8.290170569999999745e-19 1.073808230000000068e-18 1.381702949999999998e-18 1.759878450000000054e-18 2.213763410000000074e-18 2.747053990000000040e-18 3.361837369999999814e-18 4.058770539999999626e-18 4.837277779999999799e-18 5.695751869999999629e-18 6.631743959999999697e-18 7.642142179999999380e-18 8.723332589999999711e-18 9.871344300000000566e-18 1.108197609999999985e-17 1.235090749999999970e-17 1.367379019999999993e-17 1.504632769999999877e-17 1.646433359999999975e-17 1.792378790000000093e-17 1.942086739999999891e-17 2.095197540000000067e-17 2.251376019999999989e-17 2.410312489999999897e-17 2.571722890000000140e-17 2.735348970000000065e-17 2.900957480000000068e-17 3.068339459999999731e-17 3.237309299999999797e-17 3.407703209999999999e-17 3.579378259999999718e-17 3.752211369999999813e-17 3.926096639999999754e-17 4.100945089999999931e-17 4.276683580000000274e-17 4.453253219999999996e-17 4.630607689999999894e-17 4.808713239999999881e-17 4.987546380000000069e-17 5.167095200000000063e-17 5.347355719999999742e-17 5.528333580000000235e-17 5.710042329999999473e-17 5.892502489999999701e-17 6.075742850000000223e-17 6.259797149999999699e-17 6.444707089999999494e-17 6.630518990000000045e-17 6.817285119999999732e-17 7.005063059999999626e-17 7.193916329999999778e-17 7.383912440000000559e-17 7.575124840000000082e-17 7.767631600000000465e-17 7.961513469999999494e-17 8.156859120000000582e-17 8.353759210000000422e-17 8.552309690000000476e-17 8.752611140000000235e-17 8.954767470000000171e-17 9.158887850000000006e-17 9.365086110000000544e-17 9.573479380000000517e-17 9.784188090000000282e-17 9.997338629999999566e-17 1.021306140000000004e-16 1.043148799999999969e-16 1.065275819999999965e-16 1.087701210000000008e-16 1.110439550000000036e-16 1.133505709999999986e-16 1.156914920000000049e-16 1.180682930000000102e-16 1.204825620000000095e-16 1.229359399999999982e-16 1.254300810000000041e-16 1.279666939999999955e-16 1.305475100000000009e-16 1.331742790000000012e-16 1.358487850000000005e-16 1.385728429999999925e-16 1.413482919999999962e-16 1.441770119999999936e-16 1.470608810000000015e-16 1.500018060000000119e-16 1.530017190000000122e-16 1.560625649999999974e-16 1.591863029999999894e-16 1.623749320000000031e-16 1.656304370000000016e-16 1.689548029999999972e-16
1.254722460000000016e-18 3.869244069999999867e-19 2.440904009999999811e-19 2.576926359999999847e-19 3.241940280000000102e-19 4.193622170000000123e-19 5.419894169999999614e-19 7.004549399999999664e-19 9.075863939999999363e-19 1.177753510000000058e-18 1.524953680000000038e-18 1.961602369999999884e-18 2.497880100000000175e-18 3.141488660000000152e-18 3.897672150000000105e-18 4.769393959999999742e-18 5.757588590000000063e-18 6.861443330000000269e-18 8.078681790000000377e-18 9.405835180000000585e-18 1.083849549999999964e-17 1.237153989999999932e-17 1.399934200000000022e-17 1.571595019999999923e-17 1.751524010000000152e-17 1.939104749999999866e-17 2.133728770000000124e-17 2.334802480000000017e-17 2.541756449999999909e-17 2.754048709999999977e-17 2.971169560000000222e-17 3.192644530000000069e-17 3.418034039999999738e-17 3.646935759999999830e-17 3.878984069999999709e-17 4.113848110000000075e-17 4.351232070000000002e-17 4.590872909999999836e-17 4.832538689999999995e-17 5.076026589999999868e-17 5.321162219999999744e-17 5.567795720000000397e-17 5.815801009999999530e-17 6.065074859999999483e-17 6.315532579999999431e-17 6.567109969999999593e-17 6.819758720000000088e-17 7.073445089999999791e-17 7.328153190000000036e-17 7.583876409999999843e-17 7.840623339999999440e-17 8.098413189999999511e-17 8.357275719999999824e-17 8.617249980000000499e-17 8.878384949999999717e-17 9.140738839999999770e-17 9.404378509999999415e-17 9.669377400000000273e-17 9.935817569999999844e-17 1.020378839999999939e-16 1.047338640000000023e-16 1.074471479999999940e-16 1.101788360000000051e-16 1.129300990000000048e-16 1.157021589999999974e-16 1.184963230000000090e-16 1.213139509999999918e-16 1.241564619999999911e-16 1.270253360000000117e-16 1.299221089999999939e-16 1.328484089999999997e-16 1.358058779999999947e-16 1.387962349999999948e-16 1.418212809999999913e-16 1.448828419999999956e-16 1.479828230000000100e-16 1.511231580000000115e-16 1.543058580000000031e-16 1.575329869999999877e-16 1.608066640000000079e-16 1.641290449999999912e-16 1.675023540000000103e-16 1.709288529999999932e-16 1.744108469999999935e-16 1.779507300000000041e-16 1.815508709999999977e-16 1.852137589999999997e-16 1.889418560000000006e-16 1.927377280000000019e-16 1.966039170000000045e-16 2.005430570000000074e-16 2.045577820000000097e-16 2.086507769999999965e-16 2.128247569999999965e-16 2.170824340000000047e-16 2.214266019999999914e-16 2.258600379999999891e-16 2.303855499999999951e-16 2.350059560000000050e-16 2.397241149999999773e-16
1.780095570000000125e-18 5.497776839999999678e-19 3.475589080000000153e-19 3.672492959999999927e-19 4.620001209999999524e-19 5.974035899999999682e-19 7.717114829999999930e-19 9.967862419999999118e-19 1.290810490000000090e-18 1.674161650000000076e-18 2.166693529999999942e-18 2.786017720000000191e-18 3.546578239999999625e-18 4.459302970000000252e-18 5.531635520000000064e-18 6.767783320000000373e-18 8.169077740000000502e-18 9.734373120000000645e-18 1.146044589999999975e-17 1.334238439999999942e-17 1.537394080000000025e-17 1.754786249999999948e-17 1.985617119999999874e-17 2.229043469999999982e-17 2.484197579999999934e-17 2.750206299999999901e-17 3.026206519999999958e-17 3.311357850000000122e-17 3.604853109999999804e-17 3.905924019999999915e-17 4.213849279999999912e-17 4.527955570000000077e-17 4.847620510000000200e-17 5.172274339999999742e-17 5.501398259999999910e-17 5.834524410000000186e-17 6.171232579999999976e-17 6.511150869999999800e-17 6.853950399999999607e-17 7.199344619999999467e-17 7.547084740000000240e-17 7.896960299999999933e-17 8.248791979999999867e-17 8.602432859999999721e-17 8.957765170000000585e-17 9.314695589999999389e-17 9.673155960000000319e-17 1.003310059999999942e-16 1.039450440000000028e-16 1.075736010000000031e-16 1.112167890000000020e-16 1.148748730000000012e-16 1.185482829999999971e-16 1.222375879999999909e-16 1.259434630000000089e-16 1.296667280000000022e-16 1.334083510000000035e-16 1.371693489999999924e-16 1.409509010000000081e-16 1.447542779999999894e-16 1.485808289999999941e-16 1.524320230000000094e-16 1.563094349999999980e-16 1.602147069999999997e-16 1.641495849999999909e-16 1.681159100000000051e-16 1.721155990000000078e-16 1.761506920000000014e-16 1.802232659999999965e-16 1.843355190000000018e-16 1.884897260000000021e-16 1.926882430000000119e-16 1.969335060000000069e-16 2.012280559999999931e-16 2.055744860000000064e-16 2.099754839999999919e-16 2.144338149999999941e-16 2.189523389999999911e-16 2.235339540000000134e-16 2.281816760000000060e-16 2.328985650000000098e-16 2.376877949999999758e-16 2.425525430000000124e-16 2.474961190000000169e-16 2.525218559999999905e-16 2.576331970000000135e-16 2.628335820000000090e-16 2.681265850000000039e-16 2.735157799999999761e-16 2.790048439999999932e-16 2.845974590000000235e-16 2.902974079999999872e-16 2.961084509999999964e-16 3.020344790000000111e-16 3.080793299999999912e-16 3.142469469999999762e-16 3.205413279999999957e-16 3.269663909999999951e-16 3.335261850000000145e-16 3.402247589999999956e-16
2.525884509999999922e-18 7.816229679999999803e-19 4.954442740000000235e-19 5.240948119999999843e-19 6.592750970000000457e-19 8.521103890000000114e-19 1.100058810000000034e-18 1.419908359999999981e-18 1.837432839999999891e-18 2.381532189999999955e-18 3.080370760000000102e-18 3.958937700000000027e-18 5.037729280000000184e-18 6.332255770000000001e-18 7.853084820000000329e-18 9.606195689999999831e-18 1.159348720000000022e-17 1.381334299999999933e-17 1.626120449999999953e-17 1.893011429999999970e-17 2.181122409999999941e-17 2.489425530000000021e-17 2.816791189999999774e-17 3.162023620000000240e-17 3.523893970000000055e-17 3.901164759999999927e-17 4.292613419999999804e-17 4.697049160000000049e-17 5.113327470000000065e-17 5.540361109999999812e-17 5.977126370000000119e-17 6.422670999999999865e-17 6.876112219999999624e-17 7.336643369999999724e-17 7.803529250000000396e-17 8.276106139999999703e-17 8.753781109999999774e-17 9.236024760000000520e-17 9.722372549999999739e-17 1.021241819999999973e-16 1.070581089999999960e-16 1.120224899999999895e-16 1.170148220000000116e-16 1.220330160000000022e-16 1.270753769999999953e-16 1.321406209999999952e-16 1.372277549999999983e-16 1.423361579999999981e-16 1.474654579999999975e-16 1.526155510000000102e-16 1.577865939999999981e-16 1.629789859999999930e-16 1.681933209999999913e-16 1.734303799999999956e-16 1.786911689999999923e-16 1.839768270000000031e-16 1.892887030000000119e-16 1.946282789999999887e-16 1.999971979999999925e-16 2.053972709999999882e-16 2.108304049999999924e-16 2.162986909999999935e-16 2.218043519999999955e-16 2.273497049999999905e-16 2.329372630000000042e-16 2.385695820000000154e-16 2.442494409999999971e-16 2.499796460000000059e-16 2.557632399999999971e-16 2.616032669999999944e-16 2.675029839999999933e-16 2.734657250000000148e-16 2.794949590000000061e-16 2.855942580000000047e-16 2.917673280000000038e-16 2.980179549999999826e-16 3.043501079999999957e-16 3.107677859999999934e-16 3.172751160000000120e-16 3.238764150000000037e-16 3.305759950000000205e-16 3.373783320000000159e-16 3.442879760000000089e-16 3.513095880000000181e-16 3.584479580000000194e-16 3.657079039999999933e-16 3.730943490000000000e-16 3.806123750000000023e-16 3.882670119999999820e-16 3.960635010000000014e-16 4.040070809999999848e-16 4.121031020000000045e-16 4.203569350000000006e-16 4.287740340000000070e-16 4.373599299999999842e-16 4.461201829999999666e-16 4.550604569999999994e-16 4.641863369999999646e-16 4.735035940000000261e-16 4.830178910000000125e-16
3.584812590000000186e-18 1.112014879999999938e-18 7.072372519999999541e-19 7.491871480000000058e-19 9.423695450000000233e-19 1.217328310000000040e-18 1.570348319999999956e-18 2.025179259999999826e-18 2.618355239999999876e-18 3.390869549999999881e-18 4.382685369999999868e-18 5.629266400000000308e-18 7.159707289999999982e-18 8.996030050000000709e-18 1.115324349999999966e-17 1.363984929999999930e-17 1.645855819999999937e-17 1.960709879999999912e-17 2.307902399999999929e-17 2.686448039999999970e-17 3.095094119999999844e-17 3.532384149999999742e-17 3.996718009999999731e-17 4.486402320000000140e-17 4.999695019999999732e-17 5.534843489999999839e-17 6.090115269999999467e-17 6.663823920000000211e-17 7.254347499999999447e-17 7.860145470000000111e-17 8.479768599999999744e-17 9.111865609999999450e-17 9.755188460000000040e-17 1.040859360000000057e-16 1.107103889999999998e-16 1.174158530000000100e-16 1.241939160000000074e-16 1.310370950000000106e-16 1.379388130000000057e-16 1.448932970000000115e-16 1.518955989999999967e-16 1.589414439999999916e-16 1.660272719999999961e-16 1.731501310000000093e-16 1.803076390000000014e-16 1.874979560000000079e-16 1.947197060000000103e-16 2.019719749999999957e-16 2.092542620000000099e-16 2.165664189999999957e-16 2.239086600000000182e-16 2.312815519999999900e-16 2.386859440000000097e-16 2.461229459999999762e-16 2.535939349999999767e-16 2.611006060000000019e-16 2.686448370000000194e-16 2.762287199999999878e-16 2.838545579999999954e-16 2.915249439999999795e-16 2.992426049999999817e-16 3.070104799999999956e-16 3.148317170000000064e-16 3.227095999999999950e-16 3.306476490000000177e-16 3.386495959999999845e-16 3.467192790000000031e-16 3.548607470000000151e-16 3.630782380000000067e-16 3.713761160000000109e-16 3.797590159999999819e-16 3.882316219999999935e-16 3.967988839999999927e-16 4.054658309999999910e-16 4.142377570000000017e-16 4.231200619999999893e-16 4.321182779999999835e-16 4.412381499999999851e-16 4.504855790000000362e-16 4.598665750000000409e-16 4.693873310000000279e-16 4.790541479999999673e-16 4.888735890000000184e-16 4.988521660000000345e-16 5.089967089999999690e-16 5.193140469999999534e-16 5.298112210000000214e-16 5.404953759999999715e-16 5.513737679999999960e-16 5.624537000000000226e-16 5.737426900000000388e-16 5.852482560000000322e-16 5.969781269999999719e-16 6.089400330000000440e-16 6.211418069999999820e-16 6.335913380000000222e-16 6.462966739999999581e-16 6.592657540000000170e-16 6.725067850000000426e-16 6.860278660000000361e-16
5.088712969999999894e-18 1.583398229999999911e-18 1.011296950000000068e-18 1.073184749999999932e-18 1.349831170000000026e-18 1.742479119999999820e-18 2.245666319999999817e-18 2.892975269999999853e-18 3.736194089999999799e-18 4.833480189999999660e-18 6.241552519999999828e-18 8.010758679999999517e-18 1.018241220000000020e-17 1.278779290000000055e-17 1.584823130000000012e-17 1.937582240000000147e-17 2.337444819999999994e-17 2.784091750000000099e-17 3.276611629999999814e-17 3.813610340000000020e-17 4.393313729999999787e-17 5.013659810000000161e-17 5.672381120000000327e-17 6.367079830000000241e-17 7.095287289999999519e-17 7.854521960000000417e-17 8.642328119999999458e-17 9.456317509999999952e-17 1.029419259999999957e-16 1.115377219999999901e-16 1.203300170000000116e-16 1.292996720000000006e-16 1.384290329999999997e-16 1.477018730000000068e-16 1.571034620000000116e-16 1.666204859999999901e-16 1.762410199999999941e-16 1.859545030000000070e-16 1.957515910000000052e-16 2.056241299999999973e-16 2.155650809999999886e-16 2.255684209999999935e-16 2.356291339999999833e-16 2.457429990000000078e-16 2.559066789999999876e-16 2.661175559999999897e-16 2.763736690000000023e-16 2.866737480000000075e-16 2.970170529999999907e-16 3.074034239999999807e-16 3.178331519999999940e-16 3.283070060000000205e-16 3.388262020000000088e-16 3.493923559999999836e-16 3.600073990000000113e-16 3.706737140000000178e-16 3.813939489999999801e-16 3.921710929999999812e-16 4.030084560000000168e-16 4.139096379999999811e-16 4.248785290000000119e-16 4.359192859999999919e-16 4.470363550000000278e-16 4.582344480000000009e-16 4.695185149999999569e-16 4.808938500000000074e-16 4.923658529999999693e-16 5.039403460000000169e-16 5.156233130000000393e-16 5.274208940000000158e-16 5.393397059999999777e-16 5.513863669999999759e-16 5.635679189999999654e-16 5.758915599999999913e-16 5.883646489999999908e-16 6.009949159999999527e-16 6.137902489999999951e-16 6.267587999999999718e-16 6.399089339999999542e-16 6.532491199999999758e-16 6.667882009999999826e-16 6.805351749999999916e-16 6.944992539999999613e-16 7.086898089999999992e-16 7.231164209999999779e-16 7.377888319999999577e-16 7.527170990000000410e-16 7.679112819999999942e-16 7.833816510000000392e-16 7.991387400000000344e-16 8.151931380000000260e-16 8.315555909999999725e-16 8.482370050000000008e-16 8.652483379999999721e-16 8.826008140000000154e-16 9.003056020000000720e-16 9.183741909999999275e-16 9.368178039999999868e-16 9.556480879999999675e-16 9.748765829999999613e-16
7.225015680000000107e-18 2.256882690000000147e-18 1.449114040000000088e-18 1.541237449999999909e-18 1.938434279999999914e-18 2.500199520000000012e-18 3.218447470000000022e-18 4.140637430000000339e-18 5.340182500000000358e-18 6.899610269999999642e-18 8.899448439999999918e-18 1.141120390000000052e-17 1.449356750000000090e-17 1.819099370000000142e-17 2.253381600000000089e-17 2.753926130000000131e-17 3.321289640000000042e-17 3.955025459999999852e-17 4.653846499999999945e-17 5.415780099999999802e-17 6.238315599999999627e-17 7.118532389999999843e-17 8.053220670000000506e-17 9.038982389999999820e-17 1.007232419999999983e-16 1.114972760000000047e-16 1.226771849999999927e-16 1.342291130000000107e-16 1.461205290000000042e-16 1.583205300000000051e-16 1.708000379999999878e-16 1.835319620000000031e-16 1.964912619999999985e-16 2.096549879999999892e-16 2.230022550000000129e-16 2.365142569999999844e-16 2.501740929999999933e-16 2.639668070000000009e-16 2.778791640000000234e-16 2.918996499999999843e-16 3.060182600000000084e-16 3.202265500000000088e-16 3.345173189999999803e-16 3.488846919999999945e-16 3.633238769999999874e-16 3.778311960000000195e-16 3.924038950000000149e-16 4.070401740000000017e-16 4.217389750000000127e-16 4.365000590000000121e-16 4.513238770000000368e-16 4.662115399999999560e-16 4.811647419999999873e-16 4.961857599999999574e-16 5.112773460000000018e-16 5.264428350000000133e-16 5.416860399999999561e-16 5.570111950000000342e-16 5.724229600000000003e-16 5.879264689999999952e-16 6.035271739999999639e-16 6.192310060000000419e-16 6.350442649999999822e-16 6.509736719999999751e-16 6.670261639999999943e-16 6.832092580000000078e-16 6.995307360000000345e-16 7.159986440000000260e-16 7.326215599999999762e-16 7.494083239999999698e-16 7.663680939999999949e-16 7.835104000000000121e-16 8.008451940000000439e-16 8.183826400000000157e-16 8.361333269999999733e-16 8.541081610000000439e-16 8.723182570000000010e-16 8.907753169999999468e-16 9.094910390000000036e-16 9.284776000000000892e-16 9.477475999999999073e-16 9.673137430000000106e-16 9.871889479999999268e-16 1.007386869999999959e-15 1.027920859999999990e-15 1.048804879999999913e-15 1.070053229999999915e-15 1.091680100000000003e-15 1.113700200000000095e-15 1.136128470000000063e-15 1.158980039999999944e-15 1.182270059999999970e-15 1.206013979999999922e-15 1.230227690000000095e-15 1.254926850000000036e-15 1.280127460000000020e-15 1.305845710000000091e-15 1.332097910000000072e-15 1.358900359999999987e-15 1.386269580000000018e-15
1.026010350000000042e-17 3.220701540000000099e-18 2.081780340000000123e-18 2.220354390000000098e-18 2.792460420000000126e-18 3.598057820000000329e-18 4.625088990000000232e-18 5.940577480000000230e-18 7.648596670000000062e-18 9.866291050000000396e-18 1.270804109999999937e-17 1.627545349999999977e-17 2.065195859999999907e-17 2.590077530000000123e-17 3.206507739999999952e-17 3.916942729999999782e-17 4.722183530000000201e-17 5.621606790000000530e-17 6.613396349999999810e-17 7.694764269999999502e-17 8.862156330000000386e-17 1.011143859999999994e-16 1.143806820000000122e-16 1.283723169999999954e-16 1.430398429999999919e-16 1.583334200000000016e-16 1.742038399999999995e-16 1.906031919999999882e-16 2.074854060000000039e-16 2.248067260000000162e-16 2.425259669999999950e-16 2.606047739999999928e-16 2.790077030000000011e-16 2.977022759999999903e-16 3.166589530000000033e-16 3.358510520000000220e-16 3.552547240000000213e-16 3.748487399999999972e-16 3.946144120000000011e-16 4.145354359999999807e-16 4.345977029999999813e-16 4.547891949999999876e-16 4.750997739999999905e-16 4.955211560000000222e-16 5.160465119999999514e-16 5.366706520000000223e-16 5.573897660000000334e-16 5.782012070000000273e-16 5.991035449999999657e-16 6.200964089999999942e-16 6.411805420000000384e-16 6.623573709999999792e-16 6.836293859999999601e-16 7.049998159999999716e-16 7.264725770000000186e-16 7.480524359999999726e-16 7.697446319999999553e-16 7.915553069999999850e-16 8.134910250000000436e-16 8.355590389999999689e-16 8.577670780000000262e-16 8.801236129999999918e-16 9.026374839999999505e-16 9.253182730000000902e-16 9.481757749999999293e-16 9.712207889999999689e-16 9.944640080000000194e-16 1.017917290000000076e-15 1.041592389999999994e-15 1.065502120000000070e-15 1.089659389999999952e-15 1.114077769999999958e-15 1.138771319999999924e-15 1.163754450000000015e-15 1.189042300000000069e-15 1.214650119999999905e-15 1.240594099999999961e-15 1.266890450000000080e-15 1.293555999999999991e-15 1.320608119999999920e-15 1.348064480000000040e-15 1.375943300000000027e-15 1.404263100000000097e-15 1.433042849999999991e-15 1.462302009999999951e-15 1.492060179999999999e-15 1.522337590000000042e-15 1.553154759999999936e-15 1.584532460000000083e-15 1.616491860000000024e-15 1.649054460000000030e-15 1.682241949999999942e-15 1.716076469999999917e-15 1.750580250000000093e-15 1.785775849999999958e-15 1.821686020000000150e-15 1.858333750000000079e-15 1.895742319999999893e-15 1.933934830000000167e-15 1.972934980000000182e-15
1.457228200000000019e-17 4.602657920000000004e-18 2.999910490000000109e-18 3.210870710000000087e-18 4.038157610000000070e-18 5.196748549999999884e-18 6.668519989999999971e-18 8.548044750000000385e-18 1.098287069999999937e-17 1.413934400000000003e-17 1.818001869999999906e-17 2.324936199999999901e-17 2.946605940000000234e-17 3.692008829999999756e-17 4.567296609999999731e-17 5.575976859999999468e-17 6.719205979999999569e-17 7.996119399999999619e-17 9.404155499999999926e-17 1.093937629999999991e-16 1.259675500000000011e-16 1.437044329999999986e-16 1.625400900000000079e-16 1.824064139999999996e-16 2.032333660000000063e-16 2.249504309999999785e-16 2.474879129999999955e-16 2.707780099999999975e-16 2.947554750000000074e-16 3.193583939999999999e-16 3.445285070000000119e-16 3.702114729999999957e-16 3.963571559999999850e-16 4.229195800000000038e-16 4.498569750000000291e-16 4.771315950000000328e-16 5.047096640000000122e-16 5.325611660000000267e-16 5.606596839999999612e-16 5.889821890000000375e-16 6.175087239999999633e-16 6.462222409999999879e-16 6.751084989999999932e-16 7.041556939999999546e-16 7.333542439999999801e-16 7.626968939999999956e-16 7.921780879999999953e-16 8.217942239999999969e-16 8.515432919999999678e-16 8.814248140000000333e-16 9.114396379999999029e-16 9.415900940000000445e-16 9.718795690000000849e-16 1.002312620000000032e-15 1.032894850000000021e-15 1.063632929999999955e-15 1.094534390000000056e-15 1.125607899999999947e-15 1.156862779999999921e-15 1.188309189999999925e-15 1.219958259999999926e-15 1.251821839999999961e-15 1.283912639999999911e-15 1.316243989999999938e-15 1.348830090000000052e-15 1.381685859999999931e-15 1.414826869999999929e-15 1.448269640000000029e-15 1.482031209999999924e-15 1.516129259999999981e-15 1.550582539999999980e-15 1.585410100000000041e-15 1.620631949999999913e-15 1.656268640000000039e-15 1.692341439999999942e-15 1.728872489999999973e-15 1.765884230000000039e-15 1.803400060000000066e-15 1.841443909999999888e-15 1.880040240000000033e-15 1.919214449999999870e-15 1.958992389999999873e-15 1.999400100000000088e-15 2.040465099999999899e-15 2.082214719999999906e-15 2.124677120000000168e-15 2.167880879999999877e-15 2.211855020000000120e-15 2.256629599999999824e-15 2.302234699999999883e-15 2.348700599999999975e-15 2.396058639999999977e-15 2.444339939999999809e-15 2.493576480000000026e-15 2.543800239999999995e-15 2.595043830000000158e-15 2.647339850000000166e-15 2.700721349999999986e-15 2.755221569999999945e-15 2.810874179999999896e-15
2.069809880000000048e-17 6.588538250000000233e-18 4.339030079999999652e-18 4.664519859999999620e-18 5.866560949999999619e-18 7.538705729999999914e-18 9.653485610000000733e-18 1.234421070000000047e-17 1.582008560000000006e-17 2.031744179999999969e-17 2.606744720000000143e-17 3.327568270000000018e-17 4.211113299999999858e-17 5.270200950000000274e-17 6.513606599999999774e-17 7.946348940000000177e-17 9.570106460000000458e-17 1.138368340000000000e-16 1.338347790000000047e-16 1.556392869999999960e-16 1.791793110000000054e-16 2.043721489999999935e-16 2.311267830000000179e-16 2.593468510000000086e-16 2.889332350000000025e-16 3.197861720000000046e-16 3.518069819999999827e-16 3.848997389999999806e-16 4.189721149999999960e-16 4.539364970000000158e-16 4.897104040000000297e-16 5.262171010000000481e-16 5.633855420000000236e-16 6.011507709999999955e-16 6.394536000000000099e-16 6.782407739999999914e-16 7.174644879999999679e-16 7.570823359999999618e-16 7.970569979999999869e-16 8.373558079999999882e-16 8.779507090000000474e-16 9.188176130000000048e-16 9.599362980000000104e-16 1.001290249999999902e-15 1.042865910000000069e-15 1.084652900000000053e-15 1.126643610000000042e-15 1.168832829999999986e-15 1.211217730000000002e-15 1.253797759999999990e-15 1.296574189999999920e-15 1.339550100000000026e-15 1.382730460000000004e-15 1.426121740000000070e-15 1.469731969999999962e-15 1.513570369999999992e-15 1.557647959999999951e-15 1.601976580000000074e-15 1.646569790000000089e-15 1.691441889999999984e-15 1.736608650000000077e-15 1.782086809999999916e-15 1.827894560000000172e-15 1.874050440000000071e-15 1.920574999999999856e-15 1.967489190000000094e-15 2.014815459999999900e-15 2.062576469999999926e-15 2.110797210000000013e-15 2.159502450000000038e-15 2.208718669999999968e-15 2.258473170000000016e-15 2.308794340000000197e-15 2.359711389999999986e-15 2.411254409999999881e-15 2.463455140000000085e-15 2.516345360000000004e-15 2.569958309999999963e-15 2.624328090000000135e-15 2.679489840000000108e-15 2.735479140000000184e-15 2.792333049999999999e-15 2.850089259999999869e-15 2.908785890000000029e-15 2.968462540000000056e-15 3.029159229999999844e-15 3.090916609999999962e-15 3.153776619999999960e-15 3.217781390000000141e-15 3.282973919999999864e-15 3.349397819999999953e-15 3.417097349999999934e-15 3.486117410000000008e-15 3.556503300000000300e-15 3.628300780000000067e-15 3.701556000000000071e-15 3.776315979999999735e-15 3.852628139999999988e-15 3.930539500000000254e-15 4.010097489999999882e-15
2.939703939999999806e-17 9.449530989999999293e-18 6.303723000000000150e-18 6.813275770000000234e-18 8.569967509999999426e-18 1.099368119999999961e-17 1.404242649999999872e-17 1.790388599999999983e-17 2.287473349999999875e-17 2.929093859999999807e-17 3.748152889999999973e-17 4.773934600000000208e-17 6.030526510000000429e-17 7.536221539999999689e-17 9.303559749999999557e-17 1.133973700000000088e-16 1.364720290000000112e-16 1.622431920000000066e-16 1.906602740000000057e-16 2.216448580000000112e-16 2.550965980000000245e-16 2.908986159999999767e-16 3.289221899999999787e-16 3.690310789999999864e-16 4.110849950000000040e-16 4.549428250000000366e-16 5.004651289999999946e-16 5.475160089999999795e-16 5.959650229999999680e-16 6.456881859999999974e-16 6.965689260000000126e-16 7.484986630000000380e-16 8.013770240000000406e-16 8.551121060000000401e-16 9.096203180000000783e-16 9.648264309999999141e-16 1.020662839999999985e-15 1.077069730000000016e-15 1.133994259999999936e-15 1.191390489999999930e-15 1.249218590000000070e-15 1.307444689999999945e-15 1.366040419999999931e-15 1.424982159999999940e-15 1.484251070000000013e-15 1.543832430000000038e-15 1.603715639999999952e-15 1.663893199999999922e-15 1.724361510000000004e-15 1.785119399999999817e-15 1.846168869999999987e-15 1.907514600000000067e-15 1.969163350000000021e-15 2.031124230000000184e-15 2.093408680000000071e-15 2.156030250000000005e-15 2.219003980000000039e-15 2.282347009999999848e-15 2.346078189999999983e-15 2.410218279999999862e-15 2.474789289999999859e-15 2.539815160000000005e-15 2.605321300000000062e-15 2.671334599999999924e-15 2.737883869999999923e-15 2.804998939999999819e-15 2.872711179999999879e-15 2.941054039999999997e-15 3.010061389999999992e-15 3.079769869999999973e-15 3.150216330000000010e-15 3.221439730000000188e-15 3.293480519999999931e-15 3.366380190000000051e-15 3.440181959999999866e-15 3.514930290000000050e-15 3.590670920000000256e-15 3.667451069999999872e-15 3.745319649999999951e-15 3.824326230000000247e-15 3.904522460000000139e-15 3.985960019999999787e-15 4.068693119999999688e-15 4.152776380000000262e-15 4.238266150000000042e-15 4.325219589999999780e-15 4.413695140000000000e-15 4.503751680000000355e-15 4.595450620000000044e-15 4.688852519999999997e-15 4.784020059999999972e-15 4.881016349999999653e-15 4.979905750000000072e-15 5.080753069999999817e-15 5.183623099999999844e-15 5.288583189999999861e-15 5.395699399999999807e-15 5.505039500000000102e-15 5.616671240000000382e-15 5.730663240000000125e-15
4.174132039999999950e-17 1.358337349999999953e-17 9.205995789999999862e-18 1.001597019999999977e-17 1.260098409999999995e-17 1.613227850000000053e-17 2.054510180000000145e-17 2.610329389999999981e-17 3.322767320000000091e-17 4.239622580000000129e-17 5.407776969999999693e-17 6.868997800000000192e-17 8.657669999999999631e-17 1.079993540000000026e-16 1.331374989999999917e-16 1.620946299999999918e-16 1.949067019999999882e-16 2.315514909999999837e-16 2.719581920000000056e-16 3.160163720000000079e-16 3.635844720000000068e-16 4.144973730000000198e-16 4.685732269999999904e-16 5.256193599999999669e-16 5.854376209999999583e-16 6.478283739999999944e-16 7.125945249999999827e-16 7.795439560000000390e-16 8.484923320000000220e-16 9.192643169999999251e-16 9.916952690000000649e-16 1.065631610000000028e-15 1.140931780000000057e-15 1.217465760000000014e-15 1.295115600000000033e-15 1.373774999999999924e-15 1.453348549999999906e-15 1.533751889999999980e-15 1.614910449999999964e-15 1.696759349999999905e-15 1.779242680000000006e-15 1.862312470000000031e-15 1.945928809999999868e-15 2.030058449999999980e-15 2.114674930000000005e-15 2.199757690000000094e-15 2.285291499999999833e-15 2.371266189999999871e-15 2.457676469999999976e-15 2.544521279999999946e-15 2.631803150000000112e-15 2.719528660000000080e-15 2.807707540000000070e-15 2.896353140000000044e-15 2.985481339999999906e-15 3.075111190000000168e-15 3.165264500000000061e-15 3.255965210000000007e-15 3.347240209999999898e-15 3.439118939999999955e-15 3.531632720000000062e-15 3.624815239999999674e-15 3.718702909999999732e-15 3.813333860000000075e-15 3.908748309999999773e-15 4.004989889999999648e-15 4.102102209999999738e-15 4.200132720000000176e-15 4.299130969999999930e-15 4.399147350000000184e-15 4.500235230000000005e-15 4.602450079999999663e-15 4.705849089999999904e-15 4.810491960000000236e-15 4.916439689999999931e-15 5.023756220000000098e-15 5.132506780000000039e-15 5.242758710000000250e-15 5.354581030000000139e-15 5.468045750000000151e-15 5.583225299999999867e-15 5.700195039999999919e-15 5.819031639999999914e-15 5.939813459999999944e-15 6.062620959999999721e-15 6.187535870000000309e-15 6.314641630000000095e-15 6.444023800000000241e-15 6.575768340000000258e-15 6.709962920000000141e-15 6.846697760000000211e-15 6.986062630000000085e-15 7.128149860000000492e-15 7.273051789999999797e-15 7.420862429999999218e-15 7.571677490000000456e-15 7.725592690000000477e-15 7.882703749999999401e-15 8.043108080000000203e-15 8.206904769999999240e-15
5.923976379999999638e-17 1.957675780000000013e-17 1.352701860000000037e-17 1.483455450000000104e-17 1.866925799999999866e-17 2.384601070000000039e-17 3.026409350000000147e-17 3.829375069999999991e-17 4.853206959999999836e-17 6.165978320000000362e-17 7.834579629999999965e-17 9.918675740000000550e-17 1.246743820000000023e-16 1.551830400000000090e-16 1.909704470000000082e-16 2.321860250000000079e-16 2.788829240000000037e-16 3.310314869999999955e-16 3.885328480000000143e-16 4.512318679999999573e-16 5.189290179999999730e-16 5.913913099999999923e-16 6.683620410000000248e-16 7.495692069999999554e-16 8.347326520000000130e-16 9.235705270000000800e-16 1.015804260000000080e-15 1.111162600000000020e-15 1.209385070000000015e-15 1.310224230000000046e-15 1.413447270000000020e-15 1.518837750000000055e-15 1.626195369999999924e-15 1.735337150000000032e-15 1.846096450000000010e-15 1.958323450000000009e-15 2.071883459999999825e-15 2.186657689999999940e-15 2.302541119999999936e-15 2.419442460000000075e-15 2.537282530000000021e-15 2.655994200000000026e-15 2.775521349999999940e-15 2.895817179999999904e-15 3.016844639999999884e-15 3.138574709999999978e-15 3.260986210000000054e-15 3.384065179999999865e-15 3.507803989999999996e-15 3.632201369999999886e-15 3.757261119999999640e-15 3.882992999999999867e-15 4.009410549999999708e-15 4.136532829999999675e-15 4.264382289999999670e-15 4.392986030000000337e-15 4.522375399999999976e-15 4.652583839999999665e-15 4.783650330000000275e-15 4.915615530000000008e-15 5.048524740000000174e-15 5.182425820000000045e-15 5.317370029999999858e-15 5.453411990000000036e-15 5.590609299999999673e-15 5.729022539999999696e-15 5.868715209999999716e-15 6.009754240000000305e-15 6.152209939999999848e-15 6.296154720000000297e-15 6.441664809999999760e-15 6.588818999999999829e-15 6.737698590000000066e-15 6.888389140000000055e-15 7.040978309999999790e-15 7.195556750000000307e-15 7.352218029999999747e-15 7.511057879999999807e-15 7.672176259999999845e-15 7.835675640000000346e-15 8.001659370000000056e-15 8.170235859999999968e-15 8.341515240000000765e-15 8.515609309999999672e-15 8.692634119999999461e-15 8.872705699999999754e-15 9.055946030000000677e-15 9.242474539999999659e-15 9.432417449999999220e-15 9.625900100000000459e-15 9.823051250000000704e-15 1.002400050000000029e-14 1.022888080000000052e-14 1.043782349999999983e-14 1.065096580000000036e-14 1.086844319999999977e-14 1.109039300000000019e-14 1.131695480000000014e-14 1.154826759999999984e-14 1.178447380000000047e-14
8.400813879999999922e-17 2.830121039999999837e-17 2.001776920000000046e-17 2.216030430000000146e-17 2.790170870000000052e-17 3.554554239999999897e-17 4.493376770000000096e-17 5.658481840000000011e-17 7.134627340000000165e-17 9.018882569999999569e-17 1.140684840000000045e-16 1.438392179999999892e-16 1.802057830000000035e-16 2.237056099999999921e-16 2.747098309999999820e-16 3.334349959999999846e-16 3.999603809999999954e-16 4.742472890000000395e-16 5.561582859999999821e-16 6.454758990000000173e-16 7.419193880000000056e-16 8.451606339999999758e-16 9.548373720000000695e-16 1.070565889999999911e-15 1.191951009999999988e-15 1.318594719999999934e-15 1.450103779999999947e-15 1.586095660000000068e-15 1.726202640000000043e-15 1.870075529999999827e-15 2.017385990000000160e-15 2.167829000000000146e-15 2.321122060000000159e-15 2.477007040000000131e-15 2.635249730000000025e-15 2.795638170000000137e-15 2.957983680000000122e-15 3.122118549999999804e-15 3.287895180000000119e-15 3.455184820000000187e-15 3.623877149999999753e-15 3.793877089999999765e-15 3.965106070000000169e-15 4.137498870000000086e-15 4.311002980000000292e-15 4.485578590000000066e-15 4.661195630000000088e-15 4.837834609999999923e-15 5.015485789999999748e-15 5.194147059999999941e-15 5.373824770000000149e-15 5.554532050000000374e-15 5.736289230000000112e-15 5.919122560000000158e-15 6.103065510000000009e-15 6.288155759999999980e-15 6.474436940000000104e-15 6.661958180000000214e-15 6.850774099999999943e-15 7.040942739999999884e-15 7.232528040000000358e-15 7.425599039999999981e-15 7.620228569999999838e-15 7.816492880000000401e-15 8.014475820000000773e-15 8.214262939999999752e-15 8.415944879999999950e-15 8.619617339999999916e-15 8.825380270000000586e-15 9.033337870000000556e-15 9.243598559999999237e-15 9.456274130000000170e-15 9.671483179999999355e-15 9.889346830000000230e-15 1.010999040000000074e-14 1.033354449999999947e-14 1.056014270000000075e-14 1.078992330000000021e-14 1.102302930000000049e-14 1.125960730000000045e-14 1.149980719999999991e-14 1.174378319999999952e-14 1.199169450000000058e-14 1.224370289999999922e-14 1.249997270000000056e-14 1.276067420000000076e-14 1.302597930000000043e-14 1.329606509999999923e-14 1.357110850000000002e-14 1.385129259999999983e-14 1.413680200000000011e-14 1.442782389999999873e-14 1.472454800000000096e-14 1.502716919999999855e-14 1.533587880000000123e-14 1.565087509999999854e-14 1.597235629999999896e-14 1.630052400000000092e-14 1.663557799999999999e-14 1.697772170000000058e-14
1.190037219999999965e-16 4.106282059999999889e-17 2.986518069999999916e-17 3.342482340000000227e-17 4.211059040000000185e-17 5.349127209999999846e-17 6.731671929999999986e-17 8.431095299999999440e-17 1.056778020000000023e-16 1.328037019999999975e-16 1.670578460000000101e-16 2.096654829999999979e-16 2.616393980000000172e-16 3.237536209999999940e-16 3.965444300000000214e-16 4.803274500000000225e-16 5.752220860000000454e-16 6.811793430000000365e-16 7.980095389999999886e-16 9.254084819999999022e-16 1.062982409999999930e-15 1.210269469999999939e-15 1.366759660000000009e-15 1.531912240000000068e-15 1.705170180000000024e-15 1.885972430000000111e-15 2.073764719999999936e-15 2.268007799999999950e-15 2.468183489999999968e-15 2.673799679999999842e-15 2.884394309999999931e-15 3.099537080000000006e-15 3.318830730000000196e-15 3.541912309999999979e-15 3.768451279999999700e-15 3.998150940000000319e-15 4.230745770000000335e-15 4.465999429999999703e-15 4.703705250000000131e-15 4.943682810000000182e-15 5.185777110000000153e-15 5.429855580000000245e-15 5.675807269999999924e-15 5.923541529999999733e-15 6.172985540000000162e-15 6.424082950000000310e-15 6.676792689999999685e-15 6.931088499999999858e-15 7.186955969999999480e-15 7.444393850000000353e-15 7.703411439999999225e-15 7.964027390000000627e-15 8.226271329999999225e-15 8.490181380000000777e-15 8.755804140000000049e-15 9.023193809999999903e-15 9.292413060000000102e-15 9.563531370000000757e-15 9.836626650000000463e-15 1.011178279999999989e-14 1.038908950000000025e-14 1.066864509999999962e-14 1.095055379999999973e-14 1.123492639999999958e-14 1.152188000000000018e-14 1.181153819999999977e-14 1.210403050000000029e-14 1.239949339999999924e-14 1.269807170000000055e-14 1.299991179999999993e-14 1.330517150000000053e-14 1.361401240000000008e-14 1.392660229999999991e-14 1.424311479999999876e-14 1.456373369999999982e-14 1.488864370000000139e-14 1.521803790000000025e-14 1.555211610000000146e-14 1.589108519999999932e-14 1.623515500000000023e-14 1.658454259999999982e-14 1.693946969999999919e-14 1.730016850000000071e-14 1.766686940000000077e-14 1.803981290000000024e-14 1.841924299999999936e-14 1.880540880000000063e-14 1.919856589999999905e-14 1.959897189999999872e-14 2.000689109999999938e-14 2.042258780000000080e-14 2.084633800000000060e-14 2.127841120000000075e-14 2.171909030000000080e-14 2.216865640000000065e-14 2.262739080000000011e-14 2.309558320000000069e-14 2.357352320000000072e-14 2.406150230000000137e-14 2.455981350000000037e-14
1.683513059999999958e-16 5.984038290000000264e-17 4.496969719999999959e-17 5.095612239999999975e-17 6.424573510000000194e-17 8.134930899999999923e-17 1.018673450000000014e-16 1.268076080000000053e-16 1.578813169999999884e-16 1.970726709999999978e-16 2.463477009999999895e-16 3.074696250000000130e-16 3.818987540000000106e-16 4.707539660000000032e-16 5.748138690000000392e-16 6.945411290000000148e-16 8.301178580000000182e-16 9.814850279999999680e-16 1.148382710000000041e-15 1.330387639999999941e-15 1.526948519999999963e-15 1.737416930000000098e-15 1.961076510000000143e-15 2.197166200000000058e-15 2.444901949999999993e-15 2.703494540000000047e-15 2.972163859999999859e-15 3.250150760000000029e-15 3.536726140000000087e-15 3.831198209999999941e-15 4.132916849999999890e-15 4.441277069999999994e-15 4.755721119999999696e-15 5.075738630000000166e-15 5.400866299999999619e-15 5.730687799999999648e-15 6.064829589999999663e-15 6.402962179999999822e-15 6.744795460000000291e-15 7.090077429999999899e-15 7.438589979999999259e-15 7.790149310000000698e-15 8.144601260000000417e-15 8.501817919999999357e-15 8.861699349999999733e-15 9.224166769999999952e-15 9.589165130000000459e-15 9.956656300000000230e-15 1.032662420000000058e-14 1.069906540000000056e-14 1.107399520000000055e-14 1.145144160000000027e-14 1.183144679999999998e-14 1.221406519999999938e-14 1.259936520000000033e-14 1.298742320000000014e-14 1.337832969999999986e-14 1.377218400000000054e-14 1.416909599999999976e-14 1.456918689999999936e-14 1.497258469999999996e-14 1.537943150000000123e-14 1.578987489999999866e-14 1.620407570000000118e-14 1.662219830000000129e-14 1.704442220000000136e-14 1.747093549999999909e-14 1.790193290000000045e-14 1.833761960000000004e-14 1.877821219999999990e-14 1.922393280000000104e-14 1.967501849999999866e-14 2.013170820000000023e-14 2.059425760000000072e-14 2.106292440000000108e-14 2.153798279999999927e-14 2.201971069999999890e-14 2.250839790000000143e-14 2.300433910000000115e-14 2.350784429999999903e-14 2.401922519999999890e-14 2.453880709999999901e-14 2.506692189999999954e-14 2.560390689999999973e-14 2.615011109999999984e-14 2.670588829999999929e-14 2.727160129999999902e-14 2.784762099999999852e-14 2.843432010000000011e-14 2.903208140000000113e-14 2.964129800000000023e-14 3.026235950000000300e-14 3.089566230000000117e-14 3.154161980000000236e-14 3.220063170000000087e-14 3.287311829999999991e-14 3.355949280000000082e-14 3.426017539999999738e-14 3.497558959999999852e-14 3.570616569999999935e-14
2.378053209999999873e-16 8.767162240000000441e-17 6.841383210000000359e-17 7.858397799999999565e-17 9.916278239999999558e-17 1.251329049999999937e-16 1.558503960000000058e-16 1.927121320000000053e-16 2.381531070000000070e-16 2.950201460000000029e-16 3.661453440000000235e-16 4.540751990000000308e-16 5.609237990000000371e-16 6.883159669999999872e-16 8.373882600000000028e-16 1.008823859999999988e-15 1.202903680000000010e-15 1.419562949999999998e-15 1.658449430000000062e-15 1.918977070000000009e-15 2.200376869999999845e-15 2.501741669999999997e-15 2.822066659999999933e-15 3.160283949999999831e-15 3.515292399999999936e-15 3.885983450000000255e-15 4.271261469999999646e-15 4.670059830000000032e-15 5.081355310000000251e-15 5.504176370000000096e-15 5.937611600000000361e-15 6.380811850000000103e-15 6.832996150000000298e-15 7.293448340000000513e-15 7.761521290000000506e-15 8.236630540000000585e-15 8.718255169999999874e-15 9.205934389999999293e-15 9.699263320000000740e-15 1.019788959999999981e-14 1.070151170000000031e-14 1.120987289999999954e-14 1.172275809999999995e-14 1.223999120000000011e-14 1.276143399999999965e-14 1.328697890000000060e-14 1.381654899999999944e-14 1.435009509999999873e-14 1.488759510000000085e-14 1.542904730000000140e-14 1.597447559999999921e-14 1.652392039999999963e-14 1.707744460000000082e-14 1.763512600000000138e-14 1.819706459999999908e-14 1.876336879999999966e-14 1.933417080000000140e-14 1.990961110000000108e-14 2.048985070000000129e-14 2.107506059999999963e-14 2.166542740000000037e-14 2.226115409999999852e-14 2.286245429999999979e-14 2.346955670000000088e-14 2.408270519999999890e-14 2.470215399999999856e-14 2.532817399999999843e-14 2.596104820000000119e-14 2.660107650000000018e-14 2.724856879999999957e-14 2.790385040000000073e-14 2.856726019999999945e-14 2.923915379999999797e-14 2.991989389999999726e-14 3.060986320000000098e-14 3.130945139999999893e-14 3.201907189999999873e-14 3.273914139999999791e-14 3.347009689999999986e-14 3.421237900000000096e-14 3.496645180000000287e-14 3.573278619999999968e-14 3.651186679999999881e-14 3.730418480000000018e-14 3.811025519999999942e-14 3.893058630000000283e-14 3.976571339999999924e-14 4.061617509999999895e-14 4.148252039999999779e-14 4.236530490000000301e-14 4.326509449999999793e-14 4.418246839999999817e-14 4.511800280000000097e-14 4.607229380000000312e-14 4.704593779999999824e-14 4.803952779999999947e-14 4.905368040000000306e-14 5.008900200000000083e-14 5.114611260000000105e-14 5.222562560000000057e-14
3.354239620000000019e-16 1.292911359999999893e-16 1.052599770000000027e-16 1.226750940000000043e-16 1.549347800000000121e-16 1.948047139999999994e-16 2.412368629999999843e-16 2.961570760000000180e-16 3.630350649999999798e-16 4.459679820000000350e-16 5.490513089999999593e-16 6.759790899999999581e-16 8.298265850000000396e-16 1.012966070000000087e-15 1.227067409999999913e-15 1.473147950000000059e-15 1.751646140000000079e-15 2.062504689999999834e-15 2.405252970000000043e-15 2.779085449999999993e-15 3.182935300000000064e-15 3.615537270000000073e-15 4.075486740000000079e-15 4.561289359999999731e-15 5.071403099999999768e-15 5.604275329999999681e-15 6.158370409999999848e-15 6.732194990000000131e-15 7.324315919999999812e-15 7.933373260000000764e-15 8.558091399999999938e-15 9.197283639999999574e-15 9.849857310000000758e-15 1.051481460000000012e-14 1.119124919999999992e-14 1.187834789999999982e-14 1.257538569999999941e-14 1.328171969999999926e-14 1.399678749999999966e-14 1.472010110000000011e-14 1.545123960000000066e-14 1.618984890000000037e-14 1.693563269999999896e-14 1.768834849999999906e-14 1.844780670000000009e-14 1.921385990000000020e-14 1.998640649999999874e-14 2.076537859999999848e-14 2.155075100000000079e-14 2.234252689999999878e-14 2.314074019999999899e-14 2.394545709999999894e-14 2.475676559999999858e-14 2.557478429999999865e-14 2.639965369999999908e-14 2.723153499999999926e-14 2.807061769999999978e-14 2.891710849999999813e-14 2.977123620000000046e-14 3.063324809999999694e-14 3.150342200000000067e-14 3.238204589999999767e-14 3.326943149999999808e-14 3.416591079999999892e-14 3.507183630000000299e-14 3.598758390000000258e-14 3.691353999999999752e-14 3.785012799999999995e-14 3.879777159999999985e-14 3.975693469999999889e-14 4.072808850000000058e-14 4.171172750000000110e-14 4.270837359999999799e-14 4.371855530000000023e-14 4.474283829999999747e-14 4.578179200000000080e-14 4.683601940000000262e-14 4.790613709999999921e-14 4.899277870000000271e-14 5.009659809999999953e-14 5.121827640000000271e-14 5.235849800000000263e-14 5.351798110000000253e-14 5.469744729999999869e-14 5.589764220000000203e-14 5.711932799999999523e-14 5.836328059999999953e-14 5.963028600000000593e-14 6.092115070000000492e-14 6.223669449999999405e-14 6.357775090000000313e-14 6.494515349999999565e-14 6.633975600000000410e-14 6.776243249999999415e-14 6.921403690000000456e-14 7.069545689999999857e-14 7.220757329999999429e-14 7.375128070000000106e-14 7.532748029999999547e-14 7.693706650000000581e-14
4.725880039999999982e-16 1.922005899999999896e-16 1.639172070000000090e-16 1.939100609999999884e-16 2.450990419999999940e-16 3.070126499999999993e-16 3.779282340000000121e-16 4.604826859999999702e-16 5.596290040000000452e-16 6.812864929999999735e-16 8.314054009999999944e-16 1.015372279999999954e-15 1.237686450000000049e-15 1.501833569999999939e-15 1.810285170000000157e-15 2.164570669999999867e-15 2.565384119999999935e-15 3.012705190000000077e-15 3.505918709999999819e-15 4.043928839999999638e-15 4.625263639999999880e-15 5.248168709999999682e-15 5.910688230000000128e-15 6.610738940000000007e-15 7.346169370000000127e-15 8.114811109999999619e-15 8.914520330000000284e-15 9.743211620000000507e-15 1.059888680000000032e-14 1.147964699999999924e-14 1.238371400000000029e-14 1.330943549999999961e-14 1.425528840000000005e-14 1.521988609999999882e-14 1.620196829999999879e-14 1.720040500000000147e-14 1.821418989999999869e-14 1.924243539999999881e-14 2.028435880000000073e-14 2.133928919999999905e-14 2.240664730000000023e-14 2.348594170000000125e-14 2.457676939999999892e-14 2.567879989999999911e-14 2.679177069999999859e-14 2.791548700000000088e-14 2.904981489999999853e-14 3.019466460000000140e-14 3.135001070000000144e-14 3.251586349999999995e-14 3.369228390000000174e-14 3.487936659999999924e-14 3.607724739999999954e-14 3.728609899999999995e-14 3.850612789999999801e-14 3.973757830000000023e-14 4.098072109999999886e-14 4.223586130000000209e-14 4.350333430000000004e-14 4.478350270000000314e-14 4.607676950000000195e-14 4.738355499999999969e-14 4.870432329999999798e-14 5.003955559999999856e-14 5.138977350000000217e-14 5.275551930000000269e-14 5.413737900000000189e-14 5.553595570000000163e-14 5.695189329999999643e-14 5.838585229999999674e-14 5.983854769999999375e-14 6.131069770000000328e-14 6.280307490000000616e-14 6.431646529999999970e-14 6.585168880000000353e-14 6.740961279999999402e-14 6.899109780000000240e-14 7.059707909999999597e-14 7.222847810000000447e-14 7.388627059999999738e-14 7.557144610000000165e-14 7.728504120000000103e-14 7.902809269999999819e-14 8.080167119999999601e-14 8.260688140000000071e-14 8.444484800000000227e-14 8.631670280000000519e-14 8.822361789999999723e-14 9.016677239999999645e-14 9.214736590000000144e-14 9.416662459999999971e-14 9.622576849999999877e-14 9.832606460000000404e-14 1.004687670000000011e-13 1.026551420000000050e-13 1.048864839999999973e-13 1.071640740000000059e-13 1.094892199999999975e-13 1.118632229999999965e-13 1.142873910000000072e-13
6.655955779999999760e-16 2.884846780000000115e-16 2.584919029999999982e-16 3.103393460000000192e-16 3.925112300000000173e-16 4.897676320000000406e-16 5.992488109999999625e-16 7.245332949999999603e-16 8.727085279999999645e-16 1.052365799999999947e-15 1.272198810000000061e-15 1.540110559999999991e-15 1.862727729999999815e-15 2.245210120000000030e-15 2.691246649999999911e-15 3.203160330000000106e-15 3.782065209999999622e-15 4.428040489999999976e-15 5.140308380000000390e-15 5.917397579999999915e-15 6.757295550000000379e-15 7.657583570000000225e-15 8.615555810000000674e-15 9.628320070000000215e-15 1.069288890000000029e-14 1.180624850000000077e-14 1.296541730000000045e-14 1.416749930000000009e-14 1.540971299999999876e-14 1.668942559999999873e-14 1.800416639999999990e-14 1.935164339999999843e-14 2.072974900000000141e-14 2.213655719999999905e-14 2.357032990000000135e-14 2.502950509999999924e-14 2.651269200000000014e-14 2.801866740000000024e-14 2.954635910000000012e-14 3.109484040000000251e-14 3.266332179999999812e-14 3.425112910000000103e-14 3.585771679999999902e-14 3.748263769999999687e-14 3.912553600000000184e-14 4.078616110000000226e-14 4.246432979999999955e-14 4.415994069999999934e-14 4.587296999999999962e-14 4.760344479999999865e-14 4.935146329999999769e-14 5.111717799999999768e-14 5.290079900000000182e-14 5.470258710000000101e-14 5.652285079999999968e-14 5.836194559999999376e-14 6.022028170000000406e-14 6.209830959999999682e-14 6.399651720000000093e-14 6.591546700000000033e-14 6.785572809999999668e-14 6.981794429999999397e-14 7.180278639999999766e-14 7.381097960000000339e-14 7.584328940000000272e-14 7.790053600000000575e-14 7.998357290000000081e-14 8.209330160000000545e-14 8.423068419999999476e-14 8.639671009999999887e-14 8.859242279999999713e-14 9.081890650000000262e-14 9.307730639999999848e-14 9.536878800000000520e-14 9.769458459999999955e-14 1.000559630000000059e-13 1.024542389999999955e-13 1.048907599999999973e-13 1.073669219999999997e-13 1.098841680000000017e-13 1.124439689999999970e-13 1.150478499999999953e-13 1.176973559999999897e-13 1.203940920000000003e-13 1.231396579999999918e-13 1.259357200000000047e-13 1.287839600000000015e-13 1.316860980000000005e-13 1.346438689999999987e-13 1.376590490000000044e-13 1.407334130000000074e-13 1.438687759999999900e-13 1.470669700000000011e-13 1.503298219999999958e-13 1.536592029999999969e-13 1.570569849999999955e-13 1.605250360000000088e-13 1.640652400000000004e-13 1.676794820000000033e-13 1.713696589999999979e-13
9.382328790000000170e-16 4.379138100000000045e-16 4.128348320000000027e-16 5.026384570000000401e-16 6.359532900000000089e-16 7.904364290000000133e-16 9.612964210000000341e-16 1.153334349999999954e-15 1.376723519999999972e-15 1.644004239999999918e-15 1.967962040000000159e-15 2.360274459999999978e-15 2.830776700000000022e-15 3.387170190000000138e-15 4.035013390000000244e-15 4.777875690000000229e-15 5.617565700000000270e-15 6.554391340000000148e-15 7.587416210000000426e-15 8.714703560000000333e-15 9.933533149999999743e-15 1.124060070000000034e-14 1.263218769999999950e-14 1.410430810000000016e-14 1.565283509999999906e-14 1.727360389999999978e-14 1.896249440000000099e-14 2.071549849999999856e-14 2.252877589999999918e-14 2.439868749999999854e-14 2.632182329999999844e-14 2.829502210000000003e-14 3.031537689999999974e-14 3.238024339999999718e-14 3.448722089999999859e-14 3.663417159999999759e-14 3.881918449999999744e-14 4.104058940000000224e-14 4.329691920000000161e-14 4.558690999999999906e-14 4.790948790000000178e-14 5.026374819999999908e-14 5.264894900000000148e-14 5.506449379999999963e-14 5.750991859999999503e-14 5.998488789999999443e-14 6.248918480000000217e-14 6.502269429999999479e-14 6.758539579999999492e-14 7.017737090000000051e-14 7.279878199999999492e-14 7.544987309999999733e-14 7.813097640000000475e-14 8.084247789999999815e-14 8.358485890000000132e-14 8.635865460000000627e-14 8.916448850000000486e-14 9.200302470000000058e-14 9.487502879999999445e-14 9.778130050000000340e-14 1.007227269999999939e-13 1.037002579999999938e-13 1.067149160000000052e-13 1.097677789999999980e-13 1.128599979999999986e-13 1.159927999999999942e-13 1.191674660000000004e-13 1.223853649999999916e-13 1.256479190000000021e-13 1.289566189999999969e-13 1.323130379999999894e-13 1.357188020000000024e-13 1.391756040000000025e-13 1.426852070000000068e-13 1.462494680000000027e-13 1.498702419999999908e-13 1.535495230000000034e-13 1.572893160000000012e-13 1.610917070000000001e-13 1.649588260000000078e-13 1.688928810000000054e-13 1.728961079999999943e-13 1.769708240000000053e-13 1.811193750000000075e-13 1.853441450000000006e-13 1.896475869999999911e-13 1.940321679999999956e-13 1.985004360000000097e-13 2.030549120000000023e-13 2.076981979999999973e-13 2.124328949999999996e-13 2.172616469999999876e-13 2.221871099999999881e-13 2.272119529999999937e-13 2.323388609999999943e-13 2.375705430000000009e-13 2.429096690000000249e-13 2.483590049999999850e-13 2.539211789999999884e-13 2.595989559999999855e-13
1.326005730000000005e-15 6.732600089999999969e-16 6.675016139999999851e-16 8.231255479999999991e-16 1.041435159999999903e-15 1.289364880000000020e-15 1.558822680000000065e-15 1.856155600000000172e-15 2.196027779999999916e-15 2.596867070000000065e-15 3.077619890000000122e-15 3.655681539999999992e-15 4.345774530000000379e-15 5.159500030000000312e-15 6.105320310000000315e-15 7.188782180000000430e-15 8.412859980000000001e-15 9.778336380000000111e-15 1.128418309999999972e-14 1.292791739999999933e-14 1.470592509999999962e-14 1.661374319999999947e-14 1.864631059999999976e-14 2.079817910000000003e-14 2.306369579999999883e-14 2.543714310000000004e-14 2.791286459999999970e-14 3.048535949999999735e-14 3.314935270000000242e-14 3.589985499999999809e-14 3.873218749999999687e-14 4.164202009999999896e-14 4.462537180000000166e-14 4.767862060000000075e-14 5.079850719999999929e-14 5.398209749999999858e-14 5.722680629999999704e-14 6.053034999999999562e-14 6.389075330000000601e-14 6.730630190000000552e-14 7.077554549999999969e-14 7.429729170000000125e-14 7.787053739999999831e-14 8.149450350000000177e-14 8.516859360000000541e-14 8.889238759999999967e-14 9.266562800000000251e-14 9.648819959999999681e-14 1.003601300000000028e-13 1.042815869999999967e-13 1.082528439999999986e-13 1.122743120000000039e-13 1.163465080000000017e-13 1.204700400000000086e-13 1.246456550000000101e-13 1.288741789999999963e-13 1.331565470000000071e-13 1.374938030000000060e-13 1.418870989999999876e-13 1.463376400000000063e-13 1.508467969999999983e-13 1.554160039999999956e-13 1.600468080000000038e-13 1.647408340000000016e-13 1.694998439999999874e-13 1.743256820000000078e-13 1.792202999999999891e-13 1.841857419999999924e-13 1.892241650000000016e-13 1.943378319999999944e-13 1.995290870000000031e-13 2.048003830000000088e-13 2.101542680000000073e-13 2.155933989999999934e-13 2.211205259999999895e-13 2.267384550000000080e-13 2.324501269999999926e-13 2.382585500000000077e-13 2.441668290000000179e-13 2.501781329999999767e-13 2.562956899999999843e-13 2.625228320000000214e-13 2.688629759999999968e-13 2.753195619999999977e-13 2.818961160000000080e-13 2.885961869999999881e-13 2.954234350000000112e-13 3.023814919999999787e-13 3.094740720000000172e-13 3.167049140000000150e-13 3.240778140000000209e-13 3.315965400000000127e-13 3.392649119999999844e-13 3.470867529999999859e-13 3.550659119999999995e-13 3.632062099999999874e-13 3.715114970000000011e-13 3.799855670000000012e-13 3.886322150000000175e-13 3.974552620000000122e-13
1.883190779999999996e-15 1.049397800000000054e-15 1.091682110000000036e-15 1.361171680000000081e-15 1.721437339999999910e-15 2.122987709999999831e-15 2.552074060000000130e-15 3.016932089999999917e-15 3.538816620000000001e-15 4.145022639999999971e-15 4.863867740000000297e-15 5.721499189999999735e-15 6.740160920000000085e-15 7.937504240000000125e-15 9.326549339999999390e-15 1.091602019999999940e-14 1.271085680000000060e-14 1.471278269999999875e-14 1.692087389999999927e-14 1.933208029999999912e-14 2.194170580000000128e-14 2.474382120000000039e-14 2.773162659999999957e-14 3.089775610000000285e-14 3.423454079999999940e-14 3.773420990000000304e-14 4.138906559999999868e-14 4.519161669999999713e-14 4.913468379999999726e-14 5.321147029999999841e-14 5.741562009999999952e-14 6.174124799999999994e-14 6.618293969999999943e-14 7.073580269999999849e-14 7.539539199999999590e-14 8.015776359999999494e-14 8.501942099999999718e-14 8.997729450000000310e-14 9.502872120000000303e-14 1.001714169999999948e-13 1.054034649999999986e-13 1.107232589999999944e-13 1.161295180000000044e-13 1.216212190000000047e-13 1.271976230000000084e-13 1.328582290000000110e-13 1.386027660000000045e-13 1.444311389999999997e-13 1.503434959999999952e-13 1.563401639999999889e-13 1.624216029999999990e-13 1.685885179999999932e-13 1.748417080000000107e-13 1.811821769999999970e-13 1.876110760000000035e-13 1.941296920000000068e-13 2.007394769999999979e-13 2.074420419999999960e-13 2.142391219999999980e-13 2.211326420000000043e-13 2.281246210000000113e-13 2.352173090000000050e-13 2.424130230000000164e-13 2.497142849999999828e-13 2.571237219999999928e-13 2.646441549999999865e-13 2.722785379999999749e-13 2.800299869999999776e-13 2.879017010000000056e-13 2.958971230000000006e-13 3.040197759999999909e-13 3.122733459999999820e-13 3.206616290000000223e-13 3.291885809999999804e-13 3.378582950000000217e-13 3.466749459999999815e-13 3.556429239999999908e-13 3.647666210000000161e-13 3.740506170000000154e-13 3.834995740000000203e-13 3.931182640000000046e-13 4.029115090000000217e-13 4.128842719999999919e-13 4.230415390000000148e-13 4.333884329999999821e-13 4.439300760000000193e-13 4.546716740000000094e-13 4.656184829999999655e-13 4.767757909999999957e-13 4.881489089999999832e-13 4.997432050000000216e-13 5.115639899999999943e-13 5.236166319999999948e-13 5.359064969999999786e-13 5.484389530000000394e-13 5.612192029999999536e-13 5.742526679999999505e-13 5.875445530000000460e-13 6.011000619999999847e-13 6.149243440000000450e-13
2.694654060000000171e-15 1.658827210000000086e-15 1.803533260000000145e-15 2.269373429999999811e-15 2.867461699999999947e-15 3.522767039999999990e-15 4.211848040000000349e-15 4.945146060000000216e-15 5.753694059999999880e-15 6.678291509999999626e-15 7.761667829999999366e-15 9.043504810000000244e-15 1.055774649999999987e-14 1.233152489999999957e-14 1.438509449999999881e-14 1.673233290000000132e-14 1.938151480000000038e-14 2.233616900000000120e-14 2.559592450000000116e-14 2.915729320000000033e-14 3.301437290000000113e-14 3.715946410000000138e-14 4.158358500000000259e-14 4.627693020000000309e-14 5.122921669999999884e-14 5.643000919999999746e-14 6.186895339999999826e-14 6.753594939999999897e-14 7.342133090000000126e-14 7.951593620000000432e-14 8.581120030000000403e-14 9.229919480000000159e-14 9.897264890000000598e-14 1.058249629999999937e-13 1.128502059999999945e-13 1.200430679999999893e-13 1.273988780000000050e-13 1.349135510000000008e-13 1.425835499999999887e-13 1.504058520000000019e-13 1.583779220000000108e-13 1.664976890000000032e-13 1.747635099999999911e-13 1.831740869999999935e-13 1.917285500000000030e-13 2.004263049999999877e-13 2.092671199999999893e-13 2.182510220000000094e-13 2.273783650000000220e-13 2.366497299999999919e-13 2.460659989999999750e-13 2.556282279999999831e-13 2.653377729999999991e-13 2.751962069999999861e-13 2.852053169999999820e-13 2.953671649999999816e-13 3.056839989999999841e-13 3.161582600000000233e-13 3.267926570000000091e-13 3.375900899999999998e-13 3.485537329999999922e-13 3.596869440000000000e-13 3.709932479999999882e-13 3.824764669999999880e-13 3.941406119999999905e-13 4.059899119999999853e-13 4.180287840000000038e-13 4.302618920000000141e-13 4.426940859999999887e-13 4.553303809999999650e-13 4.681761159999999978e-13 4.812366329999999963e-13 4.945176760000000369e-13 5.080249370000000289e-13 5.217644890000000086e-13 5.357424029999999748e-13 5.499650759999999810e-13 5.644388490000000405e-13 5.791703380000000224e-13 5.941663180000000007e-13 6.094335110000000146e-13 6.249789099999999853e-13 6.408095630000000071e-13 6.569325160000000355e-13 6.733549270000000063e-13 6.900841119999999906e-13 7.071272279999999558e-13 7.244917010000000163e-13 7.421847970000000126e-13 7.602138320000000159e-13 7.785861259999999704e-13 7.973090500000000195e-13 8.163898700000000036e-13 8.358357409999999535e-13 8.556539269999999750e-13 8.758515289999999951e-13 8.964354870000000010e-13 9.174128469999999487e-13 9.387904949999999236e-13 9.605749360000000862e-13
3.895672240000000044e-15 2.657984519999999829e-15 3.004567529999999882e-15 3.807633750000000022e-15 4.804608889999999991e-15 5.880203089999999817e-15 6.994424959999999667e-15 8.160146010000000600e-15 9.423106010000000122e-15 1.084492110000000012e-14 1.249072559999999935e-14 1.442135089999999978e-14 1.668912399999999938e-14 1.933617989999999940e-14 2.239435850000000076e-14 2.588596890000000064e-14 2.982496860000000100e-14 3.421825399999999714e-14 3.906695179999999761e-14 4.436758579999999720e-14 5.011312209999999695e-14 5.629386730000000028e-14 6.289825430000000400e-14 6.991344889999999637e-14 7.732593589999999994e-14 8.512189159999999497e-14 9.328757380000000068e-14 1.018095589999999947e-13 1.106749719999999979e-13 1.198716149999999914e-13 1.293880640000000123e-13 1.392137679999999977e-13 1.493390509999999982e-13 1.597551299999999987e-13 1.704541179999999989e-13 1.814289689999999929e-13 1.926734870000000106e-13 2.041822930000000043e-13 2.159507110000000083e-13 2.279747839999999838e-13 2.402512870000000131e-13 2.527774539999999755e-13 2.655512799999999860e-13 2.785711659999999980e-13 2.918360540000000127e-13 3.053453759999999807e-13 3.190989680000000075e-13 3.330971300000000137e-13 3.473405650000000053e-13 3.618302760000000100e-13 3.765677009999999834e-13 3.915546540000000155e-13 4.067932240000000015e-13 4.222858769999999898e-13 4.380354310000000156e-13 4.540449780000000019e-13 4.703179580000000362e-13 4.868581670000000157e-13 5.036696970000000367e-13 5.207568859999999618e-13 5.381245579999999828e-13 5.557775919999999596e-13 5.737214630000000236e-13 5.919617549999999771e-13 6.105043770000000122e-13 6.293555630000000036e-13 6.485218720000000136e-13 6.680101349999999548e-13 6.878273989999999530e-13 7.079809829999999842e-13 7.284785300000000419e-13 7.493278999999999983e-13 7.705371169999999739e-13 7.921145290000000056e-13 8.140686479999999745e-13 8.364082000000000387e-13 8.591420219999999641e-13 8.822792210000000358e-13 9.058290139999999766e-13 9.298006159999999763e-13 9.542036209999999106e-13 9.790474640000000562e-13 1.004341790000000084e-12 1.030096360000000022e-12 1.056320830000000001e-12 1.083024949999999994e-12 1.110218469999999974e-12 1.137911049999999945e-12 1.166112670000000053e-12 1.194832640000000099e-12 1.224080839999999970e-12 1.253866589999999958e-12 1.284199419999999949e-12 1.315088449999999916e-12 1.346542990000000066e-12 1.378571949999999966e-12 1.411184099999999995e-12 1.444388230000000097e-12 1.478192570000000015e-12 1.512605469999999923e-12
5.705078610000000255e-15 4.311451909999999930e-15 5.037233360000000193e-15 6.416621010000000337e-15 8.082079219999999919e-15 9.854133129999999285e-15 1.166472959999999980e-14 1.352923879999999994e-14 1.551588179999999967e-14 1.771876370000000092e-14 2.023822089999999918e-14 2.316845510000000107e-14 2.659092560000000076e-14 3.057171960000000216e-14 3.516137780000000299e-14 4.039609220000000004e-14 4.629950190000000031e-14 5.288468839999999938e-14 6.015612410000000615e-14 6.811143039999999448e-14 7.674294679999999620e-14 8.603906570000000594e-14 9.598536019999999897e-14 1.065655269999999981e-13 1.177621229999999978e-13 1.295572399999999974e-13 1.419329200000000115e-13 1.548716119999999879e-13 1.683564180000000027e-13 1.823712889999999983e-13 1.969012249999999994e-13 2.119323049999999944e-13 2.274517649999999841e-13 2.434480840000000043e-13 2.599107989999999889e-13 2.768306960000000189e-13 2.941996419999999998e-13 3.120104809999999832e-13 3.302571699999999903e-13 3.489345589999999767e-13 3.680383909999999829e-13 3.875652239999999849e-13 4.075124299999999763e-13 4.278781110000000085e-13 4.486610460000000047e-13 4.698606950000000369e-13 4.914770309999999522e-13 5.135106749999999858e-13 5.359629299999999852e-13 5.588354220000000490e-13 5.821303730000000421e-13 6.058505479999999653e-13 6.299991999999999839e-13 6.545800139999999836e-13 6.795970580000000144e-13 7.050551009999999939e-13 7.309591839999999928e-13 7.573147839999999780e-13 7.841278620000000058e-13 8.114048709999999684e-13 8.391526410000000118e-13 8.673783259999999967e-13 8.960897350000000001e-13 9.252947799999999607e-13 9.550020279999999327e-13 9.852203689999999186e-13 1.015958799999999958e-12 1.047227079999999942e-12 1.079034970000000100e-12 1.111392769999999916e-12 1.144310990000000085e-12 1.177800480000000004e-12 1.211872289999999994e-12 1.246537810000000087e-12 1.281808540000000054e-12 1.317696170000000101e-12 1.354212749999999914e-12 1.391370200000000073e-12 1.429180879999999917e-12 1.467657049999999942e-12 1.506811169999999947e-12 1.546655489999999936e-12 1.587202480000000000e-12 1.628464719999999968e-12 1.670454569999999988e-12 1.713184280000000064e-12 1.756666209999999939e-12 1.800912610000000020e-12 1.845935299999999820e-12 1.891746309999999861e-12 1.938357240000000176e-12 1.985779599999999816e-12 2.034024640000000023e-12 2.083102999999999995e-12 2.133025960000000020e-12 2.183803700000000161e-12 2.235445990000000161e-12 2.287962999999999992e-12 2.341364079999999802e-12 2.395658110000000113e-12
8.480330389999999425e-15 7.065413939999999846e-15 8.480143199999999994e-15 1.083858949999999937e-14 1.362120119999999953e-14 1.654535210000000015e-14 1.949588970000000060e-14 2.249062379999999873e-14 2.563277549999999920e-14 2.906776860000000045e-14 3.295178389999999849e-14 3.743211729999999864e-14 4.263675530000000225e-14 4.867026579999999871e-14 5.561357780000000191e-14 6.352581760000000368e-14 7.244712780000000267e-14 8.240175039999999513e-14 9.340096110000000517e-14 1.054457899999999956e-13 1.185293589999999963e-13 1.326388410000000037e-13 1.477571320000000049e-13 1.638642560000000118e-13 1.809384210000000098e-13 1.989569260000000030e-13 2.178968679999999939e-13 2.377356669999999834e-13 2.584515450000000178e-13 2.800236709999999788e-13 3.024325850000000127e-13 3.256600989999999862e-13 3.496896240000000145e-13 3.745059550000000142e-13 4.000954840000000119e-13 4.264460420000000087e-13 4.535468950000000060e-13 4.813887460000000431e-13 5.099634359999999923e-13 5.392643250000000393e-13 5.692856669999999692e-13 6.000230690000000490e-13 6.314729009999999604e-13 6.636328309999999970e-13 6.965011789999999564e-13 7.300772940000000001e-13 7.643612850000000011e-13 7.993541270000000174e-13 8.350575010000000176e-13 8.714737920000000458e-13 9.086061439999999902e-13 9.464582980000000798e-13 9.850347529999999147e-13 1.024340659999999912e-12 1.064381659999999983e-12 1.105164139999999995e-12 1.146695040000000036e-12 1.188981960000000050e-12 1.232032810000000039e-12 1.275856480000000006e-12 1.320462080000000039e-12 1.365859249999999969e-12 1.412058400000000029e-12 1.459070279999999962e-12 1.506906039999999944e-12 1.555577389999999949e-12 1.605096369999999981e-12 1.655475560000000072e-12 1.706727859999999995e-12 1.758866379999999926e-12 1.811904790000000043e-12 1.865856860000000175e-12 1.920736569999999951e-12 1.976558670000000011e-12 2.033337040000000126e-12 2.091086849999999927e-12 2.149822640000000052e-12 2.209559139999999956e-12 2.270311539999999845e-12 2.332094590000000157e-12 2.394923019999999944e-12 2.458812019999999814e-12 2.523775680000000148e-12 2.589829179999999852e-12 2.656986610000000114e-12 2.725262070000000187e-12 2.794669439999999844e-12 2.865222600000000070e-12 2.936934770000000176e-12 3.009818960000000079e-12 3.083887750000000013e-12 3.159153280000000039e-12 3.235627480000000016e-12 3.313321620000000150e-12 3.392246340000000038e-12 3.472412240000000146e-12 3.553828890000000101e-12 3.636505809999999905e-12 3.720451459999999677e-12 3.805673660000000052e-12
1.280811820000000067e-14 1.166803980000000020e-14 1.430321690000000108e-14 1.831299969999999924e-14 2.295364589999999932e-14 2.777608570000000046e-14 3.258716000000000314e-14 3.740726529999999860e-14 4.239515780000000198e-14 4.777823849999999781e-14 5.380200140000000112e-14 6.069876720000000370e-14 6.867126500000000496e-14 7.788622450000000442e-14 8.847410239999999413e-14 1.005320160000000049e-13 1.141281759999999895e-13 1.293066130000000040e-13 1.460917839999999934e-13 1.644926190000000032e-13 1.845060700000000016e-13 2.061200869999999999e-13 2.293160509999999865e-13 2.540707170000000129e-13 2.803580120000000085e-13 3.081500440000000220e-13 3.374183260000000011e-13 3.681344779999999814e-13 4.002708269999999785e-13 4.338007550000000010e-13 4.686991899999999687e-13 5.049425500000000253e-13 5.425092339999999513e-13 5.813792369999999722e-13 6.215346709999999764e-13 6.629592170000000431e-13 7.056385640000000417e-13 7.495599740000000061e-13 7.947124950000000402e-13 8.410866949999999740e-13 8.886746049999999612e-13 9.374697200000000433e-13 9.874668360000000718e-13 1.038661989999999997e-12 1.091052599999999967e-12 1.144636900000000086e-12 1.199414589999999979e-12 1.255385880000000050e-12 1.312552499999999925e-12 1.370916830000000007e-12 1.430482139999999922e-12 1.491252650000000047e-12 1.553233450000000009e-12 1.616430299999999981e-12 1.680849899999999995e-12 1.746499749999999936e-12 1.813387869999999952e-12 1.881523150000000045e-12 1.950915339999999987e-12 2.021574309999999982e-12 2.093511350000000004e-12 2.166737490000000202e-12 2.241264900000000086e-12 2.317106140000000123e-12 2.394274670000000086e-12 2.472783480000000122e-12 2.552646899999999859e-12 2.633879229999999880e-12 2.716495210000000129e-12 2.800510040000000093e-12 2.885938669999999918e-12 2.972796920000000014e-12 3.061100419999999952e-12 3.150864990000000140e-12 3.242106450000000178e-12 3.334840649999999926e-12 3.429083619999999995e-12 3.524851200000000158e-12 3.622158999999999813e-12 3.721022190000000206e-12 3.821457039999999983e-12 3.923477430000000131e-12 4.027098529999999874e-12 4.132334670000000053e-12 4.239200140000000354e-12 4.347707960000000377e-12 4.457871140000000039e-12 4.569702259999999978e-12 4.683213019999999678e-12 4.798415569999999689e-12 4.915319450000000189e-12 5.033935070000000401e-12 5.154271969999999692e-12 5.276338389999999911e-12 5.400142569999999676e-12 5.525691019999999998e-12 5.652990230000000100e-12 5.782045419999999926e-12 5.912861350000000285e-12 6.045441490000000110e-12
1.965150660000000032e-14 1.936351370000000068e-14 2.411599870000000004e-14 3.088745959999999809e-14 3.859755330000000277e-14 4.652868189999999904e-14 5.436060610000000269e-14 6.211777779999999428e-14 7.004873029999999385e-14 7.851301529999999488e-14 8.789986829999999816e-14 9.857843980000000448e-14 1.108719509999999945e-13 1.250478399999999924e-13 1.413174449999999969e-13 1.598408630000000059e-13 1.807337779999999921e-13 2.040749700000000093e-13 2.299132840000000164e-13 2.582740069999999858e-13 2.891639560000000216e-13 3.225761399999999879e-13 3.584933190000000098e-13 3.968908259999999782e-13 4.377390919999999977e-13 4.810053720000000377e-13 5.266551630000000184e-13 5.746535520000000471e-13 6.249657909999999933e-13 6.775580529999999835e-13 7.323979750000000320e-13 7.894548189999999804e-13 8.486998539999999971e-13 9.101064089999999045e-13 9.736496550000000394e-13 1.039307310000000084e-12 1.107058890000000016e-12 1.176885949999999931e-12 1.248772140000000084e-12 1.322702800000000009e-12 1.398665359999999964e-12 1.476648560000000031e-12 1.556643160000000006e-12 1.638641049999999973e-12 1.722635710000000046e-12 1.808622259999999994e-12 1.896596599999999871e-12 1.986556320000000025e-12 2.078500129999999993e-12 2.172427389999999890e-12 2.268339160000000006e-12 2.366236979999999936e-12 2.466123880000000056e-12 2.568003539999999906e-12 2.671880510000000093e-12 2.777760230000000042e-12 2.885649180000000100e-12 2.995554539999999808e-12 3.107483669999999859e-12 3.221445679999999940e-12 3.337449239999999966e-12 3.455504759999999969e-12 3.575622000000000009e-12 3.697812019999999684e-12 3.822086739999999980e-12 3.948457009999999889e-12 4.076935400000000367e-12 4.207534489999999629e-12 4.340266429999999841e-12 4.475144649999999709e-12 4.612181729999999871e-12 4.751390689999999926e-12 4.892784530000000110e-12 5.036375830000000251e-12 5.182178040000000037e-12 5.330203729999999616e-12 5.480464609999999768e-12 5.632973249999999835e-12 5.787740949999999876e-12 5.944778959999999924e-12 6.104098559999999867e-12 6.265709310000000052e-12 6.429621159999999762e-12 6.595842800000000298e-12 6.764382459999999785e-12 6.935247519999999900e-12 7.108445339999999721e-12 7.283981579999999769e-12 7.461860119999999699e-12 7.642086619999999224e-12 7.824663660000000480e-12 8.009592989999999629e-12 8.196876339999999933e-12 8.386513709999999775e-12 8.578504229999999301e-12 8.772845300000000240e-12 8.969535179999999648e-12 9.168569550000000526e-12 9.369941450000000794e-12 9.573646560000000220e-12
3.058497400000000133e-14 3.219873439999999852e-14 4.055699459999999795e-14 5.190152029999999928e-14 6.463857500000000056e-14 7.761919229999999858e-14 9.032013280000000169e-14 1.027756239999999975e-13 1.153816490000000089e-13 1.287123209999999937e-13 1.433891530000000027e-13 1.600020570000000018e-13 1.790688639999999908e-13 2.010203259999999900e-13 2.261999860000000005e-13 2.548720239999999925e-13 2.872320979999999923e-13 3.234191340000000163e-13 3.635260219999999886e-13 4.076092490000000198e-13 4.556968949999999514e-13 5.077953030000000362e-13 5.638944170000000148e-13 6.239721199999999878e-13 6.879976190000000278e-13 7.559343230000000267e-13 8.277415749999999651e-13 9.033767119999999698e-13 9.827959840000000290e-13 1.065955920000000062e-12 1.152813410000000042e-12 1.243326840000000028e-12 1.337456189999999980e-12 1.435163190000000060e-12 1.536411620000000000e-12 1.641167449999999905e-12 1.749398589999999911e-12 1.861075099999999981e-12 1.976169229999999848e-12 2.094654959999999880e-12 2.216508229999999840e-12 2.341706910000000039e-12 2.470230399999999894e-12 2.602060060000000036e-12 2.737178540000000142e-12 2.875570219999999919e-12 3.017220150000000028e-12 3.162115749999999829e-12 3.310245089999999868e-12 3.461597549999999911e-12 3.616163359999999811e-12 3.773934290000000230e-12 3.934903180000000185e-12 4.099063100000000279e-12 4.266409270000000339e-12 4.436936500000000276e-12 4.610640859999999599e-12 4.787519340000000125e-12 4.967570190000000035e-12 5.150790819999999935e-12 5.337181220000000142e-12 5.526739659999999819e-12 5.719466999999999948e-12 5.915363250000000210e-12 6.114428839999999884e-12 6.316665069999999722e-12 6.522072810000000387e-12 6.730653360000000205e-12 6.942408450000000015e-12 7.157339390000000248e-12 7.375447469999999550e-12 7.596733139999999797e-12 7.821198550000000612e-12 8.048843710000000064e-12 8.279667749999999912e-12 8.513673270000000042e-12 8.750856810000000394e-12 8.991218359999999671e-12 9.234757059999999315e-12 9.481468560000000045e-12 9.731350270000000044e-12 9.984398719999999571e-12 1.024060780000000027e-11 1.049997239999999951e-11 1.076248550000000035e-11 1.102813929999999990e-11 1.129692430000000076e-11 1.156883179999999952e-11 1.184384970000000050e-11 1.212196579999999989e-11 1.240316699999999983e-11 1.268743880000000002e-11 1.297476450000000052e-11 1.326512860000000045e-11 1.355851109999999958e-11 1.385489380000000032e-11 1.415425499999999985e-11 1.445657310000000024e-11 1.476182369999999870e-11 1.506998349999999957e-11
4.816240860000000182e-14 5.349728969999999810e-14 6.788992110000000626e-14 8.672151000000000132e-14 1.076058120000000047e-13 1.287065480000000044e-13 1.491837119999999895e-13 1.690977950000000059e-13 1.890900089999999972e-13 2.100843510000000050e-13 2.330783679999999933e-13 2.590184469999999991e-13 2.887367540000000059e-13 3.229286679999999806e-13 3.621534770000000005e-13 4.068469469999999785e-13 4.573386480000000395e-13 5.138701959999999501e-13 5.766119460000000447e-13 6.456774130000000367e-13 7.211355540000000253e-13 8.030207360000000142e-13 8.913404949999999592e-13 9.860822010000000011e-13 1.087217660000000029e-12 1.194707530000000094e-12 1.308504190000000044e-12 1.428554110000000037e-12 1.554799800000000085e-12 1.687181540000000087e-12 1.825637949999999911e-12 1.970107670000000001e-12 2.120529229999999851e-12 2.276841910000000194e-12 2.438986079999999889e-12 2.606902969999999987e-12 2.780535999999999897e-12 2.959829650000000122e-12 3.144729699999999898e-12 3.335184130000000134e-12 3.531142180000000124e-12 3.732554199999999884e-12 3.939373129999999631e-12 4.151551929999999757e-12 4.369046360000000249e-12 4.591812169999999799e-12 4.819807749999999749e-12 5.052991009999999714e-12 5.291322940000000117e-12 5.534764490000000225e-12 5.783277500000000143e-12 6.036825990000000266e-12 6.295373079999999661e-12 6.558884949999999645e-12 6.827327329999999661e-12 7.100667279999999757e-12 7.378871820000000446e-12 7.661910169999999466e-12 7.949751100000000764e-12 8.242364259999999743e-12 8.539721010000000550e-12 8.841790149999999714e-12 9.148543899999999941e-12 9.459954519999999433e-12 9.775993380000000405e-12 1.009663270000000071e-11 1.042184389999999937e-11 1.075160190000000064e-11 1.108587609999999978e-11 1.142464160000000019e-11 1.176786879999999933e-11 1.211553079999999943e-11 1.246759990000000066e-11 1.282404559999999995e-11 1.318484039999999921e-11 1.354995539999999952e-11 1.391935960000000075e-11 1.429302249999999985e-11 1.467091209999999933e-11 1.505299880000000151e-11 1.543924879999999978e-11 1.582962579999999906e-11 1.622410019999999840e-11 1.662263210000000063e-11 1.702518679999999864e-11 1.743172619999999950e-11 1.784221380000000155e-11 1.825660800000000015e-11 1.867487069999999916e-11 1.909695670000000157e-11 1.952282429999999946e-11 1.995243030000000021e-11 2.038572960000000039e-11 2.082267519999999873e-11 2.126321859999999954e-11 2.170731299999999842e-11 2.215490809999999866e-11 2.260595179999999924e-11 2.306039390000000028e-11 2.351817869999999871e-11
7.647996679999999917e-14 8.857341540000000506e-14 1.128929579999999967e-13 1.438269670000000011e-13 1.777570740000000011e-13 2.117648370000000047e-13 2.445292499999999902e-13 2.761780330000000101e-13 3.077634720000000244e-13 3.407812500000000026e-13 3.768377210000000130e-13 4.174540219999999987e-13 4.639694119999999706e-13 5.175073689999999707e-13 5.789781629999999561e-13 6.490991009999999847e-13 7.284222050000000411e-13 8.173621289999999515e-13 9.162218509999999332e-13 1.025214959999999946e-12 1.144483810000000045e-12 1.274114059999999911e-12 1.414147339999999987e-12 1.564589500000000015e-12 1.725419179999999903e-12 1.896592909999999842e-12 2.078050190000000045e-12 2.269716970000000175e-12 2.471508889999999922e-12 2.683333159999999923e-12 2.905091319999999807e-12 3.136679930000000121e-12 3.377991679999999827e-12 3.628917700000000137e-12 3.889346740000000241e-12 4.159166070000000253e-12 4.438263560000000230e-12 4.726526029999999622e-12 5.023840280000000129e-12 5.330093140000000076e-12 5.645173559999999982e-12 5.968968810000000364e-12 6.301368719999999663e-12 6.642262690000000273e-12 6.991541890000000116e-12 7.349097890000000577e-12 7.714823570000000241e-12 8.088612249999999889e-12 8.470358959999999347e-12 8.859959640000000260e-12 9.257311060000000553e-12 9.662310880000000602e-12 1.007485929999999934e-11 1.049485589999999922e-11 1.092220239999999942e-11 1.135680089999999995e-11 1.179855520000000022e-11 1.224736980000000003e-11 1.270315100000000022e-11 1.316580439999999961e-11 1.363523959999999933e-11 1.411136310000000034e-11 1.459408639999999839e-11 1.508332000000000161e-11 1.557897389999999842e-11 1.608095949999999908e-11 1.658919179999999974e-11 1.710358419999999890e-11 1.762404980000000131e-11 1.815050189999999893e-11 1.868285560000000092e-11 1.922102929999999893e-11 1.976493450000000005e-11 2.031448969999999923e-11 2.086960989999999910e-11 2.143021180000000005e-11 2.199621040000000148e-11 2.256752250000000059e-11 2.314406310000000001e-11 2.372575050000000105e-11 2.431249819999999901e-11 2.490422280000000069e-11 2.550083760000000126e-11 2.610226099999999885e-11 2.670840289999999963e-11 2.731918159999999842e-11 2.793450889999999925e-11 2.855429950000000134e-11 2.917846169999999699e-11 2.980691389999999727e-11 3.043956749999999948e-11 3.107632899999999813e-11 3.171711160000000127e-11 3.236182499999999878e-11 3.301038259999999882e-11 3.366269070000000224e-11 3.431865559999999696e-11 3.497819049999999748e-11 3.564120180000000148e-11 3.630759579999999687e-11
1.220143240000000062e-13 1.457770810000000000e-13 1.861467660000000087e-13 2.363706020000000118e-13 2.909111209999999881e-13 3.451719160000000159e-13 3.971250950000000010e-13 4.470577010000000193e-13 4.967138899999999544e-13 5.485229779999999756e-13 6.050749639999999551e-13 6.688159139999999876e-13 7.419007359999999677e-13 8.261431899999999954e-13 9.230220750000000254e-13 1.033714130000000046e-12 1.159136480000000075e-12 1.299990389999999940e-12 1.456800280000000013e-12 1.629947050000000051e-12 1.819695649999999923e-12 2.026217299999999879e-12 2.249606749999999885e-12 2.489896740000000181e-12 2.747069280000000156e-12 3.021064739999999882e-12 3.311787910000000053e-12 3.619115860000000146e-12 3.942901559999999862e-12 4.282977179999999818e-12 4.639160580000000370e-12 5.011253560000000195e-12 5.399048400000000390e-12 5.802327799999999917e-12 6.220866700000000041e-12 6.654433949999999806e-12 7.102793610000000014e-12 7.565706739999999734e-12 8.042930040000000690e-12 8.534219339999999902e-12 9.039329179999999785e-12 9.558012369999999493e-12 1.009002259999999933e-11 1.063511170000000048e-11 1.119303429999999927e-11 1.176354330000000006e-11 1.234639650000000038e-11 1.294134850000000073e-11 1.354816000000000030e-11 1.416658980000000041e-11 1.479640019999999955e-11 1.543735800000000043e-11 1.608922890000000027e-11 1.675178229999999843e-11 1.742479079999999936e-11 1.810802899999999895e-11 1.880127480000000148e-11 1.950430789999999931e-11 2.021691320000000077e-11 2.093887560000000123e-11 2.166998529999999914e-11 2.241003219999999923e-11 2.315881340000000070e-11 2.391612599999999951e-11 2.468177230000000108e-11 2.545555089999999902e-11 2.623727280000000055e-11 2.702674540000000111e-11 2.782377970000000145e-11 2.862819010000000108e-11 2.943979440000000144e-11 3.025841040000000074e-11 3.108385769999999826e-11 3.191596289999999728e-11 3.275454910000000232e-11 3.359944959999999793e-11 3.445048759999999837e-11 3.530750000000000319e-11 3.617031670000000144e-11 3.703877479999999925e-11 3.791271120000000263e-11 3.879196960000000214e-11 3.967638370000000195e-11 4.056579719999999907e-11 4.146005759999999916e-11 4.235900519999999730e-11 4.326248729999999902e-11 4.417035139999999707e-11 4.508244819999999898e-11 4.599862850000000263e-11 4.691873969999999747e-11 4.784263609999999956e-11 4.877017190000000229e-11 4.970119800000000037e-11 5.063557559999999767e-11 5.157315890000000051e-11 5.251380230000000239e-11 5.345737049999999952e-11 5.440371760000000139e-11 5.535270849999999784e-11
1.948341390000000072e-13 2.379763870000000123e-13 3.038419400000000252e-13 3.843493180000000072e-13 4.709826279999999848e-13 5.565913940000000436e-13 6.381499060000000165e-13 7.162976269999999663e-13 7.939430910000000028e-13 8.750375100000000322e-13 9.637552259999999634e-13 1.064025599999999945e-12 1.179310450000000008e-12 1.312531680000000063e-12 1.466083330000000094e-12 1.641883459999999925e-12 1.841440410000000194e-12 2.065919269999999888e-12 2.316200180000000110e-12 2.592929780000000054e-12 2.896561460000000044e-12 3.227389279999999871e-12 3.585574329999999953e-12 3.971166709999999727e-12 4.384122409999999961e-12 4.824318029999999697e-12 5.291562329999999691e-12 5.785605939999999617e-12 6.306151350000000116e-12 6.852857689999999740e-12 7.425349399999999311e-12 8.023220110000000767e-12 8.646039610000000040e-12 9.293353409999999402e-12 9.964692270000000687e-12 1.065957309999999935e-11 1.137749879999999924e-11 1.211796460000000043e-11 1.288045970000000046e-11 1.366446889999999920e-11 1.446947250000000037e-11 1.529494930000000037e-11 1.614037900000000097e-11 1.700524270000000151e-11 1.788902360000000091e-11 1.879120300000000026e-11 1.971127250000000011e-11 2.064872749999999998e-11 2.160306309999999920e-11 2.257378489999999997e-11 2.356040360000000092e-11 2.456243540000000067e-11 2.557940489999999943e-11 2.661084370000000146e-11 2.765629049999999896e-11 2.871529229999999862e-11 2.978740169999999743e-11 3.087218330000000254e-11 3.196920849999999918e-11 3.307805419999999838e-11 3.419831080000000280e-11 3.532956910000000239e-11 3.647143700000000023e-11 3.762352239999999938e-11 3.878545050000000321e-11 3.995685029999999788e-11 4.113735390000000043e-11 4.232660400000000171e-11 4.352426059999999931e-11 4.472997669999999972e-11 4.594342270000000008e-11 4.716427250000000279e-11 4.839220689999999805e-11 4.962691369999999954e-11 5.086809099999999774e-11 5.211543699999999940e-11 5.336866369999999982e-11 5.462748659999999956e-11 5.589162469999999796e-11 5.716080390000000159e-11 5.843475699999999837e-11 5.971322050000000098e-11 6.099594439999999436e-11 6.228267210000000486e-11 6.357316060000000206e-11 6.486717409999999848e-11 6.616446279999999856e-11 6.746480459999999363e-11 6.876797050000000014e-11 7.007373850000000626e-11 7.138189350000000090e-11 7.269221340000000126e-11 7.400449699999999459e-11 7.531852919999999566e-11 7.663412270000000299e-11 7.795106229999999573e-11 7.926916069999999825e-11 8.058822359999999854e-11 8.190807059999999588e-11 8.322850740000000410e-11
3.102942980000000048e-13 3.845901189999999900e-13 4.902320409999999769e-13 6.175311999999999809e-13 7.533885079999999745e-13 8.868504890000000345e-13 1.013553719999999944e-12 1.134874959999999905e-12 1.255677420000000043e-12 1.382384119999999927e-12 1.521711469999999986e-12 1.679957390000000071e-12 1.862666920000000180e-12 2.074528270000000018e-12 2.319393810000000135e-12 2.600361329999999837e-12 2.919874190000000073e-12 3.279822160000000170e-12 3.681629650000000136e-12 4.126332089999999761e-12 4.614638100000000332e-12 5.146980929999999917e-12 5.723559649999999696e-12 6.344372940000000361e-12 7.009248650000000277e-12 7.717866280000000226e-12 8.469778700000000748e-12 9.264427770000000021e-12 1.010116380000000073e-11 1.097925480000000004e-11 1.189790280000000002e-11 1.285625080000000033e-11 1.385339589999999998e-11 1.488839610000000123e-11 1.596027650000000033e-11 1.706804139999999924e-11 1.821067260000000149e-11 1.938714120000000122e-11 2.059641169999999844e-11 2.183744159999999880e-11 2.310918640000000035e-11 2.441061069999999993e-11 2.574067699999999961e-11 2.709835999999999885e-11 2.848264510000000001e-11 2.989252939999999931e-11 3.132701740000000045e-11 3.278513920000000255e-11 3.426593380000000016e-11 3.576845759999999785e-11 3.729179120000000127e-11 3.883502200000000060e-11 4.039726890000000097e-11 4.197766440000000242e-11 4.357536210000000104e-11 4.518953610000000151e-11 4.681937820000000257e-11 4.846410770000000268e-11 5.012296129999999744e-11 5.179518969999999695e-11 5.348007450000000011e-11 5.517691170000000119e-11 5.688501409999999769e-11 5.860372600000000207e-11 6.033239190000000106e-11 6.207039740000000188e-11 6.381713909999999871e-11 6.557202000000000235e-11 6.733447129999999464e-11 6.910395170000000240e-11 7.087991999999999753e-11 7.266185570000000593e-11 7.444925929999999452e-11 7.624165190000000026e-11 7.803855480000000208e-11 7.983951689999999485e-11 8.164409430000000341e-11 8.345187040000000055e-11 8.526242209999999729e-11 8.707536079999999547e-11 8.889029099999999622e-11 9.070683790000000288e-11 9.252464769999999863e-11 9.434336649999999566e-11 9.616265419999999476e-11 9.798217790000000084e-11 9.980162529999999841e-11 1.016206909999999986e-10 1.034390699999999998e-10 1.052564769999999957e-10 1.070726350000000008e-10 1.088872670000000039e-10 1.107001160000000052e-10 1.125109239999999980e-10 1.143194429999999943e-10 1.161254430000000034e-10 1.179286810000000078e-10 1.197289349999999957e-10 1.215259979999999962e-10 1.233196460000000093e-10
4.913222060000000402e-13 6.142772379999999887e-13 7.808523789999999818e-13 9.792834950000000016e-13 1.189511490000000019e-12 1.395062880000000001e-12 1.589908869999999951e-12 1.776898830000000003e-12 1.964163209999999898e-12 2.162122259999999851e-12 2.381551770000000058e-12 2.632509009999999972e-12 2.923835650000000104e-12 3.263004229999999989e-12 3.656155670000000129e-12 4.108219840000000269e-12 4.623069289999999923e-12 5.203669089999999979e-12 5.852211080000000221e-12 6.570230899999999677e-12 7.358703920000000139e-12 8.218125829999999694e-12 9.148579460000000758e-12 1.014979509999999983e-11 1.122119320000000000e-11 1.236193180000000025e-11 1.357094039999999976e-11 1.484695529999999929e-11 1.618854880000000024e-11 1.759415360000000098e-11 1.906208519999999845e-11 2.059057090000000009e-11 2.217775960000000038e-11 2.382174319999999966e-11 2.552056830000000121e-11 2.727225740000000088e-11 2.907481030000000076e-11 3.092621990000000223e-11 3.282448270000000226e-11 3.476760199999999853e-11 3.675359670000000095e-11 3.878050660000000240e-11 4.084639920000000207e-11 4.294937670000000305e-11 4.508756909999999857e-11 4.725914799999999948e-11 4.946231970000000106e-11 5.169533899999999753e-11 5.395650250000000079e-11 5.624414479999999943e-11 5.855665950000000316e-11 6.089247160000000106e-11 6.325005799999999601e-11 6.562795450000000226e-11 6.802471780000000415e-11 7.043898100000000423e-11 7.286940500000000175e-11 7.531469890000000438e-11 7.777362089999999967e-11 8.024497039999999894e-11 8.272758870000000218e-11 8.522037239999999927e-11 8.772224609999999628e-11 9.023218280000000135e-11 9.274919720000000469e-11 9.527233169999999636e-11 9.780067730000000091e-11 1.003333670000000025e-10 1.028695529999999965e-10 1.054084389999999981e-10 1.079492539999999953e-10 1.104912550000000051e-10 1.130337489999999957e-10 1.155760490000000035e-10 1.181175159999999893e-10 1.206575260000000065e-10 1.231955090000000103e-10 1.257308700000000127e-10 1.282630949999999884e-10 1.307916689999999956e-10 1.333160799999999971e-10 1.358358839999999952e-10 1.383506369999999921e-10 1.408598790000000065e-10 1.433632519999999998e-10 1.458603240000000070e-10 1.483507480000000022e-10 1.508341780000000055e-10 1.533102810000000120e-10 1.557787090000000018e-10 1.582391859999999964e-10 1.606914189999999884e-10 1.631351300000000111e-10 1.655700579999999978e-10 1.679959499999999900e-10 1.704125729999999887e-10 1.728197169999999892e-10 1.752171319999999893e-10 1.776046530000000035e-10 1.799820709999999952e-10
7.713898959999999761e-13 9.683705660000000547e-13 1.226611150000000018e-12 1.531453350000000018e-12 1.852452220000000078e-12 2.165362070000000119e-12 2.462318110000000154e-12 2.749002850000000130e-12 3.038976840000000157e-12 3.349090970000000136e-12 3.696562589999999953e-12 4.097367410000000139e-12 4.565501619999999768e-12 5.112755269999999972e-12 5.748769950000000324e-12 6.481221380000000356e-12 7.316049680000000171e-12 8.257687939999999261e-12 9.309268629999999830e-12 1.047280930000000008e-11 1.174936360000000080e-11 1.313915990000000068e-11 1.464171149999999988e-11 1.625591679999999903e-11 1.798014860000000069e-11 1.981232890000000083e-11 2.175000459999999863e-11 2.379039669999999899e-11 2.593046960000000085e-11 2.816697050000000058e-11 3.049648379999999747e-11 3.291545860000000321e-11 3.542025349999999985e-11 3.800716339999999730e-11 4.067245500000000211e-11 4.341237089999999722e-11 4.622317110000000147e-11 4.910113980000000244e-11 5.204260629999999758e-11 5.504394509999999751e-11 5.810161030000000063e-11 6.121211179999999879e-11 6.437206319999999524e-11 6.757814449999999923e-11 7.082713579999999702e-11 7.411592170000000613e-11 7.744146990000000479e-11 8.080085210000000542e-11 8.419125119999999417e-11 8.760994709999999379e-11 9.105430299999999433e-11 9.452180700000000302e-11 9.801003760000000172e-11 1.015166700000000055e-10 1.050394840000000058e-10 1.085763419999999965e-10 1.121252119999999937e-10 1.156841360000000044e-10 1.192512759999999887e-10 1.228248480000000025e-10 1.264031660000000030e-10 1.299846339999999995e-10 1.335677120000000078e-10 1.371509569999999897e-10 1.407329949999999921e-10 1.443125060000000027e-10 1.478882710000000093e-10 1.514591230000000039e-10 1.550239380000000097e-10 1.585816759999999949e-10 1.621313500000000039e-10 1.656720319999999919e-10 1.692028320000000010e-10 1.727229330000000056e-10 1.762315570000000087e-10 1.797279689999999934e-10 1.832114880000000123e-10 1.866814619999999992e-10 1.901373089999999931e-10 1.935784309999999977e-10 1.970043299999999969e-10 2.004145039999999982e-10 2.038085120000000120e-10 2.071858930000000112e-10 2.105462749999999880e-10 2.138892950000000107e-10 2.172146069999999958e-10 2.205218790000000101e-10 2.238108449999999907e-10 2.270812430000000060e-10 2.303327950000000118e-10 2.335653060000000184e-10 2.367785689999999773e-10 2.399724030000000232e-10 2.431466140000000052e-10 2.463010630000000177e-10 2.494356109999999998e-10 2.525501469999999843e-10 2.556445609999999983e-10 2.587187690000000190e-10
1.198233679999999978e-12 1.505115910000000095e-12 1.898858889999999934e-12 2.360503069999999802e-12 2.844445169999999859e-12 3.315893779999999920e-12 3.765438480000000332e-12 4.204044229999999783e-12 4.654234900000000052e-12 5.143135049999999803e-12 5.698093040000000066e-12 6.344285769999999962e-12 7.103622380000000382e-12 7.994412420000000005e-12 9.031450929999999823e-12 1.022629639999999929e-11 1.158762930000000038e-11 1.312160280000000015e-11 1.483218239999999847e-11 1.672144019999999919e-11 1.878981869999999925e-11 2.103636709999999909e-11 2.345892920000000124e-11 2.605434440000000035e-11 2.881858990000000064e-11 3.174693489999999830e-11 3.483405579999999950e-11 3.807417579999999761e-11 4.146112970000000090e-11 4.498848859999999786e-11 4.864962249999999988e-11 5.243776940000000029e-11 5.634610140000000282e-11 6.036778019999999878e-11 6.449599190000000000e-11 6.872399179999999364e-11 7.304514630000000191e-11 7.745293299999999490e-11 8.194099570000000632e-11 8.650313100000000299e-11 9.113333699999999373e-11 9.582578480000000322e-11 1.005748540000000053e-10 1.053751319999999967e-10 1.102214079999999938e-10 1.151086930000000053e-10 1.200322059999999920e-10 1.249873680000000053e-10 1.299698270000000016e-10 1.349754060000000061e-10 1.400001500000000038e-10 1.450403129999999908e-10 1.500923140000000001e-10 1.551527660000000089e-10 1.602184770000000097e-10 1.652864099999999878e-10 1.703537170000000052e-10 1.754177079999999954e-10 1.804758429999999914e-10 1.855257199999999895e-10 1.905651329999999959e-10 1.955919589999999935e-10 2.006042419999999905e-10 2.056001340000000058e-10 2.105779299999999923e-10 2.155360329999999908e-10 2.204729450000000027e-10 2.253872919999999973e-10 2.302777969999999935e-10 2.351432659999999872e-10 2.399825889999999966e-10 2.447947680000000015e-10 2.495788849999999759e-10 2.543341090000000025e-10 2.590596070000000203e-10 2.637547400000000160e-10 2.684188149999999837e-10 2.730512759999999901e-10 2.776515959999999832e-10 2.822193030000000006e-10 2.867539820000000031e-10 2.912552979999999976e-10 2.957228909999999831e-10 3.001565109999999833e-10 3.045558810000000258e-10 3.089208610000000038e-10 3.132512580000000193e-10 3.175469330000000113e-10 3.218077750000000127e-10 3.260337559999999815e-10 3.302248199999999888e-10 3.343809119999999963e-10 3.385020599999999944e-10 3.425882909999999793e-10 3.466396609999999832e-10 3.506562259999999869e-10 3.546380409999999769e-10 3.585852450000000139e-10 3.624979210000000231e-10 3.663762070000000197e-10
1.838344799999999964e-12 2.304770959999999911e-12 2.895591100000000013e-12 3.585263380000000187e-12 4.306657890000000063e-12 5.011351139999999817e-12 5.689713020000000286e-12 6.362294370000000205e-12 7.066280719999999827e-12 7.845051870000000009e-12 8.741670579999999214e-12 9.795341619999999625e-12 1.103978540000000033e-11 1.250275489999999941e-11 1.420618659999999932e-11 1.616664090000000038e-11 1.839587509999999936e-11 2.090143159999999944e-11 2.368719279999999936e-11 2.675389940000000019e-11 3.009961030000000262e-11 3.372010999999999979e-11 3.760928030000000125e-11 4.175942919999999985e-11 4.616157799999999853e-11 5.080572419999999730e-11 5.568106739999999764e-11 6.077621740000000305e-11 6.607935029999999608e-11 7.157840290000000533e-11 7.726116270000000230e-11 8.311541729999999407e-11 8.912900970000000033e-11 9.528997729999999789e-11 1.015865590000000055e-10 1.080072840000000061e-10 1.145410089999999938e-10 1.211769429999999884e-10 1.279047010000000115e-10 1.347142680000000009e-10 1.415960820000000074e-10 1.485409989999999999e-10 1.555402610000000021e-10 1.625855839999999882e-10 1.696690840000000082e-10 1.767833099999999939e-10 1.839211980000000032e-10 1.910760990000000043e-10 1.982417289999999886e-10 2.054122150000000102e-10 2.125820210000000011e-10 2.197459579999999968e-10 2.268991800000000046e-10 2.340371790000000069e-10 2.411557070000000073e-10 2.482508920000000195e-10 2.553190709999999906e-10 2.623568579999999949e-10 2.693611450000000221e-10 2.763290710000000038e-10 2.832579729999999990e-10 2.901454350000000089e-10 2.969892390000000067e-10 3.037873559999999910e-10 3.105379289999999818e-10 3.172393180000000147e-10 3.238899980000000172e-10 3.304886089999999797e-10 3.370339560000000073e-10 3.435249579999999992e-10 3.499606990000000214e-10 3.563403180000000227e-10 3.626631499999999875e-10 3.689285270000000214e-10 3.751359780000000012e-10 3.812850869999999968e-10 3.873755210000000035e-10 3.934070010000000088e-10 3.993793629999999956e-10 4.052925219999999989e-10 4.111463949999999901e-10 4.169409820000000210e-10 4.226763940000000069e-10 4.283527139999999764e-10 4.339701380000000167e-10 4.395288019999999997e-10 4.450290140000000256e-10 4.504710489999999751e-10 4.558551590000000197e-10 4.611817319999999956e-10 4.664511549999999517e-10 4.716637639999999785e-10 4.768200279999999526e-10 4.819203369999999570e-10 4.869651349999999636e-10 4.919549209999999826e-10 4.968901400000000317e-10 5.017713469999999984e-10 5.065989850000000157e-10 5.113736100000000166e-10
2.782235810000000153e-12 3.475661599999999868e-12 4.349113519999999603e-12 5.367070940000000129e-12 6.432874199999999832e-12 7.481646380000000710e-12 8.506938209999999552e-12 9.546250079999999522e-12 1.066045340000000022e-11 1.191825800000000021e-11 1.338659569999999947e-11 1.512541309999999883e-11 1.718530699999999949e-11 1.960686989999999998e-11 2.242098870000000063e-11 2.564962130000000107e-11 2.930676880000000247e-11 3.339949500000000156e-11 3.792890310000000186e-11 4.289105179999999971e-11 4.827777409999999811e-11 5.407742309999999776e-11 6.027553459999999836e-11 6.685539620000000069e-11 7.379857140000000227e-11 8.108536060000000493e-11 8.869514840000000531e-11 9.660679199999999931e-11 1.047988640000000060e-10 1.132499370000000055e-10 1.219387510000000038e-10 1.308443769999999974e-10 1.399463880000000011e-10 1.492249519999999921e-10 1.586609040000000029e-10 1.682358140000000058e-10 1.779320439999999906e-10 1.877327739999999930e-10 1.976219879999999957e-10 2.075845469999999902e-10 2.176061279999999995e-10 2.276732410000000040e-10 2.377731899999999900e-10 2.478941499999999881e-10 2.580249350000000163e-10 2.681552199999999884e-10 2.782753750000000194e-10 2.883763780000000064e-10 2.984499870000000127e-10 3.084885130000000003e-10 3.184848770000000123e-10 3.284325590000000073e-10 3.383256180000000001e-10 3.481585580000000234e-10 3.579264659999999877e-10 3.676247640000000031e-10 3.772493709999999950e-10 3.867966230000000197e-10 3.962631609999999929e-10 4.056460450000000009e-10 4.149426360000000133e-10 4.241506309999999865e-10 4.332679770000000086e-10 4.422929249999999810e-10 4.512239470000000040e-10 4.600598240000000137e-10 4.687994440000000402e-10 4.774419189999999846e-10 4.859866400000000186e-10 4.944331609999999754e-10 5.027810390000000322e-10 5.110301069999999827e-10 5.191804210000000143e-10 5.272319250000000431e-10 5.351848410000000032e-10 5.430395019999999512e-10 5.507963530000000084e-10 5.584557259999999785e-10 5.660182880000000205e-10 5.734846489999999566e-10 5.808555300000000413e-10 5.881315989999999625e-10 5.953137979999999666e-10 6.024028499999999863e-10 6.093998079999999768e-10 6.163054509999999547e-10 6.231208330000000245e-10 6.298470079999999804e-10 6.364848650000000188e-10 6.430355140000000180e-10 6.495000649999999595e-10 6.558795170000000130e-10 6.621749820000000449e-10 6.683875680000000486e-10 6.745183860000000514e-10 6.805684899999999509e-10 6.865390480000000079e-10 6.924311680000000088e-10 6.982458499999999623e-10 7.039843709999999529e-10
4.150516299999999852e-12 5.161467170000000364e-12 6.435917339999999903e-12 7.923914999999999967e-12 9.490097939999999662e-12 1.105184780000000035e-11 1.261310410000000080e-11 1.424053759999999924e-11 1.603257980000000143e-11 1.809649309999999913e-11 2.053430519999999963e-11 2.343524849999999906e-11 2.687245039999999929e-11 3.090220089999999864e-11 3.556465890000000223e-11 4.088530900000000022e-11 4.687672820000000212e-11 5.354041519999999741e-11 6.086854629999999663e-11 6.884558900000000637e-11 7.744981050000000508e-11 8.665453769999999831e-11 9.642931590000000583e-11 1.067409080000000051e-10 1.175541469999999937e-10 1.288326809999999993e-10 1.405395519999999871e-10 1.526377640000000040e-10 1.650906220000000056e-10 1.778621969999999890e-10 1.909174900000000099e-10 2.042226799999999899e-10 2.177453219999999985e-10 2.314544110000000061e-10 2.453205140000000115e-10 2.593157080000000194e-10 2.734137640000000169e-10 2.875900629999999772e-10 3.018214570000000054e-10 3.160865180000000102e-10 3.303652069999999979e-10 3.446390399999999742e-10 3.588908609999999874e-10 3.731049639999999796e-10 3.872668299999999900e-10 4.013632480000000113e-10 4.153820900000000218e-10 4.293123909999999797e-10 4.431441879999999950e-10 4.568684870000000069e-10 4.704771570000000457e-10 4.839630359999999707e-10 4.973196300000000010e-10 5.105412200000000342e-10 5.236228670000000301e-10 5.365601300000000166e-10 5.493492880000000236e-10 5.619870680000000291e-10 5.744707489999999683e-10 5.867981660000000194e-10 5.989674870000000040e-10 6.109772689999999871e-10 6.228264570000000254e-10 6.345144409999999866e-10 6.460407210000000214e-10 6.574052970000000264e-10 6.686082800000000204e-10 6.796500029999999566e-10 6.905311320000000515e-10 7.012524449999999656e-10 7.118149400000000297e-10 7.222197279999999608e-10 7.324680310000000121e-10 7.425613460000000072e-10 7.525011719999999650e-10 7.622890099999999958e-10 7.719266890000000374e-10 7.814159869999999659e-10 7.907586810000000252e-10 7.999566560000000304e-10 8.090119690000000250e-10 8.179266150000000038e-10 8.267024840000000112e-10 8.353417960000000102e-10 8.438465479999999840e-10 8.522187960000000337e-10 8.604607580000000310e-10 8.685744350000000387e-10 8.765619899999999938e-10 8.844255329999999897e-10 8.921671729999999708e-10 8.997889660000000384e-10 9.072930179999999993e-10 9.146813860000000005e-10 9.219561230000000058e-10 9.291192259999999983e-10 9.361726949999999951e-10 9.431185830000000634e-10 9.499587779999999489e-10 9.566951679999999143e-10
6.100960009999999972e-12 7.550376120000000733e-12 9.390359149999999899e-12 1.155188619999999979e-11 1.385206970000000019e-11 1.619317009999999900e-11 1.860323009999999934e-11 2.119754720000000109e-11 2.413248769999999978e-11 2.757194299999999865e-11 3.166701970000000074e-11 3.654542640000000207e-11 4.230716470000000194e-11 4.902412159999999701e-11 5.674182999999999916e-11 6.548232100000000503e-11 7.524740550000000342e-11 8.602199509999999555e-11 9.777725160000000053e-11 1.104734290000000028e-10 1.240623850000000093e-10 1.384898169999999959e-10 1.536971109999999897e-10 1.696229550000000109e-10 1.862046629999999976e-10 2.033792579999999979e-10 2.210843870000000064e-10 2.392589739999999986e-10 2.578438849999999986e-10 2.767821809999999855e-10 2.960195700000000256e-10 3.155045949999999927e-10 3.351886270000000230e-10 3.550261749999999835e-10 3.749746900000000048e-10 3.949946200000000022e-10 4.150494119999999747e-10 4.351053409999999767e-10 4.551314330000000029e-10 4.750992930000000179e-10 4.949832209999999978e-10 5.147596240000000299e-10 5.344074630000000083e-10 5.539075310000000061e-10 5.732428420000000017e-10 5.923980750000000497e-10 6.113597409999999693e-10 6.301159040000000049e-10 6.486561840000000322e-10 6.669714780000000115e-10 6.850540690000000181e-10 7.028972400000000327e-10 7.204954970000000242e-10 7.378443409999999484e-10 7.549399990000000376e-10 7.717798070000000465e-10 7.883615430000000235e-10 8.046838749999999495e-10 8.207460819999999834e-10 8.365478870000000493e-10 8.520897320000000275e-10 8.673722850000000193e-10 8.823968219999999599e-10 8.971648419999999715e-10 9.116782880000000449e-10 9.259393809999999822e-10 9.399505619999999453e-10 9.537144410000000837e-10 9.672340710000000597e-10 9.805124489999999683e-10 9.935529070000000527e-10 1.006358660000000056e-09 1.018933270000000004e-09 1.031280279999999986e-09 1.043403470000000088e-09 1.055306400000000040e-09 1.066992830000000048e-09 1.078466650000000069e-09 1.089731639999999985e-09 1.100791679999999916e-09 1.111650549999999950e-09 1.122312130000000001e-09 1.132780199999999951e-09 1.143058649999999963e-09 1.153151129999999961e-09 1.163061539999999947e-09 1.172793530000000050e-09 1.182350660000000000e-09 1.191736710000000091e-09 1.200955219999999962e-09 1.210009760000000008e-09 1.218903759999999998e-09 1.227640659999999954e-09 1.236223790000000027e-09 1.244656379999999923e-09 1.252941969999999902e-09 1.261083460000000061e-09 1.269084170000000094e-09 1.276946990000000054e-09 1.284675029999999939e-09
8.837037000000000769e-12 1.088748880000000020e-11 1.352533620000000003e-11 1.666036579999999841e-11 2.005706019999999907e-11 2.361309240000000129e-11 2.740452139999999964e-11 3.162454329999999874e-11 3.651525959999999740e-11 4.231931820000000286e-11 4.925135299999999704e-11 5.748382670000000035e-11 6.714231949999999831e-11 7.830652790000000116e-11 9.101439050000000220e-11 1.052677319999999981e-10 1.210383319999999964e-10 1.382737950000000043e-10 1.569030460000000094e-10 1.768410280000000055e-10 1.979929550000000122e-10 2.202576729999999917e-10 2.435306679999999831e-10 2.677063019999999967e-10 2.926798250000000130e-10 3.183487639999999759e-10 3.446140040000000233e-10 3.713807869999999838e-10 3.985591300000000193e-10 4.260643500000000167e-10 4.538172059999999927e-10 4.817439779999999912e-10 5.097766650000000034e-10 5.378525400000000018e-10 5.659143149999999517e-10 5.939098099999999492e-10 6.217917289999999891e-10 6.495173840000000375e-10 6.770485280000000331e-10 7.043509659999999529e-10 7.313943889999999622e-10 7.581520410000000478e-10 7.846004960000000378e-10 8.107192689999999783e-10 8.364907660000000139e-10 8.619000509999999495e-10 8.869344149999999772e-10 9.115834200000000040e-10 9.358385180000000844e-10 9.596929919999999920e-10 9.831416790000000746e-10 1.006181029999999970e-09 1.028808590000000013e-09 1.051023489999999992e-09 1.072825380000000002e-09 1.094215269999999993e-09 1.115194940000000037e-09 1.135766920000000029e-09 1.155934350000000103e-09 1.175701090000000082e-09 1.195071259999999915e-09 1.214049640000000010e-09 1.232641540000000031e-09 1.250852310000000031e-09 1.268687820000000101e-09 1.286153960000000011e-09 1.303256949999999964e-09 1.320003329999999936e-09 1.336399440000000046e-09 1.352452040000000007e-09 1.368167799999999962e-09 1.383553380000000007e-09 1.398615559999999944e-09 1.413361209999999980e-09 1.427796990000000004e-09 1.441929690000000070e-09 1.455766169999999926e-09 1.469312779999999941e-09 1.482576389999999907e-09 1.495563450000000017e-09 1.508280280000000096e-09 1.520733429999999956e-09 1.532929009999999932e-09 1.544873229999999977e-09 1.556572089999999935e-09 1.568031590000000064e-09 1.579257610000000090e-09 1.590255820000000040e-09 1.601031860000000016e-09 1.611591189999999940e-09 1.621939139999999979e-09 1.632081139999999922e-09 1.642022070000000000e-09 1.651767169999999981e-09 1.661321189999999932e-09 1.670689029999999967e-09 1.679875240000000089e-09 1.688884370000000094e-09 1.697720959999999940e-09 1.706389249999999904e-09
1.261893370000000075e-11 1.549313979999999944e-11 1.926612169999999886e-11 2.383306569999999908e-11 2.891081820000000077e-11 3.441677500000000185e-11 4.051320390000000213e-11 4.751153640000000087e-11 5.577315000000000091e-11 6.564123549999999812e-11 7.740241090000000452e-11 9.126964459999999381e-11 1.073789950000000031e-10 1.257944299999999976e-10 1.465168259999999919e-10 1.694947239999999879e-10 1.946350579999999900e-10 2.218132760000000116e-10 2.508822590000000089e-10 2.816798459999999791e-10 3.140351869999999766e-10 3.477739210000000128e-10 3.827220759999999812e-10 4.187093450000000234e-10 4.555713309999999833e-10 4.931512980000000105e-10 5.313013360000000119e-10 5.698831409999999722e-10 6.087684249999999713e-10 6.478389490000000417e-10 6.869864680000000266e-10 7.261126699999999908e-10 7.651286269999999880e-10 8.039544029999999891e-10 8.425186659999999947e-10 8.807581330000000443e-10 9.186168489999999613e-10 9.560459090000000587e-10 9.930029019999999651e-10 1.029451299999999998e-09 1.065359689999999994e-09 1.100701970000000022e-09 1.135456280000000102e-09 1.169604969999999986e-09 1.203133930000000096e-09 1.236032500000000095e-09 1.268292919999999950e-09 1.299909850000000068e-09 1.330880849999999919e-09 1.361205039999999925e-09 1.390883739999999971e-09 1.419919849999999946e-09 1.448317690000000069e-09 1.476082810000000042e-09 1.503221880000000005e-09 1.529742670000000037e-09 1.555653489999999933e-09 1.580963689999999985e-09 1.605683030000000037e-09 1.629821609999999999e-09 1.653390200000000079e-09 1.676399800000000062e-09 1.698861610000000001e-09 1.720787069999999986e-09 1.742187840000000054e-09 1.763075569999999990e-09 1.783461930000000079e-09 1.803358679999999978e-09 1.822777479999999927e-09 1.841729880000000094e-09 1.860227530000000057e-09 1.878281749999999990e-09 1.895904100000000106e-09 1.913105229999999869e-09 1.929896690000000066e-09 1.946288690000000065e-09 1.962292330000000095e-09 1.977917830000000187e-09 1.993175619999999862e-09 2.008075259999999934e-09 2.022626949999999931e-09 2.036840030000000102e-09 2.050724260000000083e-09 2.064288069999999998e-09 2.077541030000000084e-09 2.090491559999999800e-09 2.103148099999999933e-09 2.115519090000000031e-09 2.127612310000000010e-09 2.139435960000000001e-09 2.150997159999999877e-09 2.162303669999999876e-09 2.173362379999999879e-09 2.184180609999999822e-09 2.194765040000000095e-09 2.205122080000000096e-09 2.215258199999999901e-09 2.225179599999999834e-09 2.234892490000000052e-09 2.244402439999999934e-09
1.777895020000000041e-11 2.179213749999999944e-11 2.720882890000000148e-11 3.393723500000000125e-11 4.167198880000000095e-11 5.039524009999999728e-11 6.040995480000000104e-11 7.219393830000000028e-11 8.625898610000000075e-11 1.030587839999999999e-10 1.229410319999999923e-10 1.461305380000000040e-10 1.727317319999999991e-10 2.027417400000000117e-10 2.360684979999999912e-10 2.725498160000000021e-10 3.119717259999999847e-10 3.540844009999999817e-10 3.986160290000000170e-10 4.452837540000000209e-10 4.938026100000000367e-10 5.438923199999999646e-10 5.952820459999999904e-10 6.477144379999999690e-10 7.009475780000000303e-10 7.547568129999999759e-10 8.089351969999999872e-10 8.632940470000000408e-10 9.176624459999999910e-10 9.718867930000000459e-10 1.025830089999999949e-09 1.079370929999999972e-09 1.132402730000000103e-09 1.184832450000000090e-09 1.236579729999999918e-09 1.287575600000000059e-09 1.337761899999999923e-09 1.387089780000000069e-09 1.435519369999999904e-09 1.483018370000000094e-09 1.529561590000000093e-09 1.575129919999999973e-09 1.619710139999999986e-09 1.663293719999999978e-09 1.705876550000000045e-09 1.747458399999999988e-09 1.788042269999999938e-09 1.827634159999999946e-09 1.866242720000000080e-09 1.903878610000000059e-09 1.940554379999999953e-09 1.976284249999999828e-09 2.011083520000000013e-09 2.044969309999999843e-09 2.077958689999999880e-09 2.110070120000000053e-09 2.141322230000000012e-09 2.171734789999999941e-09 2.201326679999999983e-09 2.230118309999999862e-09 2.258129239999999858e-09 2.285379439999999802e-09 2.311888679999999875e-09 2.337676940000000159e-09 2.362763760000000017e-09 2.387168459999999900e-09 2.410910140000000108e-09 2.434007880000000021e-09 2.456479909999999992e-09 2.478344639999999933e-09 2.499620070000000206e-09 2.520323509999999960e-09 2.540471830000000104e-09 2.560082149999999976e-09 2.579170650000000101e-09 2.597753119999999887e-09 2.615845320000000058e-09 2.633462120000000058e-09 2.650618170000000010e-09 2.667327910000000131e-09 2.683605120000000182e-09 2.699463320000000006e-09 2.714915849999999886e-09 2.729974909999999987e-09 2.744653169999999882e-09 2.758962389999999845e-09 2.772914560000000143e-09 2.786520350000000122e-09 2.799790839999999923e-09 2.812736709999999973e-09 2.825367940000000062e-09 2.837694300000000078e-09 2.849725789999999900e-09 2.861471059999999805e-09 2.872939440000000201e-09 2.884139150000000070e-09 2.895079070000000091e-09 2.905766739999999939e-09 2.916210379999999835e-09 2.926417110000000064e-09
2.474459349999999887e-11 3.036309400000000152e-11 3.822474280000000258e-11 4.832113180000000155e-11 6.038455149999999644e-11 7.453212350000000130e-11 9.127262140000000615e-11 1.112916909999999981e-10 1.352599560000000069e-10 1.637163599999999969e-10 1.970158900000000009e-10 2.353204300000000234e-10 2.786151309999999776e-10 3.267368880000000138e-10 3.794073389999999809e-10 4.362648020000000201e-10 4.968926380000000132e-10 5.608433160000000261e-10 6.276573150000000145e-10 6.968782219999999963e-10 7.680635020000000005e-10 8.407923800000000028e-10 9.146706730000000266e-10 9.893345029999999536e-10 1.064451080000000034e-09 1.139719990000000027e-09 1.214871759999999944e-09 1.289667370000000024e-09 1.363896549999999950e-09 1.437375879999999900e-09 1.509946950000000002e-09 1.581474279999999957e-09 1.651843550000000051e-09 1.720959149999999957e-09 1.788742929999999991e-09 1.855131830000000070e-09 1.920076759999999889e-09 1.983540439999999848e-09 2.045496439999999877e-09 2.105928319999999946e-09 2.164827210000000040e-09 2.222191539999999990e-09 2.278026210000000116e-09 2.332341649999999939e-09 2.385152300000000091e-09 2.436477239999999954e-09 2.486338020000000194e-09 2.534759740000000126e-09 2.581769020000000048e-09 2.627394969999999973e-09 2.671667550000000189e-09 2.714618309999999999e-09 2.756279649999999804e-09 2.796684220000000088e-09 2.835865100000000144e-09 2.873856039999999978e-09 2.910689909999999812e-09 2.946400460000000064e-09 2.981020319999999885e-09 3.014582580000000064e-09 3.047119219999999957e-09 3.078661990000000175e-09 3.109242419999999932e-09 3.138890920000000070e-09 3.167637259999999822e-09 3.195510969999999834e-09 3.222540459999999898e-09 3.248753710000000164e-09 3.274177820000000173e-09 3.298839199999999905e-09 3.322763400000000061e-09 3.345975499999999868e-09 3.368499700000000008e-09 3.390359099999999987e-09 3.411576579999999985e-09 3.432174319999999959e-09 3.452173440000000106e-09 3.471594569999999888e-09 3.490457700000000053e-09 3.508782149999999812e-09 3.526586359999999831e-09 3.543888519999999871e-09 3.560705730000000005e-09 3.577055100000000146e-09 3.592952379999999937e-09 3.608413790000000083e-09 3.623453760000000137e-09 3.638087389999999950e-09 3.652328219999999868e-09 3.666190019999999813e-09 3.679685889999999825e-09 3.692828039999999909e-09 3.705628910000000059e-09 3.718100049999999822e-09 3.730252549999999590e-09 3.742097740000000409e-09 3.753644950000000209e-09 3.764905280000000045e-09 3.775888050000000078e-09 3.786602590000000302e-09
3.407511430000000066e-11 4.202470320000000149e-11 5.364906780000000168e-11 6.917007239999999525e-11 8.846538779999999928e-11 1.118750579999999961e-10 1.401647830000000119e-10 1.742269940000000118e-10 2.148360099999999890e-10 2.625154820000000045e-10 3.174953910000000235e-10 3.797248629999999784e-10 4.489148220000000086e-10 5.245917589999999827e-10 6.061522950000000084e-10 6.929118390000000225e-10 7.841453600000000368e-10 8.791196099999999790e-10 9.771170539999998970e-10 1.077452899999999928e-09 1.179486729999999938e-09 1.282629449999999975e-09 1.386346259999999961e-09 1.490158110000000009e-09 1.593640659999999931e-09 1.696421780000000092e-09 1.798179049999999995e-09 1.898635690000000002e-09 1.997557449999999887e-09 2.094748149999999854e-09 2.190046140000000073e-09 2.283321310000000180e-09 2.374470179999999944e-09 2.463414580000000008e-09 2.550096799999999924e-09 2.634478860000000077e-09 2.716537879999999872e-09 2.796265889999999995e-09 2.873666639999999987e-09 2.948754130000000176e-09 3.021550790000000183e-09 3.092086809999999872e-09 3.160398169999999877e-09 3.226525940000000136e-09 3.290515189999999797e-09 3.352413900000000009e-09 3.412273350000000080e-09 3.470145729999999854e-09 3.526085199999999887e-09 3.580146399999999978e-09 3.632384390000000141e-09 3.682854910000000113e-09 3.731612799999999755e-09 3.778713340000000065e-09 3.824209840000000084e-09 3.868156460000000370e-09 3.910605619999999930e-09 3.951607929999999842e-09 3.991214909999999656e-09 4.029474530000000269e-09 4.066435189999999740e-09 4.102143960000000334e-09 4.136644800000000182e-09 4.169983030000000167e-09 4.202199919999999877e-09 4.233338119999999673e-09 4.263436269999999631e-09 4.292533879999999772e-09 4.320667819999999937e-09 4.347874499999999987e-09 4.374188120000000071e-09 4.399642869999999672e-09 4.424270730000000217e-09 4.448103219999999842e-09 4.471169660000000117e-09 4.493499789999999936e-09 4.515120720000000329e-09 4.536059969999999813e-09 4.556343299999999816e-09 4.575995140000000185e-09 4.595039459999999958e-09 4.613499359999999881e-09 4.631396600000000108e-09 4.648752939999999964e-09 4.665588360000000361e-09 4.681922410000000085e-09 4.697774169999999759e-09 4.713161859999999897e-09 4.728102349999999756e-09 4.742612970000000227e-09 4.756709249999999975e-09 4.770406289999999677e-09 4.783720090000000297e-09 4.796663509999999980e-09 4.809250780000000283e-09 4.821495199999999656e-09 4.833408780000000108e-09 4.845003950000000141e-09 4.856292260000000129e-09 4.867284350000000320e-09
4.652165810000000204e-11 5.799008500000000210e-11 7.562316050000000498e-11 1.001408610000000021e-10 1.317207319999999946e-10 1.709928729999999935e-10 2.189547570000000034e-10 2.765905010000000224e-10 3.445903009999999824e-10 4.232274250000000017e-10 5.123499960000000172e-10 6.114377890000000458e-10 7.196867550000000444e-10 8.360982460000000216e-10 9.595604309999999381e-10 1.088915289999999904e-09 1.223010469999999921e-09 1.360737629999999986e-09 1.501057500000000015e-09 1.643015719999999937e-09 1.785751099999999897e-09 1.928498249999999969e-09 2.070586370000000147e-09 2.211434590000000060e-09 2.350547310000000130e-09 2.487506199999999849e-09 2.621964869999999889e-09 2.753639979999999927e-09 2.882305060000000066e-09 3.007784019999999843e-09 3.129944749999999910e-09 3.248692649999999891e-09 3.363967329999999807e-09 3.475735700000000112e-09 3.583989550000000009e-09 3.688740870000000176e-09 3.790018970000000280e-09 3.887867360000000375e-09 3.982340680000000260e-09 4.073504640000000037e-09 4.161431200000000146e-09 4.246198950000000160e-09 4.327890930000000248e-09 4.406593310000000249e-09 4.482394900000000184e-09 4.555385399999999695e-09 4.625655859999999683e-09 4.693296860000000401e-09 4.758398559999999818e-09 4.821050669999999897e-09 4.881340669999999903e-09 4.939355589999999785e-09 4.995179379999999835e-09 5.048895519999999697e-09 5.100583960000000041e-09 5.150322829999999636e-09 5.198188550000000175e-09 5.244254809999999673e-09 5.288592669999999935e-09 5.331270979999999750e-09 5.372356339999999666e-09 5.411912700000000218e-09 5.450002230000000213e-09 5.486683999999999951e-09 5.522015289999999826e-09 5.556051619999999833e-09 5.588845829999999611e-09 5.620448549999999914e-09 5.650909070000000076e-09 5.680273580000000097e-09 5.708587819999999834e-09 5.735894870000000116e-09 5.762236020000000207e-09 5.787650799999999806e-09 5.812177849999999814e-09 5.835853129999999948e-09 5.858711739999999817e-09 5.880787409999999750e-09 5.902112130000000184e-09 5.922716979999999777e-09 5.942630829999999956e-09 5.961882539999999830e-09 5.980498759999999622e-09 5.998505249999999933e-09 6.015927759999999872e-09 6.032788940000000044e-09 6.049111879999999700e-09 6.064918349999999661e-09 6.080229209999999792e-09 6.095064450000000014e-09 6.109443169999999799e-09 6.123383579999999821e-09 6.136902989999999644e-09 6.150018720000000322e-09 6.162745870000000051e-09 6.175100880000000101e-09 6.187097059999999587e-09 6.198749960000000155e-09 6.210071570000000005e-09 6.221076100000000191e-09
6.312955019999999823e-11 8.014608419999999730e-11 1.077108330000000047e-10 1.474710770000000036e-10 2.000584000000000120e-10 2.663354810000000034e-10 3.473044629999999773e-10 4.436904450000000128e-10 5.556778370000000510e-10 6.828454470000000401e-10 8.242314609999999904e-10 9.784596470000000097e-10 1.143880100000000015e-09 1.318699370000000095e-09 1.501087249999999985e-09 1.689257619999999961e-09 1.881525160000000169e-09 2.076340880000000081e-09 2.272311889999999924e-09 2.468209190000000010e-09 2.662965400000000144e-09 2.855669259999999933e-09 3.045553809999999905e-09 3.231985119999999895e-09 3.414448059999999973e-09 3.592533600000000114e-09 3.765925349999999802e-09 3.934388810000000383e-09 4.097758129999999861e-09 4.255927610000000112e-09 4.408842619999999933e-09 4.556490300000000353e-09 4.698895050000000052e-09 4.836108400000000071e-09 4.968207179999999587e-09 5.095288189999999681e-09 5.217462459999999681e-09 5.334853890000000204e-09 5.447593930000000140e-09 5.555822470000000406e-09 5.659682939999999905e-09 5.759321460000000219e-09 5.854885469999999707e-09 5.946522390000000365e-09 6.034379220000000248e-09 6.118600290000000201e-09 6.199328160000000008e-09 6.276702269999999614e-09 6.350858949999999797e-09 6.421930539999999894e-09 6.490045390000000288e-09 6.555328279999999726e-09 6.617899560000000178e-09 6.677875140000000375e-09 6.735367369999999737e-09 6.790483729999999768e-09 6.843328130000000338e-09 6.893999589999999596e-09 6.942594060000000002e-09 6.989202990000000103e-09 7.033913900000000169e-09 7.076811139999999793e-09 7.117975099999999949e-09 7.157482609999999818e-09 7.195407380000000397e-09 7.231820029999999879e-09 7.266787619999999621e-09 7.300374529999999799e-09 7.332642050000000263e-09 7.363648800000000343e-09 7.393451629999999964e-09 7.422103379999999591e-09 7.449655120000000283e-09 7.476155690000000404e-09 7.501652629999999558e-09 7.526188560000000245e-09 7.549807889999999915e-09 7.572550590000000224e-09 7.594453949999999989e-09 7.615557070000000094e-09 7.635893700000000543e-09 7.655497570000000014e-09 7.674401559999999390e-09 7.692635860000000190e-09 7.710229789999999849e-09 7.727210870000000190e-09 7.743606639999999406e-09 7.759441090000000345e-09 7.774739960000000624e-09 7.789525470000000380e-09 7.803819810000000232e-09 7.817645200000000316e-09 7.831019390000000501e-09 7.843963700000000632e-09 7.856495900000000256e-09 7.868632860000000281e-09 7.880391449999999964e-09 7.891788559999999893e-09 7.902837499999999181e-09 7.913555140000000393e-09
8.541719420000000310e-11 1.115605460000000054e-10 1.559928159999999930e-10 2.218721459999999903e-10 3.102840759999999880e-10 4.219229689999999775e-10 5.571484939999999545e-10 7.156623070000000073e-10 8.963627059999999924e-10 1.097409270000000096e-09 1.316402760000000015e-09 1.550598649999999985e-09 1.797106689999999949e-09 2.053051949999999855e-09 2.315694530000000010e-09 2.582507320000000064e-09 2.851221259999999826e-09 3.119845490000000109e-09 3.386667610000000159e-09 3.650243000000000130e-09 3.909375050000000074e-09 4.163093869999999603e-09 4.410629199999999847e-09 4.651387719999999772e-09 4.884928909999999905e-09 5.110941890000000078e-09 5.329227730000000239e-09 5.539679830000000321e-09 5.742269330000000389e-09 5.937030419999999928e-09 6.124049709999999910e-09 6.303455089999999909e-09 6.475406430000000099e-09 6.640090700000000193e-09 6.797713060000000076e-09 6.948492450000000223e-09 7.092658460000000367e-09 7.230446019999999628e-09 7.362092709999999622e-09 7.487837910000000062e-09 7.607917850000000480e-09 7.722567470000000661e-09 7.832016810000000481e-09 7.936490580000000269e-09 8.036208139999999473e-09 8.131380900000000801e-09 8.222214909999999624e-09 8.308909120000000633e-09 8.391652709999999942e-09 8.470630419999999533e-09 8.546019000000000327e-09 8.617985439999999472e-09 8.686693139999999425e-09 8.752296670000000323e-09 8.814942550000000567e-09 8.874772029999999687e-09 8.931920980000000132e-09 8.986516420000000703e-09 9.038681800000000219e-09 9.088532589999999590e-09 9.136180699999999583e-09 9.181730930000000518e-09 9.225285419999999550e-09 9.266938329999999233e-09 9.306782010000000053e-09 9.344902630000000198e-09 9.381383670000000138e-09 9.416301519999999576e-09 9.449732550000000192e-09 9.481747830000000320e-09 9.512413969999999522e-09 9.541795799999999770e-09 9.569953720000000466e-09 9.596947240000000561e-09 9.622830529999999622e-09 9.647656899999999588e-09 9.671475180000000639e-09 9.694335109999999770e-09 9.716279339999999825e-09 9.737353150000000678e-09 9.757595620000000229e-09 9.777047620000000422e-09 9.795745549999999625e-09 9.813723169999999336e-09 9.831016889999999415e-09 9.847656020000000767e-09 9.863672550000000522e-09 9.879094879999999460e-09 9.893950550000000735e-09 9.908265319999999986e-09 9.922065839999999918e-09 9.935373410000000704e-09 9.948212030000000066e-09 9.960603009999999671e-09 9.972566770000000733e-09 9.984121969999999937e-09 9.995289039999999989e-09 1.000608400000000070e-08 1.001652359999999997e-08 1.002662400000000030e-08
1.156958970000000017e-10 1.573989830000000080e-10 2.309712279999999899e-10 3.416674170000000223e-10 4.905131299999999791e-10 6.768950400000000415e-10 8.991367099999999843e-10 1.154516819999999958e-09 1.439391380000000078e-09 1.749460349999999983e-09 2.080082550000000107e-09 2.426565839999999901e-09 2.784395159999999968e-09 3.149391639999999880e-09 3.517808710000000121e-09 3.886375670000000330e-09 4.252305620000000104e-09 4.613276429999999624e-09 4.967396270000000166e-09 5.313161019999999874e-09 5.649407609999999730e-09 5.975268280000000387e-09 6.290127530000000031e-09 6.593581240000000036e-09 6.885401580000000239e-09 7.165506409999999933e-09 7.433929920000000255e-09 7.690800890000000402e-09 7.936322709999999200e-09 8.170756520000000648e-09 8.394406950000000442e-09 8.607610619999999676e-09 8.810726369999999580e-09 9.004127219999999618e-09 9.188195090000000434e-09 9.363316340000000120e-09 9.529872889999999322e-09 9.688244869999999604e-09 9.838805329999999942e-09 9.981916630000000703e-09 1.011793320000000022e-08 1.024719510000000003e-08 1.037003460000000066e-08 1.048676700000000004e-08 1.059769689999999934e-08 1.070311660000000073e-08 1.080330400000000015e-08 1.089852469999999955e-08 1.098903280000000053e-08 1.107506980000000065e-08 1.115686389999999987e-08 1.123463540000000059e-08 1.130858960000000042e-08 1.137892539999999989e-08 1.144582739999999996e-08 1.150947519999999996e-08 1.157003469999999985e-08 1.162766679999999963e-08 1.168252160000000082e-08 1.173474299999999966e-08 1.178446579999999943e-08 1.183181909999999991e-08 1.187692430000000010e-08 1.191989710000000048e-08 1.196084649999999941e-08 1.199987580000000003e-08 1.203708419999999923e-08 1.207256339999999977e-08 1.210640300000000043e-08 1.213868470000000078e-08 1.216948940000000014e-08 1.219889080000000051e-08 1.222696079999999998e-08 1.225376599999999993e-08 1.227937039999999926e-08 1.230383619999999960e-08 1.232721840000000027e-08 1.234957379999999954e-08 1.237095230000000008e-08 1.239140429999999975e-08 1.241097539999999986e-08 1.242970969999999957e-08 1.244764910000000067e-08 1.246483359999999935e-08 1.248130039999999920e-08 1.249708690000000057e-08 1.251222410000000011e-08 1.252674680000000062e-08 1.254068490000000007e-08 1.255406620000000070e-08 1.256691990000000024e-08 1.257927100000000004e-08 1.259114409999999966e-08 1.260256340000000021e-08 1.261355200000000078e-08 1.262412929999999928e-08 1.263431580000000058e-08 1.264413109999999937e-08 1.265359369999999987e-08 1.266271980000000065e-08
1.576498099999999999e-10 2.265601600000000059e-10 3.507996390000000239e-10 5.378257280000000080e-10 7.868745100000000243e-10 1.093527049999999935e-09 1.451512580000000001e-09 1.853441960000000006e-09 2.291347329999999844e-09 2.757168719999999988e-09 3.243156850000000026e-09 3.742161690000000115e-09 4.247808770000000142e-09 4.754581619999999705e-09 5.257832839999999653e-09 5.753745480000000037e-09 6.239265549999999929e-09 6.712016720000000019e-09 7.170211979999999924e-09 7.612567470000000007e-09 8.038219870000000021e-09 8.446651379999999515e-09 8.837627519999999513e-09 9.211138519999999713e-09 9.567355799999999835e-09 9.906585769999999780e-09 1.022924500000000049e-08 1.053582290000000063e-08 1.082686740000000068e-08 1.110296480000000059e-08 1.136472160000000012e-08 1.161275790000000008e-08 1.184769620000000038e-08 1.207015200000000036e-08 1.228073380000000043e-08 1.248003119999999994e-08 1.266862080000000071e-08 1.284705680000000073e-08 1.301587279999999970e-08 1.317558060000000031e-08 1.332666949999999969e-08 1.346960679999999958e-08 1.360483550000000057e-08 1.373277850000000015e-08 1.385383630000000027e-08 1.396838909999999970e-08 1.407679570000000031e-08 1.417939720000000000e-08 1.427651420000000005e-08 1.436845310000000052e-08 1.445549899999999965e-08 1.453792379999999975e-08 1.461598309999999956e-08 1.468991950000000033e-08 1.475996040000000010e-08 1.482632059999999951e-08 1.488920449999999919e-08 1.494880130000000157e-08 1.500529299999999847e-08 1.505885020000000127e-08 1.510963270000000134e-08 1.515779319999999940e-08 1.520347399999999944e-08 1.524681180000000037e-08 1.528793270000000103e-08 1.532695750000000022e-08 1.536399809999999886e-08 1.539916460000000064e-08 1.543255829999999978e-08 1.546427339999999984e-08 1.549440040000000155e-08 1.552302640000000124e-08 1.555022949999999899e-08 1.557608979999999883e-08 1.560067629999999959e-08 1.562406029999999918e-08 1.564630200000000026e-08 1.566746729999999901e-08 1.568761119999999973e-08 1.570678700000000122e-08 1.572504970000000114e-08 1.574244730000000158e-08 1.575902429999999851e-08 1.577482500000000110e-08 1.578989380000000034e-08 1.580426630000000095e-08 1.581797979999999994e-08 1.583107160000000093e-08 1.584357359999999920e-08 1.585551780000000164e-08 1.586693440000000133e-08 1.587784839999999962e-08 1.588829160000000004e-08 1.589828539999999948e-08 1.590785459999999922e-08 1.591702240000000005e-08 1.592580999999999879e-08 1.593423699999999840e-08 1.594232299999999849e-08 1.595008750000000032e-08
2.173918129999999916e-10 3.345381470000000118e-10 5.465976559999999957e-10 8.617464520000000425e-10 1.273295909999999914e-09 1.768323600000000062e-09 2.331820070000000021e-09 2.948543409999999923e-09 3.604005980000000131e-09 4.285042989999999796e-09 4.980113210000000114e-09 5.679402280000000284e-09 6.374796689999999885e-09 7.059764329999999674e-09 7.729195949999999687e-09 8.379220869999999886e-09 9.007019129999999831e-09 9.610650049999999290e-09 1.018888970000000069e-08 1.074109249999999974e-08 1.126706909999999977e-08 1.176698739999999971e-08 1.224128530000000018e-08 1.269060500000000076e-08 1.311573519999999975e-08 1.351756479999999926e-08 1.389705059999999988e-08 1.425518729999999942e-08 1.459298550000000072e-08 1.491145519999999983e-08 1.521159729999999984e-08 1.549438439999999975e-08 1.576076510000000087e-08 1.601165239999999975e-08 1.624792210000000095e-08 1.647040899999999926e-08 1.667991259999999974e-08 1.687719120000000091e-08 1.706295899999999884e-08 1.723789819999999922e-08 1.740264820000000074e-08 1.755781480000000131e-08 1.770396809999999901e-08 1.784164280000000050e-08 1.797134529999999849e-08 1.809355150000000072e-08 1.820870390000000103e-08 1.831722509999999847e-08 1.841950589999999850e-08 1.851591950000000098e-08 1.860680849999999930e-08 1.869250349999999959e-08 1.877330820000000105e-08 1.884951220000000006e-08 1.892138180000000043e-08 1.898917469999999994e-08 1.905312530000000051e-08 1.911345929999999966e-08 1.917038789999999852e-08 1.922410680000000157e-08 1.927480399999999928e-08 1.932265190000000026e-08 1.936781579999999930e-08 1.941045009999999932e-08 1.945070060000000045e-08 1.948870400000000161e-08 1.952458819999999890e-08 1.955847569999999994e-08 1.959048030000000129e-08 1.962071040000000112e-08 1.964926529999999966e-08 1.967624109999999940e-08 1.970172999999999996e-08 1.972581389999999932e-08 1.974857429999999866e-08 1.977008779999999922e-08 1.979042350000000152e-08 1.980964900000000065e-08 1.982782830000000046e-08 1.984502160000000029e-08 1.986128419999999957e-08 1.987666920000000034e-08 1.989122819999999920e-08 1.990500740000000093e-08 1.991805119999999986e-08 1.993040400000000020e-08 1.994210309999999895e-08 1.995318929999999920e-08 1.996369469999999959e-08 1.997365470000000149e-08 1.998309959999999966e-08 1.999206129999999931e-08 2.000056650000000068e-08 2.000864359999999958e-08 2.001631569999999843e-08 2.002360589999999961e-08 2.003054079999999838e-08 2.003713639999999983e-08 2.004341579999999974e-08 2.004939680000000049e-08
3.053750310000000167e-10 5.083052309999999680e-10 8.709018509999999752e-10 1.396838529999999973e-09 2.065195789999999922e-09 2.846711529999999977e-09 3.711664749999999841e-09 4.633023740000000316e-09 5.587554860000000354e-09 6.556029050000000269e-09 7.523011550000000140e-09 8.476454209999999962e-09 9.407232330000000237e-09 1.030866500000000061e-08 1.117607959999999919e-08 1.200641899999999967e-08 1.279790669999999989e-08 1.354975950000000000e-08 1.426195519999999954e-08 1.493504160000000108e-08 1.556997910000000140e-08 1.616802689999999989e-08 1.673064180000000102e-08 1.725939920000000076e-08 1.775595319999999863e-08 1.822197500000000128e-08 1.865913289999999954e-08 1.906906280000000039e-08 1.945335630000000163e-08 1.981354810000000114e-08 2.015110390000000127e-08 2.046742330000000150e-08 2.076382979999999853e-08 2.104158090000000116e-08 2.130185449999999938e-08 2.154576609999999972e-08 2.177435830000000035e-08 2.198861180000000122e-08 2.218944489999999892e-08 2.237771750000000121e-08 2.255423230000000092e-08 2.271974249999999993e-08 2.287494820000000138e-08 2.302050820000000020e-08 2.315703540000000152e-08 2.328510179999999909e-08 2.340524399999999851e-08 2.351795910000000108e-08 2.362371630000000087e-08 2.372295069999999925e-08 2.381607090000000074e-08 2.390345699999999913e-08 2.398546779999999960e-08 2.406243199999999940e-08 2.413466580000000006e-08 2.420245869999999957e-08 2.426608249999999854e-08 2.432579470000000131e-08 2.438183170000000050e-08 2.443442249999999964e-08 2.448377319999999990e-08 2.453008109999999967e-08 2.457353250000000041e-08 2.461429989999999923e-08 2.465254490000000130e-08 2.468842200000000129e-08 2.472207149999999925e-08 2.475363030000000078e-08 2.478322439999999970e-08 2.481097109999999868e-08 2.483698220000000027e-08 2.486136449999999880e-08 2.488421559999999893e-08 2.490562600000000136e-08 2.492568640000000028e-08 2.494447669999999965e-08 2.496207510000000123e-08 2.497855430000000007e-08 2.499398019999999899e-08 2.500842019999999961e-08 2.502193470000000134e-08 2.503457889999999862e-08 2.504640939999999955e-08 2.505747250000000071e-08 2.506781979999999868e-08 2.507749559999999932e-08 2.508653909999999857e-08 2.509499279999999842e-08 2.510289399999999915e-08 2.511027829999999890e-08 2.511717590000000067e-08 2.512362050000000030e-08 2.512964239999999920e-08 2.513526630000000026e-08 2.514052079999999938e-08 2.514542890000000057e-08 2.515001360000000124e-08 2.515429639999999997e-08 2.515829859999999859e-08 2.516203959999999997e-08
4.398055530000000157e-10 7.943960490000000050e-10 1.410610300000000046e-09 2.275040380000000073e-09 3.337819799999999893e-09 4.541646609999999919e-09 5.834525750000000003e-09 7.173612809999999908e-09 8.525429250000000584e-09 9.864790759999999468e-09 1.117338580000000075e-08 1.243839610000000080e-08 1.365128990000000071e-08 1.480681620000000081e-08 1.590219690000000061e-08 1.693648419999999908e-08 1.791006449999999862e-08 1.882426659999999930e-08 1.968106740000000098e-08 2.048287579999999897e-08 2.123234919999999995e-08 2.193228889999999857e-08 2.258552989999999859e-08 2.319489310000000091e-08 2.376313009999999922e-08 2.429289300000000019e-08 2.478671850000000014e-08 2.524701510000000086e-08 2.567605510000000045e-08 2.607597520000000007e-08 2.644877919999999989e-08 2.679633939999999953e-08 2.712040010000000080e-08 2.742259039999999859e-08 2.770442540000000106e-08 2.796731020000000117e-08 2.821255410000000104e-08 2.844137190000000080e-08 2.865488999999999885e-08 2.885415639999999840e-08 2.904014099999999926e-08 2.921374790000000011e-08 2.937581380000000133e-08 2.952711500000000056e-08 2.966837619999999886e-08 2.980026709999999961e-08 2.992341310000000033e-08 3.003839309999999863e-08 3.014574550000000068e-08 3.024597110000000070e-08 3.033954239999999875e-08 3.042688590000000011e-08 3.050841710000000321e-08 3.058450199999999899e-08 3.065550299999999710e-08 3.072174340000000298e-08 3.078352859999999820e-08 3.084114650000000007e-08 3.089486360000000255e-08 3.094492840000000049e-08 3.099157549999999920e-08 3.103502520000000105e-08 3.107547639999999833e-08 3.111312099999999762e-08 3.114814010000000203e-08 3.118070070000000195e-08 3.121095559999999977e-08 3.123905759999999786e-08 3.126513800000000003e-08 3.128932849999999698e-08 3.131175319999999683e-08 3.133252240000000001e-08 3.135174250000000073e-08 3.136950969999999987e-08 3.138592670000000205e-08 3.140107550000000031e-08 3.141503770000000083e-08 3.142789499999999821e-08 3.143971839999999853e-08 3.145057549999999689e-08 3.146053019999999875e-08 3.146964289999999690e-08 3.147797399999999737e-08 3.148557329999999948e-08 3.149249039999999919e-08 3.149877160000000298e-08 3.150446660000000190e-08 3.150961089999999897e-08 3.151424370000000009e-08 3.151840739999999890e-08 3.152212710000000177e-08 3.152544179999999795e-08 3.152837990000000313e-08 3.153096979999999988e-08 3.153323649999999948e-08 3.153520470000000154e-08 3.153689930000000241e-08 3.153834169999999898e-08 3.153954959999999856e-08 3.154054799999999918e-08
6.526084120000000226e-10 1.271845520000000006e-09 2.306032029999999890e-09 3.699390569999999832e-09 5.349720219999999749e-09 7.156156109999999658e-09 9.036373430000000071e-09 1.092893689999999953e-08 1.279053310000000025e-08 1.459208750000000066e-08 1.631517319999999980e-08 1.794908579999999835e-08 1.948859379999999957e-08 2.093227809999999941e-08 2.228130569999999931e-08 2.353854709999999944e-08 2.470795480000000077e-08 2.579410459999999949e-08 2.680188869999999997e-08 2.773629679999999966e-08 2.860226719999999943e-08 2.940459079999999952e-08 3.014784870000000276e-08 3.083637519999999947e-08 3.147424370000000105e-08 3.206525890000000106e-08 3.261295589999999978e-08 3.312061380000000188e-08 3.359126669999999683e-08 3.402771749999999965e-08 3.443254219999999769e-08 3.480812080000000185e-08 3.515665270000000187e-08 3.548015210000000124e-08 3.578047720000000002e-08 3.605933680000000032e-08 3.631831550000000101e-08 3.655885550000000192e-08 3.678230339999999886e-08 3.698988490000000039e-08 3.718274750000000008e-08 3.736193930000000280e-08 3.752842659999999730e-08 3.768311169999999823e-08 3.782681899999999707e-08 3.796031580000000184e-08 3.808431610000000192e-08 3.819947029999999950e-08 3.830639629999999798e-08 3.840565200000000149e-08 3.849776320000000230e-08 3.858321660000000167e-08 3.866246349999999956e-08 3.873592650000000162e-08 3.880398940000000117e-08 3.886702160000000016e-08 3.892536070000000031e-08 3.897931579999999925e-08 3.902918519999999778e-08 3.907524259999999875e-08 3.911774019999999985e-08 3.915691590000000248e-08 3.919299019999999916e-08 3.922617610000000154e-08 3.925666190000000182e-08 3.928463239999999935e-08 3.931025459999999773e-08 3.933368479999999882e-08 3.935507210000000216e-08 3.937455869999999684e-08 3.939226900000000266e-08 3.940832369999999688e-08 3.942284369999999984e-08 3.943592829999999854e-08 3.944768069999999939e-08 3.945818960000000256e-08 3.946754749999999946e-08 3.947583590000000121e-08 3.948312970000000023e-08 3.948949969999999925e-08 3.949501349999999996e-08 3.949973860000000237e-08 3.950372829999999866e-08 3.950704300000000146e-08 3.950972880000000066e-08 3.951184269999999787e-08 3.951342010000000109e-08 3.951451080000000301e-08 3.951515379999999953e-08 3.951538470000000200e-08 3.951523550000000076e-08 3.951474530000000001e-08 3.951393879999999934e-08 3.951284809999999742e-08 3.951150160000000329e-08 3.950991709999999947e-08 3.950811940000000048e-08 3.950613699999999720e-08 3.950398050000000295e-08 3.950167480000000084e-08
9.995850810000000063e-10 2.072140240000000078e-09 3.777762100000000247e-09 5.973517679999999866e-09 8.471509720000000242e-09 1.110953199999999960e-08 1.376870619999999973e-08 1.636955819999999847e-08 1.886278690000000145e-08 2.122046540000000022e-08 2.342913420000000065e-08 2.548480359999999983e-08 2.738947019999999895e-08 2.914877410000000094e-08 3.077041550000000200e-08 3.226314149999999956e-08 3.363605569999999714e-08 3.489822479999999809e-08 3.605840250000000193e-08 3.712488450000000114e-08 3.810543699999999976e-08 3.900725790000000097e-08 3.983698700000000046e-08 4.060069969999999930e-08 4.130397000000000083e-08 4.195187489999999889e-08 4.254904340000000328e-08 4.309968920000000231e-08 4.360764899999999974e-08 4.407642250000000109e-08 4.450918919999999915e-08 4.490884460000000207e-08 4.527803910000000107e-08 4.561917780000000016e-08 4.593446689999999786e-08 4.622591730000000157e-08 4.649536580000000123e-08 4.674449980000000204e-08 4.697486490000000038e-08 4.718786779999999963e-08 4.738481959999999920e-08 4.756690330000000230e-08 4.773522019999999769e-08 4.789078290000000044e-08 4.803451860000000172e-08 4.816728699999999929e-08 4.828987700000000145e-08 4.840302029999999825e-08 4.850738830000000187e-08 4.860361359999999891e-08 4.869226440000000175e-08 4.877388090000000061e-08 4.884895689999999738e-08 4.891795410000000194e-08 4.898129550000000022e-08 4.903937520000000041e-08 4.909256649999999741e-08 4.914120670000000114e-08 4.918561559999999775e-08 4.922608809999999685e-08 4.926289779999999965e-08 4.929630390000000274e-08 4.932654459999999934e-08 4.935384009999999677e-08 4.937840000000000228e-08 4.940041620000000261e-08 4.942006980000000090e-08 4.943753140000000188e-08 4.945295369999999965e-08 4.946648959999999828e-08 4.947827390000000103e-08 4.948843469999999745e-08 4.949709260000000283e-08 4.950435789999999773e-08 4.951033719999999959e-08 4.951512980000000201e-08 4.951882460000000191e-08 4.952150690000000164e-08 4.952326190000000191e-08 4.952415719999999779e-08 4.952426740000000314e-08 4.952365630000000190e-08 4.952238440000000178e-08 4.952051210000000216e-08 4.951808920000000240e-08 4.951516529999999844e-08 4.951179020000000285e-08 4.950800299999999998e-08 4.950384640000000177e-08 4.949935930000000244e-08 4.949457380000000062e-08 4.948952539999999938e-08 4.948424250000000113e-08 4.947875350000000171e-08 4.947308339999999916e-08 4.946726050000000083e-08 4.946130260000000248e-08 4.945523460000000047e-08 4.944907420000000210e-08 4.944283560000000195e-08
1.577180939999999976e-09 3.408788140000000164e-09 6.162973240000000235e-09 9.538482000000000563e-09 1.321959869999999972e-08 1.696666979999999962e-08 2.062365209999999986e-08 2.409965740000000071e-08 2.734837959999999968e-08 3.035194849999999788e-08 3.310969629999999751e-08 3.563076939999999918e-08 3.792948890000000036e-08 4.002248130000000219e-08 4.192697389999999879e-08 4.365980639999999969e-08 4.523691999999999768e-08 4.667308319999999718e-08 4.798180339999999932e-08 4.917533400000000252e-08 5.026473809999999802e-08 5.125994920000000077e-08 5.216988800000000066e-08 5.300255169999999925e-08 5.376509900000000047e-08 5.446395689999999836e-08 5.510489130000000284e-08 5.569306790000000127e-08 5.623314439999999774e-08 5.672930929999999896e-08 5.718533199999999883e-08 5.760462329999999936e-08 5.799026329999999804e-08 5.834504789999999773e-08 5.867149969999999856e-08 5.897191709999999865e-08 5.924839640000000283e-08 5.950283469999999877e-08 5.973696910000000255e-08 5.995238440000000319e-08 6.015053340000000058e-08 6.033273789999999586e-08 6.050021279999999416e-08 6.065407379999999543e-08 6.079535099999999883e-08 6.092498240000000558e-08 6.104383490000000251e-08 6.115270419999999345e-08 6.125232939999999399e-08 6.134338550000000422e-08 6.142650479999999905e-08 6.150226989999999546e-08 6.157120679999999568e-08 6.163381980000000000e-08 6.169056379999999626e-08 6.174187210000000513e-08 6.178812840000000499e-08 6.182971649999999576e-08 6.186695600000000653e-08 6.190018099999999987e-08 6.192967559999999520e-08 6.195571699999999486e-08 6.197855379999999539e-08 6.199843479999999668e-08 6.201557309999999883e-08 6.203016769999999580e-08 6.204242449999999862e-08 6.205251419999999389e-08 6.206060019999999728e-08 6.206683880000000405e-08 6.207137909999999387e-08 6.207434920000000263e-08 6.207588399999999557e-08 6.207609000000000168e-08 6.207508819999999667e-08 6.207297079999999999e-08 6.206983730000000201e-08 6.206578009999999909e-08 6.206087019999999733e-08 6.205520010000000139e-08 6.204884069999999582e-08 6.204184189999999488e-08 6.203428879999999758e-08 6.202622419999999769e-08 6.201770469999999673e-08 6.200878739999999799e-08 6.199950770000000285e-08 6.198992249999999801e-08 6.198006730000000636e-08 6.196997759999999786e-08 6.195968889999999541e-08 6.194923689999999880e-08 6.193864269999999988e-08 6.192794899999999737e-08 6.191716299999999355e-08 6.190632010000000303e-08 6.189544170000000285e-08 6.188454189999999916e-08 6.187364220000000377e-08 6.186275669999999636e-08
2.549226609999999886e-09 5.619348540000000153e-09 9.962281669999999428e-09 1.501681450000000016e-08 2.029428180000000010e-08 2.547008649999999856e-08 3.036113939999999781e-08 3.488087690000000192e-08 3.900163750000000267e-08 4.272899190000000072e-08 4.608568460000000191e-08 4.910211259999999806e-08 5.181091819999999694e-08 5.424408659999999704e-08 5.643151010000000299e-08 5.840036719999999810e-08 6.017498320000000243e-08 6.177692310000000483e-08 6.322519400000000099e-08 6.453652189999999562e-08 6.572557250000000010e-08 6.680523509999999552e-08 6.778684280000000625e-08 6.868036450000000227e-08 6.949458960000000277e-08 7.023729860000000143e-08 7.091536250000000147e-08 7.153489180000000024e-08 7.210132219999999838e-08 7.261950690000000108e-08 7.309377279999999963e-08 7.352801389999999785e-08 7.392571179999999385e-08 7.428999990000000378e-08 7.462372760000000620e-08 7.492943870000000135e-08 7.520945640000000189e-08 7.546587709999999449e-08 7.570062619999999404e-08 7.591543039999999344e-08 7.611187410000000144e-08 7.629141410000000597e-08 7.645535760000000021e-08 7.660493400000000218e-08 7.674124449999999895e-08 7.686530520000000505e-08 7.697805420000000354e-08 7.708035809999999604e-08 7.717299869999999686e-08 7.725671479999999664e-08 7.733217439999999658e-08 7.739999570000000515e-08 7.746076139999999466e-08 7.751499710000000034e-08 7.756320030000000042e-08 7.760581869999999371e-08 7.764327139999999965e-08 7.767595629999999784e-08 7.770422879999999899e-08 7.772843700000000324e-08 7.774887220000000583e-08 7.776584710000000552e-08 7.777961029999999885e-08 7.779043189999999416e-08 7.779852500000000479e-08 7.780412399999999957e-08 7.780742099999999507e-08 7.780860760000000606e-08 7.780784730000000358e-08 7.780531770000000454e-08 7.780116820000000033e-08 7.779553360000000082e-08 7.778854179999999880e-08 7.778032799999999768e-08 7.777099140000000260e-08 7.776065300000000250e-08 7.774939800000000469e-08 7.773732589999999954e-08 7.772452189999999433e-08 7.771106430000000578e-08 7.769702389999999688e-08 7.768247199999999863e-08 7.766747249999999667e-08 7.765208919999999479e-08 7.763636490000000001e-08 7.762036349999999797e-08 7.760412760000000554e-08 7.758769270000000593e-08 7.757110860000000508e-08 7.755441089999999449e-08 7.753763500000000198e-08 7.752080930000000352e-08 7.750396240000000492e-08 7.748712250000000525e-08 7.747031110000000308e-08 7.745355650000000578e-08 7.743687290000000134e-08 7.742028170000000650e-08 7.740379709999999600e-08 7.738744049999999985e-08
4.188017489999999964e-09 9.222636879999999657e-09 1.589762280000000002e-08 2.326308040000000041e-08 3.062153199999999757e-08 3.757456209999999835e-08 4.393878679999999879e-08 4.965959020000000104e-08 5.475121870000000028e-08 5.926057870000000010e-08 6.324694369999999412e-08 6.677124989999999477e-08 6.989095879999999377e-08 7.265786189999999521e-08 7.511751929999999868e-08 7.730943709999999965e-08 7.926765019999999651e-08 8.102134790000000472e-08 8.259554819999999882e-08 8.401173089999999344e-08 8.528834170000000052e-08 8.644127550000000635e-08 8.748428119999999474e-08 8.842926749999999487e-08 8.928659410000000203e-08 9.006532759999999804e-08 9.077338350000000307e-08 9.141773920000000133e-08 9.200455510000000441e-08 9.253926689999999972e-08 9.302672049999999508e-08 9.347121479999999933e-08 9.387661489999999881e-08 9.424635289999999735e-08 9.458354099999999773e-08 9.489095730000000044e-08 9.517111720000000329e-08 9.542630859999999942e-08 9.565859220000000217e-08 9.586984359999999400e-08 9.606176120000000016e-08 9.623590100000000049e-08 9.639369129999999865e-08 9.653641800000000585e-08 9.666526780000000168e-08 9.678134210000000304e-08 9.688562840000000544e-08 9.697904349999999672e-08 9.706243280000000483e-08 9.713657790000000099e-08 9.720219649999999726e-08 9.725994229999999854e-08 9.731042640000000606e-08 9.735420999999999359e-08 9.739182619999999705e-08 9.742374369999999877e-08 9.745041040000000089e-08 9.747224539999999640e-08 9.748962529999999616e-08 9.750291240000000151e-08 9.751243369999999425e-08 9.751849460000000227e-08 9.752137230000000143e-08 9.752133680000000500e-08 9.751863669999999628e-08 9.751349950000000644e-08 9.750612409999999464e-08 9.749672360000000069e-08 9.748546860000000289e-08 9.747253670000000489e-08 9.745808429999999700e-08 9.744226049999999863e-08 9.742519320000000257e-08 9.740701759999999898e-08 9.738785420000000144e-08 9.736780270000000371e-08 9.734697670000000228e-08 9.732546149999999952e-08 9.730334230000000275e-08 9.728071149999999510e-08 9.725764020000000419e-08 9.723419230000000243e-08 9.721043879999999589e-08 9.718644380000000005e-08 9.716224979999999702e-08 9.713791369999999998e-08 9.711349239999999563e-08 9.708901420000000457e-08 9.706452179999999907e-08 9.704005779999999600e-08 9.701565059999999780e-08 9.699133590000000427e-08 9.696713479999999401e-08 9.694307580000000424e-08 9.691918020000000369e-08 9.689546939999999587e-08 9.687195759999999524e-08 9.684867309999999593e-08 9.682561600000000624e-08 9.680280749999999985e-08
6.934945510000000393e-09 1.499320310000000087e-08 2.498072329999999996e-08 3.542001180000000263e-08 4.539820960000000124e-08 5.448514530000000282e-08 6.254610700000000072e-08 6.959973580000000631e-08 7.573306249999999570e-08 8.105605789999999829e-08 8.567928940000000535e-08 8.970406640000000174e-08 9.321905030000000360e-08 9.629993510000000618e-08 9.901049940000000154e-08 1.014041620000000046e-07 1.035255369999999980e-07 1.054119349999999937e-07 1.070945999999999987e-07 1.085998210000000055e-07 1.099497810000000015e-07 1.111632740000000022e-07 1.122563230000000032e-07 1.132426629999999988e-07 1.141340820000000011e-07 1.149407820000000000e-07 1.156716249999999947e-07 1.163343269999999964e-07 1.169356740000000043e-07 1.174816190000000004e-07 1.179774219999999938e-07 1.184277419999999972e-07 1.188367449999999954e-07 1.192081310000000032e-07 1.195452200000000067e-07 1.198509949999999875e-07 1.201281349999999889e-07 1.203790840000000091e-07 1.206060029999999991e-07 1.208109239999999979e-07 1.209956220000000122e-07 1.211617619999999936e-07 1.213108479999999980e-07 1.214442310000000029e-07 1.215632039999999870e-07 1.216688900000000005e-07 1.217623549999999928e-07 1.218445650000000005e-07 1.219164149999999880e-07 1.219787290000000062e-07 1.220322619999999880e-07 1.220777079999999893e-07 1.221157220000000038e-07 1.221468859999999986e-07 1.221717550000000017e-07 1.221908409999999911e-07 1.222046109999999932e-07 1.222135069999999967e-07 1.222179260000000124e-07 1.222182390000000096e-07 1.222148000000000019e-07 1.222079360000000109e-07 1.221979460000000093e-07 1.221850989999999937e-07 1.221696519999999964e-07 1.221518459999999915e-07 1.221319080000000084e-07 1.221100520000000029e-07 1.220864330000000078e-07 1.220612800000000068e-07 1.220347200000000106e-07 1.220069240000000041e-07 1.219780189999999982e-07 1.219481480000000086e-07 1.219174379999999931e-07 1.218860039999999983e-07 1.218539300000000112e-07 1.218213299999999954e-07 1.217882899999999982e-07 1.217548940000000066e-07 1.217212289999999921e-07 1.216873499999999954e-07 1.216533290000000131e-07 1.216192229999999870e-07 1.215850889999999918e-07 1.215509829999999923e-07 1.215169480000000120e-07 1.214830259999999917e-07 1.214492610000000115e-07 1.214156669999999899e-07 1.213822999999999976e-07 1.213491880000000039e-07 1.213163469999999874e-07 1.212837899999999952e-07 1.212515599999999981e-07 1.212196709999999939e-07 1.211881370000000069e-07 1.211569580000000107e-07 1.211261630000000045e-07 1.210957660000000126e-07
1.148631229999999971e-08 2.405406719999999978e-08 3.859102899999999727e-08 5.297955850000000181e-08 6.614148160000000443e-08 7.770054109999999971e-08 8.764587280000000193e-08 9.612442399999999719e-08 1.033332850000000044e-07 1.094696809999999945e-07 1.147107300000000006e-07 1.192075489999999963e-07 1.230856699999999886e-07 1.264480289999999945e-07 1.293784629999999943e-07 1.319451999999999922e-07 1.342038729999999911e-07 1.361999579999999952e-07 1.379708010000000045e-07 1.395473109999999888e-07 1.409551090000000055e-07 1.422156829999999960e-07 1.433470799999999922e-07 1.443645630000000122e-07 1.452811629999999981e-07 1.461080499999999965e-07 1.468548449999999941e-07 1.475298599999999933e-07 1.481403590000000070e-07 1.486927350000000116e-07 1.491925449999999952e-07 1.496447340000000022e-07 1.500537219999999989e-07 1.504233890000000046e-07 1.507572449999999933e-07 1.510584010000000005e-07 1.513297009999999932e-07 1.515736870000000073e-07 1.517926480000000083e-07 1.519886720000000000e-07 1.521636649999999877e-07 1.523193590000000075e-07 1.524573320000000131e-07 1.525790049999999976e-07 1.526857289999999912e-07 1.527786820000000056e-07 1.528589879999999887e-07 1.529276689999999950e-07 1.529856489999999883e-07 1.530338239999999893e-07 1.530729610000000011e-07 1.531037980000000008e-07 1.531270330000000059e-07 1.531432760000000055e-07 1.531531239999999949e-07 1.531570890000000048e-07 1.531556820000000096e-07 1.531493579999999921e-07 1.531385579999999905e-07 1.531236649999999910e-07 1.531050340000000110e-07 1.530830219999999955e-07 1.530579399999999873e-07 1.530300860000000087e-07 1.529997179999999897e-07 1.529670900000000047e-07 1.529324440000000051e-07 1.528959929999999959e-07 1.528579360000000107e-07 1.528184580000000060e-07 1.527777299999999933e-07 1.527359220000000069e-07 1.526931750000000024e-07 1.526496190000000014e-07 1.526053950000000124e-07 1.525606169999999991e-07 1.525153980000000007e-07 1.524698230000000079e-07 1.524239929999999901e-07 1.523779929999999908e-07 1.523319069999999973e-07 1.522857930000000080e-07 1.522397350000000102e-07 1.521937780000000081e-07 1.521479900000000103e-07 1.521024159999999947e-07 1.520570980000000077e-07 1.520120779999999900e-07 1.519673989999999917e-07 1.519231030000000063e-07 1.518792060000000124e-07 1.518357350000000021e-07 1.517927050000000033e-07 1.517501720000000075e-07 1.517081219999999902e-07 1.516665830000000002e-07 1.516255709999999896e-07 1.515850980000000019e-07 1.515451519999999936e-07 1.515057730000000040e-07
1.890958679999999923e-08 3.798729149999999990e-08 5.856173859999999796e-08 7.784917950000000046e-08 9.474461390000000004e-08 1.090653329999999945e-07 1.210265310000000084e-07 1.309702499999999945e-07 1.392448470000000013e-07 1.461594789999999959e-07 1.519721740000000018e-07 1.568919710000000003e-07 1.610856659999999967e-07 1.646855740000000129e-07 1.677965429999999870e-07 1.705018210000000128e-07 1.728678429999999961e-07 1.749478569999999967e-07 1.767849079999999883e-07 1.784139979999999914e-07 1.798638040000000054e-07 1.811580149999999882e-07 1.823163419999999993e-07 1.833553110000000062e-07 1.842888929999999990e-07 1.851289400000000103e-07 1.858856389999999885e-07 1.865677460000000118e-07 1.871828629999999954e-07 1.877376260000000032e-07 1.882378769999999984e-07 1.886887300000000030e-07 1.890947350000000050e-07 1.894599389999999943e-07 1.897879679999999949e-07 1.900820760000000054e-07 1.903451620000000068e-07 1.905798830000000023e-07 1.907886119999999974e-07 1.909735229999999902e-07 1.911365930000000054e-07 1.912796109999999947e-07 1.914042260000000104e-07 1.915119300000000120e-07 1.916041159999999969e-07 1.916820479999999975e-07 1.917468780000000104e-07 1.917996850000000057e-07 1.918414370000000007e-07 1.918730700000000028e-07 1.918954099999999905e-07 1.919092229999999898e-07 1.919152200000000122e-07 1.919140829999999905e-07 1.919064229999999972e-07 1.918927810000000094e-07 1.918737099999999950e-07 1.918496789999999877e-07 1.918211579999999983e-07 1.917885440000000112e-07 1.917522209999999898e-07 1.917125730000000037e-07 1.916699119999999935e-07 1.916245650000000072e-07 1.915768019999999920e-07 1.915268940000000043e-07 1.914750950000000127e-07 1.914216200000000030e-07 1.913666950000000010e-07 1.913105049999999894e-07 1.912532350000000041e-07 1.911950560000000037e-07 1.911361239999999982e-07 1.910765659999999983e-07 1.910165389999999911e-07 1.909561579999999969e-07 1.908955199999999968e-07 1.908347540000000088e-07 1.907739460000000008e-07 1.907131659999999886e-07 1.906525139999999906e-07 1.905920609999999999e-07 1.905318640000000113e-07 1.904720079999999892e-07 1.904125210000000086e-07 1.903534609999999887e-07 1.902948700000000026e-07 1.902368039999999886e-07 1.901792930000000026e-07 1.901223500000000123e-07 1.900660320000000129e-07 1.900103540000000057e-07 1.899553299999999887e-07 1.899009870000000067e-07 1.898473410000000120e-07 1.897943920000000045e-07 1.897421670000000029e-07 1.896906670000000107e-07 1.896398909999999978e-07 1.895898689999999936e-07
3.079404820000000312e-08 5.896067280000000259e-08 8.727323570000000072e-08 1.124255389999999990e-07 1.335433670000000013e-07 1.508360299999999912e-07 1.648708969999999914e-07 1.762591919999999986e-07 1.855424329999999905e-07 1.931645239999999901e-07 1.994764890000000059e-07 2.047511879999999986e-07 2.091993279999999915e-07 2.129834089999999968e-07 2.162291250000000003e-07 2.190341770000000079e-07 2.214749910000000100e-07 2.236118209999999901e-07 2.254925699999999949e-07 2.271556530000000111e-07 2.286321320000000078e-07 2.299473889999999959e-07 2.311223139999999974e-07 2.321742730000000093e-07 2.331178170000000079e-07 2.339652670000000066e-07 2.347270819999999878e-07 2.354122590000000038e-07 2.360285979999999997e-07 2.365828640000000046e-07 2.370809969999999929e-07 2.375282260000000070e-07 2.379291859999999990e-07 2.382879960000000080e-07 2.386083789999999867e-07 2.388935909999999936e-07 2.391466860000000163e-07 2.393703650000000059e-07 2.395670149999999920e-07 2.397389660000000092e-07 2.398881519999999794e-07 2.400165330000000243e-07 2.401257289999999854e-07 2.402173610000000254e-07 2.402928490000000013e-07 2.403535009999999992e-07 2.404005390000000051e-07 2.404350990000000104e-07 2.404581779999999789e-07 2.404707690000000188e-07 2.404737529999999906e-07 2.404679549999999754e-07 2.404540850000000076e-07 2.404328820000000150e-07 2.404050009999999914e-07 2.403710079999999783e-07 2.403315019999999779e-07 2.402869649999999917e-07 2.402379099999999749e-07 2.401847609999999831e-07 2.401279179999999851e-07 2.400677769999999879e-07 2.400046810000000182e-07 2.399389979999999815e-07 2.398709850000000161e-07 2.398009539999999831e-07 2.397291610000000171e-07 2.396558609999999842e-07 2.395812539999999748e-07 2.395055390000000225e-07 2.394289419999999942e-07 2.393516349999999844e-07 2.392737599999999788e-07 2.391954870000000118e-07 2.391169570000000125e-07 2.390382859999999781e-07 2.389595859999999974e-07 2.388810000000000067e-07 2.388025850000000010e-07 2.387244540000000197e-07 2.386466920000000005e-07 2.385693849999999907e-07 2.384925609999999860e-07 2.384163050000000035e-07 2.383406749999999889e-07 2.382657270000000131e-07 2.381914899999999959e-07 2.381180200000000082e-07 2.380453309999999948e-07 2.379734670000000094e-07 2.379024549999999913e-07 2.378323249999999962e-07 2.377630749999999904e-07 2.376947350000000035e-07 2.376273190000000066e-07 2.375608259999999963e-07 2.374952710000000005e-07 2.374306689999999941e-07 2.373670039999999985e-07 2.373042779999999946e-07
4.943741419999999761e-08 8.986825149999999359e-08 1.277549590000000050e-07 1.596800130000000053e-07 1.853990169999999869e-07 2.057673209999999920e-07 2.218468610000000132e-07 2.345935290000000016e-07 2.447804949999999945e-07 2.530052260000000072e-07 2.597201670000000224e-07 2.652652709999999904e-07 2.698956510000000015e-07 2.738033230000000137e-07 2.771335520000000146e-07 2.799971240000000155e-07 2.824791640000000104e-07 2.846456080000000007e-07 2.865481860000000190e-07 2.882277949999999762e-07 2.897170930000000192e-07 2.910424260000000032e-07 2.922253659999999888e-07 2.932835909999999930e-07 2.942319100000000016e-07 2.950827420000000131e-07 2.958465760000000125e-07 2.965324480000000084e-07 2.971481189999999900e-07 2.977003819999999817e-07 2.981951749999999774e-07 2.986377300000000037e-07 2.990326490000000254e-07 2.993841410000000112e-07 2.996958700000000172e-07 2.999712189999999803e-07 3.002132299999999770e-07 3.004246310000000033e-07 3.006079510000000216e-07 3.007654359999999738e-07 3.008992450000000152e-07 3.010112550000000197e-07 3.011032280000000260e-07 3.011768109999999737e-07 3.012334839999999904e-07 3.012746389999999903e-07 3.013015540000000037e-07 3.013153959999999759e-07 3.013173000000000005e-07 3.013082049999999898e-07 3.012890770000000068e-07 3.012608260000000175e-07 3.012241899999999989e-07 3.011799659999999835e-07 3.011288360000000100e-07 3.010714240000000125e-07 3.010083279999999899e-07 3.009401149999999872e-07 3.008672990000000160e-07 3.007903330000000255e-07 3.007097010000000245e-07 3.006258000000000237e-07 3.005389709999999895e-07 3.004496139999999964e-07 3.003580670000000001e-07 3.002645879999999835e-07 3.001694610000000239e-07 3.000729689999999832e-07 2.999753689999999996e-07 2.998768589999999972e-07 2.997776390000000134e-07 2.996779070000000251e-07 2.995778630000000168e-07 2.994776199999999748e-07 2.993773479999999865e-07 2.992771899999999882e-07 2.991772870000000149e-07 2.990776980000000160e-07 2.989785910000000185e-07 2.988799960000000254e-07 2.987820550000000224e-07 2.986848240000000009e-07 2.985883900000000118e-07 2.984927509999999949e-07 2.983980489999999888e-07 2.983042860000000007e-07 2.982115180000000222e-07 2.981197719999999922e-07 2.980290790000000233e-07 2.979394939999999973e-07 2.978510450000000157e-07 2.977637049999999808e-07 2.976775309999999932e-07 2.975925209999999929e-07 2.975086769999999871e-07 2.974260270000000244e-07 2.973445699999999953e-07 2.972642790000000137e-07 2.971851810000000186e-07 2.971072770000000137e-07
7.806726639999999907e-08 1.344830030000000115e-07 1.837995569999999991e-07 2.232632570000000113e-07 2.538060929999999831e-07 2.772261210000000124e-07 2.952272670000000162e-07 3.091798820000000151e-07 3.201201080000000051e-07 3.288118359999999806e-07 3.358130130000000116e-07 3.415307219999999869e-07 3.462628230000000015e-07 3.502286179999999963e-07 3.535907349999999978e-07 3.564708780000000235e-07 3.589609610000000246e-07 3.611311290000000242e-07 3.630354970000000241e-07 3.647162710000000251e-07 3.662068479999999961e-07 3.675337719999999810e-07 3.687185879999999955e-07 3.697788600000000136e-07 3.707291399999999890e-07 3.715815920000000006e-07 3.723465060000000003e-07 3.730327190000000155e-07 3.736477650000000063e-07 3.741982940000000078e-07 3.746901309999999744e-07 3.751283660000000000e-07 3.755176579999999915e-07 3.758620439999999819e-07 3.761652469999999766e-07 3.764306480000000112e-07 3.766612910000000104e-07 3.768599580000000075e-07 3.770291809999999757e-07 3.771713179999999984e-07 3.772885290000000230e-07 3.773828040000000154e-07 3.774559330000000103e-07 3.775096499999999978e-07 3.775454899999999876e-07 3.775649589999999900e-07 3.775693359999999856e-07 3.775599280000000042e-07 3.775378729999999915e-07 3.775042220000000013e-07 3.774600259999999816e-07 3.774061670000000083e-07 3.773435249999999914e-07 3.772729260000000156e-07 3.771950790000000057e-07 3.771106949999999998e-07 3.770204269999999844e-07 3.769248450000000154e-07 3.768245449999999784e-07 3.767200099999999844e-07 3.766117519999999848e-07 3.765001959999999861e-07 3.763857710000000093e-07 3.762688440000000091e-07 3.761497570000000085e-07 3.760288790000000227e-07 3.759064949999999737e-07 3.757828889999999918e-07 3.756583449999999954e-07 3.755330620000000182e-07 3.754072679999999873e-07 3.752812179999999807e-07 3.751550539999999841e-07 3.750289469999999825e-07 3.749030670000000102e-07 3.747775849999999994e-07 3.746526149999999929e-07 3.745282409999999779e-07 3.744046349999999960e-07 3.742818819999999849e-07 3.741600379999999889e-07 3.740391890000000024e-07 3.739194480000000118e-07 3.738008730000000157e-07 3.736834630000000104e-07 3.735673319999999860e-07 3.734525079999999911e-07 3.733390200000000250e-07 3.732268679999999819e-07 3.731161660000000106e-07 3.730068560000000066e-07 3.728989670000000221e-07 3.727925559999999991e-07 3.726875659999999958e-07 3.725840830000000063e-07 3.724820489999999790e-07 3.723814640000000199e-07 3.722823580000000261e-07 3.721847289999999902e-07 3.720885219999999775e-07
1.210935209999999951e-07 1.976227400000000053e-07 2.600971240000000028e-07 3.076388000000000085e-07 3.430342590000000128e-07 3.693419050000000254e-07 3.890463060000000000e-07 4.039893890000000134e-07 4.154913710000000203e-07 4.244880929999999758e-07 4.316422059999999745e-07 4.374246880000000207e-07 4.421724499999999884e-07 4.461284109999999917e-07 4.494693260000000042e-07 4.523250539999999796e-07 4.547919730000000215e-07 4.569424729999999851e-07 4.588314940000000062e-07 4.605013540000000156e-07 4.619849389999999812e-07 4.633082540000000035e-07 4.644920750000000085e-07 4.655532849999999881e-07 4.665057250000000167e-07 4.673609340000000239e-07 4.681287180000000053e-07 4.688173759999999959e-07 4.694341559999999769e-07 4.699853660000000135e-07 4.704765499999999937e-07 4.709127100000000097e-07 4.712982499999999963e-07 4.716372359999999858e-07 4.719333049999999894e-07 4.721897819999999983e-07 4.724097379999999823e-07 4.725959569999999818e-07 4.727510830000000058e-07 4.728774739999999788e-07 4.729773480000000057e-07 4.730527789999999866e-07 4.731056999999999984e-07 4.731378449999999783e-07 4.731508909999999746e-07 4.731463719999999933e-07 4.731257380000000001e-07 4.730902960000000247e-07 4.730412969999999992e-07 4.729799060000000205e-07 4.729072319999999820e-07 4.728242120000000007e-07 4.727318409999999799e-07 4.726309730000000001e-07 4.725224300000000255e-07 4.724069809999999869e-07 4.722852789999999766e-07 4.721580349999999798e-07 4.720258459999999916e-07 4.718892800000000077e-07 4.717488479999999759e-07 4.716050630000000102e-07 4.714583500000000111e-07 4.713091639999999880e-07 4.711578750000000125e-07 4.710048809999999931e-07 4.708504660000000072e-07 4.706949990000000167e-07 4.705387080000000018e-07 4.703819059999999862e-07 4.702247909999999998e-07 4.700676470000000141e-07 4.699106170000000184e-07 4.697539569999999885e-07 4.695977790000000129e-07 4.694422559999999782e-07 4.692875560000000172e-07 4.691337950000000213e-07 4.689811130000000220e-07 4.688295690000000214e-07 4.686793029999999982e-07 4.685303740000000074e-07 4.683828649999999795e-07 4.682368630000000185e-07 4.680923950000000104e-07 4.679495190000000069e-07 4.678083199999999986e-07 4.676687979999999856e-07 4.675309530000000209e-07 4.673948979999999848e-07 4.672605769999999919e-07 4.671280179999999850e-07 4.669972500000000162e-07 4.668682719999999762e-07 4.667410849999999745e-07 4.666156880000000073e-07 4.664920820000000253e-07 4.663702379999999764e-07 4.662501570000000230e-07 4.661318369999999989e-07
1.843873600000000042e-07 2.853346930000000051e-07 3.624009539999999824e-07 4.182578829999999847e-07 4.583156400000000037e-07 4.872029539999999905e-07 5.083011840000000255e-07 5.239623989999999554e-07 5.357994720000000105e-07 5.449177819999999862e-07 5.520789730000000376e-07 5.578116880000000253e-07 5.624861499999999602e-07 5.663640649999999728e-07 5.696321640000000142e-07 5.724250510000000449e-07 5.748410099999999888e-07 5.769523449999999713e-07 5.788130580000000081e-07 5.804641320000000046e-07 5.819367739999999792e-07 5.832554849999999765e-07 5.844395900000000059e-07 5.855045520000000434e-07 5.864630450000000063e-07 5.873257010000000282e-07 5.881013289999999822e-07 5.887976609999999641e-07 5.894213469999999561e-07 5.899781850000000265e-07 5.904734049999999830e-07 5.909117249999999993e-07 5.912974069999999717e-07 5.916343179999999515e-07 5.919260390000000117e-07 5.921758660000000382e-07 5.923869250000000415e-07 5.925619459999999720e-07 5.927036569999999847e-07 5.928145010000000476e-07 5.928968110000000475e-07 5.929526879999999824e-07 5.929841789999999722e-07 5.929931600000000459e-07 5.929813940000000341e-07 5.929505279999999821e-07 5.929020969999999524e-07 5.928375800000000161e-07 5.927582830000000403e-07 5.926655150000000088e-07 5.925604680000000104e-07 5.924441669999999517e-07 5.923177470000000323e-07 5.921820619999999619e-07 5.920380769999999589e-07 5.918866460000000507e-07 5.917285649999999483e-07 5.915644580000000094e-07 5.913951210000000512e-07 5.912211240000000236e-07 5.910430329999999681e-07 5.908614750000000416e-07 5.906769049999999887e-07 5.904898329999999655e-07 5.903006580000000428e-07 5.901097779999999704e-07 5.899175900000000236e-07 5.897244359999999608e-07 5.895306569999999601e-07 5.893365369999999931e-07 5.891423030000000360e-07 5.889482399999999581e-07 5.887546310000000447e-07 5.885615909999999719e-07 5.883693460000000301e-07 5.881781249999999913e-07 5.879879839999999526e-07 5.877991499999999963e-07 5.876117370000000067e-07 5.874258019999999786e-07 5.872415160000000030e-07 5.870589919999999605e-07 5.868782299999999569e-07 5.866993429999999785e-07 5.865223900000000277e-07 5.863474259999999863e-07 5.861745079999999553e-07 5.860036370000000440e-07 5.858349250000000236e-07 5.856682610000000208e-07 5.855038130000000096e-07 5.853414680000000038e-07 5.851812829999999983e-07 5.850232579999999932e-07 5.848674499999999834e-07 5.847137459999999825e-07 5.845621439999999833e-07 5.844127599999999832e-07 5.842654219999999933e-07 5.841201870000000087e-07
2.755837160000000166e-07 4.051102279999999859e-07 4.977411550000000163e-07 5.617904430000000221e-07 6.060898269999999511e-07 6.371098489999999473e-07 6.592099450000000501e-07 6.752679840000000300e-07 6.871846380000000323e-07 6.962247880000000274e-07 7.032385269999999930e-07 7.088033269999999926e-07 7.133152170000000512e-07 7.170486360000000071e-07 7.201955440000000390e-07 7.228915710000000176e-07 7.252335759999999915e-07 7.272914790000000145e-07 7.291164370000000522e-07 7.307462510000000081e-07 7.322094579999999563e-07 7.335278839999999785e-07 7.347184690000000089e-07 7.357947989999999908e-07 7.367679020000000119e-07 7.376468720000000263e-07 7.384394390000000166e-07 7.391523129999999709e-07 7.397913460000000476e-07 7.403618269999999506e-07 7.408685289999999474e-07 7.413157730000000424e-07 7.417075949999999471e-07 7.420477460000000333e-07 7.423396939999999640e-07 7.425866779999999478e-07 7.427917690000000075e-07 7.429579229999999602e-07 7.430878099999999625e-07 7.431839889999999795e-07 7.432488469999999881e-07 7.432847719999999686e-07 7.432938110000000408e-07 7.432780079999999962e-07 7.432392979999999716e-07 7.431794979999999938e-07 7.431002020000000216e-07 7.430031129999999858e-07 7.428896539999999661e-07 7.427612450000000314e-07 7.426191930000000523e-07 7.424647490000000141e-07 7.422990510000000214e-07 7.421231199999999663e-07 7.419380379999999620e-07 7.417447700000000150e-07 7.415441130000000520e-07 7.413369759999999820e-07 7.411240970000000471e-07 7.409061029999999805e-07 7.406837880000000154e-07 7.404577219999999962e-07 7.402284719999999679e-07 7.399966079999999864e-07 7.397625270000000096e-07 7.395267969999999802e-07 7.392897599999999743e-07 7.390519270000000455e-07 7.388135259999999622e-07 7.385749539999999996e-07 7.383364960000000271e-07 7.380984360000000161e-07 7.378611140000000351e-07 7.376246459999999757e-07 7.373892570000000186e-07 7.371552330000000368e-07 7.369226860000000130e-07 7.366917880000000416e-07 7.364626530000000069e-07 7.362355059999999839e-07 7.360103499999999835e-07 7.357872959999999847e-07 7.355665159999999763e-07 7.353480099999999582e-07 7.351318910000000228e-07 7.349182169999999568e-07 7.347069869999999685e-07 7.344982580000000528e-07 7.342920869999999930e-07 7.340884740000000009e-07 7.338874179999999669e-07 7.336889779999999991e-07 7.334930959999999932e-07 7.332997710000000512e-07 7.331091179999999552e-07 7.329209670000000413e-07 7.327353729999999797e-07 7.325522799999999907e-07 7.323717449999999634e-07 7.321936550000000175e-07
4.044102869999999885e-07 5.661484579999999888e-07 6.747054609999999837e-07 7.464284979999999986e-07 7.943214090000000107e-07 8.268996789999999733e-07 8.495378549999999705e-07 8.656310800000000031e-07 8.773495780000000091e-07 8.860999969999999629e-07 8.928068379999999768e-07 8.980846359999999879e-07 9.023466420000000249e-07 9.058730370000000032e-07 9.088555540000000190e-07 9.114266390000000398e-07 9.136783209999999575e-07 9.156753999999999939e-07 9.174638650000000023e-07 9.190769670000000044e-07 9.205388659999999723e-07 9.218677520000000334e-07 9.230773800000000031e-07 9.241786639999999789e-07 9.251803589999999557e-07 9.260896829999999648e-07 9.269129460000000256e-07 9.276556060000000318e-07 9.283225490000000255e-07 9.289183819999999897e-07 9.294472530000000421e-07 9.299131420000000091e-07 9.303198000000000506e-07 9.306706940000000376e-07 9.309693499999999493e-07 9.312188920000000008e-07 9.314225049999999929e-07 9.315831449999999549e-07 9.317035960000000329e-07 9.317866439999999570e-07 9.318347910000000153e-07 9.318505359999999554e-07 9.318362119999999818e-07 9.317939769999999817e-07 9.317259919999999590e-07 9.316341900000000436e-07 9.315205030000000439e-07 9.313866940000000024e-07 9.312344669999999595e-07 9.310653009999999863e-07 9.308807310000000393e-07 9.306821199999999807e-07 9.304708329999999974e-07 9.302481199999999650e-07 9.300150049999999984e-07 9.297726819999999816e-07 9.295221160000000273e-07 9.292642740000000432e-07 9.289999529999999558e-07 9.287300599999999849e-07 9.284553359999999595e-07 9.281765190000000158e-07 9.278941769999999907e-07 9.276089940000000360e-07 9.273215369999999851e-07 9.270322610000000062e-07 9.267417910000000371e-07 9.264504680000000442e-07 9.261586909999999926e-07 9.258669140000000470e-07 9.255754779999999618e-07 9.252846670000000263e-07 9.249948219999999950e-07 9.247061709999999539e-07 9.244189979999999803e-07 9.241334739999999533e-07 9.238497679999999566e-07 9.235681659999999689e-07 9.232887809999999764e-07 9.230117829999999608e-07 9.227372290000000227e-07 9.224652900000000415e-07 9.221960800000000070e-07 9.219295980000000215e-07 9.216660149999999643e-07 9.214053310000000470e-07 9.211476030000000529e-07 9.208928869999999734e-07 9.206411850000000275e-07 9.203925519999999912e-07 9.201469879999999704e-07 9.199045509999999636e-07 9.196651259999999773e-07 9.194288280000000052e-07 9.191955429999999512e-07 9.189653270000000186e-07 9.187380670000000092e-07 9.185138770000000189e-07 9.182925849999999531e-07 9.180742500000000260e-07
5.830549979999999948e-07 7.796937210000000138e-07 9.038103030000000317e-07 9.822820180000000992e-07 1.032906990000000042e-06 1.066357069999999987e-06 1.089010080000000008e-06 1.104744910000000054e-06 1.115970799999999944e-06 1.124212640000000080e-06 1.130450980000000075e-06 1.135324739999999914e-06 1.139253869999999997e-06 1.142516680000000016e-06 1.145298940000000038e-06 1.147724899999999944e-06 1.149878130000000069e-06 1.151815579999999901e-06 1.153575569999999955e-06 1.155184919999999899e-06 1.156661940000000085e-06 1.158019930000000053e-06 1.159268660000000093e-06 1.160415539999999979e-06 1.161466570000000088e-06 1.162426540000000009e-06 1.163299999999999941e-06 1.164090920000000098e-06 1.164803169999999906e-06 1.165440270000000065e-06 1.166005969999999989e-06 1.166503580000000039e-06 1.166936610000000030e-06 1.167308600000000098e-06 1.167622600000000084e-06 1.167882029999999899e-06 1.168090190000000080e-06 1.168249919999999917e-06 1.168364409999999971e-06 1.168436480000000095e-06 1.168468999999999900e-06 1.168464679999999899e-06 1.168425910000000080e-06 1.168355419999999971e-06 1.168255380000000030e-06 1.168128049999999986e-06 1.167975600000000087e-06 1.167799950000000098e-06 1.167603270000000056e-06 1.167387040000000036e-06 1.167153190000000050e-06 1.166903189999999925e-06 1.166638529999999984e-06 1.166360790000000030e-06 1.166071119999999998e-06 1.165770869999999916e-06 1.165461189999999931e-06 1.165143200000000083e-06 1.164817829999999934e-06 1.164486089999999972e-06 1.164148899999999932e-06 1.163807040000000105e-06 1.163461320000000041e-06 1.163112300000000075e-06 1.162760779999999935e-06 1.162407439999999969e-06 1.162052629999999964e-06 1.161697129999999998e-06 1.161341170000000057e-06 1.160985329999999916e-06 1.160630059999999937e-06 1.160275589999999896e-06 1.159922359999999905e-06 1.159570730000000001e-06 1.159220799999999911e-06 1.158873030000000033e-06 1.158527539999999956e-06 1.158184430000000041e-06 1.157844170000000089e-06 1.157506630000000051e-06 1.157172159999999926e-06 1.156840769999999962e-06 1.156512670000000075e-06 1.156187860000000051e-06 1.155866469999999940e-06 1.155548489999999917e-06 1.155234139999999932e-06 1.154923320000000047e-06 1.154616030000000050e-06 1.154312490000000103e-06 1.154012470000000008e-06 1.153716199999999964e-06 1.153423569999999994e-06 1.153134460000000088e-06 1.152848990000000045e-06 1.152567169999999902e-06 1.152288859999999997e-06 1.152014079999999981e-06 1.151742710000000052e-06 1.151474859999999974e-06
8.265960790000000208e-07 1.059479360000000069e-06 1.197988350000000099e-06 1.281888789999999951e-06 1.334193139999999966e-06 1.367734059999999937e-06 1.389830459999999973e-06 1.404789030000000102e-06 1.415216619999999958e-06 1.422727000000000058e-06 1.428336649999999909e-06 1.432693470000000093e-06 1.436213439999999953e-06 1.439164629999999938e-06 1.441719969999999913e-06 1.443990749999999969e-06 1.446048149999999968e-06 1.447937730000000005e-06 1.449687939999999945e-06 1.451316849999999904e-06 1.452835480000000046e-06 1.454251110000000098e-06 1.455568170000000036e-06 1.456789959999999971e-06 1.457918980000000080e-06 1.458957399999999975e-06 1.459907370000000043e-06 1.460771390000000037e-06 1.461551849999999943e-06 1.462251359999999912e-06 1.462872889999999918e-06 1.463419380000000038e-06 1.463894019999999986e-06 1.464300110000000084e-06 1.464640830000000011e-06 1.464919710000000077e-06 1.465139919999999924e-06 1.465304880000000098e-06 1.465417770000000066e-06 1.465481769999999927e-06 1.465499960000000054e-06 1.465475519999999913e-06 1.465411290000000065e-06 1.465310110000000012e-06 1.465174479999999929e-06 1.465007129999999979e-06 1.464810449999999937e-06 1.464586830000000003e-06 1.464338539999999940e-06 1.464067509999999974e-06 1.463775789999999917e-06 1.463465200000000020e-06 1.463137660000000046e-06 1.462794669999999932e-06 1.462437809999999902e-06 1.462068549999999996e-06 1.461688379999999902e-06 1.461298439999999942e-06 1.460899969999999956e-06 1.460494100000000020e-06 1.460081879999999920e-06 1.459664300000000069e-06 1.459242070000000080e-06 1.458816309999999991e-06 1.458387600000000001e-06 1.457956839999999986e-06 1.457524489999999920e-06 1.457091229999999942e-06 1.456657630000000001e-06 1.456224250000000011e-06 1.455791559999999983e-06 1.455360010000000066e-06 1.454929929999999977e-06 1.454501669999999925e-06 1.454075690000000097e-06 1.453652199999999983e-06 1.453231330000000057e-06 1.452813650000000056e-06 1.452399029999999931e-06 1.451987829999999931e-06 1.451580259999999969e-06 1.451176330000000083e-06 1.450776380000000022e-06 1.450380300000000024e-06 1.449988190000000028e-06 1.449600290000000056e-06 1.449216480000000098e-06 1.448836999999999966e-06 1.448461720000000033e-06 1.448090760000000102e-06 1.447723999999999948e-06 1.447361570000000042e-06 1.447003459999999925e-06 1.446649659999999985e-06 1.446300080000000105e-06 1.445954689999999967e-06 1.445613409999999915e-06 1.445276440000000038e-06 1.444943340000000013e-06 1.444614439999999976e-06
1.153532589999999899e-06 1.422313969999999984e-06 1.573221879999999992e-06 1.660864769999999950e-06 1.713631260000000097e-06 1.746404339999999988e-06 1.767335220000000073e-06 1.781081779999999957e-06 1.790397960000000056e-06 1.796953599999999937e-06 1.801778129999999918e-06 1.805512279999999985e-06 1.808556140000000070e-06 1.811158430000000102e-06 1.813472409999999953e-06 1.815590739999999899e-06 1.817568090000000049e-06 1.819434830000000031e-06 1.821206979999999938e-06 1.822891589999999931e-06 1.824490820000000011e-06 1.826004110000000052e-06 1.827429859999999968e-06 1.828766129999999921e-06 1.830011570000000097e-06 1.831165039999999959e-06 1.832226189999999933e-06 1.833195479999999993e-06 1.834073710000000075e-06 1.834862700000000007e-06 1.835564489999999989e-06 1.836181699999999994e-06 1.836717159999999914e-06 1.837173949999999908e-06 1.837555600000000078e-06 1.837865630000000062e-06 1.838107550000000099e-06 1.838284899999999902e-06 1.838401539999999920e-06 1.838460890000000065e-06 1.838466459999999941e-06 1.838421890000000047e-06 1.838330379999999920e-06 1.838195320000000000e-06 1.838019670000000011e-06 1.837806509999999904e-06 1.837558669999999991e-06 1.837279000000000024e-06 1.836969999999999964e-06 1.836634169999999988e-06 1.836273900000000083e-06 1.835891340000000001e-06 1.835488550000000014e-06 1.835067450000000101e-06 1.834630099999999897e-06 1.834178080000000053e-06 1.833712990000000020e-06 1.833236410000000023e-06 1.832749719999999987e-06 1.832254269999999937e-06 1.831751319999999998e-06 1.831242000000000034e-06 1.830727339999999968e-06 1.830208479999999914e-06 1.829686079999999936e-06 1.829161310000000043e-06 1.828634590000000064e-06 1.828106969999999996e-06 1.827579009999999966e-06 1.827051279999999924e-06 1.826524339999999994e-06 1.825998769999999951e-06 1.825475009999999910e-06 1.824953419999999905e-06 1.824434430000000015e-06 1.823918520000000074e-06 1.823405800000000058e-06 1.822896590000000069e-06 1.822391249999999931e-06 1.821890010000000054e-06 1.821392859999999978e-06 1.820900250000000066e-06 1.820412079999999955e-06 1.819928570000000019e-06 1.819449950000000034e-06 1.818976099999999987e-06 1.818507140000000104e-06 1.818043189999999971e-06 1.817584349999999951e-06 1.817130400000000094e-06 1.816681669999999903e-06 1.816237839999999910e-06 1.815799120000000031e-06 1.815365409999999903e-06 1.814936810000000100e-06 1.814512980000000024e-06 1.814094159999999910e-06 1.813680229999999960e-06 1.813270959999999972e-06 1.812866569999999899e-06
1.586465940000000087e-06 1.888852689999999940e-06 2.049357140000000189e-06 2.138730219999999886e-06 2.190603030000000021e-06 2.221687279999999858e-06 2.240814410000000181e-06 2.252900229999999839e-06 2.260788510000000058e-06 2.266168620000000099e-06 2.270058300000000014e-06 2.273074190000000070e-06 2.275587120000000151e-06 2.277817200000000164e-06 2.279890619999999829e-06 2.281875369999999929e-06 2.283804410000000171e-06 2.285690020000000206e-06 2.287531740000000062e-06 2.289323900000000133e-06 2.291057400000000021e-06 2.292722680000000198e-06 2.294310890000000113e-06 2.295814059999999867e-06 2.297225819999999856e-06 2.298541630000000130e-06 2.299758310000000164e-06 2.300873800000000109e-06 2.301887429999999863e-06 2.302799890000000025e-06 2.303612519999999949e-06 2.304327610000000107e-06 2.304947430000000051e-06 2.305475619999999856e-06 2.305915360000000047e-06 2.306270970000000201e-06 2.306545870000000018e-06 2.306744590000000048e-06 2.306871009999999968e-06 2.306929450000000200e-06 2.306923989999999876e-06 2.306858509999999940e-06 2.306737309999999898e-06 2.306563829999999946e-06 2.306342139999999813e-06 2.306075429999999848e-06 2.305767569999999900e-06 2.305421280000000097e-06 2.305039969999999890e-06 2.304626830000000053e-06 2.304184139999999960e-06 2.303714840000000113e-06 2.303221440000000089e-06 2.302705980000000086e-06 2.302171199999999880e-06 2.301618680000000121e-06 2.301050700000000185e-06 2.300468850000000122e-06 2.299874950000000182e-06 2.299270589999999991e-06 2.298657360000000023e-06 2.298036410000000003e-06 2.297409080000000133e-06 2.296776529999999963e-06 2.296139880000000166e-06 2.295500280000000044e-06 2.294858629999999898e-06 2.294215619999999900e-06 2.293572149999999927e-06 2.292929139999999930e-06 2.292286809999999858e-06 2.291646300000000035e-06 2.291007829999999989e-06 2.290371869999999942e-06 2.289739089999999996e-06 2.289109719999999926e-06 2.288484440000000080e-06 2.287863030000000086e-06 2.287246389999999819e-06 2.286634300000000175e-06 2.286027439999999809e-06 2.285425579999999793e-06 2.284829180000000102e-06 2.284238239999999887e-06 2.283652979999999948e-06 2.283073399999999861e-06 2.282499509999999874e-06 2.281931760000000137e-06 2.281369689999999828e-06 2.280813760000000193e-06 2.280263519999999810e-06 2.279719409999999853e-06 2.279181220000000195e-06 2.278648940000000164e-06 2.278122570000000184e-06 2.277601880000000056e-06 2.277087109999999804e-06 2.276578019999999827e-06 2.276074610000000125e-06 2.275576659999999900e-06
2.152994510000000171e-06 2.484599920000000028e-06 2.651140900000000044e-06 2.739949199999999977e-06 2.789458680000000180e-06 2.817883570000000064e-06 2.834546190000000189e-06 2.844513800000000125e-06 2.850657439999999856e-06 2.854646709999999986e-06 2.857461820000000162e-06 2.859676439999999998e-06 2.861619809999999917e-06 2.863472449999999998e-06 2.865324859999999879e-06 2.867214560000000140e-06 2.869147469999999808e-06 2.871113109999999832e-06 2.873091940000000056e-06 2.875062360000000055e-06 2.877002320000000098e-06 2.878891109999999811e-06 2.880711690000000061e-06 2.882448830000000024e-06 2.884091149999999923e-06 2.885629329999999832e-06 2.887057009999999972e-06 2.888369860000000097e-06 2.889565849999999828e-06 2.890644049999999817e-06 2.891605389999999838e-06 2.892451219999999915e-06 2.893184500000000201e-06 2.893808640000000145e-06 2.894327510000000024e-06 2.894745420000000013e-06 2.895066699999999937e-06 2.895296570000000096e-06 2.895439819999999868e-06 2.895500979999999803e-06 2.895485300000000099e-06 2.895397760000000186e-06 2.895242460000000113e-06 2.895024639999999830e-06 2.894748380000000162e-06 2.894417999999999839e-06 2.894037829999999956e-06 2.893611510000000165e-06 2.893143120000000020e-06 2.892635849999999868e-06 2.892093110000000010e-06 2.891518309999999899e-06 2.890914399999999858e-06 2.890284120000000087e-06 2.889630420000000063e-06 2.888955349999999811e-06 2.888261409999999930e-06 2.887550860000000147e-06 2.886825999999999912e-06 2.886088169999999851e-06 2.885339650000000187e-06 2.884581819999999997e-06 2.883816479999999882e-06 2.883044770000000164e-06 2.882268060000000097e-06 2.881487720000000202e-06 2.880704869999999885e-06 2.879920429999999941e-06 2.879135310000000072e-06 2.878350410000000153e-06 2.877566659999999959e-06 2.876784720000000190e-06 2.876005280000000172e-06 2.875228799999999881e-06 2.874456189999999863e-06 2.873687439999999871e-06 2.872923229999999831e-06 2.872164260000000165e-06 2.871410290000000001e-06 2.870662000000000113e-06 2.869919630000000100e-06 2.869183390000000088e-06 2.868453520000000103e-06 2.867730249999999918e-06 2.867013339999999935e-06 2.866303479999999902e-06 2.865600209999999846e-06 2.864903990000000165e-06 2.864214820000000011e-06 2.863532470000000032e-06 2.862857400000000204e-06 2.862189150000000128e-06 2.861527950000000003e-06 2.860873790000000005e-06 2.860226460000000006e-06 2.859585950000000183e-06 2.858952260000000112e-06 2.858325389999999794e-06 2.857705340000000074e-06 2.857091659999999956e-06
2.886890570000000147e-06 3.241198779999999796e-06 3.409531020000000006e-06 3.495240429999999922e-06 3.540822950000000078e-06 3.565577119999999806e-06 3.579097440000000204e-06 3.586484130000000123e-06 3.590569349999999968e-06 3.592960869999999881e-06 3.594574760000000200e-06 3.595923089999999855e-06 3.597278240000000109e-06 3.598770259999999862e-06 3.600445550000000140e-06 3.602303199999999971e-06 3.604317039999999927e-06 3.606448439999999851e-06 3.608656019999999984e-06 3.610898600000000024e-06 3.613138690000000138e-06 3.615343759999999848e-06 3.617485849999999798e-06 3.619542440000000034e-06 3.621495349999999831e-06 3.623330940000000108e-06 3.625038970000000142e-06 3.626613080000000155e-06 3.628048719999999948e-06 3.629344290000000070e-06 3.630499579999999970e-06 3.631516620000000024e-06 3.632398150000000007e-06 3.633147569999999971e-06 3.633769890000000091e-06 3.634269660000000141e-06 3.634652779999999925e-06 3.634924949999999791e-06 3.635091619999999816e-06 3.635159150000000200e-06 3.635133230000000196e-06 3.635019989999999806e-06 3.634824680000000075e-06 3.634553199999999959e-06 3.634210999999999957e-06 3.633803089999999821e-06 3.633334700000000099e-06 3.632810380000000144e-06 3.632234889999999859e-06 3.631612339999999964e-06 3.630947050000000037e-06 3.630242649999999906e-06 3.629502769999999820e-06 3.628731289999999878e-06 3.627930940000000030e-06 3.627105119999999905e-06 3.626256330000000101e-06 3.625387540000000169e-06 3.624501009999999836e-06 3.623599240000000124e-06 3.622684290000000035e-06 3.621757969999999995e-06 3.620822549999999979e-06 3.619879409999999910e-06 3.618930120000000191e-06 3.617976519999999872e-06 3.617019499999999853e-06 3.616060669999999832e-06 3.615101150000000061e-06 3.614141629999999867e-06 3.613183480000000195e-06 3.612227369999999877e-06 3.611274220000000131e-06 3.610324479999999838e-06 3.609379059999999970e-06 3.608438649999999852e-06 3.607503460000000034e-06 3.606574179999999845e-06 3.605651050000000153e-06 3.604734729999999965e-06 3.603825229999999953e-06 3.602923019999999915e-06 3.602028300000000154e-06 3.601141320000000095e-06 3.600262060000000087e-06 3.599390769999999980e-06 3.598527879999999850e-06 3.597672960000000044e-06 3.596826219999999842e-06 3.595987889999999865e-06 3.595157979999999939e-06 3.594336250000000039e-06 3.593522709999999990e-06 3.592717580000000168e-06 3.591920629999999948e-06 3.591131870000000004e-06 3.590351070000000135e-06 3.589578229999999918e-06 3.588813120000000002e-06 3.588055959999999913e-06
3.829641630000000175e-06 4.198072020000000237e-06 4.363347219999999986e-06 4.443222219999999793e-06 4.483237259999999758e-06 4.503276610000000218e-06 4.512962729999999937e-06 4.517304209999999745e-06 4.519022239999999631e-06 4.519622050000000046e-06 4.519926729999999893e-06 4.520365560000000383e-06 4.521139539999999652e-06 4.522315979999999829e-06 4.523887129999999693e-06 4.525806619999999808e-06 4.528008049999999867e-06 4.530421850000000132e-06 4.532978889999999920e-06 4.535615519999999795e-06 4.538276699999999998e-06 4.540915140000000297e-06 4.543491739999999889e-06 4.545974209999999591e-06 4.548337529999999699e-06 4.550563519999999910e-06 4.552637170000000198e-06 4.554549829999999890e-06 4.556295150000000303e-06 4.557870400000000216e-06 4.559275110000000255e-06 4.560511120000000316e-06 4.561581590000000005e-06 4.562491089999999594e-06 4.563244599999999783e-06 4.563848959999999974e-06 4.564310530000000367e-06 4.564636129999999868e-06 4.564833490000000047e-06 4.564909429999999810e-06 4.564871230000000153e-06 4.564726170000000380e-06 4.564481060000000418e-06 4.564143180000000417e-06 4.563718900000000403e-06 4.563215040000000127e-06 4.562637060000000339e-06 4.561990859999999992e-06 4.561282370000000059e-06 4.560517029999999943e-06 4.559699390000000269e-06 4.558834460000000362e-06 4.557926329999999602e-06 4.556979550000000306e-06 4.555997749999999759e-06 4.554985029999999706e-06 4.553944560000000421e-06 4.552880000000000360e-06 4.551793609999999672e-06 4.550688570000000154e-06 4.549567620000000308e-06 4.548433479999999838e-06 4.547287520000000113e-06 4.546132459999999988e-06 4.544970119999999714e-06 4.543801879999999636e-06 4.542629990000000083e-06 4.541455840000000378e-06 4.540280320000000151e-06 4.539105249999999650e-06 4.537931549999999671e-06 4.536760119999999669e-06 4.535591869999999767e-06 4.534428169999999641e-06 4.533269479999999690e-06 4.532116690000000388e-06 4.530969819999999691e-06 4.529830220000000167e-06 4.528697899999999946e-06 4.527573760000000176e-06 4.526457809999999833e-06 4.525350049999999765e-06 4.524251380000000271e-06 4.523162260000000057e-06 4.522082240000000242e-06 4.521011310000000155e-06 4.519950379999999921e-06 4.518899460000000210e-06 4.517857630000000228e-06 4.516826270000000320e-06 4.515804449999999867e-06 4.514792639999999939e-06 4.513790829999999862e-06 4.512798569999999912e-06 4.511816309999999814e-06 4.510843609999999666e-06 4.509880449999999820e-06 4.508926390000000374e-06 4.507982339999999757e-06 4.507046920000000165e-06
5.032439279999999641e-06 5.404494460000000326e-06 5.561345920000000148e-06 5.632482500000000329e-06 5.665224309999999868e-06 5.679477000000000002e-06 5.684627920000000232e-06 5.685460560000000109e-06 5.684514240000000364e-06 5.683145899999999909e-06 5.682055870000000417e-06 5.681571110000000393e-06 5.681803490000000129e-06 5.682744359999999798e-06 5.684321420000000136e-06 5.686433270000000081e-06 5.688968030000000365e-06 5.691817019999999774e-06 5.694879749999999912e-06 5.698066620000000169e-06 5.701301689999999935e-06 5.704521299999999948e-06 5.707672239999999677e-06 5.710712679999999638e-06 5.713610339999999626e-06 5.716339729999999715e-06 5.718883130000000000e-06 5.721228259999999980e-06 5.723367850000000179e-06 5.725297340000000146e-06 5.727016739999999708e-06 5.728527869999999961e-06 5.729834809999999611e-06 5.730943940000000202e-06 5.731860710000000116e-06 5.732594219999999753e-06 5.733151740000000286e-06 5.733542820000000146e-06 5.733775649999999608e-06 5.733859779999999646e-06 5.733804299999999986e-06 5.733617849999999784e-06 5.733308629999999985e-06 5.732886170000000221e-06 5.732358200000000366e-06 5.731732020000000221e-06 5.731016240000000313e-06 5.730217250000000317e-06 5.729341860000000160e-06 5.728397349999999992e-06 5.727389179999999715e-06 5.726323249999999977e-06 5.725205029999999659e-06 5.724039969999999682e-06 5.722832160000000272e-06 5.721586600000000084e-06 5.720307850000000414e-06 5.718999089999999668e-06 5.717664860000000339e-06 5.716307439999999685e-06 5.714930919999999627e-06 5.713538029999999691e-06 5.712131039999999852e-06 5.710713140000000036e-06 5.709286139999999821e-06 5.707852780000000252e-06 5.706413959999999935e-06 5.704972859999999817e-06 5.703529950000000122e-06 5.702087490000000154e-06 5.700646849999999587e-06 5.699208940000000242e-06 5.697775120000000275e-06 5.696345850000000084e-06 5.694923399999999645e-06 5.693507320000000078e-06 5.692098970000000389e-06 5.690698800000000302e-06 5.689307729999999768e-06 5.687925749999999808e-06 5.686554230000000100e-06 5.685192259999999670e-06 5.683841659999999616e-06 5.682501519999999812e-06 5.681172750000000383e-06 5.679854890000000085e-06 5.678548859999999713e-06 5.677254650000000289e-06 5.675972260000000121e-06 5.674701240000000328e-06 5.673442049999999614e-06 5.672194670000000024e-06 5.670959130000000185e-06 5.669735399999999777e-06 5.668523500000000142e-06 5.667322970000000035e-06 5.666133799999999632e-06 5.664955549999999877e-06 5.663789120000000225e-06 5.662633610000000374e-06
6.558722360000000206e-06 6.922201460000000193e-06 7.064826149999999884e-06 7.124179769999999581e-06 7.147888480000000346e-06 7.155260849999999989e-06 7.155170810000000324e-06 7.152037600000000325e-06 7.148144049999999712e-06 7.144654769999999584e-06 7.142116830000000047e-06 7.140730759999999863e-06 7.140502019999999779e-06 7.141331029999999829e-06 7.143069980000000216e-06 7.145551539999999793e-06 7.148610169999999882e-06 7.152092169999999859e-06 7.155860200000000006e-06 7.159794679999999802e-06 7.163795540000000258e-06 7.167779129999999688e-06 7.171678589999999928e-06 7.175439800000000322e-06 7.179021849999999642e-06 7.182393349999999852e-06 7.185532009999999928e-06 7.188422840000000339e-06 7.191056280000000289e-06 7.193428250000000223e-06 7.195539180000000219e-06 7.197391369999999726e-06 7.198990259999999843e-06 7.200343129999999873e-06 7.201459080000000216e-06 7.202347660000000150e-06 7.203019779999999654e-06 7.203485889999999999e-06 7.203757380000000363e-06 7.203846050000000352e-06 7.203762829999999592e-06 7.203519090000000153e-06 7.203125279999999919e-06 7.202591859999999988e-06 7.201929750000000162e-06 7.201147579999999770e-06 7.200255819999999735e-06 7.199262199999999933e-06 7.198176259999999820e-06 7.197005290000000215e-06 7.195757010000000326e-06 7.194438239999999902e-06 7.193056259999999943e-06 7.191617439999999626e-06 7.190126780000000148e-06 7.188590190000000290e-06 7.187013129999999951e-06 7.185400589999999659e-06 7.183756219999999735e-06 7.182084569999999955e-06 7.180389279999999973e-06 7.178674420000000362e-06 7.176943199999999851e-06 7.175197880000000285e-06 7.173442550000000195e-06 7.171678589999999928e-06 7.169909169999999760e-06 7.168136109999999941e-06 7.166361679999999599e-06 7.164587709999999655e-06 7.162815559999999960e-06 7.161047049999999917e-06 7.159283089999999650e-06 7.157525940000000158e-06 7.155775620000000242e-06 7.154033479999999929e-06 7.152300900000000414e-06 7.150577860000000353e-06 7.148866189999999821e-06 7.147165430000000113e-06 7.145476500000000331e-06 7.143800299999999928e-06 7.142136839999999577e-06 7.140486099999999627e-06 7.138849009999999853e-06 7.137226019999999982e-06 7.135616219999999887e-06 7.134020959999999597e-06 7.132439350000000330e-06 7.130872289999999844e-06 7.129318869999999709e-06 7.127780009999999875e-06 7.126255240000000118e-06 7.124744570000000264e-06 7.123248000000000311e-06 7.121765519999999590e-06 7.120296230000000340e-06 7.118841040000000145e-06 7.117399039999999727e-06 7.115970220000000110e-06
8.487396370000000430e-06 8.828662429999999304e-06 8.950903069999999629e-06 8.995316419999999934e-06 9.008189410000000757e-06 9.007573679999999344e-06 9.001536449999999155e-06 8.993993109999999560e-06 8.986893589999999285e-06 8.981163770000000164e-06 8.977163820000000680e-06 8.974945559999999498e-06 8.974387130000000535e-06 8.975283890000000073e-06 8.977396649999999295e-06 8.980482559999999239e-06 8.984312439999999917e-06 8.988680749999999854e-06 8.993405569999999820e-06 8.998335030000000116e-06 9.003339980000000449e-06 9.008314009999999580e-06 9.013175260000000837e-06 9.017855520000000099e-06 9.022304769999999301e-06 9.026484799999999809e-06 9.030369259999999847e-06 9.033939930000000660e-06 9.037186829999999506e-06 9.040105400000000171e-06 9.042696550000000239e-06 9.044964829999999485e-06 9.046917510000000777e-06 9.048564609999999381e-06 9.049917030000000532e-06 9.050988410000000345e-06 9.051791490000000567e-06 9.052339920000000524e-06 9.052649150000000147e-06 9.052732820000000634e-06 9.052605490000000590e-06 9.052279890000000242e-06 9.051770579999999890e-06 9.051091179999999389e-06 9.050253539999999163e-06 9.049269470000000334e-06 9.048150790000000464e-06 9.046908419999999355e-06 9.045553270000000371e-06 9.044094439999999678e-06 9.042541929999999668e-06 9.040904839999999894e-06 9.039189540000000381e-06 9.037406020000000311e-06 9.035559740000000432e-06 9.033657989999999870e-06 9.031707120000000697e-06 9.029713509999999374e-06 9.027681699999999242e-06 9.025617149999999353e-06 9.023524399999999660e-06 9.021407999999999939e-06 9.019271600000000513e-06 9.017118830000000362e-06 9.014954229999999437e-06 9.012779629999999507e-06 9.010598659999999552e-06 9.008413139999999820e-06 9.006226720000000635e-06 9.004040289999999932e-06 9.001856600000000274e-06 8.999677450000000568e-06 8.997504659999999368e-06 8.995339160000000685e-06 8.993182750000000035e-06 8.991036340000000085e-06 8.988901749999999389e-06 8.986778989999999467e-06 8.984668969999999596e-06 8.982572579999999405e-06 8.980491660000000485e-06 8.978425290000000347e-06 8.976374370000000138e-06 8.974338929999999332e-06 8.972320760000000397e-06 8.970318049999999522e-06 8.968333529999999621e-06 8.966364479999999298e-06 8.964413610000000125e-06 8.962479109999999983e-06 8.960561899999999668e-06 8.958661969999999356e-06 8.956779309999999221e-06 8.954913940000000608e-06 8.953064929999999508e-06 8.951233209999999928e-06 8.949417859999999380e-06 8.947618879999999557e-06 8.945836270000000459e-06 8.944070030000000391e-06
1.091689319999999951e-05 1.122119279999999953e-05 1.131662699999999989e-05 1.134285870000000081e-05 1.134306790000000074e-05 1.133335169999999948e-05 1.132067060000000080e-05 1.130829509999999938e-05 1.129776410000000028e-05 1.128971600000000011e-05 1.128429449999999964e-05 1.128137319999999945e-05 1.128068290000000049e-05 1.128189429999999958e-05 1.128466370000000060e-05 1.128865819999999916e-05 1.129357590000000084e-05 1.129914930000000049e-05 1.130514739999999955e-05 1.131137829999999945e-05 1.131768020000000025e-05 1.132392390000000084e-05 1.133000569999999987e-05 1.133584560000000020e-05 1.134138170000000048e-05 1.134657030000000018e-05 1.135137969999999991e-05 1.135578900000000052e-05 1.135978889999999919e-05 1.136337510000000022e-05 1.136654919999999926e-05 1.136931949999999973e-05 1.137169509999999949e-05 1.137369049999999989e-05 1.137531939999999939e-05 1.137659909999999933e-05 1.137754679999999942e-05 1.137818070000000047e-05 1.137851899999999988e-05 1.137858000000000008e-05 1.137838080000000085e-05 1.137793880000000008e-05 1.137727119999999919e-05 1.137639539999999945e-05 1.137532580000000059e-05 1.137407799999999990e-05 1.137266549999999934e-05 1.137110300000000015e-05 1.136940319999999969e-05 1.136757779999999932e-05 1.136563880000000022e-05 1.136359609999999975e-05 1.136146059999999978e-05 1.135924050000000040e-05 1.135694580000000060e-05 1.135458480000000044e-05 1.135216460000000068e-05 1.134969260000000020e-05 1.134717510000000027e-05 1.134461850000000039e-05 1.134202830000000059e-05 1.133941080000000044e-05 1.133676869999999999e-05 1.133410840000000044e-05 1.133143270000000008e-05 1.132874599999999963e-05 1.132605210000000017e-05 1.132335459999999951e-05 1.132065430000000054e-05 1.131795580000000049e-05 1.131526099999999988e-05 1.131257159999999938e-05 1.130989040000000067e-05 1.130721919999999927e-05 1.130455800000000026e-05 1.130191049999999971e-05 1.129927659999999936e-05 1.129665819999999976e-05 1.129405519999999927e-05 1.129146950000000013e-05 1.128890110000000063e-05 1.128635179999999970e-05 1.128382059999999962e-05 1.128130949999999919e-05 1.127881840000000016e-05 1.127634730000000083e-05 1.127389710000000067e-05 1.127146700000000014e-05 1.126905859999999998e-05 1.126667029999999947e-05 1.126430289999999981e-05 1.126195639999999931e-05 1.125963079999999965e-05 1.125732620000000079e-05 1.125504239999999946e-05 1.125277869999999946e-05 1.125053590000000032e-05 1.124831209999999979e-05 1.124610940000000000e-05 1.124392570000000051e-05
1.397028340000000066e-05 1.422212339999999993e-05 1.428416639999999963e-05 1.428893480000000056e-05 1.427464299999999980e-05 1.425472509999999923e-05 1.423472799999999935e-05 1.421713300000000007e-05 1.420299119999999964e-05 1.419260750000000081e-05 1.418587179999999934e-05 1.418245210000000047e-05 1.418190910000000009e-05 1.418376909999999976e-05 1.418756260000000019e-05 1.419285670000000015e-05 1.419926320000000007e-05 1.420644180000000006e-05 1.421410619999999961e-05 1.422201600000000082e-05 1.422997590000000037e-05 1.423782759999999961e-05 1.424544550000000032e-05 1.425273419999999948e-05 1.425962090000000066e-05 1.426605560000000039e-05 1.427200190000000044e-05 1.427743699999999942e-05 1.428235189999999941e-05 1.428674390000000037e-05 1.429061830000000076e-05 1.429398529999999947e-05 1.429685929999999961e-05 1.429925939999999973e-05 1.430120480000000002e-05 1.430271639999999965e-05 1.430381779999999952e-05 1.430453089999999987e-05 1.430488009999999943e-05 1.430488650000000062e-05 1.430457450000000048e-05 1.430396509999999979e-05 1.430308020000000050e-05 1.430193970000000068e-05 1.430056270000000057e-05 1.429896840000000037e-05 1.429717489999999925e-05 1.429519849999999916e-05 1.429305580000000018e-05 1.429076019999999924e-05 1.428832730000000041e-05 1.428576979999999938e-05 1.428310040000000028e-05 1.428033009999999980e-05 1.427746880000000042e-05 1.427452839999999998e-05 1.427151799999999972e-05 1.426844480000000035e-05 1.426531799999999968e-05 1.426214480000000009e-05 1.425893240000000061e-05 1.425568639999999952e-05 1.425241319999999972e-05 1.424911809999999967e-05 1.424580569999999997e-05 1.424248150000000066e-05 1.423914820000000011e-05 1.423581120000000011e-05 1.423247340000000060e-05 1.422913829999999945e-05 1.422580770000000064e-05 1.422248440000000079e-05 1.421917199999999939e-05 1.421587240000000038e-05 1.421258639999999989e-05 1.420931590000000014e-05 1.420606349999999955e-05 1.420283019999999922e-05 1.419961610000000077e-05 1.419642379999999924e-05 1.419325329999999970e-05 1.419010549999999993e-05 1.418698049999999985e-05 1.418388089999999959e-05 1.418080500000000017e-05 1.417775369999999935e-05 1.417472780000000005e-05 1.417172730000000055e-05 1.416875240000000074e-05 1.416580380000000020e-05 1.416287979999999995e-05 1.415998210000000067e-05 1.415710899999999998e-05 1.415426230000000020e-05 1.415144110000000017e-05 1.414864440000000049e-05 1.414587310000000063e-05 1.414312559999999986e-05 1.414040340000000065e-05 1.413770500000000053e-05
1.780174900000000004e-05 1.798532500000000047e-05 1.800734940000000000e-05 1.798737870000000102e-05 1.795677419999999934e-05 1.792558399999999951e-05 1.789763879999999968e-05 1.787448850000000162e-05 1.785662430000000160e-05 1.784396410000000039e-05 1.783610969999999940e-05 1.783249350000000135e-05 1.783248080000000060e-05 1.783542759999999885e-05 1.784072259999999995e-05 1.784781309999999927e-05 1.785620949999999955e-05 1.786549179999999851e-05 1.787530709999999884e-05 1.788536060000000012e-05 1.789541780000000084e-05 1.790528589999999958e-05 1.791481919999999848e-05 1.792390499999999996e-05 1.793245789999999831e-05 1.794041780000000126e-05 1.794775020000000096e-05 1.795442770000000053e-05 1.796044489999999984e-05 1.796580179999999891e-05 1.797050569999999838e-05 1.797457480000000073e-05 1.797802720000000006e-05 1.798089030000000005e-05 1.798318769999999989e-05 1.798494850000000055e-05 1.798620179999999960e-05 1.798697489999999906e-05 1.798730230000000001e-05 1.798720769999999990e-05 1.798672380000000088e-05 1.798587439999999865e-05 1.798468840000000106e-05 1.798319139999999934e-05 1.798140509999999892e-05 1.797935690000000011e-05 1.797706499999999862e-05 1.797455300000000043e-05 1.797183899999999963e-05 1.796894139999999858e-05 1.796587819999999992e-05 1.796266589999999868e-05 1.795931710000000077e-05 1.795584830000000124e-05 1.795227220000000085e-05 1.794860150000000034e-05 1.794484710000000157e-05 1.794101810000000069e-05 1.793712539999999957e-05 1.793318009999999991e-05 1.792918739999999856e-05 1.792515470000000119e-05 1.792109289999999948e-05 1.791700560000000141e-05 1.791289829999999855e-05 1.790877829999999832e-05 1.790464919999999854e-05 1.790051829999999986e-05 1.789638550000000064e-05 1.789225830000000140e-05 1.788813819999999954e-05 1.788402729999999887e-05 1.787993279999999839e-05 1.787585280000000097e-05 1.787179099999999926e-05 1.786774919999999895e-05 1.786372919999999894e-05 1.785973469999999869e-05 1.785576389999999928e-05 1.785182030000000028e-05 1.784790399999999994e-05 1.784401500000000164e-05 1.784015689999999982e-05 1.783632800000000058e-05 1.783252989999999956e-05 1.782876280000000003e-05 1.782502480000000146e-05 1.782132130000000056e-05 1.781764690000000060e-05 1.781400530000000105e-05 1.781039460000000135e-05 1.780681669999999866e-05 1.780326969999999922e-05 1.779975359999999964e-05 1.779626839999999991e-05 1.779281589999999894e-05 1.778939260000000057e-05 1.778600019999999866e-05 1.778263869999999999e-05 1.777930449999999999e-05
2.260478320000000086e-05 2.270444570000000001e-05 2.267991659999999955e-05 2.263200260000000128e-05 2.258333369999999927e-05 2.253985799999999923e-05 2.250339640000000090e-05 2.247443260000000001e-05 2.245281940000000133e-05 2.243804369999999985e-05 2.242937989999999943e-05 2.242599290000000102e-05 2.242702069999999987e-05 2.243162269999999858e-05 2.243902600000000094e-05 2.244853749999999954e-05 2.245955330000000050e-05 2.247155500000000037e-05 2.248411509999999973e-05 2.249688259999999842e-05 2.250956820000000113e-05 2.252195010000000036e-05 2.253385359999999891e-05 2.254514769999999848e-05 2.255573600000000003e-05 2.256555490000000156e-05 2.257456070000000083e-05 2.258273339999999983e-05 2.259006400000000063e-05 2.259656139999999952e-05 2.260224029999999943e-05 2.260712239999999903e-05 2.261123880000000144e-05 2.261461849999999921e-05 2.261729609999999841e-05 2.261931150000000022e-05 2.262070120000000107e-05 2.262150159999999920e-05 2.262175080000000023e-05 2.262148340000000009e-05 2.262073940000000158e-05 2.261955159999999831e-05 2.261795269999999921e-05 2.261597360000000076e-05 2.261364720000000160e-05 2.261099869999999996e-05 2.260805919999999897e-05 2.260485230000000123e-05 2.260140170000000080e-05 2.259773279999999920e-05 2.259386200000000001e-05 2.258981289999999905e-05 2.258560380000000046e-05 2.258125099999999940e-05 2.257676899999999892e-05 2.257217600000000152e-05 2.256748300000000051e-05 2.256270449999999895e-05 2.255785150000000030e-05 2.255293480000000140e-05 2.254796530000000070e-05 2.254295210000000114e-05 2.253790260000000163e-05 2.253282580000000006e-05 2.252772720000000158e-05 2.252261580000000071e-05 2.251749720000000083e-05 2.251237490000000151e-05 2.250725630000000163e-05 2.250214309999999847e-05 2.249704270000000108e-05 2.249195500000000106e-05 2.248688720000000080e-05 2.248183959999999843e-05 2.247681729999999933e-05 2.247182060000000160e-05 2.246685110000000091e-05 2.246191429999999897e-05 2.245700669999999962e-05 2.245213360000000133e-05 2.244729509999999895e-05 2.244249300000000156e-05 2.243772720000000075e-05 2.243299789999999978e-05 2.242830849999999997e-05 2.242365549999999837e-05 2.241904260000000121e-05 2.241446779999999953e-05 2.240993309999999889e-05 2.240543650000000051e-05 2.240097999999999978e-05 2.239656349999999846e-05 2.239218520000000104e-05 2.238784510000000073e-05 2.238354499999999984e-05 2.237928309999999944e-05 2.237505939999999955e-05 2.237087210000000126e-05 2.236672300000000008e-05 2.236261209999999941e-05
2.862264590000000025e-05 2.862334619999999991e-05 2.854595910000000023e-05 2.846702959999999931e-05 2.839864650000000000e-05 2.834196680000000056e-05 2.829651570000000152e-05 2.826158019999999908e-05 2.823630710000000010e-05 2.821970880000000163e-05 2.821069030000000161e-05 2.820810910000000143e-05 2.821084489999999914e-05 2.821783709999999890e-05 2.822811800000000091e-05 2.824083089999999889e-05 2.825524099999999892e-05 2.827072240000000016e-05 2.828675680000000079e-05 2.830292210000000150e-05 2.831888010000000111e-05 2.833436879999999962e-05 2.834918450000000051e-05 2.836317799999999958e-05 2.837624020000000045e-05 2.838830009999999883e-05 2.839931589999999980e-05 2.840926750000000032e-05 2.841815510000000026e-05 2.842598949999999985e-05 2.843279800000000112e-05 2.843861150000000056e-05 2.844346819999999865e-05 2.844741359999999994e-05 2.845048949999999936e-05 2.845274869999999870e-05 2.845423479999999858e-05 2.845499879999999849e-05 2.845508790000000025e-05 2.845454579999999933e-05 2.845342169999999970e-05 2.845175549999999915e-05 2.844959089999999992e-05 2.844696609999999913e-05 2.844391930000000066e-05 2.844048689999999934e-05 2.843670149999999908e-05 2.843259430000000124e-05 2.842819590000000078e-05 2.842353390000000127e-05 2.841863350000000093e-05 2.841352030000000116e-05 2.840821429999999996e-05 2.840274100000000047e-05 2.839711489999999897e-05 2.839135779999999915e-05 2.838548429999999891e-05 2.837951070000000020e-05 2.837345160000000094e-05 2.836731980000000011e-05 2.836112619999999956e-05 2.835488339999999843e-05 2.834860240000000017e-05 2.834229049999999867e-05 2.833595680000000025e-05 2.832961040000000108e-05 2.832325839999999854e-05 2.831690469999999872e-05 2.831055829999999955e-05 2.830422449999999950e-05 2.829790539999999899e-05 2.829160800000000053e-05 2.828533429999999954e-05 2.827908969999999949e-05 2.827287610000000094e-05 2.826669700000000005e-05 2.826055419999999913e-05 2.825444970000000035e-05 2.824838699999999988e-05 2.824236619999999937e-05 2.823639079999999837e-05 2.823045909999999961e-05 2.822457280000000037e-05 2.821873389999999943e-05 2.821294399999999921e-05 2.820720150000000068e-05 2.820150799999999948e-05 2.819586189999999997e-05 2.819026669999999833e-05 2.818472059999999903e-05 2.817922179999999980e-05 2.817377389999999843e-05 2.816837330000000050e-05 2.816302189999999979e-05 2.815771770000000088e-05 2.815246260000000094e-05 2.814725489999999930e-05 2.814209260000000056e-05 2.813697759999999850e-05 2.813190989999999987e-05
3.616165849999999953e-05 3.604930680000000324e-05 3.591310089999999786e-05 3.580027989999999706e-05 3.571067650000000256e-05 3.564000140000000012e-05 3.558520979999999683e-05 3.554428259999999821e-05 3.551559350000000150e-05 3.549762910000000139e-05 3.548888710000000106e-05 3.548788300000000305e-05 3.549319439999999758e-05 3.550350810000000337e-05 3.551762709999999902e-05 3.553451459999999794e-05 3.555327930000000132e-05 3.557316449999999974e-05 3.559355899999999868e-05 3.561395349999999763e-05 3.563395880000000269e-05 3.565326189999999738e-05 3.567163369999999727e-05 3.568890320000000122e-05 3.570494659999999976e-05 3.571969500000000259e-05 3.573310459999999903e-05 3.574516089999999960e-05 3.575587109999999992e-05 3.576525710000000194e-05 3.577335519999999883e-05 3.578021639999999688e-05 3.578588799999999953e-05 3.579043189999999797e-05 3.579390249999999979e-05 3.579636539999999902e-05 3.579788240000000214e-05 3.579851180000000253e-05 3.579831539999999991e-05 3.579735490000000251e-05 3.579568149999999956e-05 3.579335320000000324e-05 3.579041729999999668e-05 3.578692850000000252e-05 3.578293040000000107e-05 3.577846659999999970e-05 3.577357710000000121e-05 3.576830570000000270e-05 3.576268859999999912e-05 3.575675509999999807e-05 3.575053779999999668e-05 3.574406950000000213e-05 3.573737560000000236e-05 3.573047799999999933e-05 3.572340940000000195e-05 3.571618439999999796e-05 3.570882469999999960e-05 3.570134870000000245e-05 3.569377800000000017e-05 3.568612009999999667e-05 3.567840030000000198e-05 3.567062229999999861e-05 3.566280070000000141e-05 3.565494990000000163e-05 3.564707729999999815e-05 3.563919380000000298e-05 3.563130670000000323e-05 3.562342679999999911e-05 3.561555789999999846e-05 3.560770709999999868e-05 3.559987820000000083e-05 3.559207830000000230e-05 3.558431490000000023e-05 3.557658779999999812e-05 3.556890079999999705e-05 3.556126100000000118e-05 3.555366860000000023e-05 3.554612339999999770e-05 3.553863279999999926e-05 3.553119679999999813e-05 3.552381899999999891e-05 3.551649569999999875e-05 3.550923069999999875e-05 3.550202380000000240e-05 3.549488250000000007e-05 3.548779569999999681e-05 3.548077440000000287e-05 3.547381129999999729e-05 3.546691370000000103e-05 3.546007429999999990e-05 3.545329669999999848e-05 3.544658100000000180e-05 3.543992720000000308e-05 3.543333509999999905e-05 3.542680130000000195e-05 3.542032569999999998e-05 3.541391200000000274e-05 3.540755640000000238e-05 3.540125539999999934e-05 3.539501630000000103e-05
4.560809979999999803e-05 4.536974299999999791e-05 4.516915210000000145e-05 4.501980579999999868e-05 4.490766150000000172e-05 4.482235449999999851e-05 4.475804229999999706e-05 4.471127250000000146e-05 4.467960029999999976e-05 4.466094110000000172e-05 4.465333400000000123e-05 4.465491290000000231e-05 4.466390959999999864e-05 4.467871259999999878e-05 4.469787379999999669e-05 4.472013819999999946e-05 4.474443270000000018e-05 4.476985489999999834e-05 4.479567359999999781e-05 4.482130320000000208e-05 4.484627789999999942e-05 4.487023760000000030e-05 4.489292039999999954e-05 4.491413709999999692e-05 4.493376039999999694e-05 4.495170649999999970e-05 4.496794280000000131e-05 4.498246559999999892e-05 4.499528950000000060e-05 4.500645450000000238e-05 4.501601140000000050e-05 4.502402949999999857e-05 4.503057429999999915e-05 4.503572199999999998e-05 4.503955280000000315e-05 4.504214670000000070e-05 4.504358000000000217e-05 4.504392929999999828e-05 4.504327080000000033e-05 4.504168459999999860e-05 4.503923259999999783e-05 4.503599119999999903e-05 4.503201490000000127e-05 4.502737279999999813e-05 4.502211959999999873e-05 4.501630609999999929e-05 4.500999059999999998e-05 4.500321670000000140e-05 4.499602439999999956e-05 4.498846470000000076e-05 4.498057020000000212e-05 4.497237749999999834e-05 4.496391920000000010e-05 4.495522810000000103e-05 4.494633320000000044e-05 4.493726010000000310e-05 4.492803419999999697e-05 4.491867370000000148e-05 4.490920399999999782e-05 4.489964339999999687e-05 4.489000640000000169e-05 4.488031480000000242e-05 4.487057589999999971e-05 4.486080799999999768e-05 4.485102179999999830e-05 4.484122840000000329e-05 4.483143859999999932e-05 4.482165970000000059e-05 4.481189900000000096e-05 4.480217099999999670e-05 4.479247220000000181e-05 4.478281700000000075e-05 4.477320910000000313e-05 4.476365210000000000e-05 4.475414610000000314e-05 4.474470189999999923e-05 4.473531950000000180e-05 4.472600269999999840e-05 4.471675489999999711e-05 4.470757630000000120e-05 4.469846679999999888e-05 4.468943009999999975e-05 4.468046970000000338e-05 4.467158579999999950e-05 4.466277819999999837e-05 4.465404340000000044e-05 4.464538869999999958e-05 4.463681399999999753e-05 4.462831200000000044e-05 4.461989010000000041e-05 4.461154460000000139e-05 4.460327910000000119e-05 4.459508639999999741e-05 4.458697000000000317e-05 4.457893010000000140e-05 4.457096660000000064e-05 4.456307579999999806e-05 4.455525779999999867e-05 4.454751249999999745e-05 4.453983999999999943e-05
5.744957160000000335e-05 5.707329180000000283e-05 5.680313549999999875e-05 5.661487379999999796e-05 5.647908619999999759e-05 5.637871799999999867e-05 5.630489609999999754e-05 5.625265840000000255e-05 5.621867599999999862e-05 5.620024969999999967e-05 5.619492000000000101e-05 5.620037339999999735e-05 5.621445959999999938e-05 5.623522160000000032e-05 5.626091660000000211e-05 5.629003140000000271e-05 5.632128520000000116e-05 5.635361590000000082e-05 5.638615399999999980e-05 5.641821190000000260e-05 5.644925109999999931e-05 5.647886430000000199e-05 5.650674939999999937e-05 5.653269909999999716e-05 5.655657510000000317e-05 5.657830479999999713e-05 5.659785530000000073e-05 5.661524120000000171e-05 5.663049159999999763e-05 5.664366840000000002e-05 5.665484420000000201e-05 5.666411020000000241e-05 5.667155710000000199e-05 5.667728689999999977e-05 5.668139420000000263e-05 5.668398810000000018e-05 5.668516310000000106e-05 5.668502130000000253e-05 5.668365700000000318e-05 5.668116140000000180e-05 5.667762890000000201e-05 5.667313600000000308e-05 5.666776630000000162e-05 5.666159269999999909e-05 5.665468780000000219e-05 5.664712080000000274e-05 5.663894990000000265e-05 5.663023690000000164e-05 5.662103289999999745e-05 5.661139219999999944e-05 5.660135870000000295e-05 5.659097589999999680e-05 5.658028750000000017e-05 5.656932989999999772e-05 5.655813579999999837e-05 5.654673810000000078e-05 5.653516560000000098e-05 5.652344410000000025e-05 5.651160249999999965e-05 5.649965899999999830e-05 5.648763539999999988e-05 5.647555369999999780e-05 5.646342829999999687e-05 5.645127379999999838e-05 5.643910840000000142e-05 5.642694670000000052e-05 5.641479220000000203e-05 5.640266320000000328e-05 5.639056689999999991e-05 5.637851430000000218e-05 5.636650890000000286e-05 5.635455819999999911e-05 5.634267289999999966e-05 5.633085679999999881e-05 5.631910970000000009e-05 5.630744269999999842e-05 5.629585939999999842e-05 5.628435609999999723e-05 5.627294379999999834e-05 5.626162239999999673e-05 5.625038830000000137e-05 5.623925239999999715e-05 5.622820750000000201e-05 5.621726090000000303e-05 5.620641239999999697e-05 5.619565849999999779e-05 5.618500290000000156e-05 5.617444550000000325e-05 5.616398630000000287e-05 5.615362530000000041e-05 5.614336260000000090e-05 5.613319440000000325e-05 5.612312450000000178e-05 5.611314920000000042e-05 5.610326840000000092e-05 5.609348229999999979e-05 5.608379070000000052e-05 5.607418640000000072e-05 5.606467679999999927e-05 5.605525799999999686e-05
7.230184559999999891e-05 7.177639049999999673e-05 7.143175749999999640e-05 7.120244849999999713e-05 7.104214459999999868e-05 7.092652229999999423e-05 7.084346000000000425e-05 7.078639459999999694e-05 7.075106990000000061e-05 7.073413140000000220e-05 7.073255260000000614e-05 7.074353199999999873e-05 7.076447949999999706e-05 7.079302300000000093e-05 7.082708180000000587e-05 7.086485129999999378e-05 7.090481090000000440e-05 7.094570170000000480e-05 7.098650530000000399e-05 7.102642120000000219e-05 7.106482369999999509e-05 7.110125440000000373e-05 7.113537870000000444e-05 7.116696360000000668e-05 7.119587100000000118e-05 7.122204260000000134e-05 7.124544210000000044e-05 7.126612040000000650e-05 7.128412109999999980e-05 7.129954610000000144e-05 7.131248279999999556e-05 7.132305470000000370e-05 7.133139300000000032e-05 7.133761390000000629e-05 7.134185580000000529e-05 7.134424229999999673e-05 7.134491169999999992e-05 7.134398040000000511e-05 7.134156480000000255e-05 7.133778850000000523e-05 7.133275360000000361e-05 7.132657630000000502e-05 7.131933670000000652e-05 7.131115130000000339e-05 7.130208539999999490e-05 7.129223379999999799e-05 7.128166909999999904e-05 7.127046409999999446e-05 7.125868429999999358e-05 7.124639520000000572e-05 7.123364050000000264e-05 7.122048560000000220e-05 7.120697409999999822e-05 7.119315709999999523e-05 7.117907079999999495e-05 7.116475170000000061e-05 7.115024349999999752e-05 7.113556790000000467e-05 7.112075400000000608e-05 7.110583830000000497e-05 7.109084249999999324e-05 7.107578860000000496e-05 7.106069819999999990e-05 7.104558610000000294e-05 7.103046660000000032e-05 7.101536180000000400e-05 7.100028600000000023e-05 7.098525380000000385e-05 7.097026539999999779e-05 7.095534239999999604e-05 7.094048490000000361e-05 7.092570740000000323e-05 7.091101719999999553e-05 7.089641439999999910e-05 7.088191340000000518e-05 7.086751430000000525e-05 7.085321699999999427e-05 7.083903620000000568e-05 7.082496450000000669e-05 7.081100919999999796e-05 7.079717030000000659e-05 7.078345519999999758e-05 7.076986370000000156e-05 7.075638859999999579e-05 7.074303719999999447e-05 7.072980949999999761e-05 7.071671280000000584e-05 7.070373250000000433e-05 7.069088310000000289e-05 7.067815019999999673e-05 7.066554099999999502e-05 7.065305540000000630e-05 7.064069359999999994e-05 7.062844819999999739e-05 7.061632639999999427e-05 7.060431379999999933e-05 7.059242489999999529e-05 7.058065239999999506e-05 7.056899629999999863e-05 7.055744939999999683e-05
9.094249249999999485e-05 9.025671169999999730e-05 8.983281439999999621e-05 8.956052619999999844e-05 8.937509120000000282e-05 8.924431310000000255e-05 8.915257790000000583e-05 8.909165630000000062e-05 8.905633149999999927e-05 8.904252170000000546e-05 8.904660350000000179e-05 8.906520819999999398e-05 8.909520689999999449e-05 8.913379130000000051e-05 8.917846569999999889e-05 8.922709090000000205e-05 8.927786259999999341e-05 8.932929629999999586e-05 8.938021350000000215e-05 8.942967539999999323e-05 8.947696919999999568e-05 8.952157799999999326e-05 8.956313830000000187e-05 8.960139529999999340e-05 8.963621800000000340e-05 8.966754830000000110e-05 8.969539339999999569e-05 8.971981149999999584e-05 8.974089719999999489e-05 8.975877430000000232e-05 8.977358079999999524e-05 8.978546980000000430e-05 8.979461559999999982e-05 8.980117129999999886e-05 8.980530400000000322e-05 8.980719579999999543e-05 8.980698479999999829e-05 8.980484559999999717e-05 8.980091660000000286e-05 8.979535049999999878e-05 8.978827830000000359e-05 8.977983090000000381e-05 8.977012479999999471e-05 8.975928360000000284e-05 8.974740919999999508e-05 8.973460350000000605e-05 8.972095380000000135e-05 8.970655470000000141e-05 8.969148619999999829e-05 8.967582110000000195e-05 8.965962480000000314e-05 8.964296279999999764e-05 8.962589350000000417e-05 8.960847480000000279e-05 8.959075790000000305e-05 8.957277900000000666e-05 8.955458909999999958e-05 8.953621730000000647e-05 8.951771449999999472e-05 8.949909530000000626e-05 8.948040339999999929e-05 8.946165329999999720e-05 8.944287400000000608e-05 8.942409480000000643e-05 8.940532280000000240e-05 8.938658719999999658e-05 8.936789530000000318e-05 8.934926880000000052e-05 8.933071509999999428e-05 8.931225599999999493e-05 8.929388420000000182e-05 8.927562890000000399e-05 8.925748260000000429e-05 8.923946010000000052e-05 8.922156849999999682e-05 8.920381519999999887e-05 8.918619280000000100e-05 8.916872320000000514e-05 8.915139190000000147e-05 8.913421329999999480e-05 8.911718759999999516e-05 8.910031469999999754e-05 8.908360179999999756e-05 8.906704169999999960e-05 8.905063440000000365e-05 8.903438719999999681e-05 8.901830010000000618e-05 8.900236569999999900e-05 8.898659139999999447e-05 8.897096999999999699e-05 8.895550850000000568e-05 8.894019989999999429e-05 8.892504409999999848e-05 8.891003380000000404e-05 8.889518359999999870e-05 8.888047159999999409e-05 8.886591240000000504e-05 8.885149870000000382e-05 8.883723059999999543e-05 8.882310070000000132e-05
1.143530609999999945e-04 1.134951959999999996e-04 1.129871670000000044e-04 1.126701900000000035e-04 1.124593250000000043e-04 1.123138059999999983e-04 1.122143370000000019e-04 1.121509560000000038e-04 1.121174279999999948e-04 1.121089009999999959e-04 1.121210590000000008e-04 1.121498940000000054e-04 1.121916870000000030e-04 1.122430840000000058e-04 1.123011240000000002e-04 1.123632609999999953e-04 1.124273769999999974e-04 1.124917400000000018e-04 1.125549529999999936e-04 1.126159619999999965e-04 1.126739370000000068e-04 1.127283100000000035e-04 1.127786749999999964e-04 1.128247749999999959e-04 1.128664950000000006e-04 1.129037849999999936e-04 1.129366939999999959e-04 1.129653250000000025e-04 1.129898009999999963e-04 1.130103120000000040e-04 1.130270319999999946e-04 1.130401720000000058e-04 1.130499440000000037e-04 1.130565650000000020e-04 1.130602399999999948e-04 1.130611849999999999e-04 1.130596070000000034e-04 1.130556849999999946e-04 1.130496239999999948e-04 1.130415910000000007e-04 1.130317610000000042e-04 1.130202949999999990e-04 1.130073429999999956e-04 1.129930320000000014e-04 1.129775119999999999e-04 1.129608939999999947e-04 1.129432860000000017e-04 1.129248119999999995e-04 1.129055530000000034e-04 1.128856019999999942e-04 1.128650469999999996e-04 1.128439619999999950e-04 1.128224179999999950e-04 1.128004810000000067e-04 1.127782020000000026e-04 1.127556459999999941e-04 1.127328650000000037e-04 1.127098949999999960e-04 1.126867790000000025e-04 1.126635620000000060e-04 1.126402790000000022e-04 1.126169519999999980e-04 1.125936109999999956e-04 1.125702840000000049e-04 1.125470010000000011e-04 1.125237759999999959e-04 1.125006239999999972e-04 1.124775739999999975e-04 1.124546319999999999e-04 1.124318150000000043e-04 1.124091290000000002e-04 1.123865879999999995e-04 1.123642069999999964e-04 1.123419860000000046e-04 1.123199400000000046e-04 1.122980680000000006e-04 1.122763789999999971e-04 1.122548780000000014e-04 1.122335670000000054e-04 1.122124449999999996e-04 1.121915270000000054e-04 1.121707970000000054e-04 1.121502719999999993e-04 1.121299429999999961e-04 1.121098099999999958e-04 1.120898809999999935e-04 1.120701560000000028e-04 1.120506279999999974e-04 1.120312949999999988e-04 1.120121599999999952e-04 1.119932199999999984e-04 1.119744770000000004e-04 1.119559240000000022e-04 1.119375669999999934e-04 1.119193910000000066e-04 1.119014050000000061e-04 1.118836079999999957e-04 1.118659930000000035e-04 1.118485519999999937e-04 1.118312939999999980e-04
1.437719039999999957e-04 1.427289679999999873e-04 1.421317569999999957e-04 1.417685850000000090e-04 1.415323350000000026e-04 1.413729479999999942e-04 1.412671700000000131e-04 1.412032429999999876e-04 1.411738629999999923e-04 1.411733539999999933e-04 1.411966510000000090e-04 1.412389829999999942e-04 1.412959540000000046e-04 1.413635620000000125e-04 1.414382999999999905e-04 1.415171720000000112e-04 1.415976879999999950e-04 1.416777960000000099e-04 1.417559109999999925e-04 1.418307950000000106e-04 1.419015460000000093e-04 1.419674950000000054e-04 1.420282349999999990e-04 1.420835030000000109e-04 1.421331840000000129e-04 1.421773050000000053e-04 1.422159259999999925e-04 1.422492059999999896e-04 1.422773639999999889e-04 1.423006029999999923e-04 1.423192010000000004e-04 1.423334030000000100e-04 1.423435019999999887e-04 1.423497739999999992e-04 1.423524660000000032e-04 1.423518550000000052e-04 1.423482029999999883e-04 1.423417420000000011e-04 1.423327190000000055e-04 1.423213399999999915e-04 1.423078209999999904e-04 1.422923669999999962e-04 1.422751519999999913e-04 1.422563359999999869e-04 1.422360950000000116e-04 1.422145870000000032e-04 1.421919150000000109e-04 1.421682389999999918e-04 1.421436609999999991e-04 1.421182970000000028e-04 1.420922340000000078e-04 1.420655900000000033e-04 1.420384210000000095e-04 1.420108159999999961e-04 1.419828479999999966e-04 1.419545879999999983e-04 1.419260810000000112e-04 1.418973839999999973e-04 1.418685419999999935e-04 1.418396130000000122e-04 1.418106399999999898e-04 1.417816380000000019e-04 1.417526660000000026e-04 1.417237359999999982e-04 1.416948799999999961e-04 1.416661249999999971e-04 1.416374869999999914e-04 1.416089940000000026e-04 1.415806469999999996e-04 1.415524750000000020e-04 1.415244910000000122e-04 1.414967119999999893e-04 1.414691359999999956e-04 1.414417779999999980e-04 1.414146389999999928e-04 1.413877330000000052e-04 1.413610730000000105e-04 1.413346470000000023e-04 1.413084680000000100e-04 1.412825510000000008e-04 1.412568670000000093e-04 1.412314450000000008e-04 1.412062700000000083e-04 1.411813569999999989e-04 1.411566920000000014e-04 1.411322879999999909e-04 1.411081319999999925e-04 1.410842230000000099e-04 1.410605760000000104e-04 1.410371769999999958e-04 1.410140249999999971e-04 1.409911059999999889e-04 1.409684339999999966e-04 1.409460089999999932e-04 1.409238180000000034e-04 1.409018730000000065e-04 1.408801470000000018e-04 1.408586539999999877e-04 1.408373789999999969e-04 1.408163369999999967e-04
1.807606599999999892e-04 1.795180290000000041e-04 1.788263330000000096e-04 1.784157649999999979e-04 1.781546599999999942e-04 1.779827870000000041e-04 1.778727309999999866e-04 1.778108130000000109e-04 1.777886650000000120e-04 1.777996950000000111e-04 1.778379519999999890e-04 1.778978479999999941e-04 1.779741430000000119e-04 1.780621100000000115e-04 1.781575989999999870e-04 1.782570759999999922e-04 1.783576150000000093e-04 1.784568300000000042e-04 1.785529020000000083e-04 1.786444050000000005e-04 1.787303189999999906e-04 1.788099469999999990e-04 1.788828229999999905e-04 1.789487140000000016e-04 1.790075479999999946e-04 1.790593809999999899e-04 1.791043609999999923e-04 1.791427349999999907e-04 1.791747490000000049e-04 1.792007239999999992e-04 1.792210100000000115e-04 1.792359540000000107e-04 1.792458790000000070e-04 1.792511609999999889e-04 1.792521359999999962e-04 1.792491379999999951e-04 1.792424740000000060e-04 1.792324620000000049e-04 1.792193799999999924e-04 1.792035040000000039e-04 1.791850949999999995e-04 1.791643879999999889e-04 1.791416139999999976e-04 1.791169779999999927e-04 1.790906830000000031e-04 1.790628879999999899e-04 1.790337700000000048e-04 1.790035020000000070e-04 1.789721859999999956e-04 1.789399830000000047e-04 1.789070080000000086e-04 1.788733640000000024e-04 1.788391670000000102e-04 1.788044760000000134e-04 1.787694049999999900e-04 1.787340299999999886e-04 1.786984070000000025e-04 1.786625939999999895e-04 1.786266660000000023e-04 1.785906790000000069e-04 1.785546629999999919e-04 1.785186610000000023e-04 1.784827329999999880e-04 1.784468910000000096e-04 1.784111659999999973e-04 1.783756159999999905e-04 1.783402259999999949e-04 1.783050390000000013e-04 1.782700859999999943e-04 1.782353499999999875e-04 1.782008910000000123e-04 1.781666799999999948e-04 1.781327450000000129e-04 1.780991010000000066e-04 1.780657620000000013e-04 1.780327149999999948e-04 1.779999869999999876e-04 1.779675660000000004e-04 1.779354499999999872e-04 1.779036679999999946e-04 1.778722069999999933e-04 1.778410659999999873e-04 1.778102450000000037e-04 1.777797590000000096e-04 1.777495930000000108e-04 1.777197470000000073e-04 1.776902209999999991e-04 1.776610150000000133e-04 1.776321299999999916e-04 1.776035499999999981e-04 1.775752899999999998e-04 1.775473359999999985e-04 1.775196869999999983e-04 1.774923290000000008e-04 1.774652919999999945e-04 1.774385309999999968e-04 1.774120759999999960e-04 1.773858970000000037e-04 1.773599939999999928e-04 1.773343830000000078e-04
2.272881250000000119e-04 2.258293390000000098e-04 2.250376860000000037e-04 2.245789510000000119e-04 2.242941699999999891e-04 2.241119360000000101e-04 2.240003809999999921e-04 2.239438759999999899e-04 2.239329040000000029e-04 2.239599130000000126e-04 2.240179309999999866e-04 2.241003819999999906e-04 2.242010960000000131e-04 2.243144699999999997e-04 2.244356000000000031e-04 2.245603250000000072e-04 2.246852089999999995e-04 2.248075180000000080e-04 2.249251119999999917e-04 2.250364049999999995e-04 2.251402620000000129e-04 2.252358970000000013e-04 2.253228889999999937e-04 2.254010180000000016e-04 2.254702410000000072e-04 2.255307189999999906e-04 2.255826840000000005e-04 2.256264560000000052e-04 2.256624140000000080e-04 2.256909790000000073e-04 2.257125889999999876e-04 2.257276789999999997e-04 2.257367159999999935e-04 2.257401359999999888e-04 2.257383600000000109e-04 2.257318119999999920e-04 2.257208979999999901e-04 2.257059819999999875e-04 2.256874289999999893e-04 2.256655569999999988e-04 2.256407169999999959e-04 2.256131559999999963e-04 2.255831929999999996e-04 2.255510479999999938e-04 2.255169669999999989e-04 2.254811840000000016e-04 2.254438730000000112e-04 2.254052379999999987e-04 2.253654380000000062e-04 2.253246490000000084e-04 2.252829730000000040e-04 2.252405830000000066e-04 2.251975820000000112e-04 2.251540719999999896e-04 2.251101539999999992e-04 2.250659310000000077e-04 2.250214749999999986e-04 2.249768730000000036e-04 2.249321700000000057e-04 2.248874369999999921e-04 2.248427479999999925e-04 2.247981170000000050e-04 2.247536180000000050e-04 2.247092779999999932e-04 2.246651420000000065e-04 2.246212239999999889e-04 2.245775690000000047e-04 2.245342040000000000e-04 2.244911299999999982e-04 2.244483910000000129e-04 2.244059869999999901e-04 2.243639320000000094e-04 2.243222550000000090e-04 2.242809419999999907e-04 2.242400220000000013e-04 2.241994949999999865e-04 2.241593759999999948e-04 2.241196490000000089e-04 2.240803439999999901e-04 2.240414469999999945e-04 2.240029569999999989e-04 2.239648749999999992e-04 2.239272139999999979e-04 2.238899609999999926e-04 2.238531160000000104e-04 2.238166780000000011e-04 2.237806479999999878e-04 2.237450240000000057e-04 2.237097939999999942e-04 2.236749710000000098e-04 2.236405270000000017e-04 2.236064899999999937e-04 2.235728169999999949e-04 2.235395369999999978e-04 2.235066199999999868e-04 2.234740820000000064e-04 2.234418929999999867e-04 2.234100829999999976e-04 2.233786219999999963e-04 2.233474949999999886e-04
2.858362279999999891e-04 2.841429960000000092e-04 2.832459289999999770e-04 2.827389109999999808e-04 2.824325059999999795e-04 2.822429519999999762e-04 2.821336669999999951e-04 2.820870429999999753e-04 2.820923110000000131e-04 2.821408560000000006e-04 2.822245880000000089e-04 2.823357940000000119e-04 2.824671389999999912e-04 2.826120469999999856e-04 2.827646969999999984e-04 2.829201989999999994e-04 2.830745649999999859e-04 2.832246249999999937e-04 2.833679029999999961e-04 2.835026529999999764e-04 2.836275960000000040e-04 2.837419159999999782e-04 2.838452060000000074e-04 2.839372609999999894e-04 2.840181989999999946e-04 2.840882230000000251e-04 2.841476819999999874e-04 2.841970710000000177e-04 2.842368559999999887e-04 2.842676190000000143e-04 2.842898830000000106e-04 2.843042890000000182e-04 2.843113619999999993e-04 2.843116820000000217e-04 2.843057739999999933e-04 2.842941609999999927e-04 2.842773099999999970e-04 2.842557439999999764e-04 2.842298709999999812e-04 2.842000980000000112e-04 2.841668030000000199e-04 2.841303650000000106e-04 2.840911329999999983e-04 2.840493690000000203e-04 2.840053639999999980e-04 2.839594090000000155e-04 2.839117370000000091e-04 2.838625509999999808e-04 2.838120850000000256e-04 2.837604839999999977e-04 2.837079520000000037e-04 2.836546340000000062e-04 2.836006750000000221e-04 2.835461640000000211e-04 2.834912740000000166e-04 2.834360929999999823e-04 2.833807080000000042e-04 2.833252369999999902e-04 2.832697059999999992e-04 2.832142049999999966e-04 2.831588210000000145e-04 2.831035819999999951e-04 2.830485760000000205e-04 2.829938019999999861e-04 2.829393199999999777e-04 2.828851869999999841e-04 2.828314030000000055e-04 2.827780260000000269e-04 2.827250569999999901e-04 2.826725249999999961e-04 2.826204289999999946e-04 2.825688280000000210e-04 2.825176929999999743e-04 2.824670810000000061e-04 2.824169350000000191e-04 2.823673129999999983e-04 2.823182149999999978e-04 2.822696410000000177e-04 2.822215900000000078e-04 2.821740350000000218e-04 2.821270319999999985e-04 2.820805529999999956e-04 2.820345980000000131e-04 2.819891669999999967e-04 2.819442600000000008e-04 2.818998469999999825e-04 2.818559589999999806e-04 2.818125940000000031e-04 2.817696950000000066e-04 2.817273199999999764e-04 2.816854389999999780e-04 2.816440540000000035e-04 2.816031340000000141e-04 2.815626790000000097e-04 2.815227199999999750e-04 2.814831969999999871e-04 2.814441399999999802e-04 2.814055480000000127e-04 2.813673929999999795e-04 2.813296450000000006e-04
3.595339659999999770e-04 3.575862789999999843e-04 3.565785880000000088e-04 3.560241309999999967e-04 3.556992740000000002e-04 3.555066939999999994e-04 3.554047139999999940e-04 3.553736899999999812e-04 3.554016290000000153e-04 3.554787249999999768e-04 3.555955770000000251e-04 3.557431050000000130e-04 3.559126929999999992e-04 3.560965119999999874e-04 3.562877249999999753e-04 3.564806249999999985e-04 3.566705270000000206e-04 3.568537649999999994e-04 3.570275729999999826e-04 3.571899430000000249e-04 3.573395369999999975e-04 3.574754809999999773e-04 3.575974260000000038e-04 3.577052559999999983e-04 3.577991740000000171e-04 3.578795290000000209e-04 3.579469050000000071e-04 3.580018819999999892e-04 3.580451010000000080e-04 3.580773480000000127e-04 3.580993219999999751e-04 3.581117489999999758e-04 3.581153870000000215e-04 3.581109049999999872e-04 3.580989720000000184e-04 3.580802589999999819e-04 3.580553459999999996e-04 3.580248450000000113e-04 3.579892509999999905e-04 3.579491170000000046e-04 3.579048789999999917e-04 3.578569739999999948e-04 3.578058090000000137e-04 3.577517639999999938e-04 3.576951860000000122e-04 3.576363669999999863e-04 3.575755980000000001e-04 3.575131409999999827e-04 3.574492880000000139e-04 3.573841820000000103e-04 3.573180870000000012e-04 3.572511489999999996e-04 3.571835400000000229e-04 3.571154380000000103e-04 3.570469559999999982e-04 3.569782129999999991e-04 3.569093529999999796e-04 3.568404349999999749e-04 3.567715760000000056e-04 3.567028619999999990e-04 3.566343220000000019e-04 3.565660739999999764e-04 3.564981740000000240e-04 3.564306239999999741e-04 3.563635110000000212e-04 3.562968919999999918e-04 3.562307389999999976e-04 3.561651390000000164e-04 3.561000919999999939e-04 3.560356269999999769e-04 3.559717730000000122e-04 3.559085309999999872e-04 3.558459280000000110e-04 3.557839660000000214e-04 3.557226450000000183e-04 3.556619920000000023e-04 3.556020090000000197e-04 3.555426960000000161e-04 3.554840509999999997e-04 3.554260770000000126e-04 3.553687710000000125e-04 3.553121349999999916e-04 3.552561390000000155e-04 3.552008420000000110e-04 3.551461560000000045e-04 3.550921679999999737e-04 3.550387919999999911e-04 3.549860849999999916e-04 3.549339889999999901e-04 3.548825039999999867e-04 3.548316600000000240e-04 3.547814270000000051e-04 3.547317759999999917e-04 3.546827359999999763e-04 3.546342780000000207e-04 3.545864020000000162e-04 3.545391080000000173e-04 3.544923379999999845e-04 3.544461510000000075e-04 3.544004870000000006e-04
4.523264360000000118e-04 4.501028160000000136e-04 4.489798739999999893e-04 4.483801600000000246e-04 4.480415370000000110e-04 4.478517220000000207e-04 4.477636539999999910e-04 4.477556499999999894e-04 4.478143819999999835e-04 4.479287599999999970e-04 4.480878709999999970e-04 4.482810040000000107e-04 4.484980020000000202e-04 4.487296099999999810e-04 4.489678249999999962e-04 4.492059229999999909e-04 4.494384630000000224e-04 4.496612529999999817e-04 4.498711500000000135e-04 4.500659120000000232e-04 4.502441440000000015e-04 4.504049429999999786e-04 4.505480470000000257e-04 4.506734839999999766e-04 4.507816339999999936e-04 4.508730199999999924e-04 4.509484279999999767e-04 4.510086150000000116e-04 4.510545699999999941e-04 4.510871370000000212e-04 4.511073059999999861e-04 4.511160080000000175e-04 4.511141159999999882e-04 4.511025329999999761e-04 4.510821019999999740e-04 4.510536379999999777e-04 4.510178410000000092e-04 4.509754649999999829e-04 4.509271529999999860e-04 4.508735150000000203e-04 4.508151029999999944e-04 4.507524720000000216e-04 4.506861149999999753e-04 4.506164410000000099e-04 4.505439140000000063e-04 4.504688549999999827e-04 4.503916429999999969e-04 4.503125669999999783e-04 4.502319209999999989e-04 4.501499929999999922e-04 4.500670179999999949e-04 4.499831700000000165e-04 4.498986819999999933e-04 4.498137279999999891e-04 4.497284540000000166e-04 4.496429759999999920e-04 4.495574980000000215e-04 4.494720779999999819e-04 4.493868330000000020e-04 4.493018789999999978e-04 4.492172450000000159e-04 4.491330760000000191e-04 4.490493739999999994e-04 4.489662529999999892e-04 4.488837149999999805e-04 4.488018170000000165e-04 4.487206460000000207e-04 4.486401450000000041e-04 4.485604299999999909e-04 4.484814709999999927e-04 4.484032979999999979e-04 4.483259399999999992e-04 4.482494259999999890e-04 4.481737269999999749e-04 4.480988720000000035e-04 4.480248610000000208e-04 4.479517230000000191e-04 4.478794000000000134e-04 4.478079789999999815e-04 4.477373729999999997e-04 4.476676399999999991e-04 4.475987229999999904e-04 4.475306780000000212e-04 4.474634479999999937e-04 4.473970330000000164e-04 4.473314619999999736e-04 4.472667059999999809e-04 4.472027359999999918e-04 4.471395510000000101e-04 4.470771529999999737e-04 4.470155399999999990e-04 4.469546839999999810e-04 4.468945839999999780e-04 4.468352129999999893e-04 4.467765980000000157e-04 4.467186810000000176e-04 4.466614629999999912e-04 4.466049429999999947e-04 4.465491220000000240e-04 4.464939699999999822e-04
5.691882689999999950e-04 5.666659560000000253e-04 5.654240379999999830e-04 5.647830550000000139e-04 5.644373009999999798e-04 5.642580799999999961e-04 5.641925380000000542e-04 5.642169269999999619e-04 5.643167529999999548e-04 5.644792110000000250e-04 5.646918429999999703e-04 5.649419039999999765e-04 5.652174000000000477e-04 5.655075069999999579e-04 5.658027369999999974e-04 5.660952300000000230e-04 5.663787009999999948e-04 5.666483780000000072e-04 5.669007079999999459e-04 5.671332470000000356e-04 5.673445410000000147e-04 5.675337160000000145e-04 5.677005969999999752e-04 5.678454180000000462e-04 5.679688770000000404e-04 5.680716709999999916e-04 5.681548500000000411e-04 5.682195190000000019e-04 5.682668419999999934e-04 5.682980410000000116e-04 5.683142809999999550e-04 5.683167260000000515e-04 5.683065389999999908e-04 5.682848859999999926e-04 5.682526390000000420e-04 5.682109620000000416e-04 5.681606709999999835e-04 5.681026379999999610e-04 5.680377359999999555e-04 5.679666060000000075e-04 5.678900050000000197e-04 5.678085730000000369e-04 5.677228910000000142e-04 5.676334260000000373e-04 5.675407589999999529e-04 5.674452989999999699e-04 5.673474519999999839e-04 5.672476249999999949e-04 5.671461110000000248e-04 5.670432579999999841e-04 5.669392990000000259e-04 5.668345259999999592e-04 5.667291119999999603e-04 5.666233479999999503e-04 5.665173520000000001e-04 5.664113560000000498e-04 5.663054179999999762e-04 5.661997710000000409e-04 5.660944730000000121e-04 5.659895829999999793e-04 5.658853329999999912e-04 5.657816659999999505e-04 5.656787540000000371e-04 5.655766000000000222e-04 5.654752600000000073e-04 5.653747939999999696e-04 5.652753169999999916e-04 5.651767709999999797e-04 5.650792150000000236e-04 5.649826490000000147e-04 5.648871880000000357e-04 5.647927170000000040e-04 5.646993519999999982e-04 5.646070350000000331e-04 5.645158229999999895e-04 5.644256599999999827e-04 5.643366020000000058e-04 5.642486499999999463e-04 5.641617460000000360e-04 5.640759480000000431e-04 5.639912559999999677e-04 5.639076120000000416e-04 5.638250150000000517e-04 5.637434659999999943e-04 5.636629069999999925e-04 5.635834530000000207e-04 5.635049889999999961e-04 5.634275150000000272e-04 5.633510300000000096e-04 5.632755350000000476e-04 5.632010290000000370e-04 5.631274539999999926e-04 5.630548110000000188e-04 5.629830410000000260e-04 5.629122609999999806e-04 5.628423530000000287e-04 5.627733190000000539e-04 5.627050999999999668e-04 5.626378119999999542e-04 5.625712799999999566e-04
7.163929989999999600e-04 7.135479250000000212e-04 7.121849339999999917e-04 7.115088519999999755e-04 7.111651360000000380e-04 7.110066939999999669e-04 7.109747970000000273e-04 7.110435979999999573e-04 7.111972660000000224e-04 7.114213660000000055e-04 7.117011699999999932e-04 7.120219519999999554e-04 7.123693939999999666e-04 7.127307470000000117e-04 7.130948359999999663e-04 7.134525800000000124e-04 7.137966459999999609e-04 7.141216769999999669e-04 7.144236010000000383e-04 7.146999119999999971e-04 7.149489829999999477e-04 7.151701719999999617e-04 7.153634800000000351e-04 7.155294300000000296e-04 7.156689530000000200e-04 7.157830990000000389e-04 7.158733210000000268e-04 7.159410160000000394e-04 7.159877569999999712e-04 7.160149979999999754e-04 7.160243109999999507e-04 7.160172100000000272e-04 7.159950329999999544e-04 7.159592349999999899e-04 7.159109810000000322e-04 7.158516090000000475e-04 7.157821669999999683e-04 7.157037030000000521e-04 7.156172650000000145e-04 7.155237249999999490e-04 7.154238409999999710e-04 7.153184849999999571e-04 7.152082979999999481e-04 7.150939199999999888e-04 7.149759330000000305e-04 7.148549190000000244e-04 7.147313439999999516e-04 7.146056160000000251e-04 7.144781410000000318e-04 7.143492689999999829e-04 7.142194079999999827e-04 7.140887319999999865e-04 7.139575900000000091e-04 7.138262149999999870e-04 7.136947819999999798e-04 7.135635240000000323e-04 7.134325570000000062e-04 7.133021139999999463e-04 7.131722519999999501e-04 7.130430889999999798e-04 7.129147999999999865e-04 7.127874409999999635e-04 7.126610729999999921e-04 7.125357519999999572e-04 7.124115950000000416e-04 7.122886600000000136e-04 7.121669479999999776e-04 7.120464580000000461e-04 7.119273069999999684e-04 7.118094949999999614e-04 7.116930210000000289e-04 7.115779440000000438e-04 7.114642070000000169e-04 7.113518079999999561e-04 7.112408640000000446e-04 7.111312589999999869e-04 7.110230509999999849e-04 7.109162400000000387e-04 7.108107669999999502e-04 7.107066920000000218e-04 7.106039559999999472e-04 7.105025579999999473e-04 7.104024990000000180e-04 7.103037790000000509e-04 7.102063389999999565e-04 7.101101799999999476e-04 7.100153020000000243e-04 7.099216449999999927e-04 7.098292700000000425e-04 7.097380589999999949e-04 7.096480689999999474e-04 7.095593029999999963e-04 7.094716419999999666e-04 7.093851449999999479e-04 7.092998130000000446e-04 7.092155279999999692e-04 7.091323500000000241e-04 7.090502770000000005e-04 7.089691940000000326e-04 7.088892159999999861e-04
9.018522689999999798e-04 8.986594040000000149e-04 8.971749919999999793e-04 8.964731239999999997e-04 8.961437849999999688e-04 8.960195119999999746e-04 8.960354609999999966e-04 8.961638089999999710e-04 8.963872680000000218e-04 8.966894820000000186e-04 8.970533960000000220e-04 8.974615479999999840e-04 8.978970580000000248e-04 8.983447910000000140e-04 8.987917679999999883e-04 8.992273939999999993e-04 8.996432300000000489e-04 9.000331629999999521e-04 9.003928280000000201e-04 9.007194890000000181e-04 9.010115169999999502e-04 9.012685620000000222e-04 9.014907989999999685e-04 9.016792169999999574e-04 9.018350389999999807e-04 9.019598950000000306e-04 9.020556460000000434e-04 9.021240989999999545e-04 9.021672299999999997e-04 9.021870209999999571e-04 9.021853909999999650e-04 9.021642039999999479e-04 9.021251459999999993e-04 9.020699649999999650e-04 9.020002329999999603e-04 9.019174030000000342e-04 9.018228740000000174e-04 9.017179839999999846e-04 9.016037799999999805e-04 9.014814859999999933e-04 9.013520319999999931e-04 9.012164080000000356e-04 9.010753130000000383e-04 9.009296189999999862e-04 9.007799670000000286e-04 9.006270559999999745e-04 9.004713500000000297e-04 9.003134910000000143e-04 9.001538269999999472e-04 8.999928830000000074e-04 8.998309490000000119e-04 8.996684339999999527e-04 8.995056269999999760e-04 8.993427620000000143e-04 8.991801299999999889e-04 8.990179629999999486e-04 8.988563789999999640e-04 8.986956089999999795e-04 8.985358290000000506e-04 8.983770970000000541e-04 8.982195870000000536e-04 8.980633570000000343e-04 8.979085249999999583e-04 8.977551480000000314e-04 8.976032840000000221e-04 8.974530500000000048e-04 8.973044459999999795e-04 8.971574719999999463e-04 8.970122439999999838e-04 8.968687030000000024e-04 8.967269099999999752e-04 8.965869200000000077e-04 8.964486190000000134e-04 8.963121219999999664e-04 8.961773709999999900e-04 8.960443669999999718e-04 8.959131660000000134e-04 8.957836540000000281e-04 8.956558890000000011e-04 8.955298690000000486e-04 8.954055369999999649e-04 8.952828359999999777e-04 8.951618799999999567e-04 8.950424960000000511e-04 8.949248000000000142e-04 8.948086759999999843e-04 8.946941819999999464e-04 8.945812010000000428e-04 8.944697329999999483e-04 8.943598369999999692e-04 8.942513960000000308e-04 8.941444100000000249e-04 8.940388799999999473e-04 8.939348040000000229e-04 8.938320679999999484e-04 8.937307280000000419e-04 8.936307279999999853e-04 8.935320070000000222e-04 8.934346260000000173e-04 8.933385249999999935e-04
