6.588464200000000263e-06 2.712337619999999943e-06 1.365100499999999975e-06 7.802756839999999572e-07 4.869240800000000518e-07 3.240177759999999915e-07 2.264427370000000103e-07 1.644790189999999895e-07 1.232552190000000012e-07 9.477079739999999372e-08 7.446140419999999404e-08 5.959352829999999767e-08 4.846179640000000205e-08 3.996455430000000271e-08 3.336841909999999769e-08 2.817217570000000050e-08 2.402526889999999976e-08 2.067742600000000060e-08 1.794665220000000014e-08 1.569840080000000138e-08 1.383171180000000016e-08 1.226980830000000012e-08 1.095359359999999951e-08 9.837077820000000329e-09 8.884120110000000413e-09 8.066059819999999776e-09 7.359983290000000029e-09 6.747433280000000274e-09 6.213439100000000127e-09 5.745780300000000080e-09 5.334420909999999991e-09 4.971072889999999721e-09 4.648856859999999673e-09 4.362030739999999658e-09 4.105781939999999814e-09 3.876057250000000315e-09 3.669427649999999886e-09 3.482981010000000055e-09 3.314234219999999815e-09 3.161060520000000084e-09 3.021633829999999936e-09 2.894378069999999972e-09 2.777930549999999908e-09 2.671107560000000186e-09 2.572878130000000057e-09 2.482342330000000176e-09 2.398710559999999891e-09 2.321289599999999825e-09 2.249468390000000157e-09 2.182707350000000193e-09 2.120527750000000024e-09 2.062505279999999803e-09 2.008261779999999917e-09 1.957460190000000206e-09 1.909798990000000011e-09 1.865008150000000190e-09 1.822844989999999982e-09 1.783091340000000067e-09 1.745550700000000053e-09 1.710045549999999930e-09 1.676415229999999934e-09 1.644514520000000015e-09 1.614211320000000040e-09 1.585385820000000035e-09 1.557928900000000079e-09 1.531741069999999934e-09 1.506731849999999997e-09 1.482818200000000102e-09 1.459924289999999941e-09 1.437980850000000097e-09 1.416924020000000024e-09 1.396695650000000004e-09 1.377241990000000068e-09 1.358513629999999933e-09 1.340465180000000060e-09 1.323054889999999963e-09 1.306244000000000065e-09 1.289996999999999966e-09 1.274281010000000020e-09 1.259065519999999974e-09 1.244322419999999924e-09 1.230025639999999955e-09 1.216151069999999993e-09 1.202676290000000045e-09 1.189580549999999908e-09 1.176844510000000074e-09 1.164450199999999905e-09 1.152380970000000087e-09 1.140621259999999964e-09 1.129156660000000069e-09 1.117973490000000055e-09 1.107059440000000091e-09 1.096402410000000043e-09 1.085991739999999986e-09 1.075816880000000074e-09 1.065868390000000026e-09 1.056137180000000088e-09 1.046614790000000004e-09 1.037293359999999916e-09 1.028165439999999929e-09
3.279731799999999860e-06 1.350212869999999894e-06 6.795858100000000070e-07 3.884837840000000103e-07 2.424741580000000218e-07 1.613983610000000129e-07 1.128432170000000063e-07 8.201442370000000012e-08 6.150897749999999621e-08 4.734409130000000127e-08 3.724747800000000276e-08 2.985822429999999879e-08 2.432726200000000086e-08 2.010610340000000137e-08 1.682962209999999947e-08 1.424832159999999955e-08 1.218775659999999985e-08 1.052344079999999923e-08 9.164914159999999449e-09 8.045357270000000472e-09 7.114681730000000141e-09 6.334840649999999809e-09 5.676581430000000224e-09 5.117165800000000337e-09 4.638740500000000211e-09 4.227161289999999863e-09 3.871125640000000068e-09 3.561533070000000032e-09 3.291003029999999962e-09 3.053509889999999856e-09 2.844103399999999979e-09 2.658693269999999934e-09 2.493880439999999970e-09 2.346826069999999917e-09 2.215147619999999890e-09 2.096835819999999959e-09 1.990188010000000162e-09 1.893756709999999906e-09 1.806304880000000085e-09 1.726771730000000080e-09 1.654244189999999916e-09 1.587933780000000001e-09 1.527156619999999964e-09 1.471318069999999925e-09 1.419899089999999904e-09 1.372445710000000071e-09 1.328559040000000078e-09 1.287888129999999927e-09 1.250123120000000065e-09 1.214989660000000098e-09 1.182244519999999914e-09 1.151670980000000038e-09 1.123075970000000052e-09 1.096287060000000082e-09 1.071149500000000014e-09 1.047524730000000099e-09 1.025287850000000021e-09 1.004326509999999947e-09 9.845388949999999309e-10 9.658334130000000905e-10 9.481267989999999810e-10 9.313434470000000437e-10 9.154147440000000458e-10 9.002780739999999788e-10 8.858764830000000135e-10 8.721578459999999743e-10 8.590745890000000441e-10 8.465830259999999623e-10 8.346432430000000169e-10 8.232184930000000042e-10 8.122750809999999573e-10 8.017819739999999595e-10 7.917104749999999952e-10 7.820342709999999772e-10 7.727289920000000160e-10 7.637721570000000136e-10 7.551430040000000436e-10 7.468221600000000183e-10 7.387918610000000490e-10 7.310355100000000478e-10 7.235377299999999852e-10 7.162842540000000199e-10 7.092618159999999515e-10 7.024580359999999488e-10 6.958614240000000093e-10 6.894612100000000294e-10 6.832474030000000253e-10 6.772107320000000155e-10 6.713424259999999709e-10 6.656343810000000213e-10 6.600788800000000354e-10 6.546688750000000287e-10 6.493977020000000317e-10 6.442589789999999664e-10 6.392469330000000481e-10 6.343560119999999668e-10 6.295810540000000127e-10 6.249172289999999696e-10 6.203598749999999768e-10 6.159047159999999700e-10
1.632510019999999965e-06 6.721062389999999636e-07 3.383199780000000009e-07 1.934415650000000029e-07 1.207820049999999942e-07 8.044247580000000272e-08 5.628928429999999830e-08 4.095841179999999748e-08 3.076480229999999938e-08 2.372581059999999935e-08 1.871025470000000024e-08 1.504065140000000020e-08 1.229436110000000007e-08 1.019841459999999955e-08 8.571158010000000030e-09 7.288528889999999664e-09 6.263839230000000243e-09 5.435282889999999713e-09 4.757991330000000369e-09 4.198861260000000355e-09 3.733108929999999726e-09 3.341930950000000156e-09 3.010887760000000083e-09 2.728766989999999907e-09 2.486773010000000056e-09 2.277941170000000140e-09 2.096708580000000179e-09 1.938595949999999852e-09 1.799969840000000052e-09 1.677862180000000027e-09 1.569832599999999946e-09 1.473861919999999987e-09 1.388270610000000034e-09 1.311653339999999901e-09 1.242828509999999916e-09 1.180797679999999898e-09 1.124713320000000042e-09 1.073852779999999944e-09 1.027597450000000064e-09 9.854154159999999852e-10 9.468478219999999889e-10 9.114971559999999928e-10 8.790180810000000027e-10 8.491093940000000272e-10 8.215075290000000037e-10 7.959812810000000357e-10 7.723272019999999845e-10 7.503656030000000428e-10 7.299376099999999662e-10 7.109021150000000081e-10 6.931336060000000412e-10 6.765202290000000033e-10 6.609619519999999487e-10 6.463691250000000440e-10 6.326613679999999781e-10 6.197661829999999962e-10 6.076184000000000242e-10 5.961590669999999972e-10 5.853347810000000229e-10 5.750972479999999719e-10 5.654025030000000366e-10 5.562106890000000143e-10 5.474852789999999577e-10 5.391931349999999822e-10 5.313038899999999740e-10 5.237897889999999572e-10 5.166252979999999648e-10 5.097871569999999855e-10 5.032537720000000260e-10 4.970054919999999807e-10 4.910240549999999961e-10 4.852926949999999970e-10 4.797959249999999806e-10 4.745194790000000482e-10 4.694499790000000379e-10 4.645752390000000110e-10 4.598838809999999779e-10 4.553653289999999856e-10 4.510097570000000102e-10 4.468080909999999961e-10 4.427518070000000118e-10 4.388330250000000062e-10 4.350443889999999981e-10 4.313789880000000241e-10 4.278304650000000140e-10 4.243927989999999882e-10 4.210604090000000143e-10 4.178280220000000018e-10 4.146907819999999908e-10 4.116440239999999833e-10 4.086835039999999849e-10 4.058051389999999846e-10 4.030051290000000117e-10 4.002799479999999826e-10 3.976262100000000233e-10 3.950407779999999840e-10 3.925206830000000182e-10 3.900630929999999905e-10 3.876654279999999884e-10 3.853251879999999902e-10
8.125703630000000227e-07 3.345678860000000185e-07 1.684502850000000044e-07 9.635655830000000364e-08 6.020725610000000163e-08 4.014347969999999992e-08 2.813484199999999941e-08 2.051582729999999942e-08 1.545209830000000155e-08 1.195673779999999993e-08 9.466723410000000673e-09 7.644933580000000631e-09 6.281152930000000404e-09 5.239692239999999771e-09 4.430330769999999855e-09 3.791508439999999948e-09 3.280257620000000154e-09 2.865977899999999809e-09 2.526481020000000145e-09 2.245414300000000134e-09 2.010548170000000172e-09 1.812611730000000065e-09 1.644491099999999911e-09 1.500664929999999903e-09 1.376802669999999943e-09 1.269475299999999995e-09 1.175942900000000071e-09 1.093997669999999905e-09 1.021847050000000034e-09 9.580249930000001011e-10 9.013240150000000451e-10 8.507435309999999517e-10 8.054493180000000276e-10 7.647418810000000329e-10 7.280316349999999603e-10 6.948190359999999713e-10 6.646790900000000037e-10 6.372480880000000303e-10 6.122140020000000209e-10 5.893076580000000360e-10 5.682960209999999889e-10 5.489767530000000326e-10 5.311734390000000137e-10 5.147316459999999704e-10 4.995159840000000058e-10 4.854071590000000020e-10 4.722999769999999933e-10 4.601011519999999861e-10 4.487279710000000091e-10 4.381068289999999981e-10 4.281719419999999770e-10 4.188645820000000101e-10 4.101320390000000040e-10 4.019269919999999972e-10 3.942067780000000156e-10 3.869329300000000001e-10 3.800707249999999847e-10 3.735886599999999754e-10 3.674581469999999871e-10 3.616532350000000253e-10 3.561502759999999841e-10 3.509277040000000156e-10 3.459658119999999818e-10 3.412466140000000077e-10 3.367535969999999765e-10 3.324715780000000094e-10 3.283867069999999825e-10 3.244861319999999987e-10 3.207581150000000161e-10 3.171917449999999851e-10 3.137770320000000197e-10 3.105046779999999868e-10 3.073661050000000141e-10 3.043533760000000241e-10 3.014591079999999878e-10 2.986764719999999760e-10 2.959991140000000044e-10 2.934210929999999845e-10 2.909369409999999910e-10 2.885415239999999940e-10 2.862300399999999746e-10 2.839980750000000083e-10 2.818414389999999900e-10 2.797562459999999900e-10 2.777388320000000127e-10 2.757858390000000198e-10 2.738940189999999972e-10 2.720603740000000110e-10 2.702821579999999882e-10 2.685567050000000054e-10 2.668815169999999776e-10 2.652542629999999746e-10 2.636728060000000098e-10 2.621350079999999995e-10 2.606390099999999755e-10 2.591829249999999795e-10 2.577650590000000029e-10 2.563837480000000158e-10 2.550374910000000111e-10 2.537248190000000003e-10
4.044563299999999849e-07 1.665634530000000094e-07 8.390020409999999743e-08 4.803320759999999740e-08 3.005502339999999766e-08 2.008124160000000054e-08 1.411475109999999940e-08 1.033102939999999944e-08 7.817097189999999500e-09 6.081870119999999923e-09 4.845325919999999875e-09 3.939923050000000329e-09 3.261290569999999866e-09 2.742138739999999975e-09 2.337779969999999832e-09 2.017760629999999983e-09 1.760847800000000099e-09 1.551935020000000066e-09 1.380076389999999899e-09 1.237209219999999949e-09 1.117305029999999927e-09 1.015794000000000101e-09 9.291681309999999954e-10 8.547031970000000094e-10 7.902609680000000095e-10 7.341461329999999513e-10 6.850021659999999835e-10 6.417344429999999768e-10 6.034522329999999587e-10 5.694255069999999897e-10 5.390517479999999644e-10 5.118302450000000363e-10 4.873424439999999833e-10 4.652363220000000231e-10 4.452143100000000257e-10 4.270235280000000098e-10 4.104480089999999963e-10 3.953024299999999886e-10 3.814271950000000107e-10 3.686841110000000146e-10 3.569532450000000241e-10 3.461299860000000028e-10 3.361228240000000001e-10 3.268513790000000150e-10 3.182449300000000197e-10 3.102409720000000243e-10 3.027841310000000004e-10 2.958251979999999820e-10 2.893203449999999753e-10 2.832304670000000052e-10 2.775205070000000036e-10 2.721589900000000183e-10 2.671176610000000173e-10 2.623710420000000145e-10 2.578960929999999960e-10 2.536719719999999894e-10 2.496797769999999787e-10 2.459023819999999908e-10 2.423241610000000140e-10 2.389308470000000002e-10 2.357094800000000160e-10 2.326481369999999965e-10 2.297359660000000104e-10 2.269629620000000012e-10 2.243199650000000062e-10 2.217985240000000002e-10 2.193908939999999906e-10 2.170899020000000049e-10 2.148889260000000075e-10 2.127818619999999901e-10 2.107630600000000129e-10 2.088272610000000063e-10 2.069696360000000068e-10 2.051856459999999983e-10 2.034711010000000051e-10 2.018221149999999938e-10 2.002350509999999912e-10 1.987065369999999894e-10 1.972333959999999961e-10 1.958126990000000074e-10 1.944416850000000125e-10 1.931177860000000025e-10 1.918386009999999938e-10 1.906018680000000117e-10 1.894054639999999876e-10 1.882474319999999872e-10 1.871258840000000063e-10 1.860391010000000026e-10 1.849854300000000106e-10 1.839633169999999992e-10 1.829713190000000078e-10 1.820080610000000117e-10 1.810722679999999922e-10 1.801627180000000065e-10 1.792782590000000098e-10 1.784178079999999910e-10 1.775803670000000073e-10 1.767649359999999984e-10 1.759706269999999944e-10 1.751965659999999950e-10
2.013300100000000001e-07 8.294438909999999477e-08 4.181738690000000240e-08 2.397992379999999919e-08 1.504390570000000029e-08 1.008942259999999927e-08 7.126987890000000335e-09 5.248656619999999779e-09 4.000310750000000046e-09 3.137883289999999895e-09 2.522359879999999842e-09 2.070678300000000004e-09 1.731167100000000036e-09 1.470557340000000079e-09 1.266779569999999990e-09 1.104806250000000080e-09 9.741648600000000133e-10 8.674045370000000515e-10 7.791253200000000145e-10 7.053465030000000033e-10 6.430886379999999497e-10 5.900900879999999745e-10 5.446119669999999985e-10 5.053012449999999651e-10 4.710934979999999629e-10 4.411429830000000107e-10 4.147711899999999820e-10 3.914290559999999842e-10 3.706685790000000113e-10 3.521214430000000071e-10 3.354826419999999753e-10 3.204979889999999748e-10 3.069541839999999956e-10 2.946713149999999920e-10 2.834966710000000009e-10 2.733000769999999886e-10 2.639699290000000243e-10 2.554100819999999827e-10 2.475374350000000046e-10 2.402798240000000241e-10 2.335743270000000237e-10 2.273658619999999885e-10 2.216060810000000038e-10 2.162523490000000082e-10 2.112670180000000083e-10 2.066166960000000117e-10 2.022716859999999941e-10 1.982055079999999981e-10 1.943945000000000001e-10 1.908174450000000114e-10 1.874552869999999917e-10 1.842908599999999965e-10 1.813086899999999986e-10 1.784947749999999928e-10 1.758364290000000101e-10 1.733221210000000052e-10 1.709413859999999921e-10 1.686846770000000109e-10 1.665432789999999873e-10 1.645092119999999934e-10 1.625752029999999991e-10 1.607345509999999941e-10 1.589811200000000034e-10 1.573092629999999921e-10 1.557137750000000122e-10 1.541898409999999918e-10 1.527330619999999958e-10 1.513393300000000052e-10 1.500048419999999895e-10 1.487261149999999995e-10 1.474998730000000054e-10 1.463230929999999875e-10 1.451929829999999884e-10 1.441069070000000115e-10 1.430624369999999995e-10 1.420573100000000095e-10 1.410894039999999928e-10 1.401567470000000000e-10 1.392574810000000055e-10 1.383898829999999904e-10 1.375523450000000089e-10 1.367433390000000059e-10 1.359614500000000113e-10 1.352053469999999999e-10 1.344737789999999927e-10 1.337655679999999947e-10 1.330796030000000043e-10 1.324148569999999909e-10 1.317703450000000127e-10 1.311451500000000122e-10 1.305384000000000028e-10 1.299492599999999874e-10 1.293769810000000053e-10 1.288208290000000076e-10 1.282801090000000002e-10 1.277541540000000052e-10 1.272423690000000087e-10 1.267441710000000037e-10 1.262589889999999903e-10 1.257863120000000030e-10
1.002317730000000042e-07 4.132588319999999811e-08 2.087094589999999971e-08 1.200514269999999979e-08 7.566841380000000254e-09 5.107295920000000367e-09 3.636618559999999996e-09 2.703398390000000057e-09 2.082133800000000100e-09 1.651815460000000031e-09 1.343632980000000083e-09 1.116532870000000036e-09 9.450068510000000001e-10 8.126421200000000326e-10 7.085529939999999562e-10 6.253238479999999647e-10 5.577819869999999501e-10 5.022419149999999638e-10 4.560272160000000224e-10 4.171606389999999977e-10 3.841583720000000115e-10 3.558907890000000079e-10 3.314866710000000078e-10 3.102659799999999849e-10 2.916919210000000197e-10 2.753364199999999780e-10 2.608548379999999973e-10 2.479673410000000073e-10 2.364446419999999912e-10 2.260976130000000113e-10 2.167690190000000006e-10 2.083273140000000064e-10 2.006617090000000059e-10 1.936783789999999984e-10 1.872974140000000085e-10 1.814503690000000039e-10 1.760783880000000010e-10 1.711305819999999947e-10 1.665627640000000102e-10 1.623364219999999946e-10 1.584178620000000008e-10 1.547774819999999884e-10 1.513891650000000093e-10 1.482298449999999960e-10 1.452790390000000088e-10 1.425185390000000058e-10 1.399320659999999924e-10 1.375050909999999890e-10 1.352245540000000045e-10 1.330787150000000087e-10 1.310569989999999908e-10 1.291498440000000016e-10 1.273486040000000003e-10 1.256454109999999944e-10 1.240331450000000097e-10 1.225053110000000127e-10 1.210559570000000054e-10 1.196796829999999985e-10 1.183715209999999934e-10 1.171269189999999989e-10 1.159417280000000047e-10 1.148120770000000056e-10 1.137344450000000047e-10 1.127055739999999954e-10 1.117224440000000050e-10 1.107822860000000055e-10 1.098825129999999961e-10 1.090207369999999944e-10 1.081947590000000040e-10 1.074025100000000001e-10 1.066420839999999941e-10 1.059117100000000041e-10 1.052097159999999954e-10 1.045345689999999943e-10 1.038848309999999979e-10 1.032591439999999977e-10 1.026562650000000064e-10 1.020750010000000009e-10 1.015142619999999984e-10 1.009730150000000034e-10 1.004502800000000060e-10 9.994516329999999768e-11 9.945680390000000474e-11 9.898439709999999891e-11 9.852720029999999741e-11 9.808449189999999728e-11 9.765560580000000499e-11 9.723991749999999928e-11 9.683682329999999681e-11 9.644577499999999775e-11 9.606623830000000065e-11 9.569771360000000144e-11 9.533973610000000323e-11 9.499184080000000255e-11 9.465362520000000292e-11 9.432467310000000320e-11 9.400462349999999532e-11 9.369310189999999897e-11 9.338977510000000275e-11 9.309432390000000336e-11
4.991435180000000244e-08 2.061128869999999945e-08 1.044339640000000024e-08 6.040292710000000320e-09 3.837370870000000314e-09 2.616315830000000158e-09 1.885170020000000105e-09 1.419970140000000012e-09 1.109059399999999906e-09 8.926314690000000380e-10 7.367257910000000050e-10 6.210950640000000516e-10 5.331574630000000385e-10 4.648103289999999980e-10 4.106707199999999911e-10 3.670633519999999933e-10 3.314171709999999803e-10 3.018943430000000100e-10 2.771553539999999959e-10 2.562067229999999887e-10 2.382997969999999995e-10 2.228622560000000033e-10 2.094507350000000022e-10 1.977176340000000075e-10 1.873874109999999969e-10 1.782393119999999872e-10 1.700948689999999907e-10 1.628085029999999997e-10 1.562604769999999961e-10 1.503515510000000000e-10 1.449989160000000109e-10 1.401329610000000081e-10 1.356948719999999936e-10 1.316345920000000032e-10 1.279093360000000053e-10 1.244823269999999986e-10 1.213218000000000059e-10 1.184001920000000070e-10 1.156934619999999984e-10 1.131806040000000033e-10 1.108431470000000026e-10 1.086648129999999958e-10 1.066312039999999949e-10 1.047295380000000013e-10 1.029484280000000011e-10 1.012777220000000015e-10 9.970831109999999505e-11 9.823202670000000316e-11 9.684152790000000488e-11 9.553016020000000066e-11 9.429194230000000475e-11 9.312143420000000461e-11 9.201368830000000052e-11 9.096421530000000205e-11 8.996892119999999817e-11 8.902406590000000444e-11 8.812622160000000021e-11 8.727225889999999488e-11 8.645928419999999831e-11 8.568466769999999812e-11 8.494595999999999562e-11 8.424091290000000486e-11 8.356746540000000578e-11 8.292368869999999646e-11 8.230780639999999837e-11 8.171818779999999750e-11 8.115329939999999718e-11 8.061172559999999450e-11 8.009214819999999752e-11 7.959333890000000482e-11 7.911415970000000570e-11 7.865355589999999555e-11 7.821051450000000353e-11 7.778412640000000567e-11 7.737351039999999736e-11 7.697785459999999781e-11 7.659640980000000106e-11 7.622845410000000074e-11 7.587332150000000012e-11 7.553038750000000384e-11 7.519905530000000341e-11 7.487877679999999587e-11 7.456903149999999418e-11 7.426931990000000402e-11 7.397919079999999757e-11 7.369820029999999971e-11 7.342594590000000103e-11 7.316203200000000581e-11 7.290609089999999890e-11 7.265778260000000374e-11 7.241678089999999359e-11 7.218277360000000148e-11 7.195546239999999415e-11 7.173458360000000356e-11 7.151985950000000189e-11 7.131104730000000405e-11 7.110791119999999673e-11 7.091022909999999711e-11 7.071778579999999729e-11 7.053037319999999669e-11
2.487085029999999843e-08 1.030013409999999932e-08 5.249872089999999785e-09 3.064805960000000085e-09 1.971292459999999919e-09 1.363955620000000044e-09 9.988890829999999175e-10 7.653307430000000042e-10 6.081716800000000184e-10 4.979260889999999651e-10 4.178498660000000229e-10 3.579478659999999851e-10 3.119950129999999923e-10 2.759698579999999871e-10 2.471905180000000032e-10 2.238177979999999913e-10 2.045589950000000103e-10 1.884853249999999961e-10 1.749163590000000003e-10 1.633446569999999951e-10 1.533858319999999977e-10 1.447444249999999977e-10 1.371903559999999923e-10 1.305422849999999902e-10 1.246557019999999996e-10 1.194143120000000120e-10 1.147235850000000006e-10 1.105060559999999995e-10 1.066977129999999954e-10 1.032452729999999973e-10 1.001040709999999998e-10 9.723640639999999839e-11 9.461027100000000473e-11 9.219833919999999985e-11 8.997714379999999497e-11 8.792644390000000579e-11 8.602867719999999810e-11 8.426855739999999784e-11 8.263269929999999423e-11 8.110936920000000252e-11 7.968821440000000151e-11 7.836006150000000130e-11 7.711679209999999416e-11 7.595115510000000451e-11 7.485669030000000601e-11 7.382759680000000075e-11 7.285867049999999926e-11 7.194522760000000547e-11 7.108303530000000577e-11 7.026824960000000421e-11 6.949741479999999956e-11 6.876736680000000384e-11 6.807521909999999544e-11 6.741836260000000303e-11 6.679439640000000096e-11 6.620111399999999829e-11 6.563651010000000388e-11 6.509872499999999432e-11 6.458605869999999638e-11 6.409694300000000306e-11 6.362992769999999793e-11 6.318366659999999875e-11 6.275693159999999774e-11 6.234857079999999881e-11 6.195751550000000218e-11 6.158278049999999489e-11 6.122344300000000001e-11 6.087865630000000374e-11 6.054761549999999705e-11 6.022957830000000056e-11 5.992385750000000531e-11 5.962980109999999683e-11 5.934679829999999732e-11 5.907428710000000550e-11 5.881173330000000378e-11 5.855864399999999522e-11 5.831454070000000407e-11 5.807900340000000117e-11 5.785160199999999993e-11 5.763196169999999728e-11 5.741970790000000313e-11 5.721450399999999767e-11 5.701602039999999743e-11 5.682395869999999818e-11 5.663802409999999775e-11 5.645795290000000225e-11 5.628348130000000156e-11 5.611436660000000100e-11 5.595038669999999835e-11 5.579131599999999911e-11 5.563695340000000028e-11 5.548710100000000070e-11 5.534157510000000096e-11 5.520020549999999974e-11 5.506281889999999718e-11 5.492925910000000003e-11 5.479938030000000168e-11 5.467303350000000014e-11 5.455009009999999870e-11 5.443041500000000017e-11
1.240606640000000004e-08 5.165962319999999804e-09 2.659896080000000205e-09 1.575658270000000064e-09 1.031752239999999927e-09 7.281406590000000303e-10 5.443123729999999987e-10 4.256617560000000122e-10 3.450374710000000248e-10 2.878970400000000061e-10 2.459604190000000121e-10 2.142659239999999998e-10 1.897083599999999936e-10 1.702705889999999948e-10 1.545993189999999894e-10 1.417606309999999929e-10 1.310938580000000006e-10 1.221212300000000128e-10 1.144904589999999970e-10 1.079371450000000039e-10 1.022597419999999973e-10 9.730238140000000085e-11 9.294297970000000210e-11 8.908473960000000010e-11 8.565011889999999711e-11 8.257636239999999467e-11 7.981219850000000594e-11 7.731542490000000298e-11 7.505097239999999456e-11 7.298952410000000456e-11 7.110640549999999673e-11 6.938068869999999732e-11 6.779454080000000332e-11 6.633266850000000430e-11 6.498188789999999909e-11 6.373079150000000380e-11 6.256942880000000324e-11 6.148913320000000280e-11 6.048227200000000048e-11 5.954212820000000265e-11 5.866276209999999590e-11 5.783890029999999922e-11 5.706584859999999761e-11 5.633941230000000269e-11 5.565583060000000191e-11 5.501172780000000145e-11 5.440406110000000257e-11 5.383008279999999917e-11 5.328730510000000268e-11 5.277346960000000189e-11 5.228652579999999894e-11 5.182460020000000125e-11 5.138598570000000240e-11 5.096911780000000077e-11 5.057256700000000156e-11 5.019501480000000297e-11 4.983525399999999961e-11 4.949217420000000317e-11 4.916474170000000178e-11 4.885201269999999991e-11 4.855310940000000137e-11 4.826721660000000085e-11 4.799358480000000192e-11 4.773151320000000068e-11 4.748034949999999863e-11 4.723949360000000156e-11 4.700837640000000082e-11 4.678647749999999975e-11 4.657330079999999953e-11 4.636839520000000148e-11 4.617132369999999891e-11 4.598169409999999806e-11 4.579912490000000165e-11 4.562326559999999800e-11 4.545378659999999716e-11 4.529037560000000304e-11 4.513274479999999813e-11 4.498061300000000105e-11 4.483372700000000134e-11 4.469184050000000224e-11 4.455472799999999958e-11 4.442217079999999958e-11 4.429396089999999852e-11 4.416991430000000001e-11 4.404984359999999929e-11 4.393357550000000295e-11 4.382094689999999760e-11 4.371180849999999723e-11 4.360600769999999777e-11 4.350340920000000188e-11 4.340388119999999810e-11 4.330730219999999709e-11 4.321354730000000104e-11 4.312250900000000285e-11 4.303407980000000184e-11 4.294815889999999799e-11 4.286464589999999796e-11 4.278345040000000126e-11 4.270448580000000315e-11 4.262766879999999754e-11
6.201355870000000190e-09 2.607346999999999971e-09 1.364480309999999961e-09 8.255755519999999726e-10 5.536084369999999589e-10 4.004081229999999990e-10 3.066160660000000136e-10 2.453419410000000052e-10 2.031855930000000070e-10 1.729394680000000025e-10 1.504763399999999877e-10 1.333064349999999935e-10 1.198601219999999931e-10 1.091099090000000042e-10 1.003611009999999987e-10 9.313051719999999402e-11 8.707371630000000582e-11 8.193974670000000263e-11 7.754220880000000641e-11 7.374021530000000031e-11 7.042565139999999971e-11 6.751436219999999916e-11 6.493999780000000273e-11 6.264967709999999598e-11 6.060076049999999904e-11 5.875856750000000271e-11 5.709461720000000295e-11 5.558534540000000020e-11 5.421108009999999932e-11 5.295530329999999700e-11 5.180404720000000159e-11 5.074541480000000192e-11 4.976923730000000216e-11 4.886675089999999685e-11 4.803037479999999777e-11 4.725352399999999704e-11 4.653044619999999893e-11 4.585609670000000260e-11 4.522603130000000166e-11 4.463632239999999713e-11 4.408348689999999781e-11 4.356441940000000114e-11 4.307635499999999755e-11 4.261680589999999848e-11 4.218354829999999975e-11 4.177456989999999972e-11 4.138805270000000230e-11 4.102235909999999918e-11 4.067599730000000162e-11 4.034760369999999795e-11 4.003595019999999978e-11 3.973990230000000166e-11 3.945842259999999928e-11 3.919057089999999919e-11 3.893546939999999874e-11 3.869232019999999937e-11 3.846038069999999894e-11 3.823897450000000117e-11 3.802747010000000019e-11 3.782528459999999877e-11 3.763187680000000117e-11 3.744674709999999686e-11 3.726942369999999783e-11 3.709948319999999878e-11 3.693651289999999733e-11 3.678014139999999882e-11 3.663001850000000141e-11 3.648581089999999689e-11 3.634722040000000053e-11 3.621395199999999711e-11 3.608573859999999725e-11 3.596233030000000209e-11 3.584349140000000159e-11 3.572899619999999793e-11 3.561863650000000018e-11 3.551221820000000291e-11 3.540955379999999806e-11 3.531047329999999735e-11 3.521480680000000287e-11 3.512240149999999750e-11 3.503311180000000058e-11 3.494679890000000309e-11 3.486333100000000001e-11 3.478258649999999871e-11 3.470444760000000226e-11 3.462880329999999830e-11 3.455554939999999775e-11 3.448458530000000070e-11 3.441581739999999836e-11 3.434915549999999682e-11 3.428451619999999963e-11 3.422181640000000083e-11 3.416097959999999826e-11 3.410193309999999843e-11 3.404460740000000322e-11 3.398893670000000049e-11 3.393485839999999934e-11 3.388231360000000132e-11 3.383123990000000271e-11 3.378158859999999803e-11
3.111733540000000019e-09 1.329584889999999939e-09 7.127256560000000035e-10 4.435824489999999933e-10 3.062821940000000140e-10 2.278893190000000020e-10 1.791878030000000085e-10 1.468981049999999898e-10 1.243631589999999923e-10 1.079747539999999944e-10 9.564874590000000364e-11 8.611626689999999594e-11 7.856989359999999658e-11 7.247617090000000107e-11 6.747113980000000596e-11 6.329942130000000246e-11 5.977745379999999645e-11 5.677038699999999867e-11 5.417730500000000227e-11 5.192137000000000255e-11 4.994319889999999925e-11 4.819626640000000214e-11 4.664367159999999982e-11 4.525580950000000173e-11 4.400868910000000106e-11 4.288268699999999838e-11 4.186160789999999897e-11 4.093198699999999782e-11 4.008253449999999821e-11 3.930372349999999684e-11 3.858746659999999739e-11 3.792685259999999756e-11 3.731594550000000219e-11 3.674961379999999912e-11 3.622340270000000168e-11 3.573343360000000040e-11 3.527629920000000261e-11 3.484900910000000105e-11 3.444891589999999904e-11 3.407367439999999987e-11 3.372120290000000060e-11 3.338963480000000294e-11 3.307730829999999755e-11 3.278272100000000248e-11 3.250452680000000001e-11 3.224150809999999811e-11 3.199255789999999752e-11 3.175667369999999792e-11 3.153294989999999999e-11 3.132055379999999802e-11 3.111872570000000259e-11 3.092677160000000082e-11 3.074405309999999901e-11 3.056998750000000005e-11 3.040403349999999843e-11 3.024569480000000170e-11 3.009451020000000211e-11 2.995005979999999960e-11 2.981194799999999845e-11 2.967981419999999731e-11 2.955331809999999681e-11 2.943214419999999903e-11 2.931600100000000047e-11 2.920461440000000122e-11 2.909773459999999927e-11 2.899511879999999986e-11 2.889655010000000056e-11 2.880181679999999871e-11 2.871072649999999958e-11 2.862309690000000132e-11 2.853875639999999859e-11 2.845754529999999935e-11 2.837931109999999959e-11 2.830391299999999881e-11 2.823121599999999985e-11 2.816109669999999934e-11 2.809343380000000157e-11 2.802811800000000160e-11 2.796504169999999872e-11 2.790410610000000051e-11 2.784521570000000031e-11 2.778828209999999880e-11 2.773322019999999854e-11 2.767995029999999877e-11 2.762839779999999842e-11 2.757848980000000065e-11 2.753015700000000099e-11 2.748333679999999886e-11 2.743796860000000127e-11 2.739398990000000124e-11 2.735134860000000098e-11 2.730999109999999865e-11 2.726986690000000064e-11 2.723092760000000161e-11 2.719312800000000134e-11 2.715642640000000159e-11 2.712077960000000005e-11 2.708614930000000046e-11 2.705249740000000021e-11 2.701978740000000084e-11
1.571822669999999958e-09 6.886272659999999899e-10 3.814294440000000100e-10 2.457973820000000206e-10 1.754922459999999972e-10 1.346433239999999929e-10 1.088208900000000020e-10 9.141534059999999804e-11 7.908078359999999987e-11 6.998403939999999919e-11 6.305445749999999603e-11 5.763297479999999726e-11 5.329569079999999993e-11 4.975966860000000056e-11 4.682996350000000294e-11 4.436852969999999879e-11 4.227525620000000320e-11 4.047601490000000213e-11 3.891487829999999970e-11 3.754896390000000183e-11 3.634489580000000278e-11 3.527636170000000315e-11 3.432235749999999813e-11 3.346594179999999849e-11 3.269330640000000132e-11 3.199310259999999853e-11 3.135591790000000116e-11 3.077388689999999887e-11 3.024039350000000137e-11 2.974982409999999929e-11 2.929740479999999949e-11 2.887902759999999900e-11 2.849116080000000121e-11 2.813074079999999859e-11 2.779509609999999995e-11 2.748189349999999934e-11 2.718908080000000117e-11 2.691484539999999953e-11 2.665758760000000155e-11 2.641587819999999969e-11 2.618844720000000076e-11 2.597415509999999966e-11 2.577198349999999981e-11 2.558100950000000160e-11 2.540040569999999914e-11 2.522941749999999951e-11 2.506736310000000010e-11 2.491362319999999884e-11 2.476763239999999892e-11 2.462887190000000135e-11 2.449687149999999966e-11 2.437119430000000014e-11 2.425144289999999956e-11 2.413724949999999887e-11 2.402827589999999993e-11 2.392420980000000019e-11 2.382476160000000047e-11 2.372966409999999841e-11 2.363866909999999937e-11 2.355154439999999853e-11 2.346807819999999967e-11 2.338806749999999868e-11 2.331132680000000157e-11 2.323768429999999965e-11 2.316697699999999898e-11 2.309905219999999865e-11 2.303376760000000054e-11 2.297099139999999964e-11 2.291059880000000147e-11 2.285247169999999923e-11 2.279650080000000092e-11 2.274258210000000143e-11 2.269061849999999964e-11 2.264051790000000055e-11 2.259219550000000043e-11 2.254556609999999859e-11 2.250055700000000150e-11 2.245709519999999935e-11 2.241510799999999864e-11 2.237453630000000079e-11 2.233531420000000008e-11 2.229738439999999896e-11 2.226069329999999881e-11 2.222518869999999858e-11 2.219082040000000159e-11 2.215754140000000012e-11 2.212530680000000054e-11 2.209407480000000134e-11 2.206380390000000119e-11 2.203445759999999841e-11 2.200599950000000106e-11 2.197839310000000100e-11 2.195160890000000058e-11 2.192561060000000147e-11 2.190037210000000153e-11 2.187586219999999889e-11 2.185205659999999893e-11 2.182892580000000077e-11 2.180644730000000111e-11 2.178459669999999879e-11
8.025715649999999929e-10 3.644555489999999840e-10 2.103620889999999953e-10 1.410788430000000032e-10 1.044164689999999971e-10 8.267510979999999373e-11 6.866721770000000019e-11 5.906073550000000207e-11 5.214680419999999910e-11 4.697679399999999969e-11 4.298954940000000321e-11 3.983543699999999761e-11 3.728698599999999975e-11 3.519073230000000278e-11 3.343987930000000109e-11 3.195809940000000017e-11 3.068955509999999792e-11 2.959255760000000111e-11 2.863542740000000102e-11 2.779369270000000084e-11 2.704818830000000072e-11 2.638370600000000059e-11 2.578803840000000074e-11 2.525128539999999889e-11 2.476533909999999985e-11 2.432349629999999858e-11 2.392018180000000141e-11 2.355070830000000056e-11 2.321112399999999923e-11 2.289806020000000120e-11 2.260864070000000049e-11 2.234038479999999971e-11 2.209115009999999969e-11 2.185907529999999869e-11 2.164252979999999895e-11 2.144008760000000122e-11 2.125048919999999899e-11 2.107262109999999895e-11 2.090549429999999886e-11 2.074822780000000068e-11 2.060003559999999982e-11 2.046020990000000127e-11 2.032811590000000048e-11 2.020317939999999880e-11 2.008488170000000052e-11 1.997275259999999917e-11 1.986636199999999851e-11 1.976532310000000142e-11 1.966927839999999865e-11 1.957790179999999903e-11 1.949089330000000066e-11 1.940797870000000033e-11 1.932890480000000051e-11 1.925343909999999948e-11 1.918136659999999913e-11 1.911248760000000051e-11 1.904661669999999999e-11 1.898358379999999954e-11 1.892322759999999976e-11 1.886540400000000147e-11 1.880997270000000123e-11 1.875680690000000015e-11 1.870578340000000145e-11 1.865679490000000133e-11 1.860973349999999890e-11 1.856450059999999864e-11 1.852100760000000110e-11 1.847916610000000048e-11 1.843889450000000139e-11 1.840011819999999952e-11 1.836276440000000133e-11 1.832676720000000108e-11 1.829206230000000043e-11 1.825859080000000092e-11 1.822629370000000080e-11 1.819512250000000116e-11 1.816502159999999898e-11 1.813594760000000153e-11 1.810785380000000122e-11 1.808069839999999977e-11 1.805443989999999909e-11 1.802904180000000072e-11 1.800446599999999882e-11 1.798067940000000014e-11 1.795764929999999871e-11 1.793534589999999996e-11 1.791373650000000117e-11 1.789279660000000112e-11 1.787249860000000003e-11 1.785281639999999899e-11 1.783372760000000122e-11 1.781520759999999900e-11 1.779723419999999888e-11 1.777978809999999942e-11 1.776285019999999929e-11 1.774639809999999849e-11 1.773041779999999862e-11 1.771488860000000066e-11 1.769979649999999977e-11 1.768512419999999886e-11
4.164696089999999851e-10 1.983141009999999938e-10 1.201136129999999977e-10 8.409394709999999787e-11 6.456795510000000188e-11 5.272973719999999863e-11 4.495134820000000008e-11 3.952455030000000264e-11 3.555968710000000147e-11 3.255561790000000219e-11 3.021182960000000110e-11 2.833870460000000104e-11 2.681143680000000129e-11 2.554492549999999971e-11 2.447935950000000093e-11 2.357160300000000037e-11 2.278983599999999866e-11 2.211011580000000071e-11 2.151412029999999898e-11 2.098759880000000007e-11 2.051932410000000141e-11 2.010033289999999868e-11 1.972339479999999917e-11 1.938261180000000058e-11 1.907313370000000126e-11 1.879093759999999892e-11 1.853265460000000043e-11 1.829544850000000031e-11 1.807691319999999898e-11 1.787499839999999874e-11 1.768793969999999887e-11 1.751421750000000105e-11 1.735251179999999936e-11 1.720167060000000090e-11 1.706068619999999910e-11 1.692867370000000012e-11 1.680484920000000058e-11 1.668851860000000046e-11 1.657906280000000105e-11 1.647593170000000144e-11 1.637862939999999971e-11 1.628671160000000110e-11 1.619977760000000050e-11 1.611746669999999970e-11 1.603944929999999907e-11 1.596542690000000079e-11 1.589512719999999954e-11 1.582830220000000078e-11 1.576472810000000134e-11 1.570419140000000076e-11 1.564650669999999864e-11 1.559149340000000059e-11 1.553899199999999854e-11 1.548884980000000128e-11 1.544093329999999960e-11 1.539510880000000034e-11 1.535126020000000109e-11 1.530927820000000014e-11 1.526905690000000101e-11 1.523050260000000128e-11 1.519352349999999967e-11 1.515803979999999857e-11 1.512397150000000029e-11 1.509124599999999844e-11 1.505979539999999907e-11 1.502955749999999859e-11 1.500046789999999858e-11 1.497247460000000136e-11 1.494552049999999980e-11 1.491956040000000012e-11 1.489454570000000012e-11 1.487043129999999962e-11 1.484717560000000044e-11 1.482474039999999993e-11 1.480308759999999870e-11 1.478218239999999929e-11 1.476199199999999892e-11 1.474248669999999983e-11 1.472363379999999930e-11 1.470540700000000154e-11 1.468778050000000134e-11 1.467072639999999876e-11 1.465422400000000123e-11 1.463824720000000015e-11 1.462277690000000065e-11 1.460779240000000048e-11 1.459327280000000048e-11 1.457920240000000130e-11 1.456555879999999970e-11 1.455232980000000155e-11 1.453949810000000011e-11 1.452704710000000033e-11 1.451496300000000070e-11 1.450323280000000019e-11 1.449184180000000000e-11 1.448077940000000048e-11 1.447003109999999971e-11 1.445958720000000019e-11 1.444943640000000022e-11 1.443956759999999986e-11
2.209935980000000002e-10 1.115312289999999937e-10 7.121276489999999554e-11 5.209929019999999712e-11 4.146364850000000088e-11 3.486808759999999933e-11 3.045004529999999919e-11 2.731654310000000042e-11 2.499464699999999981e-11 2.321384580000000008e-11 2.180965480000000123e-11 2.067697230000000021e-11 1.974583170000000066e-11 1.896803200000000146e-11 1.830937140000000158e-11 1.774497390000000030e-11 1.725634219999999880e-11 1.682946319999999868e-11 1.645353120000000157e-11 1.612009830000000017e-11 1.582246829999999996e-11 1.555526710000000056e-11 1.531413710000000036e-11 1.509550990000000092e-11 1.489643649999999948e-11 1.471446059999999983e-11 1.454751680000000037e-11 1.439386540000000011e-11 1.425202059999999923e-11 1.412071239999999969e-11 1.399884810000000079e-11 1.388548040000000015e-11 1.377978629999999927e-11 1.368104500000000050e-11 1.358862499999999957e-11 1.350197040000000030e-11 1.342058579999999946e-11 1.334403510000000056e-11 1.327192519999999963e-11 1.320390849999999957e-11 1.313966900000000052e-11 1.307892600000000041e-11 1.302142249999999949e-11 1.296692790000000036e-11 1.291523229999999980e-11 1.286614480000000069e-11 1.281949109999999936e-11 1.277511170000000066e-11 1.273285990000000068e-11 1.269260219999999992e-11 1.265421529999999989e-11 1.261758579999999975e-11 1.258260860000000024e-11 1.254918559999999965e-11 1.251722860000000037e-11 1.248665320000000055e-11 1.245738229999999928e-11 1.242934489999999922e-11 1.240247229999999947e-11 1.237670209999999956e-11 1.235197789999999923e-11 1.232824349999999998e-11 1.230544830000000007e-11 1.228354400000000068e-11 1.226248789999999978e-11 1.224223589999999940e-11 1.222274970000000002e-11 1.220399130000000073e-11 1.218592669999999967e-11 1.216852399999999941e-11 1.215175010000000026e-11 1.213557730000000074e-11 1.211997779999999936e-11 1.210492560000000049e-11 1.209039639999999980e-11 1.207636770000000046e-11 1.206281600000000021e-11 1.204972060000000002e-11 1.203706409999999955e-11 1.202482559999999965e-11 1.201298780000000003e-11 1.200153519999999983e-11 1.199045030000000024e-11 1.197971929999999977e-11 1.196932739999999956e-11 1.195925999999999927e-11 1.194950560000000033e-11 1.194005140000000020e-11 1.193088600000000038e-11 1.192199639999999983e-11 1.191337389999999999e-11 1.190500739999999929e-11 1.189688800000000067e-11 1.188900539999999981e-11 1.188135180000000029e-11 1.187391759999999978e-11 1.186669510000000032e-11 1.185967729999999946e-11 1.185285640000000079e-11 1.184622540000000027e-11
1.206506009999999962e-10 6.507134409999999841e-11 4.388650899999999757e-11 3.352049190000000057e-11 2.759623089999999914e-11 2.384031170000000080e-11 2.127791520000000154e-11 1.943249379999999950e-11 1.804724950000000038e-11 1.697302019999999922e-11 1.611786050000000084e-11 1.542230750000000093e-11 1.484634120000000022e-11 1.436211909999999968e-11 1.394971459999999936e-11 1.359451609999999948e-11 1.328558100000000020e-11 1.301455989999999937e-11 1.277498069999999935e-11 1.256175290000000033e-11 1.237081959999999976e-11 1.219891029999999994e-11 1.204336109999999951e-11 1.190198199999999928e-11 1.177295499999999989e-11 1.165476220000000078e-11 1.154612339999999962e-11 1.144595180000000075e-11 1.135332369999999924e-11 1.126744099999999967e-11 1.118761939999999960e-11 1.111326139999999984e-11 1.104384900000000027e-11 1.097892609999999931e-11 1.091809199999999992e-11 1.086099269999999969e-11 1.080731510000000044e-11 1.075677910000000042e-11 1.070913499999999928e-11 1.066415880000000019e-11 1.062164940000000014e-11 1.058142460000000060e-11 1.054332139999999955e-11 1.050718969999999920e-11 1.047289340000000016e-11 1.044031009999999962e-11 1.040932700000000032e-11 1.037984020000000044e-11 1.035175500000000025e-11 1.032498479999999984e-11 1.029944879999999941e-11 1.027507249999999958e-11 1.025178900000000051e-11 1.022953249999999976e-11 1.020824660000000031e-11 1.018787570000000075e-11 1.016836959999999959e-11 1.014967969999999945e-11 1.013176350000000004e-11 1.011458020000000042e-11 1.009808990000000018e-11 1.008225790000000030e-11 1.006705050000000070e-11 1.005243629999999941e-11 1.003838510000000000e-11 1.002486979999999976e-11 1.001186369999999942e-11 9.999343369999999362e-12 9.987285299999999253e-12 9.975667860000000504e-12 9.964470220000000137e-12 9.953673299999999416e-12 9.943258889999999462e-12 9.933209639999999953e-12 9.923509930000000596e-12 9.914143290000000608e-12 9.905095839999999407e-12 9.896353699999999645e-12 9.887904730000000452e-12 9.879735049999999633e-12 9.871832519999999549e-12 9.864188459999999391e-12 9.856789860000000049e-12 9.849628060000000078e-12 9.842692629999999274e-12 9.835974920000000722e-12 9.829466229999999398e-12 9.823157910000000004e-12 9.817043010000000143e-12 9.811113730000000159e-12 9.805362249999999415e-12 9.799782509999999583e-12 9.794367569999999564e-12 9.789111359999999733e-12 9.784008670000000635e-12 9.779052569999999240e-12 9.774238709999999499e-12 9.769561899999999709e-12 9.765016920000000733e-12 9.760598579999999252e-12
6.812160560000000248e-11 3.945931779999999906e-11 2.809661529999999960e-11 2.235177150000000065e-11 1.898170510000000071e-11 1.680003710000000153e-11 1.528622890000000056e-11 1.418069129999999977e-11 1.334110950000000000e-11 1.268357549999999938e-11 1.215569310000000005e-11 1.172317969999999956e-11 1.136273280000000080e-11 1.105798959999999959e-11 1.079714619999999972e-11 1.057148290000000016e-11 1.037442700000000014e-11 1.020093299999999995e-11 1.004706990000000027e-11 9.909728420000000484e-12 9.786419069999999439e-12 9.675129619999999733e-12 9.574212079999999681e-12 9.482306430000000012e-12 9.398281630000000190e-12 9.321188789999999815e-12 9.250224720000000199e-12 9.184706810000000207e-12 9.124053079999999276e-12 9.067759559999999551e-12 9.015390859999999788e-12 8.966568810000000435e-12 8.920962059999999237e-12 8.878280919999999895e-12 8.838266919999999254e-12 8.800694549999999935e-12 8.765361700000000298e-12 8.732087969999999600e-12 8.700711159999999529e-12 8.671088150000000509e-12 8.643086249999999935e-12 8.616589210000000172e-12 8.591488630000000035e-12 8.567689090000000018e-12 8.545100389999999751e-12 8.523641860000000164e-12 8.503240649999999593e-12 8.483829090000000010e-12 8.465343010000000561e-12 8.447726890000000539e-12 8.430926960000000248e-12 8.414895519999999615e-12 8.399586579999999235e-12 8.384957659999999788e-12 8.370970579999999592e-12 8.357589790000000742e-12 8.344781459999999219e-12 8.332514370000000265e-12 8.320759010000000094e-12 8.309488509999999996e-12 8.298676850000000137e-12 8.288301470000000742e-12 8.278338950000000246e-12 8.268769349999999741e-12 8.259571850000000779e-12 8.250729090000000125e-12 8.242222879999999878e-12 8.234038450000000237e-12 8.226159340000000102e-12 8.218571659999999209e-12 8.211260660000000352e-12 8.204215090000000268e-12 8.197421910000000801e-12 8.190870720000000793e-12 8.184549390000000675e-12 8.178448369999999779e-12 8.172557250000000497e-12 8.166868220000000260e-12 8.161371749999999383e-12 8.156060030000000143e-12 8.150924380000000113e-12 8.145958729999999667e-12 8.141154420000000593e-12 8.136506230000000521e-12 8.132007219999999971e-12 8.127651330000000613e-12 8.123433349999999764e-12 8.119347209999999411e-12 8.115386830000000247e-12 8.111549630000000135e-12 8.107828640000000544e-12 8.104221290000000638e-12 8.100721480000000127e-12 8.097325760000000249e-12 8.094030649999999966e-12 8.090832689999999219e-12 8.087727540000000025e-12 8.084711719999999731e-12 8.081781769999999892e-12 8.078935960000000481e-12
3.992237100000000145e-11 2.487280869999999977e-11 1.865136520000000119e-11 1.540281439999999919e-11 1.344954439999999978e-11 1.216050440000000025e-11 1.125224480000000007e-11 1.058060930000000009e-11 1.006524460000000027e-11 9.658099839999999235e-12 9.328800749999999214e-12 9.057263620000000354e-12 8.829706929999999628e-12 8.636375469999999567e-12 8.470178550000000539e-12 8.325846090000000197e-12 8.199378680000000435e-12 8.087694580000000709e-12 7.988378189999999213e-12 7.899510040000000075e-12 7.819550560000000543e-12 7.747247290000000104e-12 7.681572389999999636e-12 7.621675859999999602e-12 7.566845589999999609e-12 7.516485700000000763e-12 7.470088779999999669e-12 7.427222899999999990e-12 7.387516810000000672e-12 7.350650469999999207e-12 7.316345450000000625e-12 7.284359749999999323e-12 7.254480870000000263e-12 7.226521030000000220e-12 7.200314560000000332e-12 7.175714450000000071e-12 7.152589719999999919e-12 7.130823279999999816e-12 7.110309300000000224e-12 7.090952819999999964e-12 7.072669270000000137e-12 7.055380149999999857e-12 7.039015200000000087e-12 7.023510680000000058e-12 7.008808030000000216e-12 6.994853910000000144e-12 6.981599330000000318e-12 6.968999159999999890e-12 6.957012220000000291e-12 6.945600340000000328e-12 6.934728399999999760e-12 6.924363859999999675e-12 6.914476799999999604e-12 6.905039039999999597e-12 6.896025419999999992e-12 6.887410780000000322e-12 6.879173880000000119e-12 6.871293460000000358e-12 6.863749590000000198e-12 6.856524899999999951e-12 6.849602049999999785e-12 6.842965429999999899e-12 6.836599429999999681e-12 6.830491470000000110e-12 6.824627230000000028e-12 6.818995019999999634e-12 6.813583550000000164e-12 6.808381549999999799e-12 6.803379040000000209e-12 6.798566920000000181e-12 6.793935209999999767e-12 6.789476099999999632e-12 6.785181360000000031e-12 6.781043170000000328e-12 6.777055050000000175e-12 6.773209600000000147e-12 6.769500760000000301e-12 6.765922019999999624e-12 6.762468189999999644e-12 6.759134049999999610e-12 6.755913540000000385e-12 6.752802310000000267e-12 6.749796030000000148e-12 6.746889940000000028e-12 6.744079689999999818e-12 6.741361379999999690e-12 6.738731969999999990e-12 6.736187129999999996e-12 6.733723389999999966e-12 6.731338140000000332e-12 6.729027490000000141e-12 6.726789259999999913e-12 6.724619990000000395e-12 6.722517510000000174e-12 6.720479209999999681e-12 6.718502489999999840e-12 6.716584749999999958e-12 6.714724260000000004e-12 6.712918850000000180e-12 6.711166340000000198e-12
2.432811069999999982e-11 1.627585910000000158e-11 1.280335040000000060e-11 1.093376949999999948e-11 9.783822190000000585e-12 9.011625649999999551e-12 8.460039959999999217e-12 8.047629400000000573e-12 7.728286759999999806e-12 7.474076050000000139e-12 7.267138280000000129e-12 7.095550710000000079e-12 6.951061690000000157e-12 6.827787469999999842e-12 6.721424200000000254e-12 6.628753099999999772e-12 6.547320849999999698e-12 6.475226169999999633e-12 6.410974180000000328e-12 6.353372689999999875e-12 6.301460219999999976e-12 6.254453549999999900e-12 6.211707799999999936e-12 6.172686929999999707e-12 6.136942079999999727e-12 6.104094660000000039e-12 6.073822430000000093e-12 6.045850449999999989e-12 6.019941060000000182e-12 5.995888680000000097e-12 5.973515090000000090e-12 5.952663280000000321e-12 5.933195769999999944e-12 5.914991150000000282e-12 5.897940990000000298e-12 5.881949880000000167e-12 5.866931939999999750e-12 5.852810419999999979e-12 5.839515499999999969e-12 5.826985599999999877e-12 5.815163449999999601e-12 5.803998340000000079e-12 5.793443420000000116e-12 5.783456609999999816e-12 5.773998470000000323e-12 5.765034280000000010e-12 5.756530669999999649e-12 5.748458570000000067e-12 5.740790220000000104e-12 5.733499609999999608e-12 5.726564190000000103e-12 5.719961830000000283e-12 5.713672589999999625e-12 5.707678250000000373e-12 5.701961040000000187e-12 5.696505329999999897e-12 5.691295959999999963e-12 5.686319040000000121e-12 5.681562430000000308e-12 5.677013110000000120e-12 5.672659819999999839e-12 5.668493020000000100e-12 5.664501849999999802e-12 5.660677659999999607e-12 5.657011320000000060e-12 5.653495469999999660e-12 5.650121860000000105e-12 5.646883129999999895e-12 5.643773640000000297e-12 5.640786020000000125e-12 5.637915050000000245e-12 5.635154669999999904e-12 5.632499680000000140e-12 5.629944860000000200e-12 5.627486319999999941e-12 5.625118860000000399e-12 5.622838569999999639e-12 5.620641539999999768e-12 5.618523879999999831e-12 5.616482109999999597e-12 5.614513190000000220e-12 5.612613239999999621e-12 5.610780070000000251e-12 5.609010219999999630e-12 5.607301079999999803e-12 5.605650059999999762e-12 5.604054980000000024e-12 5.602513679999999665e-12 5.601023119999999840e-12 5.599581999999999798e-12 5.598188149999999739e-12 5.596839399999999865e-12 5.595534020000000148e-12 5.594270709999999836e-12 5.593047290000000256e-12 5.591862480000000023e-12 5.590714520000000059e-12 5.589602570000000365e-12 5.588524429999999670e-12 5.587479700000000167e-12
1.541766539999999985e-11 1.103097389999999963e-11 9.060334950000000058e-12 7.968904180000000739e-12 7.283689280000000671e-12 6.816396409999999942e-12 6.478558139999999868e-12 6.223510860000000178e-12 6.024450900000000360e-12 5.864942209999999992e-12 5.734369139999999756e-12 5.625583770000000264e-12 5.533600919999999651e-12 5.454843610000000356e-12 5.386679819999999881e-12 5.327131099999999970e-12 5.274683470000000041e-12 5.228158620000000384e-12 5.186625870000000285e-12 5.149341889999999746e-12 5.115704730000000249e-12 5.085221740000000131e-12 5.057486109999999946e-12 5.032159580000000239e-12 5.008957219999999864e-12 4.987638340000000113e-12 4.967996500000000237e-12 4.949856060000000304e-12 4.933064370000000246e-12 4.917488730000000197e-12 4.903013759999999956e-12 4.889537989999999753e-12 4.876971220000000026e-12 4.865234519999999802e-12 4.854257620000000360e-12 4.843977219999999894e-12 4.834336919999999774e-12 4.825286440000000218e-12 4.816779790000000201e-12 4.808775770000000177e-12 4.801237099999999787e-12 4.794129940000000178e-12 4.787423059999999637e-12 4.781088719999999602e-12 4.775100889999999746e-12 4.769436150000000121e-12 4.764072819999999684e-12 4.758990510000000073e-12 4.754171879999999840e-12 4.749599589999999962e-12 4.745258009999999656e-12 4.741132829999999870e-12 4.737211060000000053e-12 4.733480100000000200e-12 4.729928689999999790e-12 4.726545979999999829e-12 4.723322430000000143e-12 4.720248499999999746e-12 4.717316380000000109e-12 4.714516970000000017e-12 4.711843760000000075e-12 4.709289819999999674e-12 4.706848189999999967e-12 4.704513249999999972e-12 4.702278930000000062e-12 4.700140019999999975e-12 4.698091740000000346e-12 4.696129770000000134e-12 4.694248899999999886e-12 4.692445220000000091e-12 4.690715260000000202e-12 4.689055130000000071e-12 4.687461359999999958e-12 4.685930899999999719e-12 4.684460720000000187e-12 4.683047789999999777e-12 4.681689059999999959e-12 4.680382820000000068e-12 4.679126010000000277e-12 4.677916469999999662e-12 4.676752469999999810e-12 4.675631410000000027e-12 4.674551540000000110e-12 4.673510709999999627e-12 4.672508039999999847e-12 4.671541369999999846e-12 4.670608950000000229e-12 4.669709499999999612e-12 4.668841700000000301e-12 4.668003830000000334e-12 4.667195449999999943e-12 4.666414390000000136e-12 4.665660220000000019e-12 4.664931639999999650e-12 4.664227340000000210e-12 4.663546459999999911e-12 4.662888559999999791e-12 4.662251920000000311e-12 4.661636530000000174e-12 4.661041079999999754e-12
1.014957560000000075e-11 7.721971499999999314e-12 6.588955940000000228e-12 5.945184880000000149e-12 5.533595719999999881e-12 5.249068970000000343e-12 5.041190559999999848e-12 4.882933030000000048e-12 4.758568970000000363e-12 4.658347490000000325e-12 4.575913869999999606e-12 4.506956010000000214e-12 4.448447689999999891e-12 4.398203590000000356e-12 4.354609549999999903e-12 4.316446069999999761e-12 4.282776389999999908e-12 4.252869760000000177e-12 4.226145479999999775e-12 4.202139940000000395e-12 4.180474109999999886e-12 4.160839210000000301e-12 4.142978060000000357e-12 4.126676000000000055e-12 4.111752170000000327e-12 4.098052190000000266e-12 4.085444220000000182e-12 4.073815069999999843e-12 4.063066719999999857e-12 4.053112880000000171e-12 4.043878079999999872e-12 4.035296840000000096e-12 4.027310599999999672e-12 4.019866900000000145e-12 4.012919769999999857e-12 4.006428000000000385e-12 4.000353869999999986e-12 3.994664839999999749e-12 3.989329699999999752e-12 3.984322419999999671e-12 3.979617420000000248e-12 3.975192570000000179e-12 3.971027499999999661e-12 3.967103120000000276e-12 3.963402959999999623e-12 3.959911390000000153e-12 3.956613679999999984e-12 3.953497250000000095e-12 3.950549959999999617e-12 3.947760519999999788e-12 3.945118539999999941e-12 3.942614459999999727e-12 3.940240489999999980e-12 3.937987519999999805e-12 3.935848609999999719e-12 3.933816809999999747e-12 3.931885629999999861e-12 3.930048989999999943e-12 3.928301260000000135e-12 3.926637230000000176e-12 3.925052559999999662e-12 3.923542479999999716e-12 3.922102659999999616e-12 3.920729189999999851e-12 3.919418610000000363e-12 3.918167440000000112e-12 3.916972219999999847e-12 3.915830330000000318e-12 3.914739190000000197e-12 3.913695320000000060e-12 3.912696559999999790e-12 3.911741159999999994e-12 3.910826519999999978e-12 3.909950490000000117e-12 3.909110879999999630e-12 3.908306839999999644e-12 3.907535750000000100e-12 3.906796329999999612e-12 3.906086830000000401e-12 3.905405950000000102e-12 3.904752819999999666e-12 3.904125290000000276e-12 3.903522900000000373e-12 3.902943940000000101e-12 3.902387529999999922e-12 3.901852799999999980e-12 3.901338890000000101e-12 3.900844489999999852e-12 3.900368739999999868e-12 3.899911210000000062e-12 3.899471020000000088e-12 3.899046879999999685e-12 3.898638789999999661e-12 3.898245440000000392e-12 3.897866839999999943e-12 3.897501680000000306e-12 3.897150399999999634e-12 3.896811259999999831e-12 3.896484699999999859e-12 3.896169410000000091e-12
6.927367530000000226e-12 5.567536880000000383e-12 4.910411920000000336e-12 4.528460070000000073e-12 4.280336939999999683e-12 4.106775249999999677e-12 3.978809900000000030e-12 3.880684840000000269e-12 3.803121449999999681e-12 3.740311880000000361e-12 3.688441909999999955e-12 3.644904260000000065e-12 3.607860099999999994e-12 3.575975450000000075e-12 3.548259989999999983e-12 3.523963459999999918e-12 3.502507100000000130e-12 3.483437500000000120e-12 3.466394269999999936e-12 3.451086639999999989e-12 3.437278460000000071e-12 3.424774570000000131e-12 3.413412560000000037e-12 3.403056699999999954e-12 3.393591179999999997e-12 3.384917559999999965e-12 3.376951709999999921e-12 3.369620340000000049e-12 3.362859900000000014e-12 3.356614679999999887e-12 3.350835880000000174e-12 3.345480359999999883e-12 3.340510160000000042e-12 3.335891029999999863e-12 3.331592810000000031e-12 3.327588200000000133e-12 3.323853129999999847e-12 3.320365680000000088e-12 3.317105700000000132e-12 3.314055629999999857e-12 3.311199190000000125e-12 3.308521640000000182e-12 3.306009759999999908e-12 3.303650969999999877e-12 3.301434429999999972e-12 3.299349939999999957e-12 3.297388190000000034e-12 3.295540490000000112e-12 3.293799040000000133e-12 3.292156690000000007e-12 3.290606940000000022e-12 3.289143480000000088e-12 3.287760470000000148e-12 3.286453140000000113e-12 3.285216500000000010e-12 3.284046000000000040e-12 3.282937510000000001e-12 3.281887349999999948e-12 3.280891829999999853e-12 3.279947929999999829e-12 3.279052159999999962e-12 3.278201710000000165e-12 3.277394409999999832e-12 3.276627229999999798e-12 3.275897999999999861e-12 3.275204760000000020e-12 3.274545350000000160e-12 3.273917809999999875e-12 3.273320629999999829e-12 3.272751860000000109e-12 3.272210189999999876e-12 3.271694110000000198e-12 3.271202100000000037e-12 3.270733289999999939e-12 3.270285949999999876e-12 3.269859209999999992e-12 3.269452200000000026e-12 3.269063620000000037e-12 3.268692609999999850e-12 3.268338509999999812e-12 3.268000019999999981e-12 3.267676930000000153e-12 3.267368150000000185e-12 3.267073030000000105e-12 3.266790919999999943e-12 3.266521170000000130e-12 3.266263129999999887e-12 3.266016580000000138e-12 3.265780659999999901e-12 3.265554929999999811e-12 3.265338950000000099e-12 3.265132310000000043e-12 3.264934759999999904e-12 3.264745460000000083e-12 3.264564179999999804e-12 3.264390929999999959e-12 3.264224829999999799e-12 3.264065880000000131e-12 3.263913880000000032e-12 3.263768160000000166e-12
4.891844310000000029e-12 4.124393970000000392e-12 3.741856649999999653e-12 3.515045459999999936e-12 3.365653890000000047e-12 3.260086429999999894e-12 3.181643530000000020e-12 3.121120979999999933e-12 3.073042250000000087e-12 3.033950689999999926e-12 3.001560369999999957e-12 2.974300710000000045e-12 2.951058230000000179e-12 2.931022180000000052e-12 2.913588210000000166e-12 2.898297050000000195e-12 2.884793100000000042e-12 2.872796619999999863e-12 2.862084270000000060e-12 2.852475419999999920e-12 2.843822180000000181e-12 2.836002050000000004e-12 2.828912889999999880e-12 2.822468389999999988e-12 2.816595049999999903e-12 2.811230200000000043e-12 2.806319200000000045e-12 2.801815419999999810e-12 2.797677449999999992e-12 2.793869739999999859e-12 2.790360170000000095e-12 2.787121230000000087e-12 2.784127750000000087e-12 2.781357829999999974e-12 2.778791519999999945e-12 2.776411480000000169e-12 2.774201659999999861e-12 2.772147749999999970e-12 2.770236949999999974e-12 2.768457770000000186e-12 2.766799589999999970e-12 2.765253089999999841e-12 2.763809359999999826e-12 2.762460620000000039e-12 2.761199910000000017e-12 2.760020289999999871e-12 2.758915930000000035e-12 2.757881600000000073e-12 2.756912099999999812e-12 2.756002670000000057e-12 2.755149619999999971e-12 2.754348400000000159e-12 2.753595960000000071e-12 2.752888850000000140e-12 2.752224010000000134e-12 2.751598429999999849e-12 2.751009920000000123e-12 2.750455900000000032e-12 2.749934180000000006e-12 2.749442819999999816e-12 2.748979650000000066e-12 2.748542929999999833e-12 2.748131370000000068e-12 2.747743220000000165e-12 2.747376980000000066e-12 2.747031340000000146e-12 2.746705209999999856e-12 2.746397290000000062e-12 2.746106729999999868e-12 2.745832420000000169e-12 2.745573299999999868e-12 2.745328489999999831e-12 2.745097549999999884e-12 2.744879190000000171e-12 2.744673200000000087e-12 2.744478470000000121e-12 2.744294589999999956e-12 2.744121119999999823e-12 2.743957189999999865e-12 2.743802359999999910e-12 2.743656209999999957e-12 2.743518299999999833e-12 2.743388199999999856e-12 2.743265469999999851e-12 2.743149670000000051e-12 2.743040599999999935e-12 2.742937599999999849e-12 2.742840679999999881e-12 2.742749390000000174e-12 2.742663520000000122e-12 2.742582640000000042e-12 2.742506739999999849e-12 2.742435399999999945e-12 2.742368400000000042e-12 2.742305510000000169e-12 2.742246750000000096e-12 2.742191460000000167e-12 2.742140070000000067e-12 2.742091709999999939e-12 2.742046819999999955e-12
3.568076610000000021e-12 3.134070479999999907e-12 2.911800140000000174e-12 2.777735069999999977e-12 2.688380549999999814e-12 2.624688880000000199e-12 2.577048170000000125e-12 2.540099860000000051e-12 2.510626910000000091e-12 2.486585159999999922e-12 2.466614589999999871e-12 2.449776709999999886e-12 2.435403879999999961e-12 2.423007760000000193e-12 2.412223420000000111e-12 2.402771990000000128e-12 2.394436859999999928e-12 2.387046510000000098e-12 2.380463659999999908e-12 2.374576450000000137e-12 2.369292699999999837e-12 2.364536079999999938e-12 2.360241780000000107e-12 2.356355780000000097e-12 2.352831039999999896e-12 2.349627870000000099e-12 2.346711369999999947e-12 2.344051389999999806e-12 2.341621689999999958e-12 2.339399289999999820e-12 2.337363590000000021e-12 2.335496599999999950e-12 2.333782470000000151e-12 2.332207130000000015e-12 2.330757549999999854e-12 2.329422459999999869e-12 2.328192110000000085e-12 2.327056949999999837e-12 2.326008959999999987e-12 2.325040770000000158e-12 2.324145870000000148e-12 2.323317750000000155e-12 2.322551439999999977e-12 2.321841720000000074e-12 2.321184260000000127e-12 2.320574720000000136e-12 2.320009420000000157e-12 2.319485320000000131e-12 2.318998939999999826e-12 2.318547480000000051e-12 2.318128549999999909e-12 2.317739530000000150e-12 2.317378280000000024e-12 2.317042820000000164e-12 2.316731439999999907e-12 2.316442180000000060e-12 2.316173730000000189e-12 2.315924580000000151e-12 2.315693430000000002e-12 2.315478749999999829e-12 2.315279909999999833e-12 2.315095599999999985e-12 2.314924730000000141e-12 2.314766430000000040e-12 2.314620069999999885e-12 2.314484760000000051e-12 2.314359859999999844e-12 2.314244499999999813e-12 2.314138249999999871e-12 2.314040449999999960e-12 2.313950680000000080e-12 2.313868280000000173e-12 2.313792820000000153e-12 2.313724080000000134e-12 2.313661199999999944e-12 2.313604169999999900e-12 2.313552559999999915e-12 2.313506160000000191e-12 2.313464309999999862e-12 2.313427010000000140e-12 2.313393830000000132e-12 2.313364560000000037e-12 2.313339190000000175e-12 2.313317070000000169e-12 2.313298419999999904e-12 2.313282589999999813e-12 2.313269800000000185e-12 2.313259829999999922e-12 2.313252240000000064e-12 2.313247250000000092e-12 2.313244210000000033e-12 2.313243560000000062e-12 2.313244860000000005e-12 2.313247900000000063e-12 2.313252890000000036e-12 2.313259390000000153e-12 2.313267420000000184e-12 2.313276959999999956e-12 2.313287800000000074e-12 2.313300160000000020e-12
2.686424430000000152e-12 2.441990840000000180e-12 2.313870019999999885e-12 2.235460949999999992e-12 2.182677000000000030e-12 2.144777630000000162e-12 2.116272870000000030e-12 2.094071660000000011e-12 2.076304839999999834e-12 2.061777829999999924e-12 2.049692659999999923e-12 2.039496610000000086e-12 2.030794800000000018e-12 2.023297979999999957e-12 2.016787780000000104e-12 2.011097669999999809e-12 2.006096889999999845e-12 2.001681370000000154e-12 1.997767190000000194e-12 1.994285810000000062e-12 1.991179789999999801e-12 1.988402059999999946e-12 1.985912089999999880e-12 1.983675590000000085e-12 1.981663309999999830e-12 1.979849660000000178e-12 1.978212949999999996e-12 1.976734100000000145e-12 1.975396189999999986e-12 1.974184699999999861e-12 1.973086619999999853e-12 1.972090680000000161e-12 1.971186670000000062e-12 1.970365489999999955e-12 1.969619349999999870e-12 1.968941290000000148e-12 1.968324589999999982e-12 1.967763839999999802e-12 1.967253619999999952e-12 1.966789799999999827e-12 1.966368039999999829e-12 1.965984449999999812e-12 1.965635990000000122e-12 1.965319400000000008e-12 1.965032090000000074e-12 1.964771660000000148e-12 1.964535520000000027e-12 1.964321929999999998e-12 1.964128949999999831e-12 1.963955039999999928e-12 1.963798260000000059e-12 1.963657539999999848e-12 1.963531549999999900e-12 1.963419229999999928e-12 1.963319050000000016e-12 1.963230580000000079e-12 1.963152510000000086e-12 1.963084209999999837e-12 1.963025009999999994e-12 1.962974049999999981e-12 1.962930689999999911e-12 1.962894469999999844e-12 1.962864770000000067e-12 1.962841129999999829e-12 1.962822920000000142e-12 1.962809909999999821e-12 1.962801669999999992e-12 1.962797760000000077e-12 1.962797979999999962e-12 1.962801880000000194e-12 1.962809259999999850e-12 1.962819660000000199e-12 1.962833109999999885e-12 1.962849370000000062e-12 1.962868019999999923e-12 1.962889050000000188e-12 1.962912249999999849e-12 1.962937409999999913e-12 1.962964300000000007e-12 1.962992699999999841e-12 1.963022840000000196e-12 1.963054290000000175e-12 1.963087030000000011e-12 1.963120859999999991e-12 1.963155770000000030e-12 1.963191760000000126e-12 1.963228409999999876e-12 1.963266140000000088e-12 1.963304299999999983e-12 1.963343330000000138e-12 1.963383019999999947e-12 1.963422909999999871e-12 1.963463459999999853e-12 1.963504450000000008e-12 1.963545860000000164e-12 1.963587499999999886e-12 1.963629349999999811e-12 1.963671629999999823e-12 1.963713909999999834e-12 1.963756410000000134e-12
2.089894010000000067e-12 1.953668130000000066e-12 1.880868289999999984e-12 1.835774590000000107e-12 1.805166909999999985e-12 1.783059049999999934e-12 1.766357680000000072e-12 1.753308109999999927e-12 1.742843279999999988e-12 1.734278520000000072e-12 1.727155089999999996e-12 1.721154040000000022e-12 1.716046580000000028e-12 1.711663799999999971e-12 1.707877869999999931e-12 1.704590139999999909e-12 1.701722639999999972e-12 1.699212489999999929e-12 1.697009070000000085e-12 1.695069969999999908e-12 1.693360399999999995e-12 1.691850539999999934e-12 1.690515569999999977e-12 1.689333789999999918e-12 1.688286990000000068e-12 1.687359350000000020e-12 1.686536869999999971e-12 1.685807740000000092e-12 1.685161560000000033e-12 1.684588989999999936e-12 1.684082019999999944e-12 1.683633700000000082e-12 1.683237749999999918e-12 1.682888640000000054e-12 1.682581370000000029e-12 1.682311840000000101e-12 1.682075920000000066e-12 1.681870459999999924e-12 1.681692219999999905e-12 1.681538590000000036e-12 1.681407079999999972e-12 1.681295400000000086e-12 1.681201729999999974e-12 1.681124320000000040e-12 1.681061429999999965e-12 1.681011880000000038e-12 1.680974150000000028e-12 1.680947270000000021e-12 1.680930129999999901e-12 1.680921790000000014e-12 1.680921350000000043e-12 1.680928179999999987e-12 1.680941409999999991e-12 1.680960489999999938e-12 1.680984779999999945e-12 1.681013940000000097e-12 1.681047339999999990e-12 1.681084529999999971e-12 1.681125180000000011e-12 1.681168980000000052e-12 1.681215500000000007e-12 1.681264609999999962e-12 1.681315790000000063e-12 1.681369019999999933e-12 1.681423989999999919e-12 1.681480479999999934e-12 1.681538260000000007e-12 1.681597349999999908e-12 1.681657310000000068e-12 1.681718239999999941e-12 1.681779929999999928e-12 1.681842270000000089e-12 1.681905050000000020e-12 1.681968369999999979e-12 1.682031899999999939e-12 1.682095759999999927e-12 1.682159840000000002e-12 1.682223909999999990e-12 1.682288100000000008e-12 1.682352279999999938e-12 1.682416360000000013e-12 1.682480440000000088e-12 1.682544289999999990e-12 1.682607939999999979e-12 1.682671359999999996e-12 1.682734570000000013e-12 1.682797460000000087e-12 1.682860010000000047e-12 1.682922249999999948e-12 1.682984160000000022e-12 1.683045740000000068e-12 1.683106890000000027e-12 1.683167600000000014e-12 1.683227879999999915e-12 1.683287729999999931e-12 1.683347150000000063e-12 1.683406130000000021e-12 1.683464670000000008e-12 1.683522680000000052e-12 1.683580249999999924e-12
1.684861230000000096e-12 1.610181499999999968e-12 1.569644260000000080e-12 1.544290630000000077e-12 1.526968329999999990e-12 1.514398740000000090e-12 1.504873920000000030e-12 1.497420029999999952e-12 1.491443040000000012e-12 1.486560869999999936e-12 1.482516480000000056e-12 1.479130190000000008e-12 1.476271900000000016e-12 1.473844920000000082e-12 1.471774850000000072e-12 1.470003589999999969e-12 1.468484620000000021e-12 1.467180330000000044e-12 1.466059699999999943e-12 1.465096710000000087e-12 1.464269890000000037e-12 1.463560829999999990e-12 1.462953890000000086e-12 1.462435970000000033e-12 1.461995349999999972e-12 1.461622379999999987e-12 1.461308610000000046e-12 1.461046450000000091e-12 1.460829610000000003e-12 1.460652669999999927e-12 1.460510529999999946e-12 1.460399080000000032e-12 1.460314509999999922e-12 1.460253679999999906e-12 1.460213680000000039e-12 1.460191989999999918e-12 1.460186360000000061e-12 1.460194920000000034e-12 1.460215850000000040e-12 1.460247720000000020e-12 1.460289140000000060e-12 1.460338899999999986e-12 1.460395930000000031e-12 1.460459359999999932e-12 1.460528420000000095e-12 1.460602150000000086e-12 1.460680100000000050e-12 1.460761519999999956e-12 1.460845979999999921e-12 1.460933050000000060e-12 1.461022279999999911e-12 1.461113239999999993e-12 1.461205719999999903e-12 1.461299399999999899e-12 1.461393940000000069e-12 1.461489130000000008e-12 1.461584870000000063e-12 1.461680930000000060e-12 1.461776990000000057e-12 1.461873159999999997e-12 1.461969110000000051e-12 1.462064840000000019e-12 1.462160250000000045e-12 1.462255229999999984e-12 1.462349660000000010e-12 1.462443449999999948e-12 1.462536689999999974e-12 1.462629170000000085e-12 1.462720890000000081e-12 1.462811860000000048e-12 1.462901959999999957e-12 1.462991290000000067e-12 1.463079770000000091e-12 1.463167260000000028e-12 1.463253889999999994e-12 1.463339539999999959e-12 1.463424329999999953e-12 1.463508240000000005e-12 1.463591080000000085e-12 1.463673040000000021e-12 1.463754030000000042e-12 1.463834049999999949e-12 1.463913189999999912e-12 1.463991250000000020e-12 1.464068449999999954e-12 1.464144780000000032e-12 1.464220129999999909e-12 1.464294510000000073e-12 1.464368010000000093e-12 1.464440550000000083e-12 1.464512209999999930e-12 1.464583010000000006e-12 1.464652940000000025e-12 1.464722010000000073e-12 1.464790199999999976e-12 1.464857529999999907e-12 1.464923989999999983e-12 1.464989590000000087e-12 1.465054529999999932e-12 1.465118500000000064e-12
1.413689260000000065e-12 1.373589829999999949e-12 1.351561550000000035e-12 1.337682460000000098e-12 1.328153950000000009e-12 1.321219830000000042e-12 1.315961450000000008e-12 1.311854269999999909e-12 1.308578250000000064e-12 1.305926610000000012e-12 1.303759399999999947e-12 1.301977189999999985e-12 1.300507010000000050e-12 1.299293139999999924e-12 1.298292090000000029e-12 1.297468970000000096e-12 1.296795680000000058e-12 1.296248919999999997e-12 1.295809270000000052e-12 1.295460700000000016e-12 1.295189429999999971e-12 1.294984090000000060e-12 1.294834900000000049e-12 1.294733529999999935e-12 1.294672920000000005e-12 1.294647009999999911e-12 1.294650579999999912e-12 1.294679320000000064e-12 1.294729300000000078e-12 1.294797389999999923e-12 1.294880650000000003e-12 1.294976819999999943e-12 1.295083620000000000e-12 1.295199409999999916e-12 1.295322570000000007e-12 1.295451810000000013e-12 1.295585930000000049e-12 1.295723839999999971e-12 1.295864890000000009e-12 1.296008219999999990e-12 1.296153179999999943e-12 1.296299219999999953e-12 1.296445920000000022e-12 1.296592820000000004e-12 1.296739630000000014e-12 1.296885880000000025e-12 1.297031489999999949e-12 1.297176129999999959e-12 1.297319669999999940e-12 1.297462030000000007e-12 1.297602870000000045e-12 1.297742299999999997e-12 1.297879990000000034e-12 1.298016169999999926e-12 1.298150499999999962e-12 1.298282990000000027e-12 1.298413739999999976e-12 1.298542649999999953e-12 1.298669610000000016e-12 1.298794729999999905e-12 1.298917999999999939e-12 1.299039329999999943e-12 1.299158810000000090e-12 1.299276330000000035e-12 1.299392130000000038e-12 1.299505970000000040e-12 1.299618069999999926e-12 1.299728339999999927e-12 1.299836870000000014e-12 1.299943550000000042e-12 1.300048609999999984e-12 1.300151829999999954e-12 1.300253520000000011e-12 1.300353489999999922e-12 1.300451830000000064e-12 1.300548540000000032e-12 1.300643729999999972e-12 1.300737400000000083e-12 1.300829560000000051e-12 1.300920199999999988e-12 1.301009430000000041e-12 1.301097140000000065e-12 1.301183549999999944e-12 1.301268549999999938e-12 1.301352260000000076e-12 1.301434650000000098e-12 1.301515750000000063e-12 1.301595550000000084e-12 1.301674150000000019e-12 1.301751570000000040e-12 1.301827789999999974e-12 1.301902810000000023e-12 1.301976760000000100e-12 1.302049510000000091e-12 1.302121169999999937e-12 1.302191860000000072e-12 1.302261469999999946e-12 1.302330100000000023e-12 1.302397639999999954e-12 1.302464319999999915e-12
1.238461589999999985e-12 1.217396080000000042e-12 1.205725410000000009e-12 1.198334620000000005e-12 1.193247000000000075e-12 1.189545860000000029e-12 1.186752740000000054e-12 1.184595500000000049e-12 1.182907609999999969e-12 1.181580119999999928e-12 1.180537660000000079e-12 1.179724829999999946e-12 1.179099349999999922e-12 1.178628160000000026e-12 1.178284249999999933e-12 1.178045830000000070e-12 1.177894800000000087e-12 1.177816199999999951e-12 1.177797330000000003e-12 1.177827799999999983e-12 1.177898920000000002e-12 1.178003220000000030e-12 1.178134520000000094e-12 1.178287720000000078e-12 1.178458589999999922e-12 1.178643339999999943e-12 1.178838930000000082e-12 1.179042869999999993e-12 1.179253089999999935e-12 1.179467659999999964e-12 1.179685150000000022e-12 1.179904259999999966e-12 1.180124139999999910e-12 1.180343690000000027e-12 1.180562379999999970e-12 1.180779540000000000e-12 1.180994650000000058e-12 1.181207370000000029e-12 1.181417489999999913e-12 1.181624569999999940e-12 1.181828510000000052e-12 1.182029080000000078e-12 1.182226299999999987e-12 1.182420049999999952e-12 1.182610220000000033e-12 1.182796810000000025e-12 1.182979819999999930e-12 1.183159260000000036e-12 1.183335109999999969e-12 1.183507389999999900e-12 1.183676310000000032e-12 1.183841650000000076e-12 1.184003629999999918e-12 1.184162249999999961e-12 1.184317730000000089e-12 1.184469839999999928e-12 1.184618810000000055e-12 1.184764739999999921e-12 1.184907640000000018e-12 1.185047609999999998e-12 1.185184760000000006e-12 1.185319099999999927e-12 1.185450609999999991e-12 1.185579519999999968e-12 1.185705719999999916e-12 1.185829540000000065e-12 1.185950750000000040e-12 1.186069580000000014e-12 1.186186130000000045e-12 1.186300410000000018e-12 1.186412399999999962e-12 1.186522229999999992e-12 1.186629899999999905e-12 1.186735610000000021e-12 1.186839260000000077e-12 1.186940949999999932e-12 1.187040809999999901e-12 1.187138820000000014e-12 1.187234989999999953e-12 1.187329419999999979e-12 1.187422119999999975e-12 1.187513200000000086e-12 1.187602639999999937e-12 1.187690459999999903e-12 1.187776760000000042e-12 1.187861659999999978e-12 1.187945030000000001e-12 1.188027000000000023e-12 1.188107559999999958e-12 1.188186810000000066e-12 1.188264659999999971e-12 1.188341309999999992e-12 1.188416660000000070e-12 1.188490819999999946e-12 1.188563790000000023e-12 1.188635560000000014e-12 1.188706249999999946e-12 1.188775860000000023e-12 1.188844379999999955e-12 1.188911820000000031e-12
1.131206889999999925e-12 1.120354029999999910e-12 1.114308410000000097e-12 1.110470010000000100e-12 1.107831489999999907e-12 1.105929480000000057e-12 1.104524569999999996e-12 1.103481459999999974e-12 1.102715359999999998e-12 1.102168599999999937e-12 1.101798880000000010e-12 1.101572829999999978e-12 1.101463859999999920e-12 1.101450090000000089e-12 1.101513189999999962e-12 1.101638089999999967e-12 1.101812219999999956e-12 1.102025160000000014e-12 1.102268340000000079e-12 1.102534619999999949e-12 1.102818249999999939e-12 1.103114339999999932e-12 1.103419109999999928e-12 1.103729199999999925e-12 1.104042200000000067e-12 1.104355970000000008e-12 1.104668770000000035e-12 1.104979389999999974e-12 1.105286539999999970e-12 1.105589579999999937e-12 1.105887839999999931e-12 1.106180790000000010e-12 1.106468110000000030e-12 1.106749460000000077e-12 1.107024629999999949e-12 1.107293729999999993e-12 1.107556539999999919e-12 1.107813059999999931e-12 1.108063399999999970e-12 1.108307560000000035e-12 1.108545550000000013e-12 1.108777670000000076e-12 1.109003950000000079e-12 1.109224469999999908e-12 1.109439360000000081e-12 1.109648829999999993e-12 1.109852989999999991e-12 1.110051939999999929e-12 1.110246010000000039e-12 1.110435089999999975e-12 1.110619409999999909e-12 1.110799279999999900e-12 1.110974590000000005e-12 1.111145679999999936e-12 1.111312540000000010e-12 1.111475389999999909e-12 1.111634330000000096e-12 1.111789589999999936e-12 1.111941050000000006e-12 1.112089039999999931e-12 1.112233569999999998e-12 1.112374729999999979e-12 1.112512750000000045e-12 1.112647629999999995e-12 1.112779460000000001e-12 1.112908380000000065e-12 1.113034470000000070e-12 1.113157850000000046e-12 1.113278629999999934e-12 1.113396809999999937e-12 1.113512489999999911e-12 1.113625679999999941e-12 1.113736599999999914e-12 1.113845340000000001e-12 1.113951810000000029e-12 1.114056110000000057e-12 1.114158459999999970e-12 1.114258640000000083e-12 1.114356980000000023e-12 1.114453469999999905e-12 1.114548120000000017e-12 1.114640929999999956e-12 1.114732109999999922e-12 1.114821560000000062e-12 1.114909380000000028e-12 1.114995570000000022e-12 1.115080360000000016e-12 1.115163520000000039e-12 1.115245370000000032e-12 1.115325710000000083e-12 1.115404640000000046e-12 1.115482380000000009e-12 1.115558710000000088e-12 1.115633840000000079e-12 1.115707789999999955e-12 1.115780430000000003e-12 1.115851989999999994e-12 1.115922460000000042e-12 1.115991740000000089e-12 1.116060039999999935e-12
1.069467970000000086e-12 1.063958490000000100e-12 1.060880980000000020e-12 1.058931150000000071e-12 1.057610270000000089e-12 1.056695199999999987e-12 1.056073199999999992e-12 1.055678759999999972e-12 1.055467240000000088e-12 1.055404570000000100e-12 1.055462680000000000e-12 1.055617719999999955e-12 1.055849639999999903e-12 1.056141390000000097e-12 1.056478910000000015e-12 1.056850250000000028e-12 1.057246090000000049e-12 1.057658409999999929e-12 1.058081249999999985e-12 1.058509290000000014e-12 1.058938850000000073e-12 1.059366679999999900e-12 1.059790490000000072e-12 1.060208240000000098e-12 1.060618720000000007e-12 1.061020950000000000e-12 1.061413979999999933e-12 1.061797460000000007e-12 1.062171079999999964e-12 1.062534500000000091e-12 1.062887949999999955e-12 1.063231210000000077e-12 1.063564490000000051e-12 1.063888020000000052e-12 1.064201789999999992e-12 1.064506229999999959e-12 1.064801569999999923e-12 1.065088010000000001e-12 1.065365790000000047e-12 1.065635210000000033e-12 1.065896610000000075e-12 1.066150309999999912e-12 1.066396429999999979e-12 1.066635279999999928e-12 1.066867299999999933e-12 1.067092489999999993e-12 1.067311279999999995e-12 1.067523890000000023e-12 1.067730430000000021e-12 1.067931330000000076e-12 1.068126600000000070e-12 1.068316550000000064e-12 1.068501410000000027e-12 1.068681280000000018e-12 1.068856479999999979e-12 1.069027030000000083e-12 1.069193239999999983e-12 1.069355220000000027e-12 1.069513079999999954e-12 1.069667029999999967e-12 1.069817190000000094e-12 1.069963780000000018e-12 1.070106790000000057e-12 1.070246320000000065e-12 1.070382709999999958e-12 1.070515849999999994e-12 1.070645960000000058e-12 1.070773240000000063e-12 1.070897600000000039e-12 1.071019249999999985e-12 1.071138189999999902e-12 1.071254629999999991e-12 1.071368579999999935e-12 1.071480139999999994e-12 1.071589429999999995e-12 1.071696440000000053e-12 1.071801390000000052e-12 1.071904179999999936e-12 1.072004900000000078e-12 1.072103780000000047e-12 1.072200700000000016e-12 1.072295790000000099e-12 1.072389140000000067e-12 1.072480749999999918e-12 1.072570629999999942e-12 1.072659000000000024e-12 1.072745730000000047e-12 1.072830949999999926e-12 1.072914649999999978e-12 1.072997050000000086e-12 1.073077929999999964e-12 1.073157510000000101e-12 1.073235790000000093e-12 1.073312880000000085e-12 1.073388669999999932e-12 1.073463260000000097e-12 1.073536660000000059e-12 1.073608979999999963e-12 1.073680209999999924e-12 1.073750360000000030e-12
1.035804360000000062e-12 1.033035089999999921e-12 1.031490860000000052e-12 1.030532430000000082e-12 1.029928849999999977e-12 1.029583540000000086e-12 1.029445949999999905e-12 1.029480859999999943e-12 1.029658019999999904e-12 1.029949779999999983e-12 1.030331420000000086e-12 1.030781469999999976e-12 1.031281290000000082e-12 1.031815910000000082e-12 1.032372860000000088e-12 1.032942500000000069e-12 1.033517020000000080e-12 1.034090460000000033e-12 1.034658470000000042e-12 1.035217479999999904e-12 1.035765009999999965e-12 1.036299520000000023e-12 1.036819610000000076e-12 1.037324629999999953e-12 1.037814149999999970e-12 1.038287950000000040e-12 1.038746130000000019e-12 1.039188809999999937e-12 1.039616309999999937e-12 1.040029069999999990e-12 1.040427399999999954e-12 1.040811860000000028e-12 1.041182870000000013e-12 1.041540879999999966e-12 1.041886520000000088e-12 1.042220240000000033e-12 1.042542460000000005e-12 1.042853740000000002e-12 1.043154600000000084e-12 1.043445390000000047e-12 1.043726520000000007e-12 1.043998440000000023e-12 1.044261680000000036e-12 1.044516360000000076e-12 1.044763129999999912e-12 1.045002190000000063e-12 1.045233889999999923e-12 1.045458530000000071e-12 1.045676460000000100e-12 1.045887990000000071e-12 1.046093329999999982e-12 1.046292720000000094e-12 1.046486569999999915e-12 1.046674900000000024e-12 1.046858130000000015e-12 1.047036260000000092e-12 1.047209739999999908e-12 1.047378550000000098e-12 1.047543020000000085e-12 1.047703159999999955e-12 1.047859389999999911e-12 1.048011610000000096e-12 1.048160149999999934e-12 1.048305110000000088e-12 1.048446590000000011e-12 1.048584720000000020e-12 1.048719700000000027e-12 1.048851539999999919e-12 1.048980459999999982e-12 1.049106549999999987e-12 1.049229820000000021e-12 1.049350489999999967e-12 1.049468560000000027e-12 1.049584139999999943e-12 1.049697329999999974e-12 1.049808240000000061e-12 1.049916990000000033e-12 1.050023570000000004e-12 1.050128080000000032e-12 1.050230540000000089e-12 1.050331150000000087e-12 1.050429820000000056e-12 1.050526740000000024e-12 1.050621940000000050e-12 1.050715399999999960e-12 1.050807230000000100e-12 1.050897430000000067e-12 1.050986230000000033e-12 1.051073509999999970e-12 1.051159270000000080e-12 1.051243730000000045e-12 1.051326779999999923e-12 1.051408629999999916e-12 1.051489079999999909e-12 1.051568450000000046e-12 1.051646509999999951e-12 1.051723490000000001e-12 1.051799379999999906e-12 1.051874189999999955e-12 1.051947919999999946e-12
1.018151490000000031e-12 1.016769460000000090e-12 1.016013880000000089e-12 1.015594400000000033e-12 1.015424509999999987e-12 1.015470040000000057e-12 1.015703580000000091e-12 1.016094980000000053e-12 1.016612030000000048e-12 1.017223849999999982e-12 1.017903099999999906e-12 1.018627019999999928e-12 1.019377069999999929e-12 1.020138730000000047e-12 1.020901030000000051e-12 1.021655739999999995e-12 1.022396899999999993e-12 1.023120500000000073e-12 1.023823390000000032e-12 1.024503940000000100e-12 1.025161079999999902e-12 1.025794359999999987e-12 1.026403790000000036e-12 1.026989469999999905e-12 1.027552180000000086e-12 1.028092429999999943e-12 1.028611010000000054e-12 1.029108760000000015e-12 1.029586459999999914e-12 1.030045190000000008e-12 1.030485589999999983e-12 1.030908539999999982e-12 1.031315009999999918e-12 1.031705750000000024e-12 1.032081649999999923e-12 1.032443230000000079e-12 1.032791260000000086e-12 1.033126489999999974e-12 1.033449580000000004e-12 1.033761179999999944e-12 1.034061729999999967e-12 1.034351749999999930e-12 1.034631909999999977e-12 1.034902629999999905e-12 1.035164359999999976e-12 1.035417519999999987e-12 1.035662549999999909e-12 1.035899770000000088e-12 1.036129730000000035e-12 1.036352540000000095e-12 1.036568730000000009e-12 1.036778409999999921e-12 1.036982020000000005e-12 1.037179890000000087e-12 1.037372120000000024e-12 1.037558929999999901e-12 1.037740750000000008e-12 1.037917690000000084e-12 1.038089970000000015e-12 1.038257699999999945e-12 1.038421189999999932e-12 1.038580680000000032e-12 1.038736150000000074e-12 1.038887830000000029e-12 1.039035939999999982e-12 1.039180569999999906e-12 1.039321949999999973e-12 1.039460079999999981e-12 1.039595059999999989e-12 1.039727119999999967e-12 1.039856460000000030e-12 1.039982990000000007e-12 1.040106800000000069e-12 1.040228229999999929e-12 1.040347170000000047e-12 1.040463720000000079e-12 1.040578109999999994e-12 1.040690320000000025e-12 1.040800369999999939e-12 1.040908349999999910e-12 1.041014499999999997e-12 1.041118800000000025e-12 1.041221149999999937e-12 1.041321870000000080e-12 1.041420859999999991e-12 1.041518219999999931e-12 1.041613950000000101e-12 1.041708280000000068e-12 1.041801090000000007e-12 1.041892479999999974e-12 1.041982469999999940e-12 1.042071159999999964e-12 1.042158659999999988e-12 1.042244849999999982e-12 1.042329849999999976e-12 1.042413659999999970e-12 1.042496380000000021e-12 1.042578020000000015e-12 1.042658690000000094e-12 1.042738270000000029e-12
1.009115969999999901e-12 1.008434000000000063e-12 1.008099959999999973e-12 1.008017670000000008e-12 1.008177270000000051e-12 1.008565299999999925e-12 1.009150450000000054e-12 1.009890849999999937e-12 1.010743790000000080e-12 1.011671109999999984e-12 1.012641579999999958e-12 1.013630689999999907e-12 1.014620249999999914e-12 1.015597220000000005e-12 1.016552289999999974e-12 1.017479289999999936e-12 1.018374510000000091e-12 1.019235590000000006e-12 1.020061640000000056e-12 1.020852459999999923e-12 1.021608470000000011e-12 1.022330660000000004e-12 1.023019989999999931e-12 1.023677999999999993e-12 1.024306070000000018e-12 1.024905530000000007e-12 1.025477880000000017e-12 1.026024640000000078e-12 1.026547120000000017e-12 1.027046610000000094e-12 1.027524640000000021e-12 1.027982060000000087e-12 1.028420400000000003e-12 1.028840530000000030e-12 1.029243530000000023e-12 1.029630270000000041e-12 1.030001820000000054e-12 1.030359070000000093e-12 1.030702540000000013e-12 1.031033330000000044e-12 1.031351870000000073e-12 1.031658920000000011e-12 1.031955010000000004e-12 1.032240919999999937e-12 1.032516949999999983e-12 1.032783880000000026e-12 1.033041920000000067e-12 1.033291620000000019e-12 1.033533499999999940e-12 1.033767800000000090e-12 1.033994940000000064e-12 1.034215360000000037e-12 1.034429270000000009e-12 1.034637000000000007e-12 1.034838880000000061e-12 1.035035119999999970e-12 1.035226159999999906e-12 1.035411989999999985e-12 1.035593049999999976e-12 1.035769340000000082e-12 1.035941300000000070e-12 1.036109019999999914e-12 1.036272740000000073e-12 1.036432439999999972e-12 1.036588570000000072e-12 1.036741109999999998e-12 1.036890300000000009e-12 1.037036130000000020e-12 1.037178910000000087e-12 1.037318670000000067e-12 1.037455599999999988e-12 1.037589720000000025e-12 1.037721230000000089e-12 1.037850140000000066e-12 1.037976670000000042e-12 1.038100920000000076e-12 1.038222780000000022e-12 1.038342589999999997e-12 1.038460330000000029e-12 1.038576020000000089e-12 1.038689860000000091e-12 1.038801749999999977e-12 1.038911899999999949e-12 1.039020430000000036e-12 1.039127230000000093e-12 1.039232390000000093e-12 1.039336150000000092e-12 1.039438390000000062e-12 1.039539219999999945e-12 1.039638750000000087e-12 1.039736869999999940e-12 1.039833799999999995e-12 1.039929540000000050e-12 1.040024080000000018e-12 1.040117539999999928e-12 1.040209799999999953e-12 1.040301090000000064e-12 1.040391410000000059e-12 1.040480739999999968e-12 1.040569110000000050e-12
1.004554840000000084e-12 1.004234349999999940e-12 1.004163550000000065e-12 1.004361200000000060e-12 1.004845840000000047e-12 1.005592200000000017e-12 1.006545979999999929e-12 1.007646010000000052e-12 1.008837000000000056e-12 1.010074289999999928e-12 1.011324379999999920e-12 1.012563409999999908e-12 1.013774889999999946e-12 1.014948110000000032e-12 1.016076760000000077e-12 1.017157170000000022e-12 1.018188030000000040e-12 1.019169339999999930e-12 1.020102080000000095e-12 1.020987870000000017e-12 1.021828780000000042e-12 1.022626749999999998e-12 1.023384180000000058e-12 1.024103439999999934e-12 1.024786809999999975e-12 1.025436249999999977e-12 1.026054130000000057e-12 1.026642200000000014e-12 1.027202519999999905e-12 1.027736710000000020e-12 1.028246499999999985e-12 1.028733309999999972e-12 1.029198749999999982e-12 1.029644029999999987e-12 1.030070449999999929e-12 1.030479200000000010e-12 1.030871240000000058e-12 1.031247679999999987e-12 1.031609370000000084e-12 1.031957289999999947e-12 1.032292089999999951e-12 1.032614639999999952e-12 1.032925589999999920e-12 1.033225590000000030e-12 1.033515290000000050e-12 1.033795120000000068e-12 1.034065850000000084e-12 1.034327789999999952e-12 1.034581489999999992e-12 1.034827280000000029e-12 1.035065700000000094e-12 1.035297069999999925e-12 1.035521710000000072e-12 1.035740069999999987e-12 1.035952360000000073e-12 1.036158900000000071e-12 1.036360020000000010e-12 1.036555930000000092e-12 1.036746970000000028e-12 1.036933229999999992e-12 1.037114950000000041e-12 1.037292429999999944e-12 1.037465900000000078e-12 1.037635469999999979e-12 1.037801249999999995e-12 1.037963549999999981e-12 1.038122389999999909e-12 1.038278080000000037e-12 1.038430630000000050e-12 1.038580249999999946e-12 1.038727050000000072e-12 1.038871139999999966e-12 1.039012629999999976e-12 1.039151619999999956e-12 1.039288229999999935e-12 1.039422669999999913e-12 1.039554840000000036e-12 1.039684940000000013e-12 1.039813090000000076e-12 1.039939399999999966e-12 1.040063870000000086e-12 1.040186489999999946e-12 1.040307489999999921e-12 1.040426970000000069e-12 1.040544820000000043e-12 1.040661160000000074e-12 1.040776190000000077e-12 1.040889809999999992e-12 1.041002249999999993e-12 1.041113379999999966e-12 1.041223310000000053e-12 1.041332169999999967e-12 1.041439939999999938e-12 1.041546619999999967e-12 1.041652440000000024e-12 1.041757180000000024e-12 1.041861150000000023e-12 1.041964149999999907e-12 1.042066390000000078e-12 1.042167869999999933e-12
1.002271620000000016e-12 1.002162439999999957e-12 1.002328650000000060e-12 1.002852639999999942e-12 1.003737019999999978e-12 1.004915549999999979e-12 1.006298559999999919e-12 1.007802670000000095e-12 1.009361649999999996e-12 1.010927340000000014e-12 1.012467020000000084e-12 1.013959639999999967e-12 1.015392740000000065e-12 1.016759479999999944e-12 1.018057169999999947e-12 1.019285570000000019e-12 1.020446309999999929e-12 1.021542009999999936e-12 1.022575689999999926e-12 1.023550929999999987e-12 1.024471310000000005e-12 1.025340399999999980e-12 1.026161469999999942e-12 1.026937970000000064e-12 1.027672959999999974e-12 1.028369229999999989e-12 1.029029729999999994e-12 1.029656719999999961e-12 1.030252710000000007e-12 1.030819740000000016e-12 1.031359890000000017e-12 1.031874890000000041e-12 1.032366580000000058e-12 1.032836360000000069e-12 1.033285759999999988e-12 1.033716189999999903e-12 1.034128730000000072e-12 1.034524570000000092e-12 1.034904799999999906e-12 1.035270390000000034e-12 1.035622220000000013e-12 1.035961139999999931e-12 1.036287810000000048e-12 1.036603200000000076e-12 1.036907760000000071e-12 1.037202120000000035e-12 1.037487049999999968e-12 1.037762870000000014e-12 1.038030229999999942e-12 1.038289459999999983e-12 1.038541209999999906e-12 1.038785700000000001e-12 1.039023470000000094e-12 1.039254729999999983e-12 1.039479920000000044e-12 1.039699360000000017e-12 1.039913269999999988e-12 1.040121979999999987e-12 1.040325809999999955e-12 1.040524870000000038e-12 1.040719490000000061e-12 1.040909980000000084e-12 1.041096349999999990e-12 1.041278930000000010e-12 1.041457940000000030e-12 1.041633470000000019e-12 1.041805749999999950e-12 1.041974880000000083e-12 1.042140980000000041e-12 1.042304260000000027e-12 1.042464939999999926e-12 1.042623019999999940e-12 1.042778599999999924e-12 1.042931910000000052e-12 1.043083049999999978e-12 1.043232019999999903e-12 1.043379030000000029e-12 1.043524099999999924e-12 1.043667429999999905e-12 1.043809030000000058e-12 1.043949000000000038e-12 1.044087340000000047e-12 1.044224280000000055e-12 1.044359800000000091e-12 1.044494030000000070e-12 1.044626950000000019e-12 1.044758679999999968e-12 1.044889330000000061e-12 1.045018890000000010e-12 1.045147480000000044e-12 1.045275090000000079e-12 1.045401830000000055e-12 1.045527710000000060e-12 1.045652820000000065e-12 1.045777070000000099e-12 1.045900779999999901e-12 1.046023839999999935e-12 1.046146239999999910e-12 1.046268109999999943e-12 1.046389430000000062e-12
1.001140469999999941e-12 1.001217769999999933e-12 1.001725940000000013e-12 1.002754849999999915e-12 1.004231849999999910e-12 1.006015909999999930e-12 1.007970730000000053e-12 1.009991030000000050e-12 1.012004280000000016e-12 1.013964519999999997e-12 1.015844629999999927e-12 1.017630319999999919e-12 1.019315709999999970e-12 1.020900159999999993e-12 1.022386170000000019e-12 1.023778389999999904e-12 1.025082039999999996e-12 1.026302850000000009e-12 1.027446789999999913e-12 1.028519500000000058e-12 1.029526510000000042e-12 1.030472910000000095e-12 1.031363359999999960e-12 1.032202320000000071e-12 1.032993889999999967e-12 1.033741669999999910e-12 1.034449110000000072e-12 1.035119259999999993e-12 1.035754920000000078e-12 1.036358819999999923e-12 1.036933229999999992e-12 1.037480320000000082e-12 1.038001929999999963e-12 1.038500120000000097e-12 1.038976310000000053e-12 1.039432210000000089e-12 1.039869040000000063e-12 1.040288300000000031e-12 1.040690860000000054e-12 1.041078140000000100e-12 1.041450889999999999e-12 1.041810190000000009e-12 1.042156809999999930e-12 1.042491510000000078e-12 1.042815139999999934e-12 1.043128370000000048e-12 1.043431729999999956e-12 1.043725870000000036e-12 1.044011339999999997e-12 1.044288680000000072e-12 1.044558319999999943e-12 1.044820699999999985e-12 1.045076239999999996e-12 1.045325390000000035e-12 1.045568360000000100e-12 1.045805690000000020e-12 1.046037609999999967e-12 1.046264309999999971e-12 1.046486359999999915e-12 1.046703740000000031e-12 1.046916790000000031e-12 1.047125819999999972e-12 1.047330950000000085e-12 1.047532499999999909e-12 1.047730590000000078e-12 1.047925419999999899e-12 1.048117210000000067e-12 1.048306080000000002e-12 1.048492239999999908e-12 1.048675790000000044e-12 1.048856959999999978e-12 1.049035860000000055e-12 1.049212469999999901e-12 1.049387139999999919e-12 1.049559849999999937e-12 1.049730829999999925e-12 1.049900080000000086e-12 1.050067689999999987e-12 1.050233900000000090e-12 1.050398589999999961e-12 1.050562090000000034e-12 1.050724289999999962e-12 1.050885399999999948e-12 1.051045540000000020e-12 1.051204589999999948e-12 1.051362879999999961e-12 1.051520200000000062e-12 1.051676869999999988e-12 1.051832880000000059e-12 1.051988139999999899e-12 1.052142959999999970e-12 1.052297250000000098e-12 1.052451100000000053e-12 1.052604510000000037e-12 1.052757710000000020e-12 1.052910470000000033e-12 1.053063129999999987e-12 1.053215669999999913e-12 1.053368000000000041e-12 1.053520229999999909e-12
1.000599669999999969e-12 1.000921889999999940e-12 1.001930310000000010e-12 1.003640959999999981e-12 1.005856310000000089e-12 1.008349000000000069e-12 1.010941979999999903e-12 1.013517940000000050e-12 1.016006940000000000e-12 1.018371479999999917e-12 1.020594420000000084e-12 1.022671309999999952e-12 1.024604769999999983e-12 1.026401620000000035e-12 1.028070320000000024e-12 1.029620400000000038e-12 1.031061409999999936e-12 1.032402350000000067e-12 1.033652009999999972e-12 1.034818280000000085e-12 1.035908450000000090e-12 1.036929220000000020e-12 1.037886680000000076e-12 1.038786349999999972e-12 1.039633109999999941e-12 1.040431409999999926e-12 1.041185260000000100e-12 1.041898560000000091e-12 1.042574229999999927e-12 1.043215640000000100e-12 1.043825180000000091e-12 1.044405559999999931e-12 1.044958819999999907e-12 1.045487160000000078e-12 1.045992290000000099e-12 1.046476060000000028e-12 1.046939879999999951e-12 1.047385270000000100e-12 1.047813420000000071e-12 1.048225630000000009e-12 1.048622890000000001e-12 1.049006259999999931e-12 1.049376730000000089e-12 1.049735169999999926e-12 1.050082219999999933e-12 1.050418760000000053e-12 1.050745429999999968e-12 1.051062880000000054e-12 1.051371660000000022e-12 1.051672309999999901e-12 1.051965369999999922e-12 1.052251379999999913e-12 1.052530679999999988e-12 1.052803790000000004e-12 1.053070930000000047e-12 1.053332659999999916e-12 1.053589290000000072e-12 1.053841039999999995e-12 1.054088239999999918e-12 1.054331319999999926e-12 1.054570280000000019e-12 1.054805660000000025e-12 1.055037459999999943e-12 1.055266119999999947e-12 1.055491740000000095e-12 1.055714440000000010e-12 1.055934529999999954e-12 1.056152240000000100e-12 1.056367670000000100e-12 1.056580930000000100e-12 1.056792239999999984e-12 1.057001820000000040e-12 1.057209659999999981e-12 1.057416090000000037e-12 1.057621000000000063e-12 1.057824729999999974e-12 1.058027260000000000e-12 1.058228810000000025e-12 1.058429389999999935e-12 1.058629099999999989e-12 1.058828160000000072e-12 1.059026560000000096e-12 1.059224539999999919e-12 1.059421970000000030e-12 1.059619079999999996e-12 1.059815859999999934e-12 1.060012540000000016e-12 1.060209100000000069e-12 1.060405560000000064e-12 1.060602130000000002e-12 1.060798799999999997e-12 1.060995690000000079e-12 1.061192689999999902e-12 1.061390130000000099e-12 1.061587879999999951e-12 1.061786080000000062e-12 1.061984809999999914e-12 1.062184090000000083e-12 1.062383899999999992e-12 1.062584479999999902e-12
1.000383150000000026e-12 1.001085169999999926e-12 1.002796039999999984e-12 1.005359420000000099e-12 1.008420989999999944e-12 1.011676090000000072e-12 1.014924259999999997e-12 1.018051090000000032e-12 1.020999260000000049e-12 1.023746190000000098e-12 1.026288320000000062e-12 1.028633019999999916e-12 1.030792639999999922e-12 1.032781500000000026e-12 1.034614670000000001e-12 1.036306570000000053e-12 1.037870740000000043e-12 1.039319460000000030e-12 1.040663969999999960e-12 1.041914490000000037e-12 1.043080120000000064e-12 1.044168770000000040e-12 1.045187809999999940e-12 1.046143640000000025e-12 1.047042119999999921e-12 1.047888229999999918e-12 1.048686749999999990e-12 1.049441890000000020e-12 1.050157139999999925e-12 1.050835959999999964e-12 1.051481490000000051e-12 1.052096239999999900e-12 1.052682790000000029e-12 1.053243430000000065e-12 1.053780109999999921e-12 1.054294669999999974e-12 1.054788849999999934e-12 1.055264170000000033e-12 1.055721919999999926e-12 1.056163620000000045e-12 1.056590249999999987e-12 1.057003010000000041e-12 1.057402860000000033e-12 1.057790790000000051e-12 1.058167439999999980e-12 1.058533899999999963e-12 1.058890710000000031e-12 1.059238530000000038e-12 1.059578099999999928e-12 1.059909970000000017e-12 1.060234690000000018e-12 1.060552799999999960e-12 1.060864609999999900e-12 1.061170789999999982e-12 1.061471659999999948e-12 1.061767539999999941e-12 1.062058860000000049e-12 1.062346069999999924e-12 1.062629370000000087e-12 1.062909089999999961e-12 1.063185459999999920e-12 1.063458890000000080e-12 1.063729620000000096e-12 1.063997739999999937e-12 1.064263689999999980e-12 1.064527590000000051e-12 1.064789529999999920e-12 1.065049960000000048e-12 1.065308869999999945e-12 1.065566579999999957e-12 1.065823099999999968e-12 1.066078760000000008e-12 1.066333650000000048e-12 1.066587900000000002e-12 1.066841600000000041e-12 1.067095090000000081e-12 1.067348360000000034e-12 1.067601520000000044e-12 1.067854680000000055e-12 1.068108059999999950e-12 1.068361759999999990e-12 1.068615790000000058e-12 1.068870359999999954e-12 1.069125580000000023e-12 1.069381450000000063e-12 1.069638080000000017e-12 1.069895580000000028e-12 1.070154160000000098e-12 1.070413829999999909e-12 1.070674579999999979e-12 1.070936629999999992e-12 1.071199880000000092e-12 1.071464639999999933e-12 1.071730920000000004e-12 1.071998719999999904e-12 1.072268140000000092e-12 1.072539299999999992e-12 1.072812189999999921e-12 1.073086929999999909e-12 1.073363620000000012e-12
1.000396809999999914e-12 1.001723439999999983e-12 1.004414429999999930e-12 1.008033389999999955e-12 1.012060440000000003e-12 1.016136829999999977e-12 1.020062509999999912e-12 1.023742290000000068e-12 1.027141480000000091e-12 1.030257800000000037e-12 1.033104809999999940e-12 1.035703100000000093e-12 1.038075440000000069e-12 1.040244709999999991e-12 1.042232059999999950e-12 1.044056980000000010e-12 1.045736960000000088e-12 1.047287469999999987e-12 1.048722419999999941e-12 1.050053820000000099e-12 1.051292299999999971e-12 1.052447410000000023e-12 1.053527379999999997e-12 1.054539700000000097e-12 1.055490870000000037e-12 1.056386639999999903e-12 1.057232099999999929e-12 1.058031919999999943e-12 1.058790209999999975e-12 1.059510660000000054e-12 1.060196529999999921e-12 1.060850840000000069e-12 1.061476209999999949e-12 1.062075120000000024e-12 1.062649749999999978e-12 1.063202040000000040e-12 1.063733840000000068e-12 1.064246889999999976e-12 1.064742589999999965e-12 1.065222349999999922e-12 1.065687469999999989e-12 1.066139039999999909e-12 1.066578250000000085e-12 1.067005969999999970e-12 1.067423170000000083e-12 1.067830720000000077e-12 1.068229269999999925e-12 1.068619800000000030e-12 1.069002740000000076e-12 1.069378849999999976e-12 1.069748669999999960e-12 1.070112749999999943e-12 1.070471730000000011e-12 1.070825830000000049e-12 1.071175809999999970e-12 1.071521779999999919e-12 1.071864390000000069e-12 1.072203959999999959e-12 1.072540710000000079e-12 1.072875189999999938e-12 1.073207600000000057e-12 1.073538180000000088e-12 1.073867339999999946e-12 1.074195200000000063e-12 1.074522200000000007e-12 1.074848540000000095e-12 1.075174350000000039e-12 1.075499930000000012e-12 1.075825520000000071e-12 1.076151319999999928e-12 1.076477450000000016e-12 1.076804119999999931e-12 1.077131549999999961e-12 1.077459949999999906e-12 1.077789439999999995e-12 1.078120120000000084e-12 1.078452210000000058e-12 1.078785930000000004e-12 1.079121279999999921e-12 1.079458459999999926e-12 1.079797599999999931e-12 1.080138909999999936e-12 1.080482380000000058e-12 1.080828240000000064e-12 1.081176600000000101e-12 1.081527549999999936e-12 1.081881220000000089e-12 1.082237710000000012e-12 1.082597229999999907e-12 1.082959679999999918e-12 1.083325270000000046e-12 1.083694119999999914e-12 1.084066319999999900e-12 1.084441999999999914e-12 1.084821139999999988e-12 1.085203979999999976e-12 1.085590490000000022e-12 1.085980909999999983e-12 1.086375240000000061e-12 1.086773570000000024e-12
1.000675889999999903e-12 1.003023509999999988e-12 1.007060100000000010e-12 1.011977389999999923e-12 1.017110550000000009e-12 1.022084440000000082e-12 1.026726769999999921e-12 1.030978360000000058e-12 1.034836599999999916e-12 1.038324919999999934e-12 1.041476580000000006e-12 1.044327379999999996e-12 1.046911470000000030e-12 1.049260290000000000e-12 1.051401699999999914e-12 1.053360199999999981e-12 1.055157479999999918e-12 1.056811969999999903e-12 1.058340049999999940e-12 1.059755799999999918e-12 1.061071479999999927e-12 1.062297930000000085e-12 1.063444359999999932e-12 1.064519240000000078e-12 1.065529610000000062e-12 1.066482079999999944e-12 1.067382190000000014e-12 1.068235129999999956e-12 1.069045130000000030e-12 1.069816440000000065e-12 1.070552499999999946e-12 1.071256690000000050e-12 1.071931709999999914e-12 1.072580180000000003e-12 1.073204680000000027e-12 1.073807169999999988e-12 1.074389709999999943e-12 1.074953930000000066e-12 1.075501669999999925e-12 1.076034230000000069e-12 1.076553019999999978e-12 1.077059340000000000e-12 1.077554390000000018e-12 1.078039130000000062e-12 1.078514559999999902e-12 1.078981630000000085e-12 1.079441219999999950e-12 1.079894100000000101e-12 1.080340999999999991e-12 1.080782489999999908e-12 1.081219419999999939e-12 1.081652350000000085e-12 1.082081690000000056e-12 1.082508109999999998e-12 1.082932140000000055e-12 1.083354110000000054e-12 1.083774560000000023e-12 1.084193929999999934e-12 1.084612539999999931e-12 1.085030939999999929e-12 1.085449220000000100e-12 1.085868049999999982e-12 1.086287420000000095e-12 1.086707870000000064e-12 1.087129630000000062e-12 1.087553009999999946e-12 1.087978230000000003e-12 1.088405620000000061e-12 1.088835400000000003e-12 1.089267889999999976e-12 1.089703089999999978e-12 1.090141430000000096e-12 1.090583140000000100e-12 1.091028309999999960e-12 1.091477170000000053e-12 1.091930039999999915e-12 1.092386919999999952e-12 1.092848139999999990e-12 1.093313809999999971e-12 1.093784130000000012e-12 1.094259230000000024e-12 1.094739320000000010e-12 1.095224609999999967e-12 1.095715210000000042e-12 1.096211120000000032e-12 1.096712779999999907e-12 1.097220190000000073e-12 1.097733449999999981e-12 1.098252779999999919e-12 1.098778290000000032e-12 1.099310099999999945e-12 1.099848400000000090e-12 1.100393210000000035e-12 1.100944860000000011e-12 1.101503330000000046e-12 1.102068739999999968e-12 1.102641310000000064e-12 1.103221139999999990e-12 1.103808229999999947e-12 1.104402920000000049e-12
1.001416180000000045e-12 1.005506329999999965e-12 1.011523870000000089e-12 1.018183690000000039e-12 1.024716439999999984e-12 1.030782769999999919e-12 1.036275449999999901e-12 1.041193820000000074e-12 1.045581479999999959e-12 1.049495890000000092e-12 1.052995579999999969e-12 1.056134670000000095e-12 1.058960859999999934e-12 1.061515890000000076e-12 1.063835109999999922e-12 1.065949200000000060e-12 1.067883949999999947e-12 1.069661720000000052e-12 1.071301359999999946e-12 1.072819239999999952e-12 1.074229570000000073e-12 1.075544380000000024e-12 1.076774410000000067e-12 1.077928869999999946e-12 1.079015780000000008e-12 1.080042309999999910e-12 1.081014729999999999e-12 1.081938470000000018e-12 1.082818510000000053e-12 1.083659309999999934e-12 1.084464659999999949e-12 1.085238240000000043e-12 1.085982970000000042e-12 1.086702019999999918e-12 1.087397639999999962e-12 1.088072450000000028e-12 1.088728389999999946e-12 1.089367419999999916e-12 1.089991379999999911e-12 1.090601890000000018e-12 1.091200479999999949e-12 1.091788439999999964e-12 1.092367080000000091e-12 1.092937589999999927e-12 1.093501049999999935e-12 1.094058439999999912e-12 1.094610839999999917e-12 1.095159010000000065e-12 1.095703820000000010e-12 1.096246030000000070e-12 1.096786399999999956e-12 1.097325569999999957e-12 1.097864199999999930e-12 1.098402940000000046e-12 1.098942329999999932e-12 1.099482919999999905e-12 1.100025339999999965e-12 1.100569829999999967e-12 1.101117139999999942e-12 1.101667590000000033e-12 1.102221499999999980e-12 1.102779539999999929e-12 1.103341920000000080e-12 1.103909060000000031e-12 1.104481309999999984e-12 1.105058969999999909e-12 1.105642490000000066e-12 1.106232179999999908e-12 1.106828280000000098e-12 1.107431199999999943e-12 1.108041069999999964e-12 1.108658300000000072e-12 1.109283240000000068e-12 1.109915979999999921e-12 1.110556850000000065e-12 1.111206069999999981e-12 1.111863960000000014e-12 1.112530749999999934e-12 1.113206640000000059e-12 1.113891859999999955e-12 1.114586720000000085e-12 1.115291340000000073e-12 1.116005940000000007e-12 1.116730840000000029e-12 1.117466150000000083e-12 1.118212079999999967e-12 1.118968959999999912e-12 1.119736789999999917e-12 1.120515900000000012e-12 1.121306499999999994e-12 1.122108700000000009e-12 1.122922719999999940e-12 1.123748769999999990e-12 1.124587079999999927e-12 1.125437739999999926e-12 1.126300979999999957e-12 1.127177019999999905e-12 1.128065960000000029e-12 1.128968009999999926e-12 1.129883509999999914e-12
1.002778049999999979e-12 1.009216799999999986e-12 1.017553660000000014e-12 1.026095870000000039e-12 1.034068769999999911e-12 1.041225920000000025e-12 1.047551589999999943e-12 1.053115929999999973e-12 1.058013270000000083e-12 1.062337179999999922e-12 1.066171890000000091e-12 1.069589839999999917e-12 1.072651949999999993e-12 1.075409829999999901e-12 1.077906320000000055e-12 1.080177400000000062e-12 1.082253320000000016e-12 1.084159670000000069e-12 1.085918029999999995e-12 1.087546829999999973e-12 1.089061890000000007e-12 1.090476780000000014e-12 1.091803189999999996e-12 1.093051319999999987e-12 1.094230070000000074e-12 1.095347230000000029e-12 1.096409640000000085e-12 1.097423370000000070e-12 1.098393729999999899e-12 1.099325490000000064e-12 1.100222989999999960e-12 1.101090139999999906e-12 1.101930180000000075e-12 1.102746470000000064e-12 1.103541629999999932e-12 1.104318239999999998e-12 1.105078809999999972e-12 1.105825280000000087e-12 1.106559830000000025e-12 1.107284080000000077e-12 1.107999760000000068e-12 1.108708499999999971e-12 1.109411610000000016e-12 1.110110479999999916e-12 1.110806429999999988e-12 1.111500429999999945e-12 1.112193669999999988e-12 1.112887229999999973e-12 1.113581990000000045e-12 1.114278919999999916e-12 1.114978879999999960e-12 1.115682519999999948e-12 1.116390829999999966e-12 1.117104459999999986e-12 1.117824040000000007e-12 1.118550239999999972e-12 1.119283809999999910e-12 1.120025299999999937e-12 1.120775239999999995e-12 1.121534289999999940e-12 1.122302880000000061e-12 1.123081549999999983e-12 1.123870850000000023e-12 1.124671320000000008e-12 1.125483280000000083e-12 1.126307159999999930e-12 1.127143630000000098e-12 1.127992880000000010e-12 1.128855470000000069e-12 1.129731720000000017e-12 1.130622070000000027e-12 1.131526840000000040e-12 1.132446459999999942e-12 1.133381259999999963e-12 1.134331669999999989e-12 1.135297909999999903e-12 1.136280409999999995e-12 1.137279509999999976e-12 1.138295510000000020e-12 1.139328759999999923e-12 1.140379460000000005e-12 1.141448050000000034e-12 1.142534849999999952e-12 1.143640089999999933e-12 1.144764189999999976e-12 1.145907260000000025e-12 1.147069740000000050e-12 1.148251849999999937e-12 1.149453899999999943e-12 1.150676229999999985e-12 1.151919050000000060e-12 1.153182689999999998e-12 1.154467359999999998e-12 1.155773390000000091e-12 1.157101109999999901e-12 1.158450719999999948e-12 1.159822559999999943e-12 1.161216849999999973e-12 1.162633789999999951e-12 1.164073829999999936e-12
1.004987219999999912e-12 1.014311029999999975e-12 1.025160429999999931e-12 1.035602160000000065e-12 1.044969450000000025e-12 1.053156910000000042e-12 1.060258219999999909e-12 1.066419960000000072e-12 1.071788169999999933e-12 1.076491760000000077e-12 1.080639270000000071e-12 1.084320349999999968e-12 1.087608410000000019e-12 1.090563729999999922e-12 1.093236070000000008e-12 1.095666310000000087e-12 1.097888710000000023e-12 1.099931670000000055e-12 1.101819160000000045e-12 1.103571770000000085e-12 1.105206529999999949e-12 1.106738510000000016e-12 1.108180389999999972e-12 1.109543230000000023e-12 1.110836790000000025e-12 1.112069530000000098e-12 1.113248820000000013e-12 1.114381370000000087e-12 1.115472840000000036e-12 1.116528640000000032e-12 1.117553320000000078e-12 1.118551110000000030e-12 1.119525799999999975e-12 1.120480880000000031e-12 1.121419359999999996e-12 1.122344299999999899e-12 1.123258169999999915e-12 1.124163479999999957e-12 1.125062389999999940e-12 1.125956970000000008e-12 1.126849050000000047e-12 1.127740590000000057e-12 1.128633099999999980e-12 1.129528330000000020e-12 1.130427460000000089e-12 1.131332119999999958e-12 1.132243500000000031e-12 1.133162789999999904e-12 1.134091190000000068e-12 1.135029900000000004e-12 1.135979770000000001e-12 1.136941990000000058e-12 1.137917559999999947e-12 1.138907110000000069e-12 1.139911839999999908e-12 1.140932509999999981e-12 1.141969770000000059e-12 1.143024689999999911e-12 1.144097730000000085e-12 1.145189850000000005e-12 1.146301700000000045e-12 1.147433929999999975e-12 1.148587189999999969e-12 1.149762250000000027e-12 1.150959540000000032e-12 1.152179910000000073e-12 1.153423820000000091e-12 1.154691900000000087e-12 1.155984699999999975e-12 1.157302770000000071e-12 1.158646750000000058e-12 1.160017070000000024e-12 1.161414280000000084e-12 1.162838920000000064e-12 1.164291540000000081e-12 1.165772559999999932e-12 1.167282520000000051e-12 1.168821879999999976e-12 1.170391150000000082e-12 1.171990670000000081e-12 1.173621200000000088e-12 1.175282959999999989e-12 1.176976490000000013e-12 1.178702100000000017e-12 1.180460570000000087e-12 1.182252000000000080e-12 1.184077030000000082e-12 1.185936010000000093e-12 1.187829459999999969e-12 1.189757709999999942e-12 1.191721309999999923e-12 1.193720580000000059e-12 1.195756059999999973e-12 1.197828080000000100e-12 1.199937069999999918e-12 1.202083570000000065e-12 1.204267909999999962e-12 1.206490529999999985e-12 1.208751849999999931e-12 1.211052309999999975e-12
1.008695619999999989e-12 1.021710280000000096e-12 1.035431069999999933e-12 1.047916740000000099e-12 1.058735239999999989e-12 1.067975999999999972e-12 1.075864119999999937e-12 1.082631159999999945e-12 1.088478479999999994e-12 1.093571740000000070e-12 1.098044290000000007e-12 1.102003040000000008e-12 1.105533740000000095e-12 1.108705579999999941e-12 1.111574809999999907e-12 1.114187409999999920e-12 1.116581219999999931e-12 1.118787789999999978e-12 1.120833569999999982e-12 1.122740790000000093e-12 1.124528419999999911e-12 1.126212729999999904e-12 1.127807480000000017e-12 1.129324929999999936e-12 1.130775589999999953e-12 1.132168689999999982e-12 1.133512339999999941e-12 1.134813920000000090e-12 1.136079620000000085e-12 1.137315500000000073e-12 1.138526659999999967e-12 1.139717770000000000e-12 1.140893149999999999e-12 1.142056719999999967e-12 1.143211939999999961e-12 1.144362270000000041e-12 1.145510660000000091e-12 1.146659810000000055e-12 1.147812530000000020e-12 1.148971219999999957e-12 1.150138039999999984e-12 1.151315259999999955e-12 1.152504849999999959e-12 1.153708750000000024e-12 1.154928799999999920e-12 1.156166630000000024e-12 1.157423980000000046e-12 1.158702260000000073e-12 1.160003190000000049e-12 1.161327979999999945e-12 1.162678029999999963e-12 1.164054749999999988e-12 1.165459439999999963e-12 1.166893190000000033e-12 1.168357290000000053e-12 1.169852840000000052e-12 1.171380920000000090e-12 1.172942710000000078e-12 1.174539199999999903e-12 1.176171360000000084e-12 1.177840270000000073e-12 1.179546910000000072e-12 1.181292039999999994e-12 1.183076859999999928e-12 1.184902000000000074e-12 1.186768569999999943e-12 1.188677299999999996e-12 1.190629190000000004e-12 1.192624880000000052e-12 1.194665239999999996e-12 1.196751250000000040e-12 1.198883439999999923e-12 1.201062799999999934e-12 1.203290070000000015e-12 1.205565809999999966e-12 1.207891100000000045e-12 1.210266480000000080e-12 1.212692600000000042e-12 1.215170430000000047e-12 1.217700530000000095e-12 1.220283639999999927e-12 1.222920529999999946e-12 1.225611840000000037e-12 1.228358239999999942e-12 1.231160459999999919e-12 1.234019179999999998e-12 1.236935139999999919e-12 1.239908999999999942e-12 1.242941410000000039e-12 1.246033010000000095e-12 1.249184569999999906e-12 1.252396729999999965e-12 1.255670160000000012e-12 1.259005599999999989e-12 1.262403589999999924e-12 1.265864909999999906e-12 1.269390189999999934e-12 1.272980200000000009e-12 1.276635479999999956e-12 1.280356790000000095e-12
1.014919160000000082e-12 1.032661369999999907e-12 1.049728339999999982e-12 1.064488560000000099e-12 1.076885649999999982e-12 1.087261679999999954e-12 1.095996880000000032e-12 1.103418789999999986e-12 1.109789560000000089e-12 1.115314219999999993e-12 1.120152579999999942e-12 1.124429650000000087e-12 1.128244089999999904e-12 1.131674400000000080e-12 1.134783669999999995e-12 1.137623199999999983e-12 1.140235040000000081e-12 1.142653790000000071e-12 1.144908709999999958e-12 1.147024100000000038e-12 1.149020770000000086e-12 1.150916599999999963e-12 1.152726789999999961e-12 1.154464759999999911e-12 1.156142239999999959e-12 1.157769519999999908e-12 1.159355599999999903e-12 1.160908610000000034e-12 1.162436030000000013e-12 1.163944269999999987e-12 1.165439489999999958e-12 1.166926910000000071e-12 1.168411720000000010e-12 1.169898489999999949e-12 1.171391329999999919e-12 1.172894360000000036e-12 1.174411260000000042e-12 1.175945299999999965e-12 1.177499940000000067e-12 1.179078099999999974e-12 1.180682609999999945e-12 1.182316400000000098e-12 1.183981950000000085e-12 1.185681759999999938e-12 1.187418110000000003e-12 1.189193490000000020e-12 1.191009859999999991e-12 1.192869369999999944e-12 1.194774099999999910e-12 1.196726089999999975e-12 1.198726990000000082e-12 1.200778839999999915e-12 1.202883279999999934e-12 1.205042140000000027e-12 1.207257060000000047e-12 1.209529549999999939e-12 1.211861450000000078e-12 1.214254169999999944e-12 1.216709129999999914e-12 1.219228060000000017e-12 1.221812259999999993e-12 1.224463239999999987e-12 1.227182310000000028e-12 1.229970880000000002e-12 1.232830239999999965e-12 1.235761929999999920e-12 1.238767009999999952e-12 1.241846900000000033e-12 1.245002800000000047e-12 1.248236109999999997e-12 1.251547799999999996e-12 1.254939399999999959e-12 1.258411890000000088e-12 1.261966440000000008e-12 1.265604479999999980e-12 1.269326869999999975e-12 1.273135029999999964e-12 1.277029910000000091e-12 1.281012730000000012e-12 1.285084670000000043e-12 1.289246810000000041e-12 1.293500140000000092e-12 1.297846049999999909e-12 1.302285319999999982e-12 1.306819340000000022e-12 1.311449000000000060e-12 1.316175580000000066e-12 1.320999950000000098e-12 1.325923310000000041e-12 1.330946850000000099e-12 1.336071550000000068e-12 1.341298490000000007e-12 1.346628749999999973e-12 1.352063429999999997e-12 1.357603699999999905e-12 1.363250549999999986e-12 1.369005060000000097e-12 1.374868529999999977e-12 1.380841839999999973e-12 1.386926060000000056e-12
1.024422080000000020e-12 1.047939189999999932e-12 1.068830570000000087e-12 1.086113840000000019e-12 1.100241530000000081e-12 1.111859740000000042e-12 1.121526919999999967e-12 1.129676759999999916e-12 1.136637769999999976e-12 1.142657150000000071e-12 1.147923229999999906e-12 1.152580309999999979e-12 1.156740830000000092e-12 1.160493360000000037e-12 1.163908379999999949e-12 1.167043130000000073e-12 1.169944020000000019e-12 1.172649650000000057e-12 1.175192110000000051e-12 1.177598380000000065e-12 1.179891690000000020e-12 1.182091860000000008e-12 1.184215920000000004e-12 1.186278939999999984e-12 1.188294250000000008e-12 1.190273470000000081e-12 1.192227200000000060e-12 1.194164780000000006e-12 1.196094980000000094e-12 1.198025510000000009e-12 1.199963410000000099e-12 1.201915519999999991e-12 1.203887900000000032e-12 1.205886089999999908e-12 1.207915600000000052e-12 1.209981440000000003e-12 1.212088159999999966e-12 1.214240409999999998e-12 1.216442310000000015e-12 1.218697990000000018e-12 1.221011249999999979e-12 1.223385759999999956e-12 1.225825209999999979e-12 1.228332759999999935e-12 1.230911859999999996e-12 1.233565769999999904e-12 1.236297310000000035e-12 1.239109730000000044e-12 1.242005739999999960e-12 1.244988159999999957e-12 1.248059919999999949e-12 1.251223519999999966e-12 1.254481539999999922e-12 1.257836609999999962e-12 1.261291309999999999e-12 1.264847930000000065e-12 1.268508840000000072e-12 1.272276549999999934e-12 1.276153230000000057e-12 1.280141249999999950e-12 1.284242789999999903e-12 1.288460010000000031e-12 1.292794969999999989e-12 1.297250069999999950e-12 1.301827140000000002e-12 1.306528340000000059e-12 1.311355749999999948e-12 1.316311319999999987e-12 1.321397090000000061e-12 1.326614919999999911e-12 1.331966869999999999e-12 1.337454890000000037e-12 1.343080699999999968e-12 1.348846489999999966e-12 1.354753769999999973e-12 1.360804699999999904e-12 1.367001020000000075e-12 1.373344579999999940e-12 1.379837220000000077e-12 1.386480669999999907e-12 1.393276770000000010e-12 1.400227479999999981e-12 1.407334320000000052e-12 1.414599339999999993e-12 1.422024069999999919e-12 1.429610549999999918e-12 1.437360319999999989e-12 1.445275319999999961e-12 1.453357289999999949e-12 1.461607959999999983e-12 1.470029069999999976e-12 1.478622559999999957e-12 1.487389960000000044e-12 1.496333330000000091e-12 1.505454289999999985e-12 1.514754580000000042e-12 1.524236140000000090e-12 1.533900719999999928e-12 1.543750150000000047e-12 1.553786180000000043e-12
1.037099329999999950e-12 1.066610120000000065e-12 1.091244719999999961e-12 1.110944019999999968e-12 1.126722299999999984e-12 1.139533999999999979e-12 1.150109849999999947e-12 1.158984910000000063e-12 1.166549060000000055e-12 1.173089289999999916e-12 1.178819949999999991e-12 1.183903340000000064e-12 1.188464910000000054e-12 1.192602659999999988e-12 1.196394549999999915e-12 1.199903460000000025e-12 1.203180570000000015e-12 1.206268379999999982e-12 1.209202549999999995e-12 1.212013239999999974e-12 1.214726130000000043e-12 1.217363670000000033e-12 1.219945479999999922e-12 1.222488800000000089e-12 1.225009029999999932e-12 1.227519820000000062e-12 1.230033980000000076e-12 1.232562659999999951e-12 1.235116610000000034e-12 1.237705250000000069e-12 1.240337689999999943e-12 1.243022289999999917e-12 1.245766940000000023e-12 1.248579150000000031e-12 1.251465840000000060e-12 1.254433840000000053e-12 1.257489340000000070e-12 1.260638619999999939e-12 1.263887429999999950e-12 1.267241299999999903e-12 1.270705869999999943e-12 1.274286229999999899e-12 1.277987480000000090e-12 1.281814499999999940e-12 1.285772159999999998e-12 1.289865130000000093e-12 1.294097859999999965e-12 1.298474670000000050e-12 1.303000129999999915e-12 1.307678360000000081e-12 1.312513360000000029e-12 1.317509360000000022e-12 1.322670379999999914e-12 1.328000100000000054e-12 1.333502540000000096e-12 1.339181370000000099e-12 1.345040289999999978e-12 1.351083090000000021e-12 1.357313130000000029e-12 1.363734209999999973e-12 1.370349690000000056e-12 1.377163029999999932e-12 1.384177600000000094e-12 1.391396759999999935e-12 1.398823980000000007e-12 1.406462400000000019e-12 1.414315279999999916e-12 1.422385760000000017e-12 1.430677299999999975e-12 1.439192730000000051e-12 1.447935410000000044e-12 1.456908270000000071e-12 1.466114559999999987e-12 1.475557309999999967e-12 1.485239339999999983e-12 1.495163909999999978e-12 1.505333939999999981e-12 1.515752479999999936e-12 1.526422330000000045e-12 1.537346639999999906e-12 1.548528230000000095e-12 1.559970140000000067e-12 1.571675189999999994e-12 1.583646410000000050e-12 1.595886620000000006e-12 1.608398850000000036e-12 1.621186039999999937e-12 1.634251000000000000e-12 1.647596659999999937e-12 1.661225950000000066e-12 1.675141899999999955e-12 1.689347340000000066e-12 1.703845179999999939e-12 1.718638469999999920e-12 1.733730130000000040e-12 1.749122980000000067e-12 1.764820279999999946e-12 1.780824730000000023e-12 1.797139590000000040e-12 1.813767670000000084e-12
1.054368290000000022e-12 1.090259499999999955e-12 1.118712110000000073e-12 1.140849570000000045e-12 1.158302509999999936e-12 1.172343690000000061e-12 1.183877219999999971e-12 1.193537460000000009e-12 1.201775119999999924e-12 1.208915780000000091e-12 1.215199489999999940e-12 1.220806770000000039e-12 1.225875949999999907e-12 1.230515359999999918e-12 1.234810650000000038e-12 1.238831090000000027e-12 1.242633820000000072e-12 1.246265890000000071e-12 1.249767430000000006e-12 1.253172699999999944e-12 1.256511059999999950e-12 1.259808769999999917e-12 1.263088700000000080e-12 1.266371559999999956e-12 1.269675989999999925e-12 1.273018910000000019e-12 1.276415930000000041e-12 1.279881690000000082e-12 1.283429419999999943e-12 1.287072009999999916e-12 1.290821290000000004e-12 1.294688420000000067e-12 1.298684249999999904e-12 1.302819069999999924e-12 1.307102429999999983e-12 1.311543969999999912e-12 1.316152699999999944e-12 1.320937279999999908e-12 1.325906400000000095e-12 1.331068069999999958e-12 1.336430419999999991e-12 1.342001160000000081e-12 1.347787979999999940e-12 1.353798150000000090e-12 1.360038929999999957e-12 1.366517470000000031e-12 1.373240709999999999e-12 1.380215390000000034e-12 1.387448209999999966e-12 1.394945789999999941e-12 1.402714530000000018e-12 1.410760719999999909e-12 1.419090760000000080e-12 1.427710599999999924e-12 1.436626429999999907e-12 1.445844309999999970e-12 1.455369900000000031e-12 1.465209249999999945e-12 1.475367900000000003e-12 1.485851699999999946e-12 1.496666070000000037e-12 1.507816770000000045e-12 1.519309200000000059e-12 1.531148689999999964e-12 1.543340760000000080e-12 1.555890719999999918e-12 1.568803680000000084e-12 1.582085049999999946e-12 1.595740030000000082e-12 1.609773619999999945e-12 1.624191019999999911e-12 1.638997210000000069e-12 1.654197400000000074e-12 1.669796460000000070e-12 1.685799500000000061e-12 1.702211400000000075e-12 1.719037019999999970e-12 1.736281370000000093e-12 1.753949420000000042e-12 1.772045939999999905e-12 1.790575830000000087e-12 1.809543939999999954e-12 1.828955170000000114e-12 1.848814290000000048e-12 1.869126379999999903e-12 1.889895790000000170e-12 1.911127940000000099e-12 1.932827379999999896e-12 1.954998880000000050e-12 1.977647430000000131e-12 2.000777799999999823e-12 2.024394969999999820e-12 2.048503940000000180e-12 2.073109480000000183e-12 2.098216349999999831e-12 2.123829760000000193e-12 2.149954480000000145e-12 2.176595709999999861e-12 2.203758229999999920e-12 2.231447230000000005e-12
1.080659759999999904e-12 1.124369800000000071e-12 1.157380400000000092e-12 1.182425030000000040e-12 1.201896219999999957e-12 1.217444870000000055e-12 1.230177089999999971e-12 1.240843149999999993e-12 1.249963890000000001e-12 1.257910009999999924e-12 1.264952340000000035e-12 1.271293179999999986e-12 1.277087269999999963e-12 1.282455589999999969e-12 1.287494309999999943e-12 1.292281820000000023e-12 1.296882739999999909e-12 1.301351709999999961e-12 1.305735139999999989e-12 1.310073470000000035e-12 1.314402359999999962e-12 1.318753370000000098e-12 1.323155130000000045e-12 1.327633640000000070e-12 1.332212879999999921e-12 1.336915169999999920e-12 1.341761119999999930e-12 1.346770349999999925e-12 1.351961190000000027e-12 1.357351409999999953e-12 1.362957599999999907e-12 1.368795920000000011e-12 1.374881759999999980e-12 1.381230200000000077e-12 1.387855540000000076e-12 1.394771670000000038e-12 1.401992449999999967e-12 1.409530909999999953e-12 1.417399940000000085e-12 1.425612229999999935e-12 1.434180140000000054e-12 1.443115590000000013e-12 1.452430620000000016e-12 1.462136509999999952e-12 1.472244959999999910e-12 1.482766930000000037e-12 1.493713569999999904e-12 1.505095639999999945e-12 1.516923849999999963e-12 1.529208730000000018e-12 1.541960569999999910e-12 1.555189680000000017e-12 1.568906139999999939e-12 1.583119809999999995e-12 1.597840570000000072e-12 1.613078270000000000e-12 1.628842350000000099e-12 1.645142460000000083e-12 1.661987819999999983e-12 1.679387969999999975e-12 1.697351890000000033e-12 1.715888819999999957e-12 1.735007750000000009e-12 1.754717569999999990e-12 1.775027389999999988e-12 1.795945769999999978e-12 1.817481499999999903e-12 1.839643240000000199e-12 1.862439669999999859e-12 1.885879469999999894e-12 1.909970659999999845e-12 1.934722129999999917e-12 1.960142119999999938e-12 1.986239079999999940e-12 2.013021039999999953e-12 2.040496679999999981e-12 2.068673789999999996e-12 2.097561060000000087e-12 2.127166500000000113e-12 2.157498140000000103e-12 2.188564430000000090e-12 2.220373189999999902e-12 2.252932869999999974e-12 2.286251480000000165e-12 2.320337060000000187e-12 2.355197849999999871e-12 2.390842080000000170e-12 2.427277779999999903e-12 2.464513190000000112e-12 2.502556319999999846e-12 2.541415649999999801e-12 2.581098959999999862e-12 2.621615160000000004e-12 2.662971840000000084e-12 2.705177879999999817e-12 2.748241090000000155e-12 2.792170139999999804e-12 2.836973490000000093e-12 2.882659610000000015e-12 2.929236709999999945e-12
1.115339700000000000e-12 1.167499149999999937e-12 1.205393749999999919e-12 1.233588540000000083e-12 1.255293289999999997e-12 1.272556499999999981e-12 1.286695469999999930e-12 1.298581140000000079e-12 1.308808640000000097e-12 1.317797220000000070e-12 1.325851319999999964e-12 1.333198199999999985e-12 1.340011870000000092e-12 1.346429150000000064e-12 1.352559880000000016e-12 1.358494480000000001e-12 1.364308729999999984e-12 1.370067469999999951e-12 1.375827079999999976e-12 1.381637529999999985e-12 1.387543510000000050e-12 1.393585770000000065e-12 1.399801819999999953e-12 1.406226479999999984e-12 1.412892159999999965e-12 1.419829639999999933e-12 1.427068209999999953e-12 1.434635610000000004e-12 1.442558640000000007e-12 1.450862980000000084e-12 1.459573460000000068e-12 1.468714039999999938e-12 1.478308249999999988e-12 1.488378859999999993e-12 1.498947880000000018e-12 1.510036999999999980e-12 1.521667450000000060e-12 1.533860060000000004e-12 1.546634999999999902e-12 1.560012210000000078e-12 1.574011429999999932e-12 1.588651950000000016e-12 1.603952649999999961e-12 1.619932160000000060e-12 1.636608930000000059e-12 1.654001150000000078e-12 1.672126739999999920e-12 1.691003239999999936e-12 1.710648009999999928e-12 1.731078500000000074e-12 1.752311509999999975e-12 1.774363969999999954e-12 1.797252450000000042e-12 1.820993440000000187e-12 1.845603099999999903e-12 1.871097459999999800e-12 1.897492799999999825e-12 1.924804499999999808e-12 1.953048180000000043e-12 1.982239679999999899e-12 2.012394160000000130e-12 2.043526589999999847e-12 2.075652369999999859e-12 2.108786449999999914e-12 2.142943369999999840e-12 2.178138099999999960e-12 2.214385360000000046e-12 2.251699480000000132e-12 2.290095200000000163e-12 2.329586389999999827e-12 2.370187810000000049e-12 2.411913330000000114e-12 2.454777269999999966e-12 2.498793709999999898e-12 2.543976530000000088e-12 2.590339830000000192e-12 2.637897500000000070e-12 2.686663390000000043e-12 2.736651400000000057e-12 2.787875399999999800e-12 2.840349049999999966e-12 2.894086449999999809e-12 2.949101030000000054e-12 3.005406689999999841e-12 3.063017289999999979e-12 3.121946489999999954e-12 3.182208190000000115e-12 3.243816239999999976e-12 3.306784529999999800e-12 3.371126949999999850e-12 3.436857139999999842e-12 3.503989420000000126e-12 3.572537670000000071e-12 3.642515539999999882e-12 3.713938009999999967e-12 3.786818520000000331e-12 3.861171799999999621e-12 3.937011739999999715e-12 4.014352649999999667e-12 4.093209279999999912e-12
1.157864489999999962e-12 1.218641830000000032e-12 1.261539160000000095e-12 1.293031760000000081e-12 1.317150160000000069e-12 1.336337070000000024e-12 1.352119150000000012e-12 1.365488889999999956e-12 1.377116949999999948e-12 1.387473899999999973e-12 1.396901150000000094e-12 1.405654779999999945e-12 1.413932229999999929e-12 1.421890930000000085e-12 1.429659019999999989e-12 1.437344060000000014e-12 1.445037880000000099e-12 1.452820939999999920e-12 1.460764890000000044e-12 1.468934570000000055e-12 1.477389280000000057e-12 1.486184329999999949e-12 1.495371530000000034e-12 1.504999900000000093e-12 1.515116159999999995e-12 1.525765080000000099e-12 1.536989609999999954e-12 1.548831590000000004e-12 1.561331250000000088e-12 1.574528050000000042e-12 1.588460269999999993e-12 1.603165300000000037e-12 1.618679690000000069e-12 1.635039329999999924e-12 1.652279329999999960e-12 1.670434409999999983e-12 1.689538369999999916e-12 1.709624520000000084e-12 1.730725909999999979e-12 1.752874860000000041e-12 1.776103139999999990e-12 1.800442390000000037e-12 1.825923740000000017e-12 1.852577549999999967e-12 1.880434180000000127e-12 1.909523540000000070e-12 1.939875559999999951e-12 1.971518869999999978e-12 2.004482730000000160e-12 2.038795560000000099e-12 2.074485979999999920e-12 2.111581530000000091e-12 2.150110169999999870e-12 2.190099449999999812e-12 2.231576249999999924e-12 2.274567689999999869e-12 2.319100639999999969e-12 2.365201350000000031e-12 2.412895839999999888e-12 2.462210559999999866e-12 2.513171090000000027e-12 2.565803039999999889e-12 2.620131759999999950e-12 2.676182630000000158e-12 2.733980579999999798e-12 2.793550329999999975e-12 2.854917039999999944e-12 2.918104780000000029e-12 2.983138479999999920e-12 3.050041990000000055e-12 3.118839820000000125e-12 3.189555609999999962e-12 3.262213849999999891e-12 3.336838180000000148e-12 3.413452460000000047e-12 3.492080109999999942e-12 3.572745179999999983e-12 3.655470890000000002e-12 3.740281090000000036e-12 3.827199409999999831e-12 3.916248840000000056e-12 4.007453220000000257e-12 4.100835989999999748e-12 4.196420549999999919e-12 4.294230340000000085e-12 4.394288750000000338e-12 4.496619659999999762e-12 4.601246469999999748e-12 4.708193040000000013e-12 4.817482349999999929e-12 4.929139129999999879e-12 5.043186350000000358e-12 5.159648319999999729e-12 5.278548870000000277e-12 5.399912290000000191e-12 5.523762870000000084e-12 5.650124469999999673e-12 5.779021790000000293e-12 5.910479140000000306e-12 6.044521650000000323e-12
1.213474739999999907e-12 1.283707729999999931e-12 1.332180129999999999e-12 1.367456820000000054e-12 1.394445430000000008e-12 1.416010209999999941e-12 1.433903560000000095e-12 1.449251630000000082e-12 1.462811639999999961e-12 1.475114949999999992e-12 1.486549269999999904e-12 1.497408639999999920e-12 1.507923450000000074e-12 1.518280400000000099e-12 1.528635719999999950e-12 1.539123099999999981e-12 1.549860280000000022e-12 1.560952759999999986e-12 1.572496799999999985e-12 1.584581750000000101e-12 1.597291419999999924e-12 1.610705280000000052e-12 1.624899110000000045e-12 1.639945879999999979e-12 1.655916069999999989e-12 1.672878200000000008e-12 1.690898829999999965e-12 1.710043130000000082e-12 1.730374740000000057e-12 1.751956109999999995e-12 1.774848390000000055e-12 1.799111749999999995e-12 1.824805500000000004e-12 1.851987960000000183e-12 1.880716500000000087e-12 1.911047490000000107e-12 1.943036879999999823e-12 1.976739949999999887e-12 2.012210929999999937e-12 2.049503360000000103e-12 2.088670379999999881e-12 2.129764250000000035e-12 2.172837209999999943e-12 2.217940240000000198e-12 2.265124289999999917e-12 2.314439220000000096e-12 2.365934710000000171e-12 2.419660180000000156e-12 2.475664419999999860e-12 2.533995149999999933e-12 2.594700500000000128e-12 2.657827729999999937e-12 2.723423479999999950e-12 2.791534799999999864e-12 2.862207219999999949e-12 2.935486489999999958e-12 3.011418149999999847e-12 3.090047100000000088e-12 3.171417989999999800e-12 3.255574630000000119e-12 3.342561470000000048e-12 3.432421659999999857e-12 3.525198800000000079e-12 3.620935800000000118e-12 3.719675180000000044e-12 3.821460079999999638e-12 3.926331479999999776e-12 4.034332760000000297e-12 4.145504689999999856e-12 4.259888880000000340e-12 4.377527419999999710e-12 4.498460630000000403e-12 4.622730150000000120e-12 4.750376740000000259e-12 4.881440740000000194e-12 5.015963339999999793e-12 5.153984880000000047e-12 5.295546119999999929e-12 5.440686529999999768e-12 5.589447309999999919e-12 5.741868790000000078e-12 5.897990860000000167e-12 6.057854300000000141e-12 6.221499009999999606e-12 6.388965749999999958e-12 6.560294410000000313e-12 6.735526199999999904e-12 6.914700580000000184e-12 7.097859189999999663e-12 7.285042360000000459e-12 7.476291289999999698e-12 7.671646299999999814e-12 7.871149050000000299e-12 8.074841139999999318e-12 8.282762499999999564e-12 8.494956470000000531e-12 8.711464710000000094e-12 8.932328829999999332e-12 9.157590479999999670e-12 9.387293029999999648e-12
1.293004329999999959e-12 1.374724550000000024e-12 1.430139969999999945e-12 1.470282009999999900e-12 1.501089510000000019e-12 1.525927059999999940e-12 1.546821590000000096e-12 1.565067089999999971e-12 1.581533519999999999e-12 1.596835730000000089e-12 1.611428330000000016e-12 1.625661839999999933e-12 1.639818160000000002e-12 1.654131580000000085e-12 1.668803660000000091e-12 1.684012410000000069e-12 1.699918740000000091e-12 1.716670859999999966e-12 1.734407539999999991e-12 1.753260509999999914e-12 1.773355329999999999e-12 1.794813540000000047e-12 1.817752760000000063e-12 1.842287610000000134e-12 1.868530070000000117e-12 1.896590090000000072e-12 1.926575440000000171e-12 1.958592139999999981e-12 1.992744729999999993e-12 2.029136410000000003e-12 2.067868230000000183e-12 2.109041020000000011e-12 2.152753239999999862e-12 2.199102660000000193e-12 2.248186230000000021e-12 2.300099130000000006e-12 2.354935689999999916e-12 2.412789370000000062e-12 2.473752539999999806e-12 2.537916490000000068e-12 2.605371430000000093e-12 2.676207350000000049e-12 2.750512270000000018e-12 2.828374039999999821e-12 2.909880019999999887e-12 2.995115659999999862e-12 3.084166599999999829e-12 3.177117419999999982e-12 3.274051599999999882e-12 3.375052189999999813e-12 3.480201590000000084e-12 3.589581319999999851e-12 3.703272499999999657e-12 3.821354689999999869e-12 3.943908570000000047e-12 4.071012190000000010e-12 4.202744060000000327e-12 4.339182230000000010e-12 4.480403900000000003e-12 4.626485390000000095e-12 4.777503049999999932e-12 4.933532319999999766e-12 5.094648229999999933e-12 5.260925809999999965e-12 5.432438349999999677e-12 5.609260450000000130e-12 5.791465400000000333e-12 5.979125609999999757e-12 6.172313959999999924e-12 6.371102430000000216e-12 6.575563439999999788e-12 6.785768559999999728e-12 7.001789340000000140e-12 7.223696470000000150e-12 7.451561069999999777e-12 7.685454699999999616e-12 7.925447620000000323e-12 8.171610090000000126e-12 8.424012360000000805e-12 8.682725550000000764e-12 8.947819919999999848e-12 9.219364849999999980e-12 9.497432350000000400e-12 9.782091799999999800e-12 1.007341430000000045e-11 1.037146930000000044e-11 1.067632869999999926e-11 1.098806290000000040e-11 1.130674289999999960e-11 1.163244069999999966e-11 1.196522570000000024e-11 1.230517160000000028e-11 1.265234970000000054e-11 1.300683170000000040e-11 1.336869070000000006e-11 1.373799949999999954e-11 1.411483080000000041e-11 1.449925860000000016e-11 1.489135720000000128e-11 1.529120060000000127e-11
1.413021609999999971e-12 1.510487589999999900e-12 1.575643149999999939e-12 1.622788820000000081e-12 1.659239480000000049e-12 1.689039969999999983e-12 1.714600360000000071e-12 1.737456099999999920e-12 1.758646830000000011e-12 1.778917180000000086e-12 1.798829530000000092e-12 1.818829479999999978e-12 1.839286100000000103e-12 1.860516079999999830e-12 1.882801209999999986e-12 1.906397570000000006e-12 1.931543249999999924e-12 1.958463120000000062e-12 1.987372289999999870e-12 2.018478270000000070e-12 2.051983150000000109e-12 2.088084050000000040e-12 2.126974589999999917e-12 2.168844750000000193e-12 2.213882510000000170e-12 2.262272830000000071e-12 2.314198750000000060e-12 2.369841090000000071e-12 2.429378749999999979e-12 2.492988889999999948e-12 2.560846719999999822e-12 2.633125710000000138e-12 2.709997590000000107e-12 2.791632379999999890e-12 2.878198330000000080e-12 2.969861989999999886e-12 3.066789010000000016e-12 3.169142250000000051e-12 3.277084329999999922e-12 3.390775289999999843e-12 3.510374280000000002e-12 3.636038739999999923e-12 3.767925210000000224e-12 3.906187870000000082e-12 4.050980469999999798e-12 4.202454790000000393e-12 4.360762190000000063e-12 4.526051840000000260e-12 4.698471649999999611e-12 4.878169049999999859e-12 5.065289770000000148e-12 5.259978650000000401e-12 5.462379249999999966e-12 5.672633800000000005e-12 5.890883269999999663e-12 6.117268579999999670e-12 6.351928969999999947e-12 6.595002319999999956e-12 6.846626129999999905e-12 7.106937000000000295e-12 7.376069369999999891e-12 7.654159420000000404e-12 7.941339430000000485e-12 8.237742949999999679e-12 8.543502709999999320e-12 8.858748800000000511e-12 9.183613070000000200e-12 9.518226479999999346e-12 9.862716549999999830e-12 1.021721340000000019e-11 1.058184529999999950e-11 1.095674069999999921e-11 1.134202710000000023e-11 1.173783210000000028e-11 1.214428120000000072e-11 1.256150309999999991e-11 1.298962240000000031e-11 1.342876679999999971e-11 1.387906110000000067e-11 1.434063200000000040e-11 1.481360519999999877e-11 1.529810830000000157e-11 1.579426520000000118e-11 1.630220259999999963e-11 1.682204719999999899e-11 1.735392560000000125e-11 1.789796439999999871e-11 1.845429019999999983e-11 1.902303140000000119e-11 1.960431300000000062e-11 2.019826669999999984e-11 2.080501920000000089e-11 2.142469880000000030e-11 2.205743749999999994e-11 2.270336179999999852e-11 2.336260529999999885e-11 2.403529809999999848e-11 2.472157370000000016e-11 2.542156240000000156e-11 2.613539939999999995e-11
1.570516500000000056e-12 1.686904849999999984e-12 1.764215619999999985e-12 1.820478879999999933e-12 1.864610249999999810e-12 1.901469870000000061e-12 1.933946490000000169e-12 1.963893890000000171e-12 1.992588170000000008e-12 2.020965430000000048e-12 2.049755550000000200e-12 2.079557010000000048e-12 2.110883729999999960e-12 2.144193460000000033e-12 2.179905779999999975e-12 2.218413170000000008e-12 2.260090549999999828e-12 2.305298749999999967e-12 2.354389040000000201e-12 2.407705979999999988e-12 2.465587850000000171e-12 2.528369220000000175e-12 2.596380580000000062e-12 2.669949550000000092e-12 2.749401180000000093e-12 2.835057280000000124e-12 2.927237880000000185e-12 3.026260230000000043e-12 3.132438750000000015e-12 3.246086340000000184e-12 3.367512649999999971e-12 3.497025150000000122e-12 3.634928510000000172e-12 3.781525009999999970e-12 3.937114959999999685e-12 4.101995219999999916e-12 4.276461130000000224e-12 4.460804119999999850e-12 4.655314330000000199e-12 4.860279710000000283e-12 5.075984339999999946e-12 5.302710960000000362e-12 5.540740180000000020e-12 5.790349540000000320e-12 6.051814870000000387e-12 6.325409380000000091e-12 6.611404570000000256e-12 6.910068869999999771e-12 7.221669879999999632e-12 7.546472130000000516e-12 7.884737999999999436e-12 8.236729010000000502e-12 8.602702749999999252e-12 8.982917709999999826e-12 9.377628879999999493e-12 9.787087809999999677e-12 1.021154779999999958e-11 1.065125680000000017e-11 1.110646380000000009e-11 1.157741609999999993e-11 1.206435729999999976e-11 1.256753119999999975e-11 1.308717890000000015e-11 1.362354330000000062e-11 1.417686110000000047e-11 1.474737169999999896e-11 1.533531109999999984e-11 1.594091530000000041e-11 1.656442000000000102e-11 1.720605780000000024e-11 1.786606280000000072e-11 1.854466579999999998e-11 1.924209919999999971e-11 1.995859549999999841e-11 2.069438200000000127e-11 2.144968919999999919e-11 2.222474809999999950e-11 2.301978570000000075e-11 2.383503290000000053e-11 2.467072029999999948e-11 2.552707180000000083e-11 2.640432140000000073e-11 2.730269480000000020e-11 2.822242269999999996e-11 2.916373739999999839e-11 3.012686280000000195e-11 3.111203309999999721e-11 3.211947720000000320e-11 3.314943110000000108e-11 3.420212380000000025e-11 3.527779110000000111e-11 3.637666209999999699e-11 3.749897269999999803e-11 3.864496219999999698e-11 3.981486669999999765e-11 4.100891850000000167e-11 4.222736400000000263e-11 4.347043909999999777e-11 4.473838659999999801e-11 4.603144950000000144e-11
1.793476280000000062e-12 1.934771349999999814e-12 2.028737850000000068e-12 2.098035500000000042e-12 2.153627749999999896e-12 2.201461670000000108e-12 2.245096900000000024e-12 2.286859719999999810e-12 2.328395290000000082e-12 2.370955650000000141e-12 2.415554520000000086e-12 2.463059050000000066e-12 2.514242070000000143e-12 2.569816099999999818e-12 2.630452709999999994e-12 2.696797860000000037e-12 2.769478439999999856e-12 2.849109620000000108e-12 2.936297690000000120e-12 3.031643080000000197e-12 3.135741670000000041e-12 3.249185859999999924e-12 3.372565679999999805e-12 3.506467900000000102e-12 3.651476689999999732e-12 3.808174260000000035e-12 3.977139359999999868e-12 4.158947490000000252e-12 4.354172400000000391e-12 4.563382659999999889e-12 4.787144210000000226e-12 5.026019100000000313e-12 5.280565480000000042e-12 5.551337600000000282e-12 5.838884930000000116e-12 6.143754340000000353e-12 6.466486199999999669e-12 6.807619140000000257e-12 7.167686149999999924e-12 7.547216320000000688e-12 7.946733550000000440e-12 8.366760409999999696e-12 8.807812989999999433e-12 9.270403020000000047e-12 9.755040529999999339e-12 1.026223030000000016e-11 1.079247199999999949e-11 1.134626329999999964e-11 1.192409890000000022e-11 1.252646599999999975e-11 1.315385210000000014e-11 1.380673960000000037e-11 1.448560799999999936e-11 1.519093179999999960e-11 1.592318290000000047e-11 1.668283220000000078e-11 1.747034289999999971e-11 1.828617990000000069e-11 1.913080280000000084e-11 2.000466809999999872e-11 2.090822830000000029e-11 2.184193799999999978e-11 2.280624299999999928e-11 2.380159089999999866e-11 2.482842750000000003e-11 2.588719339999999922e-11 2.697832760000000085e-11 2.810226879999999968e-11 2.925945250000000154e-11 3.045031590000000031e-11 3.167528740000000095e-11 3.293480419999999735e-11 3.422929299999999996e-11 3.555918410000000191e-11 3.692490760000000268e-11 3.832688679999999783e-11 3.976555540000000183e-11 4.124133330000000183e-11 4.275465399999999926e-11 4.430594089999999944e-11 4.589561720000000109e-11 4.752411310000000052e-11 4.919185550000000182e-11 5.089927090000000241e-11 5.264678619999999990e-11 5.443483159999999709e-11 5.626383730000000319e-11 5.813423350000000159e-11 6.004645390000000031e-11 6.200092519999999687e-11 6.399808459999999808e-11 6.603837619999999858e-11 6.812223009999999786e-11 7.025008350000000271e-11 7.242238750000000537e-11 7.463957920000000288e-11 7.690210270000000282e-11 7.921041599999999815e-11 8.156495619999999885e-11 8.396618819999999865e-11
2.189349399999999811e-12 2.372816570000000182e-12 2.495744500000000201e-12 2.588309769999999932e-12 2.664906269999999827e-12 2.733368650000000124e-12 2.798469360000000004e-12 2.863419349999999959e-12 2.930580040000000164e-12 3.001827090000000202e-12 3.078748629999999838e-12 3.162758899999999916e-12 3.255164580000000095e-12 3.357205139999999931e-12 3.470078819999999978e-12 3.594958099999999975e-12 3.733000019999999716e-12 3.885352539999999971e-12 4.053157980000000357e-12 4.237556919999999969e-12 4.439687769999999720e-12 4.660687630000000091e-12 4.901694499999999658e-12 5.163842879999999822e-12 5.448266840000000284e-12 5.756097859999999734e-12 6.088463500000000091e-12 6.446488310000000246e-12 6.831291610000000269e-12 7.243987530000000143e-12 7.685684549999999823e-12 8.157485099999999806e-12 8.660484660000000620e-12 9.195770010000000191e-12 9.764424509999999967e-12 1.036752020000000035e-11 1.100612310000000054e-11 1.168129139999999939e-11 1.239407619999999946e-11 1.314551850000000066e-11 1.393665480000000034e-11 1.476851110000000108e-11 1.564210739999999878e-11 1.655845250000000062e-11 1.751855430000000037e-11 1.852340850000000088e-11 1.957400210000000000e-11 2.067131880000000013e-11 2.181633349999999859e-11 2.301001230000000054e-11 2.425331809999999961e-11 2.554720149999999848e-11 2.689261490000000086e-11 2.829049490000000136e-11 2.974177500000000248e-11 3.124739009999999784e-11 3.280825260000000037e-11 3.442528899999999884e-11 3.609940120000000013e-11 3.783149490000000039e-11 3.962247540000000200e-11 4.147323459999999960e-11 4.338466039999999846e-11 4.535764129999999770e-11 4.739305480000000306e-11 4.949177530000000231e-11 5.165468400000000006e-11 5.388264139999999870e-11 5.617651479999999803e-11 5.853717509999999998e-11 6.096546880000000529e-11 6.346226319999999441e-11 6.602840499999999405e-11 6.866476140000000074e-11 7.137216509999999435e-11 7.415148360000000067e-11 7.700355629999999373e-11 7.992923680000000099e-11 8.292936479999999990e-11 8.600480050000000234e-11 8.915638369999999548e-11 9.238496770000000341e-11 9.569139920000000112e-11 9.907652480000000559e-11 1.025412050000000062e-10 1.060862930000000045e-10 1.097126350000000041e-10 1.134210920000000045e-10 1.172125309999999957e-10 1.210878060000000054e-10 1.250477779999999941e-10 1.290933329999999953e-10 1.332253339999999964e-10 1.374446670000000050e-10 1.417521929999999945e-10 1.461488010000000065e-10 1.506353790000000106e-10 1.552128289999999977e-10 1.598820519999999903e-10 1.646439370000000040e-10
2.931316429999999872e-12 3.192324880000000104e-12 3.370068980000000055e-12 3.508077509999999989e-12 3.627049400000000036e-12 3.738427540000000372e-12 3.849401270000000224e-12 3.965014510000000145e-12 4.089159129999999655e-12 4.225079489999999631e-12 4.375643939999999895e-12 4.543504030000000324e-12 4.731182459999999926e-12 4.941131270000000056e-12 5.175763460000000211e-12 5.437472520000000256e-12 5.728647589999999973e-12 6.051678690000000292e-12 6.408961040000000304e-12 6.802896789999999704e-12 7.235895039999999777e-12 7.710372269999999444e-12 8.228747539999999762e-12 8.793445139999999797e-12 9.406889329999999569e-12 1.007150270000000040e-11 1.078970250000000019e-11 1.156390430000000009e-11 1.239651089999999936e-11 1.328992119999999987e-11 1.424651800000000063e-11 1.526867690000000136e-11 1.635875639999999839e-11 1.751910420000000115e-11 1.875204849999999979e-11 2.005990859999999868e-11 2.144498470000000087e-11 2.290955969999999940e-11 2.445590259999999870e-11 2.608626509999999967e-11 2.780288499999999841e-11 2.960797930000000164e-11 3.150375450000000031e-11 3.349239290000000049e-11 3.557607329999999978e-11 3.775694689999999920e-11 4.003715410000000005e-11 4.241882190000000230e-11 4.490405959999999897e-11 4.749495940000000229e-11 5.019360619999999763e-11 5.300206449999999738e-11 5.592238820000000136e-11 5.895661040000000381e-11 6.210676420000000546e-11 6.537485140000000512e-11 6.876287729999999392e-11 7.227282659999999635e-11 7.590667679999999395e-11 7.966639149999999579e-11 8.355391380000000235e-11 8.757120029999999926e-11 9.172016620000000643e-11 9.600274049999999356e-11 1.004208380000000062e-10 1.049763539999999978e-10 1.096711959999999999e-10 1.145072439999999994e-10 1.194863790000000027e-10 1.246104889999999882e-10 1.298814250000000099e-10 1.353010619999999933e-10 1.408712449999999890e-10 1.465938620000000011e-10 1.524707300000000122e-10 1.585037239999999997e-10 1.646946879999999941e-10 1.710454560000000071e-10 1.775578849999999927e-10 1.842338230000000097e-10 1.910751140000000109e-10 1.980836050000000092e-10 2.052611549999999985e-10 2.126096099999999976e-10 2.201308299999999945e-10 2.278266740000000090e-10 2.356989879999999822e-10 2.437496869999999922e-10 2.519806030000000107e-10 2.603936229999999962e-10 2.689906629999999949e-10 2.777735819999999748e-10 2.867442949999999881e-10 2.959046899999999873e-10 3.052567370000000109e-10 3.148023510000000077e-10 3.245434199999999819e-10 3.344819420000000141e-10 3.446198329999999954e-10 3.549591180000000027e-10
4.504667910000000116e-12 4.930388559999999610e-12 5.228390199999999812e-12 5.469822079999999637e-12 5.688911150000000099e-12 5.905184330000000002e-12 6.131487249999999784e-12 6.377325749999999818e-12 6.650433679999999910e-12 6.957568200000000383e-12 7.304945709999999915e-12 7.698487679999999959e-12 8.143965540000000659e-12 8.647085649999999976e-12 9.213539649999999331e-12 9.849033049999999427e-12 1.055929909999999953e-11 1.135011179999999982e-11 1.222728080000000004e-11 1.319665820000000021e-11 1.426412549999999955e-11 1.543559719999999857e-11 1.671700799999999973e-11 1.811430869999999863e-11 1.963345980000000133e-11 2.128042710000000078e-11 2.306116579999999997e-11 2.498162609999999901e-11 2.704774429999999967e-11 2.926543039999999824e-11 3.164057899999999828e-11 3.417904850000000181e-11 3.688667429999999762e-11 3.976925390000000104e-11 4.283255000000000089e-11 4.608229770000000235e-11 4.952417989999999986e-11 5.316385529999999973e-11 5.700693740000000156e-11 6.105899809999999389e-11 6.532557129999999500e-11 6.981216300000000382e-11 7.452422009999999490e-11 7.946716899999999876e-11 8.464638709999999829e-11 9.006721760000000184e-11 9.573496859999999430e-11 1.016549000000000038e-10 1.078322499999999975e-10 1.142722100000000059e-10 1.209799480000000010e-10 1.279605730000000044e-10 1.352191969999999947e-10 1.427608589999999918e-10 1.505905960000000019e-10 1.587133899999999928e-10 1.671342230000000101e-10 1.758580090000000081e-10 1.848896590000000107e-10 1.942340590000000080e-10 2.038960530000000043e-10 2.138804410000000048e-10 2.241920680000000081e-10 2.348356789999999809e-10 2.458160340000000086e-10 2.571378669999999934e-10 2.688058939999999952e-10 2.808248359999999928e-10 2.931993260000000176e-10 3.059340840000000024e-10 3.190337159999999826e-10 3.325028860000000137e-10 3.463462570000000024e-10 3.605683809999999914e-10 3.751739199999999964e-10 3.901674819999999893e-10 4.055536739999999992e-10 4.213370760000000076e-10 4.375223239999999765e-10 4.541139960000000024e-10 4.711167010000000512e-10 4.885351009999999835e-10 5.063737209999999494e-10 5.246372230000000162e-10 5.433302699999999872e-10 5.624574689999999951e-10 5.820234850000000378e-10 6.020329790000000339e-10 6.224906150000000389e-10 6.434011099999999518e-10 6.647691289999999776e-10 6.865994439999999499e-10 7.088968300000000467e-10 7.316659499999999677e-10 7.549116889999999674e-10 7.786388200000000287e-10 8.028521739999999999e-10 8.275566340000000439e-10 8.527570869999999896e-10 8.784584170000000456e-10
9.229731559999999863e-12 1.015762819999999957e-11 1.083431609999999999e-11 1.141375709999999997e-11 1.197225219999999966e-11 1.255555209999999935e-11 1.319559909999999952e-11 1.391747739999999990e-11 1.474268099999999890e-11 1.569079590000000020e-11 1.678042250000000074e-11 1.802970449999999877e-11 1.945663939999999863e-11 2.107924429999999981e-11 2.291566069999999931e-11 2.498420219999999976e-11 2.730337479999999854e-11 2.989188059999999959e-11 3.276861070000000288e-11 3.595261940000000242e-11 3.946311680000000136e-11 4.331942790000000134e-11 4.754098160000000259e-11 5.214727259999999807e-11 5.715784790000000126e-11 6.259227160000000640e-11 6.847009760000000188e-11 7.481086580000000028e-11 8.163406760000000238e-11 8.895915249999999443e-11 9.680546640000000629e-11 1.051922920000000055e-10 1.141388100000000041e-10 1.236640929999999937e-10 1.337871200000000024e-10 1.445267240000000127e-10 1.559016389999999955e-10 1.679304750000000048e-10 1.806317179999999973e-10 1.940237140000000042e-10 2.081246980000000117e-10 2.229527810000000122e-10 2.385259210000000195e-10 2.548619929999999930e-10 2.719787169999999774e-10 2.898936920000000052e-10 3.086244039999999990e-10 3.281882270000000231e-10 3.486023689999999815e-10 3.698840119999999830e-10 3.920501419999999973e-10 4.151176900000000077e-10 4.391033930000000016e-10 4.640239859999999784e-10 4.898960680000000141e-10 5.167360429999999879e-10 5.445603410000000397e-10 5.733852839999999629e-10 6.032269679999999500e-10 6.341016050000000280e-10 6.660251239999999766e-10 6.990135140000000495e-10 7.330826500000000338e-10 7.682482979999999964e-10 8.045261120000000428e-10 8.419318019999999490e-10 8.804810209999999816e-10 9.201891470000000091e-10 9.610717780000000532e-10 1.003144459999999924e-09 1.046422280000000015e-09 1.090920909999999910e-09 1.136655549999999907e-09 1.183641409999999931e-09 1.231893920000000063e-09 1.281428300000000067e-09 1.332259859999999902e-09 1.384403700000000038e-09 1.437875259999999980e-09 1.492689639999999990e-09 1.548862259999999899e-09 1.606408230000000013e-09 1.665342969999999954e-09 1.725681709999999946e-09 1.787439970000000055e-09 1.850632980000000090e-09 1.915276159999999880e-09 1.981385059999999831e-09 2.048975210000000056e-09 2.118061949999999819e-09 2.188661250000000159e-09 2.260788670000000079e-09 2.334459739999999898e-09 2.409690670000000068e-09 2.486497010000000169e-09 2.564894739999999837e-09 2.644900080000000187e-09 2.726529000000000191e-09 2.809797729999999975e-09 2.894722680000000056e-09
2.555944170000000097e-11 2.831911440000000141e-11 3.044668680000000238e-11 3.239503109999999695e-11 3.440019099999999922e-11 3.661342759999999803e-11 3.914765390000000135e-11 4.209685030000000290e-11 4.554527940000000246e-11 4.957233929999999958e-11 5.425529820000000185e-11 5.967084469999999890e-11 6.589596919999999951e-11 7.300846040000000477e-11 8.108715779999999549e-11 9.021201840000000629e-11 1.004641300000000008e-10 1.119256630000000053e-10 1.246797800000000049e-10 1.388105050000000104e-10 1.544026430000000115e-10 1.715416000000000025e-10 1.903132929999999944e-10 2.108039989999999999e-10 2.331002340000000203e-10 2.572886350000000175e-10 2.834558419999999870e-10 3.116884529999999908e-10 3.420728700000000035e-10 3.746952190000000213e-10 4.096413760000000125e-10 4.469968010000000154e-10 4.868465630000000428e-10 5.292752899999999630e-10 5.743671089999999560e-10 6.222056199999999944e-10 6.728739789999999757e-10 7.264546740000000060e-10 7.830297520000000469e-10 8.426807589999999583e-10 9.054885170000000348e-10 9.715334090000000013e-10 1.040895370000000048e-09 1.113653500000000057e-09 1.189886629999999994e-09 1.269672809999999924e-09 1.353089969999999999e-09 1.440214950000000061e-09 1.531124560000000029e-09 1.625894859999999995e-09 1.724601459999999907e-09 1.827319519999999985e-09 1.934123749999999889e-09 2.045088099999999825e-09 2.160286620000000031e-09 2.279792349999999966e-09 2.403678370000000097e-09 2.532016820000000010e-09 2.664880090000000198e-09 2.802339690000000132e-09 2.944466889999999864e-09 3.091332749999999961e-09 3.243007859999999930e-09 3.399562409999999976e-09 3.561066329999999976e-09 3.727589350000000152e-09 3.899201410000000219e-09 4.075971119999999962e-09 4.257968199999999768e-09 4.445260599999999790e-09 4.637917609999999948e-09 4.836007590000000361e-09 5.039598519999999868e-09 5.248759649999999866e-09 5.463558049999999896e-09 5.684062549999999897e-09 5.910340659999999717e-09 6.142461210000000121e-09 6.380492129999999932e-09 6.624500950000000329e-09 6.874556039999999615e-09 7.130725789999999903e-09 7.393079040000000142e-09 7.661682840000000198e-09 7.936607820000000584e-09 8.217920569999999530e-09 8.505691260000000050e-09 8.799988290000000786e-09 9.100881829999999786e-09 9.408441139999999939e-09 9.722736389999999294e-09 1.004383599999999948e-08 1.037181189999999976e-08 1.070673509999999946e-08 1.104867490000000080e-08 1.139770410000000053e-08 1.175389299999999954e-08 1.211731519999999980e-08 1.248804259999999941e-08 1.286614639999999955e-08
1.070255270000000006e-10 1.195454990000000094e-10 1.299313299999999898e-10 1.402079149999999917e-10 1.515143430000000082e-10 1.646413840000000102e-10 1.802210050000000041e-10 1.988068879999999965e-10 2.209141059999999949e-10 2.470405549999999980e-10 2.776794910000000142e-10 3.133264760000000001e-10 3.544835259999999805e-10 4.016608709999999784e-10 4.553779580000000058e-10 5.161632789999999907e-10 5.845541829999999528e-10 6.610960669999999561e-10 7.463416000000000234e-10 8.408498899999999719e-10 9.451854849999999673e-10 1.059917270000000036e-09 1.185618050000000088e-09 1.322862820000000072e-09 1.472228559999999988e-09 1.634293259999999994e-09 1.809634889999999951e-09 1.998831100000000158e-09 2.202458439999999939e-09 2.421091550000000040e-09 2.655303980000000071e-09 2.905665710000000077e-09 3.172744730000000128e-09 3.457105709999999984e-09 3.759310639999999871e-09 4.079917290000000243e-09 4.419481229999999610e-09 4.778553109999999798e-09 5.157680949999999805e-09 5.557408760000000000e-09 5.978276979999999945e-09 6.420822539999999902e-09 6.885578769999999812e-09 7.373074599999999871e-09 7.883836690000000705e-09 8.418387759999999867e-09 8.977245610000000289e-09 9.560926270000000535e-09 1.016994309999999948e-08 1.080480329999999997e-08 1.146601300000000074e-08 1.215407509999999996e-08 1.286948859999999954e-08 1.361274920000000033e-08 1.438435059999999922e-08 1.518478320000000036e-08 1.601453370000000006e-08 1.687408789999999932e-08 1.776392899999999998e-08 1.868453479999999884e-08 1.963638500000000157e-08 2.061995199999999993e-08 2.163571010000000121e-08 2.268413009999999995e-08 2.376568100000000008e-08 2.488082980000000158e-08 2.603004390000000124e-08 2.721378499999999899e-08 2.843251679999999873e-08 2.968669930000000150e-08 3.097679619999999795e-08 3.230326579999999686e-08 3.366656640000000040e-08 3.506715269999999965e-08 3.650548660000000124e-08 3.798202639999999740e-08 3.949722679999999908e-08 4.105154620000000020e-08 4.264543560000000224e-08 4.427936060000000144e-08 4.595377590000000210e-08 4.766913970000000141e-08 4.942591050000000159e-08 5.122454989999999758e-08 5.306551639999999822e-08 5.494927180000000184e-08 5.687628150000000127e-08 5.884700730000000146e-08 6.086191459999999525e-08 6.292147959999999878e-08 6.502615689999999483e-08 6.717642259999999786e-08 6.937275999999999816e-08 7.161563080000000558e-08 7.390551809999999380e-08 7.624289819999999388e-08 7.862825409999999766e-08 8.106206909999999542e-08 8.354483329999999947e-08 8.607703709999999407e-08
5.601316079999999545e-10 6.326187909999999633e-10 6.982950880000000160e-10 7.688058519999999633e-10 8.513621469999999737e-10 9.513997370000000925e-10 1.073531819999999953e-09 1.221968859999999957e-09 1.400736190000000051e-09 1.613797760000000103e-09 1.865129379999999875e-09 2.158760280000000108e-09 2.498796059999999917e-09 2.889428030000000136e-09 3.334934329999999830e-09 3.839677909999999706e-09 4.408101439999999909e-09 5.044718860000000224e-09 5.754108749999999700e-09 6.540904260000000391e-09 7.409786560000000299e-09 8.365476310000000256e-09 9.412723049999999876e-09 1.055629889999999968e-08 1.180099310000000037e-08 1.315160159999999964e-08 1.461292149999999968e-08 1.618974820000000052e-08 1.788686529999999838e-08 1.970904860000000027e-08 2.166105160000000110e-08 2.374761189999999900e-08 2.597344210000000068e-08 2.834323350000000106e-08 3.086164570000000320e-08 3.353331830000000045e-08 3.636285580000000310e-08 3.935483759999999855e-08 4.251381109999999708e-08 4.584429550000000330e-08 4.935077769999999994e-08 5.303771999999999829e-08 5.690954549999999712e-08 6.097066319999999570e-08 6.522542860000000434e-08 6.967820099999999820e-08 7.433327909999999596e-08 7.919495460000000415e-08 8.426747659999999918e-08 8.955508689999999979e-08 9.506197780000000400e-08 1.007923270000000019e-07 1.067502920000000001e-07 1.129400000000000041e-07 1.193655380000000032e-07 1.260310110000000122e-07 1.329404569999999881e-07 1.400979240000000038e-07 1.475074069999999927e-07 1.551729130000000112e-07 1.630984200000000105e-07 1.712878660000000085e-07 1.797452140000000078e-07 1.884743600000000063e-07 1.974792240000000095e-07 2.067637010000000117e-07 2.163316850000000033e-07 2.261870120000000029e-07 2.363335480000000053e-07 2.467751590000000055e-07 2.575156659999999940e-07 2.685589210000000207e-07 2.799087329999999797e-07 2.915689090000000224e-07 3.035432879999999929e-07 3.158357059999999890e-07 3.284499430000000113e-07 3.413898070000000030e-07 3.546591360000000165e-07 3.682617379999999950e-07 3.822014489999999833e-07 3.964820789999999851e-07 4.111074649999999959e-07 4.260814710000000034e-07 4.414078770000000081e-07 4.570906070000000037e-07 4.731335249999999777e-07 4.895404689999999823e-07 5.063153590000000494e-07 5.234620629999999696e-07 5.409845579999999815e-07 5.588867680000000257e-07 5.771725570000000369e-07 5.958460180000000395e-07 6.149110729999999667e-07 6.343717019999999622e-07 6.542319400000000518e-07 6.744958230000000529e-07 6.951674999999999811e-07 7.162509519999999839e-07
2.908998819999999897e-09 3.337878199999999898e-09 3.766645219999999816e-09 4.264884450000000033e-09 4.880402299999999721e-09 5.651998419999999914e-09 6.614196300000000237e-09 7.799471290000000734e-09 9.239480290000000285e-09 1.096579979999999944e-08 1.301037589999999942e-08 1.540577620000000057e-08 1.818531280000000083e-08 2.138309260000000004e-08 2.503399619999999981e-08 2.917364130000000019e-08 3.383833299999999861e-08 3.906497879999999927e-08 4.489103490000000097e-08 5.135442290000000193e-08 5.849345899999999716e-08 6.634677869999999906e-08 7.495328449999999595e-08 8.435203819999999551e-08 9.458224780000000239e-08 1.056831920000000024e-07 1.176941499999999965e-07 1.306543709999999957e-07 1.446030500000000105e-07 1.595792720000000097e-07 1.756219630000000073e-07 1.927699169999999884e-07 2.110617169999999934e-07 2.305357610000000004e-07 2.512302330000000052e-07 2.731831050000000022e-07 2.964320909999999765e-07 3.210146819999999776e-07 3.469681080000000084e-07 3.743294309999999915e-07 4.031353460000000008e-07 4.334224289999999960e-07 4.652269469999999806e-07 4.985849389999999780e-07 5.335321590000000368e-07 5.701042480000000071e-07 6.083365070000000412e-07 6.482640629999999776e-07 6.899218190000000073e-07 7.333443930000000281e-07 7.785662889999999482e-07 8.256217260000000181e-07 8.745447529999999778e-07 9.253691930000000179e-07 9.781286959999999130e-07 1.032856860000000096e-06 1.089586699999999945e-06 1.148351540000000063e-06 1.209184229999999971e-06 1.272117630000000070e-06 1.337184240000000094e-06 1.404416590000000096e-06 1.473846960000000069e-06 1.545507640000000042e-06 1.619430690000000057e-06 1.695648169999999946e-06 1.774191789999999962e-06 1.855093389999999986e-06 1.938384910000000047e-06 2.024097509999999887e-06 2.112263020000000198e-06 2.202913039999999987e-06 2.296078950000000007e-06 2.391792119999999913e-06 2.490083939999999860e-06 2.590985790000000176e-06 2.694529260000000044e-06 2.800745280000000066e-06 2.909665679999999875e-06 3.021321850000000045e-06 3.135744920000000212e-06 3.252966740000000077e-06 3.373018440000000122e-06 3.495932110000000075e-06 3.621739099999999942e-06 3.750471250000000027e-06 3.882160400000000210e-06 4.016838370000000296e-06 4.154537689999999916e-06 4.295289729999999997e-06 4.439127219999999623e-06 4.586082470000000167e-06 4.736188200000000043e-06 4.889476709999999950e-06 5.045980739999999644e-06 5.205733939999999855e-06 5.368768599999999764e-06 5.535118360000000273e-06 5.704816890000000067e-06 5.877897369999999650e-06
1.416255820000000061e-08 1.662155750000000110e-08 1.934486880000000005e-08 2.274325439999999894e-08 2.712818060000000111e-08 3.276784000000000128e-08 3.990934870000000053e-08 4.879014529999999715e-08 5.964484730000000168e-08 7.270958240000000643e-08 8.822463119999999912e-08 1.064359270000000009e-07 1.275957260000000118e-07 1.519626950000000010e-07 1.798017730000000080e-07 2.113837070000000046e-07 2.469845410000000136e-07 2.868851539999999938e-07 3.313705579999999946e-07 3.807293750000000045e-07 4.352532129999999917e-07 4.952362359999999843e-07 5.609744559999999910e-07 6.327653070000000435e-07 7.109071589999999690e-07 7.956989519999999684e-07 8.874397390000000171e-07 9.864281759999999208e-07 1.092962519999999944e-06 1.207340119999999916e-06 1.329857350000000047e-06 1.460809470000000105e-06 1.600489899999999962e-06 1.749190909999999974e-06 1.907203229999999996e-06 2.074815479999999849e-06 2.252314969999999900e-06 2.439986930000000166e-06 2.638114669999999844e-06 2.846980119999999899e-06 3.066862969999999949e-06 3.298041070000000133e-06 3.540790889999999824e-06 3.795386419999999984e-06 4.062100289999999607e-06 4.341203750000000304e-06 4.632965100000000397e-06 4.937652650000000150e-06 5.255531049999999677e-06 5.586864969999999593e-06 5.931917260000000260e-06 6.290947569999999749e-06 6.664216470000000318e-06 7.051980900000000162e-06 7.454497790000000190e-06 7.872022249999999371e-06 8.304807119999999237e-06 8.753105250000000300e-06 9.217168550000000082e-06 9.697245329999999990e-06 1.019358570000000034e-05 1.070643609999999976e-05 1.123604490000000032e-05 1.178265670000000076e-05 1.234651520000000037e-05 1.292786690000000013e-05 1.352695380000000038e-05 1.414401779999999979e-05 1.477930159999999998e-05 1.543304639999999836e-05 1.610549409999999872e-05 1.679688469999999920e-05 1.750745830000000129e-05 1.823745329999999903e-05 1.898711159999999959e-05 1.975667330000000106e-05 2.054637660000000100e-05 2.135646169999999913e-05 2.218716870000000032e-05 2.303873769999999929e-05 2.391140880000000089e-05 2.480542389999999874e-05 2.572102129999999880e-05 2.665844660000000091e-05 2.761793799999999924e-05 2.859973939999999973e-05 2.960409440000000004e-05 3.063124679999999772e-05 3.168144390000000003e-05 3.275492420000000266e-05 3.385194210000000008e-05 3.497274519999999770e-05 3.611757349999999875e-05 3.728668529999999703e-05 3.848032790000000322e-05 3.969875250000000019e-05 4.094221369999999924e-05 4.221096240000000207e-05 4.350525709999999898e-05 4.482535590000000084e-05
6.418147079999999534e-08 7.774704610000000440e-08 9.433689739999999670e-08 1.163216790000000012e-07 1.456546100000000044e-07 1.840929120000000045e-07 2.332958930000000090e-07 2.948818010000000257e-07 3.704646760000000181e-07 4.616789229999999997e-07 5.701943449999999845e-07 6.977246019999999948e-07 8.460304460000000424e-07 1.016919669999999944e-06 1.212244910000000084e-06 1.433900589999999965e-06 1.683819049999999941e-06 1.963966039999999800e-06 2.276337229999999865e-06 2.622952709999999896e-06 3.005854980000000052e-06 3.427102459999999794e-06 3.888767419999999912e-06 4.392932170000000344e-06 4.941685350000000061e-06 5.537118339999999928e-06 6.181323900000000308e-06 6.876392039999999851e-06 7.624410050000000041e-06 8.427457939999999674e-06 9.287609829999999260e-06 1.020692889999999986e-05 1.118747149999999957e-05 1.223128039999999931e-05 1.334038729999999946e-05 1.451681419999999949e-05 1.576256910000000064e-05 1.707964660000000040e-05 1.847003110000000077e-05 1.993569090000000001e-05 2.147858320000000138e-05 2.310065429999999957e-05 2.480383590000000149e-05 2.659004350000000020e-05 2.846118880000000122e-05 3.041916169999999962e-05 3.246584669999999712e-05 3.460311200000000027e-05 3.683281830000000154e-05 3.915681370000000106e-05 4.157693549999999874e-05 4.409500250000000066e-05 4.671283389999999911e-05 4.943223389999999885e-05 5.225499629999999745e-05 5.518290350000000277e-05 5.821773079999999819e-05 6.136125010000000643e-05 6.461520389999999691e-05 6.798136020000000658e-05 7.146144339999999724e-05 7.505719990000000541e-05 7.877034659999999574e-05 8.260260800000000282e-05 8.655570130000000636e-05 9.063132170000000624e-05 9.483118630000000426e-05 9.915698319999999614e-05 1.036104150000000010e-04 1.081931620000000022e-04 1.129069130000000037e-04 1.177533559999999961e-04 1.227341709999999885e-04 1.278510319999999869e-04 1.331056259999999995e-04 1.384996289999999972e-04 1.440347110000000019e-04 1.497125490000000077e-04 1.555348429999999979e-04 1.615032520000000114e-04 1.676194519999999919e-04 1.738851420000000082e-04 1.803020129999999982e-04 1.868717370000000030e-04 1.935960029999999959e-04 2.004765270000000046e-04 2.075149970000000064e-04 2.147131309999999939e-04 2.220726160000000026e-04 2.295951849999999924e-04 2.372825690000000126e-04 2.451364709999999804e-04 2.531586510000000188e-04 2.613508549999999818e-04 2.697148009999999975e-04 2.782522640000000208e-04 2.869649910000000100e-04 2.958547850000000246e-04 3.049234220000000156e-04 3.141726769999999918e-04
2.714860160000000050e-07 3.433715390000000077e-07 4.395265019999999825e-07 5.732018169999999977e-07 7.560286119999999687e-07 9.987987820000001050e-07 1.311878119999999922e-06 1.705479920000000023e-06 2.189857699999999859e-06 2.775437000000000105e-06 3.472898700000000184e-06 4.293223809999999585e-06 5.247706210000000041e-06 6.347951509999999689e-06 7.605857259999999856e-06 9.033592510000000358e-06 1.064357089999999994e-05 1.244842310000000047e-05 1.446096579999999973e-05 1.669418089999999993e-05 1.916118339999999868e-05 2.187519200000000169e-05 2.484951799999999907e-05 2.809752549999999967e-05 3.163262230000000102e-05 3.546823059999999869e-05 3.961777839999999827e-05 4.409467509999999971e-05 4.891231219999999860e-05 5.408402650000000174e-05 5.962311839999999739e-05 6.554281569999999421e-05 7.185629510000000311e-05 7.857665329999999554e-05 8.571691429999999897e-05 9.329001479999999397e-05 1.013088260000000060e-04 1.097861170000000023e-04 1.187345919999999980e-04 1.281668659999999878e-04 1.380954489999999932e-04 1.485327809999999898e-04 1.594912319999999893e-04 1.709830690000000081e-04 1.830204710000000079e-04 1.956155470000000131e-04 2.087803299999999994e-04 2.225267820000000096e-04 2.368667340000000132e-04 2.518120160000000113e-04 2.673743000000000127e-04 2.835652849999999994e-04 3.003964959999999985e-04 3.178794289999999903e-04 3.360255500000000205e-04 3.548462119999999903e-04 3.743526760000000057e-04 3.945562059999999983e-04 4.154680059999999765e-04 4.370991369999999783e-04 4.594606869999999879e-04 4.825636570000000117e-04 5.064189899999999630e-04 5.310376290000000258e-04 5.564304300000000271e-04 5.826081609999999829e-04 6.095815920000000098e-04 6.373615470000000083e-04 6.659586800000000164e-04 6.953836419999999754e-04 7.256471440000000208e-04 7.567597200000000194e-04 7.887320240000000090e-04 8.215745909999999609e-04 8.552980140000000482e-04 8.899128300000000175e-04 9.254295729999999524e-04 9.618587210000000519e-04 9.992108679999999431e-04 1.037496489999999941e-03 1.076726010000000032e-03 1.116910129999999952e-03 1.158059340000000071e-03 1.200183990000000013e-03 1.243294800000000096e-03 1.287402349999999893e-03 1.332517010000000036e-03 1.378649609999999968e-03 1.425810509999999925e-03 1.474010530000000041e-03 1.523260260000000067e-03 1.573570309999999892e-03 1.624951489999999906e-03 1.677414400000000038e-03 1.730969989999999901e-03 1.785628849999999898e-03 1.841401909999999939e-03 1.898300139999999992e-03 1.956334100000000145e-03 2.015515229999999790e-03
1.077846149999999990e-06 1.442479969999999928e-06 1.968736570000000196e-06 2.727483210000000013e-06 3.783788320000000076e-06 5.199320190000000106e-06 7.034010199999999639e-06 9.347327250000000656e-06 1.219923890000000010e-05 1.565089039999999858e-05 1.976503880000000148e-05 2.460626459999999970e-05 3.024103900000000067e-05 3.673768149999999833e-05 4.416625230000000116e-05 5.259838870000000288e-05 6.210716670000000219e-05 7.276692489999999963e-05 8.465307470000000114e-05 9.784197030000000217e-05 1.124106999999999976e-04 1.284369789999999928e-04 1.459989579999999875e-04 1.651751079999999919e-04 1.860440970000000016e-04 2.086846360000000028e-04 2.331754080000000124e-04 2.595949339999999899e-04 2.880215759999999879e-04 3.185333329999999919e-04 3.512078840000000188e-04 3.861224689999999968e-04 4.233538639999999734e-04 4.629784090000000035e-04 5.050718899999999704e-04 5.497094830000000265e-04 5.969659539999999567e-04 6.469153449999999993e-04 6.996311130000000197e-04 7.551862510000000028e-04 8.136529940000000348e-04 8.751030550000000107e-04 9.396075040000000100e-04 1.007236890000000025e-03 1.078060939999999973e-03 1.152149049999999899e-03 1.229569779999999937e-03 1.310391240000000068e-03 1.394680819999999898e-03 1.482505469999999921e-03 1.573931190000000093e-03 1.669023879999999901e-03 1.767848389999999992e-03 1.870469310000000100e-03 1.976950329999999870e-03 2.087355129999999854e-03 2.201745990000000125e-03 2.320185539999999793e-03 2.442735010000000092e-03 2.569455420000000059e-03 2.700407519999999811e-03 2.835651389999999973e-03 2.975246170000000155e-03 3.119250760000000060e-03 3.267723599999999926e-03 3.420722670000000097e-03 3.578305480000000191e-03 3.740528830000000061e-03 3.907449080000000019e-03 4.079122559999999627e-03 4.255603999999999637e-03 4.436949269999999716e-03 4.623212849999999881e-03 4.814448770000000211e-03 5.010711030000000038e-03 5.212053189999999586e-03 5.418527870000000232e-03 5.630187689999999884e-03 5.847085269999999918e-03 6.069271830000000367e-03 6.296799520000000150e-03 6.529719570000000126e-03 6.768082269999999706e-03 7.011938369999999934e-03 7.261337710000000285e-03 7.516330570000000211e-03 7.776966320000000196e-03 8.043293840000000083e-03 8.315362039999999594e-03 8.593220259999999333e-03 8.876916020000000240e-03 9.166496810000000772e-03 9.462011050000000006e-03 9.763505310000000076e-03 1.007102799999999923e-02 1.038462480000000056e-02 1.070434229999999917e-02 1.103022600000000061e-02 1.136232260000000042e-02 1.170067770000000028e-02
4.043889930000000046e-06 5.804147799999999798e-06 8.504337529999999600e-06 1.250269910000000029e-05 1.813840389999999832e-05 2.573755769999999931e-05 3.561960330000000336e-05 4.810300379999999775e-05 6.350978219999999354e-05 8.216880810000000532e-05 1.044178859999999969e-04 1.306047200000000081e-04 1.610871989999999887e-04 1.962329260000000007e-04 2.364186800000000056e-04 2.820294180000000031e-04 3.334573409999999952e-04 3.911009989999999852e-04 4.553641769999999833e-04 5.266549410000000240e-04 6.053847030000000535e-04 6.919673760000000532e-04 7.868182150000000092e-04 8.903533450000000087e-04 1.002988659999999978e-03 1.125139299999999929e-03 1.257218889999999964e-03 1.399638950000000031e-03 1.552808209999999951e-03 1.717132280000000085e-03 1.893013370000000070e-03 2.080849139999999941e-03 2.281033669999999944e-03 2.493955659999999921e-03 2.719999289999999997e-03 2.959543370000000066e-03 3.212961140000000163e-03 3.480620680000000126e-03 3.762884069999999914e-03 4.060107280000000048e-03 4.372640510000000251e-03 4.700826949999999636e-03 5.045004649999999639e-03 5.405504260000000040e-03 5.782649850000000022e-03 6.176758559999999572e-03 6.588141900000000356e-03 7.017102560000000253e-03 7.463936689999999853e-03 7.928934880000000282e-03 8.412376980000000476e-03 8.914539589999999347e-03 9.435687209999999922e-03 9.976080619999999274e-03 1.053597029999999921e-02 1.111560129999999980e-02 1.171520719999999925e-02 1.233501730000000074e-02 1.297525040000000081e-02 1.363611779999999996e-02 1.431782260000000022e-02 1.502056050000000025e-02 1.574451849999999875e-02 1.648987270000000158e-02 1.725679449999999865e-02 1.804544400000000076e-02 1.885597409999999891e-02 1.968853179999999897e-02 2.054324930000000007e-02 2.142025529999999969e-02 2.231966700000000137e-02 2.324159630000000032e-02 2.418614180000000155e-02 2.515340040000000124e-02 2.614345220000000025e-02 2.715637350000000075e-02 2.819223140000000002e-02 2.925108369999999958e-02 3.033298250000000112e-02 3.143796699999999722e-02 3.256606680000000142e-02 3.371730819999999712e-02 3.489170970000000233e-02 3.608927499999999705e-02 3.731000799999999867e-02 3.855388979999999771e-02 3.982090950000000129e-02 4.111103709999999745e-02 4.242423919999999821e-02 4.376047100000000217e-02 4.511968789999999674e-02 4.650182650000000278e-02 4.790681969999999873e-02 4.933459309999999737e-02 5.078506099999999940e-02 5.225813759999999725e-02 5.375372249999999658e-02 5.527171119999999688e-02 5.681198459999999700e-02 5.837442729999999663e-02
1.443933620000000084e-05 2.246907749999999985e-05 3.537466550000000094e-05 5.484990469999999693e-05 8.253123810000000246e-05 1.200065960000000064e-04 1.688386689999999953e-04 2.305886449999999929e-04 3.068359800000000268e-04 3.991929410000000168e-04 5.093131909999999490e-04 6.388957850000000086e-04 7.896844759999999651e-04 9.634650779999999514e-04 1.162060770000000092e-03 1.387326159999999935e-03 1.641141370000000080e-03 1.925405579999999893e-03 2.242030580000000176e-03 2.592934299999999966e-03 2.980034569999999786e-03 3.405241990000000205e-03 3.870455320000000098e-03 4.377553709999999938e-03 4.928391889999999761e-03 5.524794569999999863e-03 6.168551740000000061e-03 6.861411970000000013e-03 7.605079100000000300e-03 8.401207629999999163e-03 9.251398029999999967e-03 1.015719210000000025e-02 1.112007349999999915e-02 1.214145680000000040e-02 1.322269350000000038e-02 1.436506029999999948e-02 1.556976229999999968e-02 1.683792660000000066e-02 1.817060449999999966e-02 1.956876550000000159e-02 2.103329450000000073e-02 2.256499229999999953e-02 2.416457610000000145e-02 2.583266979999999935e-02 2.756981550000000072e-02 2.937645649999999845e-02 3.125295039999999996e-02 3.319955990000000162e-02 3.521645810000000043e-02 3.730372340000000231e-02 3.946133699999999911e-02 4.168919470000000127e-02 4.398709160000000007e-02 4.635473710000000136e-02 4.879174010000000145e-02 5.129763109999999765e-02 5.387184019999999990e-02 5.651371179999999800e-02 5.922251189999999665e-02 6.199740990000000146e-02 6.483750050000000598e-02 6.774179639999999836e-02 7.070922849999999871e-02 7.373864950000000307e-02 7.682885970000000175e-02 7.997856289999999424e-02 8.318641039999999376e-02 8.645098660000000157e-02 8.977082370000000200e-02 9.314437959999999350e-02 9.657008200000000153e-02 1.000462919999999950e-01 1.035713260000000052e-01 1.071434690000000051e-01 1.107609569999999932e-01 1.144219929999999996e-01 1.181247609999999948e-01 1.218674029999999991e-01 1.256480520000000101e-01 1.294648049999999884e-01 1.333157570000000069e-01 1.371989999999999876e-01 1.411125809999999869e-01 1.450545789999999891e-01 1.490230710000000069e-01 1.530161050000000134e-01 1.570317750000000123e-01 1.610681559999999901e-01 1.651233290000000131e-01 1.691954280000000088e-01 1.732825640000000000e-01 1.773829010000000095e-01 1.814945940000000091e-01 1.856158380000000052e-01 1.897448599999999874e-01 1.938799320000000048e-01 1.980193110000000034e-01 2.021613419999999939e-01 2.063043559999999943e-01 2.104467600000000105e-01
4.935614559999999937e-05 8.371035800000000250e-05 1.408467800000000000e-04 2.281862110000000110e-04 3.529829259999999890e-04 5.223007759999999996e-04 7.430862749999999923e-04 1.022254929999999971e-03 1.366763609999999953e-03 1.783659799999999995e-03 2.280105140000000027e-03 2.863374310000000190e-03 3.540836739999999976e-03 4.319922070000000065e-03 5.208079699999999812e-03 6.212730429999999658e-03 7.341217720000000301e-03 8.600752799999999976e-03 9.998365310000000006e-03 1.154084780000000018e-02 1.323470380000000071e-02 1.508609860000000025e-02 1.710080359999999883e-02 1.928415710000000102e-02 2.164101230000000167e-02 2.417569610000000133e-02 2.689197290000000171e-02 2.979301100000000119e-02 3.288135310000000339e-02 3.615888579999999852e-02 3.962683310000000153e-02 4.328572010000000109e-02 4.713539030000000324e-02 5.117497590000000263e-02 5.540291969999999733e-02 5.981696770000000107e-02 6.441419569999999595e-02 6.919100139999999344e-02 7.414315639999999319e-02 7.926581050000000572e-02 8.455353229999999776e-02 9.000034630000000591e-02 9.559974820000000095e-02 1.013447870000000056e-01 1.072280560000000021e-01 1.132417919999999939e-01 1.193778810000000051e-01 1.256279349999999961e-01 1.319832950000000005e-01 1.384351550000000042e-01 1.449745450000000102e-01 1.515924190000000060e-01 1.582796280000000055e-01 1.650271120000000036e-01 1.718257810000000108e-01 1.786666510000000097e-01 1.855408550000000045e-01 1.924397049999999887e-01 1.993546780000000074e-01 2.062774749999999879e-01 2.132000629999999952e-01 2.201146479999999961e-01 2.270137520000000131e-01 2.338902059999999894e-01 2.407371700000000003e-01 2.475481330000000035e-01 2.543169259999999987e-01 2.610377070000000077e-01 2.677050830000000103e-01 2.743139270000000129e-01 2.808594999999999842e-01 2.873374519999999932e-01 2.937436999999999965e-01 3.000745770000000090e-01 3.063267170000000261e-01 3.124971389999999793e-01 3.185831310000000194e-01 3.245822789999999736e-01 3.304924960000000245e-01 3.363119960000000019e-01 3.420391680000000045e-01 3.476728199999999935e-01 3.532118499999999939e-01 3.586554829999999972e-01 3.640031519999999965e-01 3.692544400000000171e-01 3.744091990000000258e-01 3.794674279999999955e-01 3.844292759999999864e-01 3.892950419999999800e-01 3.940652610000000000e-01 3.987404999999999977e-01 4.033214450000000006e-01 4.078089890000000106e-01 4.122040269999999729e-01 4.165076019999999768e-01 4.207207860000000132e-01 4.248448309999999783e-01 4.288809000000000093e-01 4.328303640000000230e-01
1.619695100000000023e-04 2.988084740000000196e-04 5.318689510000000056e-04 8.909164460000000129e-04 1.405061219999999972e-03 2.102392959999999870e-03 3.010087409999999929e-03 4.154581580000000357e-03 5.561691710000000316e-03 7.256630340000000401e-03 9.263899180000000066e-03 1.160708719999999951e-02 1.430858020000000050e-02 1.738922110000000118e-02 2.086794000000000149e-02 2.476139369999999854e-02 2.908360030000000165e-02 3.384562210000000015e-02 3.905527290000000012e-02 4.471687600000000262e-02 5.083110180000000033e-02 5.739483239999999820e-02 6.440113479999999557e-02 7.183929529999999453e-02 7.969488950000000460e-02 8.794998380000000615e-02 9.658338130000000687e-02 1.055708679999999983e-01 1.148856209999999933e-01 1.244985680000000039e-01 1.343787909999999974e-01 1.444939670000000009e-01 1.548108460000000020e-01 1.652956160000000063e-01 1.759143920000000028e-01 1.866335570000000055e-01 1.974201499999999887e-01 2.082421929999999921e-01 2.190689590000000075e-01 2.298712280000000108e-01 2.406214770000000003e-01 2.512940759999999774e-01 2.618652879999999739e-01 2.723134460000000145e-01 2.826189989999999819e-01 2.927643360000000139e-01 3.027340470000000061e-01 3.125146030000000019e-01 3.220944399999999819e-01 3.314637839999999835e-01 3.406146760000000051e-01 3.495406810000000197e-01 3.582369389999999765e-01 3.666999639999999894e-01 3.749275510000000255e-01 3.829185960000000000e-01 3.906731310000000068e-01 3.981920480000000206e-01 4.054770469999999793e-01 4.125306009999999968e-01 4.193557800000000113e-01 4.259562490000000090e-01 4.323360620000000210e-01 4.384996890000000258e-01 4.444519579999999803e-01 4.501978750000000251e-01 4.557427170000000194e-01 4.610918760000000116e-01 4.662508670000000133e-01 4.712252909999999906e-01 4.760207830000000029e-01 4.806429449999999881e-01 4.850973780000000235e-01 4.893896879999999894e-01 4.935253259999999864e-01 4.975097479999999739e-01 5.013482569999999638e-01 5.050461290000000103e-01 5.086084010000000433e-01 5.120400790000000368e-01 5.153460500000000000e-01 5.185310840000000310e-01 5.215997100000000497e-01 5.245563979999999793e-01 5.274054999999999715e-01 5.301511880000000509e-01 5.327975150000000548e-01 5.353483559999999697e-01 5.378075239999999813e-01 5.401787160000000032e-01 5.424653289999999961e-01 5.446708200000000000e-01 5.467984679999999820e-01 5.488514300000000290e-01 5.508326289999999625e-01 5.527451039999999871e-01 5.545915369999999678e-01 5.563747289999999568e-01 5.580971839999999684e-01 5.597614050000000452e-01
5.095540549999999502e-04 1.013150090000000062e-03 1.883247869999999996e-03 3.226368690000000136e-03 5.143831479999999567e-03 7.728585510000000186e-03 1.106393989999999994e-02 1.522263610000000079e-02 2.026582700000000015e-02 2.624185760000000145e-02 3.318493809999999850e-02 4.111383479999999868e-02 5.003079030000000260e-02 5.992087349999999923e-02 7.075192030000000687e-02 8.247507360000000398e-02 9.502605349999999895e-02 1.083269719999999936e-01 1.222886670000000037e-01 1.368134470000000047e-01 1.517979200000000028e-01 1.671359540000000032e-01 1.827214510000000069e-01 1.984508929999999893e-01 2.142255459999999889e-01 2.299532440000000011e-01 2.455497090000000049e-01 2.609395090000000139e-01 2.760565580000000074e-01 2.908442620000000201e-01 3.052554129999999755e-01 3.192517160000000187e-01 3.328033389999999758e-01 3.458881380000000116e-01 3.584909740000000178e-01 3.706027869999999891e-01 3.822199110000000233e-01 3.933432700000000226e-01 4.039776330000000026e-01 4.141309859999999787e-01 4.238138790000000045e-01 4.330388609999999971e-01 4.418200849999999735e-01 4.501728119999999778e-01 4.581131039999999932e-01 4.656575319999999851e-01 4.728228749999999758e-01 4.796259399999999729e-01 4.860834479999999735e-01 4.922117590000000265e-01 4.980269669999999871e-01 5.035446289999999658e-01 5.087798829999999883e-01 5.137471559999999826e-01 5.184604529999999878e-01 5.229330660000000019e-01 5.271778110000000517e-01 5.312067270000000452e-01 5.350314379999999703e-01 5.386628509999999981e-01 5.421114559999999916e-01 5.453870299999999949e-01 5.484988690000000000e-01 5.514558550000000503e-01 5.542662739999999477e-01 5.569381119999999852e-01 5.594786999999999955e-01 5.618950719999999954e-01 5.641939040000000238e-01 5.663815140000000303e-01 5.684636830000000529e-01 5.704461339999999936e-01 5.723340510000000103e-01 5.741323830000000239e-01 5.758459569999999639e-01 5.774791240000000103e-01 5.790360570000000484e-01 5.805207489999999471e-01 5.819369549999999780e-01 5.832882520000000071e-01 5.845779180000000297e-01 5.858091709999999619e-01 5.869849919999999832e-01 5.881081820000000349e-01 5.891815419999999470e-01 5.902075169999999593e-01 5.911885500000000349e-01 5.921269059999999529e-01 5.930248500000000478e-01 5.938843489999999781e-01 5.947073699999999574e-01 5.954957600000000406e-01 5.962513090000000071e-01 5.969757439999999749e-01 5.976704959999999955e-01 5.983372329999999684e-01 5.989773269999999483e-01 5.995921490000000187e-01 6.001829499999999928e-01 6.007511020000000368e-01
1.527147020000000103e-03 3.223498119999999943e-03 6.163634829999999586e-03 1.066397690000000023e-02 1.698992220000000025e-02 2.533371560000000078e-02 3.580250590000000344e-02 4.841287059999999781e-02 6.309149410000000624e-02 7.968197759999999519e-02 9.795734289999999400e-02 1.176368670000000061e-01 1.384056210000000064e-01 1.599345510000000081e-01 1.818990709999999955e-01 2.039947209999999900e-01 2.259487059999999992e-01 2.475271370000000082e-01 2.685384149999999748e-01 2.888330519999999790e-01 3.083011809999999797e-01 3.268683549999999993e-01 3.444906180000000262e-01 3.611491019999999996e-01 3.768451210000000051e-01 3.915955130000000062e-01 4.054284690000000135e-01 4.183803500000000120e-01 4.304927889999999868e-01 4.418106079999999936e-01 4.523799119999999951e-01 4.622471029999999925e-01 4.714576899999999848e-01 4.800557200000000191e-01 4.880834219999999890e-01 4.955807919999999922e-01 5.025855299999999470e-01 5.091328619999999638e-01 5.152558090000000091e-01 5.209849479999999478e-01 5.263487100000000529e-01 5.313733219999999813e-01 5.360831019999999780e-01 5.405005219999999833e-01 5.446461439999999987e-01 5.485392209999999658e-01 5.521971580000000213e-01 5.556363460000000032e-01 5.588716270000000375e-01 5.619168279999999793e-01 5.647846460000000013e-01 5.674869420000000497e-01 5.700344440000000290e-01 5.724372859999999896e-01 5.747047069999999813e-01 5.768452290000000149e-01 5.788669589999999587e-01 5.807771680000000103e-01 5.825827120000000026e-01 5.842899679999999929e-01 5.859048959999999528e-01 5.874329809999999652e-01 5.888792870000000290e-01 5.902486439999999890e-01 5.915455219999999903e-01 5.927740339999999497e-01 5.939381120000000180e-01 5.950413940000000013e-01 5.960872769999999710e-01 5.970789189999999858e-01 5.980194210000000510e-01 5.989115240000000284e-01 5.997579100000000052e-01 6.005610820000000238e-01 6.013233070000000291e-01 6.020469069999999645e-01 6.027338500000000154e-01 6.033861640000000026e-01 6.040057540000000058e-01 6.045942899999999787e-01 6.051534410000000141e-01 6.056848169999999865e-01 6.061898470000000039e-01 6.066700219999999755e-01 6.071266530000000161e-01 6.075609920000000219e-01 6.079742310000000316e-01 6.083675619999999729e-01 6.087419990000000336e-01 6.090986130000000109e-01 6.094384189999999535e-01 6.097623110000000013e-01 6.100712419999999581e-01 6.103659869999999987e-01 6.106473799999999619e-01 6.109161969999999942e-01 6.111731529999999690e-01 6.114189620000000103e-01 6.116543410000000458e-01 6.118798850000000122e-01
4.312830979999999689e-03 9.468307719999999317e-03 1.826565340000000162e-02 3.131401539999999900e-02 4.884502660000000079e-02 7.065184409999999970e-02 9.612727170000000265e-02 1.243758199999999980e-01 1.543638559999999937e-01 1.850668490000000055e-01 2.155816999999999872e-01 2.451908439999999911e-01 2.733807859999999867e-01 2.998280819999999958e-01 3.243674340000000100e-01 3.469539280000000225e-01 3.676271440000000168e-01 3.864809869999999981e-01 4.036405089999999807e-01 4.192451540000000088e-01 4.334373469999999728e-01 4.463552829999999916e-01 4.581288099999999974e-01 4.688770769999999755e-01 4.787079100000000143e-01 4.877178670000000271e-01 4.959927199999999980e-01 5.036084060000000084e-01 5.106319790000000136e-01 5.171224469999999851e-01 5.231318470000000387e-01 5.287060740000000258e-01 5.338857169999999819e-01 5.387065410000000387e-01 5.432003140000000174e-01 5.473952290000000387e-01 5.513164400000000187e-01 5.549863579999999574e-01 5.584250689999999961e-01 5.616506930000000342e-01 5.646793249999999542e-01 5.675257439999999987e-01 5.702031250000000329e-01 5.727235080000000478e-01 5.750979189999999575e-01 5.773361919999999703e-01 5.794475080000000000e-01 5.814402699999999813e-01 5.833219889999999852e-01 5.850997570000000536e-01 5.867800709999999587e-01 5.883688929999999484e-01 5.898717639999999651e-01 5.912937520000000058e-01 5.926395650000000348e-01 5.939136739999999470e-01 5.951201320000000239e-01 5.962628129999999471e-01 5.973451730000000071e-01 5.983706119999999684e-01 5.993421669999999812e-01 6.002627609999999780e-01 6.011351940000000393e-01 6.019619699999999574e-01 6.027454730000000316e-01 6.034880280000000097e-01 6.041917199999999877e-01 6.048586369999999768e-01 6.054905649999999806e-01 6.060893539999999691e-01 6.066566709999999807e-01 6.071942449999999658e-01 6.077034470000000077e-01 6.081857680000000155e-01 6.086426379999999581e-01 6.090753079999999819e-01 6.094850299999999832e-01 6.098729969999999723e-01 6.102402810000000510e-01 6.105880139999999567e-01 6.109172109999999600e-01 6.112287640000000355e-01 6.115236880000000097e-01 6.118028760000000510e-01 6.120671030000000012e-01 6.123172040000000038e-01 6.125539540000000116e-01 6.127781270000000058e-01 6.129903789999999741e-01 6.131914259999999839e-01 6.133819219999999683e-01 6.135624650000000013e-01 6.137336490000000477e-01 6.138960719999999593e-01 6.140502690000000374e-01 6.141967769999999716e-01 6.143360140000000413e-01 6.144685749999999613e-01 6.145948770000000394e-01 6.147153969999999967e-01
1.130200739999999947e-02 2.510075640000000025e-02 4.747397829999999708e-02 7.817977669999999490e-02 1.154753639999999970e-01 1.566357610000000122e-01 1.987729669999999949e-01 2.395050230000000113e-01 2.772579789999999877e-01 3.112423420000000052e-01 3.412613569999999874e-01 3.674890100000000048e-01 3.902896940000000203e-01 4.100967349999999900e-01 4.273418190000000116e-01 4.424196479999999987e-01 4.556744099999999742e-01 4.673978089999999974e-01 4.778329430000000100e-01 4.871804710000000038e-01 4.956053500000000001e-01 5.032427310000000542e-01 5.102035400000000109e-01 5.165791509999999587e-01 5.224447850000000226e-01 5.278629660000000445e-01 5.328856109999999813e-01 5.375564689999999812e-01 5.419121980000000116e-01 5.459840299999999536e-01 5.497986670000000187e-01 5.533790589999999510e-01 5.567451119999999865e-01 5.599141720000000433e-01 5.629014970000000284e-01 5.657205579999999845e-01 5.683833959999999852e-01 5.709007379999999632e-01 5.732822419999999974e-01 5.755366680000000290e-01 5.776720050000000439e-01 5.796954629999999664e-01 5.816137789999999974e-01 5.834330319999999626e-01 5.851588850000000175e-01 5.867965819999999555e-01 5.883509519999999826e-01 5.898265839999999871e-01 5.912275909999999968e-01 5.925579669999999632e-01 5.938214059999999961e-01 5.950213069999999993e-01 5.961608889999999716e-01 5.972432490000000316e-01 5.982712510000000039e-01 5.992475750000000323e-01 6.001747849999999884e-01 6.010552049999999813e-01 6.018911599999999806e-01 6.026847960000000226e-01 6.034381989999999529e-01 6.041531559999999690e-01 6.048316360000000058e-01 6.054752469999999942e-01 6.060857769999999922e-01 6.066647170000000200e-01 6.072135570000000149e-01 6.077337860000000536e-01 6.082266570000000039e-01 6.086935399999999774e-01 6.091356869999999812e-01 6.095542309999999464e-01 6.099503040000000542e-01 6.103250380000000419e-01 6.106794479999999581e-01 6.110144259999999994e-01 6.113311049999999858e-01 6.116302009999999845e-01 6.119127269999999896e-01 6.121794579999999542e-01 6.124311690000000530e-01 6.126686930000000419e-01 6.128927469999999600e-01 6.131040450000000419e-01 6.133032440000000252e-01 6.134910580000000335e-01 6.136680249999999504e-01 6.138347979999999593e-01 6.139919759999999949e-01 6.141400930000000535e-01 6.142797469999999871e-01 6.144113540000000206e-01 6.145355110000000343e-01 6.146526340000000310e-01 6.147631999999999541e-01 6.148676870000000516e-01 6.149664519999999968e-01 6.150599719999999548e-01 6.151486040000000433e-01 6.152327659999999865e-01
2.694207430000000042e-02 5.826848750000000049e-02 1.037780719999999990e-01 1.578119249999999918e-01 2.134427429999999903e-01 2.652480600000000077e-01 3.104000690000000007e-01 3.482265469999999974e-01 3.792893290000000084e-01 4.046383499999999800e-01 4.253844019999999948e-01 4.425116179999999955e-01 4.568233789999999739e-01 4.689485130000000113e-01 4.793685970000000074e-01 4.884489479999999939e-01 4.964657430000000149e-01 5.036282539999999974e-01 5.100954170000000509e-01 5.159890649999999690e-01 5.214028360000000362e-01 5.264096259999999639e-01 5.310664179999999845e-01 5.354183319999999968e-01 5.395013690000000084e-01 5.433444979999999536e-01 5.469713809999999787e-01 5.504016280000000316e-01 5.536514519999999884e-01 5.567346810000000090e-01 5.596631770000000117e-01 5.624470110000000522e-01 5.650953050000000477e-01 5.676159859999999613e-01 5.700161459999999458e-01 5.723023409999999922e-01 5.744804740000000187e-01 5.765559670000000025e-01 5.785338880000000517e-01 5.804190040000000161e-01 5.822156670000000478e-01 5.839280489999999491e-01 5.855600829999999535e-01 5.871154669999999465e-01 5.885977150000000213e-01 5.900100470000000374e-01 5.913558009999999587e-01 5.926378369999999451e-01 5.938590759999999857e-01 5.950222020000000001e-01 5.961298940000000490e-01 5.971844790000000458e-01 5.981884600000000329e-01 5.991439819999999639e-01 6.000531909999999858e-01 6.009182330000000238e-01 6.017409559999999935e-01 6.025232670000000290e-01 6.032669539999999664e-01 6.039736869999999813e-01 6.046451330000000013e-01 6.052829029999999833e-01 6.058883670000000388e-01 6.064630149999999942e-01 6.070082780000000122e-01 6.075254079999999890e-01 6.080155969999999632e-01 6.084802150000000465e-01 6.089202759999999826e-01 6.093369130000000355e-01 6.097312569999999710e-01 6.101043219999999767e-01 6.104570030000000536e-01 6.107903719999999703e-01 6.111052630000000097e-01 6.114025709999999503e-01 6.116831299999999638e-01 6.119477150000000032e-01 6.121972199999999864e-01 6.124322410000000438e-01 6.126536129999999858e-01 6.128620510000000188e-01 6.130580900000000000e-01 6.132425070000000478e-01 6.134158969999999877e-01 6.135787959999999819e-01 6.137318609999999897e-01 6.138756279999999510e-01 6.140106319999999451e-01 6.141373519999999697e-01 6.142563220000000213e-01 6.143680209999999864e-01 6.144729260000000304e-01 6.145714519999999625e-01 6.146640780000000026e-01 6.147511599999999632e-01 6.148331759999999813e-01 6.149104239999999555e-01 6.149833200000000000e-01 6.150522229999999535e-01
5.709944670000000055e-02 1.147834509999999947e-01 1.848879160000000133e-01 2.531189320000000187e-01 3.112668989999999858e-01 3.573420939999999990e-01 3.926784099999999778e-01 4.195832310000000009e-01 4.402378499999999861e-01 4.563721119999999964e-01 4.692604240000000093e-01 4.798112210000000100e-01 4.886635540000000000e-01 4.962655309999999820e-01 5.029321909999999729e-01 5.088862779999999697e-01 5.142863389999999812e-01 5.192465779999999587e-01 5.238496070000000504e-01 5.281560419999999922e-01 5.322108269999999974e-01 5.360475179999999451e-01 5.396915079999999865e-01 5.431624050000000148e-01 5.464752910000000297e-01 5.496422050000000503e-01 5.526728629999999587e-01 5.555751920000000510e-01 5.583559270000000296e-01 5.610207320000000220e-01 5.635747309999999954e-01 5.660224560000000071e-01 5.683680180000000304e-01 5.706153510000000484e-01 5.727679730000000413e-01 5.748295190000000110e-01 5.768031479999999878e-01 5.786921980000000465e-01 5.804996489999999509e-01 5.822286009999999568e-01 5.838819149999999736e-01 5.854624510000000503e-01 5.869730709999999574e-01 5.884163380000000387e-01 5.897948739999999690e-01 5.911112429999999529e-01 5.923679469999999503e-01 5.935672520000000452e-01 5.947114829999999852e-01 5.958029030000000503e-01 5.968436000000000297e-01 5.978356599999999910e-01 5.987810489999999541e-01 5.996817349999999935e-01 6.005395049999999735e-01 6.013562080000000032e-01 6.021334529999999852e-01 6.028729080000000407e-01 6.035762430000000123e-01 6.042448879999999800e-01 6.048803329999999923e-01 6.054839490000000213e-01 6.060571670000000077e-01 6.066011789999999904e-01 6.071173549999999697e-01 6.076068279999999877e-01 6.080707910000000549e-01 6.085103750000000478e-01 6.089265350000000465e-01 6.093204620000000071e-01 6.096930499999999586e-01 6.100453139999999497e-01 6.103780869999999581e-01 6.106923819999999781e-01 6.109890340000000419e-01 6.112687589999999949e-01 6.115325090000000019e-01 6.117809410000000225e-01 6.120148300000000097e-01 6.122348899999999761e-01 6.124418379999999607e-01 6.126363280000000078e-01 6.128189560000000258e-01 6.129903789999999741e-01 6.131512519999999800e-01 6.133020519999999864e-01 6.134433750000000130e-01 6.135758159999999961e-01 6.136997939999999652e-01 6.138159039999999678e-01 6.139245629999999787e-01 6.140262480000000522e-01 6.141214369999999922e-01 6.142106059999999923e-01 6.142940519999999793e-01 6.143722529999999793e-01 6.144455669999999703e-01 6.145144099999999554e-01 6.145791409999999955e-01 6.146401169999999858e-01
1.054576410000000047e-01 1.891464589999999890e-01 2.707619969999999765e-01 3.358702359999999887e-01 3.834571540000000223e-01 4.172983169999999742e-01 4.414684179999999736e-01 4.590983390000000219e-01 4.723496139999999732e-01 4.826596380000000019e-01 4.909745750000000242e-01 4.979176220000000042e-01 5.039014219999999877e-01 5.092011690000000090e-01 5.140017869999999878e-01 5.184282059999999470e-01 5.225658420000000026e-01 5.264732239999999619e-01 5.301906469999999594e-01 5.337462429999999536e-01 5.371597409999999684e-01 5.404449110000000278e-01 5.436115860000000355e-01 5.466668609999999484e-01 5.496160390000000007e-01 5.524629349999999883e-01 5.552107689999999929e-01 5.578620429999999741e-01 5.604189630000000477e-01 5.628836149999999483e-01 5.652579669999999723e-01 5.675438640000000090e-01 5.697432159999999968e-01 5.718581080000000316e-01 5.738905069999999942e-01 5.758425000000000349e-01 5.777161720000000278e-01 5.795136690000000090e-01 5.812372569999999516e-01 5.828891990000000245e-01 5.844715830000000167e-01 5.859867330000000374e-01 5.874368549999999800e-01 5.888242129999999852e-01 5.901508930000000097e-01 5.914191600000000548e-01 5.926310420000000523e-01 5.937886239999999871e-01 5.948939920000000381e-01 5.959489940000000097e-01 5.969557170000000523e-01 5.979158879999999510e-01 5.988314150000000335e-01 5.997039680000000317e-01 6.005353329999999490e-01 6.013270619999999678e-01 6.020808220000000155e-01 6.027981040000000013e-01 6.034804580000000529e-01 6.041291949999999522e-01 6.047458049999999696e-01 6.053315400000000013e-01 6.058877110000000510e-01 6.064155700000000149e-01 6.069163079999999599e-01 6.073910590000000109e-01 6.078409550000000161e-01 6.082670690000000491e-01 6.086704130000000212e-01 6.090520019999999812e-01 6.094127299999999581e-01 6.097536089999999742e-01 6.100755329999999477e-01 6.103792789999999968e-01 6.106657979999999819e-01 6.109358070000000529e-01 6.111900810000000517e-01 6.114293929999999877e-01 6.116545199999999793e-01 6.118660569999999632e-01 6.120647790000000033e-01 6.122512220000000394e-01 6.124261619999999962e-01 6.125900749999999562e-01 6.127436160000000465e-01 6.128873830000000078e-01 6.130217909999999826e-01 6.131474970000000413e-01 6.132649780000000161e-01 6.133747699999999581e-01 6.134772299999999845e-01 6.135728959999999788e-01 6.136622430000000517e-01 6.137456300000000420e-01 6.138234729999999528e-01 6.138962510000000039e-01 6.139642600000000394e-01 6.140279170000000342e-01 6.140875820000000207e-01 6.141435499999999825e-01
1.685913950000000050e-01 2.652845979999999826e-01 3.417376579999999997e-01 3.941591680000000042e-01 4.290048180000000100e-01 4.524631199999999964e-01 4.687543510000000135e-01 4.805290700000000026e-01 4.894268210000000119e-01 4.964676499999999826e-01 5.022934679999999652e-01 5.073124770000000394e-01 5.117862819999999813e-01 5.158837440000000329e-01 5.197137590000000529e-01 5.233468409999999515e-01 5.268283489999999736e-01 5.301872490000000271e-01 5.334417820000000310e-01 5.366033319999999884e-01 5.396785739999999665e-01 5.426712630000000148e-01 5.455834269999999542e-01 5.484158989999999845e-01 5.511687990000000426e-01 5.538421270000000174e-01 5.564355850000000103e-01 5.589491130000000529e-01 5.613825919999999581e-01 5.637362000000000206e-01 5.660103560000000478e-01 5.682055950000000077e-01 5.703227520000000439e-01 5.723627810000000427e-01 5.743268729999999600e-01 5.762163999999999620e-01 5.780329109999999826e-01 5.797779560000000387e-01 5.814532639999999697e-01 5.830606219999999729e-01 5.846019390000000149e-01 5.860791210000000362e-01 5.874940749999999490e-01 5.888487700000000213e-01 5.901451709999999684e-01 5.913851260000000387e-01 5.925707220000000497e-01 5.937037469999999484e-01 5.947861079999999800e-01 5.958196519999999774e-01 5.968062280000000497e-01 5.977475049999999568e-01 5.986452100000000387e-01 5.995010139999999987e-01 6.003165839999999864e-01 6.010934709999999903e-01 6.018331049999999793e-01 6.025370960000000498e-01 6.032067540000000117e-01 6.038435100000000277e-01 6.044486759999999625e-01 6.050235630000000420e-01 6.055694219999999683e-01 6.060873869999999775e-01 6.065786480000000536e-01 6.070443989999999568e-01 6.074856520000000426e-01 6.079034210000000549e-01 6.082987789999999562e-01 6.086726780000000225e-01 6.090260739999999728e-01 6.093598009999999787e-01 6.096748109999999832e-01 6.099719409999999620e-01 6.102520230000000323e-01 6.105157730000000393e-01 6.107640859999999838e-01 6.109975579999999962e-01 6.112169619999999748e-01 6.114230160000000414e-01 6.116163730000000465e-01 6.117976309999999529e-01 6.119675039999999955e-01 6.121264699999999781e-01 6.122751829999999451e-01 6.124142409999999703e-01 6.125441190000000535e-01 6.126653549999999671e-01 6.127784849999999839e-01 6.128839249999999961e-01 6.129822129999999980e-01 6.130738260000000439e-01 6.131591800000000259e-01 6.132386330000000330e-01 6.133127210000000051e-01 6.133816840000000381e-01 6.134460569999999890e-01 6.135061379999999787e-01 6.135622859999999568e-01 6.136148569999999580e-01
2.362922130000000009e-01 3.296225369999999932e-01 3.924708069999999771e-01 4.317482710000000168e-01 4.566683169999999903e-01 4.731104369999999948e-01 4.844843449999999829e-01 4.927699569999999807e-01 4.991426769999999791e-01 5.043161510000000458e-01 5.087310670000000368e-01 5.126622920000000194e-01 5.162817240000000529e-01 5.196965930000000400e-01 5.229728820000000278e-01 5.261504049999999877e-01 5.292525289999999716e-01 5.322918890000000181e-01 5.352746250000000039e-01 5.382028220000000251e-01 5.410761240000000472e-01 5.438928600000000335e-01 5.466505889999999646e-01 5.493468049999999936e-01 5.519789459999999703e-01 5.545445679999999600e-01 5.570417050000000536e-01 5.594686869999999645e-01 5.618242030000000220e-01 5.641072990000000065e-01 5.663174989999999465e-01 5.684546230000000477e-01 5.705187919999999968e-01 5.725104810000000155e-01 5.744302869999999839e-01 5.762792829999999755e-01 5.780584220000000162e-01 5.797691350000000465e-01 5.814128520000000355e-01 5.829910040000000349e-01 5.845053199999999949e-01 5.859574680000000368e-01 5.873492359999999968e-01 5.886823530000000471e-01 5.899587269999999606e-01 5.911800860000000490e-01 5.923482180000000374e-01 5.934650299999999490e-01 5.945321919999999594e-01 5.955514910000000439e-01 5.965247150000000387e-01 5.974534150000000432e-01 5.983393790000000045e-01 5.991840959999999994e-01 5.999891760000000129e-01 6.007561679999999793e-01 6.014864439999999535e-01 6.021815539999999523e-01 6.028428080000000078e-01 6.034715769999999813e-01 6.040691729999999593e-01 6.046367879999999806e-01 6.051757340000000207e-01 6.056870819999999878e-01 6.061720849999999716e-01 6.066316959999999980e-01 6.070671680000000459e-01 6.074793339999999819e-01 6.078693269999999593e-01 6.082380410000000071e-01 6.085863710000000149e-01 6.089152690000000367e-01 6.092256310000000452e-01 6.095182300000000497e-01 6.097939009999999715e-01 6.100534199999999574e-01 6.102975609999999884e-01 6.105269789999999697e-01 6.107425090000000445e-01 6.109447479999999819e-01 6.111343500000000484e-01 6.113119719999999813e-01 6.114782690000000187e-01 6.116337779999999613e-01 6.117791529999999645e-01 6.119148730000000258e-01 6.120414730000000025e-01 6.121595499999999967e-01 6.122695799999999799e-01 6.123719810000000097e-01 6.124672890000000258e-01 6.125559809999999716e-01 6.126384139999999645e-01 6.127151250000000271e-01 6.127864119999999470e-01 6.128527520000000006e-01 6.129144429999999755e-01 6.129719019999999574e-01 6.130254859999999528e-01 6.130755540000000225e-01
2.983027990000000074e-01 3.781662880000000171e-01 4.267743829999999794e-01 4.557846489999999862e-01 4.738931949999999893e-01 4.858223500000000139e-01 4.941366609999999771e-01 5.002864000000000200e-01 5.051234359999999812e-01 5.091618900000000059e-01 5.127164130000000375e-01 5.159805419999999865e-01 5.190721750000000245e-01 5.220617650000000110e-01 5.249899030000000355e-01 5.278783439999999993e-01 5.307372809999999497e-01 5.335698129999999484e-01 5.363749270000000013e-01 5.391492249999999542e-01 5.418881770000000264e-01 5.445867779999999936e-01 5.472401380000000426e-01 5.498435499999999587e-01 5.523927809999999994e-01 5.548841359999999723e-01 5.573143959999999897e-01 5.596809390000000439e-01 5.619817379999999529e-01 5.642152430000000329e-01 5.663802620000000232e-01 5.684761999999999871e-01 5.705026979999999748e-01 5.724598770000000059e-01 5.743481520000000007e-01 5.761680599999999819e-01 5.779205560000000297e-01 5.796067120000000239e-01 5.812277200000000033e-01 5.827850100000000477e-01 5.842799539999999903e-01 5.857142210000000349e-01 5.870893600000000045e-01 5.884070989999999890e-01 5.896691080000000529e-01 5.908771750000000322e-01 5.920329090000000516e-01 5.931381580000000264e-01 5.941945309999999703e-01 5.952037570000000555e-01 5.961675050000000420e-01 5.970873829999999716e-01 5.979649420000000548e-01 5.988018510000000516e-01 5.995996000000000103e-01 6.003596190000000110e-01 6.010833380000000226e-01 6.017722490000000368e-01 6.024276020000000065e-01 6.030507680000000148e-01 6.036430600000000091e-01 6.042056080000000051e-01 6.047397260000000330e-01 6.052464840000000290e-01 6.057270769999999471e-01 6.061825159999999491e-01 6.066138739999999974e-01 6.070221660000000297e-01 6.074083449999999607e-01 6.077734230000000348e-01 6.081182960000000026e-01 6.084438559999999496e-01 6.087508799999999942e-01 6.090403199999999684e-01 6.093128920000000504e-01 6.095694299999999677e-01 6.098105910000000129e-01 6.100372080000000530e-01 6.102499369999999645e-01 6.104494929999999542e-01 6.106364130000000445e-01 6.108114719999999664e-01 6.109752659999999613e-01 6.111282710000000007e-01 6.112712030000000407e-01 6.114045380000000529e-01 6.115288730000000283e-01 6.116446260000000246e-01 6.117523910000000065e-01 6.118526460000000000e-01 6.119458079999999800e-01 6.120323540000000007e-01 6.121127610000000052e-01 6.121873860000000001e-01 6.122566459999999600e-01 6.123210190000000219e-01 6.123808029999999736e-01 6.124363539999999606e-01 6.124881509999999807e-01 6.125363710000000239e-01
3.494310979999999955e-01 4.130628709999999981e-01 4.499271510000000251e-01 4.715965089999999971e-01 4.851299820000000151e-01 4.941109120000000132e-01 5.004479889999999820e-01 5.052200559999999729e-01 5.090634229999999594e-01 5.123627779999999632e-01 5.153526659999999593e-01 5.181749460000000251e-01 5.209134819999999833e-01 5.236156579999999838e-01 5.263059740000000097e-01 5.289949179999999807e-01 5.316843390000000058e-01 5.343713759999999535e-01 5.370503070000000045e-01 5.397142769999999645e-01 5.423561930000000419e-01 5.449688430000000361e-01 5.475456709999999561e-01 5.500805970000000045e-01 5.525683759999999722e-01 5.550042990000000342e-01 5.573844909999999819e-01 5.597057340000000103e-01 5.619653460000000322e-01 5.641613009999999484e-01 5.662921669999999574e-01 5.683568119999999890e-01 5.703548189999999574e-01 5.722858309999999671e-01 5.741500849999999767e-01 5.759480000000000155e-01 5.776802899999999852e-01 5.793477889999999464e-01 5.809516310000000239e-01 5.824931260000000277e-01 5.839734669999999683e-01 5.853942629999999703e-01 5.867569449999999742e-01 5.880631800000000187e-01 5.893145199999999528e-01 5.905126330000000090e-01 5.916592480000000265e-01 5.927559140000000504e-01 5.938043589999999483e-01 5.948061350000000136e-01 5.957629679999999484e-01 5.966764089999999632e-01 5.975480079999999639e-01 5.983792540000000271e-01 5.991716379999999509e-01 5.999266509999999775e-01 6.006457210000000213e-01 6.013302209999999981e-01 6.019814009999999715e-01 6.026006339999999684e-01 6.031891700000000522e-01 6.037482020000000116e-01 6.042788620000000277e-01 6.047824619999999651e-01 6.052598949999999922e-01 6.057124139999999768e-01 6.061409709999999729e-01 6.065465209999999496e-01 6.069301369999999807e-01 6.072927120000000123e-01 6.076351399999999625e-01 6.079583170000000258e-01 6.082631349999999548e-01 6.085503100000000387e-01 6.088207359999999735e-01 6.090751890000000168e-01 6.093143819999999877e-01 6.095389719999999567e-01 6.097497939999999561e-01 6.099474430000000336e-01 6.101325749999999548e-01 6.103057859999999613e-01 6.104677920000000091e-01 6.106191279999999555e-01 6.107603310000000452e-01 6.108919980000000471e-01 6.110146640000000406e-01 6.111288070000000516e-01 6.112350229999999884e-01 6.113336679999999967e-01 6.114253400000000394e-01 6.115103960000000116e-01 6.115893129999999678e-01 6.116625070000000219e-01 6.117303969999999813e-01 6.117933389999999916e-01 6.118517519999999710e-01 6.119059919999999542e-01 6.119564180000000020e-01 6.120033259999999586e-01
3.891983929999999758e-01 4.379273360000000004e-01 4.658975899999999726e-01 4.824045000000000138e-01 4.928116499999999900e-01 4.997964200000000190e-01 5.047947760000000006e-01 5.086295600000000361e-01 5.117919450000000259e-01 5.145803690000000374e-01 5.171760319999999522e-01 5.196866390000000058e-01 5.221734639999999761e-01 5.246686339999999671e-01 5.271859770000000278e-01 5.297282930000000167e-01 5.322919489999999865e-01 5.348699689999999451e-01 5.374536509999999767e-01 5.400337579999999749e-01 5.426012869999999877e-01 5.451477169999999761e-01 5.476652379999999987e-01 5.501468779999999503e-01 5.525866149999999477e-01 5.549791459999999788e-01 5.573199389999999864e-01 5.596054200000000201e-01 5.618325469999999600e-01 5.639988780000000368e-01 5.661026839999999671e-01 5.681427119999999942e-01 5.701180700000000323e-01 5.720284580000000174e-01 5.738738180000000355e-01 5.756543870000000451e-01 5.773708220000000058e-01 5.790237190000000478e-01 5.806142090000000477e-01 5.821433660000000510e-01 5.836124419999999535e-01 5.850228069999999780e-01 5.863759520000000336e-01 5.876733659999999748e-01 5.889166000000000123e-01 5.901072029999999691e-01 5.912468429999999664e-01 5.923371320000000440e-01 5.933796759999999670e-01 5.943760280000000007e-01 5.953277949999999930e-01 5.962364669999999922e-01 5.971037150000000349e-01 5.979308490000000420e-01 5.987194780000000272e-01 5.994709729999999626e-01 6.001867060000000142e-01 6.008681059999999574e-01 6.015163660000000245e-01 6.021328569999999658e-01 6.027188300000000387e-01 6.032754179999999522e-01 6.038038129999999670e-01 6.043052079999999826e-01 6.047806140000000497e-01 6.052311059999999632e-01 6.056578160000000155e-01 6.060615780000000452e-01 6.064434650000000149e-01 6.068043709999999535e-01 6.071451900000000013e-01 6.074668170000000478e-01 6.077701450000000394e-01 6.080558900000000433e-01 6.083249450000000058e-01 6.085780259999999942e-01 6.088158489999999645e-01 6.090391870000000374e-01 6.092486980000000329e-01 6.094450949999999922e-01 6.096290349999999858e-01 6.098011140000000330e-01 6.099619269999999593e-01 6.101120709999999780e-01 6.102522019999999658e-01 6.103827360000000368e-01 6.105043289999999567e-01 6.106174589999999736e-01 6.107226009999999761e-01 6.108202339999999619e-01 6.109108920000000387e-01 6.109949350000000168e-01 6.110728380000000071e-01 6.111450790000000355e-01 6.112120149999999974e-01 6.112740639999999503e-01 6.113315219999999606e-01 6.113848689999999975e-01 6.114344000000000445e-01 6.114804740000000516e-01
4.193424579999999735e-01 4.558209779999999878e-01 4.772244990000000242e-01 4.900611340000000093e-01 4.982700939999999967e-01 5.038513540000000290e-01 5.079036949999999884e-01 5.110712050000000284e-01 5.137445330000000032e-01 5.161624550000000200e-01 5.184694530000000245e-01 5.207495090000000548e-01 5.230482819999999755e-01 5.253871679999999600e-01 5.277726050000000058e-01 5.302020910000000420e-01 5.326681730000000226e-01 5.351610180000000438e-01 5.376696589999999665e-01 5.401832460000000058e-01 5.426914689999999819e-01 5.451848510000000259e-01 5.476546289999999484e-01 5.500932929999999832e-01 5.524941089999999555e-01 5.548513529999999916e-01 5.571601990000000226e-01 5.594166520000000142e-01 5.616172550000000374e-01 5.637595060000000213e-01 5.658413770000000342e-01 5.678613780000000277e-01 5.698184969999999794e-01 5.717121960000000058e-01 5.735422970000000342e-01 5.753089789999999981e-01 5.770126580000000116e-01 5.786539910000000342e-01 5.802338719999999839e-01 5.817533139999999658e-01 5.832135680000000155e-01 5.846158270000000323e-01 5.859615209999999852e-01 5.872521400000000336e-01 5.884891749999999755e-01 5.896741749999999671e-01 5.908086299999999458e-01 5.918941500000000078e-01 5.929322839999999761e-01 5.939246419999999471e-01 5.948727129999999974e-01 5.957781079999999729e-01 5.966421960000000135e-01 5.974665279999999967e-01 5.982525349999999742e-01 5.990015859999999748e-01 5.997151139999999936e-01 6.003944279999999800e-01 6.010407810000000239e-01 6.016555430000000149e-01 6.022397879999999981e-01 6.027948859999999742e-01 6.033218500000000484e-01 6.038218739999999807e-01 6.042960290000000123e-01 6.047453280000000264e-01 6.051708460000000400e-01 6.055735349999999961e-01 6.059544089999999716e-01 6.063143610000000239e-01 6.066542860000000426e-01 6.069750189999999490e-01 6.072774530000000226e-01 6.075623629999999942e-01 6.078306439999999755e-01 6.080828910000000143e-01 6.083199980000000284e-01 6.085426210000000058e-01 6.087514160000000452e-01 6.089470980000000200e-01 6.091303230000000291e-01 6.093016860000000090e-01 6.094618440000000303e-01 6.096113920000000297e-01 6.097508670000000297e-01 6.098808049999999703e-01 6.100017429999999852e-01 6.101142170000000142e-01 6.102187629999999974e-01 6.103157999999999639e-01 6.104058620000000213e-01 6.104893679999999767e-01 6.105667350000000271e-01 6.106383800000000361e-01 6.107047799999999471e-01 6.107662320000000200e-01 6.108232139999999477e-01 6.108760239999999619e-01 6.109250779999999548e-01 6.109706160000000219e-01
4.420370459999999890e-01 4.689115580000000061e-01 4.854689240000000239e-01 4.956445099999999826e-01 5.022627119999999445e-01 5.068238969999999677e-01 5.101838109999999871e-01 5.128589270000000200e-01 5.151680709999999497e-01 5.173076389999999858e-01 5.193954710000000530e-01 5.214988590000000368e-01 5.236520770000000491e-01 5.258688929999999484e-01 5.281503800000000304e-01 5.304902200000000123e-01 5.328781009999999929e-01 5.353021620000000258e-01 5.377498870000000375e-01 5.402091740000000142e-01 5.426688189999999690e-01 5.451184510000000039e-01 5.475488309999999581e-01 5.499518509999999916e-01 5.523204210000000058e-01 5.546484590000000381e-01 5.569307209999999619e-01 5.591630340000000032e-01 5.613417029999999697e-01 5.634640459999999962e-01 5.655277370000000303e-01 5.675312279999999987e-01 5.694733260000000019e-01 5.713533760000000239e-01 5.731710789999999722e-01 5.749264960000000091e-01 5.766198639999999820e-01 5.782518979999999864e-01 5.798233149999999503e-01 5.813350680000000104e-01 5.827883480000000116e-01 5.841842889999999677e-01 5.855243209999999587e-01 5.868097540000000167e-01 5.880421399999999910e-01 5.892228480000000213e-01 5.903534889999999535e-01 5.914355519999999755e-01 5.924705860000000213e-01 5.934601430000000510e-01 5.944056509999999793e-01 5.953087209999999851e-01 5.961707830000000374e-01 5.969932679999999658e-01 5.977775450000000212e-01 5.985251670000000246e-01 5.992373229999999884e-01 5.999153849999999677e-01 6.005606650000000490e-01 6.011743550000000491e-01 6.017577650000000000e-01 6.023120280000000548e-01 6.028382180000000368e-01 6.033375859999999813e-01 6.038111449999999936e-01 6.042598489999999600e-01 6.046848889999999477e-01 6.050871009999999606e-01 6.054675579999999613e-01 6.058270930000000387e-01 6.061666009999999716e-01 6.064869760000000110e-01 6.067891119999999638e-01 6.070737240000000368e-01 6.073416470000000400e-01 6.075936560000000375e-01 6.078304650000000420e-01 6.080527900000000097e-01 6.082613470000000078e-01 6.084567899999999696e-01 6.086397169999999690e-01 6.088108420000000187e-01 6.089707610000000271e-01 6.091200709999999852e-01 6.092593069999999722e-01 6.093890069999999826e-01 6.095097059999999844e-01 6.096219419999999722e-01 6.097262500000000252e-01 6.098231079999999471e-01 6.099129319999999632e-01 6.099961999999999884e-01 6.100733280000000258e-01 6.101447939999999903e-01 6.102109549999999993e-01 6.102721690000000310e-01 6.103289720000000251e-01 6.103815439999999981e-01 6.104303599999999497e-01 6.104757790000000517e-01
4.591695069999999768e-01 4.786512259999999852e-01 4.915989940000000114e-01 4.998052720000000226e-01 5.052428839999999477e-01 5.090422629999999948e-01 5.118812919999999878e-01 5.141829249999999574e-01 5.162134769999999762e-01 5.181379910000000200e-01 5.200551749999999807e-01 5.220195060000000220e-01 5.240571499999999716e-01 5.261761550000000343e-01 5.283735990000000271e-01 5.306403640000000310e-01 5.329641699999999593e-01 5.353313680000000296e-01 5.377284879999999490e-01 5.401425359999999509e-01 5.425614119999999652e-01 5.449743270000000361e-01 5.473715660000000316e-01 5.497446059999999690e-01 5.520859359999999993e-01 5.543892980000000303e-01 5.566492079999999509e-01 5.588611359999999806e-01 5.610214470000000064e-01 5.631270409999999949e-01 5.651755330000000077e-01 5.671653150000000032e-01 5.690949560000000407e-01 5.709637400000000529e-01 5.727712510000000368e-01 5.745174880000000206e-01 5.762025710000000522e-01 5.778271560000000084e-01 5.793918369999999651e-01 5.808975699999999742e-01 5.823453659999999754e-01 5.837364790000000303e-01 5.850721599999999523e-01 5.863537189999999955e-01 5.875826480000000407e-01 5.887603160000000058e-01 5.898882149999999935e-01 5.909678940000000491e-01 5.920008420000000271e-01 5.929885510000000304e-01 5.939324499999999452e-01 5.948341489999999787e-01 5.956949590000000239e-01 5.965163709999999897e-01 5.972998139999999845e-01 5.980466009999999555e-01 5.987581610000000110e-01 5.994356870000000503e-01 6.000805500000000459e-01 6.006938819999999568e-01 6.012769940000000091e-01 6.018310190000000226e-01 6.023570900000000394e-01 6.028563380000000471e-01 6.033298369999999800e-01 6.037785409999999464e-01 6.042035820000000168e-01 6.046058539999999981e-01 6.049863100000000271e-01 6.053459049999999619e-01 6.056855319999999709e-01 6.060060259999999754e-01 6.063082220000000078e-01 6.065929530000000458e-01 6.068609950000000142e-01 6.071131229999999768e-01 6.073500509999999464e-01 6.075724959999999619e-01 6.077811119999999567e-01 6.079766749999999664e-01 6.081597810000000104e-01 6.083310250000000252e-01 6.084910629999999987e-01 6.086404319999999535e-01 6.087797280000000200e-01 6.089095469999999954e-01 6.090303660000000452e-01 6.091427209999999981e-01 6.092470880000000477e-01 6.093440060000000491e-01 6.094338889999999509e-01 6.095172169999999445e-01 6.095944639999999470e-01 6.096659899999999910e-01 6.097322109999999684e-01 6.097935439999999652e-01 6.098503469999999593e-01 6.099030380000000084e-01 6.099519129999999567e-01 6.099973319999999477e-01
4.721900520000000268e-01 4.860061709999999868e-01 4.962322120000000059e-01 5.029537680000000233e-01 5.074967740000000394e-01 5.107150080000000258e-01 5.131536719999999496e-01 5.151659849999999929e-01 5.169788600000000400e-01 5.187340379999999529e-01 5.205154419999999948e-01 5.223681930000000362e-01 5.243122580000000310e-01 5.263512729999999529e-01 5.284795169999999542e-01 5.306856039999999775e-01 5.329557660000000530e-01 5.352752210000000233e-01 5.376296040000000387e-01 5.400052069999999871e-01 5.423895119999999626e-01 5.447711349999999619e-01 5.471400619999999826e-01 5.494874119999999529e-01 5.518054959999999509e-01 5.540878179999999542e-01 5.563286539999999780e-01 5.585232970000000297e-01 5.606679919999999484e-01 5.627593990000000490e-01 5.647951960000000549e-01 5.667734150000000026e-01 5.686927440000000278e-01 5.705522299999999936e-01 5.723513959999999567e-01 5.740901229999999522e-01 5.757685299999999451e-01 5.773870939999999896e-01 5.789465310000000420e-01 5.804475550000000039e-01 5.818912389999999490e-01 5.832787160000000304e-01 5.846111769999999819e-01 5.858899349999999728e-01 5.871164199999999722e-01 5.882920029999999523e-01 5.894181729999999897e-01 5.904963020000000284e-01 5.915279979999999993e-01 5.925146340000000400e-01 5.934577580000000019e-01 5.943587420000000510e-01 5.952190760000000136e-01 5.960401300000000013e-01 5.968232749999999864e-01 5.975700019999999890e-01 5.982814429999999684e-01 5.989590289999999762e-01 5.996040110000000478e-01 6.002175810000000000e-01 6.008009309999999825e-01 6.013552549999999774e-01 6.018816830000000007e-01 6.023812889999999864e-01 6.028551460000000084e-01 6.033042669999999497e-01 6.037297249999999948e-01 6.041324729999999477e-01 6.045134070000000026e-01 6.048734780000000200e-01 6.052135229999999755e-01 6.055344940000000342e-01 6.058371660000000380e-01 6.061223749999999910e-01 6.063908930000000419e-01 6.066434979999999477e-01 6.068808439999999749e-01 6.071037649999999619e-01 6.073128580000000110e-01 6.075088379999999955e-01 6.076923610000000142e-01 6.078640220000000038e-01 6.080244780000000349e-01 6.081742639999999644e-01 6.083139180000000090e-01 6.084440949999999626e-01 6.085653309999999871e-01 6.086780429999999464e-01 6.087827679999999742e-01 6.088799830000000135e-01 6.089702249999999761e-01 6.090539099999999761e-01 6.091314549999999883e-01 6.092032790000000420e-01 6.092697980000000291e-01 6.093314290000000355e-01 6.093885300000000393e-01 6.094415189999999871e-01 6.094906930000000278e-01 6.095364089999999457e-01
4.821631610000000068e-01 4.916281100000000071e-01 4.997762740000000203e-01 5.053604839999999987e-01 5.092140440000000323e-01 5.119814280000000162e-01 5.141072270000000000e-01 5.158917899999999612e-01 5.175319910000000245e-01 5.191515089999999555e-01 5.208231810000000239e-01 5.225849750000000071e-01 5.244519109999999928e-01 5.264245870000000549e-01 5.284948350000000517e-01 5.306497810000000426e-01 5.328744650000000194e-01 5.351532100000000458e-01 5.374709960000000342e-01 5.398135779999999606e-01 5.421680210000000555e-01 5.445226429999999729e-01 5.468671320000000335e-01 5.491923090000000451e-01 5.514904259999999780e-01 5.537545680000000026e-01 5.559790129999999664e-01 5.581589340000000510e-01 5.602902170000000348e-01 5.623697039999999703e-01 5.643947120000000206e-01 5.663632750000000549e-01 5.682739620000000214e-01 5.701256989999999858e-01 5.719180699999999451e-01 5.736507180000000039e-01 5.753238200000000413e-01 5.769376750000000387e-01 5.784929989999999522e-01 5.799904470000000201e-01 5.814310310000000426e-01 5.828158860000000052e-01 5.841460819999999554e-01 5.854229930000000026e-01 5.866479279999999852e-01 5.878222579999999864e-01 5.889474150000000297e-01 5.900248289999999729e-01 5.910559300000000071e-01 5.920422079999999587e-01 5.929851529999999871e-01 5.938860769999999567e-01 5.947464700000000271e-01 5.955677630000000278e-01 5.963512659999999910e-01 5.970983509999999717e-01 5.978102680000000335e-01 5.984884499999999496e-01 5.991339679999999612e-01 5.997481940000000122e-01 6.003322599999999509e-01 6.008872990000000414e-01 6.014144420000000490e-01 6.019148229999999877e-01 6.023894549999999626e-01 6.028394099999999645e-01 6.032656429999999625e-01 6.036691669999999510e-01 6.040509339999999838e-01 6.044117810000000368e-01 6.047526600000000530e-01 6.050744059999999536e-01 6.053779129999999897e-01 6.056638960000000349e-01 6.059331300000000420e-01 6.061865090000000400e-01 6.064246300000000200e-01 6.066482659999999916e-01 6.068580749999999968e-01 6.070547699999999658e-01 6.072389480000000006e-01 6.074113249999999464e-01 6.075723769999999968e-01 6.077228190000000252e-01 6.078631279999999748e-01 6.079939600000000555e-01 6.081157329999999916e-01 6.082290409999999703e-01 6.083343629999999891e-01 6.084321740000000478e-01 6.085229519999999503e-01 6.086071730000000013e-01 6.086851949999999567e-01 6.087575549999999502e-01 6.088246109999999600e-01 6.088867780000000174e-01 6.089443559999999644e-01 6.089978219999999665e-01 6.090474719999999786e-01 6.090936660000000336e-01
4.898600280000000029e-01 4.959661069999999894e-01 5.025097130000000245e-01 5.072109099999999593e-01 5.105258820000000419e-01 5.129386780000000368e-01 5.148168800000000322e-01 5.164198279999999697e-01 5.179212090000000490e-01 5.194307569999999652e-01 5.210126040000000458e-01 5.226991770000000148e-01 5.245018599999999864e-01 5.264186260000000006e-01 5.284397010000000394e-01 5.305509569999999897e-01 5.327364799999999567e-01 5.349801180000000045e-01 5.372661349999999780e-01 5.395800469999999516e-01 5.419085030000000414e-01 5.442396400000000245e-01 5.465627910000000478e-01 5.488687159999999787e-01 5.511494279999999968e-01 5.533978339999999774e-01 5.556081529999999935e-01 5.577753189999999917e-01 5.598952170000000006e-01 5.619644520000000032e-01 5.639803410000000516e-01 5.659407969999999954e-01 5.678443309999999800e-01 5.696898099999999632e-01 5.714765790000000401e-01 5.732043980000000039e-01 5.748732690000000201e-01 5.764835480000000123e-01 5.780357120000000348e-01 5.795305969999999807e-01 5.809690360000000497e-01 5.823520420000000142e-01 5.836808679999999638e-01 5.849566459999999690e-01 5.861808059999999987e-01 5.873545409999999523e-01 5.884793400000000174e-01 5.895566340000000238e-01 5.905878540000000232e-01 5.915743110000000193e-01 5.925176140000000258e-01 5.934190150000000497e-01 5.942800050000000001e-01 5.951020120000000135e-01 5.958862299999999612e-01 5.966341499999999742e-01 5.973470210000000336e-01 5.980260969999999787e-01 5.986726879999999529e-01 5.992879269999999980e-01 5.998730060000000419e-01 6.004291179999999839e-01 6.009573940000000336e-01 6.014588480000000459e-01 6.019346119999999800e-01 6.023857000000000239e-01 6.028130050000000129e-01 6.032176609999999606e-01 6.036005020000000387e-01 6.039624810000000510e-01 6.043044330000000297e-01 6.046272520000000039e-01 6.049317720000000342e-01 6.052187679999999625e-01 6.054890750000000432e-01 6.057434080000000387e-01 6.059825420000000129e-01 6.062071319999999819e-01 6.064178940000000129e-01 6.066155429999999793e-01 6.068006160000000149e-01 6.069738860000000180e-01 6.071358319999999864e-01 6.072871090000000471e-01 6.074282530000000291e-01 6.075598599999999516e-01 6.076824669999999484e-01 6.077965499999999910e-01 6.079026459999999910e-01 6.080012320000000026e-01 6.080927250000000006e-01 6.081776620000000078e-01 6.082564000000000304e-01 6.083294750000000084e-01 6.083971860000000342e-01 6.084600089999999684e-01 6.085182430000000142e-01 6.085723640000000323e-01 6.086226110000000356e-01 6.086694599999999955e-01
4.958402219999999971e-01 4.993369579999999974e-01 5.046286580000000077e-01 5.086367130000000181e-01 5.115261079999999794e-01 5.136570929999999535e-01 5.153372290000000078e-01 5.167939070000000523e-01 5.181824560000000135e-01 5.196018820000000149e-01 5.211094019999999993e-01 5.227330329999999581e-01 5.244814159999999781e-01 5.263506169999999651e-01 5.283294320000000432e-01 5.304029580000000355e-01 5.325544479999999581e-01 5.347673889999999819e-01 5.370256300000000316e-01 5.393143889999999496e-01 5.416200159999999819e-01 5.439304710000000265e-01 5.462349650000000167e-01 5.485240220000000555e-01 5.507894749999999728e-01 5.530241729999999523e-01 5.552222129999999645e-01 5.573784109999999625e-01 5.594884749999999851e-01 5.615490669999999573e-01 5.635572669999999729e-01 5.655109879999999922e-01 5.674085620000000052e-01 5.692488549999999980e-01 5.710311529999999580e-01 5.727551579999999865e-01 5.744208690000000006e-01 5.760284070000000201e-01 5.775783660000000097e-01 5.790714620000000368e-01 5.805084710000000259e-01 5.818905229999999928e-01 5.832185749999999613e-01 5.844939350000000200e-01 5.857178570000000084e-01 5.868916509999999587e-01 5.880166890000000368e-01 5.890944000000000180e-01 5.901261570000000400e-01 5.911133889999999891e-01 5.920574669999999484e-01 5.929598209999999980e-01 5.938218830000000503e-01 5.946449040000000297e-01 5.954303739999999845e-01 5.961794849999999535e-01 5.968936089999999917e-01 5.975739960000000517e-01 5.982218980000000297e-01 5.988385080000000471e-01 5.994249579999999522e-01 5.999824999999999742e-01 6.005120870000000277e-01 6.010149719999999807e-01 6.014921069999999981e-01 6.019445660000000142e-01 6.023733020000000549e-01 6.027792690000000064e-01 6.031634209999999774e-01 6.035267109999999935e-01 6.038700340000000555e-01 6.041941050000000368e-01 6.044999359999999600e-01 6.047881840000000064e-01 6.050597429999999832e-01 6.053152680000000174e-01 6.055555339999999509e-01 6.057813170000000413e-01 6.059932110000000316e-01 6.061919329999999606e-01 6.063781379999999555e-01 6.065524820000000039e-01 6.067154409999999665e-01 6.068677900000000180e-01 6.070099469999999942e-01 6.071425679999999936e-01 6.072660680000000477e-01 6.073811049999999767e-01 6.074881549999999741e-01 6.075876359999999865e-01 6.076800230000000136e-01 6.077657939999999703e-01 6.078454260000000220e-01 6.079193349999999496e-01 6.079878810000000078e-01 6.080514790000000058e-01 6.081104870000000329e-01 6.081653830000000038e-01 6.082164049999999600e-01 6.082639690000000154e-01
5.005130770000000284e-01 5.019690390000000058e-01 5.062750579999999445e-01 5.097337960000000168e-01 5.122839209999999754e-01 5.141889450000000084e-01 5.157092810000000194e-01 5.170470480000000091e-01 5.183431509999999465e-01 5.196879509999999813e-01 5.211332440000000510e-01 5.227037070000000174e-01 5.244057180000000207e-01 5.262339120000000259e-01 5.281760690000000258e-01 5.302165749999999678e-01 5.323382620000000065e-01 5.345241429999999516e-01 5.367578269999999652e-01 5.390242929999999877e-01 5.413097740000000213e-01 5.436019300000000110e-01 5.458898540000000077e-01 5.481640700000000033e-01 5.504161720000000368e-01 5.526389480000000187e-01 5.548262600000000155e-01 5.569729209999999542e-01 5.590746399999999561e-01 5.611277820000000194e-01 5.631295440000000374e-01 5.650776029999999839e-01 5.669703480000000129e-01 5.688065289999999496e-01 5.705853699999999806e-01 5.723064540000000200e-01 5.739697219999999600e-01 5.755754109999999812e-01 5.771238800000000335e-01 5.786159039999999587e-01 5.800521969999999916e-01 5.814337729999999871e-01 5.827617649999999871e-01 5.840372440000000109e-01 5.852614640000000090e-01 5.864358539999999786e-01 5.875616070000000413e-01 5.886402130000000232e-01 5.896729830000000394e-01 5.906612869999999793e-01 5.916066169999999458e-01 5.925103430000000504e-01 5.933737159999999955e-01 5.941982270000000232e-01 5.949851870000000265e-01 5.957358480000000123e-01 5.964515809999999529e-01 5.971335770000000265e-01 5.977830889999999897e-01 5.984013080000000206e-01 5.989894270000000187e-01 5.995485189999999465e-01 6.000797749999999819e-01 6.005842689999999484e-01 6.010630129999999793e-01 6.015170810000000090e-01 6.019473669999999554e-01 6.023549440000000033e-01 6.027407049999999877e-01 6.031054850000000522e-01 6.034502980000000516e-01 6.037758589999999703e-01 6.040831209999999452e-01 6.043727989999999606e-01 6.046457290000000206e-01 6.049026849999999955e-01 6.051443220000000123e-01 6.053713560000000271e-01 6.055846209999999896e-01 6.057845950000000368e-01 6.059720520000000388e-01 6.061475870000000432e-01 6.063117980000000129e-01 6.064652200000000271e-01 6.066085700000000136e-01 6.067422630000000039e-01 6.068669559999999574e-01 6.069830659999999600e-01 6.070911289999999516e-01 6.071916219999999864e-01 6.072850229999999794e-01 6.073718070000000413e-01 6.074523929999999794e-01 6.075272560000000155e-01 6.075966950000000200e-01 6.076612470000000155e-01 6.077212100000000117e-01 6.077769400000000433e-01 6.078288560000000285e-01 6.078773140000000019e-01
5.041811470000000517e-01 5.040301680000000006e-01 5.075540539999999767e-01 5.105738039999999645e-01 5.128513569999999522e-01 5.145738720000000432e-01 5.159643289999999993e-01 5.172047020000000161e-01 5.184243920000000116e-01 5.197067859999999762e-01 5.210995670000000413e-01 5.226246119999999884e-01 5.242866280000000323e-01 5.260791179999999567e-01 5.279891490000000465e-01 5.300005079999999813e-01 5.320957299999999890e-01 5.342575309999999522e-01 5.364693999999999852e-01 5.387160180000000187e-01 5.409834980000000071e-01 5.432593820000000129e-01 5.455327030000000077e-01 5.477937459999999703e-01 5.500340460000000542e-01 5.522463319999999509e-01 5.544243450000000406e-01 5.565628409999999748e-01 5.586573479999999980e-01 5.607042309999999974e-01 5.627005699999999555e-01 5.646440390000000420e-01 5.665328499999999767e-01 5.683657530000000291e-01 5.701419119999999729e-01 5.718608499999999761e-01 5.735225080000000419e-01 5.751269460000000278e-01 5.766746400000000161e-01 5.781661869999999981e-01 5.796023609999999548e-01 5.809840560000000265e-01 5.823124050000000329e-01 5.835885410000000162e-01 5.848135949999999639e-01 5.859889390000000420e-01 5.871158840000000323e-01 5.881957410000000497e-01 5.892298820000000381e-01 5.902196760000000264e-01 5.911666150000000064e-01 5.920718910000000168e-01 5.929370520000000200e-01 5.937632919999999981e-01 5.945520399999999483e-01 5.953044889999999922e-01 5.960220689999999877e-01 5.967059139999999484e-01 5.973572729999999664e-01 5.979773400000000239e-01 5.985673070000000484e-01 5.991282460000000309e-01 5.996614099999999503e-01 6.001676919999999749e-01 6.006482239999999528e-01 6.011040810000000123e-01 6.015361550000000168e-01 6.019454600000000433e-01 6.023328900000000097e-01 6.026993990000000245e-01 6.030458210000000374e-01 6.033730510000000491e-01 6.036819220000000374e-01 6.039731499999999587e-01 6.042476300000000355e-01 6.045060749999999761e-01 6.047492030000000129e-01 6.049777269999999652e-01 6.051923630000000109e-01 6.053937670000000271e-01 6.055825950000000013e-01 6.057594419999999813e-01 6.059249639999999548e-01 6.060797570000000523e-01 6.062242979999999948e-01 6.063592429999999922e-01 6.064851279999999845e-01 6.066024300000000258e-01 6.067116259999999484e-01 6.068132520000000252e-01 6.069077849999999774e-01 6.069957019999999703e-01 6.070773600000000103e-01 6.071532370000000123e-01 6.072237489999999793e-01 6.072892549999999723e-01 6.073502299999999909e-01 6.074069140000000200e-01 6.074597840000000026e-01 6.075091360000000051e-01
5.070703629999999684e-01 5.056459899999999896e-01 5.085445640000000322e-01 5.112112760000000478e-01 5.132683519999999833e-01 5.148424510000000343e-01 5.161266329999999458e-01 5.172866579999999548e-01 5.184427499999999522e-01 5.196725730000000265e-01 5.210205319999999807e-01 5.225064160000000291e-01 5.241335630000000245e-01 5.258946420000000233e-01 5.277761819999999826e-01 5.297616120000000484e-01 5.318332310000000174e-01 5.339735150000000097e-01 5.361657140000000155e-01 5.383945700000000167e-01 5.406458969999999864e-01 5.429072980000000381e-01 5.451675649999999651e-01 5.474168659999999464e-01 5.496467950000000213e-01 5.518499019999999478e-01 5.540198090000000297e-01 5.561512109999999787e-01 5.582395789999999858e-01 5.602812169999999981e-01 5.622730849999999503e-01 5.642127989999999871e-01 5.660985109999999709e-01 5.679289100000000090e-01 5.697031620000000407e-01 5.714206699999999639e-01 5.730812549999999561e-01 5.746850970000000336e-01 5.762325529999999807e-01 5.777241589999999594e-01 5.791606900000000335e-01 5.805430409999999819e-01 5.818722250000000207e-01 5.831493739999999981e-01 5.843756789999999812e-01 5.855523940000000316e-01 5.866808300000000420e-01 5.877622959999999619e-01 5.887981650000000400e-01 5.897898080000000265e-01 5.907385349999999535e-01 5.916457769999999838e-01 5.925128459999999819e-01 5.933411119999999483e-01 5.941318270000000012e-01 5.948863629999999736e-01 5.956059689999999573e-01 5.962918400000000174e-01 5.969452859999999639e-01 5.975673790000000096e-01 5.981593729999999942e-01 5.987223980000000445e-01 5.992575289999999555e-01 5.997657779999999716e-01 6.002483370000000207e-01 6.007061000000000206e-01 6.011400820000000200e-01 6.015512349999999619e-01 6.019405129999999549e-01 6.023088690000000245e-01 6.026570799999999561e-01 6.029860379999999465e-01 6.032966379999999962e-01 6.035895940000000071e-01 6.038657429999999549e-01 6.041257979999999916e-01 6.043705339999999593e-01 6.046006080000000393e-01 6.048167939999999909e-01 6.050196890000000272e-01 6.052099469999999704e-01 6.053882240000000303e-01 6.055551769999999445e-01 6.057113410000000142e-01 6.058572530000000400e-01 6.059935090000000413e-01 6.061206460000000407e-01 6.062391999999999781e-01 6.063496470000000471e-01 6.064525250000000201e-01 6.065482500000000110e-01 6.066372989999999632e-01 6.067200900000000452e-01 6.067970990000000064e-01 6.068686840000000471e-01 6.069353219999999993e-01 6.069973109999999838e-01 6.070550679999999755e-01 6.071089509999999523e-01 6.071593170000000317e-01
5.093510150000000181e-01 5.069114569999999542e-01 5.093072060000000123e-01 5.116881130000000555e-01 5.135658379999999967e-01 5.150185819999999470e-01 5.162153240000000309e-01 5.173086519999999799e-01 5.184112789999999471e-01 5.195964570000000116e-01 5.209057929999999503e-01 5.223575830000000142e-01 5.239540339999999574e-01 5.256872769999999528e-01 5.275433659999999580e-01 5.295054909999999948e-01 5.315558310000000342e-01 5.336766840000000123e-01 5.358512399999999509e-01 5.380640030000000129e-01 5.403008459999999458e-01 5.425491930000000407e-01 5.447977779999999548e-01 5.470367069999999554e-01 5.492574569999999490e-01 5.514524579999999787e-01 5.536153910000000122e-01 5.557407140000000245e-01 5.578238960000000413e-01 5.598611239999999878e-01 5.618493559999999665e-01 5.637860300000000491e-01 5.656694169999999522e-01 5.674980280000000432e-01 5.692709089999999916e-01 5.709875819999999935e-01 5.726477500000000109e-01 5.742515329999999807e-01 5.757992269999999690e-01 5.772914289999999671e-01 5.787287349999999941e-01 5.801121590000000161e-01 5.814425349999999826e-01 5.827211140000000400e-01 5.839489700000000116e-01 5.851273540000000439e-01 5.862575770000000297e-01 5.873409509999999445e-01 5.883787870000000142e-01 5.893725159999999574e-01 5.903233289999999522e-01 5.912327170000000187e-01 5.921019910000000497e-01 5.929324630000000207e-01 5.937253829999999954e-01 5.944821829999999974e-01 5.952039959999999574e-01 5.958920720000000504e-01 5.965477230000000297e-01 5.971720219999999690e-01 5.977662209999999865e-01 5.983313919999999619e-01 5.988686680000000484e-01 5.993790629999999897e-01 5.998636480000000271e-01 6.003234389999999587e-01 6.007594469999999465e-01 6.011726259999999877e-01 6.015638709999999723e-01 6.019341350000000368e-01 6.022842529999999917e-01 6.026150580000000367e-01 6.029274460000000335e-01 6.032221909999999632e-01 6.035000680000000006e-01 6.037618519999999878e-01 6.040082570000000484e-01 6.042399999999999993e-01 6.044577960000000472e-01 6.046622400000000175e-01 6.048541069999999742e-01 6.050338750000000543e-01 6.052023170000000452e-01 6.053598519999999761e-01 6.055071950000000536e-01 6.056448819999999955e-01 6.057733889999999954e-01 6.058932540000000477e-01 6.060050129999999813e-01 6.061091419999999896e-01 6.062061189999999877e-01 6.062964199999999471e-01 6.063804029999999567e-01 6.064586039999999567e-01 6.065313220000000394e-01 6.065990919999999509e-01 6.066622139999999774e-01 6.067210440000000427e-01 6.067759990000000103e-01 6.068273779999999729e-01
5.111529830000000052e-01 5.078995819999999606e-01 5.098887090000000510e-01 5.120370979999999683e-01 5.137681370000000136e-01 5.151212219999999897e-01 5.162455440000000007e-01 5.172832010000000258e-01 5.183405279999999671e-01 5.194874409999999942e-01 5.207632779999999961e-01 5.221850279999999955e-01 5.237541789999999864e-01 5.254624490000000536e-01 5.272956490000000329e-01 5.292367340000000420e-01 5.312677620000000323e-01 5.333709720000000543e-01 5.355294350000000536e-01 5.377276539999999994e-01 5.399514439999999471e-01 5.421880479999999780e-01 5.444261430000000290e-01 5.466558929999999483e-01 5.488684769999999657e-01 5.510564449999999503e-01 5.532132979999999645e-01 5.553333759999999897e-01 5.574122070000000484e-01 5.594458580000000181e-01 5.614311100000000110e-01 5.633655789999999497e-01 5.652472379999999852e-01 5.670746559999999548e-01 5.688468220000000297e-01 5.705631380000000252e-01 5.722233650000000393e-01 5.738275649999999839e-01 5.753759739999999567e-01 5.768690709999999555e-01 5.783075690000000213e-01 5.796923640000000155e-01 5.810243489999999955e-01 5.823046570000000033e-01 5.835343600000000297e-01 5.847147110000000536e-01 5.858470199999999961e-01 5.869325399999999471e-01 5.879726410000000181e-01 5.889685749999999942e-01 5.899217129999999587e-01 5.908334259999999949e-01 5.917050839999999923e-01 5.925378799999999613e-01 5.933332439999999819e-01 5.940923689999999535e-01 5.948165659999999910e-01 5.955070260000000504e-01 5.961650010000000277e-01 5.967916250000000478e-01 5.973881479999999522e-01 5.979555850000000117e-01 5.984950660000000200e-01 5.990076659999999942e-01 5.994944570000000361e-01 5.999563930000000322e-01 6.003945469999999451e-01 6.008098130000000259e-01 6.012030839999999987e-01 6.015753150000000549e-01 6.019274000000000013e-01 6.022601720000000380e-01 6.025744680000000297e-01 6.028710600000000142e-01 6.031507249999999987e-01 6.034142970000000439e-01 6.036624310000000548e-01 6.038958429999999877e-01 6.041153070000000458e-01 6.043214199999999980e-01 6.045148369999999716e-01 6.046962139999999541e-01 6.048661469999999651e-01 6.050252320000000239e-01 6.051740049999999593e-01 6.053131219999999812e-01 6.054430600000000329e-01 6.055642959999999464e-01 6.056774259999999632e-01 6.057828659999999754e-01 6.058810949999999806e-01 6.059726479999999471e-01 6.060578819999999922e-01 6.061372760000000026e-01 6.062112450000000097e-01 6.062801479999999632e-01 6.063444019999999490e-01 6.064043639999999735e-01 6.064604519999999832e-01 6.065129639999999878e-01
5.125758049999999955e-01 5.086669329999999878e-01 5.103256699999999535e-01 5.122839810000000549e-01 5.138946180000000252e-01 5.151653290000000052e-01 5.162294509999999503e-01 5.172201400000000504e-01 5.182389619999999697e-01 5.193527340000000381e-01 5.205991269999999949e-01 5.219942330000000297e-01 5.235389470000000323e-01 5.252246259999999722e-01 5.270369649999999684e-01 5.289589169999999729e-01 5.309723020000000071e-01 5.330594180000000071e-01 5.352032780000000045e-01 5.373883250000000000e-01 5.396001940000000330e-01 5.418262480000000103e-01 5.440549850000000465e-01 5.462765099999999929e-01 5.484819410000000284e-01 5.506637690000000251e-01 5.528153180000000555e-01 5.549310450000000117e-01 5.570062399999999858e-01 5.590369699999999664e-01 5.610200170000000375e-01 5.629527570000000258e-01 5.648332830000000193e-01 5.666600469999999445e-01 5.684319730000000348e-01 5.701484679999999639e-01 5.718092320000000006e-01 5.734142070000000091e-01 5.749636889999999445e-01 5.764580969999999471e-01 5.778981450000000297e-01 5.792846080000000342e-01 5.806185010000000091e-01 5.819007750000000367e-01 5.831326249999999600e-01 5.843151810000000168e-01 5.854497549999999606e-01 5.865376589999999890e-01 5.875800850000000297e-01 5.885785220000000484e-01 5.895341630000000555e-01 5.904483799999999949e-01 5.913224820000000381e-01 5.921578410000000181e-01 5.929556489999999735e-01 5.937172769999999877e-01 5.944439769999999568e-01 5.951369399999999477e-01 5.957973600000000536e-01 5.964264270000000367e-01 5.970252750000000219e-01 5.975950960000000478e-01 5.981369020000000258e-01 5.986518259999999980e-01 5.991408230000000446e-01 5.996050240000000420e-01 6.000453230000000193e-01 6.004626749999999458e-01 6.008580919999999548e-01 6.012324089999999677e-01 6.015865209999999852e-01 6.019212600000000135e-01 6.022374630000000284e-01 6.025359630000000077e-01 6.028175350000000154e-01 6.030828950000000077e-01 6.033328180000000485e-01 6.035680169999999567e-01 6.037891509999999684e-01 6.039969330000000136e-01 6.041919590000000007e-01 6.043749449999999968e-01 6.045464280000000246e-01 6.047070620000000174e-01 6.048573849999999696e-01 6.049979330000000433e-01 6.051293020000000356e-01 6.052519680000000291e-01 6.053664680000000464e-01 6.054732200000000342e-01 6.055728200000000117e-01 6.056656240000000135e-01 6.057521700000000342e-01 6.058328149999999690e-01 6.059079769999999865e-01 6.059780719999999787e-01 6.060435180000000033e-01 6.061046119999999870e-01 6.061618330000000388e-01 6.062154170000000342e-01
5.136967300000000458e-01 5.092578530000000381e-01 5.106469989999999903e-01 5.124492649999999871e-01 5.139605999999999897e-01 5.151630040000000355e-01 5.161767010000000155e-01 5.171276930000000549e-01 5.181133749999999871e-01 5.191981789999999819e-01 5.204185249999999652e-01 5.217896699999999832e-01 5.233122709999999955e-01 5.249774459999999587e-01 5.267707710000000265e-01 5.286750789999999922e-01 5.306723119999999794e-01 5.327447060000000123e-01 5.348751539999999638e-01 5.370481609999999684e-01 5.392492410000000458e-01 5.414657590000000464e-01 5.436861520000000336e-01 5.459003449999999535e-01 5.480995180000000078e-01 5.502759219999999729e-01 5.524230599999999658e-01 5.545350909999999800e-01 5.566073660000000478e-01 5.586357709999999477e-01 5.606171490000000368e-01 5.625488159999999516e-01 5.644286870000000400e-01 5.662552709999999490e-01 5.680274370000000239e-01 5.697445270000000006e-01 5.714061259999999587e-01 5.730122920000000342e-01 5.745632050000000213e-01 5.760592220000000374e-01 5.775011180000000355e-01 5.788895490000000033e-01 5.802255269999999632e-01 5.815100669999999639e-01 5.827441810000000277e-01 5.839291810000000194e-01 5.850662589999999774e-01 5.861566660000000484e-01 5.872017149999999575e-01 5.882026550000000187e-01 5.891609190000000051e-01 5.900777579999999523e-01 5.909545419999999716e-01 5.917924639999999625e-01 5.925929549999999768e-01 5.933571460000000020e-01 5.940864089999999820e-01 5.947818759999999871e-01 5.954448580000000213e-01 5.960763690000000503e-01 5.966777210000000498e-01 5.972499249999999593e-01 5.977941749999999832e-01 5.983114240000000361e-01 5.988027449999999696e-01 5.992692109999999683e-01 5.997117159999999503e-01 6.001312730000000206e-01 6.005288359999999548e-01 6.009052400000000072e-01 6.012613770000000413e-01 6.015981440000000013e-01 6.019163130000000361e-01 6.022167800000000071e-01 6.025002000000000413e-01 6.027674079999999490e-01 6.030191780000000445e-01 6.032561060000000142e-01 6.034789680000000045e-01 6.036884780000000283e-01 6.038851739999999690e-01 6.040697689999999787e-01 6.042428610000000200e-01 6.044050460000000013e-01 6.045568590000000020e-01 6.046988960000000413e-01 6.048317549999999709e-01 6.049557920000000477e-01 6.050717230000000058e-01 6.051798459999999658e-01 6.052807569999999471e-01 6.053749320000000322e-01 6.054627299999999490e-01 6.055446270000000020e-01 6.056209799999999754e-01 6.056923269999999748e-01 6.057589049999999586e-01 6.058211919999999528e-01 6.058795449999999638e-01 6.059342030000000046e-01
