8.374845032812840455e-04 6.196958831521404707e-04 5.055072752502703676e-04 4.190737515531663842e-04 3.950748830802680144e-04 4.221022109134211597e-04 4.749770254635791241e-04 4.951767881895771401e-04 4.641123148977113993e-04 3.925888493364520018e-04 3.170314789762831227e-04 2.824894148745104227e-04 2.952908178498001718e-04 2.945617801557806224e-04 2.874932704500227218e-04 2.671406841624382033e-04 2.357500240189786575e-04 1.982581180342075824e-04 1.854026733695111223e-04 1.751437429723699335e-04 1.543341702585454653e-04 1.269206752152122043e-04 1.013639954754231610e-04 8.110782714210239101e-05 6.593491578898108909e-05 5.418672868711453360e-05 4.449038893426100050e-05 3.659885053089739781e-05 2.991918790185104686e-05 2.428292886031629833e-05 1.946842488728337063e-05 1.565291314098872833e-05 1.253737663440537574e-05 1.009561182943206048e-05 8.203272330383466304e-06 6.582176693087771569e-06 5.523005256082962541e-06 4.862600832525953554e-06 4.375881077427596388e-06 3.977655066818084219e-06 3.547924985360680022e-06 3.219794129511291802e-06 2.989725950598522636e-06 2.824425202887081253e-06 2.753692355938726702e-06 2.926924996790347303e-06 3.217416647566728391e-06 3.544362461085560905e-06 3.635947098822960435e-06 3.571833297692196831e-06 3.372842020756650813e-06 3.086530948599163197e-06 2.782143204540825487e-06 2.447286665947006623e-06 2.105856201309857644e-06 1.824815294248809450e-06 1.392052606618989024e-06 1.065341978532110555e-06 8.394448733899993795e-07 6.957809366869104291e-07 5.918694653819137988e-07 5.082356967199111505e-07 4.401383518706432723e-07 3.952658672731566454e-07 3.966177902944901592e-07 4.240576743545295376e-07 4.346194096665763732e-07 3.964598578393696833e-07 3.616950931362872344e-07 3.299398879845982071e-07 2.913561099359180471e-07 2.507796780762957743e-07 2.155706054456919434e-07 1.850921774258817941e-07 1.587954580787612599e-07 1.361330862823802571e-07 1.166469636241525164e-07 9.991651496480443923e-08 8.555818823108486641e-08 7.325584901623636345e-08 6.271667807099622538e-08 5.369275536497308449e-08 4.597049551890631619e-08 3.935966987630132382e-08 3.370345770187834462e-08 2.886309491652491193e-08 2.472025074057151946e-08 2.117484100245552697e-08 1.813963856610697543e-08 1.554124945062753985e-08 1.331653632461925629e-08 1.141125588124257706e-08 9.779578149228974283e-09 8.381934445057981303e-09 7.184667448294627560e-09 6.158994835282249926e-09 5.280193323469278255e-09 4.527259590505193085e-09 3.882132265724182742e-09 3.329373938410279865e-09
1.181616630952730083e-03 8.747618756451340342e-04 7.138017973266622867e-04 5.919506947497480158e-04 5.580211738565230527e-04 5.962034492450833103e-04 6.712740946111713522e-04 7.011801457685382230e-04 6.581379884737733645e-04 5.569488347774816583e-04 4.497574178638970863e-04 4.008013929664040460e-04 4.190459948250300224e-04 4.179597007405683553e-04 4.078365673401364755e-04 3.788627451787205335e-04 3.342574788065256998e-04 2.810548485811445712e-04 2.627863972402286002e-04 2.481786969643246269e-04 2.186235783217668695e-04 1.797483717641566508e-04 1.435429297844376226e-04 1.148597986533894135e-04 9.337648047526610890e-05 7.674122120369857654e-05 6.301148244548388227e-05 5.183694701787422502e-05 4.237864333046347242e-05 3.439762894969817944e-05 2.757997123283982389e-05 2.217626563261047403e-05 1.776349886545741628e-05 1.430468387815239286e-05 1.162387294364592064e-05 9.327277355752962057e-06 7.826572848213425546e-06 6.890717934735343170e-06 6.200929334847930907e-06 5.636489376804323589e-06 5.027501648117116476e-06 4.562494183151074799e-06 4.236405042084669496e-06 4.002077614852823775e-06 3.901742586202438711e-06 4.146921639693379783e-06 4.557964319320074351e-06 5.020256478367967118e-06 5.148771187785875823e-06 5.056545991704107428e-06 4.773224392493765005e-06 4.366375147986907711e-06 3.934026958942200176e-06 3.458681928630579717e-06 2.974197456633879568e-06 2.575133256529609954e-06 1.964415773802540136e-06 1.503414811413245692e-06 1.184506013269863373e-06 9.820320269644173178e-07 8.357647552480784317e-07 7.179458937424185262e-07 6.219502255607669424e-07 5.586016548829397363e-07 5.601926298437939956e-07 5.980332768937808421e-07 6.117020579103712674e-07 5.571040191701675423e-07 5.072598599845900081e-07 4.616202951765778732e-07 4.068577226364413661e-07 3.497421622727370532e-07 3.002480995696786176e-07 2.574660360376307711e-07 2.206077917643031818e-07 1.888932000261487875e-07 1.616657790942364443e-07 1.383247100578166654e-07 1.183244436681407669e-07 1.012130055118536185e-07 8.657502518714280162e-08 7.405854442666193231e-08 6.336078686410424647e-08 5.421371625434555164e-08 4.639573377506358017e-08 3.971192563359993217e-08 3.399636770330749349e-08 2.910880745161236208e-08 2.492756430899663970e-08 2.135024298080175073e-08 1.828900044016976922e-08 1.566854464002782568e-08 1.342526465570699062e-08 1.150439164482712008e-08 9.859365339408017406e-09 8.450413062636045490e-09 7.243425315100032185e-09 6.209421152233668691e-09 5.323513813546660714e-09 4.564440528809722348e-09
1.664516835030071347e-03 1.233130451209436384e-03 1.006686179435900292e-03 8.352220418459921055e-04 7.873129636153853748e-04 8.411883272715702875e-04 9.477314288665992939e-04 9.923171260081960036e-04 9.331508725113901725e-04 7.901655741754837507e-04 6.381180872718060114e-04 5.687568002831300349e-04 5.948097340667586217e-04 5.931872127712079987e-04 5.786587666018136195e-04 5.373705133616746895e-04 4.739506838116202842e-04 3.984347806353108153e-04 3.724582461127600450e-04 3.516353870068350432e-04 3.096392914136877309e-04 2.545048161830172910e-04 2.032215679017830383e-04 1.626167620805236351e-04 1.322074814013421461e-04 1.086587407970170474e-04 8.922326174926398300e-05 7.340424629342650763e-05 6.001513041063445382e-05 4.871697803597194539e-05 3.906524332141915836e-05 3.141400735157782336e-05 2.516515211110593807e-05 2.026652795926555176e-05 1.646928759043838624e-05 1.321618668772957264e-05 1.109012858672428184e-05 9.764028486100814096e-06 8.786493410541787777e-06 7.986477713709442232e-06 7.123510328381788929e-06 6.464570344108847870e-06 6.002395168378277883e-06 5.670210410339244115e-06 5.527857835045006761e-06 5.874725566576870564e-06 6.456079888795113853e-06 7.109324829514377722e-06 7.289168146443951872e-06 7.156048477555341223e-06 6.752217928161666551e-06 6.173732781166741060e-06 5.559329969626644343e-06 4.884327904802343042e-06 4.196696336433926755e-06 3.629836905045665558e-06 2.768961414895088602e-06 2.119225585871305871e-06 1.669474083732201506e-06 1.384531874918751484e-06 1.179010347215038804e-06 1.013295318748648440e-06 8.781629280054845419e-07 7.888236608899980920e-07 7.905055294765860889e-07 8.422914385815611042e-07 8.593991821948985523e-07 7.811446996399410855e-07 7.095408996781540244e-07 6.438088292974909212e-07 5.661060442738129040e-07 4.858671095691261925e-07 4.164505232041503372e-07 3.565545965636691349e-07 3.050447389563920661e-07 2.608076226563417107e-07 2.229008019675880610e-07 1.904650674593726588e-07 1.627242929910432876e-07 1.390319004303932744e-07 1.187990698663686740e-07 1.015265374044437346e-07 8.678560464498562541e-08 7.419942504489316447e-08 6.345548158652795695e-08 5.428078669538493898e-08 4.644343954781061639e-08 3.974757644432376201e-08 3.402416336619070301e-08 2.913094780119041663e-08 2.494628632321677020e-08 2.136620116582882031e-08 1.830285476176693641e-08 1.568086263116299640e-08 1.343618286950301126e-08 1.151418118270164459e-08 9.868090726516467543e-09 8.458172527221637906e-09 7.250358991346679839e-09 6.215559212917275754e-09
2.339817776006500056e-03 1.735178034618952867e-03 1.417447775407670212e-03 1.176764573119791057e-03 1.109239433189652914e-03 1.185134215956251159e-03 1.336224387851022355e-03 1.403148910724025169e-03 1.322702059018791192e-03 1.121032486940098374e-03 9.054381218589776072e-04 8.072234478591744757e-04 8.445271879081868134e-04 8.421056339189350332e-04 8.212054147514395545e-04 7.622983032540798457e-04 6.720641715017922546e-04 5.648443207203298526e-04 5.278798844029850695e-04 4.981574076325607841e-04 4.384486835238728922e-04 3.602456458176749770e-04 2.876198596367989988e-04 2.301581016422805579e-04 1.871302288734204115e-04 1.538064999479590194e-04 1.263038230781243743e-04 1.039176034639285959e-04 8.497066523313118918e-05 6.898215185149674748e-05 5.532272932038257281e-05 4.449227814205338231e-05 3.564564492758451683e-05 2.870940645262175188e-05 2.333181740803979827e-05 1.872468030860098320e-05 1.571310872116687919e-05 1.383420216758168501e-05 1.244897032528282216e-05 1.131508317262158902e-05 1.009230922088790473e-05 9.158629793799435458e-06 8.503594365566458351e-06 8.032675051058134837e-06 7.830661817170264769e-06 8.321147238844565840e-06 9.142904594084571681e-06 1.006522289108480317e-05 1.031601297489485288e-05 1.012307038392364066e-05 9.546703691772344497e-06 8.723566491294766935e-06 7.849931029596676917e-06 6.891029144030679127e-06 5.914818866628616327e-06 5.109277237059148156e-06 3.897482572290417365e-06 2.983065386135366329e-06 2.349607720823355380e-06 1.949335593479813630e-06 1.661195888879597961e-06 1.428572919114504548e-06 1.238683575812866520e-06 1.112853609160948891e-06 1.114231275513183287e-06 1.184398808030244749e-06 1.204727617547091381e-06 1.092357016757202401e-06 9.892897763587251975e-07 8.944313386137218834e-07 7.842490730999215887e-07 6.718078958769098300e-07 5.747307967255476580e-07 4.911504538110993772e-07 4.194290952384055662e-07 3.579758959831623833e-07 3.054355929511022856e-07 2.605784355929972401e-07 2.223003806214447013e-07 1.896763657289008995e-07 1.618727038061123531e-07 1.381822013639068483e-07 1.179990570521413415e-07 1.007950104245078928e-07 8.613058804647708806e-08 7.362491339545415420e-08 6.295523758395855245e-08 5.384925000143920982e-08 4.607334905502287688e-08 3.943094885781311653e-08 3.375456398141247755e-08 2.890148208349368864e-08 2.475116301284160191e-08 2.120053734592326647e-08 1.816211512104469180e-08 1.556137195547948405e-08 1.333465369309853478e-08 1.142786767074168769e-08 9.794731789972757694e-09 8.395751297078230661e-09
3.279917380899049530e-03 2.435833782271368004e-03 1.991582762564416548e-03 1.654838253067362043e-03 1.559913615502121721e-03 1.666599137093544578e-03 1.880563972637215153e-03 1.981624814648342246e-03 1.873881943132895550e-03 1.590239234384376943e-03 1.284766056608623508e-03 1.145828936144614079e-03 1.199442732510007294e-03 1.195851371033238150e-03 1.165708990066535375e-03 1.081545819360688835e-03 9.530513538438052830e-04 8.007627087970194514e-04 7.481150785697809327e-04 7.056196621115487424e-04 6.206676950991971533e-04 5.097292702937653410e-04 4.069048466569296567e-04 3.256232611715186931e-04 2.647690391669495083e-04 2.176335876210844765e-04 1.787325181177871678e-04 1.470664104663429669e-04 1.202663872595761220e-04 9.765010415233870583e-05 7.832692418363331702e-05 6.300180822580618914e-05 5.048152174404285344e-05 4.066287664040688402e-05 3.304904794161444534e-05 2.652579111687614860e-05 2.226065309959191464e-05 1.959879534856336070e-05 1.763598038246604895e-05 1.602893155746992624e-05 1.429650448935489486e-05 1.297366621514201093e-05 1.204532521992453371e-05 1.137771053140638238e-05 1.109094869174399869e-05 1.178407593531783728e-05 1.294480129032058286e-05 1.424568390318678134e-05 1.459382846484578681e-05 1.431280693423996227e-05 1.348885184719226214e-05 1.231654634169667953e-05 1.107342128939388406e-05 9.710583313435041804e-06 8.324297304612530640e-06 7.179058590185354881e-06 5.476279170168086931e-06 4.191664841494388434e-06 3.300897314169080292e-06 2.739881187995988626e-06 2.337024795104863607e-06 2.011280111493964707e-06 1.745032188651175106e-06 1.568093530227656941e-06 1.568288400921362142e-06 1.662122839730670405e-06 1.684215817471062123e-06 1.522550997410628287e-06 1.373918711445969510e-06 1.236802738783946929e-06 1.080746509961737860e-06 9.236843529565757289e-07 7.884209668595638190e-07 6.722705384557378882e-07 5.728623400327656967e-07 4.879203774929247177e-07 4.154930950375852084e-07 3.538197461143697829e-07 3.013308258209132973e-07 2.567038123461107118e-07 2.187606935475110930e-07 1.865021549713375080e-07 1.590746975512493326e-07 1.357407523619044068e-07 1.158848079783565877e-07 9.897808207442315458e-08 8.457379415297835301e-08 7.229548280286591106e-08 6.182236035685157095e-08 5.288450837189626295e-08 4.525291794542551696e-08 3.873314483469906863e-08 3.316099317717670991e-08 2.839664585854182422e-08 2.432153157021365686e-08 2.083482542327361812e-08 1.785062013742478940e-08 1.529590820010686244e-08 1.310836220312276924e-08 1.123483650451872408e-08
4.580993143356472744e-03 3.408847865883741883e-03 2.790566532437679416e-03 2.321430851502256053e-03 2.188479572724459123e-03 2.338034738890112409e-03 2.640365369372009528e-03 2.793651241853020110e-03 2.652347220818385923e-03 2.255062082998512529e-03 1.822818153813789534e-03 1.626578611607210675e-03 1.704032856209359128e-03 1.698790103671463927e-03 1.655211708213522731e-03 1.534769048383983949e-03 1.351608483272954010e-03 1.135216784279382629e-03 1.060150758882970725e-03 9.992732025715387115e-04 8.783030469972071073e-04 7.209023793810392152e-04 5.753691416326913062e-04 4.604562045305794684e-04 3.744407477174664200e-04 3.078060525647858441e-04 2.528133460286905170e-04 2.080448266128730964e-04 1.701577795673966020e-04 1.381836966736578920e-04 1.108626706561274177e-04 8.918752675956466316e-05 7.147534047853166942e-05 5.758142507968217730e-05 4.680468873354101162e-05 3.757108461831082217e-05 3.153195622152471842e-05 2.776142743340605633e-05 2.498047124154449238e-05 2.270289575742540504e-05 2.024869886396245177e-05 1.837473403975434800e-05 1.705911378276840127e-05 1.611261373383821645e-05 1.570540122609185354e-05 1.668410818552036156e-05 1.832211614189801447e-05 2.015456141153968027e-05 2.063502112655536772e-05 2.022336590111829585e-05 1.904316394675366147e-05 1.737178916152659299e-05 1.560143209641946151e-05 1.366348546728865743e-05 1.169429530492596446e-05 1.006536067170808690e-05 7.677833822780923373e-06 5.877150337629567382e-06 4.627048050301104481e-06 3.842920117325564847e-06 3.281596483752079393e-06 2.826838999201849111e-06 2.454546014973883132e-06 2.206239863797010590e-06 2.203463827987510739e-06 2.326766088786465982e-06 2.346678747757036121e-06 2.113690608974011661e-06 1.899028536649809493e-06 1.700635886429834088e-06 1.480029375831196986e-06 1.261531572901679787e-06 1.073925567982691092e-06 9.133374735191046610e-07 7.763269036968260067e-07 6.596343471945199291e-07 5.604477127648785114e-07 4.762470742536714056e-07 4.048045428241195252e-07 3.442330562442446245e-07 2.928732578931208146e-07 2.493182387635833929e-07 2.123707644452302233e-07 1.810064188911752559e-07 1.543678633270491641e-07 1.317255820745743062e-07 1.124652493377152901e-07 9.607007603374621322e-08 8.210291715829884496e-08 7.019605904113589468e-08 6.003894506727074603e-08 5.136892300354703008e-08 4.396427297005080771e-08 3.763705209030691877e-08 3.222804621586141387e-08 2.760213114940468395e-08 2.364448669724034131e-08 2.025752991762008443e-08 1.735815717815679986e-08 1.487556942069541576e-08
6.368223952724759440e-03 4.751588740698448055e-03 3.896263217997960032e-03 3.246289074854677870e-03 3.061026662263501529e-03 3.269948442757571877e-03 3.695720381345154668e-03 3.928679468293568011e-03 3.748746567309065893e-03 3.195616506345987356e-03 2.585362680075441177e-03 2.308863985023266053e-03 2.421546548131332105e-03 2.414139531560981905e-03 2.351012005284054424e-03 2.178343434130227980e-03 1.916959302490964983e-03 1.609336949969489197e-03 1.502169478973097543e-03 1.414753032970188142e-03 1.242319361812525445e-03 1.018959727274785804e-03 8.130620663219347358e-04 6.507131153744659781e-04 5.292225522934193137e-04 4.350877391076226155e-04 3.574016058440382154e-04 2.941524979865137320e-04 2.406290762803318126e-04 1.954562181648891153e-04 1.568525692096841293e-04 1.262139412238637336e-04 1.011698587405483632e-04 8.151803678121986245e-05 6.627029011120078321e-05 5.320502297541589116e-05 4.465650619999390279e-05 3.931650999056823673e-05 3.537687900063647337e-05 3.214915424029239285e-05 2.867303068268157933e-05 2.601874568309220571e-05 2.415439183605301067e-05 2.281244890707344449e-05 2.223393043310341893e-05 2.361448883320512032e-05 2.592335825673657565e-05 2.850034509796315027e-05 2.915832948296831790e-05 2.855134803115365853e-05 2.685694433412398147e-05 2.447103541000485383e-05 2.194742039383861163e-05 1.919009816632338510e-05 1.639215714829489402e-05 1.407425649319493501e-05 1.073552512483947576e-05 8.218335858959633272e-06 6.468254201031823623e-06 5.376023685649095866e-06 4.597184752371599669e-06 3.964700967243464519e-06 3.445883367139569669e-06 3.098291110170780254e-06 3.089096771237059991e-06 3.247283458904408148e-06 3.256420111765406994e-06 2.920187807396715436e-06 2.609910191938372328e-06 2.322878741805477185e-06 2.011936991281874134e-06 1.709527365417803825e-06 1.450806083731580965e-06 1.230170846809744024e-06 1.042619955982465307e-06 8.834837132709877466e-07 7.487120181599085975e-07 6.347044818858682314e-07 5.383072588325809375e-07 4.568374546466669683e-07 3.879683754018373874e-07 3.297297534429380714e-07 2.804522986728530339e-07 2.387227885617256864e-07 2.033556217531540751e-07 1.733522089421596602e-07 1.478748018999096789e-07 1.262200556107133381e-07 1.077976598137414991e-07 9.211130766118960273e-08 7.874390003444689910e-08 6.734416578758632250e-08 5.761570641599778250e-08 4.930850079146818921e-08 4.221099628980934370e-08 3.614402477760367849e-08 3.095578460752072965e-08 2.651726073615604856e-08 2.271887195595726993e-08 1.946735175971248047e-08
8.800381840396193089e-03 6.589909317595329073e-03 5.415706575052562158e-03 4.521498209400723854e-03 4.265130824524692235e-03 4.555732270575948636e-03 5.152527346619513969e-03 5.506104391562712322e-03 5.286483073695477479e-03 4.522870633589912322e-03 3.664374191381534942e-03 3.276253291967347672e-03 3.441704806492566163e-03 3.431907088704941062e-03 3.340394981872929318e-03 3.092403085117899353e-03 2.718912889589071222e-03 2.281375429717448673e-03 2.128152599090288571e-03 2.002282156370788907e-03 1.756200143794845250e-03 1.439184141058038767e-03 1.148033578368138881e-03 9.188620628336575469e-04 7.474232313995269163e-04 6.145549983092140614e-04 5.049072179752130433e-04 4.156250787401335870e-04 3.400780492763793694e-04 2.763129070898088851e-04 2.218126551913859510e-04 1.785353103661521418e-04 1.431474303749120220e-04 1.153672436692792884e-04 9.380395426696049130e-05 7.532557644614820832e-05 6.322935059004556138e-05 5.566833629428390683e-05 5.008814321035297870e-05 4.551416173114008882e-05 4.059156415134996219e-05 3.683278264205924263e-05 3.419102009127257714e-05 3.228832224279004170e-05 3.146597345731721437e-05 3.341091010962642224e-05 3.666065298587139993e-05 4.027721596256184674e-05 4.116919913199874415e-05 4.026759975529472992e-05 3.782835019491253545e-05 3.441747686094434675e-05 3.081624425674387731e-05 2.689079875507608043e-05 2.291453840508435181e-05 1.961524940224394474e-05 1.496153956804758990e-05 1.145447686625339490e-05 9.011836193418192186e-06 7.496772402651935425e-06 6.421689690141255813e-06 5.546075018132040521e-06 4.826069051368706574e-06 4.340982677221913501e-06 4.318973253116296700e-06 4.515156085656017944e-06 4.496673798223690923e-06 4.011133125277732156e-06 3.562768026789358327e-06 3.148150154424000989e-06 2.711745417602388356e-06 2.295852679260479027e-06 1.941545720432476180e-06 1.640706628717535721e-06 1.386060270609738823e-06 1.170921980148514722e-06 9.894714300873338925e-07 8.365820575184796549e-07 7.078088171950692856e-07 5.993589382902833266e-07 5.079907632679954008e-07 4.309649705642433928e-07 3.659725678159496788e-07 3.110804253326259309e-07 2.646638366512855728e-07 2.253688274560593131e-07 1.920642112472089905e-07 1.638024825725440341e-07 1.397948667572035736e-07 1.193786664633695649e-07 1.019998267979476040e-07 8.719380931721909476e-08 7.456885810774972313e-08 6.379619880750984852e-08 5.459799927926021138e-08 4.673947945437155091e-08 4.002233083183945121e-08 3.427801392760095282e-08 2.936377546023032777e-08 2.515824021296500044e-08
1.207246834022315980e-02 9.082242682926290958e-03 7.485690071027651347e-03 6.266245955945942345e-03 5.914756610593427562e-03 6.316886079579388941e-03 7.148090829991621611e-03 7.681885670159074343e-03 7.430291431386284659e-03 6.388295606294790846e-03 5.187138682241073523e-03 4.645392183038592887e-03 4.891146013498035017e-03 4.879935822984573894e-03 4.747513187865805458e-03 4.390770901314503503e-03 3.856393046549804870e-03 3.233763991370099469e-03 3.014332801509532998e-03 2.832521497217391996e-03 2.480858876764824219e-03 2.030835047050607699e-03 1.619397977112382609e-03 1.296241055555957464e-03 1.054595249760077388e-03 8.672598398527752144e-04 7.126705023891328908e-04 5.867748817478469136e-04 4.802586442382693484e-04 3.903460596503272864e-04 3.134834904434974801e-04 2.524097755223650647e-04 2.024469541646862331e-04 1.632043607802580632e-04 1.327281591089484630e-04 1.066092301101701038e-04 8.950079049696818383e-05 7.879809316524216331e-05 7.089572981693575808e-05 6.441447781934978457e-05 5.744525964806151123e-05 5.212372007814633653e-05 4.838073902927623267e-05 4.568280033205543732e-05 4.451304983746026835e-05 4.724870628149068858e-05 5.181433784769657805e-05 5.687664692175808820e-05 5.806943254168113840e-05 5.671939286125549361e-05 5.319692455044028605e-05 4.831278207282059485e-05 4.316784028572336930e-05 3.757631531811730008e-05 3.192522702982243535e-05 2.722865415474051199e-05 2.076767948427487906e-05 1.590125509506968028e-05 1.250451859775770136e-05 1.041350698829904144e-05 8.938778138316480279e-06 7.733383941696486840e-06 6.739251072725443455e-06 6.064825356226376345e-06 6.018486968442311508e-06 6.249829421997009201e-06 6.172911666696498655e-06 5.472075930384011090e-06 4.825317331927111090e-06 4.228508704678336662e-06 3.619604334588486183e-06 3.052059569022576551e-06 2.570914504575093354e-06 2.164398957067060346e-06 1.821947112266737543e-06 1.534014379890423705e-06 1.292273791972092072e-06 1.089466731209511933e-06 9.193688500484396077e-07 7.766614396328560076e-07 6.568660636128537920e-07 5.562096478655506944e-07 4.715302630402845583e-07 4.002106755817762899e-07 3.400488624127210706e-07 2.892293963895762167e-07 2.462423090653506812e-07 2.098261411358386714e-07 1.789394111474512246e-07 1.527079190915266917e-07 1.304046532317360058e-07 1.114228420876062756e-07 9.525112116053285980e-08 8.146256512221949892e-08 6.969688797293165534e-08 5.965032962512006631e-08 5.106712498265367854e-08 4.372991142140188556e-08 3.745510842772853180e-08 3.208679386993561791e-08
1.641463513576723113e-02 1.242165935316362838e-02 1.027623245608562559e-02 8.631094058961671228e-03 8.154987705178716462e-03 8.708096034269646388e-03 9.856283963160803255e-03 1.065428110841920052e-02 1.039434783866866746e-02 8.994347611888742558e-03 7.327062865104688912e-03 6.577047454336753911e-03 6.947021641382183747e-03 6.938871436521223783e-03 6.748449129760456834e-03 6.234816241841516227e-03 5.469354095564580610e-03 4.582981002761248555e-03 4.268189808743947170e-03 4.004659956910055357e-03 3.501362124326412063e-03 2.862426900405162268e-03 2.281478230150853648e-03 1.826384116713558430e-03 1.486261553098909777e-03 1.222486740995840917e-03 1.004832362038173737e-03 8.275444320924411901e-04 6.775684572704641440e-04 5.509573876534716369e-04 4.426987705888564464e-04 3.566095463177193893e-04 2.861417882267035901e-04 2.307570310023057843e-04 1.877167746425284164e-04 1.508252251619754836e-04 1.266416530863487635e-04 1.114974219678648991e-04 1.003093375298686970e-04 9.112643340328992225e-05 8.126282596679706917e-05 7.373118560710339281e-05 6.842859759301070984e-05 6.460277314009375089e-05 6.293746453674150892e-05 6.677757035818235624e-05 7.317711582874890299e-05 8.023989426743601049e-05 8.180527599278830924e-05 7.976644674470922763e-05 7.466200508336875508e-05 6.765578521143114242e-05 6.029679080653875615e-05 5.232863761525693015e-05 4.429899022324244829e-05 3.761544747484391326e-05 2.868798924745641701e-05 2.196816186013500279e-05 1.726564085490356953e-05 1.439712518493611166e-05 1.238941981192378630e-05 1.074132104143105545e-05 9.377161810611149453e-06 8.443774698918049738e-06 8.352928878013955754e-06 8.604268412051942723e-06 8.415424084077506529e-06 7.405829739265990245e-06 6.476362896151915811e-06 5.622327072877072435e-06 4.779275454801315434e-06 4.011904846635840186e-06 3.364937670322080704e-06 2.821335736015812015e-06 2.365818858513056622e-06 1.984826327167091155e-06 1.666530619873318977e-06 1.400738623925379911e-06 1.178811491896785453e-06 9.933693591675962796e-07 8.382905810563016588e-07 7.084377482639526118e-07 5.995329064656175868e-07 5.080750432368346990e-07 4.311177310821454006e-07 3.662575648594534709e-07 3.115048088037203153e-07 2.652019768373054491e-07 2.259917687970890608e-07 1.927361803582951788e-07 1.644938180747883691e-07 1.404825678609322738e-07 1.200437967856224107e-07 1.026304636227877890e-07 8.778156021660397021e-08 7.510930236624648305e-08 6.428820386683441518e-08 5.504166881030353817e-08 4.713675636481028977e-08 4.037583372557910986e-08
2.208547374545807504e-02 1.683426796202808912e-02 1.399160844632361955e-02 1.180071976402509264e-02 1.116572801731011318e-02 1.192130738979281165e-02 1.349121703369408030e-02 1.466702143621816806e-02 1.444762354802408243e-02 1.260383008652835729e-02 1.031506215846477240e-02 9.288606574177680694e-03 9.853474254507289462e-03 9.861495268826011434e-03 9.591424912148606083e-03 8.852397508191179806e-03 7.755187932656791398e-03 6.493201384331897565e-03 6.040881316029575454e-03 5.657503345130676133e-03 4.936044487535659955e-03 4.028818216431374541e-03 3.209348838442987670e-03 2.569470602112444452e-03 2.091569438928834405e-03 1.720781100528443646e-03 1.414849097723789922e-03 1.165600282781179475e-03 9.547899325812026329e-04 7.768010249460661869e-04 6.245714294704503939e-04 5.033951257036099703e-04 4.041359767789468624e-04 3.260572685228942265e-04 2.653316972910774152e-04 2.132727001610936000e-04 1.791129332954485083e-04 1.576938912017385012e-04 1.418589630107608662e-04 1.288499388990796304e-04 1.148954621847708192e-04 1.042401070863265461e-04 9.672926051078582375e-05 9.130359935562433840e-05 8.893038349251736825e-05 9.430719236859372778e-05 1.032512766328651520e-04 1.130643717892383800e-04 1.150648844564745388e-04 1.119589966375999097e-04 1.045342507807473230e-04 9.446543405917805670e-05 8.392821283773150231e-05 7.257129278108882245e-05 6.116918716665471648e-05 5.166679582330681346e-05 3.940101949107996485e-05 3.017558517291108852e-05 2.369990368416370532e-05 1.979282673825824579e-05 1.708403501478501107e-05 1.484897536358971380e-05 1.299094889839905895e-05 1.170627267444671313e-05 1.153644474049674869e-05 1.176985079573878392e-05 1.138038430955983718e-05 9.931724044125972119e-06 8.604036502416601058e-06 7.392199072076728639e-06 6.236234172132638985e-06 5.209759796303499456e-06 4.349600935882379991e-06 3.631207202595308874e-06 3.032645048710209939e-06 2.534798210584077847e-06 2.121037635214836292e-06 1.777205628443926989e-06 1.491447678236244449e-06 1.253656885522459815e-06 1.055571325974718039e-06 8.902897225396254843e-07 7.521039653644836255e-07 6.363939332205451144e-07 5.392732212514081884e-07 4.576040733896789097e-07 3.888010435633533140e-07 3.307169591477017072e-07 2.816073257282314175e-07 2.400114006085805592e-07 2.047270315584574619e-07 1.747599025776489941e-07 1.492733876259929138e-07 1.275760755514315887e-07 1.090861101878333183e-07 9.331516032308061081e-08 7.985460076743317253e-08 6.835721953380913157e-08 5.853141800904576665e-08 5.013005904867129583e-08
2.935815170330412921e-02 2.257226774041837594e-02 1.886738743210512534e-02 1.599376592119283735e-02 1.516318811526015664e-02 1.618761138407184483e-02 1.830807084753531891e-02 2.000787805067742037e-02 1.991323074840933849e-02 1.754465638958934218e-02 1.444895818525463588e-02 1.306599717792518954e-02 1.393916774378488495e-02 1.399561984664924978e-02 1.362239790970122197e-02 1.256277501927023470e-02 1.099072069702438682e-02 9.194827113412903236e-03 8.544166983775604990e-03 7.984470308172311043e-03 6.948705067440165764e-03 5.660605615790124598e-03 4.506147383671180173e-03 3.608194597961408151e-03 2.938119581366553310e-03 2.417957833294480819e-03 1.988828796058868774e-03 1.639118132233848175e-03 1.343416084576164486e-03 1.093721363172919878e-03 8.800971469794094783e-04 7.098400375961516628e-04 5.702529346237634068e-04 4.603371488021967004e-04 3.747625949295157002e-04 3.013857807056263827e-04 2.531785548130237643e-04 2.229025306002946870e-04 2.004998062250598091e-04 1.820736139942937112e-04 1.623415573605330620e-04 1.472745430894991259e-04 1.366380088605503298e-04 1.289428450743355687e-04 1.255566819635177227e-04 1.330611993937816156e-04 1.455160484377453721e-04 1.590795884849220199e-04 1.615374165623469625e-04 1.567659884029810240e-04 1.459241829305048038e-04 1.314284493335334642e-04 1.163278575452275090e-04 1.001452274457754273e-04 8.397467853080080682e-05 7.048881326449134765e-05 5.374825412992246290e-05 4.116887898895177052e-05 3.230744529164414157e-05 2.702998749424173402e-05 2.341380166436635390e-05 2.041189934429097564e-05 1.790352645855912796e-05 1.614694349971706916e-05 1.584073806604246391e-05 1.597947562231307009e-05 1.524855231966085123e-05 1.318285463559073295e-05 1.130262069030505414e-05 9.602087878446917673e-06 8.035436460830351358e-06 6.678895681798729643e-06 5.549568567179544084e-06 4.612368864342497570e-06 3.836155639163752139e-06 3.194274109296368839e-06 2.663649828650736996e-06 2.224883902588744141e-06 1.861930023036983869e-06 1.561154873676952617e-06 1.311568585302650735e-06 1.104039231336900838e-06 9.310657054758747260e-07 7.866399546006910966e-07 6.657138054452512683e-07 5.642507344762350127e-07 4.789402169294932609e-07 4.070414625048212407e-07 3.463441318371276047e-07 2.950000273728869055e-07 2.514955672885941392e-07 2.145841364424227532e-07 1.832177606339927223e-07 1.565344424603305431e-07 1.338097649581329081e-07 1.144370658998596709e-07 9.791017962922851853e-08 8.379906811521259099e-08 7.174352680538916617e-08 6.143858467082863867e-08
3.849898749594733716e-02 2.990037591716911136e-02 2.516198316017313752e-02 2.145829098029149520e-02 2.039774090548503518e-02 2.177553922785077298e-02 2.459965382784731411e-02 2.700068596801009566e-02 2.715819055052318826e-02 2.420512133554778011e-02 2.009646287093092357e-02 1.827098075233829499e-02 1.963122092241625233e-02 1.980689593027416470e-02 1.931409809122567808e-02 1.780708518815659475e-02 1.556028659825894021e-02 1.300880051322872086e-02 1.207285952401896192e-02 1.125343811820387653e-02 9.764622181364635695e-03 7.936358268430952073e-03 6.312556790542110489e-03 5.055377868553923883e-03 4.118242349130979592e-03 3.390319445424592321e-03 2.789884969377179943e-03 2.300427497414090673e-03 1.886708934789777447e-03 1.537318253999324803e-03 1.238294826717185187e-03 9.996121863127204431e-04 8.037097069080819832e-04 6.492489284929410086e-04 5.288391060185450949e-04 4.255658977840858252e-04 3.576126429638589030e-04 3.148487487845436517e-04 2.831703855189196995e-04 2.570770409387710688e-04 2.291929866222142630e-04 2.079012593334991202e-04 1.928423081675574525e-04 1.819273717490961278e-04 1.770889674884423024e-04 1.875213498498422477e-04 2.047858512524076188e-04 2.234105209435820584e-04 2.262461247668165769e-04 2.188596546844327642e-04 2.029683972982091280e-04 1.820682416186422952e-04 1.604203667352272411e-04 1.373831238788815814e-04 1.144990849569800116e-04 9.541673642712297310e-05 7.274413634593341119e-05 5.572579967801980622e-05 4.368835621249085219e-05 3.662766036535284778e-05 3.185892971449428695e-05 2.787226165524888652e-05 2.452091064412775481e-05 2.213759580694830490e-05 2.160204712967497365e-05 2.150755298102554242e-05 2.022100942422089636e-05 1.730128691142764609e-05 1.466832188815967377e-05 1.231427439217190476e-05 1.021928811415496681e-05 8.450098457163829311e-06 6.987280921387714650e-06 5.781285599456001020e-06 4.788525765920800360e-06 3.972347078938598009e-06 3.301230085544222499e-06 2.749010072567186358e-06 2.294301389012775857e-06 1.919018292398745034e-06 1.608770975010854742e-06 1.351668940603932267e-06 1.138011806081440309e-06 9.601051843076890452e-07 8.114946490045314663e-07 6.870649351755064120e-07 5.826395857976596728e-07 4.947715498937326630e-07 4.206997971446287118e-07 3.581190705617925323e-07 3.051500449287789888e-07 2.602509478047152459e-07 2.221268680517039354e-07 1.897173210028549548e-07 1.621322533279232503e-07 1.386277998272936131e-07 1.185849963113427736e-07 1.014780503513416961e-07 8.686763224447797726e-08 7.438213583013188441e-08
4.973980845065154727e-02 3.907537174495676752e-02 3.314173902554387596e-02 2.846149171683606816e-02 2.714671603709680955e-02 2.898432345953314004e-02 3.268742654847763690e-02 3.598972413977117452e-02 3.657112883867598419e-02 3.301454378640204107e-02 2.768577988663728506e-02 2.533757834763636016e-02 2.745697141627058066e-02 2.789282508670122215e-02 2.729180959854049168e-02 2.518054368818304842e-02 2.198833032941884327e-02 1.837655360385635761e-02 1.703324783369535370e-02 1.583205877435104117e-02 1.369097693656176618e-02 1.109817561935831642e-02 8.818842083986467434e-03 7.063643427197327518e-03 5.756992957275003896e-03 4.741313524341442265e-03 3.903704540072352753e-03 3.220686483068595490e-03 2.643644275157020548e-03 2.156281929321621736e-03 1.739018481948547854e-03 1.405335698205339859e-03 1.131089114103436171e-03 9.145096109575212096e-04 7.454029325718163632e-04 6.003176356483748161e-04 5.046681709159541330e-04 4.443216624217519628e-04 3.995563040040406582e-04 3.626163184351783035e-04 3.232437001302450883e-04 2.931795722719103808e-04 2.718669333558909498e-04 2.563837983750341079e-04 2.494587977679203913e-04 2.638887272697906057e-04 2.876834545803671670e-04 3.130470489329635836e-04 3.159656428319235167e-04 3.044582171556203267e-04 2.810883169825936323e-04 2.509257597691867876e-04 2.199045559421460385e-04 1.871713619952108259e-04 1.548936042508885515e-04 1.280125839156975528e-04 9.757297878903005775e-05 7.475349378130481952e-05 5.853862440340374529e-05 4.919291236212522720e-05 4.299116622676526486e-05 3.776454636968483951e-05 3.334026643879017538e-05 3.013547900404217567e-05 2.922444663374248891e-05 2.866568673746591248e-05 2.651196437399157304e-05 2.243184105453014114e-05 1.879488172397851461e-05 1.558695067315438797e-05 1.282646911800467131e-05 1.055109777954921719e-05 8.682777339362423555e-06 7.152594063520037666e-06 5.900571973455955049e-06 4.877118883816613728e-06 4.039929011925301707e-06 3.354315771202300632e-06 2.792250319927979887e-06 2.330156470722575016e-06 1.949498712942896450e-06 1.635047556802029394e-06 1.374460186886554367e-06 1.158032308390902590e-06 9.776397337025947672e-07 8.268952862477854323e-07 7.006059546958543072e-07 5.944983710741277739e-07 5.051705847613541525e-07 4.297864319278715579e-07 3.660433132290579994e-07 3.120589603530395629e-07 2.662539290567314117e-07 2.273397945561205304e-07 1.942365296645415843e-07 1.660431750835417473e-07 1.420118927477848726e-07 1.215075233017441538e-07 1.040005386876235677e-07 8.904343590138230184e-08
6.324739694406783519e-02 5.032002304942061882e-02 4.305959912801225753e-02 3.727298828147146414e-02 3.570100857124267058e-02 3.813092624367480504e-02 4.290621958797911223e-02 4.731687835325108782e-02 4.852828571907280564e-02 4.440637697172491322e-02 3.767802981153647868e-02 3.475033422291981533e-02 3.802148618926878137e-02 3.897255949471147701e-02 3.834113985457234669e-02 3.545560500112444197e-02 3.097020971230613276e-02 2.589255015599220555e-02 2.397601362600911001e-02 2.221796466611658874e-02 1.914164900516283213e-02 1.547077116545039419e-02 1.227969597323285388e-02 9.837396219017970414e-03 8.022093103894409674e-03 6.609826861847301928e-03 5.445500215622641957e-03 4.495734048938181994e-03 3.693879789471610654e-03 3.016632188851658264e-03 2.436577628800797989e-03 1.971667227856405049e-03 1.588937554912949910e-03 1.286088238325001779e-03 1.049145981169819029e-03 8.457834467128591029e-04 7.113917859823561509e-04 6.263328416967250739e-04 5.631260868300413686e-04 5.108508459275546516e-04 4.553114713976126409e-04 4.129029557604250522e-04 3.827533934153435420e-04 3.607889760839384091e-04 3.508587927014353161e-04 3.706929136885495643e-04 4.032536920162168009e-04 4.374360205768223413e-04 4.397279105527776002e-04 4.217203937690671518e-04 3.872678776983257522e-04 3.437357161970689507e-04 2.993496100579227676e-04 2.529865974376599110e-04 2.076749597865056474e-04 1.700427387776970813e-04 1.295697874623121058e-04 9.927245747801045114e-05 7.763553093456348315e-05 6.540981938063766387e-05 5.746789144374327601e-05 5.071399609958167750e-05 4.495189460549784582e-05 4.068620951903221996e-05 3.917741070948845352e-05 3.779360097379776037e-05 3.433971376157500863e-05 2.871587374735293444e-05 2.377032479290187771e-05 1.947336676686336175e-05 1.589217328087965528e-05 1.300716000417832746e-05 1.065444413035398587e-05 8.739882295729671239e-06 7.182494416106120014e-06 5.916370282065252237e-06 4.885770944729570161e-06 4.045529401147932491e-06 3.359534906926897112e-06 2.797588209220068915e-06 2.336199703749917711e-06 1.956176130216606258e-06 1.642057768563375197e-06 1.381784967810118875e-06 1.165283763664106396e-06 9.846900601570918066e-07 8.336347473362611699e-07 7.068912186959506154e-07 6.003212054279200343e-07 5.104796849851789595e-07 4.345800564317966002e-07 3.703516921878145487e-07 3.158909653729839818e-07 2.696504251838211205e-07 2.303343949166530233e-07 1.968638351835229416e-07 1.683450646516008042e-07 1.440191964954303752e-07 1.232548150580931904e-07 1.055187437695210690e-07
7.909484540369847438e-02 6.379434086983991337e-02 5.512880667650345984e-02 4.814200379865739288e-02 4.634504961154939373e-02 4.953017050007186423e-02 5.558254734107529599e-02 6.129373952437629225e-02 6.335231380996121653e-02 5.876620548396419702e-02 5.051922834839904508e-02 4.699928172598062670e-02 5.194918081349177152e-02 5.383219523833256831e-02 5.337327653826055146e-02 4.957442961395797099e-02 4.338600635229904884e-02 3.633022260779796009e-02 3.362761562019855877e-02 3.107024058391163329e-02 2.666466989117109374e-02 2.148349487298621338e-02 1.703177600050707549e-02 1.364716136716603162e-02 1.113592985668469294e-02 9.180232412113320875e-03 7.568451787921016971e-03 6.253209374537227645e-03 5.143834786160995584e-03 4.206960180246832257e-03 3.404283549731020823e-03 2.759214660015640516e-03 2.227121337585236116e-03 1.805066742912766597e-03 1.474036690471335021e-03 1.189791624030572597e-03 1.001388801365647426e-03 8.816727138206005131e-04 7.925204408992542887e-04 7.185813732153513477e-04 6.403339832458972277e-04 5.805868781875820218e-04 5.379618457571576622e-04 5.068030718880700471e-04 4.925340015034551135e-04 5.195824630661321922e-04 5.637418093723215329e-04 6.092059239047041856e-04 6.094106759560364867e-04 5.811737090198688992e-04 5.303265609842766279e-04 4.675752089955848034e-04 4.042538448580870617e-04 3.388956286984215298e-04 2.756945578113684865e-04 2.234377357134961425e-04 1.701864324035145919e-04 1.303881796962907242e-04 1.018131442844487779e-04 8.601892437681566751e-05 7.601643425871606205e-05 6.742566890343574604e-05 6.003259648878037666e-05 5.441884260713737676e-05 5.198621170270755615e-05 4.924628812791057101e-05 4.391800865112360205e-05 3.628705073751194984e-05 2.967620272736452315e-05 2.402319749371807888e-05 1.945002988592451360e-05 1.584293309048076482e-05 1.292067120612703521e-05 1.055711610051836687e-05 8.645072030601170629e-06 7.098544706491917832e-06 5.845454474222816258e-06 4.828023274595829784e-06 4.000504367633492898e-06 3.324861844991254071e-06 2.771788278060780881e-06 2.317461908686090057e-06 1.942802582406802504e-06 1.633028653595546049e-06 1.375820096526578015e-06 1.161618687808869398e-06 9.827102298606613632e-07 8.327805340812388255e-07 7.068538405037652351e-07 6.007936774931273015e-07 5.112650243166422505e-07 4.355580653974188980e-07 3.714029170008141547e-07 3.169600559705817437e-07 2.706908659901519867e-07 2.313159114532450798e-07 1.977776027133149509e-07 1.691780483659392204e-07 1.447714954317139944e-07 1.239286798446059309e-07
9.724013040110840445e-02 7.956844613539432176e-02 6.949452523950859495e-02 6.127008782051400482e-02 5.933069231917806330e-02 6.346811856209477742e-02 7.100712359086044922e-02 7.817194201864556546e-02 8.127181924078691333e-02 7.637406791498796421e-02 6.657684514388700903e-02 6.251341425000947472e-02 6.978682550038009524e-02 7.320974829263299233e-02 7.331887926179070369e-02 6.857786696402780324e-02 6.026978295899578647e-02 5.064174884511152275e-02 4.690547019274859952e-02 4.323227788571650659e-02 3.696694324763858536e-02 2.969287361711878820e-02 2.351292968915527290e-02 1.884587670954604444e-02 1.538947269743308303e-02 1.269415389645510948e-02 1.047363066626033623e-02 8.660933413977051423e-03 7.133884475563147080e-03 5.844698366369431054e-03 4.739986071679385370e-03 3.849393264837630124e-03 3.113059798298604356e-03 2.527304667439440704e-03 2.066464298050648893e-03 1.670547178287501607e-03 1.407160124004107511e-03 1.238973199717723463e-03 1.113390207203510118e-03 1.008879843434153318e-03 8.988090617184244045e-04 8.147646091905116688e-04 7.545491607759494948e-04 7.103514802026236665e-04 6.898028008585741118e-04 7.263285054273046527e-04 7.855537137991167431e-04 8.450215669779094453e-04 8.403873246722098553e-04 7.961452824659832764e-04 7.211563177828301391e-04 6.309604530204351467e-04 5.410522758207406873e-04 4.495158321964176206e-04 3.620849416987441415e-04 2.902456455211906562e-04 2.209515237385816845e-04 1.692564694347533380e-04 1.319326842892835992e-04 1.117903919865989809e-04 9.941000256827968039e-05 8.866405686723419178e-05 7.932929805970843744e-05 7.203172228994282394e-05 6.821543164066899126e-05 6.338023651941247381e-05 5.545088900053951039e-05 4.527114251101483055e-05 3.659030362753573889e-05 2.928632442439144183e-05 2.353560386636553608e-05 1.908536063798284334e-05 1.550221412478409118e-05 1.262051958162799478e-05 1.030114225231209934e-05 8.433904814129550872e-06 6.927253515132463016e-06 5.708515282716816684e-06 4.720646563736064631e-06 3.916483808963797529e-06 3.259982172897647656e-06 2.721984717326204548e-06 2.279255501589267032e-06 1.913900068548048780e-06 1.611037010866816578e-06 1.359182054306012845e-06 1.149095314301415703e-06 9.732314171974454896e-07 8.256686359975605812e-07 7.014905513263643395e-07 5.967445715158510520e-07 5.082270459409362041e-07 4.332566307042998034e-07 3.696661499762221021e-07 3.156446700840292542e-07 2.696883231798930489e-07 2.305561305029752167e-07 1.971947353460067169e-07 1.687306167371475886e-07 1.444271881088635535e-07
1.175164773697165432e-01 9.760189746560081481e-02 8.620743368059270717e-02 7.678237354413654236e-02 7.484681404747839384e-02 8.016989461018352026e-02 8.940281491243660950e-02 9.811499139308922646e-02 1.023902474600726781e-01 9.735558902651687829e-02 8.607463505075833854e-02 8.158500548949193520e-02 9.188384113968921241e-02 9.762602721812786710e-02 9.893614644747890374e-02 9.343852110684493228e-02 8.269736607685611307e-02 6.989975236281681381e-02 6.488956174607546368e-02 5.972567832512901825e-02 5.092406653299305641e-02 4.079955931854029744e-02 3.228020376254119028e-02 2.588574836335435711e-02 2.115744833148305165e-02 1.746363747872932068e-02 1.442123794161124205e-02 1.193642596226767057e-02 9.846560228150082889e-03 8.083338602849007501e-03 6.572575252787723685e-03 5.350245928884810216e-03 4.336908999714342121e-03 3.528015174740113235e-03 2.889222163555848870e-03 2.340100746954530252e-03 1.973144894339551227e-03 1.737396976871184847e-03 1.560787983941350167e-03 1.413197408223977125e-03 1.258653043658087547e-03 1.140655751318647021e-03 1.055677860487503825e-03 9.930007242354393741e-04 9.633444797096746368e-04 1.012065761646991063e-03 1.090401708129419426e-03 1.166547736164616662e-03 1.152199859084297208e-03 1.083154358247923315e-03 9.728919337349740308e-04 8.438773483244659890e-04 7.170749593334342512e-04 5.899506815272630112e-04 4.702044834812393642e-04 3.726006585754048804e-04 2.834401480284910865e-04 2.170545230507954103e-04 1.688571195025468145e-04 1.434982580392270442e-04 1.284406079653759697e-04 1.152267485387431669e-04 1.036347752901486263e-04 9.427032246775947561e-05 8.844857943828538893e-05 8.054328468891034916e-05 6.913401797023880117e-05 5.579124802004109773e-05 4.459308883494195056e-05 3.531874390028205511e-05 2.819109995882106484e-05 2.276732993247199583e-05 1.842498588682216028e-05 1.495069450194124262e-05 1.216720271136214675e-05 9.935741798738764998e-06 8.141931411279699219e-06 6.695761835574888948e-06 5.527115813058695640e-06 4.578322730783057330e-06 3.805613867828427068e-06 3.173738428940289003e-06 2.654728769497828617e-06 2.227155416388791604e-06 1.873235141837934768e-06 1.579306145389745710e-06 1.334406750059393962e-06 1.129604379834528895e-06 9.579131006961381056e-07 8.135401379236493388e-07 6.918398663312384512e-07 5.890550841314838820e-07 5.020436345653197562e-07 4.282717710189195677e-07 3.656241224111884233e-07 3.123461027170785147e-07 2.669920214427003500e-07 2.283350582583772211e-07 1.953592260662876819e-07 1.672083229854126678e-07
1.396373497085599269e-01 1.177339275511380956e-01 1.052039149477416724e-01 9.470145840114654878e-02 9.298780844622937802e-02 9.976445420093843497e-02 1.108899345552094157e-01 1.211736001840071353e-01 1.266695493958304164e-01 1.216555000418911014e-01 1.090443026430894385e-01 1.043059757479402327e-01 1.182865311969391875e-01 1.272053933097116452e-01 1.305625086404708646e-01 1.247957679599208669e-01 1.115653923835800421e-01 9.514439916150707610e-02 8.871191765576762200e-02 8.168229966328088842e-02 6.955314147711333383e-02 5.564728724768655543e-02 4.402012003922822075e-02 3.533226462832683712e-02 2.891302151820103819e-02 2.388487287986919630e-02 1.974272127774957461e-02 1.635729140659895192e-02 1.351553813420547021e-02 1.112040549112820916e-02 9.069307111909537603e-03 7.403151969763345323e-03 6.017690225963490125e-03 4.907306595007946727e-03 4.026418060989109954e-03 3.268718825010725419e-03 2.759602937181246125e-03 2.430076263377623294e-03 2.182219801498976562e-03 1.974034562926890377e-03 1.757547679825108029e-03 1.592268008936012719e-03 1.472504584423589297e-03 1.383665321191436147e-03 1.340780322532662003e-03 1.404780150822191329e-03 1.506619146329003659e-03 1.601480533353357967e-03 1.569206209806075364e-03 1.462230480554452912e-03 1.301003535271830994e-03 1.117758959968393785e-03 9.404868208244400278e-04 7.657389937029896506e-04 6.036172018525970059e-04 4.727359244566481204e-04 3.592753165616301451e-04 2.749743092930331746e-04 2.134426059353357276e-04 1.819065597326200519e-04 1.638984104248457157e-04 1.479198576735431259e-04 1.337614226632869742e-04 1.219020551720749023e-04 1.132698652455190207e-04 1.010733172188012479e-04 8.516455043025318854e-05 6.797879927410331526e-05 5.377743102856734076e-05 4.219004999483491950e-05 3.347084888998195894e-05 2.693174832632267823e-05 2.172306861416262215e-05 1.757484067655678485e-05 1.426504833523841130e-05 1.162158551213417997e-05 9.503638730216491077e-06 7.801227015399863298e-06 6.429234590196845064e-06 5.317987758405187960e-06 4.414917728672540567e-06 3.677850364260134742e-06 3.073454731501631644e-06 2.576301107586362899e-06 2.165329408617599460e-06 1.824422079917424984e-06 1.540678403274570845e-06 1.303605705314448430e-06 1.105022453611370417e-06 9.381524868045724411e-07 7.975732724441918316e-07 6.789076374882567241e-07 5.784977896825504502e-07 4.934001340427091688e-07 4.211591758484416878e-07 3.597404158168439921e-07 3.074697646136864650e-07 2.629269705598917489e-07 2.249372698820043908e-07 1.925112119888762312e-07
1.632165880160632299e-01 1.396877144336249321e-01 1.262972766662490420e-01 1.149286313081170491e-01 1.137254954029414955e-01 1.222503960476157003e-01 1.354518113815181835e-01 1.472650054803832376e-01 1.539284433053548506e-01 1.490393914166045497e-01 1.353089777360051149e-01 1.305376229976271396e-01 1.486898512961244423e-01 1.615615933607559562e-01 1.678998583559744295e-01 1.626583329287973889e-01 1.472822785114323851e-01 1.271212892662963168e-01 1.193312819338587377e-01 1.101764960119270692e-01 9.391714996198544108e-02 7.518318318251493437e-02 5.953893825738650752e-02 4.786831174058977373e-02 3.923805484507785629e-02 3.245044943753489647e-02 2.685279972204622154e-02 2.227200080427807483e-02 1.843511390960689972e-02 1.520591893083248804e-02 1.244371162221027949e-02 1.019023808780300175e-02 8.310252964799823977e-03 6.796661307938382107e-03 5.589338008890191653e-03 4.550243148866096356e-03 3.847454174516192014e-03 3.388412880283546511e-03 3.041453001021451538e-03 2.748244183484194799e-03 2.445832447742195964e-03 2.214979269626071202e-03 2.046482043405842798e-03 1.920666313117256642e-03 1.858557089946823258e-03 1.941031039411730786e-03 2.070606190166593419e-03 2.184593834035693238e-03 2.121163178219042517e-03 1.957153426181254020e-03 1.723345459425372787e-03 1.465469267471452381e-03 1.220277656239079651e-03 9.828810894414227034e-04 7.661555923336604455e-04 5.930707964189783042e-04 4.501837450594237122e-04 3.442555617150250963e-04 2.665595557796118743e-04 2.277790534544900771e-04 2.065692729707806707e-04 1.875463227941067887e-04 1.705229848075228479e-04 1.556968946068655916e-04 1.432563569387090027e-04 1.253101448331406026e-04 1.037600211041196684e-04 8.198973960051412363e-05 6.426090244725109451e-05 4.999202034879217550e-05 3.944734042522770413e-05 3.163592918663256885e-05 2.544190140631752439e-05 2.052907793072883191e-05 1.662346794504576290e-05 1.351444982793727007e-05 1.103083184846426959e-05 9.039763563291343233e-06 7.439001240210485675e-06 6.145209036390200343e-06 5.095816704725862357e-06 4.240798501357261218e-06 3.540751258166784230e-06 2.965720474733311768e-06 2.490946605465394756e-06 2.097541698445395010e-06 1.770420151518022016e-06 1.497333600762727292e-06 1.268756013514842537e-06 1.076806729571417490e-06 9.151913803415721848e-07 7.788376605151323908e-07 6.635102190345357474e-07 5.658067276126950300e-07 4.828913180063080874e-07 4.124166826955887677e-07 3.524536613243231469e-07 3.013661245968673513e-07 2.578022064487577915e-07 2.206239060506041378e-07
1.878016826838463382e-01 1.630897188427553046e-01 1.491833967499274216e-01 1.372371145201480291e-01 1.368900466710637198e-01 1.474686692250365694e-01 1.629052866426050350e-01 1.761561909848636531e-01 1.838500979176183603e-01 1.791187971416973446e-01 1.645017886793234130e-01 1.599236118306612831e-01 1.824716567411434620e-01 1.998148641934634762e-01 2.099515191054582286e-01 2.062114261410516458e-01 1.894740465375143179e-01 1.659589643182682317e-01 1.572052789489408742e-01 1.459415620392270074e-01 1.249320772445902811e-01 1.003530168543481510e-01 7.971388355473404963e-02 6.427590515031098017e-02 5.282120978115855542e-02 4.375580351858794625e-02 3.625921262404330908e-02 3.011010704959640391e-02 2.496973382651424336e-02 2.065106871281774739e-02 1.696380885965439317e-02 1.394223821784109502e-02 1.141286958536958003e-02 9.366233187031449206e-03 7.723211400590873632e-03 6.308469297888500034e-03 5.344157297811325501e-03 4.707326940308513737e-03 4.223156108629471349e-03 3.811017198762812509e-03 3.389978362736399600e-03 3.068626998047202688e-03 2.832088165050216950e-03 2.654141632015105667e-03 2.564121122709681760e-03 2.667877212626781121e-03 2.828360442426011874e-03 2.958765664644358567e-03 2.843756291412420038e-03 2.595682335546751606e-03 2.260268490663687371e-03 1.901410494383607916e-03 1.566407521809946943e-03 1.248020717968475763e-03 9.621153469045941754e-04 7.363967722136018209e-04 5.581238778447017651e-04 4.262719900049723003e-04 3.291529193593015061e-04 2.819219703510793544e-04 2.572616320711716090e-04 2.349190017503685320e-04 2.147362502012683529e-04 1.964249867980423156e-04 1.789888332979085281e-04 1.536227787666202696e-04 1.251854303518206823e-04 9.802489823235124606e-05 7.620005728934882460e-05 5.884821112009739334e-05 4.621790693996953082e-05 3.695643707686732378e-05 2.964180535229375064e-05 2.386102252492372657e-05 1.928013616574287761e-05 1.564422898094344367e-05 1.274730837717856652e-05 1.043038404428987442e-05 8.571666876511640235e-06 7.072270912702582885e-06 5.858248884869972253e-06 4.870658547220060314e-06 4.063209332679184777e-06 3.400816753960181947e-06 2.854534788565839114e-06 2.402341584655618674e-06 2.026682702137749734e-06 1.713328421213211368e-06 1.451236305314736963e-06 1.231281681828224059e-06 1.046189079029295396e-06 8.901046449508620021e-07 7.581444505233769799e-07 6.463914257039629290e-07 5.515833130274897864e-07 4.710224564606470170e-07 4.024942315301162003e-07 3.441211077376307334e-07 2.943533065426461126e-07 2.518869283620205990e-07
2.129155905103826130e-01 1.875024013416345947e-01 1.734621539137562451e-01 1.612809465833714706e-01 1.621657974571804328e-01 1.750894250699368271e-01 1.928830504413342195e-01 2.074523785952229749e-01 2.159925412532220090e-01 2.113870565398305590e-01 1.961093538909036427e-01 1.919386390418190980e-01 2.187974203604350076e-01 2.407476040516996485e-01 2.551758227308965066e-01 2.538652472547754946e-01 2.368676423825198663e-01 2.109188827990497450e-01 2.019595934028092787e-01 1.890206389832484457e-01 1.630798703691078433e-01 1.319123048656717923e-01 1.053834961684177590e-01 8.537759042446931013e-02 7.043088164771264814e-02 5.849151774615924532e-02 4.856548874512802566e-02 4.038963921676868435e-02 3.356266772692286654e-02 2.783675172290107913e-02 2.296039360702241752e-02 1.894657736860204736e-02 1.557523772491101362e-02 1.283279383778307935e-02 1.061476417743761717e-02 8.704512829439722821e-03 7.390669357300957802e-03 6.511516233373910653e-03 5.838429408732846194e-03 5.260586826666763076e-03 4.676665267016936328e-03 4.231118060031956694e-03 3.899983301459771737e-03 3.648797315007578246e-03 3.518362580474578265e-03 3.644978041815395437e-03 3.837075607649043617e-03 3.976021379811870045e-03 3.779193938354484961e-03 3.409952369387121967e-03 2.934990079434021595e-03 2.441924316436043865e-03 1.990234299932410085e-03 1.568861879885189619e-03 1.196622021843002067e-03 9.061775539550105327e-04 6.854968098926218908e-04 5.226783653859846512e-04 4.023464234320955793e-04 3.452649367680452617e-04 3.168702058250707663e-04 2.909080728505916485e-04 2.672536246520635923e-04 2.448818358734277268e-04 2.210873563514725198e-04 1.864519976127897074e-04 1.497873535608428420e-04 1.163540073778429021e-04 8.980679141045378648e-05 6.892500965201061734e-05 5.391255036228873704e-05 4.299482170549391916e-05 3.440220493235749490e-05 2.763291038457718491e-05 2.228393429455273759e-05 1.804942938898277402e-05 1.468350401835977647e-05 1.199723496502595201e-05 9.846469201699235927e-06 8.114566053654404722e-06 6.714586891529727668e-06 5.577422068217410661e-06 4.648934874407932501e-06 3.888197348057259014e-06 3.261504010570434725e-06 2.743270839559068267e-06 2.313140373760854706e-06 1.954636456687667080e-06 1.654998392923488391e-06 1.403694147721458883e-06 1.192339425095375460e-06 1.014198021439144745e-06 8.636548408676626088e-07 7.362130681122649111e-07 6.281308020042913845e-07 5.363167022481233482e-07 4.582356773185875087e-07 3.917394776243409921e-07 3.350565595747592312e-07 2.866972830462595766e-07
2.381002561672420637e-01 2.124655865123145637e-01 1.986729525977748712e-01 1.866207848335884600e-01 1.891065391443007282e-01 2.046202189406967353e-01 2.248364470934531290e-01 2.405955067072023390e-01 2.497979774923577978e-01 2.452528044372308258e-01 2.295225698992294505e-01 2.259521288666758165e-01 2.567525732562067065e-01 2.830345556260018824e-01 3.018040783756122392e-01 3.035673052347825918e-01 2.874678182564870399e-01 2.603807193127864461e-01 2.522306203110368239e-01 2.384944038766476371e-01 2.080987840571825453e-01 1.701674725484325357e-01 1.371658822150689516e-01 1.119194707012477891e-01 9.284564431792302619e-02 7.740800319402647844e-02 6.445780029596777372e-02 5.371661922386680027e-02 4.474141581995913497e-02 3.722104640056417280e-02 3.083503705895699470e-02 2.555552138246054011e-02 2.110674249187531951e-02 1.746819807966993807e-02 1.450045965214035934e-02 1.194510614032451117e-02 1.016951344937622355e-02 8.962794552142393928e-03 8.031304518455061395e-03 7.223716113773413251e-03 6.417509911858139404e-03 5.802594454621196919e-03 5.340620034589895100e-03 4.987015551621494167e-03 4.798341536277023027e-03 4.946897351262602785e-03 5.166891472859823191e-03 5.298780056576463462e-03 4.977145947065201095e-03 4.437348959859103471e-03 3.774494817541756714e-03 3.106186821372832092e-03 2.505349608653048132e-03 1.954887147249863115e-03 1.476198314811775786e-03 1.106973777173523481e-03 8.354462478647721067e-04 6.356219405974616312e-04 4.875921539288146441e-04 4.189814261387540231e-04 3.864795914814790948e-04 3.565278082722571590e-04 3.290336259462260096e-04 3.019482419421835894e-04 2.702740124056466405e-04 2.243669251423108355e-04 1.780347589374414665e-04 1.373438913971594579e-04 1.053677458840913034e-04 8.044517790337347648e-05 6.270378721024382190e-05 4.988493402372656555e-05 3.982708753406271783e-05 3.192568647247449008e-05 2.569802291532753035e-05 2.077948470854939898e-05 1.687824078214429752e-05 1.377091943415355493e-05 1.128763494339547413e-05 9.291356234907315379e-06 7.680216058202893382e-06 6.373436451356964272e-06 5.307883934849602835e-06 4.435929582919627175e-06 3.718421754164684569e-06 3.125700682975644024e-06 2.634205854177182746e-06 2.224898165227664760e-06 1.883057908918881680e-06 1.596551535249869580e-06 1.355734478540206190e-06 1.152868979714652314e-06 9.815114754817896497e-07 8.365090357077363783e-07 7.135777678233119624e-07 6.091820767482542077e-07 5.204256853762304621e-07 4.448556287461153214e-07 3.804510203411933312e-07 3.255136028061947339e-07
2.629538474866476294e-01 2.375390778250040524e-01 2.243389929871936472e-01 2.127642246787792568e-01 2.171714459046952261e-01 2.354399797406265260e-01 2.580665212984206702e-01 2.748809930597644335e-01 2.846031932839919176e-01 2.800639522349099853e-01 2.640790900633029903e-01 2.612847521165076459e-01 2.954546852980265426e-01 3.254537980506146400e-01 3.481814397957818108e-01 3.532445247628946405e-01 3.389834476379801620e-01 3.121312480808883238e-01 3.058284668889567626e-01 2.924672275611137073e-01 2.587956142212806121e-01 2.147204537390861590e-01 1.752267941723141542e-01 1.443918019065066893e-01 1.207275116344264515e-01 1.012359474832498080e-01 8.466201135189375948e-02 7.076708521486109460e-02 5.911418341976301671e-02 4.934282372708563569e-02 4.106660773371875045e-02 3.419399411373980763e-02 2.838485653415421042e-02 2.360833682822025339e-02 1.967544106453098310e-02 1.629182424469909768e-02 1.391403781721394124e-02 1.226866507969732317e-02 1.098640176584291667e-02 9.862162227019282551e-03 8.754611365722975158e-03 7.910299405533643968e-03 7.268437717918093885e-03 6.772445415660515756e-03 6.500423295692199857e-03 6.665787205072929399e-03 6.903077955586856690e-03 7.001719750367647356e-03 6.496500375141235455e-03 5.722287087389880435e-03 4.811280857419703190e-03 3.917796957124766027e-03 3.128934057647882010e-03 2.418431956669049501e-03 1.809558074290268121e-03 1.345008606466692371e-03 1.012256820942088187e-03 7.680230672420435868e-04 5.868677966870917626e-04 5.046496461062025289e-04 4.675083743333203600e-04 4.330640178805626305e-04 4.012518737749514114e-04 3.686877657757447655e-04 3.274624817030932561e-04 2.681350952374395914e-04 2.105680660542553345e-04 1.614928136959877642e-04 1.232686859325602899e-04 9.370550695841627109e-05 7.281976901791417645e-05 5.780278514913268702e-05 4.605243197011377122e-05 3.684461543333434843e-05 2.960408786637911316e-05 2.389797471526399519e-05 1.938117077003310342e-05 1.579035475532029019e-05 1.292579348083093598e-05 1.062684906688606883e-05 8.774355257028019865e-06 7.274031156305225025e-06 6.052340852261898370e-06 5.053906130379645263e-06 4.233292459674031177e-06 3.556138521338524771e-06 2.995194372475044928e-06 2.528474283302696972e-06 2.139008128781467965e-06 1.812826756903489281e-06 1.538843254458292237e-06 1.308175453624223711e-06 1.113435212565722339e-06 9.487226606716187257e-07 8.091380683904944020e-07 6.906419229597912764e-07 5.899289071185965718e-07 5.042015391402965546e-07 4.311574214578336091e-07 3.688630875013101602e-07
2.871546548385465747e-01 2.623380175669311476e-01 2.500118071153270560e-01 2.392139551458990210e-01 2.457774022118415780e-01 2.668570800043528202e-01 2.917856559962838103e-01 3.095016991791395000e-01 3.196594640875392024e-01 3.151240319809102686e-01 2.990908762463364012e-01 2.972445216196360485e-01 3.341170268561072798e-01 3.670127599485957792e-01 3.929988580071407389e-01 4.011772811565461061e-01 3.893083344185768735e-01 3.638470686089933515e-01 3.601988989038235611e-01 3.483961636686991326e-01 3.131264259996492938e-01 2.643416580453404885e-01 2.190698200663988571e-01 1.828168577716778875e-01 1.544409255247549684e-01 1.305512387265974628e-01 1.098552112060153518e-01 9.223726351352624919e-02 7.734681142438906698e-02 6.481483365145399023e-02 5.421265908427586044e-02 4.536536457014173768e-02 3.786302610527908508e-02 3.166241223524329795e-02 2.650327712401680941e-02 2.207134162037631755e-02 1.891908441520959161e-02 1.669248849679430199e-02 1.493818565751320153e-02 1.338059868659174749e-02 1.186735513587653702e-02 1.071454359244190281e-02 9.827020892532669846e-03 9.134444755004902591e-03 8.744193072088828761e-03 8.914902557040990314e-03 9.149237268242531654e-03 9.174952868862952179e-03 8.408588453291308829e-03 7.319393778359273295e-03 6.086273806296241262e-03 4.907245161076520361e-03 3.883736079969286881e-03 2.976176115742896252e-03 2.208669596795732534e-03 1.628909872442007743e-03 1.221873318265326042e-03 9.239387311569156273e-04 7.029302188881651281e-04 6.044590396171061527e-04 5.618962311221324885e-04 5.222431435900332358e-04 4.854530523268601322e-04 4.464818977940666119e-04 3.938739752940479842e-04 3.188081661515259832e-04 2.482604138066480033e-04 1.894745912005174106e-04 1.440268050545188776e-04 1.091008474839008554e-04 8.456238142888613737e-05 6.698023248787652424e-05 5.325657491238793240e-05 4.252714571026321952e-05 3.410831418962342784e-05 2.748716936389103456e-05 2.225623658724131237e-05 1.810541030482284636e-05 1.479998968509454786e-05 1.215173507285570763e-05 1.002123151775106724e-05 8.298415911668980527e-06 6.897605429707717134e-06 5.754371076599046286e-06 4.815960478930341311e-06 4.042536812339687280e-06 3.402560655662479228e-06 2.870627800602329507e-06 2.427159917474999983e-06 2.056066032524477844e-06 1.744594932295511403e-06 1.482546508450052252e-06 1.261447645882911188e-06 1.074542124527330699e-06 9.162258324536379322e-07 7.818841180271931125e-07 6.677457534082746782e-07 5.706216520067537849e-07 4.878900149494702609e-07 4.173509750826224042e-07
3.104680687851302801e-01 2.865540176223721480e-01 2.753066121137326405e-01 2.655138554787598859e-01 2.743578221679288109e-01 2.981818311923907228e-01 3.252022206589558206e-01 3.436223222556143986e-01 3.541729899718242813e-01 3.497104983823374202e-01 3.338608010872943788e-01 3.331423095363211240e-01 3.720616812724750200e-01 4.069770584784420664e-01 4.353682590983296019e-01 4.461809749144263759e-01 4.368530307971578708e-01 4.135497458693963568e-01 4.129766346190224535e-01 4.036462576433519911e-01 3.685735297075663497e-01 3.170808826278112003e-01 2.674558890821966406e-01 2.265773441520738396e-01 1.938554127361683255e-01 1.655939359814959655e-01 1.405241300276103555e-01 1.187472287203092253e-01 1.001052529911730660e-01 8.429435783188461706e-02 7.089752603777732531e-02 5.965027735622639715e-02 5.007542904884586255e-02 4.212131390330247499e-02 3.542620300483354662e-02 2.968671566359853270e-02 2.555335078975358790e-02 2.256584728967534967e-02 2.018262161188273673e-02 1.803692290086409203e-02 1.598136944247001770e-02 1.441660446123040236e-02 1.319601819706440332e-02 1.223414258582640989e-02 1.167790703527140685e-02 1.183378828701850578e-02 1.203246855114484780e-02 1.192946006927784845e-02 1.080264283696843325e-02 9.298615876894603463e-03 7.653228800762519428e-03 6.115460307014873240e-03 4.800808788999890754e-03 3.651154744720514194e-03 2.690171362424177790e-03 1.970698142706492784e-03 1.472586862060915828e-03 1.109038941242243559e-03 8.396455315363006260e-04 7.214764760260954698e-04 6.723432976510544624e-04 6.264485466670837149e-04 5.837467172845196535e-04 5.372045082607906615e-04 4.711823890752234309e-04 3.778295401735379429e-04 2.922979040438294994e-04 2.221978958228942316e-04 1.683350964374000648e-04 1.271576109064879968e-04 9.833263516153718255e-05 7.772423236337812152e-05 6.167482582108286930e-05 4.915401739577213695e-05 3.934983857382641173e-05 3.165446874748087261e-05 2.558658383705624095e-05 2.078065902523441283e-05 1.696055194562606867e-05 1.390538222711817962e-05 1.145176058394456121e-05 9.470968518769877538e-06 7.862980248608079304e-06 6.552677244352724846e-06 5.478691179366820357e-06 4.594739121072815355e-06 3.864241483017557317e-06 3.257787160972052018e-06 2.752744118072629343e-06 2.330544665268900447e-06 1.976498904509900591e-06 1.678875012339068262e-06 1.427942782874233392e-06 1.215956034673137140e-06 1.036498675058002813e-06 8.842947858585901618e-07 7.550387932309262539e-07 6.450936307982303504e-07 5.514729624976749481e-07 4.716735461792566692e-07
3.327381163305629941e-01 3.099593124273898326e-01 2.999213844035781285e-01 2.912829227183606484e-01 3.024148375620340778e-01 3.287973279375569491e-01 3.576099456960450951e-01 3.764748990263526163e-01 3.873721601722388552e-01 3.831073415807553229e-01 3.676997175616228408e-01 3.682975905293680019e-01 4.086994928625457546e-01 4.448299929968118072e-01 4.747737152977115072e-01 4.875961150575855996e-01 4.806461744978098305e-01 4.598606541761675603e-01 4.623859966488148565e-01 4.560180911632926160e-01 4.226721767678280339e-01 3.706178390346441809e-01 3.185330696002567352e-01 2.743796444007702284e-01 2.382078830648627354e-01 2.060864289873718114e-01 1.767865423941231695e-01 1.506943432948950612e-01 1.279504032576675165e-01 1.084161281164330165e-01 9.177375357036807180e-02 7.768843644143999527e-02 6.563187601378447922e-02 5.556096180182565347e-02 4.697377398691825884e-02 3.962872836639847601e-02 3.427325132556558601e-02 3.030363970671562032e-02 2.709226586293140768e-02 2.415630969573171263e-02 2.138105032587068327e-02 1.926993686696520935e-02 1.760115806143627837e-02 1.627340736339990060e-02 1.548672224505438788e-02 1.559641996706047883e-02 1.571177340385243593e-02 1.540590685525851725e-02 1.379430817956786397e-02 1.175279966197636736e-02 9.584991316478498960e-03 7.598711057397986718e-03 5.923228730181011141e-03 4.475474029840666515e-03 3.277289671025544662e-03 2.387138501336167479e-03 1.775967548883952002e-03 1.331249074595716600e-03 1.002431766697445140e-03 8.599990411203620698e-04 8.026222223333410967e-04 7.489988408471121668e-04 6.990571737452473547e-04 6.434432066868300305e-04 5.616979024723447924e-04 4.471752098124304642e-04 3.442888847156978316e-04 2.608884141446691607e-04 1.971245440255099083e-04 1.485810383900740034e-04 1.146665709021076144e-04 9.044408224801245419e-05 7.162015660235386907e-05 5.696499378505907873e-05 4.551272601424889659e-05 3.654153390493921559e-05 2.948153200839407593e-05 2.390070653790969224e-05 1.947317171203744314e-05 1.593896248341894901e-05 1.310594556285983676e-05 1.082307665496686862e-05 8.973185770564423539e-06 7.468374056039582963e-06 6.237007493099336352e-06 5.225123558578082485e-06 4.390150693989107146e-06 3.697927128659804293e-06 3.122204679386276748e-06 2.641492722414216580e-06 2.238818624445706478e-06 1.900651674510086947e-06 1.615790503176766898e-06 1.375333402193043494e-06 1.171919642472781233e-06 9.995063853179349785e-07 8.531701911312271225e-07 7.287575974501993222e-07 6.228632532308573490e-07 5.326361604307777467e-07
3.538695455372490861e-01 3.323965855578325246e-01 3.236378061737937295e-01 3.162305767389750333e-01 3.295532691343748266e-01 3.582117429286764687e-01 3.884586704133696222e-01 4.074519370138205421e-01 4.185948276521233025e-01 4.146594671304038027e-01 3.999566347214831841e-01 4.020504363712079643e-01 4.435015941735754863e-01 4.802032324640114203e-01 5.109632599013397281e-01 5.251649900555040995e-01 5.202533798729404024e-01 5.020254734898117466e-01 5.073748790475151038e-01 5.040409093108566552e-01 4.734576682087356381e-01 4.227182608940043274e-01 3.701610592609989592e-01 3.244093252213989809e-01 2.861089696191669307e-01 2.511280544465780418e-01 2.182268750238431643e-01 1.880788794481621229e-01 1.611862945950513215e-01 1.376766323920129154e-01 1.174417676896376689e-01 1.001284339949625457e-01 8.519052044173661131e-02 7.263134335597773439e-02 6.176382884842709919e-02 5.248353610373094474e-02 4.563617700797877735e-02 4.042129557154933162e-02 3.613530078994778294e-02 3.215032019383871204e-02 2.842732684233017365e-02 2.559648459515221491e-02 2.332917161767031344e-02 2.150848635962582245e-02 2.040540122072139612e-02 2.042394428691909555e-02 2.039119676393445768e-02 1.978804646465059935e-02 1.753807545833841949e-02 1.480839348284775786e-02 1.198214572619935199e-02 9.435312020966890936e-03 7.311180475990141855e-03 5.494046357975757369e-03 4.002502488979391496e-03 2.901640674440579808e-03 2.148169071572476798e-03 1.601642705937154779e-03 1.198871600676766147e-03 1.026037249119598474e-03 9.579984109746983358e-04 8.945165035677007069e-04 8.354493388338378760e-04 7.687853852910366166e-04 6.686070059191780070e-04 5.295452999898585559e-04 4.064166667836453264e-04 3.072047002299069306e-04 2.316522709620772900e-04 1.743223665540652337e-04 1.342862940316084225e-04 1.056901240670516350e-04 8.351258096055893946e-05 6.628119032766746968e-05 5.284296381056311788e-05 4.233724109846971867e-05 3.408646549879596160e-05 2.757775567066043579e-05 2.242469846075569455e-05 1.831989770707288800e-05 1.503629260516787314e-05 1.239576514560642229e-05 1.026038301728201937e-05 8.526765972149712286e-06 7.110891210386253858e-06 5.949529037033383837e-06 4.992893480155227411e-06 4.201119597092131074e-06 3.543623388775027071e-06 2.995422524897949913e-06 2.536824114295933428e-06 2.152159779023748066e-06 1.828486785679562431e-06 1.555539610230244181e-06 1.324846821140250991e-06 1.129467041019170183e-06 9.637554457520153747e-07 8.229578746957590792e-07 7.031832130690338032e-07 6.011786535052775181e-07
3.738082489240007189e-01 3.537612229947503240e-01 3.463081478713880279e-01 3.401531843440276370e-01 3.554910360550546100e-01 3.860813834804205924e-01 4.173883430880687140e-01 4.361677787680964258e-01 4.473724542545771676e-01 4.438435414813192148e-01 4.300681077279239206e-01 4.337934712104605794e-01 4.759856919210940784e-01 5.128133230172158274e-01 5.438368852629696937e-01 5.588790139652916045e-01 5.556135225575428160e-01 5.397872222630719641e-01 5.475270227593461714e-01 5.469917772055575833e-01 5.196790818210041962e-01 4.716088540490357972e-01 4.203085898561844114e-01 3.746459321703088929e-01 3.357301332533638161e-01 2.992404188115322938e-01 2.638227002064509885e-01 2.303580072509610055e-01 1.996910098522809707e-01 1.722768231821509288e-01 1.483207934421429119e-01 1.275314432112122087e-01 1.093923188005667124e-01 9.401620808585345324e-02 8.048359880651756448e-02 6.892765132838883646e-02 6.030671801593484593e-02 5.355019124996868857e-02 4.789674064942111426e-02 4.254099954879720508e-02 3.758167673708527612e-02 3.380967078446052432e-02 3.074947669897346025e-02 2.827025219567330314e-02 2.673739864264837798e-02 2.660380582794963367e-02 2.633924002479439905e-02 2.532194096206941483e-02 2.224465085438699988e-02 1.864017748777726732e-02 1.498488106693593967e-02 1.173486882282504147e-02 9.049028554021700671e-03 6.769842159186275146e-03 4.911326416673505307e-03 3.546987031051092830e-03 2.611795865634567587e-03 1.935713542310720132e-03 1.439582236021225365e-03 1.227995497521226428e-03 1.145813955463932015e-03 1.069432620732884516e-03 9.985681510560771770e-04 9.182004100198475939e-04 7.962980263367618440e-04 6.286318480134724237e-04 4.816563403346710466e-04 3.634033202249478938e-04 2.736274470561866944e-04 2.056748496617116849e-04 1.581729077136579168e-04 1.242089958123534761e-04 9.792105058985957182e-05 7.753688391784685973e-05 6.167264821862549309e-05 4.929610439262900536e-05 3.959689158645693792e-05 3.196235423732258390e-05 2.593137304040697482e-05 2.113817841870681741e-05 1.731266888608161360e-05 1.424343681860004175e-05 1.176705797879324063e-05 9.761139118323191606e-06 8.126503188217973930e-06 6.788584963975241000e-06 5.688794544106861009e-06 4.780328609225172394e-06 4.027334566550675380e-06 3.400603791366342581e-06 2.877159118003194472e-06 2.438758815829873381e-06 2.070372759365914930e-06 1.760105577554375969e-06 1.498163992941636302e-06 1.276541493575280886e-06 1.088741450168769051e-06 9.293034117988280131e-07 7.937673510908512378e-07 6.784117278793654812e-07
3.925262341913185460e-01 3.739836632132841898e-01 3.678359101432486788e-01 3.629176380753306730e-01 3.800487415480696685e-01 4.122043044941411383e-01 4.442220568034235262e-01 4.624683837045187595e-01 4.734798707309196830e-01 4.703344977782564218e-01 4.576197234332917141e-01 4.630268946209724623e-01 5.057322015624076128e-01 5.424265762549290715e-01 5.733633900377528292e-01 5.888502519669552848e-01 5.868744758964548058e-01 5.732096044987801120e-01 5.828698224757032920e-01 5.847347989464906082e-01 5.607749927439561466e-01 5.161528501677917768e-01 4.673700812437128205e-01 4.232198014951441545e-01 3.851207450058846127e-01 3.485815291985641107e-01 3.120251627362187197e-01 2.764027626703465801e-01 2.427912294110444735e-01 2.119604459709440725e-01 1.844861627082749755e-01 1.602271732402789639e-01 1.387454140254543167e-01 1.203466553423285790e-01 1.038334425903365554e-01 8.969465934115518346e-02 7.904252141628885509e-02 7.044100701992755953e-02 6.309484161064908558e-02 5.598609593305699239e-02 4.943488994694443528e-02 4.444406255766360919e-02 4.034353165719174045e-02 3.699245889910585811e-02 3.488193262509622222e-02 3.451680598292376778e-02 3.391591846750904859e-02 3.234224950802815080e-02 2.820453534563868714e-02 2.349133651906396697e-02 1.878934443687385603e-02 1.465119258441957041e-02 1.125532518195809795e-02 8.391409906817514155e-03 6.067792816323006391e-03 4.369307533934895654e-03 3.198619292555855177e-03 2.355220153389829801e-03 1.739473527552500877e-03 1.477650037004379002e-03 1.376318750214643736e-03 1.282697514980707561e-03 1.196249801009212658e-03 1.098567297852578268e-03 9.508158066525008003e-04 7.494999539624056396e-04 5.740859021232563083e-04 4.325762411298416255e-04 3.253924366006471060e-04 2.444119842774710393e-04 1.876714439811899332e-04 1.470230158870684128e-04 1.156235659768212643e-04 9.132508606998020109e-05 7.245458756713803194e-05 5.776459634642660401e-05 4.627850011098392255e-05 3.725871463881293090e-05 3.015055317876753042e-05 2.451535757611554906e-05 2.002921581520505979e-05 1.643919710229214924e-05 1.355012991800745768e-05 1.121593632088688932e-05 9.318640224997290909e-06 7.769614279850697985e-06 6.499373187510318098e-06 5.452554115788540871e-06 4.586812024807230299e-06 3.867751336682566383e-06 3.268374107147896299e-06 2.767297405268649172e-06 2.346954412298182648e-06 1.993475161980654145e-06 1.695471995054313299e-06 1.443659057412497070e-06 1.230520882833618334e-06 1.049756234514911483e-06 8.962307837970143353e-07 7.656699312192813859e-07
4.100136217186877152e-01 3.930171905693878864e-01 3.881580752628039921e-01 3.844406877140548739e-01 4.031271266437523870e-01 4.364936170162779239e-01 4.689288003969273033e-01 4.863912438615340394e-01 4.969292245523559415e-01 4.940393275786185701e-01 4.823985750098411240e-01 4.894231649459215294e-01 5.324309727714633400e-01 5.688620488517777130e-01 5.995394250134936653e-01 6.152290159528223112e-01 6.142702331124096915e-01 6.025202984205835222e-01 6.136781712611205641e-01 6.175039434644594705e-01 5.967066908623134269e-01 5.558267812182863254e-01 5.103099914507776003e-01 4.686803178850693086e-01 4.325373106127262668e-01 3.972634061113589632e-01 3.609942174276747906e-01 3.246094657300042652e-01 2.892516986141893676e-01 2.559132359829442982e-01 2.255195706106745690e-01 1.981470748454562669e-01 1.734656043107914158e-01 1.520610391929106964e-01 1.324170045188768907e-01 1.154942610392440117e-01 1.026393828888780974e-01 9.193614377950731775e-02 8.257725060329983158e-02 7.329436381924139821e-02 6.473364547078987175e-02 5.818776730536221603e-02 5.274004389886578076e-02 4.824759358934904707e-02 4.536941571292847641e-02 4.467275897288704167e-02 4.360831528863944040e-02 4.130672175095329718e-02 3.581937210283354239e-02 2.970067801456688014e-02 2.367029270248577691e-02 1.840052107833402978e-02 1.409713936879096637e-02 1.048377097602294465e-02 7.562454198188073295e-03 5.433929849064709702e-03 3.953574604675267820e-03 2.890896300728322457e-03 2.119593013861678643e-03 1.791575783081598159e-03 1.663873999446788526e-03 1.546801547566303923e-03 1.439392078406740143e-03 1.319421804943663248e-03 1.140509901356857045e-03 8.991369831661357760e-04 6.893366809032934125e-04 5.189948311800235154e-04 3.901854835027874276e-04 2.929880846553308080e-04 2.246430560392156776e-04 1.755451544816370507e-04 1.376940977380898925e-04 1.084633327922580333e-04 8.581216881209974040e-05 6.821901092593647112e-05 5.449596800241531832e-05 4.374667346637097930e-05 3.529749356986253649e-05 2.861740254448505398e-05 2.331421600527686103e-05 1.908244704139405360e-05 1.568680727282181043e-05 1.295128285221025649e-05 1.073423905186425054e-05 8.929350547609481579e-06 7.453452849369465858e-06 6.240471207386687547e-06 5.239943576253525541e-06 4.411016203217716484e-06 3.721696958900477825e-06 3.146712366582375013e-06 2.665367990914354343e-06 2.261366466866588580e-06 1.921368998330222488e-06 1.634530866990386210e-06 1.392100482921810107e-06 1.186761709366832525e-06 1.012570035974809868e-06 8.645896496285939354e-07
4.262764655630874033e-01 4.108326338641424269e-01 4.072337066803126682e-01 4.046715498311912462e-01 4.246824363966469340e-01 4.589435035374574978e-01 4.915744156181712232e-01 5.080972069658608037e-01 5.179115255588784272e-01 5.150793599639400533e-01 5.044110412416843436e-01 5.128739195163999343e-01 5.559406786171214865e-01 5.920278358086603632e-01 6.223908804423072816e-01 6.381699110897665062e-01 6.380503264810050146e-01 6.280034451069727020e-01 6.403257378108709874e-01 6.457130152346164387e-01 6.277559590971385495e-01 5.905772017093637860e-01 5.486395834882885625e-01 5.101068373108951226e-01 4.766708766100219985e-01 4.436562196181859652e-01 4.089121066736165488e-01 3.731509989308319231e-01 3.374180768218290605e-01 3.027889821046347851e-01 2.704411050101080960e-01 2.406913312924002513e-01 2.133099216134777543e-01 1.892283985017421399e-01 1.665768552145128478e-01 1.468706817184509961e-01 1.318142554211223783e-01 1.188855875265808354e-01 1.072715656508803350e-01 9.540958316080587476e-02 8.438889576567228101e-02 7.590624603457159225e-02 6.874862255242530917e-02 6.278587404210865530e-02 5.890271843606675883e-02 5.775327150983130403e-02 5.607407695982605939e-02 5.283930412139681287e-02 4.564253157111827081e-02 3.773911374244120348e-02 3.001237898368548998e-02 2.328727304231228631e-02 1.781065738165600251e-02 1.322428851430333674e-02 9.524161943578895312e-03 6.834046212472786631e-03 4.940691536797149792e-03 3.586472232652933648e-03 2.609861621894812769e-03 2.193252729533484973e-03 2.028717489717581784e-03 1.879262708683775542e-03 1.743214210395762319e-03 1.594032873308470028e-03 1.376971719226752428e-03 1.087251611922753804e-03 8.352509848352357696e-04 6.286125687426749901e-04 4.725249203171378643e-04 3.548319205398313783e-04 2.716877559585615396e-04 2.117470594405354784e-04 1.656294193961667036e-04 1.300895174989546391e-04 1.026118600573715911e-04 8.132040309506205001e-05 6.475466650969044003e-05 5.181341791441010255e-05 4.166953505471599785e-05 3.367318104185093174e-05 2.734425596728034855e-05 2.230976130879458645e-05 1.828296345096796076e-05 1.504945163761696130e-05 1.243737803625917183e-05 1.031781548903393245e-05 8.590172682466994827e-06 7.174772573610769028e-06 6.010855217818706458e-06 5.049407356829639437e-06 4.252141434594691322e-06 3.588893085086445501e-06 3.035053839983370006e-06 2.571296889930696820e-06 2.181859323446263712e-06 1.853967903089099066e-06 1.577348217173912186e-06 1.343440444906524823e-06 1.145311893441671475e-06 9.772244753047445529e-07
4.413372485977102855e-01 4.274181412252796020e-01 4.250395132802950449e-01 4.235814876702541643e-01 4.447068752479781950e-01 4.795987633496971991e-01 5.122773563428399957e-01 5.278022902039936071e-01 5.367126816668318368e-01 5.337260851669910489e-01 5.238520834464167608e-01 5.334920865873207241e-01 5.763286438064481043e-01 6.119697082042979686e-01 6.420053985194013046e-01 6.578383571656029050e-01 6.584565179108086141e-01 6.499443949425337541e-01 6.631957293976415979e-01 6.698254540030441628e-01 6.543550895778792453e-01 6.206456119149039719e-01 5.822923852967227809e-01 5.470751463868649411e-01 5.167237275565732535e-01 4.865798054331633704e-01 4.542614970327873980e-01 4.202829976526116784e-01 3.854827471471233280e-01 3.508855095936610491e-01 3.177802024930356239e-01 2.867003455872106921e-01 2.574697810688755251e-01 2.313876536567209541e-01 2.062063769070898722e-01 1.840113264976785956e-01 1.670195515461177782e-01 1.519847648722893185e-01 1.380602978050441965e-01 1.233317833565511501e-01 1.094382770435897989e-01 9.863493283716213977e-02 8.937478684986911726e-02 8.156526071129184541e-02 7.639577447083113759e-02 7.465544127479567527e-02 7.218873258107882940e-02 6.777977458574037384e-02 5.842908895318043444e-02 4.825712060277813353e-02 3.835262552911235245e-02 2.974010904056521853e-02 2.273066933509079734e-02 1.686576231248482910e-02 1.213742380883214150e-02 8.703600782675766784e-03 6.251945467560671675e-03 4.504686571955534083e-03 3.253167140640286694e-03 2.716206598569885153e-03 2.499579766658453772e-03 2.304818486193193489e-03 2.129102562067224699e-03 1.940973219887912916e-03 1.676403838351583388e-03 1.327446583415979511e-03 1.022850516839829025e-03 7.698061066292354385e-04 5.787761734438263885e-04 4.347805673346920373e-04 3.324734722269073847e-04 2.584069722576421042e-04 2.015359747645049265e-04 1.578028552001197772e-04 1.240696638237063251e-04 9.799509293616558505e-05 7.776164157157237434e-05 6.199976341344378924e-05 4.968129915790690299e-05 4.000128693258035543e-05 3.236472298047503836e-05 2.631058918248468503e-05 2.148519500886196553e-05 1.762414864807733647e-05 1.451644569970225587e-05 1.200386700676452889e-05 9.963291509169194384e-06 8.297514271046253464e-06 6.932516848988353866e-06 5.808824050423156457e-06 4.880094116901014695e-06 4.109921612034509257e-06 3.468725803669355962e-06 2.933340927504058145e-06 2.484945641409534491e-06 2.108343483980365330e-06 1.791354174391689962e-06 1.523869613531948257e-06 1.297732448501429159e-06 1.106215563687733063e-06
4.552350412855162842e-01 4.427808062907577225e-01 4.415699922295005520e-01 4.411599915637956504e-01 4.632166884758080472e-01 4.985332063402813096e-01 5.311778363508490308e-01 5.457289399411641151e-01 5.536372073971896901e-01 5.503176154992808211e-01 5.410355042722290175e-01 5.515615785792801207e-01 5.938619124877368982e-01 6.289001852771577417e-01 6.585733211528542741e-01 6.744417923843657459e-01 6.757344723457735514e-01 6.686177535565991370e-01 6.826437182056532826e-01 6.902842779962764519e-01 6.769735457579197924e-01 6.464191824991171176e-01 6.114720109597633346e-01 5.795402211406343040e-01 5.523586327722832534e-01 5.253504089304685820e-01 4.959837007841868539e-01 4.645963506257143050e-01 4.317813017866957703e-01 3.984233642966920064e-01 3.657886880455439860e-01 3.345753767058516903e-01 3.045924626596558382e-01 2.774790888582300274e-01 2.506055867823153149e-01 2.265559165455324486e-01 2.082185656933065176e-01 1.915393334269545611e-01 1.755629285988354049e-01 1.579435115953919666e-01 1.409256788893890888e-01 1.275050704584873851e-01 1.157854520947039917e-01 1.057476864879368234e-01 9.899010586657810973e-02 9.652076917945043300e-02 9.308476081311764516e-02 8.723146898599117016e-02 7.519112643921985195e-02 6.214258892886509456e-02 4.943580955021758400e-02 3.836118740316417364e-02 2.933215057384787328e-02 2.176977386249667398e-02 1.566790879691292576e-02 1.123645977610529187e-02 8.020511438562218792e-03 5.736324286765602694e-03 4.111534633463856912e-03 3.408730653011045851e-03 3.117595282937863158e-03 2.858684970091439695e-03 2.627340689339495352e-03 2.386433516326895606e-03 2.061638739803136472e-03 1.638954347020287914e-03 1.267774436961714582e-03 9.544771981293646021e-04 7.179959970070211306e-04 5.397262619586489212e-04 4.122267037011914138e-04 3.194790045328507202e-04 2.484078783901937201e-04 1.938732943763091959e-04 1.519090041598719762e-04 1.195538466456248089e-04 9.451570552981799795e-05 7.506836786378142203e-05 5.991643547441827846e-05 4.804937571576818302e-05 3.871977295038087194e-05 3.135014034714698631e-05 2.549834245463899947e-05 2.083396212537231128e-05 1.709449180829503969e-05 1.408318714689161554e-05 1.164736854175486876e-05 9.666910026297726455e-06 8.050470042514145402e-06 6.724960458649160454e-06 5.633581802701237822e-06 4.731845335750334794e-06 3.983758657768574970e-06 3.361216909215587602e-06 2.841480483406104291e-06 2.406260436838335820e-06 2.040953124199163940e-06 1.733491958717604674e-06 1.474176931903930976e-06 1.255041453381702239e-06
4.680237385408575479e-01 4.569473934480308142e-01 4.568388447022200261e-01 4.574147651068485865e-01 4.802465896395199385e-01 5.158369490359758780e-01 5.484206954416364077e-01 5.620814351052785263e-01 5.689605770521464212e-01 5.651874895820977462e-01 5.563131209083446160e-01 5.674540918009444157e-01 6.089446352618401725e-01 6.431819279116325339e-01 6.724082044251226131e-01 6.882625175404767370e-01 6.901629043898578342e-01 6.843042983487842568e-01 6.989985924865834699e-01 7.074894512463447693e-01 6.960592740094145858e-01 6.683298477307874075e-01 6.365214873732705225e-01 6.076989494146466386e-01 5.835804450642232410e-01 5.597144683144716915e-01 5.334993488054664557e-01 5.051451868717542482e-01 4.750175470463957605e-01 4.438288419524162864e-01 4.127298690060686170e-01 3.825285764554128276e-01 3.529569241247801359e-01 3.259298912598800890e-01 2.984630466040764096e-01 2.734908902587698809e-01 2.547002162786273227e-01 2.372134734275698487e-01 2.198503583118321669e-01 1.997334558723028730e-01 1.796679238329600692e-01 1.635616032109980800e-01 1.491808772003565542e-01 1.366203840198878527e-01 1.280131493357804795e-01 1.247172881077773798e-01 1.201552140189686979e-01 1.125854040101367387e-01 9.724429842235084165e-02 8.058194173237570590e-02 6.428099947195511921e-02 4.999019041223837223e-02 3.828713141969161682e-02 2.845396509080537484e-02 2.049956164838569184e-02 1.471480549981940208e-02 1.044061223232945791e-02 7.413846075021822933e-03 5.275477348636854399e-03 4.341031541280464430e-03 3.942191680059433517e-03 3.591440071854951240e-03 3.281180137672839135e-03 2.967660524251641667e-03 2.565138786315064069e-03 2.049226005647049580e-03 1.592431924595560542e-03 1.199704748623746332e-03 9.032001254337527390e-04 6.795891540565157825e-04 5.184705746684141340e-04 4.006481679794747074e-04 3.105443465278408190e-04 2.415555922179129611e-04 1.885972044967221110e-04 1.478701025314031053e-04 1.164419222297393038e-04 9.210535393821632749e-05 7.320453774647253989e-05 5.845248466685814252e-05 4.689663840921809483e-05 3.780311954214878701e-05 3.061123271341681016e-05 2.490205483716938833e-05 2.034432924252084073e-05 1.668989403883321598e-05 1.374671604954106528e-05 1.136425201968291046e-05 9.428192456260179249e-06 7.847474292663802949e-06 6.551518585070172286e-06 5.485211807551554574e-06 4.604170596570278020e-06 3.873839922763633924e-06 3.266384119415318746e-06 2.759506952660297572e-06 2.335475033694742228e-06 1.979705075618757315e-06 1.680522228763505968e-06 1.428380840211972655e-06
4.797683581939378161e-01 4.699628473309785393e-01 4.708791723669670248e-01 4.723724004418671241e-01 4.958475631061459721e-01 5.316097806498450984e-01 5.641476772348860136e-01 5.770391415250094580e-01 5.829124010197430650e-01 5.786239852800997285e-01 5.700117009329571660e-01 5.815473576911402986e-01 6.220271347660255579e-01 6.552645029663329845e-01 6.839263106139953363e-01 6.996676376760279092e-01 7.020785665842815826e-01 6.973181324955729510e-01 7.125853422143207938e-01 7.218068886509401150e-01 7.120220594142647741e-01 6.868016068616573655e-01 6.578344601359673582e-01 6.318744452997614447e-01 6.106071708691134248e-01 5.897284931394871643e-01 5.666298085033257825e-01 5.414451130796480438e-01 5.143606753647672614e-01 4.859279575066671186e-01 4.571413095725466724e-01 4.288779293052663033e-01 4.007575262678010342e-01 3.748931350461226497e-01 3.480106500610568032e-01 3.232090336549050535e-01 3.050374202425153447e-01 2.878724950657364778e-01 2.701848992863111754e-01 2.484710733839600727e-01 2.259201330222267989e-01 2.074528465519397125e-01 1.905316295647199454e-01 1.753908524004203218e-01 1.648248772617487701e-01 1.607218028065496018e-01 1.549719013505069243e-01 1.454765225220266689e-01 1.262121574394838575e-01 1.051028600468643937e-01 8.424817582565712060e-02 6.577974883729201250e-02 5.053806733857096195e-02 3.765676816760297335e-02 2.718752269600904423e-02 1.955071397755632837e-02 1.379710046809144199e-02 9.731935306581680767e-03 6.878205730476871782e-03 5.616091022195315169e-03 5.060005319314546390e-03 4.576384975304046039e-03 4.152951075072267191e-03 3.738101136242041704e-03 3.233486000564992323e-03 2.597820631207281138e-03 2.029247570887505320e-03 1.530240272174003590e-03 1.153281406800437010e-03 8.687916357617706453e-04 6.621439763610251434e-04 5.101715352472762071e-04 3.941818723391073208e-04 3.055645403107563993e-04 2.377029208237437614e-04 1.856490196667627633e-04 1.455943300858053980e-04 1.146732398411608932e-04 9.073667413903660636e-05 7.212044314649108121e-05 5.759187671758614775e-05 4.620402947694210043e-05 3.723495000608539131e-05 3.014534433711849761e-05 2.451083297755382625e-05 2.001362311753058907e-05 1.640851681207811094e-05 1.350401024500142599e-05 1.115489439995127415e-05 9.246021701413668784e-06 7.688389474577172152e-06 6.412713101078179037e-06 5.363465746004026395e-06 4.497543848831665606e-06 3.780384947959738277e-06 3.184421928468430272e-06 2.687817569262830524e-06 2.272704606794815320e-06 1.924840110282698303e-06 1.632634299509587574e-06
4.905403334800028659e-01 4.818866775852028717e-01 4.837414836408587271e-01 4.860777136637746132e-01 5.100853209831591739e-01 5.459573995740868435e-01 5.784942339546756962e-01 5.907581725409863926e-01 5.956798301841957910e-01 5.908591903720763483e-01 5.824017345739528340e-01 5.941719144307071598e-01 6.335249331434866793e-01 6.656020373453862549e-01 6.935878632237784114e-01 7.090828247544030960e-01 7.118773555270812015e-01 7.080233511422259207e-01 7.237513039559033690e-01 7.335924926618784259e-01 7.252435095329257120e-01 7.022354121728361376e-01 6.758089606528349114e-01 6.524389082970248888e-01 6.337657393013913509e-01 6.156368203269545480e-01 5.954769009462340668e-01 5.733848503706950872e-01 5.494215269305351423e-01 5.240109942340573923e-01 4.979907902916361206e-01 4.722840781350992057e-01 4.463949201047251458e-01 4.225625293443435737e-01 3.973186589811951719e-01 3.737508242191028840e-01 3.572566564320489024e-01 3.416366602329179436e-01 3.249298560064973751e-01 3.029663376615044368e-01 2.790338386813516758e-01 2.590394654438371580e-01 2.401832222027819042e-01 2.228235061805580730e-01 2.104999843474673615e-01 2.058374890991142570e-01 1.990468439977698401e-01 1.876000195134572279e-01 1.639247405583151851e-01 1.375502487886864911e-01 1.110738665975229134e-01 8.726615128290926560e-02 6.738202649143877621e-02 5.042033513295975100e-02 3.653071826751239093e-02 2.634564414647132952e-02 1.850901342916784834e-02 1.297830829837409022e-02 9.117197506644341559e-03 7.386199410299525668e-03 6.598417660830789046e-03 5.920686937760761930e-03 5.333280731772590579e-03 4.775142027258092933e-03 4.134140974996499025e-03 3.342283181326926277e-03 2.625584508876675424e-03 1.982301836041582433e-03 1.495931768825619094e-03 1.128508283424645370e-03 8.593106299222208954e-04 6.601624659369220195e-04 5.084589640340637755e-04 3.927997442245859745e-04 3.044408507391441763e-04 2.368371060196743452e-04 1.849642437019185083e-04 1.450432136188901824e-04 1.142405918302332081e-04 9.037020354500542574e-05 7.181146592428412005e-05 5.732300478030685363e-05 4.596038589549097735e-05 3.701825917608879049e-05 2.994427304955388726e-05 2.432497251798448795e-05 1.984229152247117574e-05 1.624876051952181021e-05 1.335699409479182434e-05 1.101910058707933458e-05 9.121083064602586210e-06 7.574479066692344555e-06 6.308745544680313448e-06 5.269283018676289437e-06 4.412518859518291425e-06 3.703850494272604857e-06 3.115979275114347539e-06 2.626688355154045210e-06 2.218344221164218734e-06 1.876669810097040046e-06
5.004129116519862031e-01 4.927881243139308753e-01 4.954898331994265215e-01 4.985911515052383614e-01 5.230379094214088198e-01 5.589883979426224503e-01 5.915876929637524650e-01 6.033746660886381008e-01 6.074181005905834319e-01 6.020756775767046598e-01 5.936945175165245780e-01 6.055929196750714505e-01 6.437736607465989191e-01 6.745883178838211203e-01 7.018262051440568028e-01 7.169385046508944814e-01 7.199843773398114655e-01 7.168247229909948670e-01 7.328777938583721507e-01 7.432139157199183499e-01 7.360974112960586568e-01 7.150170449263800743e-01 6.908342446163656669e-01 6.697748822779532318e-01 6.534254005060736725e-01 6.377770892282577098e-01 6.203076531767023338e-01 6.011069025591793125e-01 5.801553233739579207e-01 5.577867898917336920e-01 5.347040873085923129e-01 5.118647531483836444e-01 4.886767623583554987e-01 4.674487451112893099e-01 4.446251900168841642e-01 4.231514567510852864e-01 4.091863075583857534e-01 3.961820510022273090e-01 3.817399885797727599e-01 3.610822618863359645e-01 3.372848606610001077e-01 3.170749508748651468e-01 2.974324696952641012e-01 2.787660314429506458e-01 2.653468908058906894e-01 2.607148286551833061e-01 2.533767192334241969e-01 2.403061019249391750e-01 2.121191348336787241e-01 1.799100254289766332e-01 1.468098605286959624e-01 1.163926893985083311e-01 9.054283440780512560e-02 6.818324174720737096e-02 4.966434957113612103e-02 3.597191818442971312e-02 2.519215118501123840e-02 1.757930955219137725e-02 1.228673502657088266e-02 9.878053386639811667e-03 8.746097556929548905e-03 7.782267469300730919e-03 6.955037395660440894e-03 6.191797400032387176e-03 5.365660168784655917e-03 4.367067109784348797e-03 3.451247609335934743e-03 2.609372059465334993e-03 1.972117954036694491e-03 1.490119167595006702e-03 1.133784721979701812e-03 8.685636953855323987e-04 6.668981575531913834e-04 5.134586493943448871e-04 3.965078182364617032e-04 3.072505546112070177e-04 2.389527813447200292e-04 1.865507909778572762e-04 1.462486832511922230e-04 1.151279666336043749e-04 9.102346001010685550e-05 7.228126322999634771e-05 5.764568026887359524e-05 4.617907111160369273e-05 3.715071660888728312e-05 3.001386817654089033e-05 2.434915668147238227e-05 1.983154068083831440e-05 1.621523642363375246e-05 1.330718774775032800e-05 1.095899645487588678e-05 9.055869014932390598e-06 7.506731723160137127e-06 6.241300026924045770e-06 5.203756197305288753e-06 4.349969402344147404e-06 3.645266070744630914e-06 3.061583454538019610e-06 2.576744926152084295e-06 2.172887520241251528e-06
5.094574515528891290e-01 5.027411788066669107e-01 5.061970542070501899e-01 5.099847250039840629e-01 5.347921928504849598e-01 5.708111968017431925e-01 6.035456317615037758e-01 6.150070561731942886e-01 6.182595291283254912e-01 6.124181844543347131e-01 6.040544825487266234e-01 6.160162139594930197e-01 6.530220063976268641e-01 6.825298656425240473e-01 7.089958293613389806e-01 7.236145864684010443e-01 7.268046277058552995e-01 7.241317580303769930e-01 7.403664559639632214e-01 7.510551180688168627e-01 7.449644960538653882e-01 7.255318357870216284e-01 7.032965177970851300e-01 6.842653613058803375e-01 6.699665567301956726e-01 6.565227341299540997e-01 6.414691112574882892e-01 6.248993073387811847e-01 6.067441102604315128e-01 5.872776079209609534e-01 5.670964291552872405e-01 5.471853153041441598e-01 5.268852487797822670e-01 5.085329373538468589e-01 4.885824444641705400e-01 4.697627516158259242e-01 4.588527030571735721e-01 4.491901525696571640e-01 4.380077729668410136e-01 4.200808259830335345e-01 3.980399295749922906e-01 3.791740784170458123e-01 3.602957594553806708e-01 3.417500685425571283e-01 3.283965031166292681e-01 3.247630964558823052e-01 3.178055539261326889e-01 3.039535695616907285e-01 2.718642657048244149e-01 2.338717641002008296e-01 1.935562394525247309e-01 1.553992867123301092e-01 1.221738382315563087e-01 9.285226400764505506e-02 6.816081780835309134e-02 4.967534590632897984e-02 3.474494447504823669e-02 2.416565275603317978e-02 1.682627074233523229e-02 1.343051425008910497e-02 1.178400513914036087e-02 1.039532741031488558e-02 9.214408548809166835e-03 8.154374638274978701e-03 7.073168139075711354e-03 5.797109169450938466e-03 4.609950186189468169e-03 3.491089739573280393e-03 2.642964825395930674e-03 2.000533329686280965e-03 1.521183803049162928e-03 1.162194371281215916e-03 8.896951314719814393e-04 6.827556795816321295e-04 5.253738977755497428e-04 4.055451960579508470e-04 3.140999221114146528e-04 2.441441939014608723e-04 1.905108202101388388e-04 1.492402799182126333e-04 1.173926802791678804e-04 9.272836688252141706e-05 7.355027371447176820e-05 5.859141026195067520e-05 4.686901133127474638e-05 3.764803089128055058e-05 3.036629950977676556e-05 2.458973728231968352e-05 1.999055795466973733e-05 1.631251750576600531e-05 1.335918918982459377e-05 1.097910673352516828e-05 9.052718939580271717e-06 7.488030357649071218e-06 6.212339720494093685e-06 5.168424000604802871e-06 4.311505672172325004e-06 3.605550279310093675e-06 3.022204627563282415e-06 2.538750326932813413e-06
5.177409531685243094e-01 5.118202889465779393e-01 5.159400677119099221e-01 5.203373507697546252e-01 5.454397019485750508e-01 5.815310202153062269e-01 6.144745236553622592e-01 6.257574194448046745e-01 6.283180964795921364e-01 6.220034316537965680e-01 6.136140958189989503e-01 6.256028855508405373e-01 6.614483678163957103e-01 6.896527267528249627e-01 7.153546756126819561e-01 7.294086280815228474e-01 7.326776622614468160e-01 7.303126254929671601e-01 7.466042564227485245e-01 7.574979512469117715e-01 7.522299238835121749e-01 7.341711023181901608e-01 7.135877254339630937e-01 6.962984924931665542e-01 6.837743470349685326e-01 6.722582043006879449e-01 6.593392348254014657e-01 6.451191480695783742e-01 6.294960659900842304e-01 6.127046256616379694e-01 5.952607466998965924e-01 5.781688030369902531e-01 5.607305559306358100e-01 5.452811140726691042e-01 5.283564681015693321e-01 5.124434643197217643e-01 5.047735914316033856e-01 4.987629095061070772e-01 4.913874533015653023e-01 4.771954764678068006e-01 4.582732519018111184e-01 4.421994402738560481e-01 4.256976612553790562e-01 4.089470662463347006e-01 3.971476911893569439e-01 3.957278906240333516e-01 3.904424157307018750e-01 3.771908695027458847e-01 3.427637645381903519e-01 3.000771254072084337e-01 2.528700387392624482e-01 2.064463015738058627e-01 1.646810584492585383e-01 1.267793293631063467e-01 9.409979076333402359e-02 6.918300955909448269e-02 4.845629188878602944e-02 3.366269850135664848e-02 2.339030871763356917e-02 1.855035513533811325e-02 1.613157235356568395e-02 1.410858397418537566e-02 1.240258519600930670e-02 1.090909078994704851e-02 9.471746216938699281e-03 7.818464907924364826e-03 6.256839295530737186e-03 4.746903187850807192e-03 3.600363778787062270e-03 2.730417426120246467e-03 2.075205115905979798e-03 1.581473334984690284e-03 1.207269316829584233e-03 9.235896655477966125e-04 7.082859669612289822e-04 5.447215565137324134e-04 4.202155143093097003e-04 3.252347536189115619e-04 2.526342343254656684e-04 1.969559211136232967e-04 1.541439613521569836e-04 1.211163235514351935e-04 9.554196830435401531e-05 7.568086853725877663e-05 6.018937090135374751e-05 4.806288811636720646e-05 3.853524130006941292e-05 3.101698420779461820e-05 2.506360233938351382e-05 2.032921446002595864e-05 1.654939811227081447e-05 1.352088928835958127e-05 1.108407154085458254e-05 9.116467384969062588e-06 7.521760835835917381e-06 6.224479408313043180e-06 5.165802255115473436e-06 4.298666338425826010e-06 3.586199042338655403e-06 2.999011789393358597e-06
5.253247837976421364e-01 5.200971883853359179e-01 5.247959444210522628e-01 5.297304291625527517e-01 5.550725596069991941e-01 5.912473155406339220e-01 6.244690349355294101e-01 6.357126658219437454e-01 6.376906051276678422e-01 6.309268005436199367e-01 6.224843158179147462e-01 6.344817263561901566e-01 6.691843211541727010e-01 6.961244503951314888e-01 7.210756835400857767e-01 7.345347330302783861e-01 7.378550606050018335e-01 7.356606394921680891e-01 7.519242939239636492e-01 7.628889557036969693e-01 7.582619298191511925e-01 7.413212777230068218e-01 7.221039056196167927e-01 7.062714793562216986e-01 6.952422126682418213e-01 6.853750533899576336e-01 6.743075560686774272e-01 6.621508181839036444e-01 6.487779370856771033e-01 6.343957824412063129e-01 6.194580997247552956e-01 6.049793284825638606e-01 5.902427091668410730e-01 5.775596362579211718e-01 5.635915039653875969e-01 5.505892953408967339e-01 5.460695506885299144e-01 5.436545314923287853e-01 5.401793418846536632e-01 5.301806343475164995e-01 5.152254712391420854e-01 5.029561427564868126e-01 4.901103865100514545e-01 4.766573186948501184e-01 4.678609994640181569e-01 4.698066720943930297e-01 4.675561530600357840e-01 4.565886272796277900e-01 4.222677388557509737e-01 3.772218103470664219e-01 3.248462863587397997e-01 2.708559149705861979e-01 2.202131290615353676e-01 1.725083218326929346e-01 1.300158267766081954e-01 9.676526495958961971e-02 6.811706365148097186e-02 4.740329180794587011e-02 3.294418299634405134e-02 2.599170857586440009e-02 2.241374109614522117e-02 1.944149274824859622e-02 1.695276090934658836e-02 1.482180088995625929e-02 1.288154139698894848e-02 1.070951117600197136e-02 8.625182169337844429e-03 6.556998652104401373e-03 4.983316143507206773e-03 3.786922606377309333e-03 2.877359110388888041e-03 2.187756714566287553e-03 1.665786339521901525e-03 1.270695946200808965e-03 9.713879853018636329e-04 7.444694164928557104e-04 5.721412833807433193e-04 4.410216589460440426e-04 3.410800978808702999e-04 2.646761481024304777e-04 2.061274262669125963e-04 1.611258810909224170e-04 1.264187214521645514e-04 9.957816330965337198e-05 7.873731645762006609e-05 6.250087083897504269e-05 4.980744785592003941e-05 3.984332693526354769e-05 3.199564550920929817e-05 2.578965581375294652e-05 2.086336455668714508e-05 1.693934391330893506e-05 1.380082333254911241e-05 1.128192889748716892e-05 9.252846929677031778e-06 7.612303442457074585e-06 6.281679269288441407e-06 5.198433337655122576e-06 4.313772180838873883e-06 3.589011128110812652e-06
5.322643590020117443e-01 5.276389339960894098e-01 5.328390191527772046e-01 5.382442123038204684e-01 5.637800736515066191e-01 6.000519585183856641e-01 6.336121672644178249e-01 6.449459573860421013e-01 6.464566509413109952e-01 6.392669763780214343e-01 6.307593783073152105e-01 6.427566931862050970e-01 6.763341914069828098e-01 7.020743318890676488e-01 7.262722257109733848e-01 7.391425693904513095e-01 7.425040526741255587e-01 7.403864126742667473e-01 7.565810655539121354e-01 7.675091813945548180e-01 7.633820032807071554e-01 7.473379316333662592e-01 7.292275784466248911e-01 7.145820805149680766e-01 7.047708029771188043e-01 6.962738697500331364e-01 6.867725499034300629e-01 6.763908163125974538e-01 6.649805256004028831e-01 6.527275438388965290e-01 6.400356562590820975e-01 6.279186763329887011e-01 6.156537423952249677e-01 6.055111138853239705e-01 5.942955469022488391e-01 5.840443852126459001e-01 5.824106309133647574e-01 5.832866596164890671e-01 5.834597983885688732e-01 5.776192786749214658e-01 5.669095986599140824e-01 5.588770917791164861e-01 5.503765548812086239e-01 5.411882653520857511e-01 5.364113715923445325e-01 5.424579039569676908e-01 5.442623153689287729e-01 5.370914889268723069e-01 5.056601513689186200e-01 4.615241877243833613e-01 4.071881655855043025e-01 3.480491233965042897e-01 2.897226545284056765e-01 2.321215288880964234e-01 1.785632959319800594e-01 1.351382882215326209e-01 9.607818891371032455e-02 6.724212898251735737e-02 4.688256494297297905e-02 3.686206344116625677e-02 3.155373477464143428e-02 2.716406269129524251e-02 2.350806815159855317e-02 2.043616511326636423e-02 1.777967364788953994e-02 1.488755688112127461e-02 1.206662710075377849e-02 9.194185690693943563e-03 7.003016330692197512e-03 5.333325773659211219e-03 4.052051628410610964e-03 3.074739599401482820e-03 2.335756522413982763e-03 1.777120506802785591e-03 1.354591143626297095e-03 1.034829682288518132e-03 7.925040177499686773e-04 6.085623987153991219e-04 4.687211920592334940e-04 3.621272816326064612e-04 2.807018088110692345e-04 2.183324747778615121e-04 1.704111381208824668e-04 1.334986421492050004e-04 1.049605627512077189e-04 8.282849484253611554e-05 6.560875618134371029e-05 5.215989196628563560e-05 4.162322168073294496e-05 3.333637113772175897e-05 2.679552658721703136e-05 2.161567992634508696e-05 1.749743614682613580e-05 1.421230304097015965e-05 1.158229653484571875e-05 9.469155881580764174e-06 7.765958368517214856e-06 6.388131368865092697e-06 5.269962792615978524e-06 4.359625937810162564e-06
5.386094668180976264e-01 5.345069956703212277e-01 5.401390683135829374e-01 5.459552057486370957e-01 5.716463133488443038e-01 6.080283606561509568e-01 6.419761517786650717e-01 6.535183051701821677e-01 6.546791777072631380e-01 6.470894589058112656e-01 6.385179212056513176e-01 6.505111675269247273e-01 6.829871350414817854e-01 7.076050179349075986e-01 7.310236206251334856e-01 7.433401201599297847e-01 7.467277782162270450e-01 7.446323279768956027e-01 7.607480166859906801e-01 7.715621847482659890e-01 7.678422119648053989e-01 7.525173974656814702e-01 7.353000480075331247e-01 7.216054948040776518e-01 7.127533899845920340e-01 7.053586892622322191e-01 6.971406190012698900e-01 6.882451356241273688e-01 6.785071169359507826e-01 6.680973019272256064e-01 6.573786730604932460e-01 6.473548735938272625e-01 6.373029651864882128e-01 6.294380793791788387e-01 6.207078723927694774e-01 6.129625263388661649e-01 6.138719699005612540e-01 6.176133028681699555e-01 6.209877166149041505e-01 6.189344265261066402e-01 6.122900150485506288e-01 6.084040410520236142e-01 6.043231518649971878e-01 5.996960857746704843e-01 5.993111498060479381e-01 6.095803495882153866e-01 6.158118589509331553e-01 6.133138585818709299e-01 5.870836555457988881e-01 5.471926402857828498e-01 4.949516183681078596e-01 4.346733587595639769e-01 3.717989899459290259e-01 3.061306715540609291e-01 2.417181012949555508e-01 1.870203053614427069e-01 1.351302517530522662e-01 9.560777025768549264e-02 6.714557578260370307e-02 5.274612499784990527e-02 4.489020497863455139e-02 3.840296661732298805e-02 3.301516999884041015e-02 2.855579164122480293e-02 2.487480346066645726e-02 2.097687482855108490e-02 1.711085638586527791e-02 1.307186594001984517e-02 9.981010976792489137e-03 7.619158398657521931e-03 5.789862625135180386e-03 4.386133453509894961e-03 3.325409796886157846e-03 2.524314280774922134e-03 1.919180226642467745e-03 1.461920600955139617e-03 1.116024552697888724e-03 8.540151259046228427e-04 6.552822104196413247e-04 5.041981482978427284e-04 3.891187646204965133e-04 3.012498617677414922e-04 2.339698537840521333e-04 1.823368144843834587e-04 1.425783028571610917e-04 1.118761723764810336e-04 8.809661374803259869e-05 6.961378857739888176e-05 5.520592944112225547e-05 4.393423543591919015e-05 3.508625945698682909e-05 2.811901534947288254e-05 2.261214995859990945e-05 1.824565594258843222e-05 1.477136952661733999e-05 1.199730019196916816e-05 9.775514542563298366e-06 7.989647054981095743e-06 6.549639209231457020e-06 5.384823180571972875e-06
5.444049405982488432e-01 5.407571256511655156e-01 5.467603934802270915e-01 5.529346012369500407e-01 5.787487173839698240e-01 6.152513871598904727e-01 6.496238276735510908e-01 6.614801975793840327e-01 6.624062918422535251e-01 6.544490410934250546e-01 6.458231237517915169e-01 6.578113830710511367e-01 6.892224452233538523e-01 7.127973009808261651e-01 7.353936439782153833e-01 7.472095587802863870e-01 7.505896237372455815e-01 7.484957996031531557e-01 7.645322902550809596e-01 7.751829621552968064e-01 7.718196633333938017e-01 7.570806726296550604e-01 7.405971562600129898e-01 7.276653988265970874e-01 7.195495914213123623e-01 7.130179884416573133e-01 7.058151155114908981e-01 6.981247772608222268e-01 6.897701983529007652e-01 6.809145041085475913e-01 6.718899818447370276e-01 6.636840869906275309e-01 6.555771507889629479e-01 6.497188907373273592e-01 6.431888431129578754e-01 6.376741461640087483e-01 6.407735237825719077e-01 6.469322996646017510e-01 6.529981885182852830e-01 6.541992970876375768e-01 6.511644143689391262e-01 6.509886229486694376e-01 6.509446978388434557e-01 6.506087678209048208e-01 6.543898263318362885e-01 6.684427758457596180e-01 6.788001119753597212e-01 6.810315495327604607e-01 6.612259472668137184e-01 6.279899727709999935e-01 5.815512126592178310e-01 5.247370523860155345e-01 4.619675262302314622e-01 3.922609547790846252e-01 3.195185483954784411e-01 2.541632879658513033e-01 1.880055560937476944e-01 1.353553854338499507e-01 9.625921022975400532e-02 7.580872428816815001e-02 6.429819449607562798e-02 5.476512166513449603e-02 4.684182192427299718e-02 4.035265252796414043e-02 3.520871100051310709e-02 2.990388350844364052e-02 2.455112220685688393e-02 1.881454530976220396e-02 1.440629846158743461e-02 1.102587759184663584e-02 8.383179028174337147e-03 6.342920930864667621e-03 4.801425066074032320e-03 3.637837492764172450e-03 2.759680011948116574e-03 2.096888950096078945e-03 1.596263384275568940e-03 1.217719886647803274e-03 9.311669799314629958e-04 7.138233981795205369e-04 5.486959703448940394e-04 4.229688419275642527e-04 3.270020702591661175e-04 2.536000717076457192e-04 1.972867845974650631e-04 1.539717923751332876e-04 1.205639031889948576e-04 9.471396548611119785e-05 7.465827147671060730e-05 5.904634151952417142e-05 4.685539713217315948e-05 3.730782977785741458e-05 2.980413219128329123e-05 2.388894998941179444e-05 1.921061710941267747e-05 1.549810843210280438e-05 1.254330526205121380e-05 1.018335899059225336e-05 8.292707375616189782e-06 6.773303265476082810e-06
5.496914473994930495e-01 5.464397161642380318e-01 5.527615868910326080e-01 5.592475817208015787e-01 5.851575894030530689e-01 6.217878695251183307e-01 6.566102115720348076e-01 6.688732217828549098e-01 6.696740608313234144e-01 6.613911815883475320e-01 6.527236452300788638e-01 6.647098897807370843e-01 6.951103764962889286e-01 7.177128273243388312e-01 7.394406792876971890e-01 7.508147001826503963e-01 7.541333110143174645e-01 7.520487014107425372e-01 7.679960285913314255e-01 7.784589667592649587e-01 7.754270742287421303e-01 7.611762086667415161e-01 7.453199663485531312e-01 7.330129543046933760e-01 7.254587930418867625e-01 7.195971323851195756e-01 7.131729890186728760e-01 7.064303302338226231e-01 6.991829581876368715e-01 6.915956755619585561e-01 6.839835805254959045e-01 6.773162290372105598e-01 6.708821711859128678e-01 6.667603982428225162e-01 6.621479346186293080e-01 6.585884942492018501e-01 6.635505545658755278e-01 6.717155220948624050e-01 6.799882669280404857e-01 6.838838970530731753e-01 6.838972777579326312e-01 6.868412316046843547e-01 6.902137008687307951e-01 6.935602659397830383e-01 7.008967346904586559e-01 7.179594153413960678e-01 7.316858574311196906e-01 7.380425517794791945e-01 7.247010131409730160e-01 6.990825542532508319e-01 6.607446023619875097e-01 6.111610899663468821e-01 5.533264609944528178e-01 4.850090703372363921e-01 4.088557841943241122e-01 3.359576146732158874e-01 2.563314176666821598e-01 1.892105747722971354e-01 1.371481000057809263e-01 1.087775821053309777e-01 9.224945230443871991e-02 7.843988986381639217e-02 6.689725012253695813e-02 5.749179070637107369e-02 5.028111087690457365e-02 4.302014761632695639e-02 3.555978001608261357e-02 2.735727867002513483e-02 2.101829750772066588e-02 1.613464992180643418e-02 1.227992445996107553e-02 9.284936615518752864e-03 7.020823101750731793e-03 5.311669007376931297e-03 4.022305079344132284e-03 3.049872104974804803e-03 2.316167179049946796e-03 1.762156578189849696e-03 1.343460027496681461e-03 1.026509143002504254e-03 7.862303888678169204e-04 6.037325301951634339e-04 4.648155560134287537e-04 3.588770473603714972e-04 2.778691206379037249e-04 2.157800993580536830e-04 1.680742284463289556e-04 1.313123554117958519e-04 1.029143118508076124e-04 8.091055935281310073e-05 6.381211905217536314e-05 5.048936297460957439e-05 4.007461501970823934e-05 3.191016905343116363e-05 2.548999380098468793e-05 2.042545898609849937e-05 1.641907061547342946e-05 1.323918429174731356e-05 1.070781352652910203e-05 8.686612221404021319e-06
5.545062360224156661e-01 5.516003972200109740e-01 5.581957506567241101e-01 5.649532685010032473e-01 5.909362424383937107e-01 6.276974644883517307e-01 6.629840296798674704e-01 6.757317140090363106e-01 6.765095672702862162e-01 6.679525812069194712e-01 6.592558197209400506e-01 6.712486496730633023e-01 7.007109473042358871e-01 7.223976811459799086e-01 7.432211014009860728e-01 7.542038968245130537e-01 7.573958667686899737e-01 7.553477650258320075e-01 7.711759253893814003e-01 7.814511480929421383e-01 7.787311435394032033e-01 7.648972090470279594e-01 7.496022370581005845e-01 7.378229234116463475e-01 7.307060648872987230e-01 7.253745177474785200e-01 7.195372525988936729e-01 7.135266144145120393e-01 7.071392924742614383e-01 7.005517172632349521e-01 6.940778310296179532e-01 6.886696693564370308e-01 6.836338906265311266e-01 6.809792028259217256e-01 6.780081436193614586e-01 6.761373856325935128e-01 6.826710936807290908e-01 6.924902807588525500e-01 7.025530058188681481e-01 7.086356864705415370e-01 7.111470720627779407e-01 7.166104979514195117e-01 7.227260917133937479e-01 7.290317920534419294e-01 7.391688410277998944e-01 7.583820501665463620e-01 7.745576011634310865e-01 7.841056132301884585e-01 7.764284535983475566e-01 7.580854022536740455e-01 7.284186789995229505e-01 6.880176917420011140e-01 6.386082114060761539e-01 5.768038692311426852e-01 5.033456477317407307e-01 4.283194136627305748e-01 3.391896959173507642e-01 2.586462168163721209e-01 1.925005204585467367e-01 1.546216261265592473e-01 1.316716113457218063e-01 1.121807280107365579e-01 9.568986282747514449e-02 8.223085623015979895e-02 7.217053897283529085e-02 6.223683980541464683e-02 5.182706065750022212e-02 4.007556874715791084e-02 3.092123656412621227e-02 2.382329529497559731e-02 1.816248613178692711e-02 1.373314798746349229e-02 1.037940109633181049e-02 7.845491012958475882e-03 5.933459789534557827e-03 4.491677196894285073e-03 3.404505982795999475e-03 2.584381684591411515e-03 1.965324618322321793e-03 1.497430248645199597e-03 1.143356982110549890e-03 8.749828192801230786e-04 6.711751773110139450e-04 5.161474804922333527e-04 3.979418370170351269e-04 3.076240947221650017e-04 2.384622870345080273e-04 1.853616773015969311e-04 1.445020879497621309e-04 1.129752007155969699e-04 8.858557606220957795e-05 6.967067664563083131e-05 5.495764765384920686e-05 4.348333302143713114e-05 3.450916531288452711e-05 2.746969302806248593e-05 2.193327355360662109e-05 1.756530511009550243e-05 1.410950150194173336e-05 1.136749660792471612e-05
5.588837618745859936e-01 5.562806961427997354e-01 5.631109716714419733e-01 5.701050748385938505e-01 5.961415404283190167e-01 6.330336432025045479e-01 6.687890762039339076e-01 6.820844370531551348e-01 6.829335605848659840e-01 6.741615940711240818e-01 6.654465704841335816e-01 6.774612120676224425e-01 7.060726811451191187e-01 7.268869192582495531e-01 7.467884767212247255e-01 7.574124966183716223e-01 7.604139668514438011e-01 7.584377262144491594e-01 7.740976445505718395e-01 7.842074184977094742e-01 7.817705334849857080e-01 7.683032379180287919e-01 7.535277578858341485e-01 7.422060341555410945e-01 7.354456651206227047e-01 7.305521144473627881e-01 7.251582036117557584e-01 7.197174171915364793e-01 7.139866500565157370e-01 7.081647465093722227e-01 7.025789399936285262e-01 6.981615440721854471e-01 6.942533002130993891e-01 6.927970665164828734e-01 6.911949588084879137e-01 6.907526910768765349e-01 6.985966396080727225e-01 7.097746855252973219e-01 7.212863931393372896e-01 7.291327059197284521e-01 7.336626579671248205e-01 7.411165401128559926e-01 7.493638239376757548e-01 7.579435781277346074e-01 7.701576448197030578e-01 7.907516606029494355e-01 8.085173684683191198e-01 8.202936724461311613e-01 8.171160131277102057e-01 8.049314660120121534e-01 7.831810446188166575e-01 7.520592709076686644e-01 7.124799447770976402e-01 6.604533173295059623e-01 5.949799828739154028e-01 5.240002675603545601e-01 4.320886753014586690e-01 3.424136451512441726e-01 2.635526459437202984e-01 2.157034768366182520e-01 1.853877109183059146e-01 1.589812717578350243e-01 1.361800651122781203e-01 1.173904321068324624e-01 1.035727312913253678e-01 9.011296826401732352e-02 7.568636020878846682e-02 5.893008761759612607e-02 4.572683237356210684e-02 3.539591968962909480e-02 2.705844394529217586e-02 2.048002381441671460e-02 1.548366627654971898e-02 1.170097879585862977e-02 8.843271057160673534e-03 6.687174030028252177e-03 5.061345343472138832e-03 3.835385518355210934e-03 2.910676931955208813e-03 2.212537806793525748e-03 1.684949529627548671e-03 1.285712011252550377e-03 9.831052476324585523e-04 7.534141125688406356e-04 5.787026829835237437e-04 4.455650018200226284e-04 3.439091859343412099e-04 2.661092146417855155e-04 2.064487861760333173e-04 1.605857445746675821e-04 1.252461642697476254e-04 9.795454921276763524e-05 7.682091567481353354e-05 6.041718631275909244e-05 4.765144473341760204e-05 3.768996820276885142e-05 2.989786173891121135e-05 2.378491613796539765e-05 1.897669883483923235e-05 1.518449723201735080e-05
5.628561627316933658e-01 5.605186509212845003e-01 5.675508998119768167e-01 5.747512666866332331e-01 6.008246238196728317e-01 6.378446563897933741e-01 6.740653378805738782e-01 6.879562006089208204e-01 6.889624140251608964e-01 6.800390046119526577e-01 6.713161883923197681e-01 6.833739616891961743e-01 7.112323779833065185e-01 7.312086688287581238e-01 7.501911319580966131e-01 7.604664502317582953e-01 7.632254219361952474e-01 7.613517931358894097e-01 7.767849232141328386e-01 7.867676316867916464e-01 7.845695116699596960e-01 7.714373918768512306e-01 7.571485662885585333e-01 7.462294227711543382e-01 7.397772654166061557e-01 7.352625345368408727e-01 7.302116138591210337e-01 7.252318178453169839e-01 7.200033757240577037e-01 7.147618770268103772e-01 7.098553050547249388e-01 7.061874755544335081e-01 7.031541832247490964e-01 7.026355328248143906e-01 7.021342472222504849e-01 7.028629508098950263e-01 7.117726030322594211e-01 7.240547759289479579e-01 7.367374660485559446e-01 7.460072084529183467e-01 7.521640202162557243e-01 7.611800198969097542e-01 7.710590108201339499e-01 7.813413326776811330e-01 7.950306115789687045e-01 8.164049433474539486e-01 8.350752635177999261e-01 8.482635029772738200e-01 8.484179813502503720e-01 8.410331023068094991e-01 8.257895405503590247e-01 8.028164588764893361e-01 7.726555307650456728e-01 7.313330184989953464e-01 6.768189435730475045e-01 6.147503653933249490e-01 5.275012348276704177e-01 4.356267191853533394e-01 3.486054375065786859e-01 2.923822200047154762e-01 2.549656890423964151e-01 2.212208567873893139e-01 1.912068261905826017e-01 1.660033477706295557e-01 1.475929063021929610e-01 1.297621011521079282e-01 1.101257000058298297e-01 8.656793228542276897e-02 6.769613258103275577e-02 5.273442673516312573e-02 4.048316442749615163e-02 3.071343801909974178e-02 2.325361425041945138e-02 1.758452048925506286e-02 1.329082838167583783e-02 1.004603865450535809e-02 7.597139225770552576e-03 5.750012796689037316e-03 4.356984774996105862e-03 3.305880559566285858e-03 2.512256466873005138e-03 1.912413923605264495e-03 1.458424189715210604e-03 1.114407072564270983e-03 8.532499798609217197e-04 6.546739464156589887e-04 5.034216800558597056e-04 3.879764802707299240e-04 2.997066021539381551e-04 2.320670227863184042e-04 1.801272914945841993e-04 1.401638047253826096e-04 1.093402828889673307e-04 8.551604753439699062e-05 6.705830147109248204e-05 5.272316505351334735e-05 4.156531180082094051e-05 3.285735212673682046e-05 2.604500193851538707e-05 2.070228754750069199e-05
5.664535957068513872e-01 5.643493265100395506e-01 5.715553259869657898e-01 5.789355856726775551e-01 6.050316669861669494e-01 6.421743856296271424e-01 6.788498737845547470e-01 6.933692990324594740e-01 6.946094578298714906e-01 6.855993131355277992e-01 6.768803828241130027e-01 6.890068896246807073e-01 7.162160814122122687e-01 7.353867098550375125e-01 7.534699912429115853e-01 7.633863630156498825e-01 7.658678146927406782e-01 7.641129455179407337e-01 7.792641078524460418e-01 7.891635369971915503e-01 7.871469612514881975e-01 7.743355345481403029e-01 7.604987239233804708e-01 7.499362082122671413e-01 7.437653587378861841e-01 7.395865757597787082e-01 7.348122648241383059e-01 7.302267833652447138e-01 7.253908504633365117e-01 7.205977084486971940e-01 7.162123149843523384e-01 7.130950589825379993e-01 7.107204443024499607e-01 7.109004287300102476e-01 7.112452973500362763e-01 7.128931110902325674e-01 7.226316987687783078e-01 7.357860830806406405e-01 7.494032552818823412e-01 7.598210420980205937e-01 7.672914421786571904e-01 7.775381078427131554e-01 7.886659314209322202e-01 8.002117658412034595e-01 8.149215135941935140e-01 8.366556545177489257e-01 8.557426672627701514e-01 8.697323602082366323e-01 8.722353133743365738e-01 8.683892067288579986e-01 8.581351734682785004e-01 8.416923293293900876e-01 8.195087818932954571e-01 7.880356152027634398e-01 7.449530332890418327e-01 6.941217673787324349e-01 6.172237353437977081e-01 5.305373393730949960e-01 4.422787788965344413e-01 3.816322271956486545e-01 3.391972265558314548e-01 2.992480788888114973e-01 2.623145677873228721e-01 2.304142104210601394e-01 2.070519443367063728e-01 1.843459723804629913e-01 1.584857961851324770e-01 1.262401966928771990e-01 9.979268070329792850e-02 7.842309125971375083e-02 6.059264929415483780e-02 4.616896591254022325e-02 3.505959247693979375e-02 2.656314865523927773e-02 2.009880505750315238e-02 1.519811043826369175e-02 1.149175776718714195e-02 8.692677379778508337e-03 6.580396620686888680e-03 4.986456843328202632e-03 3.783353396021672203e-03 2.874626560829217185e-03 2.187539649359694985e-03 1.667528429792445709e-03 1.273363522217895024e-03 9.741727084316324043e-04 7.467304428183489662e-04 5.735163821996042566e-04 4.413970389946263238e-04 3.404273252548325329e-04 2.631199499773913199e-04 2.038252611162650653e-04 1.582479823552086307e-04 1.231489761908549922e-04 9.606250928100670578e-05 7.511363602739711508e-05 5.887974796464878454e-05 4.626938253902743945e-05 3.645244094829778211e-05 2.879277723592258952e-05
5.697044631079360988e-01 5.678052219843306991e-01 5.751607007254486703e-01 5.826978440687360372e-01 6.088045759812634738e-01 6.460630430707465788e-01 6.831774666274128549e-01 6.983446671741974088e-01 6.998859329686256681e-01 6.908523240254393905e-01 6.821515037063043962e-01 6.943743482121461641e-01 7.210407957207818352e-01 7.394414845631861466e-01 7.566576099297067648e-01 7.661906527442194914e-01 7.683761043458319229e-01 7.667369948968248972e-01 7.815649669640226671e-01 7.914179421677381976e-01 7.895216898482199097e-01 7.770288556615501108e-01 7.636029457277436761e-01 7.533590339904399080e-01 7.474544732126111590e-01 7.435727527806158532e-01 7.390341626373879702e-01 7.348019236092606654e-01 7.302823032273444426e-01 7.258527306435194060e-01 7.218788801652814557e-01 7.191625117236906117e-01 7.172802319619387967e-01 7.179571069580481524e-01 7.189228903778872581e-01 7.212554726988319453e-01 7.315948529115074983e-01 7.454021301815451084e-01 7.597392978243862061e-01 7.710711601128481529e-01 7.795990036561847303e-01 7.908207630070686056e-01 8.029132790847403056e-01 8.154026583839696363e-01 8.308130454223950911e-01 8.526415180244041325e-01 8.718318233317883248e-01 8.862079860013799548e-01 8.903111655043695061e-01 8.889836973633613582e-01 8.823909464286212589e-01 8.708832833452914146e-01 8.549411677735960780e-01 8.315959487298466568e-01 7.987150375057778806e-01 7.590551372851166434e-01 6.951405016201451792e-01 6.190566193238621340e-01 5.365871024149225788e-01 4.768582514028563701e-01 4.331342839201666739e-01 3.899660968401388317e-01 3.482025565045469007e-01 3.108105273447100414e-01 2.831556908763686597e-01 2.559222157116625707e-01 2.235747588224286653e-01 1.812899039867862938e-01 1.454593468119801947e-01 1.157197067730398043e-01 9.027287526595327571e-02 6.927466684713724787e-02 5.288029944459012727e-02 4.021320669960223165e-02 3.050287904835821337e-02 2.310091189928433625e-02 1.748116526754768529e-02 1.322584935145979662e-02 1.000912029381314551e-02 7.579430215230095746e-03 5.744763919711588958e-03 4.359087000294404463e-03 3.311847565051068143e-03 2.519841825969642169e-03 1.920130292914566661e-03 1.465500213268957621e-03 1.120412897513752004e-03 8.580612267669790244e-04 6.583403783819991159e-04 5.060395507663481215e-04 3.897103494333308839e-04 3.007190464133469802e-04 2.325111753204252209e-04 1.801466983903592762e-04 1.398710180684918419e-04 1.088332940270450680e-04 8.487318678639830464e-05 6.633718669979040544e-05 5.196967151310035067e-05 4.081062544128320004e-05
5.726355586720374147e-01 5.709165783828753504e-01 5.784005683229552774e-01 5.860744458894746600e-01 6.121815840244391183e-01 6.495477172337514871e-01 6.870810751682563389e-01 7.029027174869206807e-01 7.048017842154017387e-01 6.958047172781122169e-01 6.871391977841844190e-01 6.994859727519163739e-01 7.257163654824720922e-01 7.433901473182963349e-01 7.597784602642217999e-01 7.688971357078799862e-01 7.707805212656536620e-01 7.692363844151539620e-01 7.837188907895851209e-01 7.935456012293510275e-01 7.917147440938969716e-01 7.795431882403512924e-01 7.664816608233167017e-01 7.565268089250826167e-01 7.508779946457621035e-01 7.472530009924824856e-01 7.429284707626835349e-01 7.390181967071050018e-01 7.347618377770650522e-01 7.306457659162617357e-01 7.270105215112503405e-01 7.245921675174742393e-01 7.230883407299921739e-01 7.241063774608602621e-01 7.255127293327807703e-01 7.283291405309576527e-01 7.390606113507224295e-01 7.533160314213226405e-01 7.681708881536991607e-01 7.802059639225525922e-01 7.895700983322840871e-01 8.015609752735014526e-01 8.144046889931060296e-01 8.276089661605943171e-01 8.435063290162839733e-01 8.652813262287976093e-01 8.843962887924714522e-01 8.989008925757450141e-01 9.040722739558342269e-01 9.045024996218680169e-01 9.005295321963380228e-01 8.926228113697646238e-01 8.813289043170505765e-01 8.642461317321100678e-01 8.396262491732590094e-01 8.096275351723731806e-01 7.585859879637255609e-01 6.954345698459215575e-01 6.236260303435516850e-01 5.696906171084942239e-01 5.288737262005012152e-01 4.866244543049008109e-01 4.437458148562456461e-01 4.037925965132620476e-01 3.738663613503772631e-01 3.437530962629131714e-01 3.060931474891938064e-01 2.539523448812615047e-01 2.078369345754122188e-01 1.681346826069206046e-01 1.329959600533091868e-01 1.031846034777552379e-01 7.942659567370542739e-02 6.077752577363481484e-02 4.630963685701638965e-02 3.518219881714324676e-02 2.667857174621747485e-02 2.020922259050892886e-02 1.530261892547421856e-02 1.158833418958497147e-02 8.779766641492905282e-03 6.656954453358311478e-03 5.052262288529398362e-03 3.838861879020755759e-03 2.920546927063598624e-03 2.224944517258595732e-03 1.697496537300888838e-03 1.297020839910467856e-03 9.926017610669616957e-04 7.608565604872125987e-04 5.841848265982735149e-04 4.493162711548791548e-04 3.461868524046912200e-04 2.672136991732431506e-04 2.066404153841784564e-04 1.601010170138495619e-04 1.242900867789250197e-04 9.668253391087332411e-05 7.536313266349003288e-05 5.887026820332051159e-05
5.752721618628984235e-01 5.737116064200694643e-01 5.813059144454698624e-01 5.890988191122571438e-01 6.151977353431120621e-01 6.526627826354105544e-01 6.905921232823067912e-01 7.070638792137697859e-01 7.093663910515213278e-01 7.004613763219904587e-01 6.918508533755912682e-01 7.043477009576338821e-01 7.302471171583500009e-01 7.472462967675534973e-01 7.628500467901755400e-01 7.715232556597741986e-01 7.731054285883999233e-01 7.716232270111460512e-01 7.857559412998404991e-01 7.955560307701752265e-01 7.937492630130154048e-01 7.818982189035533770e-01 7.691539624252133889e-01 7.594665464071688188e-01 7.540622773231221432e-01 7.506527117268864124e-01 7.465346363833927912e-01 7.429140872323279909e-01 7.388845052418333559e-01 7.350524768185596747e-01 7.317051539798169468e-01 7.295199433248051868e-01 7.283240951465880242e-01 7.295725916731632399e-01 7.312913457020921992e-01 7.344354685856757659e-01 7.453843148591384749e-01 7.599092751062027640e-01 7.750938001592855287e-01 7.876374962189559570e-01 7.976370030219119833e-01 8.102180631211134409e-01 8.236421569764881268e-01 8.373929208386514667e-01 8.536366570839003520e-01 8.752901445812810710e-01 8.942454347661807912e-01 9.087343680240671517e-01 9.146136666397297610e-01 9.162624712343397926e-01 9.141439129183673851e-01 9.088180166201902388e-01 9.008905934700911500e-01 8.884391604283699007e-01 8.701201762741624934e-01 8.477841407278330355e-01 8.079039314609889333e-01 7.573872803076100446e-01 6.981106847189333386e-01 6.528914664067192453e-01 6.181549411752711443e-01 5.806465994044966994e-01 5.408135435093039955e-01 5.022406780339596644e-01 4.731002012117093702e-01 4.429708251321005097e-01 4.029105362592680373e-01 3.435580918592461841e-01 2.882404909903933943e-01 2.383288492909917122e-01 1.921628424267369240e-01 1.514867768172997176e-01 1.180905579273732325e-01 9.125021662963600511e-02 7.004295982555605593e-02 5.350247452127975673e-02 4.072865796559596574e-02 3.093473366242165817e-02 2.346427899944591305e-02 1.778624980142350792e-02 1.348069011101349877e-02 1.022034278405972718e-02 7.753003798990258134e-03 5.886248138014636352e-03 4.473331285462485776e-03 3.403356908552966111e-03 2.592486915354697170e-03 1.977324741573967953e-03 1.510197685474608947e-03 1.155034369187336396e-03 8.846683023501925383e-04 6.786127614018588666e-04 5.213398131465289556e-04 4.011500784186136366e-04 3.091694516071379507e-04 2.386724898703839978e-04 1.845707309795043872e-04 1.429827965485226107e-04 1.109672637917886616e-04 8.628261437814729970e-05
5.776381012405140680e-01 5.762166547140050721e-01 5.839054376282165615e-01 5.918017624236937557e-01 6.178852669084576865e-01 6.554401994891007055e-01 6.937406625943585148e-01 7.108488917701262233e-01 7.135892288733439726e-01 7.048264017692038585e-01 6.962920721328814677e-01 7.089627523802015663e-01 7.346331292118133405e-01 7.510197306462018663e-01 7.658843386283303856e-01 7.740855907258809010e-01 7.753692676524489569e-01 7.739107261859765607e-01 7.877021899069930333e-01 7.974569698728184441e-01 7.956487269526325568e-01 7.841081366586873935e-01 7.716390206389593942e-01 7.622028844346038223e-01 7.570286871092478664e-01 7.537958229981489566e-01 7.498850607783679179e-01 7.465168454109674112e-01 7.426910309206817828e-01 7.391222085143478449e-01 7.360232250491575146e-01 7.340338656291324204e-01 7.331032837499982246e-01 7.345084945199510384e-01 7.364598127418868767e-01 7.398214931847126863e-01 7.508571205115014413e-01 7.655119528187767086e-01 7.808622744787955261e-01 7.937413090014482364e-01 8.041919503066289332e-01 8.171987287096870167e-01 8.310542855764569969e-01 8.452161672685802873e-01 8.617081100858269282e-01 8.832181781592545189e-01 9.019884844856598249e-01 9.163936241160003382e-01 9.227458554410039593e-01 9.252439243556118686e-01 9.244389625475017969e-01 9.209537275223935726e-01 9.154348266209648699e-01 9.063360927897883279e-01 8.926613536943169835e-01 8.760934562475161114e-01 8.451369665939247877e-01 8.054915227224679342e-01 7.582147641025582807e-01 7.224055527676112032e-01 6.951203353041260913e-01 6.646262923845487336e-01 6.309557564919106021e-01 5.972980900317778064e-01 5.719874332260257432e-01 5.450465535569808395e-01 5.065863481439125682e-01 4.450771510685512800e-01 3.842895212148653150e-01 3.263113337773443923e-01 2.696847814642128194e-01 2.172821746155826350e-01 1.724607052182670908e-01 1.352055204012551637e-01 1.049654590813818844e-01 8.087606535658650730e-02 6.196717470122278110e-02 4.728934838566516835e-02 3.598969046542334349e-02 2.734264107129634469e-02 2.075327081270877949e-02 1.574603263169713219e-02 1.194760957373581199e-02 9.069252736735540499e-03 6.888696011190438909e-03 5.236729357675461161e-03 3.984786095605825050e-03 3.035312008566538183e-03 2.314740227633678427e-03 1.767328008516068577e-03 1.351041025174409740e-03 1.034156872576548827e-03 7.926324630654568932e-04 6.083471750313791150e-04 4.675622029879343295e-04 3.598699152435898122e-04 2.773988180484667377e-04 2.141514175753157594e-04 1.655852933646980341e-04 1.282426675936879958e-04
5.797558012711966358e-01 5.784563366254518169e-01 5.862257599488478466e-01 5.942117188863335064e-01 6.202739058404247441e-01 6.579097307629837577e-01 6.965554436960577078e-01 7.142789109392388980e-01 7.174804095707824070e-01 7.089038497171376019e-01 7.004672354789716060e-01 7.133324954064833578e-01 7.388711855966284547e-01 7.547163141427218891e-01 7.688891128250174845e-01 7.765991895342494455e-01 7.775853655341951054e-01 7.761130671962053196e-01 7.895782617491945432e-01 7.992570027990721915e-01 7.974348003555015163e-01 7.861836286729316781e-01 7.739561645709127635e-01 7.647572919524185941e-01 7.597952048876850384e-01 7.567065100140268896e-01 7.530062038959516313e-01 7.498492620655586860e-01 7.462154851023206081e-01 7.428896101941070418e-01 7.400050484756393043e-01 7.381926723627947329e-01 7.374968202487187652e-01 7.390123526923406683e-01 7.411523777636290777e-01 7.446590259085589247e-01 7.556961034303604219e-01 7.703854292560790018e-01 7.857715943123646518e-01 7.988449727935917899e-01 8.095847755277033597e-01 8.228666694517952074e-01 8.370172165532410169e-01 8.514696318468595315e-01 8.681304649155328068e-01 8.894940489937268602e-01 9.080843203468251801e-01 9.223829188758480013e-01 9.290586900332985509e-01 9.321581119490304213e-01 9.322931805238449110e-01 9.301274894376018176e-01 9.263307473582461649e-01 9.196416651113141771e-01 9.093352349735880358e-01 8.969866559456766142e-01 8.728351027650848026e-01 8.418571944206010293e-01 8.047867065931988417e-01 7.775214681578938025e-01 7.574644686765567014e-01 7.344547997781901705e-01 7.082477106968816383e-01 6.814932424880124628e-01 6.619446166948237398e-01 6.405397247072452949e-01 6.073175439618416771e-01 5.495735240217547446e-01 4.890314204596298286e-01 4.277375951260312670e-01 3.640383046949239310e-01 3.014892142584427170e-01 2.451068114524242447e-01 1.960742282468334319e-01 1.547446198633335157e-01 1.207976388742284385e-01 9.349640536978172378e-02 7.190026705622447334e-02 5.503246583284446963e-02 4.198296961705526992e-02 3.195769114543462602e-02 2.429398171941750395e-02 1.845537975666466241e-02 1.401755716584551954e-02 1.064868265255552310e-02 8.093098593890164436e-03 6.154904109138830022e-03 4.684553596420836484e-03 3.568743873317091909e-03 2.721372824748873476e-03 2.077362086643864091e-03 1.587521432261380493e-03 1.214543231778208174e-03 9.302878985367656279e-04 7.134195740914695341e-04 5.477768090056259805e-04 4.211373708825609670e-04 3.241958776153354882e-04 2.499069541251861285e-04 1.929117473270743391e-04
5.816463216390249658e-01 5.804536298421647533e-01 5.882915922539463383e-01 5.963549917288059055e-01 6.223911017685800351e-01 6.600991008145783434e-01 6.990639268008541629e-01 7.173754797606958222e-01 7.210510600176656126e-01 7.126982656505613800e-01 7.043801179921035382e-01 7.174572079819547810e-01 7.429555441069947141e-01 7.583379796947179452e-01 7.718689595015291172e-01 7.790770141570655394e-01 7.797632341693035984e-01 7.782444656972297148e-01 7.913992883591763894e-01 8.009665932148957168e-01 7.991258273723340633e-01 7.881342281531535932e-01 7.761240816796146635e-01 7.671479335661470778e-01 7.623779056299861967e-01 7.594089316597254502e-01 7.559189611777615836e-01 7.529332421831500533e-01 7.494876304685600399e-01 7.463813958156857442e-01 7.436821143953509239e-01 7.420389185544509214e-01 7.415487134609605180e-01 7.431482873878840767e-01 7.454537097695026482e-01 7.490581141061428694e-01 7.600496764901599756e-01 7.747170795313436109e-01 7.900467003273586863e-01 8.032139195496686979e-01 8.141111882881023609e-01 8.275393241526742827e-01 8.418622829767488103e-01 8.564925243515491005e-01 8.732484666812447838e-01 8.944622690679479016e-01 9.128859995302279762e-01 9.270771160590939308e-01 9.339813661261766597e-01 9.375164469176794357e-01 9.383358109464300378e-01 9.371281484176868792e-01 9.345729054340677910e-01 9.296210603161734198e-01 9.217493947551405054e-01 9.124500875499699237e-01 8.933618028136750544e-01 8.689981585785040430e-01 8.400157016259474085e-01 8.197431582375096504e-01 8.057981157263699457e-01 7.894831383622069598e-01 7.704496958171467291e-01 7.508616816094406676e-01 7.375048184812663665e-01 7.224649818354619280e-01 6.965080501694037585e-01 6.471262172744328689e-01 5.925067849368049755e-01 5.339303241866385497e-01 4.690007563094761300e-01 4.009309403150176365e-01 3.356691859368586828e-01 2.756258090598986410e-01 2.224486962019332492e-01 1.768983405199427705e-01 1.389775832279734336e-01 1.081374813881561814e-01 8.351838188019612697e-02 6.414863697792638764e-02 4.907561526641947280e-02 3.744155895954923152e-02 2.851454985137398535e-02 2.169363255432349077e-02 1.649620388893104431e-02 1.254310403084757213e-02 9.539680335254201171e-03 7.258699057518485168e-03 5.526671404281373497e-03 4.211064957390815537e-03 3.211306650169039843e-03 2.451160977140146979e-03 1.872708833109860667e-03 1.432199246005235382e-03 1.096437469197195005e-03 8.402689891259600922e-04 6.446651464658069257e-04 4.951437791847569441e-04 3.807409328006458788e-04 2.931213536934997011e-04
5.833293943918231861e-01 5.822299589246540119e-01 5.901258670992078903e-01 5.982559167694692093e-01 6.242622114507958564e-01 6.620341151175919148e-01 7.012922572621491657e-01 7.201604061325792561e-01 7.243135272675360614e-01 7.162150689752625476e-01 7.080344666383752150e-01 7.213367625396923666e-01 7.468786442758587052e-01 7.618828924730931540e-01 7.748258597089127120e-01 7.815295615481401281e-01 7.819099520901863221e-01 7.803181270384695889e-01 7.931759129926660989e-01 8.025977090112739187e-01 8.007364436646089434e-01 7.899700088889380911e-01 7.781598512235438081e-01 7.693902535123100517e-01 7.647920168074883174e-01 7.619261765251981178e-01 7.586397311259887033e-01 7.557911364471833204e-01 7.525328379636304632e-01 7.496201049360227131e-01 7.470826112254710383e-01 7.456058595097140307e-01 7.452894054326412165e-01 7.469623281809035786e-01 7.494168085471182295e-01 7.530871574631725629e-01 7.640137611285739982e-01 7.786290434498363000e-01 7.938441045654891504e-01 8.070446580970030981e-01 8.180016998898973490e-01 8.314780647594447460e-01 8.458718150190955853e-01 8.605779012345211587e-01 8.773583627272858454e-01 8.984094980528196661e-01 9.166750559946139632e-01 9.307628039393022190e-01 9.378315306681307417e-01 9.416891139396432742e-01 9.430164083360832450e-01 9.425162546700995847e-01 9.408688083252404466e-01 9.371825176281668446e-01 9.310808356538343711e-01 9.239843849226316852e-01 9.086295205319840917e-01 8.892030797240838558e-01 8.663782761861036352e-01 8.514817916280483789e-01 8.422813311746406573e-01 8.313378329243199527e-01 8.183137273523468647e-01 8.049992631601978754e-01 7.971311088707911940e-01 7.879600621830951113e-01 7.694535558735056124e-01 7.304356715527801081e-01 6.853627586944812666e-01 6.345539017215791056e-01 5.747103783078494343e-01 5.077413268147353831e-01 4.391920524202601039e-01 3.719606589046572376e-01 3.087535126352939363e-01 2.516333876181212070e-01 2.018291267009812706e-01 1.597260290588027321e-01 1.250398546942933509e-01 9.705687454447600726e-02 7.485077364088467411e-02 5.745122985112301184e-02 4.394710036171342593e-02 3.354027745087805740e-02 2.556017495790029875e-02 1.946255488975648720e-02 1.481447304637054443e-02 1.127632596942087714e-02 8.585555485752486768e-03 6.539780563358212756e-03 4.984391268406838764e-03 3.801620356104075393e-03 2.901699727545274232e-03 2.216643327994827824e-03 1.694786950397317478e-03 1.296937102720276038e-03 9.934214531958326152e-04 7.616544992273393275e-04 5.845334183005226197e-04 4.490582648484114947e-04
5.848234618490936176e-01 5.838052677780982691e-01 5.917498496328184032e-01 5.999370036832251118e-01 6.259106496449967638e-01 6.637387557555404216e-01 7.032652256172868821e-01 7.226555808674685055e-01 7.272814255952323448e-01 7.194608162792525130e-01 7.114344843886023506e-01 7.249712445355505075e-01 7.506318271789004237e-01 7.653458146516473048e-01 7.777593952292519708e-01 7.839646540468042657e-01 7.840312683603112287e-01 7.823455735818902745e-01 7.949157580475285645e-01 8.041627657365075788e-01 8.022781204514147779e-01 7.917021724044719377e-01 7.800784078071582028e-01 7.714978598753585715e-01 7.670523572900340703e-01 7.642792108829592479e-01 7.611821677271500830e-01 7.584455144809078009e-01 7.553718686481413203e-01 7.526262833449768319e-01 7.502330542185942086e-01 7.489203354369523558e-01 7.487439520308061258e-01 7.504914093754562199e-01 7.530767892570061628e-01 7.567914942548468193e-01 7.676502312914428305e-01 7.821956372151590564e-01 7.972657679935433173e-01 8.104698249530545295e-01 8.214201546676429544e-01 8.348814621595302965e-01 8.492708273806774955e-01 8.639688110724460524e-01 8.807118293541743581e-01 9.015778483275388444e-01 9.196836177515305133e-01 9.336675191444665511e-01 9.408519941595757663e-01 9.449502701357690437e-01 9.466601969749827150e-01 9.466913342763958461e-01 9.457188701931897867e-01 9.429682013594977708e-01 9.381682453601801752e-01 9.326756034019670905e-01 9.200773748993544832e-01 9.043093363364551607e-01 8.860821526640754175e-01 8.751759245249550734e-01 8.694714443411493132e-01 8.625552309264417072e-01 8.541486050978752687e-01 8.457664607045940475e-01 8.421863167064929101e-01 8.377015335213600089e-01 8.256016539784456487e-01 7.965939394444488952e-01 7.620001853369247069e-01 7.214615392447034647e-01 6.711546618151524868e-01 6.114530686653630864e-01 5.464220623756761430e-01 4.783418861808246270e-01 4.100174780255055329e-01 3.442913587002861542e-01 2.836048897837273319e-01 2.296453080863343765e-01 1.832377754560913785e-01 1.444439392240451092e-01 1.127636713194637985e-01 8.737237340647829864e-02 6.731635665032990878e-02 5.165099240882307929e-02 3.951582102229257015e-02 3.017257577456152612e-02 2.301035540535492988e-02 1.753616379070151859e-02 1.336088359118807814e-02 1.018004455233345595e-02 7.758453753403178610e-03 5.915502869536798033e-03 4.512724172969685525e-03 3.444786514966748960e-03 2.631406168096062873e-03 2.011546773791690786e-03 1.538926314580127278e-03 1.178288585294041306e-03 9.029171150390971059e-04 6.924999217426032081e-04
5.861457167271552082e-01 5.851980865687173017e-01 5.931832338700293583e-01 6.014190555909674218e-01 6.273580168208157115e-01 6.652352631179406783e-01 7.050062263964237408e-01 7.248827638177592902e-01 7.299695545369745409e-01 7.224433542590067425e-01 7.145851906457656444e-01 7.283614863935881090e-01 7.542060766496616608e-01 7.687186606953153589e-01 7.806667503858568669e-01 7.863873746064589110e-01 7.861322106764246920e-01 7.843364270789289217e-01 7.966248123621014754e-01 8.056736155916112141e-01 8.037601169245803812e-01 7.933426895183600669e-01 7.818926031935056198e-01 7.734832654453173140e-01 7.691732821807784060e-01 7.664862649545948203e-01 7.635589211701609980e-01 7.609181022194818622e-01 7.580215194379679167e-01 7.554196210080432738e-01 7.531580773724697586e-01 7.520042065507995810e-01 7.519361496396385069e-01 7.537666070862878431e-01 7.564597331987588102e-01 7.602059028060521584e-01 7.710012972431603551e-01 7.854618928921374144e-01 8.003775887846710235e-01 8.135722144173820336e-01 8.244739090195281062e-01 8.378878901189974471e-01 8.522235937826322383e-01 8.668532993260449349e-01 8.835126294996409335e-01 9.041676854586736534e-01 9.221049065767215058e-01 9.359772146591155417e-01 9.432353871559738812e-01 9.475102932831542812e-01 9.495090132123520377e-01 9.499432573798789470e-01 9.494799510187804659e-01 9.474317222216860346e-01 9.436029834102770408e-01 9.392931031173086254e-01 9.287464925049764286e-01 9.156958027799418920e-01 9.008824528591907743e-01 8.928900176230289976e-01 8.896874428387749889e-01 8.856712794881569373e-01 8.806285270386835506e-01 8.758677739799382023e-01 8.753615573580226794e-01 8.742671971207743864e-01 8.670831903141711372e-01 8.464250548661014228e-01 8.212628909067746230e-01 7.909610360910810378e-01 7.517436440385936169e-01 7.029091989658841078e-01 6.468328235626992218e-01 5.845291122277430640e-01 5.178693775492858586e-01 4.493875562302903082e-01 3.819456699499541585e-01 3.182391017670531674e-01 2.603790448361487098e-01 2.096675413957697076e-01 1.665736389417891705e-01 1.308913905688380841e-01 1.019633036621006156e-01 7.890146549797869002e-02 6.075220935743710221e-02 4.660911189109413072e-02 3.566848821470144232e-02 2.724956856886110237e-02 2.079613216244956611e-02 1.586189755476763441e-02 1.209575593641873045e-02 9.224437055804701399e-03 7.036372406301173200e-03 5.369445025726421461e-03 4.099442141938559013e-03 3.131568728097627700e-03 2.393742146679485750e-03 1.830953537017891491e-03 1.401459293311015748e-03 1.073496838799765278e-03
5.873121450606040295e-01 5.864255958720010486e-01 5.944442295200871307e-01 6.027212739148444243e-01 6.286242113370462681e-01 6.665442108392194420e-01 7.065372252286070687e-01 7.268633607500546434e-01 7.323937210259977570e-01 7.251718687717297884e-01 7.174926564949477559e-01 7.315094891935550736e-01 7.575927463651794813e-01 7.719911922446186514e-01 7.835426876796889317e-01 7.888001182180514048e-01 7.882171807228995908e-01 7.862984940682714585e-01 7.983084006048631887e-01 8.071409568843330717e-01 8.051903531323301166e-01 7.949034923761871818e-01 7.836136454537737661e-01 7.753582754230323726e-01 7.711684250860183498e-01 7.685627563272486862e-01 7.657827384982810459e-01 7.632286527378834284e-01 7.604960024613972580e-01 7.580192112881397604e-01 7.558798604070352534e-01 7.548757216594718100e-01 7.548899281803550521e-01 7.568135887632468917e-01 7.595878422330656354e-01 7.633606049160968077e-01 7.740981146333636431e-01 7.884580906857486804e-01 8.032250962458454824e-01 8.164014371147412241e-01 8.272308034500329699e-01 8.405868896523914779e-01 8.548395908476219551e-01 8.693654544814733987e-01 8.859136972581873604e-01 9.063359691844979915e-01 9.240956213701486677e-01 9.378439055421566861e-01 9.451380731714381644e-01 9.495363678772379412e-01 9.517493610263031423e-01 9.524890435586633730e-01 9.524123471593781698e-01 9.508976662410794090e-01 9.478034412629187111e-01 9.443786539158808280e-01 9.353761550969792449e-01 9.243606407019221427e-01 9.120912083301876416e-01 9.062200203514051422e-01 9.047854819080336508e-01 9.028142104761567310e-01 9.001484351761946945e-01 8.979370867676628176e-01 8.995069588609253541e-01 9.007008112211596362e-01 8.970167387965864991e-01 8.827145948132292252e-01 8.650724117906128940e-01 8.434545218785804988e-01 8.145391469427847309e-01 7.771924839624244630e-01 7.325552907946393244e-01 6.804990078420548594e-01 6.215957275338508392e-01 5.572230849861226076e-01 4.895601711761449204e-01 4.213144492759647308e-01 3.552970075397029470e-01 2.939726949919255206e-01 2.391033923681145368e-01 1.916198071693590854e-01 1.516845078581189332e-01 1.188851556665825315e-01 9.245483570963781983e-02 7.147455856197472424e-02 5.501236892527660433e-02 4.220671661763988197e-02 3.231036557777002688e-02 2.469769305139894386e-02 1.886122169999128809e-02 1.439707499466147921e-02 1.098742372299736647e-02 8.385779656988258390e-03 6.401617019348666837e-03 4.888588628810382371e-03 3.734877872627437919e-03 2.854868467911231018e-03 2.183425634590433276e-03 1.670904509193785192e-03
5.883375719833412454e-01 5.875036896636172123e-01 5.955496427912463364e-01 6.038613533532997124e-01 6.297275313558774457e-01 6.676845784440649245e-01 7.078787399308162920e-01 7.286182090202401040e-01 7.345704974779762031e-01 7.276568394466955692e-01 7.201641255856884305e-01 7.344187132395181283e-01 7.607842223980059160e-01 7.751517854250582484e-01 7.863796304475011434e-01 7.912027251720983312e-01 7.902896948235378360e-01 7.882379469130205152e-01 7.999716342738599772e-01 8.085741602022188390e-01 8.065759602243691706e-01 7.963957019536520576e-01 7.852515761546410289e-01 7.771340567824073231e-01 7.730504717802919590e-01 7.705216269286657704e-01 7.678667412673918502e-01 7.653943093326577296e-01 7.628084067852650696e-01 7.604432186528699011e-01 7.584179027953134034e-01 7.575509807624187797e-01 7.576291019089020917e-01 7.596527851966481393e-01 7.624821995938689811e-01 7.662828196489683830e-01 7.769651747706101119e-01 7.912087406146900426e-01 8.058429295388636060e-01 8.189881358355035612e-01 8.297358140621533540e-01 8.430340524928134904e-01 8.571868995117533085e-01 8.715942110829012490e-01 8.880200585856996565e-01 9.081966677049727599e-01 9.257756705527627750e-01 9.393874934786351494e-01 9.466860189826020733e-01 9.511633707711121266e-01 9.535294641267604288e-01 9.544972041551217368e-01 9.547124673728005773e-01 9.536045633029659463e-01 9.510708045102695962e-01 9.483167293725376368e-01 9.404896830125245577e-01 9.310150483923929077e-01 9.206581750704440070e-01 9.163406113655179208e-01 9.161552586310316437e-01 9.156161897196410937e-01 9.146064994034450724e-01 9.141482792481808728e-01 9.170619942909522537e-01 9.197230927970462266e-01 9.184123653940710064e-01 9.086858581983668914e-01 8.966045009216344619e-01 8.816520554574619473e-01 8.611084435734671638e-01 8.338596610626021199e-01 8.003992269897306500e-01 7.599771341485330733e-01 7.121923594652724843e-01 6.571889374011445906e-01 5.958744428850940578e-01 5.299730955042100122e-01 4.618975434357493470e-01 3.944292750688376814e-01 3.302532627844743107e-01 2.715464266765874601e-01 2.197176869547421141e-01 1.753654914609706628e-01 1.383963188073200623e-01 1.082404901787986373e-01 8.406437912630929099e-02 6.494109975841895477e-02 4.997142223922785426e-02 3.834335294803775662e-02 2.936283189982201447e-02 2.245637556453297309e-02 1.716019872919658656e-02 1.310739667074353743e-02 1.001018487287307253e-02 7.645113976021436671e-03 5.840092403027876550e-03 4.462589282197683936e-03 3.411342261741777057e-03 2.608933155614401485e-03
5.892357101305940592e-01 5.884470379856708844e-01 5.965149533455539332e-01 6.048555702288207492e-01 6.306847699884519098e-01 6.686738242794889597e-01 7.090498382777097319e-01 7.301673854595889246e-01 7.365169444911406904e-01 7.299099141989086048e-01 7.226080358854553021e-01 7.370942342880710818e-01 7.637744795794761954e-01 7.781882134868526313e-01 7.891679092439205512e-01 7.935926629674344701e-01 7.923520016032061797e-01 7.901594601509038807e-01 8.016194288858251582e-01 8.099813162194858807e-01 8.079235075159837409e-01 7.978291609396581663e-01 7.868155702636973059e-01 7.788210400997014338e-01 7.748310518832037808e-01 7.723738885560047507e-01 7.698241071359219756e-01 7.674296159516702520e-01 7.649716666878458859e-01 7.627084041131945158e-01 7.607892477889464100e-01 7.600451123455812530e-01 7.601763809441489661e-01 7.623003879031687857e-01 7.651638468547928840e-01 7.689964321625134547e-01 7.796227009163826382e-01 7.937368465861226463e-01 8.082588286446782400e-01 8.213538675048800419e-01 8.320225936087163321e-01 8.452642408051043166e-01 8.593076057698262327e-01 8.735963731151256129e-01 8.898980164466321341e-01 9.098264990445439349e-01 9.272299904460347131e-01 9.406966403625990347e-01 9.479766495334114307e-01 9.524981718385814311e-01 9.549678102404862701e-01 9.561018492579251848e-01 9.565336070245448186e-01 9.557339823676825885e-01 9.536284821051534966e-01 9.513860797872438768e-01 9.444616960275208362e-01 9.361657448709959084e-01 9.272622758555159050e-01 9.240956219571045960e-01 9.248009003540570427e-01 9.252691474462014787e-01 9.254113717847678444e-01 9.261472076868083603e-01 9.299037620472468957e-01 9.334678991228578804e-01 9.337173907826642472e-01 9.271822978328695397e-01 9.190323927542349836e-01 9.088910992906138464e-01 8.946104176521515461e-01 8.752952656317347646e-01 8.512008897387113304e-01 8.214267821058679475e-01 7.851404310134079134e-01 7.417152119433542135e-01 6.909612797095463499e-01 6.333267653155045807e-01 5.700430215549203705e-01 5.031304095691492284e-01 4.351704567665773404e-01 3.689254277977143115e-01 3.068878068425085481e-01 2.509259597572929268e-01 2.021086145473039719e-01 1.607413868119872413e-01 1.265285356457559462e-01 9.878415446223244578e-02 7.663670055150076377e-02 5.917023596109800831e-02 4.552304981902234593e-02 3.493488116264625160e-02 2.676159797665738846e-02 2.047638346502564030e-02 1.565582148521957317e-02 1.196522232829886484e-02 9.143405780718517895e-03 6.987270895069475421e-03 5.340514641021420171e-03 4.083008220253506355e-03
5.900192102504799863e-01 5.892691496173694254e-01 5.973543886978848194e-01 6.057188662909614996e-01 6.315113058736906426e-01 6.695279599805674664e-01 7.100681529451583485e-01 7.315300453393219771e-01 7.382503228869667922e-01 7.319437218075161011e-01 7.248339587158133535e-01 7.395427753423823303e-01 7.665595068794328615e-01 7.810884044538014548e-01 7.918961657264836917e-01 7.959652354972192034e-01 7.944047695105905804e-01 7.920662597597492027e-01 8.032562642623241045e-01 8.113693230301484149e-01 8.092390299195908465e-01 7.992123071519765531e-01 7.883140338186360729e-01 7.804287945166499263e-01 7.765207288944804276e-01 7.741291886153554014e-01 7.716675415925939863e-01 7.693469800252689117e-01 7.669988410698113102e-01 7.648298714065784321e-01 7.630089466491096761e-01 7.623728783255707686e-01 7.625523698584902865e-01 7.647700227580680465e-01 7.676536229464767658e-01 7.715216298902399794e-01 7.820883356037335865e-01 7.960650851228328051e-01 8.104948100436681901e-01 8.235170165768516126e-01 8.341189944640058362e-01 8.473008731451274755e-01 8.612303421505205225e-01 8.754088702841346104e-01 8.915872676199241287e-01 9.112747660418993867e-01 9.285141078973764284e-01 9.418321058478603680e-01 9.490806503700995878e-01 9.536212967664520201e-01 9.561566247954607078e-01 9.574093708547859460e-01 9.579973573781986884e-01 9.574283623766356444e-01 9.556480512659593085e-01 9.537954094025529184e-01 9.475671137240184727e-01 9.401791147552307493e-01 9.323905235054772422e-01 9.300872239086275250e-01 9.314367941204428902e-01 9.326222209621954917e-01 9.335721945893260543e-01 9.351226314368393799e-01 9.393952199613410103e-01 9.434950347116234370e-01 9.447511028309711900e-01 9.404092601099685034e-01 9.349727362065078928e-01 9.281831709804885255e-01 9.183615408161077687e-01 9.048660382890763021e-01 8.879137872510318719e-01 8.667088394656145001e-01 8.403837861742693427e-01 8.080539552336151177e-01 7.689609909618804195e-01 7.226419425045625955e-01 6.691405631734154147e-01 6.092121633573269746e-01 5.444012562890626628e-01 4.769620613482028482e-01 4.095681798755575476e-01 3.448955036245885397e-01 2.851961773951158796e-01 2.320211341859553522e-01 1.861307295388643923e-01 1.475788401181244991e-01 1.159100254558900617e-01 9.035922064646598195e-02 7.003625286368575509e-02 5.404985515926669093e-02 4.157887422992154192e-02 3.191198188541377601e-02 2.445333830725566343e-02 1.871767353641247064e-02 1.431794482234154640e-02 1.094827727704272315e-02 8.370459439286942124e-03 6.399793578111333953e-03
5.906997135212217476e-01 5.899824347612309117e-01 5.980809967555237305e-01 6.064649292302910499e-01 6.322211904791166237e-01 6.702616268076425632e-01 7.109499125932793318e-01 7.327242971176323172e-01 7.397878153606808338e-01 7.337716425178228974e-01 7.268524720220032043e-01 7.417726316702984990e-01 7.691375907458132266e-01 7.838411434604234396e-01 7.945518753102082110e-01 7.983138148851314231e-01 7.964469367474693584e-01 7.939601115474526072e-01 8.048858668930674032e-01 8.127439374030235308e-01 8.105279839269715625e-01 8.005522803905834595e-01 7.897545877527167857e-01 7.819659517191713816e-01 7.781290394816036127e-01 7.757962663263068270e-01 7.734088460882370120e-01 7.711572641777797443e-01 7.689028659271516242e-01 7.668211302717860001e-01 7.650905218631601779e-01 7.645487361097789147e-01 7.647750020212409350e-01 7.670743946029914273e-01 7.699713336377965733e-01 7.738752605754805058e-01 7.843783656497933521e-01 7.982154190121194537e-01 8.125678875983521898e-01 8.254957566697161964e-01 8.360484249575741433e-01 8.491616265637017547e-01 8.629779021270302941e-01 8.770573042009344178e-01 8.931120805811695318e-01 9.125736327959187433e-01 9.296620649905132927e-01 9.428330300453727775e-01 9.500458183086150088e-01 9.545892915241425136e-01 9.571639663933330100e-01 9.585012170008277987e-01 9.591988095345056475e-01 9.588003776631472963e-01 9.572644659007519818e-01 9.557061417662691127e-01 9.500145203364243063e-01 9.433274660850587967e-01 9.363987430350967367e-01 9.347489555408616813e-01 9.365712989308283554e-01 9.382755554854308455e-01 9.398004471907052126e-01 9.419127681518787432e-01 9.464958737314591586e-01 9.509018985029522586e-01 9.528012021456622183e-01 9.499624285319618888e-01 9.463809248185495182e-01 9.418858109761800712e-01 9.351546768965359746e-01 9.257619305726085823e-01 9.139547899318206658e-01 8.991222241546488192e-01 8.805437312201186417e-01 8.573902599209406450e-01 8.287856304201682844e-01 7.938896134474359156e-01 7.520416244530514494e-01 7.029651096999519622e-01 6.469652935145601136e-01 5.850949941913360375e-01 5.191783925123238941e-01 4.516491840407826919e-01 3.851994578485412601e-01 3.223582141770175435e-01 2.651163215857174071e-01 2.147126060838845107e-01 1.716298057405513111e-01 1.357143446652053775e-01 1.063845294070056430e-01 8.282678481560831751e-02 6.414782527562611081e-02 4.948595430363970232e-02 3.806450261514632977e-02 2.921764876863642418e-02 2.239448360440198307e-02 1.714772347309750922e-02 1.312210935719407799e-02 1.003814525476318630e-02
5.912879050300868800e-01 5.905982675631311629e-01 5.987067167972530690e-01 6.071062705911929314e-01 6.328272327865391844e-01 6.708881736049913114e-01 7.117099870884762147e-01 7.337671141503521177e-01 7.411462731690884320e-01 7.354075564766675566e-01 7.286749852169824848e-01 7.437935102861920056e-01 7.715094539143152463e-01 7.864366918395067074e-01 7.971219421545253647e-01 8.006301051314022033e-01 7.984757224785278273e-01 7.958412990838140688e-01 8.065109384749344912e-01 8.141098000223062625e-01 8.117952053146805236e-01 8.018551230022894494e-01 7.911440336617173719e-01 7.834401955733568679e-01 7.796645480447812471e-01 7.773832374865291550e-01 7.750587051903293778e-01 7.728702607994942797e-01 7.706960959911556275e-01 7.686943481557576563e-01 7.670463045466162644e-01 7.665865977153188959e-01 7.668595240277064073e-01 7.692263093771822824e-01 7.721349100668573051e-01 7.760717896600853871e-01 7.865083583669570944e-01 8.002082476402315736e-01 8.144913486736005126e-01 8.273089259321108058e-01 8.378296461947183360e-01 8.508617684282810956e-01 8.645704322031951827e-01 8.785606941097109379e-01 8.944893496351093987e-01 9.137457962401073219e-01 9.306942691115165367e-01 9.437243317507464369e-01 9.509026669482655292e-01 9.554391300555850064e-01 9.580369398581826124e-01 9.594360837659929864e-01 9.602091437349654646e-01 9.599371888231293948e-01 9.585836281466511011e-01 9.572452351828231176e-01 9.519667659833850326e-01 9.458198322917960033e-01 9.395547356630029601e-01 9.384001863682144284e-01 9.405715518057837787e-01 9.426560752652827224e-01 9.445970823546969708e-01 9.471037671848241413e-01 9.518719866787079820e-01 9.564461773750302376e-01 9.587560915787352034e-01 9.569536891932834966e-01 9.546417053564048016e-01 9.517096584712119167e-01 9.470965749274737888e-01 9.405391584481367362e-01 9.323229270632263921e-01 9.220132648403154274e-01 9.090756815643534772e-01 8.928549870366137009e-01 8.725905922973814510e-01 8.474359361627636922e-01 8.165189747486145677e-01 7.790616768874302212e-01 7.345345917895261811e-01 6.828646055320525265e-01 6.246278315587244778e-01 5.611666791677581978e-01 4.945418222060521951e-01 4.273032164292619450e-01 3.621050819706962409e-01 3.012838151073053417e-01 2.465554811251143563e-01 1.988674753365891057e-01 1.584538907682691289e-01 1.249955896864322902e-01 9.781485494916099255e-02 7.606748028602000611e-02 5.887246051174969269e-02 4.540011423038909505e-02 3.491844788286417589e-02 2.680515567439048161e-02 2.054940721134259837e-02 1.573944485083310363e-02
5.917935678656074394e-01 5.911270481762631590e-01 5.992424489363834539e-01 6.076543013936300808e-01 6.333410816125104592e-01 6.714197357827850210e-01 7.123619443436988163e-01 7.346742818172302680e-01 7.423419983511820863e-01 7.368655881028363108e-01 7.303135328357917011e-01 7.456163064158434217e-01 7.736782538167592538e-01 7.888672955018164457e-01 7.995933237817548500e-01 8.029044526269230042e-01 8.004867515548956813e-01 7.977086338174280700e-01 8.081329850237640722e-01 8.154704664563841021e-01 8.130448864008141818e-01 8.031259712455032229e-01 7.924883495105978781e-01 7.848583017007751961e-01 7.811349029901294427e-01 7.788977084459214328e-01 7.766266625006265079e-01 7.744949613912482933e-01 7.723899063744303906e-01 7.704606066317315483e-01 7.688876388716452404e-01 7.684995399713433484e-01 7.688188882486282072e-01 7.712389115132549655e-01 7.741600159216884824e-01 7.781243542242743949e-01 7.884932452999936503e-01 8.020617337241197076e-01 8.162764207237989122e-01 8.289755383104759900e-01 8.394768801605165809e-01 8.524159566688218614e-01 8.660259525952384019e-01 8.799338768172179082e-01 8.957332501387832435e-01 9.148086668858944615e-01 9.316236278118797953e-01 9.445229688149278102e-01 9.516702131711691770e-01 9.561939531839331874e-01 9.588064518248530232e-01 9.602533997494916429e-01 9.610785001882812262e-01 9.609029870075810331e-01 9.596859280717713325e-01 9.585114372662535409e-01 9.535519755740586856e-01 9.478202463194872474e-01 9.420662631825892364e-01 9.412836712208255685e-01 9.437100620080750568e-01 9.460737279281969947e-01 9.483191744692710534e-01 9.511074893901795280e-01 9.559857703359727621e-01 9.606480912679596917e-01 9.632221967198677515e-01 9.621435976893115694e-01 9.607082440404243195e-01 9.588457218940824589e-01 9.556840363991453424e-01 9.510740176138885449e-01 9.453282564706639857e-01 9.381506517443072291e-01 9.291688215459937839e-01 9.179093174939698674e-01 9.037947730256290502e-01 8.861333947784872933e-01 8.641284215224001031e-01 8.369233776216226106e-01 8.036732665254124885e-01 7.636790430150522946e-01 7.165650188639106632e-01 6.624835681875061999e-01 6.022817913565555736e-01 5.375683492482220549e-01 4.706007725855123613e-01 4.039844247847762526e-01 3.402816545981054430e-01 2.816104296738857760e-01 2.294051541607295686e-01 1.843499591685792138e-01 1.464625822006016820e-01 1.152867886620038002e-01 9.007961245317658294e-02 6.997972641868881183e-02 5.412709722699098752e-02 4.172729585824987153e-02 3.208994976859103065e-02 2.463523738318324635e-02
5.922256372946806957e-01 5.915782640284708016e-01 5.996981219583563671e-01 6.081194055329666170e-01 6.337733055556774575e-01 6.718673145503184507e-01 7.129181160735001965e-01 7.354603766128250397e-01 7.433905673326592911e-01 7.381598616696534165e-01 7.317805533169228216e-01 7.472528394333269874e-01 7.756494521263997965e-01 7.911275586390601466e-01 8.019536478530425727e-01 8.051262152250505677e-01 8.024742448846178267e-01 7.995595191076287911e-01 8.097522472484196543e-01 8.168284552863995795e-01 8.142805631616150119e-01 8.043691908777517163e-01 7.937927180014326956e-01 7.862262019599403073e-01 7.825468909938637641e-01 7.803467655681266546e-01 7.781211936692012943e-01 7.760396557198879774e-01 7.739944852100276718e-01 7.721300583549156604e-01 7.706249959564537289e-01 7.702996142848688166e-01 7.706643119622073046e-01 7.731253576455802135e-01 7.760601832501191621e-01 7.800454854710751063e-01 7.903471205295232727e-01 8.037915437796204765e-01 8.179337145635949824e-01 8.305136744199257404e-01 8.410008488524214343e-01 8.538388564822306792e-01 8.673599741839095323e-01 8.811889564532675578e-01 8.968572734784863165e-01 9.157759775347749098e-01 9.324595952880343486e-01 9.452418554646910831e-01 9.523606177358464597e-01 9.568685529883180774e-01 9.594923983590005756e-01 9.609781093814530051e-01 9.618402513076366178e-01 9.617421528354176408e-01 9.606290589373883693e-01 9.595786157555518114e-01 9.548687405544274975e-01 9.494570825546569948e-01 9.440969610325496975e-01 9.435888975530268841e-01 9.461957054118209642e-01 9.487606209932047951e-01 9.512277328726752579e-01 9.542185304396241241e-01 9.591614014070634076e-01 9.638667108761908020e-01 9.666135771537086585e-01 9.660493853757345928e-01 9.652284360096974325e-01 9.641061586998826982e-01 9.619470036649332423e-01 9.586793412680456594e-01 9.546294043904466342e-01 9.496002852009706174e-01 9.433416539414412050e-01 9.355280476408504020e-01 9.257520102102155812e-01 9.135050700421758485e-01 8.981663734743441374e-01 8.790083937143200465e-01 8.552103684182080778e-01 8.259137253695776337e-01 7.903170618459650631e-01 7.478248658214029509e-01 6.982340093150659621e-01 6.419333166616362218e-01 5.800411116839395698e-01 5.144024675548083403e-01 4.474231360760690945e-01 3.817139318155634009e-01 3.196959082939752061e-01 2.632566941947183103e-01 2.135550917118616554e-01 1.710315141303161424e-01 1.355256747913699267e-01 1.064689537351251047e-01 8.307465035120946417e-02 6.447789668030751153e-02 4.984228469085592167e-02 3.841220446380769898e-02
5.925922545331900881e-01 5.919605499408956417e-01 6.000827593402742188e-01 6.085110108831891518e-01 6.341334704164365288e-01 6.722408555774779249e-01 7.133896698185104857e-01 7.361387726111370267e-01 7.443066977374026560e-01 7.393042798830969931e-01 7.330886674504358824e-01 7.487155696268564808e-01 7.774305750798780057e-01 7.932146666940728119e-01 8.041917867640201445e-01 8.072841906288346081e-01 8.044312493326419844e-01 8.013900701700816809e-01 8.113677066558609985e-01 8.181853020995583092e-01 8.155051010354359420e-01 8.055884540880784428e-01 7.950615716189833870e-01 7.875490526417300297e-01 7.839064877358299377e-01 7.817369054234740711e-01 7.795497999693555835e-01 7.775119413404277813e-01 7.755188176799200361e-01 7.737119845335997947e-01 7.722680348795712968e-01 7.719977872014959219e-01 7.724057960699554082e-01 7.748982935211401468e-01 7.778472588520668474e-01 7.818473610759728576e-01 7.920830413530385306e-01 8.054109713226130784e-01 8.194740065481878055e-01 8.319394502176236106e-01 8.424103911123579369e-01 8.551448630449449695e-01 8.685853284893999549e-01 8.823364188384505979e-01 8.978746547984390869e-01 9.166583121741214146e-01 9.332104892345491898e-01 9.458915619997815272e-01 9.529822937703052999e-01 9.574734019548689634e-01 9.601079670347676398e-01 9.616256550916129076e-01 9.625160530634420120e-01 9.624835826572382125e-01 9.614519461006930667e-01 9.604990217922046991e-01 9.559893161698423958e-01 9.508276985043497831e-01 9.457741673472764843e-01 9.454646615673664156e-01 9.481921655357725687e-01 9.508960737567847543e-01 9.535199289861828742e-01 9.566539174137672630e-01 9.616315488765188046e-01 9.663539512767682638e-01 9.692158519333274880e-01 9.690242826500312656e-01 9.686420056638624931e-01 9.680406409738671059e-01 9.665836747319107580e-01 9.642512118765379503e-01 9.613728493503599370e-01 9.578193268044399300e-01 9.534257249102205956e-01 9.479744233804635600e-01 9.411894444026523976e-01 9.327183437378918640e-01 9.221164908214796174e-01 9.088384442496378890e-01 8.922256524202135664e-01 8.715157148513841268e-01 8.458713061633840180e-01 8.144470957233579389e-01 7.765011607203015087e-01 7.315606813682863363e-01 6.796170593565402651e-01 6.213013230163108025e-01 5.579912320964166561e-01 4.917395273765538533e-01 4.250455556442765959e-01 3.604840835363842810e-01 3.003002568364111502e-01 2.461353550573232019e-01 1.988939756794594338e-01 1.587942257184878636e-01 1.255277321169576688e-01 9.843940935255898750e-02 7.671129781936880665e-02 5.948797806680095057e-02
5.929008196670837449e-01 5.922817467605088204e-01 6.004045432251579051e-01 6.088376579532684962e-01 6.344302138652910816e-01 6.725493262926732774e-01 7.137866848101822592e-01 7.367216702142624918e-01 7.451041570242469270e-01 7.403123335071417621e-01 7.342504685690834920e-01 7.500173149099091940e-01 7.790308911213782439e-01 7.951284536927946123e-01 8.062983576040013700e-01 8.093670905996536158e-01 8.063499004278356086e-01 8.031952805496772596e-01 8.129771391431028782e-01 8.195416035210423278e-01 8.167206776760668197e-01 8.067867761203693089e-01 7.962986402893713622e-01 7.888312942622749402e-01 7.852189044373668603e-01 7.830739630051436473e-01 7.809190889667394497e-01 7.789187106002719574e-01 7.769707913310353042e-01 7.752148056537692122e-01 7.738256310024204110e-01 7.736039740225024719e-01 7.740524916702238301e-01 7.765694251149649618e-01 7.795318731657349121e-01 7.835417023479337439e-01 7.937129663760600362e-01 8.069313013846796112e-01 8.209083289478527057e-01 8.332665055632427764e-01 8.437139536202528101e-01 8.563474109918918220e-01 8.697125521821149619e-01 8.833859265477282952e-01 8.987980445936941676e-01 9.174636198029760825e-01 9.338845609308160656e-01 9.464806943778208970e-01 9.535417809482487073e-01 9.580169192812668655e-01 9.606624690067552264e-01 9.622060732950565853e-01 9.631203748169047119e-01 9.631454174438327520e-01 9.621797699967647999e-01 9.613076165889336000e-01 9.569634525905650335e-01 9.520021952106496599e-01 9.471931119614235284e-01 9.470251643558216248e-01 9.498274545711786754e-01 9.526207682270129151e-01 9.553489181619749804e-01 9.585790277027286255e-01 9.635687349816128844e-01 9.682914758623852869e-01 9.712302021845217181e-01 9.713129245902504261e-01 9.712497599404383841e-01 9.710220663148673159e-01 9.700657389622965310e-01 9.683950306169665234e-01 9.663363812207069747e-01 9.638053859170890858e-01 9.606945674137542523e-01 9.568605135236322168e-01 9.521204978001714947e-01 9.462380997443079478e-01 9.389095035817593971e-01 9.297527412040859085e-01 9.182889212620674035e-01 9.039333094676813563e-01 8.859913954895763943e-01 8.636727632708880442e-01 8.361308703697292177e-01 8.025463339727458845e-01 7.622576903021318628e-01 7.149328455823711348e-01 6.607722588609590275e-01 6.006549720056036934e-01 5.361952787799554310e-01 4.696242639489025539e-01 4.034869068197414754e-01 3.402720661117552559e-01 2.820337132913569023e-01 2.301594209439771777e-01 1.853177979598391034e-01 1.475327141427912603e-01 1.163678394895895085e-01 9.110716936852822356e-02
5.931580433359520121e-01 5.925489582006994160e-01 6.006708761220780346e-01 6.091070659176351931e-01 6.346713171200079051e-01 6.728007911079301184e-01 7.141182295544474812e-01 7.372201420899341384e-01 7.457957092613379801e-01 7.411969464982367528e-01 7.352783336808810244e-01 7.511709833777802103e-01 7.804610363555382069e-01 7.968713212887954533e-01 8.082661180340321438e-01 8.113640350462602013e-01 8.082217179825006426e-01 8.049692233575503897e-01 8.145771977653870621e-01 8.208970458193290964e-01 8.179287683264552244e-01 8.079665331283374385e-01 7.975069956226065182e-01 7.900766998080533954e-01 7.864886310857115426e-01 7.843630712421799656e-01 7.822348410058814761e-01 7.802661484380302159e-01 7.783573422885923243e-01 7.766460933996242044e-01 7.753058844695470686e-01 7.751271122720636564e-01 7.756128949542955286e-01 7.781493044328916531e-01 7.811237546801731435e-01 7.851395286769057291e-01 7.952478087757973713e-01 8.083622730719420835e-01 8.222476373083333900e-01 8.345060897406406664e-01 8.449204429418911699e-01 8.574584007312421319e-01 8.707506279197746446e-01 8.843466969443432024e-01 8.996390070266320205e-01 9.181980332648600474e-01 9.344902060504121089e-01 9.470159077710340600e-01 9.540448149078064599e-01 9.585063634977513125e-01 9.611629092864742985e-01 9.627267381724445849e-01 9.636636279742620825e-01 9.637391589731316710e-01 9.628289519840167454e-01 9.620269806819007341e-01 9.578235273405273364e-01 9.530283330264412989e-01 9.484210153771690521e-01 9.483539892856749365e-01 9.511986940193022377e-01 9.540437116405491302e-01 9.568345419860374568e-01 9.601228750743773244e-01 9.651050769148623587e-01 9.698148785945465145e-01 9.728027902284153150e-01 9.730889533483308984e-01 9.732611723207567067e-01 9.733063382341154979e-01 9.727136974482629705e-01 9.715198323785059209e-01 9.700444468961227917e-01 9.682322952909724334e-01 9.660136480282773830e-01 9.632945718099998889e-01 9.599554565490854285e-01 9.558404787903819200e-01 9.507472985598797166e-01 9.444184278540295185e-01 9.365240786639524861e-01 9.266496603475594673e-01 9.142814083190275998e-01 8.987975158132724962e-01 8.794688575607874093e-01 8.554820036560479846e-01 8.259932103709112239e-01 7.902224342480278496e-01 7.476066231921597582e-01 6.979753737699613270e-01 6.417446582593880899e-01 5.800450119831914719e-01 5.147045372659468931e-01 4.480867059314252998e-01 3.827471285357890163e-01 3.210466309744228197e-01 2.648328713731212813e-01 2.152465803903181596e-01 1.727318874851963004e-01 1.371498230254395434e-01
5.933699968495267374e-01 5.927686056257385205e-01 6.008884401229347416e-01 6.093261958440858717e-01 6.348637734093581786e-01 6.730024839723334207e-01 7.143924393611391643e-01 7.376441915427874862e-01 7.463930949086854394e-01 7.419703579535540383e-01 7.361842617425682356e-01 7.521893337451001083e-01 7.817326186123795262e-01 7.984480281799810619e-01 8.100902346777607566e-01 8.132650330295652097e-01 8.100379313540561066e-01 8.067052784507202645e-01 8.161635184681911293e-01 8.222504250691730077e-01 8.191301405019375537e-01 8.091294769042987056e-01 7.986890912174635648e-01 7.912884141155515083e-01 7.877194783472242223e-01 7.856086597766639423e-01 7.835020702297412765e-01 7.815597474760038743e-01 7.796845870321097438e-01 7.780126026877244305e-01 7.767161225173434547e-01 7.765752373390707453e-01 7.770949090362960776e-01 7.796473076670163982e-01 7.826318657620852104e-01 7.866509431528084795e-01 7.966975240467802921e-01 8.097125307857004906e-01 8.235023885150292156e-01 8.356675428649208426e-01 8.460393416837270752e-01 8.584880462653160516e-01 8.717077107013061488e-01 8.852275288202589021e-01 9.004076619394613124e-01 9.188667936704013606e-01 9.350356576811469367e-01 9.475021233787138675e-01 9.544968583532106310e-01 9.589479928196583680e-01 9.616148259548699118e-01 9.631938625218244843e-01 9.641538327504414196e-01 9.642726469928958322e-01 9.634109982125353966e-01 9.626717371960625824e-01 9.585901259252073148e-01 9.539374896290067074e-01 9.495025636801317503e-01 9.495088889368907825e-01 9.523758785938977178e-01 9.552460079915107150e-01 9.580686108016440716e-01 9.613859838723493034e-01 9.663434335917746587e-01 9.710284144557423947e-01 9.740435371630473682e-01 9.744797713966690811e-01 9.748262727448305798e-01 9.750728864632783877e-01 9.747486047031208578e-01 9.739044587246739049e-01 9.728518365887014463e-01 9.715540766328778499e-01 9.699658561094619547e-01 9.680255924773655263e-01 9.656552482511606694e-01 9.627529712370083148e-01 9.591856865361381157e-01 9.547833507086723737e-01 9.493255713491944858e-01 9.425309534908278275e-01 9.340425746678090446e-01 9.234136274415156720e-01 9.100941963502019449e-01 8.934259724302603400e-01 8.726500009339179798e-01 8.469354721773945105e-01 8.154521901975818610e-01 7.774770039811695899e-01 7.325594032707690717e-01 6.807123779379893325e-01 6.225747454701563433e-01 5.595141073903877604e-01 4.935550118880260295e-01 4.271474558024407897e-01 3.628181858590603381e-01 3.027735551306127704e-01 2.486357729625402468e-01 2.013153370899940231e-01
5.935421604663911888e-01 5.929464805618188672e-01 6.010632534592498244e-01 6.095013109644721316e-01 6.350138530392925862e-01 6.731608777766763252e-01 7.146165923981203649e-01 7.380028191169780705e-01 7.469070377911406489e-01 7.426440396352422812e-01 7.369797424188171409e-01 7.530847716123146851e-01 7.828578280112545862e-01 7.998653773486573693e-01 8.117684101404015751e-01 8.150614169392652597e-01 8.117898241838821249e-01 8.083963801832844132e-01 8.177308505011147144e-01 8.235996717905884612e-01 8.203248615648315312e-01 8.102767544432235569e-01 7.998468003538432569e-01 7.924689891014532472e-01 7.889146199700211026e-01 7.868144845324578363e-01 7.847250850434214220e-01 7.828043351672182570e-01 7.809579179445383934e-01 7.793203199446350204e-01 7.780629084584125277e-01 7.779555449831041525e-01 7.785058315804285201e-01 7.810717218559771746e-01 7.840644267632962405e-01 7.880850301612519759e-01 7.980711785079871445e-01 8.109899867717802469e-01 8.246822497491369530e-01 8.367588855902604594e-01 8.470803268807386432e-01 8.594451188480830561e-01 8.725915834928738013e-01 8.860366760963687138e-01 9.011125726741290309e-01 9.194749578971178616e-01 9.355285033084181912e-01 9.479430542994903286e-01 9.549032302823632357e-01 9.593470353610563661e-01 9.620228133373750490e-01 9.636131266957758124e-01 9.645973187314720310e-01 9.647519230699497239e-01 9.639347901574224498e-01 9.632518031155178351e-01 9.592768469510799534e-01 9.547503622862463235e-01 9.504662425945888948e-01 9.505279956210395120e-01 9.534066211292686610e-01 9.562845970113804661e-01 9.591183470470130423e-01 9.624443183864908047e-01 9.673630228882847959e-01 9.720130391916390611e-01 9.750371560181708697e-01 9.755819741089826191e-01 9.760562915084384228e-01 9.764514710937030051e-01 9.763267868284644102e-01 9.757425249847526683e-01 9.750014931832841070e-01 9.740786140791445336e-01 9.729441178056058570e-01 9.715572248305854863e-01 9.698667609766641329e-01 9.678062631817262451e-01 9.652885049780652871e-01 9.622022766734839028e-01 9.584025427800051400e-01 9.537027425980454387e-01 9.478633935236593366e-01 9.405791704544218534e-01 9.314641173348927605e-01 9.200381344061737687e-01 9.057162717223317117e-01 8.878044284420891774e-01 8.655176434740843305e-01 8.380168879828138184e-01 8.044944235543386446e-01 7.643042784121032440e-01 7.171260639755590027e-01 6.631650591521380811e-01 6.032944391328839417e-01 5.391006780493863282e-01 4.727767109948277091e-01 4.068224029672757314e-01 3.436881398814993771e-01 2.854113404173125867e-01
5.936794696213628653e-01 5.930877947657146043e-01 6.012007242616034253e-01 6.096380338668297982e-01 6.351271649258691809e-01 6.732817502535388687e-01 7.147971831806644305e-01 7.383040938846738843e-01 7.473472733556337788e-01 7.432286459806308754e-01 7.376756561696709014e-01 7.538691856099033473e-01 7.838490767143202476e-01 8.011318338856927568e-01 8.133008667492468424e-01 8.167462002343700567e-01 8.134690827937127722e-01 8.100352812613923481e-01 8.192732153527375605e-01 8.249418917599387058e-01 8.215123194380248295e-01 8.114089346305274342e-01 8.009814525354272963e-01 7.936204189195286141e-01 7.900766364439689715e-01 7.879836742692410967e-01 7.859075472612596647e-01 7.840041068715949413e-01 7.821820656679386863e-01 7.805745167818646246e-01 7.793520644813440867e-01 7.792744410024651236e-01 7.798523199089709701e-01 7.824298632973384349e-01 7.854289059471166734e-01 7.894498652109486203e-01 7.993769920773492466e-01 8.122020497155342245e-01 8.257959949877379247e-01 8.377873021317139290e-01 8.480527393456220864e-01 8.603373559452468511e-01 8.734097977987017591e-01 8.867817453057624810e-01 9.017608518576122334e-01 9.200277192112888969e-01 9.359753113758177978e-01 9.483418502426245178e-01 9.552689734061838855e-01 9.597077579387300883e-01 9.623908931652240817e-01 9.639898177288612757e-01 9.649990417982236002e-01 9.651822569274652874e-01 9.644075919503692917e-01 9.637744396895900900e-01 9.598936201787440226e-01 9.554812769520847349e-01 9.513302224926024619e-01 9.514363238592434824e-01 9.543218558972045296e-01 9.571972455144092118e-01 9.600303205964824116e-01 9.633523090787102783e-01 9.682225786037167437e-01 9.728304726038925487e-01 9.758489638835428082e-01 9.764701397889015144e-01 9.770361811194429036e-01 9.775391926904786200e-01 9.775625277299812010e-01 9.771723177307047870e-01 9.766634364150881265e-01 9.760179313119754507e-01 9.752158339723777658e-01 9.742295074902277419e-01 9.730248202823651438e-01 9.715581720111000630e-01 9.697720670499176965e-01 9.675939290013227945e-01 9.649288697830978867e-01 9.616545382734719150e-01 9.576131590236300895e-01 9.526017218426766631e-01 9.463599350276432620e-01 9.385572263115460334e-01 9.287784317187923744e-01 9.165088895534005964e-01 9.011287551575355437e-01 8.819112852707093886e-01 8.580479424980838044e-01 8.287032997892849195e-01 7.931050519321274361e-01 7.506968566656531117e-01 7.013118864238179206e-01 6.453549706936841934e-01 5.839348202825074274e-01 5.188425731259781459e-01 4.523967942317265734e-01 3.871169529013395727e-01
5.937863589419107857e-01 5.931972277293927620e-01 6.013057014260981825e-01 6.097414005263153136e-01 6.352087145113517463e-01 6.733702461305477449e-01 7.149399927032898949e-01 7.385552265541455164e-01 7.477225926514284859e-01 7.437339923327553892e-01 7.382822044922539018e-01 7.545538240797818874e-01 7.847186841671767166e-01 8.022571076522667655e-01 8.146901976076442731e-01 8.183143362918955388e-01 8.150681294943867838e-01 8.116148262696953886e-01 8.207840958515534302e-01 8.262734300848446622e-01 8.226912552621714614e-01 8.125260415511879053e-01 8.020938702509108342e-01 7.947441774322062669e-01 7.912075598019040479e-01 7.891187826649104231e-01 7.870525273836408431e-01 7.851626617092302141e-01 7.833611419527850561e-01 7.817798015881036733e-01 7.805887080543144618e-01 7.805375844775100935e-01 7.811403655143686064e-01 7.837281860917106879e-01 7.867320201842923355e-01 7.907525955208921653e-01 8.006223722461625059e-01 8.133557137760233369e-01 8.268515338222913735e-01 8.387594328244686315e-01 8.489651698121614132e-01 8.611718075523960847e-01 8.741696042245197251e-01 8.874696822660800288e-01 9.023584097608821075e-01 9.205303853461951347e-01 9.363815129243878710e-01 9.487016118528446285e-01 9.555986431698110239e-01 9.600336810750960126e-01 9.627227464496354026e-01 9.643287660875282663e-01 9.653628772649548440e-01 9.655686069750688549e-01 9.648353516027470267e-01 9.642454433743788966e-01 9.604485294126834383e-01 9.561408188859326085e-01 9.521068449120363431e-01 9.522510977563500845e-01 9.551413884890505024e-01 9.580082746046741926e-01 9.608353466031044343e-01 9.641466446133242219e-01 9.689633763465481664e-01 9.735257661953548025e-01 9.765279229111033521e-01 9.772014006745998183e-01 9.778314918837472947e-01 9.784105056834425662e-01 9.785421682573445246e-01 9.782960429623975829e-01 9.779603940605218204e-01 9.775217664119550953e-01 9.769664172272777281e-01 9.762749327603913452e-01 9.754237818044549924e-01 9.743839300351998522e-01 9.731167908407751810e-01 9.715747586561280791e-01 9.696956195658668065e-01 9.673992818185962461e-01 9.645826239097298194e-01 9.611124508440779257e-01 9.568168834265600164e-01 9.514753990922669713e-01 9.448065265999004980e-01 9.364527978371093297e-01 9.259687240331930802e-01 9.128054262106007899e-01 8.963069653324029495e-01 8.757189423095942393e-01 8.502148958728745765e-01 8.189695815968234260e-01 7.812652122457085513e-01 7.366486092148678555e-01 6.851239694769377664e-01 6.273072930830282390e-01 5.645286697669098519e-01 4.987702541020359592e-01
5.938668039434557011e-01 5.932789715433592903e-01 6.013825225333229163e-01 6.098159111321918013e-01 6.352629580308656321e-01 6.734309353960126199e-01 7.150501546760524851e-01 7.387626421763157092e-01 7.480408970928923429e-01 7.441690565491961840e-01 7.388088676698376656e-01 7.551492102731083289e-01 7.854786175107218993e-01 8.032517329603181544e-01 8.159411064982382555e-01 8.197628646703988275e-01 8.165804215886932615e-01 8.131282251031122232e-01 8.222566530061953260e-01 8.275899612488819557e-01 8.238598071233369513e-01 8.136275933195714627e-01 8.031844072651233013e-01 7.958412588107435237e-01 7.923089191682125554e-01 7.902218395907326665e-01 7.881625549319861701e-01 7.862830404659063577e-01 7.844986761516916651e-01 7.829401670233193666e-01 7.817772970779195418e-01 7.817499306510966584e-01 7.823752901824572170e-01 7.849723697296124847e-01 7.879797570485267411e-01 7.919995436573281644e-01 8.018139530914375479e-01 8.144575414590680129e-01 8.278559888183881776e-01 8.396814973712770636e-01 8.498252679803944831e-01 8.619550202377120884e-01 8.748778134312336086e-01 8.881068226965693757e-01 9.029102676570243124e-01 9.209881836278633882e-01 9.367515255695547660e-01 9.490256337283027310e-01 9.558961786173092445e-01 9.603278512511685960e-01 9.630218071044425177e-01 9.646342554811957459e-01 9.656919751038393063e-01 9.659157171408486731e-01 9.652228123441349839e-01 9.646698204502451857e-01 9.609485661442620508e-01 9.567372036028550797e-01 9.528055012036882321e-01 9.529851705344259960e-01 9.558783070275901350e-01 9.587337598311901354e-01 9.615534966091008329e-01 9.648508831695628007e-01 9.696130262677306044e-01 9.741299963112516336e-01 9.771089634595495621e-01 9.778180526182561616e-01 9.784919078696194816e-01 9.791225779481914637e-01 9.793321532793475281e-01 9.791914758644532091e-01 9.789840313877968825e-01 9.786994311096820498e-01 9.783281179153940910e-01 9.778560137067914271e-01 9.772660876028124166e-01 9.765385039977382275e-01 9.756464290961345265e-01 9.745581791393579385e-01 9.732324578116907654e-01 9.716164814244034886e-01 9.696428822702112260e-01 9.672245866850990303e-01 9.642491595237594471e-01 9.605718479395942699e-01 9.560064624267801126e-01 9.503135314407736844e-01 9.431891940083372283e-01 9.342485677532366140e-01 9.230134642922286359e-01 9.089022575710691276e-01 8.912238937353922363e-01 8.691972230750584227e-01 8.419884136250292972e-01 8.087907982753550495e-01 7.689573946484445921e-01 7.221577026696232027e-01 6.685736597197619036e-01 6.090444376527914816e-01
5.939243603378120406e-01 5.933367730819193442e-01 6.014350588037472578e-01 6.098655777063703987e-01 6.352938531440025516e-01 6.734678676232653816e-01 7.151322175386434221e-01 7.389320508055209347e-01 7.483092598266301021e-01 7.445419990555321998e-01 7.392643864426610145e-01 7.556650921489880268e-01 7.861402907784010852e-01 8.041266725378363178e-01 8.170600659622690998e-01 8.210909406192545834e-01 8.180006983344859650e-01 8.145693136303644444e-01 8.236839640477704449e-01 8.288866050402998731e-01 8.250155649271849745e-01 8.147126458078607358e-01 8.042529895320592592e-01 7.969122210910645210e-01 7.933817868084457325e-01 7.912943996534657076e-01 7.892396647875873361e-01 7.873677655957302957e-01 7.855976529639124850e-01 7.840590346069299388e-01 7.829216783400426705e-01 7.829157766193191037e-01 7.835617630298399305e-01 7.861673891888071308e-01 7.891774116288767793e-01 7.931963009836123790e-01 8.029576412479909608e-01 8.155135953608230182e-01 8.288157660671163773e-01 8.405593156463870841e-01 8.506397484191159375e-01 8.626930841819099305e-01 8.755406860099973487e-01 8.886989582817951261e-01 9.034208672976670185e-01 9.214060625509312707e-01 9.370890089412541313e-01 9.493173871462048385e-01 9.561649186365497322e-01 9.605930628532357574e-01 9.632912631510337498e-01 9.649099851573175179e-01 9.659891031179413945e-01 9.662280163490483131e-01 9.655737068960291714e-01 9.650521388677395507e-01 9.613998294058366811e-01 9.572769973779623465e-01 9.534341959679213385e-01 9.536487258780840248e-01 9.565419643662689264e-01 9.593852737593731028e-01 9.621981946449550405e-01 9.654800102291115627e-01 9.701896199803975440e-01 9.746635015386974077e-01 9.776156959353727860e-01 9.783498676183817189e-01 9.790534993725485968e-01 9.797181816633036000e-01 9.799832435127444619e-01 9.799183878313988405e-01 9.798045171547201670e-01 9.796333592113481981e-01 9.793985320981180021e-01 9.790899366548200256e-01 9.786945465676712974e-01 9.781984786408295385e-01 9.775820443182291486e-01 9.768235936577973622e-01 9.758949507912523247e-01 9.747606985601594554e-01 9.733765009234092158e-01 9.716851345058787892e-01 9.696131472792353101e-01 9.670660940212607581e-01 9.639222212203959472e-01 9.600241014860984023e-01 9.551703247268649166e-01 9.491019045114047481e-01 9.414902566049857535e-01 9.319232715634611086e-01 9.198891222653460265e-01 9.047715131080339424e-01 8.858487323143613423e-01 8.623151517370221120e-01 8.333384271618731187e-01 7.981447093796701919e-01 7.561676505812063853e-01 7.072214564902493672e-01
5.939622009279552639e-01 5.933739735093108703e-01 6.014667571080776209e-01 6.098939685439631608e-01 6.353049059870802262e-01 6.734846223724622050e-01 7.151902020953556649e-01 7.390685149621322170e-01 7.485339903247529847e-01 7.448601966740804325e-01 7.396567635520742146e-01 7.561104217232164082e-01 7.867144214821727433e-01 8.048929663031167969e-01 8.180549266946907094e-01 8.222997532276462573e-01 8.193251613466061567e-01 8.159327875722997003e-01 8.250592718302804940e-01 8.301580666643358919e-01 8.261556371268160559e-01 8.157798413089304423e-01 8.052991593971700057e-01 7.979572321172142546e-01 7.944268246404940781e-01 7.923375884872753128e-01 7.902854413584139426e-01 7.884188831286480514e-01 7.866605536040824909e-01 7.851392981910548796e-01 7.840251357696201850e-01 7.840388101595481274e-01 7.847038324674855403e-01 7.873175735148796317e-01 7.903296290730967844e-01 7.943477977899690012e-01 8.040586637749130849e-01 8.165293703789665569e-01 8.297366042489751070e-01 8.413982894498123200e-01 8.514145071849519297e-01 8.633916192560552316e-01 8.761638894653968057e-01 8.892513911948135563e-01 9.038943192110420188e-01 9.217885806664791737e-01 9.373971285276837540e-01 9.495803529519524222e-01 9.564077255857429405e-01 9.608319760645896990e-01 9.635340316978326936e-01 9.651590978499288154e-01 9.662568841918134366e-01 9.665094695264095925e-01 9.658910683652568441e-01 9.653966511098232006e-01 9.618075610949881060e-01 9.577656036920521032e-01 9.540002286913684681e-01 9.542499499539801588e-01 9.571397748849999054e-01 9.599719992011548353e-01 9.627789649307502140e-01 9.660440857687814242e-01 9.707053355032663200e-01 9.751392236493182653e-01 9.780635404994854065e-01 9.788167764151174399e-01 9.795410361342934413e-01 9.802278896502393257e-01 9.805329147101495835e-01 9.805219174864290288e-01 9.804756740566218376e-01 9.803868307903466084e-01 9.802518011054167646e-01 9.800641335890064587e-01 9.798132786732614008e-01 9.794896870152248747e-01 9.790780040407703888e-01 9.785629309737478021e-01 9.779243540347948294e-01 9.771377118533806083e-01 9.761732762258045204e-01 9.749928006602769370e-01 9.735480103040418109e-01 9.717771472827159140e-01 9.696007941076639769e-01 9.669162853976935867e-01 9.635919957480721942e-01 9.594574264452568890e-01 9.542940519737453942e-01 9.478233111400391486e-01 9.396905518138489732e-01 9.294537949818587608e-01 9.165690640879814444e-01 9.003842499380332320e-01 8.801499306599541717e-01 8.550428125002108581e-01 8.242366188274975469e-01 7.870078142600061000e-01
5.939831500957154509e-01 5.933935451364380498e-01 6.014806790811199066e-01 6.099042495368202088e-01 6.352992147366127718e-01 6.734843557467490305e-01 7.152276547461100531e-01 7.391765131475360739e-01 7.487206995905557605e-01 7.451302860546777929e-01 7.399932810342711997e-01 7.564933584413096046e-01 7.872109395036764878e-01 8.055614380051366874e-01 8.189345111903583163e-01 8.233923463235605089e-01 8.205515786745599671e-01 8.172143961380652355e-01 8.263762334518580666e-01 8.313987979854048360e-01 8.272767299851706557e-01 8.168274625388004528e-01 8.063221232913764247e-01 7.989761173039870989e-01 7.954443312455995452e-01 7.933521479445778679e-01 7.913010621031377756e-01 7.894380059098223823e-01 7.876893995229850010e-01 7.861833673964427893e-01 7.850904372539064813e-01 7.851221603031193208e-01 7.858049668234001750e-01 7.884266569974781591e-01 7.914404476113936493e-01 7.954583523012099811e-01 8.051216129883135286e-01 8.175097568208959942e-01 8.306236112323253096e-01 8.422033829196438059e-01 8.521547656503619672e-01 8.640557607034793364e-01 8.767525171067316325e-01 8.897689752888281456e-01 9.043345542794599679e-01 9.221398875463743261e-01 9.376787507038871761e-01 9.498178314406841016e-01 9.566271337009955023e-01 9.610471404564385756e-01 9.637527521601709779e-01 9.653842545412739673e-01 9.664978935763005596e-01 9.667634881858769846e-01 9.661775607131555255e-01 9.657072727955342550e-01 9.621762135539481120e-01 9.582076590052921450e-01 9.545103689805968239e-01 9.547953486057308981e-01 9.576782032164565805e-01 9.605016201526510589e-01 9.633030293292289548e-01 9.665506402998726987e-01 9.711689223188567643e-01 9.755655445787381197e-01 9.784626888611754891e-01 9.792317167036985737e-01 9.799707249464020276e-01 9.806725047457477418e-01 9.810074366447523175e-01 9.810347772185065152e-01 9.810377669847811788e-01 9.810080304155411879e-01 9.809448220146623765e-01 9.808454469436974632e-01 9.807006683786648749e-01 9.805049102203022837e-01 9.802455156586921126e-01 9.799114536869887315e-01 9.794875863488066159e-01 9.789560473870576596e-01 9.782962293260342168e-01 9.774816950374851654e-01 9.764802227182374228e-01 9.752509311477742804e-01 9.737417407544622927e-01 9.718857149007922303e-01 9.695972170693258896e-01 9.667651120686491240e-01 9.632464854358164796e-01 9.588578035080863593e-01 9.533622479774198633e-01 9.464592838396531649e-01 9.377686255105225355e-01 9.268161744020010362e-01 9.130258441296896788e-01 8.957117666734935035e-01 8.740964183482706762e-01 8.473482815143559277e-01
5.939897159170111074e-01 5.933981256837601581e-01 6.014795374129606742e-01 6.098992224667940665e-01 6.352795098027480547e-01 6.734698432247888666e-01 7.152476963881567729e-01 7.392599989801085236e-01 7.488743640469377461e-01 7.453582131541770517e-01 7.402805293517334961e-01 7.568212910960707696e-01 7.876389408862347619e-01 8.061424655937096118e-01 8.197082209448115497e-01 8.243733631272002205e-01 8.216793086899710774e-01 8.184110842502042571e-01 8.276291547301848350e-01 8.326031752243898687e-01 8.283752394570056410e-01 8.178534923604415807e-01 8.073208027731378911e-01 7.999684088107690272e-01 7.964342893829784442e-01 7.943384810770414139e-01 7.922873411848068148e-01 7.904263574743484178e-01 7.886857970468171830e-01 7.871932112388306813e-01 7.861198801104570810e-01 7.861684478010301236e-01 7.868680990522456398e-01 7.894978253920230671e-01 7.925133403529828202e-01 7.965317073771132073e-01 8.061504865288177113e-01 8.184590406286511577e-01 8.314812999776294289e-01 8.429791143989131541e-01 8.528651909621798310e-01 8.646901670938541562e-01 8.773111444402000858e-01 8.902561510150214241e-01 9.047453752336259702e-01 9.224637549555175786e-01 9.379365499833668407e-01 9.500328131985159574e-01 9.568254584308417687e-01 9.612409673754455097e-01 9.639498060971625204e-01 9.655877312372065369e-01 9.667146477225708745e-01 9.669929416447784476e-01 9.664357208669070998e-01 9.659875172202675442e-01 9.625095871440140227e-01 9.586073264668286686e-01 9.549708004616109802e-01 9.552900866079065967e-01 9.581632258787649015e-01 9.609805821267425330e-01 9.637761988305925120e-01 9.670059609513278476e-01 9.715870734507504602e-01 9.759483124133715437e-01 9.788203377156576845e-01 9.796031320965638001e-01 9.803530123955865871e-01 9.810657378313083488e-01 9.814242614644821394e-01 9.814794987457561293e-01 9.815195775007991008e-01 9.815323961849896639e-01 9.815205472110074547e-01 9.814850591599780794e-01 9.814167583262809469e-01 9.813145795300177721e-01 9.811674478235430374e-01 9.809676909015978552e-01 9.807035028713317892e-01 9.803611805441690974e-01 9.799258352620403567e-01 9.793782013929221986e-01 9.786961601513525233e-01 9.778518951679989746e-01 9.768107398027408017e-01 9.755287141911987980e-01 9.739498957646745003e-01 9.720019836210709308e-01 9.695921173526230730e-01 9.666008627261878372e-01 9.628731259337667270e-01 9.582104543937095542e-01 9.523579507047877923e-01 9.449908988749237126e-01 9.357025014574364974e-01 9.239865303315289990e-01 9.092320449199164933e-01 8.907232047694190191e-01
5.939841199621692658e-01 5.933900500269270184e-01 6.014657294117436992e-01 6.098813603762911484e-01 6.352481907933277272e-01 6.734435189251191112e-01 7.152530671350619818e-01 7.393224557633442107e-01 7.489993867590746257e-01 7.455492858696001202e-01 7.405244448518790712e-01 7.571008732246130579e-01 7.880066780387600112e-01 8.066458150208390965e-01 8.203856804491803656e-01 8.252487399418734215e-01 8.227092462766648628e-01 8.195210758006494789e-01 8.288131970980638918e-01 8.337656865772512527e-01 8.294473548263850970e-01 8.188556792854820854e-01 8.082938885712533938e-01 8.009333958582282031e-01 7.973964139426281683e-01 7.952966973107452597e-01 7.932447733957571634e-01 7.913848159758902767e-01 7.896509817337846737e-01 7.881704016972609361e-01 7.871153356219582342e-01 7.871798340701182672e-01 7.878956727565723517e-01 7.905337590035629303e-01 7.935512558198575261e-01 7.975710632063910399e-01 8.071487235085613721e-01 8.193809309889853454e-01 8.323136281135152803e-01 8.437295587842624789e-01 8.535499769695636951e-01 8.652990465691662303e-01 8.778438970824347098e-01 8.907169776852742471e-01 9.051304348779030118e-01 9.227636156981224858e-01 9.381730486815516024e-01 9.502279357288708761e-01 9.570048487782487623e-01 9.614156932278183909e-01 9.641273502267770912e-01 9.657715178395847033e-01 9.669095458564915813e-01 9.672002479015876508e-01 9.666680644332211747e-01 9.662404665751093136e-01 9.628109936833758598e-01 9.589684605692552211e-01 9.553870179565093768e-01 9.557384163078512795e-01 9.586004474111122775e-01 9.614141929073993786e-01 9.642034060242767879e-01 9.674156267538478460e-01 9.719650675561480879e-01 9.762920927952464245e-01 9.791420164521138503e-01 9.799367992856025111e-01 9.806949228608683455e-01 9.814166678942340960e-01 9.817945865149001472e-01 9.818710067273854758e-01 9.819406365083370725e-01 9.819846936724844211e-01 9.820101514776735652e-01 9.820211588997420638e-01 9.820071741942052457e-01 9.819727152308138640e-01 9.819070352976897453e-01 9.818057515222671228e-01 9.816596764770160188e-01 9.814578199236176914e-01 9.811891871612650196e-01 9.808387991985150212e-01 9.803908775354827076e-01 9.798255758335783216e-01 9.791191566605573771e-01 9.782421595143981907e-01 9.771575639445542194e-01 9.758181014614139004e-01 9.741633447507662691e-01 9.721158639751321662e-01 9.695749393989762099e-01 9.664114456427130850e-01 9.624583582141633675e-01 9.575005191309579056e-01 9.512640452369488520e-01 9.433994650632494539e-01 9.334702754714383488e-01 9.209391941046125574e-01
5.939683248570944984e-01 5.933713795183173101e-01 6.014413679483536779e-01 6.098528401398770615e-01 6.352073604051837741e-01 6.734075114813485863e-01 7.152461670492147316e-01 7.393669464756204013e-01 7.490996551154723848e-01 7.457082275654318693e-01 7.407303525473182271e-01 7.573380675598178069e-01 7.883215777764567278e-01 8.070805324954934967e-01 8.209764338869971478e-01 8.260253754536694970e-01 8.236436998282717914e-01 8.205438948186346559e-01 8.299245446854021102e-01 8.348811214754243704e-01 8.304891721209691768e-01 8.198316083199949089e-01 8.092398971437573252e-01 8.018701759486062119e-01 7.983302002031502642e-01 7.962266578437885434e-01 7.941735781758376689e-01 7.923139577789107824e-01 7.905858619007820609e-01 7.891161568747576682e-01 7.880782928569532997e-01 7.881580679950145329e-01 7.888896880157536540e-01 7.915366741489118230e-01 7.945566576104289291e-01 7.985791106889627011e-01 8.081192384857347477e-01 8.202786009007747570e-01 8.331240389649022804e-01 8.444583560846123937e-01 8.542128912062046942e-01 8.658861899214400637e-01 8.783545117346616138e-01 8.911551621925789535e-01 9.054931822869629610e-01 9.230425909765666015e-01 9.383906212352007836e-01 9.504055074971082817e-01 9.571672994577469229e-01 9.615733574537832506e-01 9.642873478785224384e-01 9.659374045150836974e-01 9.670848164611443032e-01 9.673874938592030848e-01 9.668770751701197819e-01 9.664688071436783323e-01 9.630833929987431263e-01 9.592946613165201919e-01 9.557637800673512984e-01 9.561440947160463333e-01 9.589950253380377099e-01 9.618067943031455291e-01 9.645890334776874298e-01 9.677846496200457338e-01 9.723071007013901479e-01 9.766008425963261796e-01 9.794321938827468266e-01 9.802369878790065938e-01 9.810016402745885822e-01 9.817315797051157089e-01 9.821256528338399017e-01 9.822191586568773669e-01 9.823136713104252404e-01 9.823814032451355649e-01 9.824351763210501520e-01 9.824809288751596981e-01 9.825054471709238069e-01 9.825200790283281638e-01 9.825125698323016188e-01 9.824823645308283782e-01 9.824225182178356608e-01 9.823239075699379264e-01 9.821788131114911335e-01 9.819748251972222342e-01 9.817003361610001644e-01 9.813402764538901035e-01 9.808776797029429284e-01 9.802920876597807087e-01 9.795582909086054668e-01 9.786449625092074056e-01 9.775123609789730939e-01 9.761101358714774356e-01 9.743729261897732252e-01 9.722171577411157228e-01 9.695345571138349605e-01 9.661849774969876181e-01 9.619887897858478976e-01 9.567135897882077522e-01 9.500637063486115919e-01 9.416650587553322405e-01
5.939440596950553708e-01 5.933439289901878411e-01 6.014083099051438230e-01 6.098155723725160460e-01 6.351588554101339490e-01 6.733636767223504238e-01 7.152290931158838960e-01 7.393961592969009455e-01 7.491785944608224668e-01 7.458392298094094208e-01 7.409030117521538950e-01 7.575381958557286799e-01 7.885902792514540849e-01 8.074548871668784100e-01 8.214897029630646719e-01 8.267108006327840153e-01 8.244862124682309501e-01 8.214803261600028828e-01 8.309605218163788054e-01 8.359447519713040231e-01 8.314968141856114991e-01 8.207787761723994713e-01 8.101572291165233253e-01 8.027777066654160354e-01 7.992349721858589273e-01 7.971280210879747585e-01 7.950737434562962225e-01 7.932141004732222722e-01 7.914910611914078853e-01 7.900313834838909033e-01 7.890099017654255142e-01 7.891045306270318971e-01 7.898517462901357700e-01 7.925083640464702928e-01 7.955315635779132144e-01 7.995580668639350463e-01 8.090644547872126724e-01 8.211547294028701538e-01 8.339155001382478893e-01 8.451687235975323675e-01 8.548573012759699274e-01 8.664550026375335001e-01 8.788463817749436746e-01 8.915740829801881429e-01 9.058368133577334724e-01 9.233035086042762352e-01 9.385914886167451288e-01 9.505675645680889962e-01 9.573146486687015289e-01 9.617158007856001500e-01 9.644315928124496118e-01 9.660870453694911930e-01 9.672424926211879992e-01 9.675565403467175640e-01 9.670651352421945068e-01 9.666749062767631129e-01 9.633294798817392257e-01 9.595892694341636719e-01 9.561051469070963593e-01 9.565106745487628181e-01 9.593515525059375104e-01 9.621620265666382954e-01 9.649370841373492436e-01 9.681174749143484082e-01 9.726165570160153484e-01 9.768782046429366206e-01 9.796944968967318257e-01 9.805071371847202677e-01 9.812773646779036074e-01 9.820151015342596379e-01 9.824224620807919806e-01 9.825307699216209167e-01 9.826468936273645705e-01 9.827332548147966751e-01 9.828099149972396864e-01 9.828827048437924763e-01 9.829350700130905505e-01 9.829862210036299786e-01 9.830199743586053307e-01 9.830406367193901263e-01 9.830428799701347309e-01 9.830188405799360485e-01 9.829642779113210160e-01 9.828682390766911858e-01 9.827223357753169797e-01 9.825144371978578040e-01 9.822318047711370292e-01 9.818594893551098046e-01 9.813794999382028372e-01 9.807705190595747968e-01 9.800057617000261789e-01 9.790521325188612511e-01 9.778669280205066761e-01 9.763959473662459088e-01 9.745692181448527558e-01 9.722960773954096858e-01 9.694602498243551914e-01 9.659102168982529601e-01 9.614515386549508102e-01 9.558345529736717028e-01
5.939128433990910061e-01 5.933092915540855161e-01 6.013681822590793979e-01 6.097712288180326956e-01 6.351042749094372164e-01 6.733136273599675814e-01 7.152036727047792475e-01 7.394124488719654442e-01 7.492392174518865966e-01 7.459460031230334964e-01 7.410466626340019847e-01 7.577059911632246791e-01 7.888186848908370630e-01 8.077763546970639918e-01 8.219342075861817420e-01 8.273128703365911774e-01 8.252413441607484579e-01 8.223323217963323106e-01 8.319196546868600217e-01 8.369524962943069024e-01 8.324665532586603689e-01 8.216946693019493431e-01 8.110442287680902362e-01 8.036548575731946586e-01 8.001099307975149122e-01 7.980002878737322281e-01 7.959450690609843893e-01 7.940853451422772435e-01 7.923669601915884764e-01 7.909167184872238909e-01 7.899110154251332006e-01 7.900202781425725851e-01 7.907830941101470223e-01 7.934502395991440693e-01 7.964775847987286550e-01 8.005097119963159313e-01 8.099863380771548105e-01 8.220115398690897024e-01 8.346905374932090949e-01 8.458634710419826730e-01 8.554861926816600404e-01 8.670085332137306144e-01 8.793225873002424864e-01 8.919768101997727072e-01 9.061642454243603595e-01 9.235489216562511317e-01 9.387777153368838112e-01 9.507159295835094781e-01 9.574485783929228555e-01 9.618446789789891760e-01 9.645617264566371807e-01 9.662219950979538119e-01 9.673844144890283436e-01 9.677090910454364536e-01 9.672344524731687487e-01 9.668608917123548974e-01 9.635517292478156248e-01 9.598553513474392673e-01 9.564145836156181524e-01 9.568416266688796190e-01 9.596740042448335117e-01 9.624831026983871052e-01 9.652512322116472143e-01 9.684179782111582702e-01 9.728962785699736271e-01 9.771275751994148440e-01 9.799318222638031539e-01 9.807502325683545852e-01 9.815256678596624429e-01 9.822708245405502581e-01 9.826888581810619971e-01 9.828109060277139264e-01 9.829457908201367777e-01 9.830474420921937462e-01 9.831437301307773824e-01 9.832383713141680248e-01 9.833118028805036825e-01 9.833914790377632498e-01 9.834547693212231101e-01 9.835122774780986621e-01 9.835590286965418816e-01 9.835879266503814167e-01 9.835988059147017237e-01 9.835811089740260638e-01 9.835296414731713455e-01 9.834342369151961583e-01 9.832849807279985255e-01 9.830704299161014958e-01 9.827769241318804472e-01 9.823893629862225918e-01 9.818888759064259286e-01 9.812532260202190271e-01 9.804540142310624873e-01 9.794557350489302427e-01 9.782130310856801403e-01 9.766672101843708598e-01 9.747433744558665625e-01 9.723436124694919691e-01 9.693419741316763316e-01 9.655756332053591073e-01
5.938760061420590430e-01 5.932688613169786462e-01 6.013224059346348183e-01 6.097212673660040716e-01 6.350450060330189439e-01 6.732587598896107028e-01 7.151714937725277554e-01 7.394178735621577125e-01 7.492841691082894329e-01 7.460318249564507065e-01 7.411650722194886853e-01 7.578456503385627707e-01 7.890120187212403824e-01 8.080516319366423117e-01 8.223180457991520198e-01 8.278394923287017981e-01 8.259144327071475944e-01 8.231028624903106161e-01 8.328016752278269985e-01 8.379010551350671854e-01 8.333949310779248387e-01 8.225768427989860188e-01 8.118992435017526876e-01 8.045004615623860822e-01 8.009542013330973598e-01 7.988428460683929533e-01 7.967872093951663404e-01 7.949276177265196530e-01 7.932137370672219800e-01 7.917725697651901706e-01 7.907822312963727063e-01 7.909060834277461538e-01 7.916846654934462935e-01 7.943633700726003832e-01 7.973959644576040784e-01 8.014354275282671303e-01 8.108864304673808476e-01 8.228508333695043753e-01 8.354512645602835130e-01 8.465450184401616118e-01 8.561021853387520419e-01 8.675494976868872721e-01 8.797859140620228890e-01 8.923661242992121378e-01 9.064781182515762037e-01 9.237811328957412638e-01 9.389512114797650133e-01 9.508522566316690572e-01 9.575706217714687885e-01 9.619614841703590935e-01 9.646792513568166472e-01 9.663437215353619658e-01 9.675122454230453695e-01 9.678467266639299016e-01 9.673870176760913653e-01 9.670287068345151393e-01 9.637524188947280690e-01 9.600956990200715246e-01 9.566950910869449487e-01 9.571403287073549926e-01 9.599657838632323914e-01 9.627730077837496347e-01 9.655348161484291758e-01 9.686895029536805035e-01 9.731487953088937548e-01 9.773520604334339223e-01 9.801464811862796722e-01 9.809689914311624515e-01 9.817496021445244470e-01 9.825016439850825511e-01 9.829281011445778482e-01 9.830635429054147556e-01 9.832143309862523273e-01 9.833291836326009117e-01 9.834429156469903788e-01 9.835556243017208322e-01 9.836460440564440688e-01 9.837492098814527575e-01 9.838342157367928609e-01 9.839195285744377628e-01 9.839985977482832435e-01 9.840648641728033663e-01 9.841228057311881550e-01 9.841608662541243557e-01 9.841776902336256683e-01 9.841644129685866993e-01 9.841133087961085879e-01 9.840155514365102052e-01 9.838600813763256347e-01 9.836357609549372105e-01 9.833284245399900314e-01 9.829225797356010430e-01 9.823986714574559631e-01 9.817329287400172744e-01 9.808956353701119291e-01 9.798484679720950163e-01 9.785431368479096115e-01 9.769164611036664780e-01 9.748873369727927285e-01 9.723507644185472865e-01
5.938347089355529018e-01 5.932238541377253815e-01 6.012722175640625721e-01 6.096669548470705635e-01 6.349822472592547840e-01 6.732002789077562444e-01 7.151339320591163506e-01 7.394142289663295786e-01 7.493157676687142166e-01 7.460995844154423295e-01 7.412615788043134257e-01 7.579608851862164043e-01 7.891748877369854087e-01 8.082866735906673039e-01 8.226486256819549592e-01 8.282984034538083407e-01 8.265113510493321547e-01 8.237957872053784936e-01 8.336074696122230954e-01 8.387880126928900504e-01 8.342788710651594108e-01 8.234229976913163274e-01 8.127206820292813827e-01 8.053133648235080155e-01 8.017668797831808414e-01 7.996550141878940865e-01 7.975997151223606085e-01 7.957407092943492577e-01 7.940314071142969832e-01 7.925991556753930745e-01 7.916239313500469388e-01 7.917624764951438632e-01 7.925571231246958392e-01 7.952485234446936557e-01 7.982876166247957483e-01 8.023362342874865716e-01 8.117658850542610605e-01 8.236740183680821836e-01 8.361994086086277367e-01 8.472154160288856151e-01 8.567075514305897421e-01 8.680803008255951747e-01 8.802388667870236771e-01 8.927445346646324387e-01 9.067808130726676685e-01 9.240022234985495464e-01 9.391137379372003213e-01 9.509780587310429079e-01 9.576821749824310226e-01 9.620675671440777066e-01 9.647855423176716627e-01 9.664536026965827586e-01 9.676274898192169793e-01 9.679709167941066283e-01 9.675245989783408662e-01 9.671801380978567453e-01 9.639336445220562100e-01 9.603128471587951687e-01 9.569493290911044170e-01 9.574099914528102495e-01 9.602298350516559333e-01 9.630345909319242281e-01 9.657908325613772105e-01 9.689349316978255189e-01 9.733764704713732119e-01 9.775544120509316315e-01 9.803403882364022381e-01 9.811659212579155742e-01 9.819517450343605569e-01 9.827099812520825317e-01 9.831431112979627240e-01 9.832918558517474983e-01 9.834556842558552781e-01 9.835825983564276953e-01 9.837119525077526738e-01 9.838397368905748008e-01 9.839448348596698812e-01 9.840679987795915018e-01 9.841696551014724736e-01 9.842772820354830365e-01 9.843805254762033607e-01 9.844736428986989862e-01 9.845659437051641483e-01 9.846431257424165251e-01 9.847087720134979349e-01 9.847544206292655478e-01 9.847743785404808881e-01 9.847622718299081646e-01 9.847086045729681603e-01 9.846051297685353143e-01 9.844404542860620833e-01 9.842032881063134120e-01 9.838794160568736791e-01 9.834523011672474668e-01 9.829020223773147213e-01 9.822030427748882353e-01 9.813240121122249748e-01 9.802239405644509462e-01 9.788505720168896307e-01 9.771364583819348582e-01
5.937899615008317422e-01 5.931753265484047688e-01 6.012186892926384418e-01 6.096093877560440077e-01 6.349170295280499587e-01 6.731392190457463620e-01 7.150921755254781020e-01 7.394030780031012329e-01 7.493360414533029035e-01 7.461518235097155394e-01 7.413391340611369396e-01 7.580549711526378687e-01 7.893113431418813386e-01 8.084867430032897095e-01 8.229326399353352750e-01 8.286969969677089320e-01 8.270382761221233281e-01 8.244156037993576325e-01 8.343389779917751436e-01 8.396118968531235405e-01 8.351157770901049826e-01 8.242310540047349532e-01 8.135070698189763583e-01 8.060924745077628906e-01 8.025470772764318195e-01 8.004360835069312952e-01 7.983820734775228800e-01 7.965243149847096582e-01 7.948198610349306303e-01 7.933965433359626562e-01 7.924363209294819077e-01 7.925897837575448523e-01 7.934008983316647168e-01 7.961062061665662437e-01 7.991531647968990182e-01 8.032128306070113188e-01 8.126255005984912572e-01 8.244821384478338011e-01 8.369363346019308425e-01 8.478763650171889932e-01 8.573042344193007036e-01 8.686030543160632167e-01 8.806836811169266310e-01 8.931142985004044688e-01 9.070744788306230877e-01 9.242140813362099694e-01 9.392669129372370751e-01 9.510947223950866336e-01 9.577845098896988763e-01 9.621641564281260273e-01 9.648818555537034269e-01 9.665529183934635782e-01 9.677315077282246936e-01 9.680830223558952730e-01 9.676487628767115323e-01 9.673168252469862560e-01 9.640973325448417564e-01 9.605090993373626151e-01 9.571797110452154866e-01 9.576535869356040953e-01 9.604687656286309272e-01 9.632705705977412380e-01 9.660219582448185127e-01 9.691567686225365241e-01 9.735815559470671898e-01 9.777369988630097986e-01 9.805152433523000033e-01 9.813433052674390700e-01 9.821342639082595305e-01 9.828979441161496133e-01 9.833365362910932994e-01 9.834983759533330039e-01 9.836726117215445209e-01 9.838110846829011269e-01 9.839542551492901357e-01 9.840946983949595550e-01 9.842132359861294200e-01 9.843534959984749921e-01 9.844686533404746198e-01 9.845952448360010267e-01 9.847172399985874014e-01 9.848305679611949470e-01 9.849489380349023548e-01 9.850535789629818462e-01 9.851543515833856013e-01 9.852417123941564769e-01 9.853121753763032231e-01 9.853619276907433777e-01 9.853822558572323809e-01 9.853676441033613065e-01 9.853083618755150708e-01 9.851959194043314882e-01 9.850193314424297020e-01 9.847664474293901238e-01 9.844233754224543942e-01 9.839724367371840419e-01 9.833929502417291246e-01 9.826579199188404390e-01 9.817334447925777363e-01 9.805761279660240026e-01
5.937426385348708591e-01 5.931241929640985733e-01 6.011627467646449841e-01 6.095495110496796931e-01 6.348502353150258237e-01 6.730764647122839950e-01 7.150472462696408904e-01 7.393857778459836938e-01 7.493467619870749497e-01 7.461907748679817987e-01 7.414003424111046403e-01 7.581307928978157085e-01 7.894249392964006740e-01 8.086564706897543253e-01 8.231760732557702465e-01 8.290422001394922580e-01 8.275014811839568329e-01 8.249672943763308730e-01 8.349990553737733912e-01 8.403721958164227512e-01 8.359036137485335027e-01 8.249992168079987032e-01 8.142571002617602360e-01 8.068368030497669041e-01 8.032939619012011701e-01 8.011853581023754556e-01 7.991337468055415005e-01 7.972780713304217226e-01 7.955789016969861960e-01 7.941646854320221216e-01 7.932194661866035501e-01 7.933881660541937109e-01 7.942162298423425248e-01 7.969367021242105276e-01 7.999929800349672160e-01 8.040656301754312008e-01 8.134657561036428008e-01 8.252758993111799501e-01 8.376630678486213233e-01 8.485292380532648560e-01 8.578938679782878163e-01 8.691195923424843706e-01 8.811223362975180162e-01 8.934774391938665739e-01 9.073610576237183256e-01 9.244184250210112364e-01 9.394122192543341576e-01 9.512035158002997148e-01 9.578787854516597200e-01 9.622523727688487849e-01 9.649693362157941712e-01 9.666428439935679240e-01 9.678255269233881908e-01 9.681842967877652972e-01 9.677609063150979241e-01 9.674402666653205696e-01 9.642452509998414856e-01 9.606865541121738516e-01 9.573884643998074040e-01 9.578738111299820446e-01 9.606849417177141248e-01 9.634834983549838139e-01 9.662305943689161181e-01 9.693572172458110314e-01 9.737661869700575679e-01 9.779018312302345528e-01 9.806726562982100992e-01 9.815031722101833500e-01 9.822990087496431544e-01 9.830674307922110389e-01 9.835107467095824951e-01 9.836851400434762915e-01 9.838676404146990961e-01 9.840174522616640385e-01 9.841725959428363479e-01 9.843238166579972859e-01 9.844551059342596666e-01 9.846097113777749765e-01 9.847365889630296243e-01 9.848798002594424394e-01 9.850168224232063174e-01 9.851464095932592757e-01 9.852855470456458598e-01 9.854098835684499402e-01 9.855368215692681400e-01 9.856536925945074135e-01 9.857597342770477722e-01 9.858536358194229798e-01 9.859266270439820401e-01 9.859764045172796365e-01 9.859941339300702934e-01 9.859735676131814452e-01 9.859058522356515253e-01 9.857815119944979276e-01 9.855903776064061095e-01 9.853194703928063181e-01 9.849547389369655015e-01 9.844778430202010266e-01 9.838664399001497696e-01 9.830923776175706230e-01
5.936934944830960514e-01 5.930712413023325746e-01 6.011051854225085700e-01 6.094881351619200194e-01 6.347826158282220410e-01 6.730127678283616133e-01 7.150000201466254479e-01 7.393635039942091369e-01 7.493494736668439016e-01 7.462183959885996254e-01 7.414474974340639069e-01 7.581908863848895175e-01 7.895187890074288894e-01 8.087999157677950857e-01 8.233842330916892882e-01 8.293403975879970469e-01 8.279071596692877399e-01 8.254561272858579324e-01 8.355913057111457043e-01 8.410693317562165650e-01 8.366409640010943338e-01 8.257260325729972594e-01 8.149696800022000476e-01 8.075455081011970737e-01 8.040067971010967929e-01 8.019021922111638778e-01 7.998542088608810996e-01 7.980015916198512915e-01 7.963082790956704793e-01 7.949034553153778715e-01 7.939733299056013216e-01 7.941576552552040980e-01 7.950032012446103247e-01 7.977401106387853602e-01 8.008072185390086029e-01 8.048947995153383772e-01 8.142868451965514787e-01 8.260556957447680038e-01 8.383803157858340516e-01 8.491750986858622730e-01 8.584777937328798014e-01 8.696314851361622855e-01 8.815565688841130454e-01 8.938357633495415122e-01 9.076423057550907503e-01 9.246168225969003673e-01 9.395510122886194804e-01 9.513055955578448852e-01 9.579660576296861185e-01 9.623332394450976324e-01 9.650490251719072710e-01 9.667244496351938832e-01 9.679106545662626848e-01 9.682758891120772926e-01 9.678622871534805494e-01 9.675518266622054053e-01 9.643790183381805159e-01 9.608471263976574583e-01 9.575776613375077684e-01 9.580730839144985245e-01 9.608805408105944856e-01 9.636757211999484873e-01 9.664189134766920652e-01 9.695382470477313941e-01 9.739323554594391252e-01 9.780506238783124306e-01 9.808141966326729966e-01 9.816472903059597632e-01 9.824476061937018612e-01 9.832201809379467194e-01 9.836678229010140662e-01 9.838538537275169915e-01 9.840431058493971372e-01 9.842039942878977321e-01 9.843693523119825262e-01 9.845299692577597073e-01 9.846734902265646960e-01 9.848398040978812995e-01 9.849775928978211637e-01 9.851353574520292922e-01 9.852847719417587857e-01 9.854283321730831213e-01 9.855846374898831197e-01 9.857237520215380577e-01 9.858713440114781346e-01 9.860094465393313135e-01 9.861409228496994528e-01 9.862664307870695479e-01 9.863761966813304749e-01 9.864719681557942987e-01 9.865449103685751675e-01 9.865910698554072322e-01 9.866032648994901288e-01 9.865737363601772003e-01 9.864948332086038718e-01 9.863563289075836238e-01 9.861482744025517055e-01 9.858575397126045914e-01 9.854689594209906645e-01 9.849639107264833715e-01
5.936431769275581916e-01 5.930171471298114616e-01 6.010466852470632837e-01 6.094259513742273926e-01 6.347148064812859758e-01 6.729487637285546109e-01 7.149512443035745957e-01 7.393372717482534773e-01 7.493455202631488232e-01 7.462364001762202825e-01 7.414826152473401599e-01 7.582374773577176263e-01 7.895956144116897946e-01 8.089206268303502645e-01 8.235617955443640392e-01 8.295973935032092683e-01 8.282612846878233404e-01 8.258874854711281133e-01 8.361199021089611438e-01 8.417045952589484736e-01 8.373270613494077086e-01 8.264104334924435857e-01 8.156439669785213731e-01 8.082179270598036647e-01 8.046849758347832671e-01 8.025860242565727720e-01 8.005429783667217247e-01 7.986944989137669815e-01 7.970077232064605166e-01 7.956126801431199214e-01 7.946978054985751605e-01 7.948981892359805457e-01 7.957617770114109312e-01 7.985163833609305595e-01 8.015958585105578127e-01 8.057002950208184133e-01 8.150887103568824621e-01 8.268216388807655415e-01 8.390884892011627461e-01 8.498147195877240323e-01 8.590570772731822569e-01 8.701400510843309011e-01 8.819878866436745568e-01 8.941908760694304847e-01 9.079198101436193324e-01 9.248107058409020809e-01 9.396845291634366992e-01 9.514020144543312574e-01 9.580472882638175758e-01 9.624076898212986508e-01 9.651218659896452223e-01 9.667987046430609466e-01 9.679878893681265195e-01 9.683588489831197466e-01 9.679540468888475635e-01 9.676527456831510721e-01 9.645001111014075423e-01 9.609925635093919949e-01 9.577492298448593289e-01 9.582535726002697762e-01 9.610575738203920304e-01 9.638493635152688421e-01 9.665888954360698504e-01 9.697016471280802685e-01 9.740818901764340954e-01 9.781848701073201369e-01 9.809413856894764194e-01 9.817771952403991920e-01 9.825815294318014370e-01 9.833577908814910007e-01 9.838095608376091761e-01 9.840060352957432643e-01 9.842011281472193840e-01 9.843725854995779567e-01 9.845466466652118553e-01 9.847156807590519145e-01 9.848708360103979320e-01 9.850465009424189677e-01 9.851949878324528509e-01 9.853652068844669376e-01 9.855251810507877908e-01 9.856813182972191667e-01 9.858520006210163000e-01 9.860029573704881534e-01 9.861678099683319765e-01 9.863216716507388071e-01 9.864721857234796110e-01 9.866208882248539425e-01 9.867561848122363699e-01 9.868847888942775537e-01 9.869965338037971492e-01 9.870902561584049550e-01 9.871601886241675450e-01 9.871997542829803463e-01 9.872034564703616732e-01 9.871626699515744230e-01 9.870701187321440084e-01 9.869157432879523961e-01 9.866887722897015323e-01 9.863764174010095642e-01
5.935922386956116181e-01 5.929624864496700898e-01 6.009878240615782463e-01 6.093635456725562394e-01 6.346473407889826612e-01 6.728849853921730073e-01 7.149015528270755704e-01 7.393079553421133543e-01 7.493360685452307157e-01 7.462462843649815269e-01 7.415074648928855483e-01 7.582725162372012662e-01 7.896577931480245338e-01 8.090216999730139857e-01 8.237128596973367634e-01 8.298184048433175919e-01 8.285695047909487077e-01 8.262667180617919716e-01 8.365894055705849208e-01 8.422800470365858772e-01 8.379617953548355036e-01 8.270517679119815391e-01 8.162793999205079087e-01 8.088536052812916877e-01 8.053280497349541989e-01 8.032364069029673814e-01 8.011996493171871236e-01 7.993564563096966502e-01 7.976769743982659033e-01 7.962921717806341615e-01 7.953927489316168220e-01 7.956096449938089288e-01 7.964918369065610015e-01 7.992653598994045039e-01 8.023587361524875394e-01 8.064818994883078407e-01 8.158710771170235576e-01 8.275735839412949879e-01 8.397877232164205896e-01 8.504485996613039278e-01 8.596325224486059957e-01 8.706463677946741919e-01 8.824175815732475670e-01 8.945441943978654775e-01 9.081950013518936826e-01 9.250013818246346498e-01 9.398138985969048953e-01 9.514937304231098070e-01 9.581233533222878185e-01 9.624765736109420766e-01 9.651887125558447078e-01 9.668664851413847350e-01 9.680581336196779629e-01 9.684341328285969164e-01 9.680372252372252406e-01 9.677441516239079222e-01 9.646098719255716825e-01 9.611244574466675239e-01 9.579049556079374250e-01 9.584172233677976660e-01 9.612178924648037137e-01 9.640063317581994973e-01 9.667423501143660447e-01 9.698490653668853101e-01 9.742164536779490680e-01 9.783059051363135472e-01 9.810556622664979853e-01 9.818942377732218230e-01 9.827021362819242656e-01 9.834817156295883045e-01 9.839375006581141392e-01 9.841431089898463602e-01 9.843435779324778423e-01 9.845248079102681960e-01 9.847064096086882712e-01 9.848831459466952376e-01 9.850491553756955954e-01 9.852322769539846314e-01 9.853914632254936468e-01 9.855720186969457730e-01 9.857413650839491615e-01 9.859090504388375864e-01 9.860916877537392322e-01 9.862529035843399239e-01 9.864326341926109576e-01 9.865986696555104629e-01 9.867644309266924152e-01 9.869308561810619107e-01 9.870842008192538541e-01 9.872368399710991227e-01 9.873755387492182400e-01 9.875027725119208677e-01 9.876137103430715491e-01 9.877026001735162986e-01 9.877662980356245459e-01 9.877970315018099745e-01 9.877896119060372015e-01 9.877358318849497332e-01 9.876276296986503667e-01 9.874557359417983626e-01
5.935411487897420679e-01 5.929077472373744939e-01 6.009290895162830992e-01 6.093014112158823270e-01 6.345806628223182866e-01 6.728218761569810802e-01 7.148514806850414516e-01 7.392763049659979435e-01 7.493221293054871390e-01 7.462493540557519900e-01 7.415235958469680311e-01 7.582977095739467099e-01 7.897073998175663245e-01 8.091058326139533019e-01 8.238410052504571146e-01 8.300080775587264093e-01 8.288370738344060795e-01 8.265990191744512217e-01 8.370045931171734566e-01 8.427983953918918303e-01 8.385456910716907464e-01 8.276498157196389149e-01 8.168757183604705707e-01 8.094523172318218718e-01 8.059357525974267800e-01 8.038530325433782542e-01 8.018239175191437251e-01 7.999871940416308780e-01 7.983158110661319196e-01 7.969417551806745603e-01 7.960580083194894740e-01 7.962918696620258086e-01 7.971932085489022990e-01 7.999868019907152572e-01 8.030955806333565095e-01 8.072392580513497728e-01 8.166334883452390780e-01 8.283111586185203379e-01 8.404778984092089456e-01 8.510769803449073079e-01 8.602046842723464204e-01 8.711512822556338742e-01 8.828467412452343233e-01 8.948969589631999844e-01 9.084691645460883924e-01 9.251900430667859832e-01 9.399401510413286642e-01 9.515816160039805016e-01 9.581950506496847986e-01 9.625406628635851947e-01 9.652503371239254948e-01 9.669285827522057231e-01 9.681222039970975857e-01 9.685026103076299631e-01 9.681127692039155352e-01 9.678270703635032390e-01 9.647095186337839579e-01 9.612442553279936241e-01 9.580464823012941888e-01 9.585657906396385375e-01 9.613631938768764096e-01 9.641483346681299915e-01 9.668809316382762642e-01 9.699820322754800772e-01 9.743375524836915824e-01 9.784149486790195693e-01 9.811583500238134636e-01 9.819996299160802522e-01 9.828106832862734121e-01 9.835932729662024698e-01 9.840529693428006208e-01 9.842664412351216363e-01 9.844720679692632315e-01 9.846620693184729989e-01 9.848503938702336535e-01 9.850342566246788056e-01 9.852101686082729293e-01 9.853994007877467931e-01 9.855691762375722309e-01 9.857581164218145453e-01 9.859361249187654774e-01 9.861143976249024945e-01 9.863068400994404739e-01 9.864776179059940864e-01 9.866701415655778629e-01 9.868460497261725139e-01 9.870248221711986902e-01 9.872053248786597512e-01 9.873720468943569806e-01 9.875431921504178590e-01 9.877006985251697291e-01 9.878517901644688903e-01 9.879916091387056509e-01 9.881149720005076853e-01 9.882215323364046400e-01 9.883036418908729415e-01 9.883582578870560020e-01 9.883783821552459825e-01 9.883577531298705088e-01 9.882893141280125748e-01
5.934903022343069878e-01 5.928533398279298705e-01 6.008708898638090989e-01 6.092399595342047336e-01 6.345151383518160548e-01 6.727598010574213916e-01 7.148014761310013121e-01 7.392429618942113478e-01 7.493045760433845182e-01 7.462467456053760717e-01 7.415323628135646050e-01 7.583145482606465926e-01 7.897462429253756522e-01 8.091753724305299489e-01 8.239493498098120483e-01 8.301705185796696140e-01 8.290688108293273739e-01 8.268893351635601130e-01 8.373703037413858796e-01 8.432628589766594240e-01 8.390798646854639165e-01 8.282047883399984434e-01 8.174329726033922050e-01 8.100140800699480170e-01 8.065080176771651788e-01 8.044357537082591492e-01 8.024156029136004786e-01 8.005865330213016717e-01 7.989240741478144114e-01 7.975612939463836426e-01 7.966934509157003186e-01 7.969447091626532531e-01 7.978656978841082159e-01 8.006804259771529431e-01 8.038060478083011162e-01 8.079719133817676591e-01 8.173753386577911062e-01 8.290337922309732877e-01 8.411586624631355313e-01 8.516998615292845631e-01 8.607738808734374247e-01 8.716554200790143092e-01 8.832762581622470854e-01 8.952502438262778250e-01 9.087434491372969880e-01 9.253777769684907728e-01 9.400642285913907159e-01 9.516664674608943386e-01 9.582631071788361155e-01 9.626006580956295577e-01 9.653074382435747891e-01 9.669857129909955606e-01 9.681808405385162741e-01 9.685650707002689819e-01 9.681815396370230253e-01 9.679024346883037255e-01 9.648001541966378936e-01 9.613532693131630058e-01 9.581753140037687633e-01 9.587008608659862707e-01 9.614950273282346638e-01 9.642769093111392964e-01 9.670061495657392703e-01 9.701019714170422414e-01 9.744465522220625564e-01 9.785131278109292507e-01 9.812506412449660820e-01 9.820944767515027429e-01 9.829083287083359988e-01 9.836936539168247284e-01 9.841571266057962397e-01 9.843773362994592269e-01 9.845879788890138373e-01 9.847856833815207267e-01 9.849801708884254881e-01 9.851706442443967093e-01 9.853554145294374234e-01 9.855499192553560661e-01 9.857298682199115980e-01 9.859256084766633288e-01 9.861118349373891867e-01 9.862996882821761790e-01 9.865001227249194926e-01 9.866802603810539418e-01 9.868834916303153015e-01 9.870679093864221931e-01 9.872581980851291572e-01 9.874501547435292625e-01 9.876275267063746588e-01 9.878137342055969272e-01 9.879846854350503582e-01 9.881534992623769442e-01 9.883138521203733706e-01 9.884610809116322061e-01 9.885980204110247360e-01 9.887161843496293789e-01 9.888151984675165318e-01 9.888888180087620494e-01 9.889321991126598377e-01 9.889399408550227921e-01
5.934400289297657727e-01 5.927996062512554953e-01 6.008135636294619220e-01 6.091795305667266902e-01 6.344510647987302576e-01 6.726990569186256375e-01 7.147519117247154163e-01 7.392084719143995342e-01 7.492841615498451180e-01 7.462394461050835259e-01 7.415349479892560103e-01 7.583243327434120440e-01 7.897758976105889728e-01 8.092323612166985036e-01 8.240406034367445676e-01 8.303093374165267937e-01 8.292690845889668649e-01 8.271422993049406536e-01 8.376913078851797589e-01 8.436770244615061642e-01 8.395659591366830821e-01 8.287173138339372080e-01 8.179515235513062921e-01 8.105391594260586974e-01 8.070449884577721722e-01 8.049845980062423356e-01 8.029746672918114392e-01 8.011544044700428246e-01 7.995016882115194568e-01 7.981507127960177916e-01 7.972989872254994115e-01 7.975680342303261838e-01 7.985091172942757609e-01 8.013459333245482874e-01 8.044897524476988249e-01 8.086793399566479801e-01 8.180959089089813174e-01 8.297407457645518125e-01 8.418294527094675184e-01 8.523170175281822303e-01 8.613402049322466114e-01 8.721591938134319877e-01 8.837068371848735282e-01 8.956049645226170641e-01 9.090188772869486344e-01 9.255655746981504839e-01 9.401869943240709349e-01 9.517490130833404782e-01 9.583281855794634208e-01 9.626571945454636126e-01 9.653606480925751576e-01 9.670385227878514067e-01 9.682347138935194497e-01 9.686222291161702413e-01 9.682443171911500057e-01 9.679710917266594050e-01 9.648827768141338135e-01 9.614526866029127206e-01 9.582928205064894511e-01 9.588238710279409771e-01 9.616148033162558173e-01 9.643934455616175461e-01 9.671193795536550120e-01 9.702102011832445250e-01 9.745446916610701615e-01 9.786014866688099723e-01 9.813335984606290641e-01 9.821797927848683329e-01 9.829961339120277808e-01 9.837839369083376528e-01 9.842510057625787345e-01 9.844770158891051892e-01 9.846925060035816024e-01 9.848969027938258014e-01 9.850971345836806448e-01 9.852937290189369701e-01 9.854863152872157528e-01 9.856856333179467855e-01 9.858750014194834765e-01 9.860764274643597505e-01 9.862704891069968838e-01 9.864668857939733471e-01 9.866739071888749324e-01 9.868633553913652712e-01 9.870752274678937788e-01 9.872674888589346720e-01 9.874680228832806161e-01 9.876694017126051994e-01 9.878559468899048568e-01 9.880548416155217062e-01 9.882358385263599887e-01 9.884187180374069959e-01 9.885940783965411205e-01 9.887580930917421185e-01 9.889168517124838909e-01 9.890598419586699164e-01 9.891901850437726518e-01 9.893017424464302101e-01 9.893910409565489505e-01 9.894542548932597770e-01
5.933906015995850103e-01 5.927468286067003600e-01 6.007573882735993687e-01 6.091204016436918556e-01 6.343886801053892910e-01 6.726398813272134181e-01 7.147030941096609302e-01 7.391732972364595255e-01 7.492615326130978026e-01 7.462283110770524530e-01 7.415323809993713544e-01 7.583281954860434659e-01 7.897977345283997419e-01 8.092785737786386546e-01 8.241171190472835750e-01 8.304276925059637104e-01 8.294418176368626439e-01 8.273621912305446635e-01 8.379722033386318714e-01 8.440447079186803592e-01 8.400060646211678916e-01 8.291884084295206847e-01 8.184320327498544323e-01 8.110280674567368342e-01 8.075470227844121496e-01 8.054997773636440872e-01 8.035012271260751904e-01 8.016908653575915977e-01 8.000486788449001629e-01 7.987100166734102391e-01 7.978745919845475765e-01 7.981617635432235458e-01 7.991233110669457851e-01 8.019830388837269064e-01 8.051462986855780768e-01 8.093609771229938188e-01 8.187944006023322174e-01 8.304311428451671695e-01 8.424895198692127218e-01 8.529280135470156399e-01 8.619035350082947522e-01 8.726628104264377850e-01 8.841390012892589301e-01 8.959618843116204934e-01 9.092963511449906333e-01 9.257543394016408689e-01 9.403092409033619870e-01 9.518299205902932547e-01 9.583908903922158107e-01 9.627108483460115051e-01 9.654105390085957472e-01 9.670875970975242319e-01 9.682844313532682490e-01 9.686747325033562284e-01 9.683018083879066928e-01 9.680338094256262238e-01 9.649582894340419381e-01 9.615435795602710334e-01 9.584002448201033308e-01 9.589361233275224272e-01 9.617238037427238151e-01 9.644992054651546631e-01 9.672218737739540773e-01 9.703079336682770561e-01 9.746330937980324238e-01 9.786809899362303167e-01 9.814081678122890118e-01 9.822565087410874973e-01 9.830750669236447692e-01 9.838651016701751573e-01 9.843355450974288212e-01 9.845666017830462247e-01 9.847867077331686758e-01 9.849969175899465634e-01 9.852025199198017891e-01 9.854047639411549486e-01 9.856042003007160490e-01 9.858080946051812621e-01 9.860058823944459760e-01 9.862123208526397677e-01 9.864137624853546171e-01 9.866177095136221542e-01 9.868303237177415976e-01 9.870289240616615389e-01 9.872475680442622803e-01 9.874474545923791480e-01 9.876569517956057531e-01 9.878661593451261158e-01 9.880611356113719879e-01 9.882707419180977171e-01 9.884597491491320387e-01 9.886545033056634013e-01 9.888412354921495284e-01 9.890176473756057129e-01 9.891926935824457701e-01 9.893527026805322144e-01 9.895052561770378841e-01 9.896432561516625981e-01 9.897647924631556293e-01 9.898676925289795481e-01
5.933422429096195660e-01 5.926952365617629281e-01 6.007025879368678156e-01 6.090627955081856504e-01 6.343281706274268572e-01 6.725824605899928255e-01 7.146552726753915286e-01 7.391378270425310593e-01 7.492372430471305744e-01 7.462140802054294531e-01 7.415255567068034237e-01 7.583271209417002945e-01 7.898129452649177429e-01 8.093155521735830860e-01 8.241809379834910132e-01 8.305283387008559615e-01 8.295905040719959711e-01 8.275529173988401821e-01 8.382173379533826019e-01 8.443698272023619777e-01 8.404026294882708248e-01 8.296194365294564665e-01 8.188754434836725826e-01 8.114815535688317816e-01 8.080146904932791196e-01 8.059816915109500046e-01 8.039955613657084887e-01 8.021961094544667326e-01 8.005651861380874701e-01 7.992393062918558000e-01 7.984203217771788097e-01 7.987258837139881162e-01 7.997081779498110832e-01 8.025914965846410176e-01 8.057753083675595063e-01 8.100162606293622725e-01 8.194699699616957433e-01 8.311040016032253952e-01 8.431379532370845142e-01 8.535322230732264037e-01 8.624635471569099820e-01 8.731662781916578187e-01 8.845730959601800780e-01 8.963216186988157697e-01 9.095766586148559263e-01 9.259448935144003467e-01 9.404316983926094276e-01 9.519098037837465665e-01 9.584517737461142328e-01 9.627621424163822494e-01 9.654576292758466627e-01 9.671334647733381695e-01 9.683305421867377527e-01 9.687231654306596162e-01 9.683546517199371761e-01 9.680912825690478618e-01 9.650275083757654526e-01 9.616269157155247216e-01 9.584987118958295804e-01 9.590387973582907843e-01 9.618231921132164297e-01 9.645953371740704219e-01 9.673147706228483189e-01 9.703962749818890732e-01 9.747127750186993511e-01 9.787525248364156161e-01 9.814751964232981685e-01 9.823254752948646917e-01 9.831460081874466850e-01 9.839380406836770732e-01 9.844116085183647336e-01 9.846471096814654045e-01 9.848715422143353715e-01 9.850868385024909024e-01 9.852974299043687489e-01 9.855048687703318322e-01 9.857103063715847435e-01 9.859186288140089349e-01 9.861237423519207956e-01 9.863348338161356255e-01 9.865430898787863612e-01 9.867537088426688863e-01 9.869712643095134297e-01 9.871786078064807013e-01 9.874025370956449610e-01 9.876100035694561630e-01 9.878271536492748695e-01 9.880429974589960418e-01 9.882460173640736922e-01 9.884644653486304167e-01 9.886604155236513591e-01 9.888655135221976478e-01 9.890611651303866658e-01 9.892474326887601421e-01 9.894352643200174935e-01 9.896071603907212744e-01 9.897760283066292519e-01 9.899323711028170658e-01 9.900762785637130525e-01 9.902071621030100745e-01
5.932951318343775426e-01 5.926450140542522949e-01 6.006493403526073083e-01 6.090068874672486254e-01 6.342696781426925279e-01 6.725269367823293321e-01 7.146086472210253504e-01 7.391023868237962535e-01 7.492117652246674808e-01 7.461973913029872341e-01 7.415152510897879967e-01 7.583219632777250530e-01 7.898225646592941240e-01 8.093446356943391207e-01 8.242338305830674283e-01 8.306136734259608190e-01 8.297182366960720312e-01 8.277180084277160343e-01 8.384307575628623388e-01 8.446562906576382534e-01 8.407583671752921761e-01 8.300120617905077935e-01 8.192829541538483307e-01 8.119005885097663189e-01 8.084487649169732615e-01 8.064309258603035158e-01 8.044581141979825212e-01 8.026704739140408940e-01 8.010514741343776057e-01 7.997387899596466454e-01 7.989363291154392144e-01 7.992604659266991929e-01 8.002636905369999720e-01 8.031711222523332250e-01 8.063764469575097626e-01 8.106446522426404844e-01 8.201217613026976494e-01 8.317582672838804703e-01 8.437737074671844972e-01 8.541288465743750447e-01 8.630197272362032379e-01 8.736694133325575429e-01 8.850092925179591230e-01 8.966846383431916756e-01 9.098604774919621940e-01 9.261379849622016769e-01 9.405550412669250182e-01 9.519892286444779916e-01 9.585113407521717033e-01 9.628115519647501008e-01 9.655023883388542671e-01 9.671766038881374206e-01 9.683735426179523875e-01 9.687680555933482207e-01 9.684034235506174815e-01 9.681441386075501088e-01 9.650911710517673381e-01 9.617035673492424497e-01 9.585892377929727814e-01 9.591329606151635101e-01 9.619140232449016059e-01 9.646828848951760627e-01 9.673991035545216333e-01 9.704762288159269890e-01 9.747846538169057107e-01 9.788169037605854994e-01 9.815354481985431034e-01 9.823874673419137338e-01 9.832097573404964264e-01 9.840035679303973382e-01 9.844799967942072794e-01 9.847194533837562158e-01 9.849478887199577537e-01 9.851676817697260224e-01 9.853828609283256101e-01 9.855950550258563148e-01 9.858057714965263729e-01 9.860183767389708587e-01 9.862297675508270300e-01 9.864453106241074520e-01 9.866597403699782776e-01 9.868762975145968230e-01 9.870983820628143057e-01 9.873137949453861806e-01 9.875419935111782177e-01 9.877569273858971544e-01 9.879804973441979055e-01 9.882021431538472456e-01 9.884129047664799161e-01 9.886384181320112541e-01 9.888409171816152643e-01 9.890549868455517091e-01 9.892578738108323000e-01 9.894525777438710756e-01 9.896508350207461335e-01 9.898314329441953996e-01 9.900130419639724400e-01 9.901822765813211857e-01 9.903419200208305462e-01 9.904925489447239384e-01
5.932494093394818924e-01 5.925963052716046731e-01 6.005977830046768107e-01 6.089528117550666586e-01 6.342133060640622322e-01 6.724734139792772902e-01 7.145633747253770096e-01 7.390672466354447634e-01 7.491855002786281803e-01 7.461787926984604358e-01 7.415021353755197886e-01 7.583134620852443053e-01 7.898274903864924701e-01 8.093669870389835763e-01 8.242773318972491658e-01 8.306857799440046097e-01 8.298277395181621330e-01 8.278606291279906326e-01 8.386161761040475948e-01 8.449079053814797513e-01 8.410761644491155931e-01 8.303681922050251130e-01 8.196559854917526700e-01 8.122863427829969396e-01 8.088502088763777076e-01 8.068482441150105489e-01 8.048894929326082526e-01 8.031144414231051742e-01 8.015079362171653177e-01 8.002087916103057808e-01 7.994228728617689406e-01 7.997656790542210237e-01 8.007899112678725784e-01 8.037218132504936330e-01 8.069494466561826229e-01 8.112456670323279218e-01 8.207489392553646290e-01 8.323928453361345570e-01 8.443956310176965463e-01 8.547169318344622901e-01 8.635713843130037315e-01 8.741718468502566175e-01 8.854475906789889272e-01 8.970512704921824731e-01 9.101483779045629330e-01 9.263342920893388177e-01 9.406798946284963270e-01 9.520687190022041335e-01 9.585700546262144739e-01 9.628595095782822577e-01 9.655452416042679120e-01 9.672174466215788247e-01 9.684138805739345157e-01 9.688098789904815433e-01 9.684486436510821861e-01 9.681929433488094539e-01 9.651499429314974732e-01 9.617743204149560299e-01 9.586727388019583573e-01 9.592195778933798600e-01 9.619972523151955057e-01 9.647627966349348050e-01 9.674758092287520927e-01 9.705487029242124697e-01 9.748495596865582868e-01 9.788748679132379671e-01 9.815896157029266877e-01 9.824431894963193690e-01 9.832670400789066401e-01 9.840624256183557739e-01 9.845414522447435424e-01 9.847844544572723624e-01 9.850165575890205139e-01 9.852403633345189204e-01 9.854597206367796680e-01 9.856762446331180927e-01 9.858916327969411419e-01 9.861083387336827544e-01 9.863250934356576627e-01 9.865449193019091290e-01 9.867648697446051997e-01 9.869867640756964100e-01 9.872131044396077471e-01 9.874357272324262302e-01 9.876676149260067428e-01 9.878896953425962968e-01 9.881186545379073705e-01 9.883455385355263134e-01 9.885636638727719472e-01 9.887946819129177500e-01 9.890037293874316404e-01 9.892253575654194053e-01 9.894343650056355299e-01 9.896366635853852678e-01 9.898435258883628851e-01 9.900309903220116947e-01 9.902231680079663922e-01 9.904017328080849669e-01 9.905729922066879301e-01 9.907378828128973192e-01
5.932051834451901318e-01 5.925492199762713019e-01 6.005480186037068790e-01 6.089006671853205432e-01 6.341591249369316063e-01 6.724219637550727935e-01 7.145195753198212429e-01 7.390326283884516290e-01 7.491587871197890047e-01 7.461587542137599893e-01 7.414867886049372192e-01 7.583022562884274009e-01 7.898285001257785432e-01 8.093836151038426019e-01 8.243127728948997923e-01 8.307464668838201449e-01 8.299214026170653735e-01 8.279835974214660999e-01 8.387769641437772261e-01 8.451283062515239086e-01 8.413589954613684974e-01 8.306899222130356142e-01 8.199961433727996907e-01 8.126401605493224212e-01 8.092201559670899602e-01 8.072345761344015269e-01 8.052904613243515586e-01 8.035286380861728084e-01 8.019350965035599854e-01 8.006497550436656452e-01 7.998803249493624534e-01 8.002417991494206184e-01 8.012870048665412526e-01 8.042435646892147627e-01 8.074941263930258684e-01 8.118188978839728787e-01 8.213507193089591985e-01 8.330066345805300365e-01 8.450024961796013256e-01 8.552953961761405877e-01 8.641176655641803483e-01 8.746730320003485160e-01 8.858878206768799890e-01 8.974216991091715778e-01 9.104408230456758622e-01 9.265344271978596113e-01 9.408068396137886369e-01 9.521487618277101328e-01 9.586283415501347660e-01 9.629064099192691240e-01 9.655865749221539396e-01 9.672563837743022308e-01 9.684519602069662225e-01 9.688490647440249903e-01 9.684907803414637417e-01 9.682382064345155248e-01 9.652044239027111061e-01 9.618398826833645110e-01 9.587500402205667571e-01 9.592995199268018469e-01 9.620737432160800795e-01 9.648359310668426225e-01 9.675457352169407610e-01 9.706145171540138117e-01 9.749082418953632923e-01 9.789270916320680360e-01 9.816383282629187468e-01 9.824932820862282146e-01 9.833185146840310864e-01 9.841152896499129055e-01 9.845966601503054472e-01 9.848428529469048787e-01 9.850782943374231104e-01 9.853057028393146233e-01 9.855288384108616961e-01 9.857492836910773937e-01 9.859688309421690278e-01 9.861894117316247765e-01 9.864107839306808234e-01 9.866346883270404877e-01 9.868595470127676794e-01 9.870862756860955267e-01 9.873166607931501693e-01 9.875455660772107791e-01 9.877808763812583326e-01 9.880095546498948167e-01 9.882431435800427266e-01 9.884748631944677566e-01 9.886998394776218557e-01 9.889351406623181351e-01 9.891508527953527530e-01 9.893786137145114123e-01 9.895930780160268059e-01 9.898023465989418401e-01 9.900162457847733188e-01 9.902096536204222366e-01 9.904108743154256267e-01 9.905964795162998104e-01 9.907769636423967574e-01 9.909525768733274953e-01
5.931625337335312276e-01 5.925038382435963147e-01 6.005001199519398591e-01 6.088505221666247191e-01 6.341071772983662980e-01 6.723726300317540705e-01 7.144773375533157722e-01 7.389987122869631220e-01 7.491319104049947164e-01 7.461376768862739706e-01 7.414697087925919972e-01 7.582888964516669716e-01 7.898262666097179974e-01 8.093953948147065702e-01 8.243413075829923997e-01 8.307973036892860597e-01 8.300013171581420712e-01 8.280894088736489023e-01 8.389161517513314958e-01 8.453209052245983512e-01 8.416098450830747923e-01 8.309794747374007473e-01 8.203051790728910220e-01 8.129635302955495746e-01 8.095598880914109952e-01 8.075910017253188355e-01 8.056619287835403709e-01 8.039138273230390652e-01 8.023336074092840553e-01 8.010622444617910842e-01 8.003091734216001285e-01 8.006892152609973445e-01 8.017552470973338119e-01 8.047364819665577818e-01 8.080104083630227363e-01 8.123640367870554879e-01 8.219263960704554783e-01 8.335985599010032887e-01 8.455930304354740690e-01 8.558630506820694706e-01 8.646575730053501774e-01 8.751722528711409765e-01 8.863296452959178451e-01 8.977959638671384468e-01 9.107381681974736631e-01 9.267389385835369531e-01 9.409364179427885944e-01 9.522298121256171921e-01 9.586865952470194907e-01 9.629526140530179079e-01 9.656267387711112704e-01 9.672937689355115554e-01 9.684881461494102561e-01 9.688859995538816605e-01 9.685302552588205272e-01 9.682803865070240823e-01 9.652551541334281060e-01 9.619008910972103310e-01 9.588218845980033267e-01 9.593735714514982638e-01 9.621442762333327625e-01 9.649030641858019619e-01 9.676096473668157616e-01 9.706744116793984967e-01 9.749613775654628611e-01 9.789741869735413271e-01 9.816821575708676306e-01 9.825383268319695107e-01 9.833647780535129668e-01 9.841627743801820705e-01 9.846462494705741086e-01 9.848953168556858762e-01 9.851337821771894987e-01 9.853644337816915844e-01 9.855909715872284149e-01 9.858149517393791639e-01 9.860382186247984571e-01 9.862624143748215388e-01 9.864878133156604889e-01 9.867155408066726752e-01 9.869447625376774891e-01 9.871758850600383939e-01 9.874101171606907146e-01 9.876444169982920851e-01 9.878830490545531529e-01 9.881176208248394488e-01 9.883553379430621844e-01 9.885915612600634228e-01 9.888227611353372914e-01 9.890615118644182635e-01 9.892838936266260541e-01 9.895164916031988778e-01 9.897360692393449844e-01 9.899517037236125194e-01 9.901712679283480867e-01 9.903702803659232279e-01 9.905791920042330556e-01 9.907704178554627150e-01 9.909587453182717720e-01 9.911427416895648435e-01
5.931215153657681816e-01 5.924602146829208715e-01 6.004541342711851026e-01 6.088024191593394141e-01 6.340574819787745398e-01 6.723254333603413402e-01 7.144367230391835966e-01 7.389656425167556719e-01 7.491051075832453332e-01 7.461159015830148844e-01 7.414513228383743382e-01 7.582738556705587163e-01 7.898213708212357131e-01 8.094030843786671481e-01 8.243639365037701561e-01 8.308396519866211305e-01 8.300693090660808959e-01 8.281802641997317860e-01 8.390364418048670281e-01 8.454888590989536601e-01 8.418316438015901459e-01 8.312391456830617864e-01 8.205849487442902213e-01 8.132580535684634793e-01 8.098708102472482739e-01 8.079187311141645678e-01 8.060049360070473679e-01 8.042709001296555194e-01 8.027042436043797524e-01 8.014469414243535761e-01 8.007100218428216953e-01 8.011084315458605332e-01 8.021950297228143123e-01 8.052007894119403986e-01 8.084983307557643828e-01 8.128808923909081052e-01 8.224753685089437605e-01 8.341676036900520508e-01 8.461659486185696410e-01 8.564186262787615300e-01 8.651899821906843258e-01 8.756686343890213164e-01 8.867725621061076646e-01 8.981739581179032372e-01 9.110406579679550809e-01 9.269483108642527780e-01 9.410691354678298870e-01 9.523122973375329758e-01 9.587451812089473613e-01 9.629984534093710691e-01 9.656660521245093998e-01 9.673299223073030806e-01 9.685227674534910847e-01 9.689210317896971292e-01 9.685674477642294278e-01 9.683198959922310056e-01 9.653026194777661884e-01 9.619579183809272571e-01 9.588889393365797043e-01 9.594424387395854570e-01 9.622095550994202995e-01 9.649648959019080374e-01 9.676682367827703635e-01 9.707290546056787095e-01 9.750095787081844989e-01 9.790167083114862390e-01 9.817216220911025859e-01 9.825788518340589084e-01 9.834063711713183498e-01 9.842054370132663488e-01 9.846907942717920692e-01 9.849424499737202687e-01 9.851836448736575047e-01 9.854172154907655523e-01 9.856468103394597779e-01 9.858739670615370709e-01 9.861005696806688370e-01 9.863281011406248577e-01 9.865570588841630073e-01 9.867883178076988226e-01 9.870214283342583217e-01 9.872565418787102587e-01 9.874944109886484300e-01 9.877333261791971797e-01 9.879752233837378883e-01 9.882149363497696459e-01 9.884564642088857767e-01 9.886968792192104560e-01 9.889336215066016900e-01 9.891753368589228934e-01 9.894041546333096626e-01 9.896405669380968773e-01 9.898650750531765574e-01 9.900864280693586483e-01 9.903105263003403325e-01 9.905151146102992854e-01 9.907303536060291238e-01 9.909264160476387584e-01 9.911216662861896953e-01 9.913123780312343980e-01
5.930821626986416684e-01 5.924183822356861029e-01 6.004100870922902677e-01 6.087563786767298257e-01 6.340100379515591911e-01 6.722803747403633956e-01 7.143977705912935017e-01 7.389335323031408498e-01 7.490785751552394567e-01 7.460937166593932801e-01 7.414319953542065633e-01 7.582575392333784636e-01 7.898143135902442324e-01 8.094073403086803342e-01 8.243815270636596360e-01 8.308746930754598026e-01 8.301269704184728315e-01 8.282580977204686556e-01 8.391402302287273018e-01 8.456350530589856751e-01 8.420272152513175179e-01 8.314712528951374582e-01 8.208373736538362442e-01 8.135254129457590855e-01 8.101544235148783191e-01 8.082190828153997808e-01 8.063206375321632091e-01 8.046008620145522761e-01 8.030478925267574564e-01 8.018046382795712690e-01 8.010835850511114353e-01 8.015000655546765662e-01 8.026068614410107882e-01 8.056368346712288186e-01 8.089580561660385527e-01 8.133694031307874273e-01 8.229971611873184711e-01 8.347128348762467009e-01 8.467199848325956957e-01 8.569608010219081917e-01 8.657136625411118169e-01 8.761611536518993937e-01 8.872159058413670030e-01 8.985554256265421147e-01 9.113484213321743077e-01 9.271629630880124928e-01 9.412054643367117057e-01 9.523966210176482150e-01 9.588044404257480835e-01 9.630442333065343252e-01 9.657048059200945556e-01 9.673651341442247586e-01 9.685561211519954083e-01 9.689544751916322474e-01 9.686026989530817088e-01 9.683571054358118824e-01 9.653472564035838754e-01 9.620114789314838655e-01 9.589518035620930858e-01 9.595067565315670288e-01 9.622702134458250844e-01 9.650220564336072782e-01 9.677221263070978630e-01 9.707790486390850404e-01 9.750533981902752556e-01 9.790551568148337935e-01 9.817571910515706657e-01 9.826153358831170026e-01 9.834437839847766094e-01 9.842437818303598762e-01 9.847308161860662823e-01 9.849847983956289132e-01 9.852284502583000814e-01 9.854646438313444667e-01 9.856969825457623235e-01 9.859269893195795609e-01 9.861565867878219205e-01 9.863871689596225290e-01 9.866193043498218129e-01 9.868537905765859541e-01 9.870903779870842110e-01 9.873291056535480337e-01 9.875703808988536281e-01 9.878132670965058537e-01 9.880583460707771382e-01 9.883024933197315232e-01 9.885476071994919733e-01 9.887919059532597199e-01 9.890335204700312355e-01 9.892779672368682276e-01 9.895127370993300753e-01 9.897522800401959975e-01 9.899815491794294875e-01 9.902079545080895162e-01 9.904357380859326598e-01 9.906459488561587534e-01 9.908661685568866950e-01 9.910667486759903166e-01 9.912681213509973999e-01 9.914642769659466337e-01
