5.009714770000000157e-21 8.487126729999999371e-21 1.335778509999999996e-20 1.978748660000000051e-20 2.797460209999999795e-20 3.811947150000000245e-20 5.042121750000000117e-20 6.507736840000000495e-20 8.228370739999999773e-20 1.022341279999999956e-19 1.251204249999999980e-19 1.511321410000000005e-19 1.804564560000000055e-19 2.132781290000000062e-19 2.497794389999999794e-19 2.901401909999999772e-19 3.345378180000000170e-19 3.831472419999999775e-19 4.361411109999999896e-19 4.936897209999999960e-19 5.559612209999999924e-19 6.231214109999999645e-19 6.953340719999999713e-19 7.727608649999999941e-19 8.555613859999999894e-19 9.438933149999999050e-19 1.037912209999999941e-18 1.137772039999999953e-18 1.243624489999999970e-18 1.355619670000000055e-18 1.473905880000000072e-18 1.598629410000000008e-18 1.729935030000000041e-18 1.867965729999999996e-18 2.012862749999999979e-18 2.164765780000000041e-18 2.323812760000000126e-18 2.490139760000000073e-18 2.663882019999999834e-18 2.845172299999999970e-18 3.034142329999999945e-18 3.230922390000000158e-18 3.435640909999999911e-18 3.648425260000000056e-18 3.869401190000000061e-18 4.098692339999999687e-18 4.336422399999999671e-18 4.582712939999999997e-18 4.837683510000000312e-18 5.101453619999999942e-18 5.374139909999999753e-18 5.655859849999999728e-18 5.946727569999999757e-18 6.246857230000000158e-18 6.556361749999999825e-18 6.875351959999999641e-18 7.203938290000000375e-18 7.542229519999999829e-18 7.890334420000000538e-18 8.248359689999999871e-18 8.616410399999999703e-18 8.994592410000000711e-18 9.383008300000000486e-18 9.781761469999999702e-18 1.019095370000000035e-17 1.061068499999999971e-17 1.104105539999999948e-17 1.148216359999999940e-17 1.193410860000000042e-17 1.239698560000000015e-17 1.287089150000000012e-17 1.335592199999999998e-17 1.385217089999999925e-17 1.435973139999999956e-17 1.487869620000000050e-17 1.540915720000000142e-17 1.595120530000000064e-17 1.650493160000000034e-17 1.707042369999999907e-17 1.764777260000000016e-17 1.823706440000000056e-17 1.883838829999999924e-17 1.945182870000000000e-17 2.007747179999999865e-17 2.071540339999999860e-17 2.136570799999999943e-17 2.202846820000000058e-17 2.270376849999999852e-17 2.339169000000000037e-17 2.409231360000000005e-17 2.480572380000000022e-17 2.553199830000000010e-17 2.627121820000000059e-17 2.702346290000000024e-17 2.778880840000000198e-17 2.856733760000000188e-17 2.935912479999999740e-17 3.016424619999999849e-17 3.098278110000000171e-17 3.181480569999999852e-17
7.469948230000000161e-21 1.257265740000000048e-20 1.969260000000000126e-20 2.906765660000000146e-20 4.098348739999999941e-20 5.572832760000000383e-20 7.358849469999999996e-20 9.484792180000000125e-20 1.197879789999999947e-19 1.486872269999999898e-19 1.818211490000000114e-19 2.194619769999999818e-19 2.618784279999999918e-19 3.093356929999999771e-19 3.620953660000000224e-19 4.204154250000000126e-19 4.845503049999999845e-19 5.547509530000000365e-19 6.312647969999999653e-19 7.143360650000000128e-19 8.042055679999999613e-19 9.011110170000000666e-19 1.005286970000000095e-18 1.116965039999999984e-18 1.236373829999999995e-18 1.363738859999999981e-18 1.499283159999999935e-18 1.643226750000000084e-18 1.795786980000000129e-18 1.957178399999999946e-18 2.127613169999999968e-18 2.307300789999999994e-18 2.496448049999999944e-18 2.695259669999999962e-18 2.903937070000000031e-18 3.122680429999999863e-18 3.351686419999999834e-18 3.591150039999999888e-18 3.841263810000000194e-18 4.102217790000000148e-18 4.374200150000000040e-18 4.657397010000000158e-18 4.951991600000000246e-18 5.258165469999999725e-18 5.576098130000000216e-18 5.905966999999999937e-18 6.247947460000000076e-18 6.602212780000000184e-18 6.968934619999999473e-18 7.348282129999999259e-18 7.740422819999999318e-18 8.145523770000000420e-18 8.563747940000000477e-18 8.995257460000000598e-18 9.440212800000000573e-18 9.898773610000000194e-18 1.037109619999999993e-17 1.085733609999999978e-17 1.135764719999999978e-17 1.187218170000000050e-17 1.240109010000000011e-17 1.294452209999999964e-17 1.350262499999999944e-17 1.407554520000000076e-17 1.466342740000000090e-17 1.526641560000000045e-17 1.588465040000000133e-17 1.651827239999999930e-17 1.716742219999999936e-17 1.783223559999999902e-17 1.851285299999999937e-17 1.920940530000000075e-17 1.992202960000000142e-17 2.065085850000000102e-17 2.139602250000000135e-17 2.215765400000000124e-17 2.293588040000000044e-17 2.373083069999999913e-17 2.454263410000000143e-17 2.537141280000000097e-17 2.621729429999999947e-17 2.708040269999999997e-17 2.796085870000000070e-17 2.885878969999999833e-17 2.977430989999999966e-17 3.070754169999999917e-17 3.165860420000000081e-17 3.262761650000000236e-17 3.361469439999999875e-17 3.461995379999999919e-17 3.564351040000000282e-17 3.668547999999999841e-17 3.774597190000000176e-17 3.882510510000000256e-17 3.992298549999999949e-17 4.103972569999999889e-17 4.217543800000000125e-17 4.333022850000000301e-17 4.450420620000000180e-17 4.569748379999999975e-17
1.124149440000000046e-20 1.877558950000000096e-20 2.924103820000000299e-20 4.298010750000000068e-20 6.040539409999999538e-20 8.193271790000000204e-20 1.079748059999999962e-19 1.389407909999999900e-19 1.752359900000000060e-19 2.172615469999999896e-19 2.654140830000000003e-19 3.200854219999999801e-19 3.816621940000000119e-19 4.505258849999999960e-19 5.270526550000000363e-19 6.116134159999999652e-19 7.045737830000000309e-19 8.062944049999999972e-19 9.171307139999999120e-19 1.037433279999999957e-18 1.167548059999999915e-18 1.307816180000000064e-18 1.458574399999999983e-18 1.620154719999999949e-18 1.792885230000000020e-18 1.977089459999999856e-18 2.173087220000000030e-18 2.381193659999999916e-18 2.601720429999999825e-18 2.834975229999999919e-18 3.081261639999999812e-18 3.340879919999999953e-18 3.614126220000000132e-18 3.901293549999999715e-18 4.202670600000000164e-18 4.518543169999999694e-18 4.849193310000000282e-18 5.194899799999999934e-18 5.555938079999999648e-18 5.932579889999999759e-18 6.325094459999999624e-18 6.733747320000000256e-18 7.158801520000000578e-18 7.600515139999999305e-18 8.059145429999999889e-18 8.534945510000000723e-18 9.028166840000000427e-18 9.539055919999999612e-18 1.006785760000000054e-17 1.061481420000000010e-17 1.118016489999999975e-17 1.176414700000000061e-17 1.236699290000000045e-17 1.298893589999999923e-17 1.363020359999999956e-17 1.429102410000000148e-17 1.497161840000000032e-17 1.567221059999999961e-17 1.639302069999999981e-17 1.713426220000000069e-17 1.789615349999999916e-17 1.867890460000000057e-17 1.948272720000000031e-17 2.030782999999999989e-17 2.115441790000000051e-17 2.202269619999999885e-17 2.291286660000000137e-17 2.382512930000000062e-17 2.475968130000000057e-17 2.571672099999999867e-17 2.669644030000000091e-17 2.769903449999999963e-17 2.872469380000000149e-17 2.977360849999999973e-17 3.084596210000000259e-17 3.194194329999999977e-17 3.306173740000000081e-17 3.420552309999999719e-17 3.537348219999999784e-17 3.656579690000000103e-17 3.778264249999999960e-17 3.902419749999999961e-17 4.029063419999999693e-17 4.158212449999999807e-17 4.289884389999999978e-17 4.424096099999999957e-17 4.560864459999999884e-17 4.700206339999999705e-17 4.842138289999999892e-17 4.986676519999999819e-17 5.133837910000000244e-17 5.283638659999999728e-17 5.436094670000000216e-17 5.591221469999999503e-17 5.749036280000000062e-17 5.909553659999999836e-17 6.072789479999999569e-17 6.238758969999999822e-17 6.407478669999999638e-17 6.578962470000000509e-17
1.708945609999999936e-20 2.828895329999999852e-20 4.376496619999999876e-20 6.401164959999999412e-20 8.962699039999999443e-20 1.212126299999999945e-19 1.593651599999999912e-19 2.046756709999999910e-19 2.577294969999999939e-19 3.191058590000000189e-19 3.893771269999999785e-19 4.691086010000000195e-19 5.588579040000000425e-19 6.591751119999999696e-19 7.706022339999999735e-19 8.936738360000000488e-19 1.028916419999999944e-18 1.176849189999999907e-18 1.337983869999999961e-18 1.512825040000000010e-18 1.701870139999999944e-18 1.905610099999999859e-18 2.124528619999999891e-18 2.359103389999999944e-18 2.609805699999999847e-18 2.877100430000000050e-18 3.161446460000000078e-18 3.463297070000000189e-18 3.783099359999999819e-18 4.121294640000000123e-18 4.478319029999999906e-18 4.854603069999999633e-18 5.250571539999999991e-18 5.666644210000000373e-18 6.103235520000000166e-18 6.560754899999999772e-18 7.039606450000000361e-18 7.540189690000000040e-18 8.062898350000000558e-18 8.608122870000000693e-18 9.176248719999999788e-18 9.767653899999999736e-18 1.038271559999999924e-17 1.102180529999999973e-17 1.168528850000000074e-17 1.237352839999999999e-17 1.308688320000000071e-17 1.382570689999999957e-17 1.459034930000000052e-17 1.538115549999999886e-17 1.619846780000000144e-17 1.704262379999999875e-17 1.791395940000000046e-17 1.881280359999999847e-17 1.973948249999999892e-17 2.069432180000000011e-17 2.167763780000000154e-17 2.268974950000000002e-17 2.373096970000000061e-17 2.480160610000000116e-17 2.590196639999999953e-17 2.703235179999999904e-17 2.819306480000000070e-17 2.938440010000000100e-17 3.060665210000000290e-17 3.186011200000000228e-17 3.314507089999999926e-17 3.446180680000000293e-17 3.581060749999999821e-17 3.719175429999999708e-17 3.860551839999999903e-17 4.005217459999999993e-17 4.153200069999999884e-17 4.304526149999999959e-17 4.459222160000000213e-17 4.617314899999999889e-17 4.778830519999999701e-17 4.943795149999999974e-17 5.112233939999999755e-17 5.284173019999999984e-17 5.459637220000000234e-17 5.638651349999999686e-17 5.821241210000000229e-17 6.007430960000000051e-17 6.197244430000000138e-17 6.390706749999999762e-17 6.587841099999999531e-17 6.788671950000000612e-17 6.993223130000000292e-17 7.201517130000000488e-17 7.413578450000000485e-17 7.629428910000000202e-17 7.849091690000000248e-17 8.072590589999999788e-17 8.299946810000000183e-17 8.531183500000000223e-17 8.766322490000000022e-17 9.005385630000000081e-17 9.248395409999999853e-17 9.495373010000000306e-17
2.626418480000000035e-20 4.303338959999999807e-20 6.606760049999999863e-20 9.608323850000000412e-20 1.339502809999999934e-19 1.805420039999999935e-19 2.367233229999999889e-19 3.033505760000000044e-19 3.812714550000000196e-19 4.713243590000000364e-19 5.743376070000000142e-19 6.911287889999999551e-19 8.225042500000000005e-19 9.692588090000000939e-19 1.132175650000000093e-18 1.312026530000000043e-18 1.509571629999999970e-18 1.725560280000000086e-18 1.960730309999999861e-18 2.215809650000000015e-18 2.491515359999999975e-18 2.788554470000000147e-18 3.107624089999999915e-18 3.449412429999999998e-18 3.814597580000000035e-18 4.203848510000000017e-18 4.617825929999999840e-18 5.057181669999999742e-18 5.522558860000000204e-18 6.014591530000000296e-18 6.533907099999999646e-18 7.081123470000000437e-18 7.656851109999999249e-18 8.261693019999999837e-18 8.896243119999999697e-18 9.561091189999999856e-18 1.025681459999999949e-17 1.098398830000000042e-17 1.174317710000000012e-17 1.253493949999999943e-17 1.335982720000000033e-17 1.421838440000000154e-17 1.511115050000000043e-17 1.603865650000000123e-17 1.700142860000000067e-17 1.799998279999999952e-17 1.903483540000000133e-17 2.010648930000000050e-17 2.121544729999999870e-17 2.236220420000000149e-17 2.354724629999999937e-17 2.477106000000000014e-17 2.603412010000000067e-17 2.733690149999999977e-17 2.867987050000000075e-17 3.006348560000000241e-17 3.148820830000000054e-17 3.295448520000000178e-17 3.446276629999999904e-17 3.601349170000000136e-17 3.760709820000000255e-17 3.924401910000000203e-17 4.092468470000000218e-17 4.264951180000000045e-17 4.441892719999999863e-17 4.623333800000000183e-17 4.809316089999999935e-17 4.999879980000000155e-17 5.195065490000000197e-17 5.394912650000000224e-17 5.599460850000000218e-17 5.808749459999999773e-17 6.022817180000000179e-17 6.241701750000000608e-17 6.465441530000000019e-17 6.694074249999999854e-17 6.927636310000000216e-17 7.166166080000000260e-17 7.409699299999999518e-17 7.658273029999999895e-17 7.911921679999999586e-17 8.170682300000000301e-17 8.434589310000000428e-17 8.703678449999999498e-17 8.977984110000000244e-17 9.257540720000000017e-17 9.542382680000000512e-17 9.832543080000000012e-17 1.012805629999999982e-16 1.042895549999999959e-16 1.073527369999999993e-16 1.104704339999999992e-16 1.136429829999999990e-16 1.168706810000000094e-16 1.201538729999999929e-16 1.234928639999999931e-16 1.268879840000000001e-16 1.303395240000000057e-16 1.338478020000000118e-16 1.374131359999999958e-16
4.082998080000000299e-20 6.613053090000000535e-20 1.006488879999999957e-19 1.454290150000000096e-19 2.017418809999999943e-19 2.708593350000000027e-19 3.540390669999999787e-19 4.525253880000000031e-19 5.675493489999999972e-19 7.003279680000000404e-19 8.520630329999999682e-19 1.023940199999999979e-18 1.217128340000000080e-18 1.432778980000000072e-18 1.672026390000000091e-18 1.935987480000000109e-18 2.225762499999999946e-18 2.542434529999999813e-18 2.887070860000000165e-18 3.260722810000000072e-18 3.664426240000000324e-18 4.099202709999999991e-18 4.566057660000000372e-18 5.065984530000000148e-18 5.599961050000000233e-18 6.168952119999999809e-18 6.773910249999999835e-18 7.415774280000000537e-18 8.095470239999999409e-18 8.813912170000000461e-18 9.572001700000000468e-18 1.037062970000000041e-17 1.121067379999999952e-17 1.209300089999999939e-17 1.301846629999999983e-17 1.398791369999999898e-17 1.500217770000000044e-17 1.606208060000000014e-17 1.716843640000000129e-17 1.832204229999999926e-17 1.952369420000000103e-17 2.077417289999999888e-17 2.207424940000000007e-17 2.342468619999999981e-17 2.482623619999999988e-17 2.627964219999999878e-17 2.778563869999999926e-17 2.934495350000000252e-17 3.095829980000000184e-17 3.262638889999999954e-17 3.434991569999999797e-17 3.612957830000000037e-17 3.796605160000000036e-17 3.986001719999999922e-17 4.181214029999999822e-17 4.382308259999999805e-17 4.589349249999999831e-17 4.802401860000000255e-17 5.021529609999999894e-17 5.246795710000000137e-17 5.478262679999999985e-17 5.715992070000000435e-17 5.960044760000000484e-17 6.210481970000000230e-17 6.467362570000000068e-17 6.730745480000000138e-17 7.000690250000000565e-17 7.277253790000000422e-17 7.560494329999999924e-17 7.850468109999999842e-17 8.147232059999999638e-17 8.450840439999999601e-17 8.761349480000000307e-17 9.078814120000000542e-17 9.403287290000000489e-17 9.734822610000000256e-17 1.007347430000000058e-16 1.041929340000000047e-16 1.077233339999999994e-16 1.113264530000000091e-16 1.150028010000000036e-16 1.187528810000000008e-16 1.225772080000000067e-16 1.264762730000000017e-16 1.304505650000000015e-16 1.345005869999999992e-16 1.386268150000000029e-16 1.428297130000000080e-16 1.471097969999999904e-16 1.514675040000000096e-16 1.559033359999999901e-16 1.604177299999999911e-16 1.650111629999999910e-16 1.696840850000000072e-16 1.744369589999999909e-16 1.792702350000000091e-16 1.841843499999999979e-16 1.891797660000000120e-16 1.942569079999999997e-16 1.994162260000000032e-16
6.422722709999999810e-20 1.026997460000000039e-19 1.547942760000000118e-19 2.220414880000000238e-19 3.063066089999999982e-19 4.094484060000000158e-19 5.333014869999999585e-19 6.796792649999999770e-19 8.503747050000000430e-19 1.047159269999999929e-18 1.271781509999999910e-18 1.525965320000000005e-18 1.811409319999999940e-18 2.129786179999999821e-18 2.482742490000000058e-18 2.871898710000000008e-18 3.298850260000000127e-18 3.765166919999999874e-18 4.272395310000000186e-18 4.822057649999999739e-18 5.415653210000000165e-18 6.054659749999999843e-18 6.740531860000000279e-18 7.474704280000000269e-18 8.258591920000000291e-18 9.093587730000000327e-18 9.981066500000000168e-18 1.092238310000000076e-17 1.191887359999999929e-17 1.297185789999999958e-17 1.408263410000000008e-17 1.525248750000000025e-17 1.648268050000000040e-17 1.777446360000000096e-17 1.912906619999999986e-17 2.054770570000000090e-17 2.203158009999999855e-17 2.358187209999999951e-17 2.519974970000000058e-17 2.688636600000000012e-17 2.864285589999999829e-17 3.047034599999999944e-17 3.236993979999999720e-17 3.434273579999999839e-17 3.638981259999999692e-17 3.851223229999999706e-17 4.071105370000000021e-17 4.298731580000000297e-17 4.534204090000000223e-17 4.777624820000000209e-17 5.029093349999999929e-17 5.288709609999999731e-17 5.556570540000000084e-17 5.832772769999999713e-17 6.117412229999999689e-17 6.410583569999999486e-17 6.712378760000000444e-17 7.022891119999999468e-17 7.342211949999999595e-17 7.670430600000000268e-17 8.007635739999999971e-17 8.353917369999999754e-17 8.709360849999999979e-17 9.074052869999999877e-17 9.448078789999999809e-17 9.831523329999999952e-17 1.022446919999999942e-16 1.062699979999999971e-16 1.103919640000000015e-16 1.146114059999999910e-16 1.189291169999999931e-16 1.233458909999999930e-16 1.278625089999999930e-16 1.324797650000000030e-16 1.371984129999999908e-16 1.420192219999999954e-16 1.469429449999999898e-16 1.519703370000000106e-16 1.571021260000000105e-16 1.623390520000000042e-16 1.676818450000000082e-16 1.731312320000000050e-16 1.786879129999999918e-16 1.843526050000000022e-16 1.901260080000000089e-16 1.960088239999999987e-16 2.020017279999999982e-16 2.081054200000000046e-16 2.143205640000000017e-16 2.206478479999999990e-16 2.270879449999999836e-16 2.336414920000000036e-16 2.403091500000000091e-16 2.470915810000000188e-16 2.539894200000000171e-16 2.610033030000000078e-16 2.681338909999999902e-16 2.753817929999999828e-16 2.827476449999999895e-16 2.902320539999999898e-16
1.022394530000000056e-19 1.612078210000000116e-19 2.403956169999999800e-19 3.420637399999999887e-19 4.689627590000000073e-19 6.238190860000000057e-19 8.093173370000000158e-19 1.028108059999999985e-18 1.282809999999999956e-18 1.576009019999999937e-18 1.910255750000000182e-18 2.288063879999999842e-18 2.711907919999999876e-18 3.184223080000000170e-18 3.707405310000000237e-18 4.283811640000000011e-18 4.915760260000000100e-18 5.605532110000000034e-18 6.355371749999999634e-18 7.167487749999999234e-18 8.044055180000000116e-18 8.987215610000000656e-18 9.999077530000000065e-18 1.108171720000000036e-17 1.223718340000000058e-17 1.346749129999999965e-17 1.477463029999999887e-17 1.616055650000000056e-17 1.762720399999999928e-17 1.917647690000000118e-17 2.081024959999999899e-17 2.253037660000000025e-17 2.433868109999999867e-17 2.623696300000000102e-17 2.822699909999999715e-17 3.031053799999999901e-17 3.248930530000000048e-17 3.476501149999999930e-17 3.713932759999999782e-17 3.961391780000000113e-17 4.219041660000000091e-17 4.487043550000000162e-17 4.765556919999999987e-17 5.054738929999999697e-17 5.354744100000000214e-17 5.665725959999999758e-17 5.987836049999999566e-17 6.321222260000000425e-17 6.666033489999999441e-17 7.022413339999999847e-17 7.390506060000000326e-17 7.770453939999999466e-17 8.162396600000000382e-17 8.566472340000000114e-17 8.982818149999999686e-17 9.411567700000000571e-17 9.852855989999999418e-17 1.030681400000000060e-16 1.077357219999999976e-16 1.125325890000000085e-16 1.174600179999999964e-16 1.225192790000000036e-16 1.277115909999999882e-16 1.330381980000000023e-16 1.385003290000000022e-16 1.440991639999999973e-16 1.498359060000000026e-16 1.557117340000000082e-16 1.617278120000000065e-16 1.678852920000000022e-16 1.741853240000000101e-16 1.806290220000000070e-16 1.872175089999999980e-16 1.939518969999999948e-16 2.008332850000000016e-16 2.078627589999999907e-16 2.150413760000000083e-16 2.223702359999999796e-16 2.298503580000000220e-16 2.374827859999999770e-16 2.452685810000000186e-16 2.532087730000000105e-16 2.613043440000000126e-16 2.695562980000000216e-16 2.779656940000000245e-16 2.865334580000000220e-16 2.952605979999999905e-16 3.041480640000000054e-16 3.131968639999999938e-16 3.224078979999999909e-16 3.317821439999999782e-16 3.413205549999999913e-16 3.510240319999999864e-16 3.608935279999999989e-16 3.709299150000000099e-16 3.811341479999999953e-16 3.915071250000000005e-16 4.020497210000000160e-16 4.127628339999999885e-16 4.236473399999999772e-16
1.646657460000000032e-19 2.557693639999999837e-19 3.770165930000000126e-19 5.317761140000000250e-19 7.241251789999999549e-19 9.580772920000000497e-19 1.237573040000000082e-18 1.566497890000000005e-18 1.948687599999999852e-18 2.387927329999999875e-18 2.887947459999999851e-18 3.452421920000000002e-18 4.084964870000000282e-18 4.789130900000000054e-18 5.568414030000000114e-18 6.426249129999999784e-18 7.366012750000000264e-18 8.391026010000000554e-18 9.504551739999999656e-18 1.070980270000000020e-17 1.200993790000000062e-17 1.340806669999999979e-17 1.490725050000000107e-17 1.651050189999999869e-17 1.822078880000000084e-17 2.004103279999999991e-17 2.197411420000000097e-17 2.402286849999999946e-17 2.619009159999999973e-17 2.847853479999999737e-17 3.089091110000000067e-17 3.342989900000000008e-17 3.609813220000000115e-17 3.889821129999999740e-17 4.183269410000000262e-17 4.490410839999999904e-17 4.811494230000000041e-17 5.146765089999999810e-17 5.496465620000000225e-17 5.860834040000000329e-17 6.240106280000000022e-17 6.634514600000000210e-17 7.044287300000000217e-17 7.469650039999999550e-17 7.910826489999999501e-17 8.368036350000000205e-17 8.841495999999999781e-17 9.331419200000000616e-17 9.838018349999999475e-17 1.036150060000000023e-16 1.090207240000000048e-16 1.145993760000000122e-16 1.203529529999999941e-16 1.262834269999999923e-16 1.323927850000000090e-16 1.386829440000000096e-16 1.451557980000000032e-16 1.518132519999999920e-16 1.586571459999999898e-16 1.656893460000000008e-16 1.729116510000000019e-16 1.803258630000000039e-16 1.879337539999999985e-16 1.957370979999999915e-16 2.037376159999999888e-16 2.119370270000000062e-16 2.203370260000000098e-16 2.289392939999999877e-16 2.377454990000000194e-16 2.467572940000000142e-16 2.559762949999999968e-16 2.654040890000000167e-16 2.750422919999999999e-16 2.848924909999999959e-16 2.949562219999999945e-16 3.052350459999999808e-16 3.157304720000000086e-16 3.264440360000000182e-16 3.373772459999999945e-16 3.485315579999999910e-16 3.599084819999999823e-16 3.715094180000000121e-16 3.833358779999999957e-16 3.953892360000000109e-16 4.076709489999999829e-16 4.201823929999999794e-16 4.329249710000000043e-16 4.459000599999999970e-16 4.591090630000000105e-16 4.725533290000000288e-16 4.862341280000000205e-16 5.001528910000000434e-16 5.143108350000000165e-16 5.287093889999999587e-16 5.433497720000000250e-16 5.582333580000000472e-16 5.733613139999999530e-16 5.887349620000000371e-16 6.043556260000000412e-16 6.202244169999999823e-16
2.682266779999999977e-19 4.100899619999999831e-19 5.970861600000000087e-19 8.342855250000000195e-19 1.127764810000000046e-18 1.483453920000000096e-18 1.907154649999999865e-18 2.404578889999999837e-18 2.981360550000000021e-18 3.643054379999999966e-18 4.395130300000000286e-18 5.242971820000000049e-18 6.191869569999999619e-18 7.247022820000000079e-18 8.413539390000000397e-18 9.696435309999999715e-18 1.110063809999999966e-17 1.263099010000000072e-17 1.429224829999999949e-17 1.608909140000000004e-17 1.802611509999999919e-17 2.010784249999999871e-17 2.233872379999999941e-17 2.472313809999999940e-17 2.726538999999999848e-17 2.996972300000000118e-17 3.284031109999999740e-17 3.588126520000000124e-17 3.909663869999999708e-17 4.249041190000000146e-17 4.606651549999999841e-17 4.982881749999999782e-17 5.378112940000000249e-17 5.792720679999999518e-17 6.227074549999999805e-17 6.681539489999999549e-17 7.156474829999999730e-17 7.652233290000000346e-17 8.169165580000000329e-17 8.707614500000000575e-17 9.267918860000000434e-17 9.850412829999999793e-17 1.045542600000000025e-16 1.108328379999999977e-16 1.173430480000000031e-16 1.240880639999999944e-16 1.310709899999999972e-16 1.382949100000000033e-16 1.457628429999999920e-16 1.534777779999999969e-16 1.614426669999999945e-16 1.696604209999999980e-16 1.781339269999999954e-16 1.868660030000000071e-16 1.958594420000000083e-16 2.051170350000000094e-16 2.146414840000000070e-16 2.244354879999999885e-16 2.345017330000000078e-16 2.448428140000000166e-16 2.554613520000000067e-16 2.663599129999999795e-16 2.775410120000000244e-16 2.890071650000000041e-16 3.007608590000000033e-16 3.128045289999999780e-16 3.251406110000000023e-16 3.377714869999999828e-16 3.506995130000000079e-16 3.639270709999999841e-16 3.774564370000000144e-16 3.912899400000000049e-16 4.054298060000000182e-16 4.198783080000000001e-16 4.346376720000000132e-16 4.497100680000000121e-16 4.650976919999999662e-16 4.808026349999999624e-16 4.968271750000000443e-16 5.131732700000000171e-16 5.298430899999999832e-16 5.468386999999999651e-16 5.641621649999999856e-16 5.818154439999999680e-16 5.998006530000000441e-16 6.181196990000000087e-16 6.367746469999999830e-16 6.557673489999999688e-16 6.750998699999999887e-16 6.947740629999999656e-16 7.147918339999999704e-16 7.351550889999999756e-16 7.558656789999999633e-16 7.769255129999999646e-16 7.983364410000000409e-16 8.201002110000000352e-16 8.422187300000000381e-16 8.646937430000000312e-16 8.875271039999999568e-16 9.107205080000000028e-16
4.416337970000000419e-19 6.642608769999999931e-19 9.547506809999999344e-19 1.320822150000000023e-18 1.771584710000000071e-18 2.315831300000000007e-18 2.962129220000000134e-18 3.718898980000000238e-18 4.594436569999999870e-18 5.596913710000000141e-18 6.734373080000000111e-18 8.014718390000000106e-18 9.445714380000000181e-18 1.103498229999999946e-17 1.279000059999999991e-17 1.471811229999999875e-17 1.682651959999999993e-17 1.912229650000000125e-17 2.161238809999999922e-17 2.430361690000000116e-17 2.720268479999999965e-17 3.031617939999999701e-17 3.365057750000000278e-17 3.721224519999999876e-17 4.100744580000000089e-17 4.504234349999999908e-17 4.932299979999999780e-17 5.385538049999999876e-17 5.864535179999999869e-17 6.369869740000000299e-17 6.902110840000000098e-17 7.461817630000000160e-17 8.049542689999999952e-17 8.665827989999999913e-17 9.311208199999999576e-17 9.986210080000000444e-17 1.069135239999999949e-16 1.142714679999999980e-16 1.219409409999999888e-16 1.299268999999999893e-16 1.382342550000000029e-16 1.468677970000000005e-16 1.558322509999999940e-16 1.651323289999999881e-16 1.747725959999999990e-16 1.847576060000000007e-16 1.950918180000000088e-16 2.057796669999999890e-16 2.168254920000000031e-16 2.282335570000000035e-16 2.400081359999999896e-16 2.521533439999999848e-16 2.646733380000000197e-16 2.775721669999999866e-16 2.908538559999999988e-16 3.045222939999999776e-16 3.185814529999999867e-16 3.330351700000000158e-16 3.478872049999999794e-16 3.631413679999999806e-16 3.788013129999999827e-16 3.948707719999999941e-16 4.113532920000000074e-16 4.282525000000000006e-16 4.455718879999999761e-16 4.633150050000000148e-16 4.814852379999999900e-16 5.000860290000000118e-16 5.191207650000000028e-16 5.385927290000000227e-16 5.585053090000000139e-16 5.788616810000000158e-16 5.996650750000000385e-16 6.209187199999999741e-16 6.426257390000000096e-16 6.647893090000000070e-16 6.874125000000000052e-16 7.104983829999999639e-16 7.340499220000000202e-16 7.580701889999999562e-16 7.825621459999999683e-16 8.075287599999999562e-16 8.329728360000000065e-16 8.588973910000000099e-16 8.853052309999999740e-16 9.121991089999999553e-16 9.395819909999999326e-16 9.674565740000000514e-16 9.958256139999999338e-16 1.024691759999999971e-15 1.054057860000000004e-15 1.083926570000000069e-15 1.114300540000000083e-15 1.145182299999999983e-15 1.176574610000000064e-15 1.208480120000000044e-15 1.240901150000000097e-15 1.273840459999999924e-15 1.307300590000000054e-15 1.341283980000000047e-15
7.344640060000000403e-19 1.086521790000000059e-18 1.541044719999999990e-18 2.109933220000000127e-18 2.806924910000000044e-18 3.645106610000000173e-18 4.637166240000000281e-18 5.795548319999999629e-18 7.132500490000000242e-18 8.660075609999999792e-18 1.039012049999999990e-17 1.233427130000000068e-17 1.450394199999999983e-17 1.691032790000000139e-17 1.956440140000000008e-17 2.247692579999999975e-17 2.565844939999999984e-17 2.911932180000000265e-17 3.286969919999999983e-17 3.691954239999999798e-17 4.127863530000000115e-17 4.595658319999999923e-17 5.096282580000000006e-17 5.630664090000000319e-17 6.199713399999999997e-17 6.804326840000000095e-17 7.445385859999999934e-17 8.123756679999999507e-17 8.840291629999999779e-17 9.595827809999999921e-17 1.039119040000000036e-16 1.122719140000000036e-16 1.210462759999999898e-16 1.302428559999999958e-16 1.398693860000000000e-16 1.499334609999999909e-16 1.604425850000000028e-16 1.714041179999999927e-16 1.828253120000000008e-16 1.947133269999999952e-16 2.070751770000000000e-16 2.199178110000000017e-16 2.332480450000000006e-16 2.470725759999999892e-16 2.613980470000000139e-16 2.762309440000000114e-16 2.915777250000000121e-16 3.074447170000000010e-16 3.238381390000000220e-16 3.407641599999999801e-16 3.582288150000000213e-16 3.762381120000000106e-16 3.947979009999999794e-16 4.139140050000000232e-16 4.335921689999999951e-16 4.538380830000000047e-16 4.746572000000000168e-16 4.960551579999999631e-16 5.180373569999999559e-16 5.406090910000000085e-16 5.637757059999999669e-16 5.875424450000000311e-16 6.119143889999999962e-16 6.368967259999999735e-16 6.624944850000000238e-16 6.887125369999999802e-16 7.155559110000000021e-16 7.430294239999999521e-16 7.711378419999999778e-16 7.998859820000000403e-16 8.292785010000000308e-16 8.593200069999999677e-16 8.900151049999999095e-16 9.213683469999999634e-16 9.533841810000000781e-16 9.860671590000000651e-16 1.019421620000000011e-15 1.053451810000000058e-15 1.088162159999999922e-15 1.123556910000000023e-15 1.159640200000000009e-15 1.196416360000000087e-15 1.233889309999999946e-15 1.272063389999999987e-15 1.310942520000000097e-15 1.350530609999999966e-15 1.390831910000000012e-15 1.431850219999999946e-15 1.473589360000000065e-15 1.516053340000000042e-15 1.559245989999999977e-15 1.603171109999999974e-15 1.647832399999999959e-15 1.693233580000000050e-15 1.739378559999999939e-15 1.786270939999999962e-15 1.833914209999999888e-15 1.882311980000000050e-15 1.931468270000000120e-15 1.981386029999999962e-15
1.232735070000000032e-18 1.793704139999999875e-18 2.510018769999999991e-18 3.400272529999999916e-18 4.485316560000000058e-18 5.784699429999999997e-18 7.317262859999999957e-18 9.101447599999999531e-18 1.115537679999999959e-17 1.349686700000000012e-17 1.614341229999999994e-17 1.911217019999999918e-17 2.241995959999999872e-17 2.608324640000000077e-17 3.011816560000000002e-17 3.454051470000000266e-17 3.936576360000000100e-17 4.460908279999999762e-17 5.028532520000000100e-17 5.640906569999999818e-17 6.299460129999999988e-17 7.005595760000000107e-17 7.760689900000000159e-17 8.566094489999999611e-17 9.423136980000000068e-17 1.033312099999999988e-16 1.129732839999999951e-16 1.231701710000000015e-16 1.339342529999999975e-16 1.452776910000000075e-16 1.572124520000000118e-16 1.697502730000000073e-16 1.829027230000000116e-16 1.966811829999999922e-16 2.110968100000000011e-16 2.261606030000000106e-16 2.418833870000000192e-16 2.582758040000000239e-16 2.753483090000000160e-16 2.931111990000000051e-16 3.115746109999999807e-16 3.307484990000000044e-16 3.506427350000000146e-16 3.712669020000000214e-16 3.926305820000000156e-16 4.147430919999999861e-16 4.376136689999999856e-16 4.612513679999999616e-16 4.856651869999999803e-16 5.108638880000000320e-16 5.368562050000000037e-16 5.636506099999999871e-16 5.912556259999999861e-16 6.196795100000000326e-16 6.489304699999999899e-16 6.790165509999999873e-16 7.099457999999999960e-16 7.417259999999999558e-16 7.743649319999999645e-16 8.078702200000000104e-16 8.422494350000000320e-16 8.775100400000000266e-16 9.136593939999999316e-16 9.507046979999999493e-16 9.886532559999999283e-16 1.027511950000000049e-15 1.067287980000000002e-15 1.107988130000000025e-15 1.149619160000000085e-15 1.192188069999999906e-15 1.235701319999999903e-15 1.280165570000000062e-15 1.325587290000000005e-15 1.371973039999999932e-15 1.419329170000000081e-15 1.467661819999999938e-15 1.516977459999999915e-15 1.567282210000000094e-15 1.618582019999999996e-15 1.670883130000000074e-15 1.724191470000000049e-15 1.778512960000000041e-15 1.833853440000000179e-15 1.890218610000000030e-15 1.947614620000000064e-15 2.006046760000000117e-15 2.065520759999999947e-15 2.126042320000000106e-15 2.187617169999999955e-15 2.250250390000000158e-15 2.313947690000000082e-15 2.378714369999999955e-15 2.444555720000000009e-15 2.511477250000000040e-15 2.579484049999999920e-15 2.648581389999999885e-15 2.718774590000000160e-15 2.790068509999999869e-15 2.862468440000000032e-15 2.935979250000000168e-15
2.086297359999999933e-18 2.986874329999999989e-18 4.123920519999999847e-18 5.526887090000000166e-18 7.227634530000000505e-18 9.255473590000000152e-18 1.163846430000000045e-17 1.440399540000000079e-17 1.757894620000000121e-17 2.118971200000000088e-17 2.526217199999999932e-17 2.982168419999999841e-17 3.489305900000000116e-17 4.050057600000000096e-17 4.666797180000000210e-17 5.341848020000000102e-17 6.077481910000000151e-17 6.875922960000000221e-17 7.739348640000000270e-17 8.669893079999999500e-17 9.669645410000000288e-17 1.074065569999999977e-16 1.188493370000000094e-16 1.310444939999999900e-16 1.440114030000000009e-16 1.577690190000000069e-16 1.723360000000000111e-16 1.877306519999999916e-16 2.039709339999999987e-16 2.210745139999999919e-16 2.390587439999999928e-16 2.579406169999999841e-16 2.777369420000000011e-16 2.984641289999999984e-16 3.201383259999999873e-16 3.427754669999999884e-16 3.663911689999999904e-16 3.910007319999999996e-16 4.166192960000000019e-16 4.432617120000000057e-16 4.709425369999999934e-16 4.996761180000000344e-16 5.294765899999999998e-16 5.603578760000000058e-16 5.923335809999999695e-16 6.254171529999999941e-16 6.596218250000000242e-16 6.949606750000000324e-16 7.314464610000000489e-16 7.690918339999999850e-16 8.079091839999999767e-16 8.479107909999999824e-16 8.891086740000000864e-16 9.315147429999999193e-16 9.751407510000000868e-16 1.019998129999999951e-15 1.066098220000000033e-15 1.113452439999999934e-15 1.162071710000000055e-15 1.211966930000000010e-15 1.263148890000000027e-15 1.315628199999999971e-15 1.369415319999999930e-15 1.424520530000000025e-15 1.480954199999999968e-15 1.538726189999999955e-15 1.597846659999999931e-15 1.658325339999999921e-15 1.720171979999999944e-15 1.783396110000000058e-15 1.848007139999999950e-15 1.914014730000000050e-15 1.981427749999999945e-15 2.050255739999999889e-15 2.120507379999999897e-15 2.192191989999999869e-15 2.265318249999999820e-15 2.339894850000000157e-15 2.415930450000000110e-15 2.493433970000000045e-15 2.572413650000000057e-15 2.652877759999999840e-15 2.734834969999999804e-15 2.818293130000000115e-15 2.903260700000000038e-15 2.989745720000000098e-15 3.077756260000000024e-15 3.167299920000000028e-15 3.258384980000000194e-15 3.351019039999999945e-15 3.445209949999999838e-15 3.540965120000000118e-15 3.638292379999999769e-15 3.737199150000000217e-15 3.837692829999999734e-15 3.939780630000000177e-15 4.043470590000000100e-15 4.148769489999999860e-15 4.255684529999999737e-15 4.364222910000000014e-15
3.557061920000000318e-18 5.013619450000000327e-18 6.831577970000000211e-18 9.058215010000000340e-18 1.174255419999999961e-17 1.492871250000000060e-17 1.865859070000000031e-17 2.297296289999999856e-17 2.791178700000000138e-17 3.351423500000000292e-17 3.981867469999999770e-17 4.686263380000000006e-17 5.468278939999999927e-17 6.331496500000000567e-17 7.279415710000000343e-17 8.315455450000000112e-17 9.442954910000000239e-17 1.066518040000000055e-16 1.198532559999999906e-16 1.340651460000000085e-16 1.493180650000000068e-16 1.656419779999999895e-16 1.830662269999999888e-16 2.016195829999999966e-16 2.213302390000000006e-16 2.422258799999999960e-16 2.643335719999999859e-16 2.876799970000000130e-16 3.122912270000000080e-16 3.381929130000000070e-16 3.654101720000000139e-16 3.939677290000000146e-16 4.238898300000000022e-16 4.552002700000000314e-16 4.879223710000000349e-16 5.220791859999999644e-16 5.576932160000000285e-16 5.947865359999999999e-16 6.333810619999999955e-16 6.734980249999999596e-16 7.151584940000000236e-16 7.583831669999999714e-16 8.031922159999999576e-16 8.496056510000000282e-16 8.976431660000000690e-16 9.473238719999999130e-16 9.986668800000000834e-16 1.051690720000000005e-15 1.106413920000000050e-15 1.162854479999999935e-15 1.221030070000000030e-15 1.280958399999999906e-15 1.342656490000000050e-15 1.406141399999999953e-15 1.471429849999999957e-15 1.538538260000000066e-15 1.607482929999999908e-15 1.678279849999999956e-15 1.750944579999999974e-15 1.825493009999999860e-15 1.901940059999999888e-15 1.980301200000000033e-15 2.060591030000000034e-15 2.142824589999999942e-15 2.227016059999999966e-15 2.313180059999999842e-15 2.401330569999999812e-15 2.491481560000000122e-15 2.583646789999999873e-15 2.677840240000000098e-15 2.774074830000000049e-15 2.872364320000000008e-15 2.972721420000000055e-15 3.075159680000000116e-15 3.179691589999999914e-15 3.286329859999999923e-15 3.395087199999999827e-15 3.505976090000000138e-15 3.619008829999999827e-15 3.734197260000000311e-15 3.851554100000000089e-15 3.971090360000000334e-15 4.092818730000000340e-15 4.216750659999999622e-15 4.342897590000000065e-15 4.471270939999999613e-15 4.601882150000000151e-15 4.734742649999999620e-15 4.869863459999999982e-15 5.007255600000000040e-15 5.146930480000000108e-15 5.288898289999999928e-15 5.433170019999999888e-15 5.579756700000000369e-15 5.728668900000000257e-15 5.879916370000000163e-15 6.033510550000000393e-15 6.189461179999999984e-15 6.347778410000000262e-15 6.508473260000000034e-15
6.103955580000000052e-18 8.477042039999999497e-18 1.140469559999999940e-17 1.496374860000000058e-17 1.923017579999999967e-17 2.427064549999999947e-17 3.014788779999999851e-17 3.692274520000000041e-17 4.465472989999999894e-17 5.340209869999999954e-17 6.322182450000000164e-17 7.416952680000000259e-17 8.629950850000000183e-17 9.966468910000000210e-17 1.143167180000000109e-16 1.303059469999999964e-16 1.476815049999999909e-16 1.664913930000000002e-16 1.867824509999999974e-16 2.086004849999999891e-16 2.319902810000000174e-16 2.569956460000000000e-16 2.836594489999999891e-16 3.120236709999999896e-16 3.421294450000000012e-16 3.740170330000000129e-16 4.077259270000000045e-16 4.432947720000000193e-16 4.807615540000000420e-16 5.201634619999999640e-16 5.615368919999999576e-16 6.049177380000000487e-16 6.503410440000000219e-16 6.978412229999999529e-16 7.474520480000000327e-16 7.992066609999999543e-16 8.531376729999999799e-16 9.092769520000000516e-16 9.676558390000000686e-16 1.028305090000000035e-15 1.091254990000000021e-15 1.156535189999999934e-15 1.224174790000000055e-15 1.294202499999999951e-15 1.366646470000000074e-15 1.441534349999999983e-15 1.518893229999999927e-15 1.598749810000000030e-15 1.681130540000000065e-15 1.766061049999999955e-15 1.853566860000000035e-15 1.943672950000000147e-15 2.036404000000000184e-15 2.131784150000000141e-15 2.229837320000000050e-15 2.330587010000000017e-15 2.434056109999999867e-15 2.540267690000000178e-15 2.649243990000000102e-15 2.761007229999999978e-15 2.875579239999999819e-15 2.992981390000000117e-15 3.113235080000000174e-15 3.236361270000000161e-15 3.362380509999999928e-15 3.491312900000000194e-15 3.623179199999999984e-15 3.757998470000000204e-15 3.895790819999999994e-15 4.036575739999999791e-15 4.180371870000000181e-15 4.327198250000000105e-15 4.477073960000000071e-15 4.630017189999999959e-15 4.786046169999999643e-15 4.945179089999999792e-15 5.107433760000000355e-15 5.272827949999999710e-15 5.441379040000000251e-15 5.613103959999999718e-15 5.788020499999999641e-15 5.966145170000000204e-15 6.147494929999999930e-15 6.332086699999999718e-15 6.519936159999999899e-15 6.711060679999999714e-15 6.905475490000000364e-15 7.103196699999999738e-15 7.304241239999999521e-15 7.508623509999999487e-15 7.716359189999999969e-15 7.927465209999999495e-15 8.141955130000000358e-15 8.359845879999999509e-15 8.581151029999999240e-15 8.805885809999999962e-15 9.034065470000000509e-15 9.265705269999999710e-15 9.500818739999999862e-15 9.739421149999999795e-15
1.053252050000000001e-17 1.442657579999999851e-17 1.917514179999999923e-17 2.490440979999999868e-17 3.173296440000000283e-17 3.976194670000000149e-17 4.908551959999999753e-17 5.979466300000000235e-17 7.197818639999999732e-17 8.572287750000000264e-17 1.011134529999999972e-16 1.182325120000000065e-16 1.371604689999999888e-16 1.579756680000000062e-16 1.807543160000000104e-16 2.055706740000000123e-16 2.324970709999999863e-16 2.616040350000000139e-16 2.929603470000000082e-16 3.266331359999999920e-16 3.626879939999999793e-16 4.011889760000000238e-16 4.421986850000000069e-16 4.857784249999999651e-16 5.319881479999999908e-16 5.808864600000000047e-16 6.325307999999999993e-16 6.869773900000000485e-16 7.442813920000000224e-16 8.044966470000000093e-16 8.676761459999999546e-16 9.338716120000000717e-16 1.003133810000000095e-15 1.075512569999999929e-15 1.151056680000000018e-15 1.229814020000000025e-15 1.311831370000000009e-15 1.397154799999999958e-15 1.485829410000000034e-15 1.577899669999999923e-15 1.673408769999999935e-15 1.772399500000000058e-15 1.874913570000000077e-15 1.980992379999999838e-15 2.090675729999999865e-15 2.204003660000000050e-15 2.321015120000000085e-15 2.441748019999999851e-15 2.566240260000000017e-15 2.694528479999999904e-15 2.826649110000000052e-15 2.962638129999999900e-15 3.102530069999999936e-15 3.246360070000000145e-15 3.394161819999999984e-15 3.545968970000000098e-15 3.701814350000000100e-15 3.861730359999999678e-15 4.025748969999999781e-15 4.193901950000000211e-15 4.366220210000000138e-15 4.542734260000000378e-15 4.723474570000000178e-15 4.908470379999999797e-15 5.097751750000000133e-15 5.291347060000000022e-15 5.489285109999999799e-15 5.691593839999999956e-15 5.898302070000000038e-15 6.109436469999999977e-15 6.325024560000000339e-15 6.545093040000000262e-15 6.769669000000000391e-15 6.998777860000000093e-15 7.232446719999999222e-15 7.470700150000000454e-15 7.713563979999999929e-15 7.961063619999999381e-15 8.213223630000000699e-15 8.470068589999999460e-15 8.731623890000000557e-15 8.997912409999999871e-15 9.268957869999999442e-15 9.544785679999999430e-15 9.825417020000000753e-15 1.011087730000000041e-14 1.040118850000000077e-14 1.069637359999999925e-14 1.099645529999999968e-14 1.130145579999999961e-14 1.161139699999999985e-14 1.192630269999999927e-14 1.224619230000000068e-14 1.257108959999999980e-14 1.290101570000000072e-14 1.323599179999999962e-14 1.357603910000000057e-14 1.392117789999999992e-14 1.427143109999999986e-14 1.462681729999999861e-14
1.825806649999999857e-17 2.469186239999999896e-17 3.244813480000000127e-17 4.173587430000000307e-17 5.274140310000000090e-17 6.561874910000000467e-17 8.050962139999999786e-17 9.755032279999999958e-17 1.168736190000000080e-16 1.386090140000000080e-16 1.628826890000000100e-16 1.898173700000000012e-16 2.195323850000000041e-16 2.521436559999999935e-16 2.877638800000000074e-16 3.265025079999999827e-16 3.684660820000000052e-16 4.137582830000000155e-16 4.624800949999999564e-16 5.147299579999999525e-16 5.706037980000000092e-16 6.301953710000000297e-16 6.935961049999999811e-16 7.608954140000000158e-16 8.321805950000000362e-16 9.075370400000000903e-16 9.870483400000000380e-16 1.070796180000000062e-15 1.158860399999999988e-15 1.251319339999999910e-15 1.348249550000000049e-15 1.449726009999999921e-15 1.555822179999999909e-15 1.666609960000000084e-15 1.782159649999999818e-15 1.902540609999999838e-15 2.027819959999999893e-15 2.158064399999999806e-15 2.293338740000000136e-15 2.433706500000000096e-15 2.579230149999999879e-15 2.729970879999999905e-15 2.885988849999999994e-15 3.047342909999999804e-15 3.214090869999999972e-15 3.386289490000000139e-15 3.563994459999999746e-15 3.747260629999999960e-15 3.936141349999999854e-15 4.130689570000000151e-15 4.330957390000000147e-15 4.536995190000000239e-15 4.748853799999999952e-15 4.966582339999999909e-15 5.190229540000000015e-15 5.419842379999999698e-15 5.655468309999999884e-15 5.897153920000000071e-15 6.144944090000000070e-15 6.398884570000000319e-15 6.659018550000000143e-15 6.925390500000000214e-15 7.198043630000000639e-15 7.477019020000000335e-15 7.762359849999999414e-15 8.054106800000000020e-15 8.352300509999999569e-15 8.656980810000000356e-15 8.968189179999999646e-15 9.285962910000000191e-15 9.610341799999999560e-15 9.941364820000000203e-15 1.027906840000000029e-14 1.062348979999999943e-14 1.097466790000000009e-14 1.133263850000000055e-14 1.169743690000000077e-14 1.206910060000000031e-14 1.244766419999999925e-14 1.283316239999999923e-14 1.322563169999999999e-14 1.362510520000000031e-14 1.403161750000000027e-14 1.444520160000000022e-14 1.486589410000000149e-14 1.529372369999999889e-14 1.572872760000000151e-14 1.617093640000000068e-14 1.662038389999999979e-14 1.707710069999999963e-14 1.754111890000000074e-14 1.801247240000000016e-14 1.849118999999999903e-14 1.897730390000000102e-14 1.947084460000000062e-14 1.997184430000000152e-14 2.048033340000000139e-14 2.099634080000000135e-14 2.151989859999999876e-14 2.205103400000000135e-14
3.176766629999999865e-17 4.246600340000000056e-17 5.522098289999999778e-17 7.038062269999999959e-17 8.823941239999999791e-17 1.090327280000000055e-16 1.329742599999999915e-16 1.602686260000000098e-16 1.911146009999999933e-16 2.257057200000000048e-16 2.642301279999999929e-16 3.068704550000000116e-16 3.538038619999999853e-16 4.052020599999999814e-16 4.612316210000000262e-16 5.220540929999999856e-16 5.878264130000000431e-16 6.587008889999999529e-16 7.348259099999999979e-16 8.163456319999999803e-16 9.034005549999999464e-16 9.961276869999999402e-16 1.094660490000000033e-15 1.199129509999999913e-15 1.309661699999999956e-15 1.426381460000000050e-15 1.549410140000000040e-15 1.678866310000000076e-15 1.814866130000000149e-15 1.957522790000000193e-15 2.106947230000000154e-15 2.263248110000000188e-15 2.426531280000000172e-15 2.596900949999999882e-15 2.774458320000000030e-15 2.959302940000000048e-15 3.151532620000000076e-15 3.351242229999999993e-15 3.558525599999999868e-15 3.773473760000000270e-15 3.996176929999999946e-15 4.226722779999999676e-15 4.465196859999999837e-15 4.711684720000000013e-15 4.966268519999999612e-15 5.229029569999999772e-15 5.500047510000000354e-15 5.779401089999999801e-15 6.067166980000000088e-15 6.363420140000000339e-15 6.668235539999999679e-15 6.981685580000000062e-15 7.303842280000000353e-15 7.634774669999999958e-15 7.974554310000000191e-15 8.323248130000000048e-15 8.680922190000000256e-15 9.047645109999999504e-15 9.423479550000000712e-15 9.808490760000000019e-15 1.020274140000000034e-14 1.060629499999999972e-14 1.101921169999999993e-14 1.144155159999999963e-14 1.187337580000000043e-14 1.231474349999999958e-14 1.276571149999999945e-14 1.322633820000000059e-14 1.369667949999999924e-14 1.417679299999999923e-14 1.466673459999999995e-14 1.516655690000000142e-14 1.567631490000000003e-14 1.619606279999999864e-14 1.672585480000000013e-14 1.726574169999999851e-14 1.781577610000000007e-14 1.837600879999999882e-14 1.894649230000000111e-14 1.952727730000000094e-14 2.011841149999999920e-14 2.071994719999999909e-14 2.133193190000000154e-14 2.195441640000000054e-14 2.258744640000000049e-14 2.323107289999999853e-14 2.388533979999999936e-14 2.455029790000000016e-14 2.522599299999999899e-14 2.591247090000000022e-14 2.660977719999999880e-14 2.731795939999999880e-14 2.803706330000000144e-14 2.876713290000000195e-14 2.950821210000000190e-14 3.026035029999999871e-14 3.102358460000000146e-14 3.179796580000000102e-14 3.258353470000000266e-14 3.338033180000000225e-14
5.542895260000000114e-17 7.332169979999999938e-17 9.443044899999999863e-17 1.193362349999999951e-16 1.485065809999999907e-16 1.823021229999999965e-16 2.210456880000000098e-16 2.650448409999999997e-16 3.145976719999999894e-16 3.699937319999999818e-16 4.315139730000000191e-16 4.994303719999999843e-16 5.740061169999999822e-16 6.554957689999999550e-16 7.441456549999999665e-16 8.401942149999999820e-16 9.438724239999999302e-16 1.055404529999999926e-15 1.175007919999999918e-15 1.302894010000000024e-15 1.439268540000000081e-15 1.584331399999999994e-15 1.738277629999999950e-15 1.901297160000000069e-15 2.073575190000000138e-15 2.255292559999999944e-15 2.446625450000000109e-15 2.647746219999999972e-15 2.858822810000000064e-15 3.080019739999999951e-15 3.311497329999999958e-15 3.553412479999999839e-15 3.805918930000000316e-15 4.069165759999999790e-15 4.343300350000000127e-15 4.628465850000000007e-15 4.924802870000000149e-15 5.232448200000000378e-15 5.551536520000000113e-15 5.882199130000000168e-15 6.224565610000000092e-15 6.578761330000000189e-15 6.944910800000000130e-15 7.323134309999999558e-15 7.713551270000000639e-15 8.116278170000000545e-15 8.531429350000000777e-15 8.959116610000000141e-15 9.399450920000000743e-15 9.852539860000000572e-15 1.031848929999999950e-14 1.079740339999999928e-14 1.128938560000000022e-14 1.179453739999999983e-14 1.231295629999999949e-14 1.284474050000000044e-14 1.338998659999999950e-14 1.394878950000000010e-14 1.452124150000000138e-14 1.510743569999999920e-14 1.570746029999999979e-14 1.632140669999999930e-14 1.694936310000000079e-14 1.759141570000000136e-14 1.824765110000000119e-14 1.891815220000000114e-14 1.960300550000000141e-14 2.030229050000000031e-14 2.101609190000000152e-14 2.174448940000000016e-14 2.248756090000000113e-14 2.324538939999999897e-14 2.401804949999999916e-14 2.480562070000000003e-14 2.560818110000000012e-14 2.642580329999999900e-14 2.725856379999999866e-14 2.810653860000000120e-14 2.896980070000000294e-14 2.984842120000000055e-14 3.074247470000000268e-14 3.165203560000000226e-14 3.257717180000000282e-14 3.351795769999999730e-14 3.447445780000000247e-14 3.544675000000000115e-14 3.643489519999999817e-14 3.743896810000000214e-14 3.845903630000000092e-14 3.949516429999999865e-14 4.054742650000000088e-14 4.161588069999999720e-14 4.270060120000000264e-14 4.380165259999999924e-14 4.491909910000000071e-14 4.605300519999999857e-14 4.720343849999999959e-14 4.837046359999999846e-14 4.955414130000000315e-14 5.075454280000000085e-14
9.690064200000000451e-17 1.269746200000000018e-16 1.621098370000000051e-16 2.032757580000000062e-16 2.512164989999999872e-16 3.064855579999999977e-16 3.695710100000000233e-16 4.409356800000000108e-16 5.210271179999999942e-16 6.102791389999999664e-16 7.091115250000000206e-16 8.179298480000000476e-16 9.371253829999999091e-16 1.067075699999999962e-15 1.208145120000000010e-15 1.360685580000000035e-15 1.525037399999999903e-15 1.701529950000000069e-15 1.890482459999999858e-15 2.092204409999999952e-15 2.306996929999999977e-15 2.535151819999999856e-15 2.776953680000000019e-15 3.032679279999999939e-15 3.302598189999999993e-15 3.586973200000000200e-15 3.886060109999999863e-15 4.200109429999999636e-15 4.529364689999999848e-15 4.874063900000000247e-15 5.234439150000000068e-15 5.610717440000000250e-15 6.003120280000000356e-15 6.411864919999999927e-15 6.837162279999999641e-15 7.279219880000000003e-15 7.738238900000000290e-15 8.214418800000000090e-15 8.707952709999999341e-15 9.219028670000000477e-15 9.747833879999999769e-15 1.029454959999999929e-14 1.085935290000000031e-14 1.144241899999999965e-14 1.204391909999999965e-14 1.266401920000000038e-14 1.330288450000000050e-14 1.396067679999999928e-14 1.463755429999999980e-14 1.533367140000000107e-14 1.604918050000000090e-14 1.678423400000000025e-14 1.753897760000000129e-14 1.831355709999999986e-14 1.910811459999999877e-14 1.992279260000000076e-14 2.075772820000000009e-14 2.161305700000000074e-14 2.248891450000000040e-14 2.338543280000000053e-14 2.430274409999999942e-14 2.524097539999999944e-14 2.620025369999999983e-14 2.718070789999999945e-14 2.818245819999999876e-14 2.920563160000000014e-14 3.025034510000000145e-14 3.131672240000000252e-14 3.240487850000000156e-14 3.351493549999999868e-14 3.464700519999999901e-14 3.580120280000000072e-14 3.697764679999999827e-14 3.817644579999999734e-14 3.939771480000000247e-14 4.064156240000000042e-14 4.190810029999999949e-14 4.319743689999999908e-14 4.450968059999999861e-14 4.584493659999999807e-14 4.720331320000000006e-14 4.858491879999999768e-14 4.998985510000000102e-14 5.141822700000000065e-14 5.287013640000000033e-14 5.434569149999999949e-14 5.584499060000000254e-14 5.736813879999999370e-14 5.891522760000000384e-14 6.048637199999999962e-14 6.208166030000000617e-14 6.370119410000000520e-14 6.534507500000000366e-14 6.701340459999999588e-14 6.870627109999999753e-14 7.042377610000000294e-14 7.216602130000000327e-14 7.393309459999999848e-14 7.572509789999999860e-14 7.754211899999999415e-14
1.695803109999999997e-16 2.203276290000000105e-16 2.791001619999999997e-16 3.475093750000000145e-16 4.267400689999999759e-16 5.176415280000000464e-16 6.209515949999999717e-16 7.373670090000000149e-16 8.675603139999999635e-16 1.012182030000000040e-15 1.171860240000000031e-15 1.347200190000000045e-15 1.538783999999999999e-15 1.747171999999999984e-15 1.972903209999999985e-15 2.216497390000000100e-15 2.478455460000000074e-15 2.759261919999999845e-15 3.059384749999999960e-15 3.379277540000000008e-15 3.719380120000000080e-15 4.080119589999999801e-15 4.461909949999999970e-15 4.865155229999999632e-15 5.290247609999999964e-15 5.737568670000000108e-15 6.207491120000000013e-15 6.700377469999999890e-15 7.216580950000000039e-15 7.756447560000000486e-15 8.320313159999999927e-15 8.908507240000000571e-15 9.521349130000000147e-15 1.015915220000000061e-14 1.082222400000000023e-14 1.151086180000000071e-14 1.222535949999999962e-14 1.296600169999999936e-14 1.373306879999999994e-14 1.452683530000000085e-14 1.534756619999999854e-14 1.619552580000000066e-14 1.707097159999999871e-14 1.797415260000000151e-14 1.890531799999999889e-14 1.986470990000000091e-14 2.085256539999999959e-14 2.186911510000000075e-14 2.291459260000000019e-14 2.398921819999999928e-14 2.509321549999999877e-14 2.622680140000000064e-14 2.739018930000000117e-14 2.858359100000000011e-14 2.980721139999999841e-14 3.106125379999999735e-14 3.234592499999999755e-14 3.366141800000000214e-14 3.500792929999999783e-14 3.638565549999999970e-14 3.779478290000000262e-14 3.923550120000000082e-14 4.070799690000000176e-14 4.221245270000000093e-14 4.374905179999999692e-14 4.531797369999999841e-14 4.691939790000000150e-14 4.855349720000000031e-14 5.022044789999999782e-14 5.192041929999999825e-14 5.365359100000000082e-14 5.542012569999999833e-14 5.722019270000000131e-14 5.905395800000000514e-14 6.092159110000000136e-14 6.282325460000000489e-14 6.475911120000000222e-14 6.672931660000000001e-14 6.873404029999999615e-14 7.077344490000000554e-14 7.284767950000000450e-14 7.495690000000000598e-14 7.710127570000000157e-14 7.928094889999999407e-14 8.149608920000000342e-14 8.374683190000000211e-14 8.603334650000000065e-14 8.835577530000000180e-14 9.071427420000000591e-14 9.310899220000000508e-14 9.554007840000000086e-14 9.800768870000000621e-14 1.005119589999999998e-13 1.030530439999999948e-13 1.056310940000000052e-13 1.082462499999999993e-13 1.108986629999999941e-13 1.135884670000000033e-13 1.163158110000000064e-13 1.190808520000000066e-13
2.968257819999999936e-16 3.826909410000000103e-16 4.813928060000000260e-16 5.955909520000000461e-16 7.271671440000000418e-16 8.774215249999999886e-16 1.047467940000000015e-15 1.238354860000000009e-15 1.451093009999999930e-15 1.686659230000000018e-15 1.945994029999999958e-15 2.230001430000000085e-15 2.539548349999999921e-15 2.875466579999999987e-15 3.238554450000000123e-15 3.629579380000000213e-15 4.049279540000000279e-15 4.498367100000000291e-15 4.977528129999999790e-15 5.487427989999999680e-15 6.028709140000000253e-15 6.601995019999999706e-15 7.207891239999999445e-15 7.846985219999999416e-15 8.519848710000000022e-15 9.227038210000000467e-15 9.969093289999999846e-15 1.074654249999999924e-14 1.155989819999999949e-14 1.240966369999999991e-14 1.329632589999999960e-14 1.422036179999999948e-14 1.518223719999999928e-14 1.618240689999999918e-14 1.722131309999999844e-14 1.829939130000000069e-14 1.941706649999999884e-14 2.057475050000000079e-14 2.177285149999999932e-14 2.301176589999999877e-14 2.429188340000000157e-14 2.561358179999999965e-14 2.697723870000000076e-14 2.838321859999999922e-14 2.983187700000000045e-14 3.132357319999999971e-14 3.285864760000000199e-14 3.443743909999999991e-14 3.606028639999999875e-14 3.772751490000000304e-14 3.943944979999999840e-14 4.119640620000000069e-14 4.299869580000000110e-14 4.484663370000000286e-14 4.674051810000000278e-14 4.868065039999999708e-14 5.066732889999999830e-14 5.270084159999999879e-14 5.478147979999999973e-14 5.690952810000000036e-14 5.908526439999999800e-14 6.130897659999999445e-14 6.358092899999999576e-14 6.590139950000000555e-14 6.827065899999999713e-14 7.068897879999999422e-14 7.315661610000000102e-14 7.567382860000000583e-14 7.824089410000000281e-14 8.085805650000000170e-14 8.352558009999999593e-14 8.624370879999999523e-14 8.901270700000000249e-14 9.183281850000000536e-14 9.470429399999999973e-14 9.762737760000000161e-14 1.006023199999999943e-13 1.036293650000000032e-13 1.067087500000000046e-13 1.098407190000000051e-13 1.130255080000000000e-13 1.162633630000000081e-13 1.195545129999999945e-13 1.228992089999999961e-13 1.262976540000000079e-13 1.297501200000000061e-13 1.332568220000000089e-13 1.368179790000000083e-13 1.404338480000000023e-13 1.441046309999999924e-13 1.478305730000000038e-13 1.516118909999999912e-13 1.554488279999999929e-13 1.593415879999999974e-13 1.632904019999999947e-13 1.672954989999999877e-13 1.713571099999999916e-13 1.754754250000000101e-13 1.796506870000000057e-13 1.838831140000000023e-13
5.191792100000000313e-16 6.646598720000000002e-16 8.308791290000000423e-16 1.022178819999999992e-15 1.241530809999999934e-15 1.490915739999999955e-15 1.772009340000000094e-15 2.086387200000000077e-15 2.435568700000000089e-15 2.821021000000000052e-15 3.244154190000000103e-15 3.706319719999999896e-15 4.208809729999999901e-15 4.752861110000000279e-15 5.339656310000000344e-15 5.970329090000000288e-15 6.645967889999999784e-15 7.367618780000000612e-15 8.136291019999999345e-15 8.952957829999999837e-15 9.818560289999999891e-15 1.073401059999999936e-14 1.170019230000000009e-14 1.271796249999999924e-14 1.378815479999999975e-14 1.491158139999999898e-14 1.608902829999999897e-14 1.732126640000000137e-14 1.860904280000000102e-14 1.995308759999999902e-14 2.135411229999999979e-14 2.281281310000000104e-14 2.432986780000000066e-14 2.590593859999999932e-14 2.754167440000000011e-14 2.923770710000000285e-14 3.099465670000000004e-14 3.281312799999999955e-14 3.469371400000000191e-14 3.663700070000000257e-14 3.864355059999999809e-14 4.071392950000000019e-14 4.284867950000000278e-14 4.504833939999999721e-14 4.731343760000000194e-14 4.964449260000000250e-14 5.204201260000000206e-14 5.450650239999999809e-14 5.703845329999999995e-14 5.963834979999999930e-14 6.230667300000000103e-14 6.504389719999999864e-14 6.785047649999999555e-14 7.072687839999999911e-14 7.367355690000000332e-14 7.669095939999999703e-14 7.977952609999999567e-14 8.293969080000000316e-14 8.617188720000000139e-14 8.947654219999999868e-14 9.285408270000000338e-14 9.630492879999999979e-14 9.982948709999999677e-14 1.034281849999999994e-13 1.071014140000000035e-13 1.108495820000000018e-13 1.146730960000000031e-13 1.185723609999999913e-13 1.225477510000000001e-13 1.265996719999999942e-13 1.307285169999999975e-13 1.349346659999999921e-13 1.392185110000000083e-13 1.435804329999999966e-13 1.480208100000000025e-13 1.525400089999999914e-13 1.571384350000000103e-13 1.618164289999999915e-13 1.665743819999999972e-13 1.714126620000000116e-13 1.763316329999999944e-13 1.813316750000000034e-13 1.864131270000000091e-13 1.915763689999999937e-13 1.968217660000000112e-13 2.021496580000000004e-13 2.075604359999999984e-13 2.130544140000000115e-13 2.186319839999999946e-13 2.242934710000000090e-13 2.300392410000000013e-13 2.358696460000000094e-13 2.417850259999999970e-13 2.477857600000000034e-13 2.538721190000000112e-13 2.600445090000000105e-13 2.663032830000000072e-13 2.726487110000000157e-13 2.790812019999999813e-13 2.856010509999999835e-13
9.066148330000000310e-16 1.153060970000000067e-15 1.433382509999999974e-15 1.754559190000000005e-15 2.121240919999999964e-15 2.536420469999999822e-15 3.002605380000000135e-15 3.522156749999999821e-15 4.097357559999999634e-15 4.730411350000000038e-15 5.423435489999999656e-15 6.178451439999999784e-15 6.997389579999999972e-15 7.882087959999999828e-15 8.834302070000000415e-15 9.855706909999999929e-15 1.094790929999999938e-14 1.211245000000000062e-14 1.335081130000000026e-14 1.466442050000000007e-14 1.605465909999999902e-14 1.752286199999999976e-14 1.907032000000000022e-14 2.069829020000000127e-14 2.240799230000000105e-14 2.420061220000000060e-14 2.607730180000000080e-14 2.803918770000000077e-14 3.008736249999999942e-14 3.222290189999999873e-14 3.444684109999999848e-14 3.676020669999999687e-14 3.916399469999999758e-14 4.165917080000000030e-14 4.424669720000000219e-14 4.692750230000000019e-14 4.970250080000000315e-14 5.257258730000000147e-14 5.553863580000000189e-14 5.860150690000000091e-14 6.176205109999999372e-14 6.502109510000000503e-14 6.837944519999999381e-14 7.183791460000000296e-14 7.539728250000000579e-14 7.905832160000000519e-14 8.282180420000000410e-14 8.668847570000000085e-14 9.065907480000000443e-14 9.473434000000000495e-14 9.891498290000000052e-14 1.032017219999999974e-13 1.075952610000000047e-13 1.120962930000000017e-13 1.167055010000000105e-13 1.214235690000000091e-13 1.262511690000000026e-13 1.311889779999999890e-13 1.362376329999999989e-13 1.413977979999999883e-13 1.466701380000000080e-13 1.520552750000000091e-13 1.575538469999999904e-13 1.631665049999999923e-13 1.688938429999999963e-13 1.747365269999999961e-13 1.806951530000000106e-13 1.867703309999999930e-13 1.929626839999999891e-13 1.992728090000000111e-13 2.057013280000000103e-13 2.122488250000000077e-13 2.189159089999999883e-13 2.257031499999999883e-13 2.326111580000000115e-13 2.396405290000000012e-13 2.467918450000000165e-13 2.540656759999999928e-13 2.614625909999999979e-13 2.689831860000000004e-13 2.766280039999999844e-13 2.843976680000000209e-13 2.922927200000000248e-13 3.003137020000000123e-13 3.084611830000000006e-13 3.167357599999999772e-13 3.251379469999999881e-13 3.336683140000000192e-13 3.423274029999999856e-13 3.511157840000000243e-13 3.600339970000000129e-13 3.690825590000000035e-13 3.782620379999999948e-13 3.875729760000000029e-13 3.970158890000000105e-13 4.065912919999999817e-13 4.162997530000000162e-13 4.261417879999999959e-13 4.361179119999999858e-13 4.462286389999999817e-13
1.579069950000000048e-15 1.995811220000000158e-15 2.468536069999999992e-15 3.008226920000000134e-15 3.622058999999999718e-15 4.314499110000000355e-15 5.089269989999999965e-15 5.949896539999999743e-15 6.899802910000000088e-15 7.942302689999999219e-15 9.080572670000000264e-15 1.031764480000000008e-14 1.165640240000000020e-14 1.309958479999999969e-14 1.464979740000000119e-14 1.630952449999999920e-14 1.808113630000000086e-14 1.996690780000000046e-14 2.196901919999999992e-14 2.408957299999999935e-14 2.633059679999999972e-14 2.869405090000000153e-14 3.118183410000000053e-14 3.379579470000000158e-14 3.653771820000000193e-14 3.940935309999999915e-14 4.241240000000000263e-14 4.554851229999999866e-14 4.881930630000000232e-14 5.222636759999999951e-14 5.577123099999999789e-14 5.945541100000000563e-14 6.328038809999999913e-14 6.724761259999999813e-14 7.135849389999999499e-14 7.561442789999999399e-14 8.001677660000000234e-14 8.456688179999999935e-14 8.926606469999999959e-14 9.411561289999999842e-14 9.911679359999999489e-14 1.042708669999999956e-13 1.095790600000000037e-13 1.150425919999999953e-13 1.206626490000000093e-13 1.264404159999999902e-13 1.323770469999999951e-13 1.384737049999999978e-13 1.447315170000000035e-13 1.511516059999999932e-13 1.577350850000000126e-13 1.644830379999999926e-13 1.713965479999999972e-13 1.784767000000000012e-13 1.857245499999999914e-13 1.931411570000000105e-13 2.007275640000000033e-13 2.084848000000000054e-13 2.164138959999999890e-13 2.245158809999999896e-13 2.327917589999999780e-13 2.412425190000000223e-13 2.498691899999999813e-13 2.586727219999999996e-13 2.676541169999999851e-13 2.768143789999999842e-13 2.861544549999999842e-13 2.956752949999999782e-13 3.053778749999999924e-13 3.152631690000000155e-13 3.253321010000000073e-13 3.355856169999999870e-13 3.460246680000000167e-13 3.566501750000000000e-13 3.674630589999999921e-13 3.784642679999999989e-13 3.896546980000000106e-13 4.010352980000000015e-13 4.126069329999999863e-13 4.243705269999999752e-13 4.363269730000000032e-13 4.484771659999999912e-13 4.608220270000000446e-13 4.733623969999999806e-13 4.860991709999999725e-13 4.990332150000000032e-13 5.121653969999999921e-13 5.254966379999999943e-13 5.390277529999999957e-13 5.527595530000000079e-13 5.666929599999999534e-13 5.808287340000000486e-13 5.951678489999999795e-13 6.097110120000000289e-13 6.244590889999999778e-13 6.394128929999999764e-13 6.545732920000000452e-13 6.699410450000000286e-13 6.855169640000000076e-13 7.013018639999999679e-13
2.740402939999999982e-15 3.442678799999999983e-15 4.238571930000000209e-15 5.144850589999999865e-15 6.172369319999999877e-15 7.327682029999999618e-15 8.616252919999999805e-15 1.004331789999999966e-14 1.161400420000000061e-14 1.333328789999999975e-14 1.520594390000000041e-14 1.723652419999999874e-14 1.942933830000000138e-14 2.178847920000000034e-14 2.431781959999999889e-14 2.702104899999999855e-14 2.990167930000000129e-14 3.296307320000000121e-14 3.620844939999999942e-14 3.964091149999999881e-14 4.326345459999999972e-14 4.707897209999999872e-14 5.109026940000000189e-14 5.530007400000000095e-14 5.971104549999999670e-14 6.432576229999999824e-14 6.914674859999999917e-14 7.417647770000000543e-14 7.941735510000000361e-14 8.487173910000000141e-14 9.054194699999999497e-14 9.643024899999999841e-14 1.025388679999999996e-13 1.088699779999999985e-13 1.154257350000000107e-13 1.222082470000000102e-13 1.292195920000000015e-13 1.364617920000000117e-13 1.439368780000000098e-13 1.516468289999999992e-13 1.595935980000000005e-13 1.677790939999999919e-13 1.762052279999999892e-13 1.848738720000000086e-13 1.937868950000000102e-13 2.029460990000000105e-13 2.123533280000000056e-13 2.220103439999999937e-13 2.319189220000000152e-13 2.420808240000000177e-13 2.524978109999999808e-13 2.631715649999999931e-13 2.741037919999999871e-13 2.852962280000000037e-13 2.967504989999999899e-13 3.084682849999999968e-13 3.204512390000000233e-13 3.327009890000000035e-13 3.452191870000000186e-13 3.580074329999999825e-13 3.710673529999999938e-13 3.844004919999999951e-13 3.980084489999999826e-13 4.118928230000000028e-13 4.260551330000000158e-13 4.404969769999999989e-13 4.552198459999999929e-13 4.702253670000000141e-13 4.855149489999999793e-13 5.010901630000000158e-13 5.169525289999999509e-13 5.331034550000000359e-13 5.495445680000000348e-13 5.662772769999999653e-13 5.833029910000000469e-13 6.006232840000000090e-13 6.182395090000000307e-13 6.361531309999999682e-13 6.543656130000000440e-13 6.728783650000000422e-13 6.916927970000000496e-13 7.108103170000000148e-13 7.302323350000000246e-13 7.499602069999999612e-13 7.699952869999999720e-13 7.903389860000000112e-13 8.109926029999999524e-13 8.319575500000000207e-13 8.532351259999999888e-13 8.748266330000000388e-13 8.967334250000000151e-13 9.189567510000000653e-13 9.414979649999999329e-13 9.643582590000000597e-13 9.875390440000000971e-13 1.011041399999999901e-12 1.034866640000000011e-12 1.059016050000000007e-12 1.083490829999999975e-12 1.108292059999999974e-12
4.733677079999999774e-15 5.911010109999999764e-15 7.246654010000000388e-15 8.765116420000000572e-15 1.048236480000000012e-14 1.240778420000000066e-14 1.454928330000000140e-14 1.691458049999999954e-14 1.951133280000000015e-14 2.234701269999999895e-14 2.542879810000000050e-14 2.876352790000000098e-14 3.235766490000000119e-14 3.621732630000000102e-14 4.034829250000000107e-14 4.475605540000000021e-14 4.944583290000000249e-14 5.442261559999999922e-14 5.969119109999999935e-14 6.525615689999999871e-14 7.112196840000000293e-14 7.729292869999999775e-14 8.377321869999999719e-14 9.056691080000000012e-14 9.767798280000000351e-14 1.051103040000000018e-13 1.128676760000000046e-13 1.209538249999999913e-13 1.293723840000000081e-13 1.381269640000000045e-13 1.472210479999999908e-13 1.566581340000000062e-13 1.664416080000000090e-13 1.765748459999999973e-13 1.870611280000000116e-13 1.979037320000000045e-13 2.091058719999999905e-13 2.206707169999999987e-13 2.326013999999999887e-13 2.449010499999999968e-13 2.575726629999999884e-13 2.706193019999999990e-13 2.840439740000000235e-13 2.978496080000000081e-13 3.120391589999999822e-13 3.266154980000000161e-13 3.415814989999999834e-13 3.569400360000000104e-13 3.726939279999999999e-13 3.888459650000000175e-13 4.053988859999999802e-13 4.223554829999999912e-13 4.397184929999999807e-13 4.574905449999999738e-13 4.756744040000000217e-13 4.942727540000000199e-13 5.132881420000000209e-13 5.327232250000000199e-13 5.525806590000000433e-13 5.728629920000000112e-13 5.935728249999999790e-13 6.147126540000000023e-13 6.362850779999999980e-13 6.582925939999999900e-13 6.807376929999999903e-13 7.036228150000000142e-13 7.269504550000000479e-13 7.507230509999999680e-13 7.749430979999999626e-13 7.996129260000000035e-13 8.247349200000000338e-13 8.503115199999999674e-13 8.763450040000000128e-13 9.028377549999999744e-13 9.297920509999999595e-13 9.572103309999999141e-13 9.850947099999999684e-13 1.013447459999999915e-12 1.042270979999999961e-12 1.071567309999999989e-12 1.101338749999999915e-12 1.131587449999999970e-12 1.162315690000000096e-12 1.193525420000000006e-12 1.225218819999999989e-12 1.257398049999999959e-12 1.290065169999999973e-12 1.323222129999999947e-12 1.356871210000000025e-12 1.391014149999999919e-12 1.425653109999999946e-12 1.460789930000000079e-12 1.496426569999999914e-12 1.532565089999999914e-12 1.569207219999999905e-12 1.606354910000000003e-12 1.644010010000000066e-12 1.682174260000000006e-12 1.720849480000000026e-12 1.760037430000000012e-12
8.129517299999999315e-15 1.008969299999999953e-14 1.232022209999999928e-14 1.485457430000000110e-14 1.771531290000000058e-14 2.091542029999999853e-14 2.446612990000000143e-14 2.837872759999999999e-14 3.266460589999999727e-14 3.733497279999999803e-14 4.240063300000000072e-14 4.787187290000000245e-14 5.375840290000000306e-14 6.006940140000000353e-14 6.681351840000000527e-14 7.399896670000000009e-14 8.163354570000000373e-14 8.972471610000000138e-14 9.827962689999999966e-14 1.073051699999999978e-13 1.168080250000000050e-13 1.267946659999999884e-13 1.372714059999999915e-13 1.482443999999999979e-13 1.597196899999999927e-13 1.717031740000000121e-13 1.842006639999999942e-13 1.972178799999999947e-13 2.107604320000000006e-13 2.248338780000000084e-13 2.394436650000000029e-13 2.545952000000000015e-13 2.702937970000000193e-13 2.865447680000000088e-13 3.033532360000000130e-13 3.207244310000000119e-13 3.386633690000000110e-13 3.571751460000000017e-13 3.762647200000000127e-13 3.959370540000000151e-13 4.161969979999999813e-13 4.370494310000000236e-13 4.584991240000000468e-13 4.805508750000000074e-13 5.032093450000000192e-13 5.264792510000000344e-13 5.503651999999999620e-13 5.748718560000000224e-13 6.000036619999999774e-13 6.257651729999999725e-13 6.521609420000000146e-13 6.791953609999999694e-13 7.068728199999999679e-13 7.351977100000000084e-13 7.641743679999999853e-13 7.938071319999999632e-13 8.241002820000000299e-13 8.550579410000000046e-13 8.866844429999999781e-13 9.189838560000000004e-13 9.519604069999999227e-13 9.856180539999999538e-13 1.019960919999999913e-12 1.054993120000000075e-12 1.090718549999999992e-12 1.127141240000000011e-12 1.164264969999999930e-12 1.202093760000000010e-12 1.240631399999999935e-12 1.279881690000000082e-12 1.319848419999999931e-12 1.360535379999999975e-12 1.401946050000000041e-12 1.444084329999999957e-12 1.486953789999999926e-12 1.530557909999999978e-12 1.574900259999999912e-12 1.619984310000000075e-12 1.665813650000000034e-12 1.712391510000000081e-12 1.759721379999999926e-12 1.807806510000000033e-12 1.856650249999999912e-12 1.906255749999999968e-12 1.956626269999999941e-12 2.007764830000000122e-12 2.059674700000000136e-12 2.112358679999999983e-12 2.165820040000000098e-12 2.220061810000000049e-12 2.275086369999999835e-12 2.330897190000000007e-12 2.387496669999999931e-12 2.444887610000000010e-12 2.503072840000000101e-12 2.562054950000000003e-12 2.621836560000000179e-12 2.682420040000000139e-12 2.743807999999999854e-12 2.806003040000000017e-12
1.386434959999999983e-14 1.710002479999999966e-14 2.080097089999999910e-14 2.500776010000000148e-14 2.975038559999999945e-14 3.504593739999999896e-14 4.090997019999999841e-14 4.735882840000000232e-14 5.440939850000000280e-14 6.207849579999999847e-14 7.038237990000000281e-14 7.933656170000000316e-14 8.895569150000000297e-14 9.925357930000000237e-14 1.102432559999999997e-13 1.219370880000000027e-13 1.343468119999999965e-13 1.474836829999999931e-13 1.613585159999999956e-13 1.759817739999999945e-13 1.913635940000000012e-13 2.075138830000000053e-13 2.244423039999999900e-13 2.421583439999999953e-13 2.606713669999999763e-13 2.799904949999999944e-13 3.001248610000000147e-13 3.210833560000000078e-13 3.428748709999999948e-13 3.655081340000000200e-13 3.889918439999999876e-13 4.133345680000000023e-13 4.385448169999999770e-13 4.646310460000000366e-13 4.916015510000000002e-13 5.194646800000000055e-13 5.482286170000000433e-13 5.779014959999999743e-13 6.084914469999999884e-13 6.400064400000000010e-13 6.724544420000000230e-13 7.058433160000000335e-13 7.401808659999999653e-13 7.754748449999999560e-13 8.117329509999999704e-13 8.489628270000000017e-13 8.871719550000000029e-13 9.263678150000000915e-13 9.665578880000000503e-13 1.007749549999999965e-12 1.049949949999999955e-12 1.093166459999999931e-12 1.137406249999999953e-12 1.182676239999999935e-12 1.228983489999999995e-12 1.276335049999999962e-12 1.324737740000000097e-12 1.374198500000000084e-12 1.424723839999999926e-12 1.476320580000000086e-12 1.528995249999999932e-12 1.582754439999999954e-12 1.637604659999999953e-12 1.693552089999999902e-12 1.750603240000000005e-12 1.808764180000000090e-12 1.868041100000000014e-12 1.928440260000000039e-12 1.989967439999999907e-12 2.052628469999999994e-12 2.116429430000000014e-12 2.181375959999999910e-12 2.247473909999999829e-12 2.314728490000000030e-12 2.383145329999999968e-12 2.452730080000000077e-12 2.523487710000000156e-12 2.595423660000000034e-12 2.668542899999999914e-12 2.742850650000000143e-12 2.818351889999999800e-12 2.895051599999999983e-12 2.972954129999999970e-12 3.052064460000000053e-12 3.132386929999999828e-12 3.213926300000000104e-12 3.296686709999999960e-12 3.380672689999999829e-12 3.465888169999999799e-12 3.552337240000000131e-12 3.640024049999999989e-12 3.728952479999999835e-12 3.819126010000000306e-12 3.910548099999999845e-12 4.003223100000000154e-12 4.097153610000000312e-12 4.192343519999999656e-12 4.288795879999999946e-12 4.386513290000000260e-12 4.485499209999999848e-12
2.345149629999999924e-14 2.873857430000000031e-14 3.483034720000000213e-14 4.176426730000000179e-14 4.957636409999999692e-14 5.828740670000000004e-14 6.791825270000000460e-14 7.849232740000000560e-14 9.003458109999999483e-14 1.025702279999999955e-13 1.161238259999999942e-13 1.307188139999999963e-13 1.463774029999999976e-13 1.631205479999999929e-13 1.809680199999999883e-13 1.999386040000000032e-13 2.200502290000000094e-13 2.413200930000000028e-13 2.637648130000000147e-13 2.874005289999999915e-13 3.122429339999999795e-13 3.383074799999999987e-13 3.656092630000000069e-13 3.941632719999999750e-13 4.239842260000000109e-13 4.550867059999999570e-13 4.874852149999999599e-13 5.211940899999999817e-13 5.562275899999999858e-13 5.925997539999999502e-13 6.303246769999999939e-13 6.694163449999999592e-13 7.098885279999999796e-13 7.517550490000000214e-13 7.950295150000000391e-13 8.397254789999999846e-13 8.858564379999999711e-13 9.334357289999999387e-13 9.824765780000000178e-13 1.032992159999999938e-12 1.084995479999999977e-12 1.138499560000000075e-12 1.193517179999999975e-12 1.250060929999999999e-12 1.308143479999999947e-12 1.367777200000000054e-12 1.428974560000000006e-12 1.491747700000000066e-12 1.556108649999999948e-12 1.622069339999999916e-12 1.689641700000000030e-12 1.758837320000000034e-12 1.829667710000000191e-12 1.902144460000000041e-12 1.976278519999999849e-12 2.052081380000000106e-12 2.129563669999999923e-12 2.208736450000000109e-12 2.289610119999999802e-12 2.372195540000000101e-12 2.456502880000000172e-12 2.542542569999999816e-12 2.630324129999999844e-12 2.719857979999999969e-12 2.811153649999999878e-12 2.904220919999999802e-12 2.999068660000000179e-12 3.095706629999999855e-12 3.194143729999999931e-12 3.294388629999999917e-12 3.396450220000000018e-12 3.500337170000000150e-12 3.606057509999999941e-12 3.713619690000000228e-12 3.823031299999999658e-12 3.934300799999999965e-12 4.047435129999999822e-12 4.162442089999999695e-12 4.279329059999999642e-12 4.398102110000000098e-12 4.518769469999999997e-12 4.641336790000000178e-12 4.765810580000000038e-12 4.892197319999999922e-12 5.020503110000000123e-12 5.150734009999999776e-12 5.282894779999999689e-12 5.416991509999999664e-12 5.553028959999999700e-12 5.691012330000000377e-12 5.830946400000000253e-12 5.972835509999999734e-12 6.116684419999999627e-12 6.262496599999999676e-12 6.410276390000000284e-12 6.560027689999999664e-12 6.711753120000000299e-12 6.865456119999999649e-12 7.021139749999999966e-12 7.178807029999999924e-12
3.929481730000000266e-14 4.783387160000000009e-14 5.776707100000000628e-14 6.909938929999999664e-14 8.186596470000000621e-14 9.608867110000000008e-14 1.117943020000000042e-13 1.290160740000000021e-13 1.477908369999999887e-13 1.681564500000000079e-13 1.901501419999999897e-13 2.138076089999999948e-13 2.391627749999999992e-13 2.662477440000000037e-13 2.950929430000000144e-13 3.257273469999999957e-13 3.581787639999999898e-13 3.924740040000000039e-13 4.286391119999999874e-13 4.666995410000000466e-13 5.066801469999999979e-13 5.486055949999999632e-13 5.925001160000000041e-13 6.383877800000000403e-13 6.862924940000000149e-13 7.362378939999999890e-13 7.882477219999999923e-13 8.423452910000000366e-13 8.985540719999999668e-13 9.568972130000000834e-13 1.017397970000000087e-12 1.080079170000000064e-12 1.144963790000000088e-12 1.212074489999999991e-12 1.281433940000000097e-12 1.353064360000000065e-12 1.426988079999999903e-12 1.503227229999999903e-12 1.581803480000000015e-12 1.662738740000000041e-12 1.746054149999999989e-12 1.831771059999999864e-12 1.919910629999999844e-12 2.010493549999999877e-12 2.103540000000000143e-12 2.199070569999999924e-12 2.297105209999999833e-12 2.397663659999999875e-12 2.500765440000000171e-12 2.606429610000000090e-12 2.714675059999999956e-12 2.825520419999999859e-12 2.938984129999999864e-12 3.055084180000000175e-12 3.173838360000000078e-12 3.295264019999999893e-12 3.419378060000000088e-12 3.546197410000000176e-12 3.675738530000000047e-12 3.808017699999999646e-12 3.943050749999999873e-12 4.080852410000000184e-12 4.221438739999999832e-12 4.364824039999999803e-12 4.511023070000000215e-12 4.660049259999999775e-12 4.811916919999999957e-12 4.966639080000000044e-12 5.124228729999999779e-12 5.284698890000000378e-12 5.448061270000000200e-12 5.614328010000000112e-12 5.783510390000000004e-12 5.955620110000000166e-12 6.130666719999999650e-12 6.308661490000000274e-12 6.489614400000000370e-12 6.673534120000000257e-12 6.860430629999999880e-12 7.050312159999999788e-12 7.243187389999999985e-12 7.439063249999999463e-12 7.637948429999999521e-12 7.839849429999999874e-12 8.044773180000000322e-12 8.252724890000000317e-12 8.463711499999999342e-12 8.677738220000000082e-12 8.894809369999999537e-12 9.114929300000000219e-12 9.338102340000000426e-12 9.564331969999999583e-12 9.793622509999999536e-12 1.002597479999999948e-11 1.026139160000000068e-11 1.049987530000000000e-11 1.074142679999999957e-11 1.098604709999999997e-11 1.123373700000000004e-11 1.148449559999999926e-11
6.514076390000000508e-14 7.875485339999999601e-14 9.478012720000000339e-14 1.131200850000000053e-13 1.337905349999999892e-13 1.568074550000000003e-13 1.822033869999999984e-13 2.100250850000000099e-13 2.403270720000000191e-13 2.731665530000000198e-13 3.086003950000000036e-13 3.466835650000000011e-13 3.874685670000000007e-13 4.310052749999999969e-13 4.773413649999999637e-13 5.265225099999999769e-13 5.785927829999999964e-13 6.335949559999999703e-13 6.915708779999999562e-13 7.525616410000000024e-13 8.166077949999999903e-13 8.837495080000000085e-13 9.540266800000000677e-13 1.027478989999999922e-12 1.104145750000000067e-12 1.184066519999999993e-12 1.267280230000000000e-12 1.353826120000000040e-12 1.443743019999999952e-12 1.537069519999999917e-12 1.633844320000000064e-12 1.734105480000000025e-12 1.837891169999999986e-12 1.945238889999999985e-12 2.056186380000000118e-12 2.170770510000000020e-12 2.289027910000000077e-12 2.410995230000000039e-12 2.536708259999999886e-12 2.666202549999999946e-12 2.799512789999999968e-12 2.936673910000000163e-12 3.077719719999999936e-12 3.222684060000000159e-12 3.371599660000000179e-12 3.524499269999999919e-12 3.681414550000000366e-12 3.842376939999999800e-12 4.007417230000000161e-12 4.176565780000000072e-12 4.349851640000000148e-12 4.527304309999999646e-12 4.708951540000000044e-12 4.894821090000000082e-12 5.084940280000000343e-12 5.279335129999999854e-12 5.478031660000000064e-12 5.681054590000000056e-12 5.888428199999999953e-12 6.100175920000000193e-12 6.316321160000000235e-12 6.536885619999999681e-12 6.761890960000000209e-12 6.991357579999999864e-12 7.225305859999999748e-12 7.463755310000000297e-12 7.706723279999999412e-12 7.954228419999999779e-12 8.206288080000000106e-12 8.462916999999999532e-12 8.724131660000000136e-12 8.989946810000000742e-12 9.260375450000000774e-12 9.535431470000000497e-12 9.815126139999999309e-12 1.009947250000000021e-11 1.038847910000000006e-11 1.068215740000000031e-11 1.098051510000000055e-11 1.128356089999999934e-11 1.159130259999999958e-11 1.190374619999999987e-11 1.222089700000000004e-11 1.254276019999999988e-11 1.286933929999999977e-11 1.320063760000000001e-11 1.353665790000000060e-11 1.387740009999999987e-11 1.422286590000000042e-11 1.457305460000000022e-11 1.492796509999999864e-11 1.528759410000000024e-11 1.565193980000000074e-11 1.602099880000000142e-11 1.639476400000000141e-11 1.677323209999999880e-11 1.715639440000000149e-11 1.754424559999999997e-11 1.793677530000000116e-11 1.833397670000000112e-11
1.067087020000000006e-13 1.281127569999999985e-13 1.536651940000000101e-13 1.830231519999999997e-13 2.161427100000000053e-13 2.530190680000000075e-13 2.936888740000000221e-13 3.382179250000000106e-13 3.866875350000000121e-13 4.391852009999999940e-13 4.957989860000000364e-13 5.566148130000000240e-13 6.217154069999999501e-13 6.911800780000000382e-13 7.650851519999999887e-13 8.435042489999999512e-13 9.265091949999999566e-13 1.014169979999999937e-12 1.106555599999999967e-12 1.203734160000000020e-12 1.305773200000000028e-12 1.412739720000000097e-12 1.524700609999999984e-12 1.641722349999999939e-12 1.763871280000000007e-12 1.891213309999999948e-12 2.023814490000000125e-12 2.161739970000000180e-12 2.305055239999999872e-12 2.453824900000000142e-12 2.608113380000000054e-12 2.767983979999999799e-12 2.933500229999999942e-12 3.104724589999999865e-12 3.281718649999999903e-12 3.464543320000000157e-12 3.653259120000000184e-12 3.847924579999999681e-12 4.048598700000000396e-12 4.255338699999999977e-12 4.468200980000000288e-12 4.687240610000000158e-12 4.912511799999999864e-12 5.144067459999999737e-12 5.381960070000000021e-12 5.626240359999999951e-12 5.876957340000000031e-12 6.134159150000000101e-12 6.397893930000000001e-12 6.668206349999999829e-12 6.945141509999999771e-12 7.228741910000000126e-12 7.519050490000000157e-12 7.816106270000000738e-12 8.119949159999999545e-12 8.430616450000000654e-12 8.748144569999999893e-12 9.072568219999999521e-12 9.403921220000000644e-12 9.742234799999999317e-12 1.008754019999999936e-11 1.043986509999999962e-11 1.079923820000000051e-11 1.116568470000000043e-11 1.153922959999999926e-11 1.191989479999999996e-11 1.230770259999999923e-11 1.270267310000000061e-11 1.310482280000000070e-11 1.351416980000000025e-11 1.393072899999999978e-11 1.435451320000000022e-11 1.478553389999999852e-11 1.522380310000000160e-11 1.566932869999999949e-11 1.612211580000000158e-11 1.658217309999999999e-11 1.704950070000000121e-11 1.752410369999999852e-11 1.800598040000000062e-11 1.849513080000000104e-11 1.899155140000000100e-11 1.949523879999999854e-11 2.000618420000000150e-11 2.052438250000000047e-11 2.104982160000000139e-11 2.158249269999999919e-11 2.212238209999999888e-11 2.266947390000000097e-11 2.322375279999999987e-11 2.378520120000000157e-11 2.435379850000000064e-11 2.492952549999999892e-11 2.551235610000000073e-11 2.610226789999999961e-11 2.669923479999999987e-11 2.730322740000000069e-11 2.791421610000000116e-11 2.853217140000000039e-11 2.915705869999999780e-11
1.725392829999999990e-13 2.056982650000000001e-13 2.459337529999999927e-13 2.923753629999999952e-13 3.448405570000000174e-13 4.032759640000000190e-13 4.677187999999999639e-13 5.382630110000000404e-13 6.150321140000000163e-13 6.981623939999999863e-13 7.877928450000000051e-13 8.840607819999999943e-13 9.870995079999999669e-13 1.097038369999999966e-12 1.214002529999999963e-12 1.338114189999999955e-12 1.469492820000000004e-12 1.608256170000000026e-12 1.754520359999999966e-12 1.908400519999999883e-12 2.070010829999999895e-12 2.239465559999999889e-12 2.416877459999999924e-12 2.602359520000000117e-12 2.796023830000000065e-12 2.997982069999999857e-12 3.208344829999999839e-12 3.427222049999999983e-12 3.654722790000000319e-12 3.890954829999999896e-12 4.136024859999999635e-12 4.390038249999999941e-12 4.653098650000000063e-12 4.925308419999999797e-12 5.206768180000000037e-12 5.497576350000000404e-12 5.797829660000000031e-12 6.107623520000000356e-12 6.427049860000000165e-12 6.756199769999999857e-12 7.095161259999999830e-12 7.444020230000000396e-12 7.802860790000000511e-12 8.171764480000000716e-12 8.550809370000000195e-12 8.940071770000000671e-12 9.339625429999999481e-12 9.749542320000000366e-12 1.016989010000000005e-11 1.060073379999999958e-11 1.104213769999999952e-11 1.149416239999999933e-11 1.195686350000000041e-11 1.243029719999999965e-11 1.291451489999999926e-11 1.340956509999999978e-11 1.391549380000000029e-11 1.443234419999999987e-11 1.496015810000000006e-11 1.549896840000000043e-11 1.604881329999999883e-11 1.660972229999999934e-11 1.718172479999999956e-11 1.776484339999999960e-11 1.835910069999999959e-11 1.896451570000000080e-11 1.958110580000000036e-11 2.020888140000000103e-11 2.084785120000000137e-11 2.149802560000000092e-11 2.215940449999999964e-11 2.283198800000000080e-11 2.351577269999999921e-11 2.421075489999999920e-11 2.491692270000000036e-11 2.563426379999999883e-11 2.636276269999999857e-11 2.710240020000000144e-11 2.785315380000000090e-11 2.861499750000000133e-11 2.938790529999999742e-11 3.017184420000000243e-11 3.096677779999999858e-11 3.177266779999999930e-11 3.258947629999999886e-11 3.341715450000000142e-11 3.425565729999999709e-11 3.510493630000000317e-11 3.596493590000000049e-11 3.683559710000000022e-11 3.771686439999999941e-11 3.860866829999999994e-11 3.951095009999999701e-11 4.042364009999999885e-11 4.134666219999999707e-11 4.227994340000000124e-11 4.322340749999999967e-11 4.417697460000000117e-11 4.514055799999999770e-11 4.611407440000000256e-11
2.750955120000000094e-13 3.256918390000000020e-13 3.882225759999999762e-13 4.607773040000000124e-13 5.428933130000000001e-13 6.344219310000000492e-13 7.353965530000000101e-13 8.459558469999999837e-13 9.662930180000000653e-13 1.096625720000000057e-12 1.237178980000000042e-12 1.388177550000000048e-12 1.549841959999999988e-12 1.722387859999999951e-12 1.906026120000000050e-12 2.100963280000000082e-12 2.307402969999999900e-12 2.525545740000000164e-12 2.755590240000000032e-12 2.997733570000000194e-12 3.252171100000000095e-12 3.519097119999999933e-12 3.798703969999999989e-12 4.091182690000000201e-12 4.396722569999999898e-12 4.715511840000000141e-12 5.047734799999999883e-12 5.393575339999999779e-12 5.753213440000000167e-12 6.126826479999999883e-12 6.514589220000000127e-12 6.916672530000000341e-12 7.333244250000000800e-12 7.764468760000000106e-12 8.210505189999999484e-12 8.671509690000000219e-12 9.147634040000000099e-12 9.639025690000000233e-12 1.014582780000000054e-11 1.066817729999999994e-11 1.120620869999999982e-11 1.176004949999999947e-11 1.232982469999999995e-11 1.291565119999999928e-11 1.351764270000000009e-11 1.413590770000000038e-11 1.477054760000000054e-11 1.542166220000000000e-11 1.608933989999999972e-11 1.677366929999999915e-11 1.747472999999999899e-11 1.819259850000000140e-11 1.892734230000000012e-11 1.967902750000000099e-11 2.044770779999999946e-11 2.123343859999999843e-11 2.203626689999999919e-11 2.285622910000000013e-11 2.369336149999999958e-11 2.454769369999999848e-11 2.541924659999999921e-11 2.630803560000000094e-11 2.721407469999999885e-11 2.813736399999999946e-11 2.907790500000000039e-11 3.003568570000000118e-11 3.101069749999999687e-11 3.200291770000000020e-11 3.301232200000000038e-11 3.403887240000000132e-11 3.508254100000000307e-11 3.614327239999999950e-11 3.722102490000000209e-11 3.831573950000000261e-11 3.942735029999999857e-11 4.055579480000000237e-11 4.170099680000000232e-11 4.286287299999999880e-11 4.404134000000000184e-11 4.523630779999999826e-11 4.644767560000000094e-11 4.767533940000000156e-11 4.891919510000000142e-11 5.017912130000000151e-11 5.145499999999999835e-11 5.274670630000000061e-11 5.405410839999999684e-11 5.537707100000000263e-11 5.671544479999999965e-11 5.806908769999999959e-11 5.943785050000000031e-11 6.082156310000000380e-11 6.222007630000000147e-11 6.363320980000000234e-11 6.506080400000000474e-11 6.650267140000000061e-11 6.795862479999999820e-11 6.942849069999999753e-11 7.091206789999999876e-11 7.240916889999999384e-11
4.321416809999999833e-13 5.081801410000000304e-13 6.040702880000000187e-13 7.159788710000000274e-13 8.429261519999999596e-13 9.845968440000000533e-13 1.141019679999999976e-12 1.312411549999999944e-12 1.499085900000000084e-12 1.701400409999999914e-12 1.919729130000000083e-12 2.154448930000000002e-12 2.405932440000000145e-12 2.674546569999999947e-12 2.960652339999999969e-12 3.264604079999999814e-12 3.586751769999999809e-12 3.927440400000000306e-12 4.287011720000000272e-12 4.665802469999999740e-12 5.064146579999999868e-12 5.482373240000000370e-12 5.920808979999999746e-12 6.379774310000000132e-12 6.859586249999999709e-12 7.360555740000000581e-12 7.882988529999999916e-12 8.427184300000000103e-12 8.993436200000000731e-12 9.582030480000000636e-12 1.019324729999999966e-11 1.082735640000000037e-11 1.148462400000000068e-11 1.216530349999999987e-11 1.286964200000000002e-11 1.359787799999999987e-11 1.435024060000000080e-11 1.512695000000000069e-11 1.592821359999999970e-11 1.675423519999999915e-11 1.760520200000000050e-11 1.848129810000000014e-11 1.938268990000000043e-11 2.030953880000000084e-11 2.126199390000000019e-11 2.224019230000000009e-11 2.324426240000000033e-11 2.427432040000000014e-11 2.533047209999999920e-11 2.641281290000000088e-11 2.752142440000000060e-11 2.865637940000000159e-11 2.981773860000000013e-11 3.100554880000000061e-11 3.221985179999999809e-11 3.346067169999999678e-11 3.472802599999999709e-11 3.602191460000000219e-11 3.734233059999999841e-11 3.868924970000000080e-11 4.006264759999999856e-11 4.146247929999999803e-11 4.288868570000000063e-11 4.434120429999999938e-11 4.581995550000000000e-11 4.732484890000000203e-11 4.885578750000000116e-11 5.041265670000000232e-11 5.199533510000000006e-11 5.360368400000000155e-11 5.523756109999999897e-11 5.689680670000000029e-11 5.858125099999999797e-11 6.029071690000000286e-11 6.202501710000000054e-11 6.378395029999999437e-11 6.556730160000000569e-11 6.737484880000000317e-11 6.920636290000000326e-11 7.106160099999999820e-11 7.294031349999999902e-11 7.484223660000000206e-11 7.676709960000000292e-11 7.871461820000000228e-11 8.068450070000000300e-11 8.267645600000000182e-11 8.469016460000000496e-11 8.672532140000000108e-11 8.878159320000000463e-11 9.085864699999999785e-11 9.295614280000000421e-11 9.507372669999999712e-11 9.721105170000000246e-11 9.936775010000000506e-11 1.015434400000000010e-10 1.037377540000000042e-10 1.059503109999999985e-10 1.081807069999999960e-10 1.104285549999999997e-10 1.126934520000000030e-10
6.684167109999999606e-13 7.810098050000000502e-13 9.261186650000000531e-13 1.096540720000000063e-12 1.290408969999999922e-12 1.507144670000000008e-12 1.746787390000000101e-12 2.009700569999999894e-12 2.296411760000000194e-12 2.607525519999999895e-12 2.943677199999999832e-12 3.305509729999999802e-12 3.693661699999999603e-12 4.108764539999999666e-12 4.551439519999999724e-12 5.022297679999999828e-12 5.521940540000000025e-12 6.050960080000000185e-12 6.609939159999999601e-12 7.199451099999999811e-12 7.820059700000000738e-12 8.472318330000000481e-12 9.156769960000000026e-12 9.873945409999999802e-12 1.062436599999999960e-11 1.140853729999999983e-11 1.222695299999999983e-11 1.308009429999999951e-11 1.396842449999999974e-11 1.489239459999999914e-11 1.585243740000000037e-11 1.684897009999999869e-11 1.788239349999999929e-11 1.895308909999999945e-11 2.006142300000000048e-11 2.120773870000000032e-11 2.239236749999999960e-11 2.361561289999999903e-11 2.487776649999999892e-11 2.617909530000000152e-11 2.751984750000000150e-11 2.890025369999999948e-11 3.032051690000000279e-11 3.178082450000000005e-11 3.328134640000000211e-11 3.482221800000000311e-11 3.640356769999999963e-11 3.802549589999999792e-11 3.968807919999999697e-11 4.139137300000000290e-11 4.313541879999999768e-11 4.492022029999999958e-11 4.674577739999999887e-11 4.861205539999999812e-11 5.051900220000000280e-11 5.246654149999999795e-11 5.445457629999999866e-11 5.648298499999999936e-11 5.855162880000000394e-11 6.066034480000000559e-11 6.280894550000000272e-11 6.499722980000000524e-11 6.722496859999999401e-11 6.949190529999999537e-11 7.179778300000000642e-11 7.414229650000000609e-11 7.652514040000000549e-11 7.894598169999999979e-11 8.140447340000000194e-11 8.390023399999999528e-11 8.643287470000000094e-11 8.900198630000000241e-11 9.160713849999999364e-11 9.424788030000000510e-11 9.692375370000000503e-11 9.963425919999999913e-11 1.023789040000000002e-10 1.051571750000000061e-10 1.079685299999999945e-10 1.108124149999999948e-10 1.136882669999999985e-10 1.165954969999999952e-10 1.195335220000000037e-10 1.225017309999999882e-10 1.254994860000000066e-10 1.285261619999999891e-10 1.315811069999999988e-10 1.346636550000000001e-10 1.377731400000000092e-10 1.409088819999999956e-10 1.440701719999999957e-10 1.472563179999999980e-10 1.504666109999999872e-10 1.537003159999999980e-10 1.569567250000000094e-10 1.602350749999999881e-10 1.635346579999999906e-10 1.668546969999999885e-10 1.701944559999999963e-10 1.735531720000000065e-10
1.017618060000000031e-12 1.182028759999999933e-12 1.398834169999999952e-12 1.655207110000000000e-12 1.947850950000000170e-12 2.275812569999999801e-12 2.639201790000000047e-12 3.038665020000000130e-12 3.475117759999999837e-12 3.949601500000000112e-12 4.463208449999999835e-12 5.017044509999999651e-12 5.612209480000000320e-12 6.249788010000000315e-12 6.930847389999999723e-12 7.656433650000000412e-12 8.427572880000000497e-12 9.245267750000000564e-12 1.011050180000000001e-11 1.102423449999999954e-11 1.198740330000000069e-11 1.300091889999999927e-11 1.406567049999999967e-11 1.518251839999999929e-11 1.635229630000000120e-11 1.757581060000000076e-11 1.885383860000000077e-11 2.018712109999999914e-11 2.157637609999999997e-11 2.302228369999999842e-11 2.452548929999999872e-11 2.608660860000000086e-11 2.770621750000000124e-11 2.938485910000000318e-11 3.112303470000000202e-11 3.292121439999999773e-11 3.477982490000000073e-11 3.669925819999999823e-11 3.867986139999999994e-11 4.072195359999999942e-11 4.282579849999999705e-11 4.499162849999999773e-11 4.721963449999999857e-11 4.950996559999999839e-11 5.186272590000000236e-11 5.427798139999999689e-11 5.675575630000000240e-11 5.929603339999999603e-11 6.189875000000000300e-11 6.456381260000000486e-11 6.729106159999999995e-11 7.008032350000000122e-11 7.293136230000000168e-11 7.584392140000000183e-11 7.881768150000000152e-11 8.185228879999999687e-11 8.494735470000000264e-11 8.810245589999999743e-11 9.131710670000000136e-11 9.459080049999999988e-11 9.792298220000000535e-11 1.013130760000000020e-10 1.047604429999999992e-10 1.082644249999999981e-10 1.118243210000000012e-10 1.154393940000000032e-10 1.191088759999999873e-10 1.228319529999999875e-10 1.266078079999999911e-10 1.304355509999999884e-10 1.343142820000000026e-10 1.382430700000000070e-10 1.422209709999999994e-10 1.462469729999999900e-10 1.503200620000000011e-10 1.544392110000000020e-10 1.586033389999999956e-10 1.628113480000000071e-10 1.670621280000000032e-10 1.713545420000000062e-10 1.756874509999999983e-10 1.800596480000000001e-10 1.844699530000000025e-10 1.889171599999999943e-10 1.934000319999999917e-10 1.979173349999999932e-10 2.024678200000000080e-10 2.070502100000000034e-10 2.116632419999999934e-10 2.163056259999999960e-10 2.209760710000000090e-10 2.256732720000000094e-10 2.303959249999999940e-10 2.351427109999999964e-10 2.399123680000000246e-10 2.447035069999999813e-10 2.495148810000000191e-10 2.543451559999999753e-10 2.591929999999999858e-10 2.640571100000000156e-10
1.524737909999999908e-12 1.761815850000000088e-12 2.081945509999999942e-12 2.463316659999999818e-12 2.900465890000000030e-12 3.391975939999999850e-12 3.938182249999999771e-12 4.540277879999999944e-12 5.199875250000000341e-12 5.918781520000000180e-12 6.698879300000000229e-12 7.542065060000000048e-12 8.450222289999999943e-12 9.425198469999999951e-12 1.046880639999999964e-11 1.158281280000000040e-11 1.276893960000000009e-11 1.402886050000000035e-11 1.536420299999999881e-11 1.677654019999999883e-11 1.826739799999999914e-11 1.983824739999999911e-11 2.149050559999999936e-11 2.322552910000000099e-11 2.504462090000000008e-11 2.694901940000000067e-11 2.893990599999999973e-11 3.101838920000000062e-11 3.318552720000000026e-11 3.544229149999999726e-11 3.778960479999999757e-11 4.022830329999999923e-11 4.275916080000000302e-11 4.538287800000000307e-11 4.810007949999999805e-11 5.091132029999999816e-11 5.381707230000000114e-11 5.681773110000000273e-11 5.991362960000000445e-11 6.310500039999999842e-11 6.639200990000000312e-11 6.977475539999999396e-11 7.325323679999999996e-11 7.682738470000000043e-11 8.049704650000000423e-11 8.426200019999999953e-11 8.812193339999999986e-11 9.207645060000000631e-11 9.612510089999999449e-11 1.002673219999999985e-10 1.045025109999999965e-10 1.088299589999999963e-10 1.132488960000000056e-10 1.177584699999999979e-10 1.223577770000000072e-10 1.270457909999999970e-10 1.318214699999999989e-10 1.366836640000000084e-10 1.416311789999999953e-10 1.466627380000000045e-10 1.517769940000000014e-10 1.569725600000000062e-10 1.622479790000000114e-10 1.676017240000000080e-10 1.730322139999999945e-10 1.785378100000000006e-10 1.841168190000000118e-10 1.897675209999999917e-10 1.954881260000000055e-10 2.012767869999999888e-10 2.071316310000000042e-10 2.130507439999999936e-10 2.190321810000000040e-10 2.250739180000000044e-10 2.311739550000000034e-10 2.373302109999999953e-10 2.435406320000000222e-10 2.498030669999999992e-10 2.561154069999999820e-10 2.624754580000000094e-10 2.688811119999999760e-10 2.753301479999999763e-10 2.818203450000000012e-10 2.883495109999999744e-10 2.949154529999999806e-10 3.015158960000000183e-10 3.081486449999999774e-10 3.148115099999999764e-10 3.215021859999999837e-10 3.282185360000000129e-10 3.349583110000000130e-10 3.417193200000000053e-10 3.484993679999999827e-10 3.552962650000000123e-10 3.621079270000000026e-10 3.689321349999999846e-10 3.757667790000000196e-10 3.826098049999999949e-10 3.894591320000000080e-10 3.963126490000000228e-10
2.248856699999999884e-12 2.587120839999999987e-12 3.054989639999999803e-12 3.616890639999999834e-12 4.264272099999999964e-12 4.995260280000000265e-12 5.810758119999999653e-12 6.712983469999999678e-12 7.704780390000000359e-12 8.789270530000000719e-12 9.969673520000000444e-12 1.124921160000000040e-11 1.263106459999999993e-11 1.411833929999999980e-11 1.571406199999999892e-11 1.742116520000000023e-11 1.924248610000000010e-11 2.118076199999999864e-11 2.323862800000000158e-11 2.541861170000000105e-11 2.772313459999999905e-11 3.015450739999999821e-11 3.271492099999999988e-11 3.540645900000000161e-11 3.823107460000000002e-11 4.119060300000000112e-11 4.428675479999999721e-11 4.752110510000000247e-11 5.089510410000000105e-11 5.441006329999999716e-11 5.806715530000000207e-11 6.186742089999999622e-11 6.581175879999999756e-11 6.990091839999999927e-11 7.413551020000000155e-11 7.851599930000000471e-11 8.304269079999999424e-11 8.771576519999999355e-11 9.253523640000000097e-11 9.750097259999999858e-11 1.026126960000000005e-10 1.078699840000000019e-10 1.132722530000000019e-10 1.188187740000000126e-10 1.245086809999999995e-10 1.303409599999999976e-10 1.363144460000000129e-10 1.424278200000000013e-10 1.486796380000000081e-10 1.550683330000000012e-10 1.615921560000000114e-10 1.682492760000000092e-10 1.750376790000000081e-10 1.819552700000000073e-10 1.889998019999999956e-10 1.961689280000000076e-10 2.034601649999999993e-10 2.108709179999999915e-10 2.183985080000000079e-10 2.260401310000000067e-10 2.337929020000000092e-10 2.416537800000000241e-10 2.496197689999999763e-10 2.576876210000000072e-10 2.658541720000000221e-10 2.741160349999999980e-10 2.824698809999999844e-10 2.909122389999999873e-10 2.994396120000000107e-10 3.080484480000000204e-10 3.167351659999999978e-10 3.254961019999999991e-10 3.343275930000000231e-10 3.432259199999999843e-10 3.521873900000000063e-10 3.612082300000000113e-10 3.702846919999999813e-10 3.794130289999999955e-10 3.885894659999999882e-10 3.978102289999999907e-10 4.070715709999999791e-10 4.163697439999999871e-10 4.257010580000000170e-10 4.350617640000000050e-10 4.444482279999999859e-10 4.538567850000000218e-10 4.632838279999999885e-10 4.727258030000000189e-10 4.821791849999999714e-10 4.916404509999999515e-10 5.011062679999999802e-10 5.105731390000000099e-10 5.200378459999999536e-10 5.294970569999999817e-10 5.389476090000000454e-10 5.483863920000000426e-10 5.578102979999999627e-10 5.672163289999999750e-10 5.766015439999999652e-10 5.859631109999999526e-10
3.266626989999999985e-12 3.745456639999999672e-12 4.423726580000000059e-12 5.245596060000000012e-12 6.198389020000000208e-12 7.280010799999999448e-12 8.492600719999999347e-12 9.840232800000000370e-12 1.132786920000000062e-11 1.296083810000000045e-11 1.474457359999999930e-11 1.668446800000000156e-11 1.878580969999999852e-11 2.105372989999999893e-11 2.349319179999999860e-11 2.610897259999999905e-11 2.890565039999999995e-11 3.188760709999999759e-11 3.505900780000000203e-11 3.842381270000000199e-11 4.198575520000000068e-11 4.574835300000000278e-11 4.971488499999999794e-11 5.388839719999999967e-11 5.827169999999999534e-11 6.286735020000000042e-11 6.767765509999999942e-11 7.270466170000000433e-11 7.795018099999999428e-11 8.341572570000000563e-11 8.910255870000000162e-11 9.501166519999999521e-11 1.011437669999999959e-10 1.074993009999999943e-10 1.140784269999999985e-10 1.208810140000000040e-10 1.279066849999999936e-10 1.351547349999999932e-10 1.426242180000000125e-10 1.503138999999999983e-10 1.582222549999999874e-10 1.663475050000000002e-10 1.746875979999999897e-10 1.832401869999999904e-10 1.920026920000000121e-10 2.009722670000000018e-10 2.101458040000000006e-10 2.195199719999999920e-10 2.290911770000000080e-10 2.388556020000000231e-10 2.488091950000000247e-10 2.589477240000000253e-10 2.692666920000000205e-10 2.797614360000000004e-10 2.904271270000000013e-10 3.012587119999999822e-10 3.122510030000000242e-10 3.233986410000000258e-10 3.346961040000000176e-10 3.461377570000000232e-10 3.577178829999999800e-10 3.694305420000000003e-10 3.812697939999999898e-10 3.932295600000000001e-10 4.053036799999999906e-10 4.174859899999999963e-10 4.297701640000000230e-10 4.421499560000000194e-10 4.546189809999999768e-10 4.671709130000000044e-10 4.797993669999999901e-10 4.924979870000000130e-10 5.052603890000000067e-10 5.180803009999999695e-10 5.309513939999999768e-10 5.438673960000000267e-10 5.568220879999999608e-10 5.698094220000000101e-10 5.828231790000000161e-10 5.958575300000000067e-10 6.089064250000000178e-10 6.219640909999999545e-10 6.350248110000000128e-10 6.480829759999999597e-10 6.611330930000000171e-10 6.741697199999999515e-10 6.871876400000000149e-10 7.001816900000000378e-10 7.131468749999999998e-10 7.260783090000000142e-10 7.389712729999999871e-10 7.518211610000000383e-10 7.646234200000000276e-10 7.773738870000000012e-10 7.900683439999999667e-10 8.027027380000000468e-10 8.152731820000000074e-10 8.277760139999999964e-10 8.402076260000000507e-10 8.525646300000000497e-10
4.676899059999999936e-12 5.351669189999999810e-12 6.329812110000000153e-12 7.526717100000000408e-12 8.924585899999999291e-12 1.052177790000000002e-11 1.232287620000000033e-11 1.433519970000000038e-11 1.656726489999999862e-11 1.902803089999999855e-11 2.172652860000000153e-11 2.467164670000000112e-11 2.787202930000000155e-11 3.133601359999999792e-11 3.507159149999999925e-11 3.908638690000000247e-11 4.338764070000000313e-11 4.798218419999999942e-11 5.287644969999999834e-11 5.807643599999999897e-11 6.358771149999999751e-11 6.941539700000000317e-11 7.556416599999999639e-11 8.203822339999999730e-11 8.884128160000000342e-11 9.597659470000000301e-11 1.034469179999999936e-10 1.112544850000000012e-10 1.194010579999999994e-10 1.278878530000000051e-10 1.367155970000000051e-10 1.458844709999999940e-10 1.553941419999999928e-10 1.652437629999999972e-10 1.754319470000000014e-10 1.859568060000000013e-10 1.968158970000000018e-10 2.080062930000000129e-10 2.195245510000000051e-10 2.313667310000000046e-10 2.435283639999999972e-10 2.560045789999999821e-10 2.687899349999999786e-10 2.818786040000000085e-10 2.952642849999999824e-10 3.089402900000000203e-10 3.228994569999999816e-10 3.371342930000000192e-10 3.516368860000000120e-10 3.663989940000000229e-10 3.814120690000000031e-10 3.966671709999999876e-10 4.121551709999999863e-10 4.278666029999999759e-10 4.437918089999999778e-10 4.599208789999999969e-10 4.762437110000000306e-10 4.927501180000000080e-10 5.094296099999999870e-10 5.262716929999999972e-10 5.432657660000000261e-10 5.604011699999999887e-10 5.776671360000000339e-10 5.950528960000000460e-10 6.125476789999999790e-10 6.301407730000000081e-10 6.478215190000000483e-10 6.655792029999999766e-10 6.834033339999999602e-10 7.012834200000000168e-10 7.192091370000000030e-10 7.371703250000000509e-10 7.551569369999999893e-10 7.731591479999999950e-10 7.911671319999999922e-10 8.091715629999999612e-10 8.271630600000000505e-10 8.451326310000000327e-10 8.630714479999999555e-10 8.809709069999999963e-10 8.988226270000000021e-10 9.166186139999999725e-10 9.343510410000000097e-10 9.520122469999999630e-10 9.695950709999999443e-10 9.870925190000000651e-10 1.004497709999999927e-09 1.021804310000000099e-09 1.039006209999999984e-09 1.056097430000000032e-09 1.073072300000000006e-09 1.089925589999999979e-09 1.106652210000000021e-09 1.123247270000000064e-09 1.139706440000000051e-09 1.156025389999999924e-09 1.172200110000000020e-09 1.188226849999999968e-09 1.204102150000000074e-09 1.219822909999999968e-09
6.607283730000000067e-12 7.557940380000000062e-12 8.966122979999999305e-12 1.070774459999999960e-11 1.275918090000000028e-11 1.512068070000000055e-11 1.780134889999999924e-11 2.081402759999999894e-11 2.417309410000000150e-11 2.789340109999999889e-11 3.198974069999999976e-11 3.647655789999999982e-11 4.136777029999999729e-11 4.667669720000000042e-11 5.241596739999999694e-11 5.859750190000000541e-11 6.523246530000000196e-11 7.233123129999999404e-11 7.990336860000000267e-11 8.795762039999999557e-11 9.650188290000000083e-11 1.055431580000000053e-10 1.150875710000000003e-10 1.251403429999999915e-10 1.357057379999999977e-10 1.467871099999999905e-10 1.583868449999999900e-10 1.705063730000000076e-10 1.831461230000000001e-10 1.963055690000000127e-10 2.099832110000000069e-10 2.241765380000000000e-10 2.388821090000000025e-10 2.540954669999999812e-10 2.698112289999999760e-10 2.860230660000000103e-10 3.027236789999999744e-10 3.199049360000000076e-10 3.375577319999999787e-10 3.556721859999999804e-10 3.742375300000000007e-10 3.932422719999999970e-10 4.126740890000000097e-10 4.325199920000000176e-10 4.527662690000000151e-10 4.733985980000000194e-10 4.944020750000000088e-10 5.157612119999999867e-10 5.374600759999999901e-10 5.594822379999999767e-10 5.818109330000000202e-10 6.044289509999999700e-10 6.273188640000000276e-10 6.504630170000000246e-10 6.738434809999999573e-10 6.974422149999999644e-10 7.212411219999999970e-10 7.452219399999999951e-10 7.693666260000000055e-10 7.936569179999999681e-10 8.180748860000000405e-10 8.426025430000000433e-10 8.672221829999999532e-10 8.919162629999999763e-10 9.166675749999999503e-10 9.414591330000000604e-10 9.662741720000000704e-10 9.910965380000000255e-10 1.015910130000000021e-09 1.040699529999999906e-09 1.065449509999999964e-09 1.090145420000000075e-09 1.114773050000000009e-09 1.139318640000000095e-09 1.163769080000000042e-09 1.188111500000000008e-09 1.212333570000000073e-09 1.236423740000000072e-09 1.260370700000000080e-09 1.284163779999999922e-09 1.307792870000000056e-09 1.331248220000000062e-09 1.354520829999999967e-09 1.377602140000000102e-09 1.400483949999999922e-09 1.423158809999999946e-09 1.445619509999999904e-09 1.467859499999999981e-09 1.489872779999999920e-09 1.511653580000000073e-09 1.533196900000000087e-09 1.554497750000000067e-09 1.575552019999999903e-09 1.596355709999999973e-09 1.616905499999999964e-09 1.637198149999999919e-09 1.657231129999999941e-09 1.677001980000000031e-09 1.696508710000000010e-09 1.715749759999999959e-09
9.223996569999999267e-12 1.056968660000000043e-11 1.260172700000000055e-11 1.514348020000000134e-11 1.816550379999999946e-11 2.167267060000000154e-11 2.568212139999999882e-11 3.021595129999999904e-11 3.529811170000000233e-11 4.095294239999999712e-11 4.720439660000000074e-11 5.407563979999999907e-11 6.158876880000000406e-11 6.976467319999999643e-11 7.862292760000000558e-11 8.818167719999999832e-11 9.845761709999999941e-11 1.094658949999999998e-10 1.212200900000000092e-10 1.337321500000000002e-10 1.470123610000000040e-10 1.610692829999999990e-10 1.759097590000000126e-10 1.915388399999999945e-10 2.079598020000000004e-10 2.251741020000000120e-10 2.431813640000000190e-10 2.619794100000000177e-10 2.815641610000000253e-10 3.019298140000000199e-10 3.230686550000000076e-10 3.449712460000000073e-10 3.676263459999999986e-10 3.910210489999999891e-10 4.151407269999999872e-10 4.399691170000000076e-10 4.654884530000000180e-10 4.916794189999999574e-10 5.185212260000000064e-10 5.459918630000000412e-10 5.740680150000000122e-10 6.027251479999999609e-10 6.319376130000000285e-10 6.616789340000000016e-10 6.919215759999999535e-10 7.226373940000000322e-10 7.537974689999999774e-10 7.853723229999999754e-10 8.173320349999999759e-10 8.496462980000000290e-10 8.822846340000000021e-10 9.152163470000000116e-10 9.484106829999999980e-10 9.818369449999999287e-10 1.015464710000000019e-09 1.049263450000000018e-09 1.083203420000000079e-09 1.117254960000000013e-09 1.151388870000000024e-09 1.185576640000000081e-09 1.219790380000000021e-09 1.254002679999999957e-09 1.288187110000000025e-09 1.322317920000000081e-09 1.356370129999999898e-09 1.390319640000000064e-09 1.424143250000000008e-09 1.457818750000000054e-09 1.491324729999999952e-09 1.524640859999999923e-09 1.557747819999999928e-09 1.590627070000000097e-09 1.623261300000000039e-09 1.655634069999999932e-09 1.687729840000000034e-09 1.719534070000000094e-09 1.751033320000000005e-09 1.782215039999999901e-09 1.813067580000000000e-09 1.843580070000000060e-09 1.873742719999999899e-09 1.903546430000000131e-09 1.932983549999999972e-09 1.962046080000000180e-09 1.990728029999999920e-09 2.019023170000000186e-09 2.046926849999999909e-09 2.074434620000000150e-09 2.101542940000000031e-09 2.128248469999999975e-09 2.154548980000000181e-09 2.180442939999999831e-09 2.205928550000000005e-09 2.231005599999999975e-09 2.255673649999999848e-09 2.279932909999999940e-09 2.303784050000000133e-09 2.327228190000000040e-09 2.350266869999999904e-09 2.372902100000000199e-09
1.274721130000000051e-11 1.467139600000000079e-11 1.762292400000000089e-11 2.135709490000000104e-11 2.584013559999999887e-11 3.108653269999999794e-11 3.712743650000000199e-11 4.400034500000000198e-11 5.174480289999999743e-11 6.040033749999999724e-11 7.000536260000000402e-11 8.059652250000000384e-11 9.220835209999999938e-11 1.048729370000000044e-10 1.186197670000000010e-10 1.334755640000000120e-10 1.494641490000000041e-10 1.666063540000000088e-10 1.849198849999999979e-10 2.044193010000000070e-10 2.251158569999999999e-10 2.470175450000000146e-10 2.701289189999999789e-10 2.944512129999999975e-10 3.199822070000000039e-10 3.467162109999999834e-10 3.746441489999999958e-10 4.037535309999999785e-10 4.340285629999999777e-10 4.654501229999999798e-10 4.979958670000000110e-10 5.316402869999999513e-10 5.663550179999999509e-10 6.021086960000000249e-10 6.388671809999999816e-10 6.765939479999999654e-10 7.152498040000000019e-10 7.547935610000000186e-10 7.951819200000000106e-10 8.363697510000000465e-10 8.783102579999999702e-10 9.209553119999999741e-10 9.642556750000000044e-10 1.008160889999999995e-09 1.052620100000000063e-09 1.097581580000000057e-09 1.142993699999999938e-09 1.188804170000000036e-09 1.234961359999999900e-09 1.281413530000000033e-09 1.328109729999999911e-09 1.374999449999999936e-09 1.422033050000000041e-09 1.469161899999999904e-09 1.516338500000000099e-09 1.563516540000000090e-09 1.610651170000000058e-09 1.657698760000000032e-09 1.704617670000000015e-09 1.751367380000000035e-09 1.797909490000000053e-09 1.844207119999999975e-09 1.890225309999999990e-09 1.935930750000000191e-09 1.981292239999999939e-09 2.026280249999999828e-09 2.070866809999999960e-09 2.115026379999999886e-09 2.158734970000000064e-09 2.201970380000000035e-09 2.244711970000000086e-09 2.286941079999999811e-09 2.328640839999999952e-09 2.369795689999999852e-09 2.410391889999999927e-09 2.450417199999999833e-09 2.489860759999999997e-09 2.528713460000000160e-09 2.566966859999999948e-09 2.604614520000000039e-09 2.641651119999999894e-09 2.678072210000000164e-09 2.713874459999999868e-09 2.749055649999999871e-09 2.783615120000000129e-09 2.817552409999999833e-09 2.850867990000000041e-09 2.883563389999999920e-09 2.915641059999999836e-09 2.947103669999999895e-09 2.977954990000000142e-09 3.008199020000000198e-09 3.037840650000000131e-09 3.066884970000000076e-09 3.095337760000000138e-09 3.123205250000000153e-09 3.150493640000000028e-09 3.177209829999999896e-09 3.203361129999999853e-09 3.228954879999999923e-09
1.747550889999999949e-11 2.026885429999999926e-11 2.460054730000000028e-11 3.014018200000000046e-11 3.685420020000000195e-11 4.477576989999999707e-11 5.396025290000000088e-11 6.447074819999999706e-11 7.637209609999999541e-11 8.972796809999999669e-11 1.045992389999999995e-10 1.210430229999999966e-10 1.391120550000000020e-10 1.588541940000000036e-10 1.803121119999999999e-10 2.035230039999999880e-10 2.285183149999999931e-10 2.553236229999999816e-10 2.839583570000000218e-10 3.144358109999999942e-10 3.467628679999999753e-10 3.809401129999999861e-10 4.169616319999999861e-10 4.548151300000000058e-10 4.944819000000000189e-10 5.359368500000000423e-10 5.791488400000000136e-10 6.240805650000000144e-10 6.706888380000000008e-10 7.189249200000000329e-10 7.687346869999999634e-10 8.200590209999999807e-10 8.728339719999999654e-10 9.269913729999999549e-10 9.824590030000000635e-10 1.039161199999999925e-09 1.097019030000000024e-09 1.155951219999999980e-09 1.215873850000000049e-09 1.276701629999999968e-09 1.338347770000000029e-09 1.400724540000000060e-09 1.463744129999999945e-09 1.527318489999999948e-09 1.591360150000000020e-09 1.655782399999999983e-09 1.720499630000000010e-09 1.785427919999999943e-09 1.850485210000000052e-09 1.915591689999999876e-09 1.980669630000000157e-09 2.045644320000000198e-09 2.110443599999999911e-09 2.174998629999999931e-09 2.239243459999999917e-09 2.303115700000000081e-09 2.366556059999999969e-09 2.429508819999999933e-09 2.491921779999999878e-09 2.553746100000000200e-09 2.614936489999999945e-09 2.675450750000000135e-09 2.735250910000000166e-09 2.794301680000000202e-09 2.852570850000000068e-09 2.910030219999999874e-09 2.966653810000000105e-09 3.022418979999999997e-09 3.077305970000000034e-09 3.131297890000000043e-09 3.184380089999999903e-09 3.236540590000000015e-09 3.287770059999999968e-09 3.338060719999999847e-09 3.387407470000000093e-09 3.435806969999999890e-09 3.483257899999999977e-09 3.529760259999999938e-09 3.575315820000000007e-09 3.619928139999999913e-09 3.663601639999999907e-09 3.706342120000000183e-09 3.748156900000000263e-09 3.789054400000000018e-09 3.829042860000000171e-09 3.868132479999999840e-09 3.906333919999999774e-09 3.943658290000000041e-09 3.980118010000000134e-09 4.015725090000000407e-09 4.050492389999999831e-09 4.084433679999999982e-09 4.117561850000000172e-09 4.149891540000000271e-09 4.181436530000000038e-09 4.212211019999999865e-09 4.242229679999999961e-09 4.271506700000000051e-09 4.300056760000000184e-09 4.327894929999999868e-09
2.382517100000000093e-11 2.795791900000000032e-11 3.439968799999999966e-11 4.271619169999999771e-11 5.288487009999999946e-11 6.497401920000000302e-11 7.908057540000000247e-11 9.530999600000000254e-11 1.137678079999999997e-10 1.345554360000000006e-10 1.577677849999999961e-10 1.834917629999999945e-10 2.118052540000000035e-10 2.427762709999999871e-10 2.764624089999999828e-10 3.129103639999999857e-10 3.521554439999999827e-10 3.942213780000000168e-10 4.391199899999999859e-10 4.868511150000000339e-10 5.374023999999999639e-10 5.907494490000000395e-10 6.468559579999999829e-10 7.056736860000000254e-10 7.671430160000000349e-10 8.311930590000000415e-10 8.977424359999999780e-10 9.666994979999999366e-10 1.037963270000000093e-09 1.111423840000000019e-09 1.186963310000000066e-09 1.264456869999999907e-09 1.343773089999999913e-09 1.424775300000000069e-09 1.507322490000000051e-09 1.591270000000000027e-09 1.676470740000000093e-09 1.762775930000000054e-09 1.850036120000000038e-09 1.938102350000000084e-09 2.026826039999999854e-09 2.116061549999999906e-09 2.205664539999999970e-09 2.295495349999999948e-09 2.385416980000000008e-09 2.475297740000000193e-09 2.565010649999999811e-09 2.654434229999999925e-09 2.743452800000000140e-09 2.831956230000000173e-09 2.919841480000000100e-09 3.007011080000000200e-09 3.093374890000000111e-09 3.178848520000000064e-09 3.263354480000000008e-09 3.346822150000000094e-09 3.429186929999999998e-09 3.510390199999999974e-09 3.590380219999999908e-09 3.669110569999999808e-09 3.746540410000000140e-09 3.822635100000000036e-09 3.897364649999999695e-09 3.970703769999999991e-09 4.042632899999999816e-09 4.113136049999999697e-09 4.182201250000000287e-09 4.249821379999999646e-09 4.315991560000000024e-09 4.380711789999999767e-09 4.443984290000000077e-09 4.505813500000000056e-09 4.566207860000000076e-09 4.625177570000000080e-09 4.682734200000000119e-09 4.738892830000000365e-09 4.793668569999999680e-09 4.847079630000000395e-09 4.899144200000000201e-09 4.949882279999999685e-09 4.999315629999999826e-09 5.047465109999999665e-09 5.094354270000000090e-09 5.140006200000000357e-09 5.184444430000000024e-09 5.227692950000000287e-09 5.269777060000000111e-09 5.310720310000000388e-09 5.350548450000000225e-09 5.389285910000000297e-09 5.426957109999999785e-09 5.463587800000000281e-09 5.499201980000000335e-09 5.533824069999999958e-09 5.567478480000000146e-09 5.600188760000000136e-09 5.631978879999999792e-09 5.662872390000000005e-09 5.692891939999999723e-09 5.722060159999999873e-09
3.239325129999999704e-11 3.863576470000000287e-11 4.835802239999999731e-11 6.100756709999999905e-11 7.659595179999999517e-11 9.525589350000000035e-11 1.171550770000000072e-10 1.424681209999999947e-10 1.713647699999999910e-10 2.040037310000000082e-10 2.405291239999999810e-10 2.810681690000000143e-10 3.257293600000000143e-10 3.746012389999999761e-10 4.277513619999999941e-10 4.852255820000000356e-10 5.470473519999999582e-10 6.132173659999999689e-10 6.837136410000000373e-10 7.584911589999999867e-10 8.374823609999999989e-10 9.205975979999999761e-10 1.007725679999999981e-09 1.098735099999999961e-09 1.193474650000000050e-09 1.291774909999999928e-09 1.393449909999999993e-09 1.498298489999999980e-09 1.606106139999999916e-09 1.716646819999999960e-09 1.829684960000000003e-09 1.944977290000000168e-09 2.062275020000000187e-09 2.181325560000000026e-09 2.301874690000000041e-09 2.423668159999999834e-09 2.546454380000000104e-09 2.669984459999999930e-09 2.794015240000000131e-09 2.918310040000000206e-09 3.042640139999999952e-09 3.166785500000000200e-09 3.290536070000000166e-09 3.413693110000000026e-09 3.536068099999999985e-09 3.657485430000000065e-09 3.777781199999999718e-09 3.896802879999999621e-09 4.014412360000000169e-09 4.130482620000000080e-09 4.244898209999999774e-09 4.357556979999999776e-09 4.468368339999999996e-09 4.577251469999999815e-09 4.684137969999999764e-09 4.788969669999999830e-09 4.891696829999999706e-09 4.992279919999999696e-09 5.090688759999999776e-09 5.186900240000000187e-09 5.280898829999999785e-09 5.372676969999999634e-09 5.462232440000000185e-09 5.549569250000000068e-09 5.634696709999999604e-09 5.717629479999999993e-09 5.798386220000000400e-09 5.876989119999999791e-09 5.953463939999999596e-09 6.027840449999999875e-09 6.100150159999999753e-09 6.170426839999999738e-09 6.238706000000000232e-09 6.305026279999999653e-09 6.369425880000000255e-09 6.431944749999999881e-09 6.492624659999999937e-09 6.551506450000000370e-09 6.608632309999999907e-09 6.664044870000000059e-09 6.717786769999999695e-09 6.769899310000000401e-09 6.820426000000000163e-09 6.869408150000000404e-09 6.916887510000000371e-09 6.962904920000000013e-09 7.007501249999999619e-09 7.050716899999999661e-09 7.092590510000000214e-09 7.133160730000000362e-09 7.172465730000000362e-09 7.210542830000000200e-09 7.247427989999999591e-09 7.283156299999999962e-09 7.317763279999999896e-09 7.351282249999999758e-09 7.383745609999999950e-09 7.415186239999999703e-09 7.445634779999999851e-09 7.475121850000000725e-09
4.405809399999999921e-11 5.367989729999999794e-11 6.857582560000000456e-11 8.807436720000000006e-11 1.122670709999999995e-10 1.414018899999999901e-10 1.757647079999999994e-10 2.156406300000000062e-10 2.612972340000000109e-10 3.129757010000000076e-10 3.708852389999999964e-10 4.351994319999999891e-10 5.060535320000000226e-10 5.835422149999999752e-10 6.677181589999999735e-10 7.585912450000000282e-10 8.561276690000000383e-10 9.602504350000000435e-10 1.070839420000000100e-09 1.187732800000000057e-09 1.310728410000000032e-09 1.439585780000000008e-09 1.574028800000000023e-09 1.713748369999999978e-09 1.858406099999999994e-09 2.007637609999999804e-09 2.161056669999999828e-09 2.318258919999999961e-09 2.478826479999999840e-09 2.642331459999999798e-09 2.808340889999999873e-09 2.976420439999999836e-09 3.146138019999999922e-09 3.317067509999999871e-09 3.488792139999999922e-09 3.660907800000000050e-09 3.833025009999999844e-09 4.004772069999999932e-09 4.175796150000000007e-09 4.345764640000000088e-09 4.514368430000000238e-09 4.681319780000000386e-09 4.846354430000000005e-09 5.009233029999999724e-09 5.169737530000000346e-09 5.327675189999999822e-09 5.482873710000000303e-09 5.635184759999999670e-09 5.784479560000000382e-09 5.930650189999999800e-09 6.073607390000000242e-09 6.213280109999999738e-09 6.349614169999999713e-09 6.482570039999999641e-09 6.612123289999999677e-09 6.738262389999999949e-09 6.860987779999999936e-09 6.980310550000000031e-09 7.096251589999999613e-09 7.208840640000000055e-09 7.318114559999999708e-09 7.424116880000000372e-09 7.526898220000000479e-09 7.626512750000000424e-09 7.723019559999999356e-09 7.816481680000000327e-09 7.906963969999999860e-09 7.994534810000000230e-09 8.079263480000000691e-09 8.161221029999999904e-09 8.240480300000000574e-09 8.317113220000000319e-09 8.391191739999999740e-09 8.462789580000000500e-09 8.531977789999999605e-09 8.598829199999999922e-09 8.663413989999999338e-09 8.725802299999999697e-09 8.786062539999999481e-09 8.844263100000000802e-09 8.900467920000000222e-09 8.954743610000000608e-09 9.007153249999999240e-09 9.057758099999999764e-09 9.106617679999999314e-09 9.153790609999999704e-09 9.199334630000000479e-09 9.243303899999999712e-09 9.285751719999999507e-09 9.326731390000000309e-09 9.366291740000000643e-09 9.404482530000000491e-09 9.441349039999999728e-09 9.476939229999999415e-09 9.511294860000000289e-09 9.544459449999999351e-09 9.576474719999999641e-09 9.607378889999999778e-09 9.637211029999999477e-09 9.666007550000000254e-09
6.013808900000000051e-11 7.523551920000000165e-11 9.838917870000000310e-11 1.288382180000000096e-10 1.668392510000000030e-10 2.128403149999999930e-10 2.673195829999999862e-10 3.307320530000000200e-10 4.034858280000000157e-10 4.859290190000000307e-10 5.783413190000000342e-10 6.809282030000000236e-10 7.938165129999999502e-10 9.170519340000000460e-10 1.050597279999999951e-09 1.194332189999999985e-09 1.348053999999999944e-09 1.511480159999999923e-09 1.684251630000000075e-09 1.865936959999999972e-09 2.056038450000000194e-09 2.253998769999999972e-09 2.459207949999999998e-09 2.671012300000000177e-09 2.888721930000000045e-09 3.111620070000000161e-09 3.338971990000000076e-09 3.570034049999999974e-09 3.804061510000000102e-09 4.040316969999999905e-09 4.278077000000000053e-09 4.516640839999999841e-09 4.755333020000000174e-09 4.993511830000000145e-09 5.230570639999999607e-09 5.465944139999999673e-09 5.699107409999999608e-09 5.929579940000000261e-09 6.156925639999999764e-09 6.380753700000000264e-09 6.600717750000000039e-09 6.816513579999999887e-09 7.027880500000000090e-09 7.234596920000000154e-09 7.436481209999999753e-09 7.633385480000000382e-09 7.825197379999999315e-09 8.011833859999999857e-09 8.193241639999999580e-09 8.369393180000000295e-09 8.540284039999999594e-09 8.705931980000000490e-09 8.866370749999999680e-09 9.021653649999999266e-09 9.171845509999999565e-09 9.317026260000000744e-09 9.457284729999999191e-09 9.592719510000000028e-09 9.723434499999999982e-09 9.849543400000000553e-09 9.971159900000000099e-09 1.008840569999999936e-08 1.020140240000000071e-08 1.031027350000000050e-08 1.041514430000000062e-08 1.051613909999999934e-08 1.061338219999999988e-08 1.070699710000000026e-08 1.079710720000000009e-08 1.088383070000000068e-08 1.096728660000000024e-08 1.104759039999999920e-08 1.112485480000000039e-08 1.119919089999999954e-08 1.127070529999999918e-08 1.133950269999999960e-08 1.140568440000000001e-08 1.146934810000000012e-08 1.153058890000000046e-08 1.158949999999999932e-08 1.164616759999999935e-08 1.170067950000000043e-08 1.175311670000000023e-08 1.180355989999999969e-08 1.185208549999999998e-08 1.189876639999999953e-08 1.194367449999999975e-08 1.198687730000000066e-08 1.202844050000000004e-08 1.206842709999999976e-08 1.210689769999999930e-08 1.214390990000000048e-08 1.217951959999999960e-08 1.221378110000000075e-08 1.224674409999999990e-08 1.227845829999999968e-08 1.230897070000000016e-08 1.233832769999999961e-08 1.236657179999999998e-08 1.239374379999999940e-08
8.264067209999999546e-11 1.066769659999999936e-10 1.431441770000000100e-10 1.912799220000000043e-10 2.516542529999999977e-10 3.250506250000000228e-10 4.122474580000000171e-10 5.139450529999999745e-10 6.307316889999999889e-10 7.630640010000000280e-10 9.112543499999999718e-10 1.075462269999999903e-09 1.255689109999999999e-09 1.451776479999999959e-09 1.663406749999999944e-09 1.890107180000000053e-09 2.131257609999999838e-09 2.386099539999999875e-09 2.653748549999999809e-09 2.933210120000000169e-09 3.223395110000000193e-09 3.523137779999999929e-09 3.831214900000000370e-09 4.146364590000000119e-09 4.467305190000000238e-09 4.792753750000000387e-09 5.121441939999999592e-09 5.452132520000000338e-09 5.783633570000000200e-09 6.114808659999999719e-09 6.444588419999999965e-09 6.771977200000000366e-09 7.096059300000000189e-09 7.416002030000000184e-09 7.731059349999999770e-09 8.040568210000000171e-09 8.343953969999999196e-09 8.640721919999999783e-09 8.930456369999999952e-09 9.212817179999999471e-09 9.487534310000000601e-09 9.754405279999999680e-09 1.001328349999999944e-08 1.026407940000000062e-08 1.050675280000000000e-08 1.074130650000000012e-08 1.096778219999999940e-08 1.118625550000000043e-08 1.139683190000000043e-08 1.159964040000000082e-08 1.179483270000000034e-08 1.198257669999999956e-08 1.216305460000000032e-08 1.233645989999999978e-08 1.250299509999999962e-08 1.266286719999999966e-08 1.281628940000000002e-08 1.296347559999999941e-08 1.310464090000000023e-08 1.324000019999999984e-08 1.336976489999999945e-08 1.349414620000000021e-08 1.361335040000000007e-08 1.372757910000000040e-08 1.383702929999999950e-08 1.394189469999999956e-08 1.404236110000000024e-08 1.413860849999999936e-08 1.423081390000000041e-08 1.431914500000000060e-08 1.440376619999999939e-08 1.448483290000000001e-08 1.456249699999999958e-08 1.463690409999999985e-08 1.470819380000000065e-08 1.477649819999999943e-08 1.484194550000000065e-08 1.490466060000000112e-08 1.496475649999999881e-08 1.502234959999999939e-08 1.507754630000000038e-08 1.513044800000000102e-08 1.518115409999999990e-08 1.522975519999999945e-08 1.527634369999999932e-08 1.532100489999999860e-08 1.536381870000000123e-08 1.540486320000000070e-08 1.544421120000000034e-08 1.548193750000000085e-08 1.551810589999999940e-08 1.555278220000000042e-08 1.558602849999999890e-08 1.561790159999999969e-08 1.564845850000000113e-08 1.567775240000000032e-08 1.570583659999999935e-08 1.573275549999999915e-08 1.575855889999999905e-08 1.578328759999999882e-08
1.146527250000000023e-10 1.533502350000000055e-10 2.114641520000000050e-10 2.884174569999999966e-10 3.853379840000000099e-10 5.035464820000000069e-10 6.442612550000000137e-10 8.084971029999999883e-10 9.970162469999999454e-10 1.210299530000000024e-09 1.448529069999999953e-09 1.711578430000000035e-09 1.999011619999999882e-09 2.310089010000000172e-09 2.643780080000000092e-09 2.998784550000000064e-09 3.373558320000000045e-09 3.766346350000000001e-09 4.175218839999999777e-09 4.598110780000000121e-09 5.032863459999999624e-09 5.477263529999999973e-09 5.929086109999999675e-09 6.386129399999999965e-09 6.846249349999999803e-09 7.307389799999999866e-09 7.767607889999999721e-09 8.225092610000000436e-09 8.678180840000000755e-09 9.125367129999999720e-09 9.565311209999999731e-09 9.996836250000000030e-09 1.041892969999999962e-08 1.083073900000000068e-08 1.123156150000000010e-08 1.162083850000000010e-08 1.199814470000000077e-08 1.236317360000000034e-08 1.271573159999999998e-08 1.305572089999999995e-08 1.338313369999999940e-08 1.369803470000000078e-08 1.400055720000000023e-08 1.429088580000000038e-08 1.456925690000000046e-08 1.483594050000000052e-08 1.509124030000000143e-08 1.533548219999999953e-08 1.556900920000000159e-08 1.579218359999999903e-08 1.600536589999999923e-08 1.620892929999999873e-08 1.640324500000000005e-08 1.658868069999999965e-08 1.676560399999999888e-08 1.693437389999999971e-08 1.709534379999999897e-08 1.724885480000000117e-08 1.739524079999999860e-08 1.753482690000000059e-08 1.766792220000000146e-08 1.779483049999999877e-08 1.791583949999999988e-08 1.803122450000000154e-08 1.814125559999999888e-08 1.824618319999999891e-08 1.834625430000000096e-08 1.844169789999999863e-08 1.853273800000000045e-08 1.861958409999999875e-08 1.870243689999999962e-08 1.878148840000000139e-08 1.885691959999999890e-08 1.892890290000000077e-08 1.899760530000000069e-08 1.906317949999999935e-08 1.912577470000000131e-08 1.918553140000000006e-08 1.924258439999999887e-08 1.929705819999999937e-08 1.934907349999999870e-08 1.939874570000000053e-08 1.944618159999999922e-08 1.949148400000000105e-08 1.953475070000000083e-08 1.957607589999999878e-08 1.961554300000000165e-08 1.965323900000000077e-08 1.968924219999999960e-08 1.972362719999999875e-08 1.975646489999999932e-08 1.978782470000000028e-08 1.981776880000000159e-08 1.984635919999999985e-08 1.987365290000000002e-08 1.989970679999999870e-08 1.992457220000000069e-08 1.994830080000000095e-08 1.997093689999999871e-08 1.999252849999999934e-08
1.609576079999999948e-10 2.237738469999999976e-10 3.173250830000000158e-10 4.415633140000000114e-10 5.985509310000000176e-10 7.904165100000000106e-10 1.018952370000000096e-09 1.285472730000000072e-09 1.590743089999999940e-09 1.934942649999999955e-09 2.317647189999999843e-09 2.737831299999999841e-09 3.193889820000000046e-09 3.683676470000000034e-09 4.204558040000000167e-09 4.753484269999999798e-09 5.327067229999999748e-09 5.921666270000000015e-09 6.533481309999999904e-09 7.158639459999999666e-09 7.793278910000000104e-09 8.433630679999999682e-09 9.076080329999999973e-09 9.717228800000000399e-09 1.035393460000000027e-08 1.098334490000000057e-08 1.160292039999999918e-08 1.221043890000000076e-08 1.280399959999999991e-08 1.338201460000000001e-08 1.394319590000000075e-08 1.448653550000000012e-08 1.501128290000000040e-08 1.551692459999999838e-08 1.600315609999999956e-08 1.646985659999999854e-08 1.691706510000000111e-08 1.734495749999999883e-08 1.775382859999999965e-08 1.814406229999999856e-08 1.851612020000000043e-08 1.887052830000000088e-08 1.920785129999999959e-08 1.952869509999999946e-08 1.983368139999999849e-08 2.012344959999999866e-08 2.039863920000000035e-08 2.065989509999999903e-08 2.090784970000000107e-08 2.114312809999999895e-08 2.136633799999999943e-08 2.157807440000000028e-08 2.177890929999999855e-08 2.196939519999999997e-08 2.215006309999999843e-08 2.232142289999999931e-08 2.248396139999999897e-08 2.263814380000000013e-08 2.278441079999999933e-08 2.292318510000000063e-08 2.305486290000000128e-08 2.317982609999999894e-08 2.329843159999999985e-08 2.341102069999999865e-08 2.351791300000000128e-08 2.361941220000000031e-08 2.371580619999999984e-08 2.380736669999999880e-08 2.389434610000000155e-08 2.397698750000000121e-08 2.405551850000000084e-08 2.413015389999999944e-08 2.420109620000000034e-08 2.426853560000000132e-08 2.433265319999999888e-08 2.439361960000000109e-08 2.445159279999999876e-08 2.450672380000000031e-08 2.455915830000000091e-08 2.460902769999999943e-08 2.465646000000000028e-08 2.470157410000000000e-08 2.474448559999999904e-08 2.478529910000000097e-08 2.482411610000000009e-08 2.486103059999999990e-08 2.489613489999999839e-08 2.492951270000000073e-08 2.496124550000000147e-08 2.499140810000000129e-08 2.502007129999999961e-08 2.504730649999999932e-08 2.507317730000000085e-08 2.509774430000000036e-08 2.512106429999999941e-08 2.514319240000000067e-08 2.516418359999999851e-08 2.518408239999999886e-08 2.520294020000000154e-08 2.522079790000000141e-08
2.290242860000000067e-10 3.315981099999999792e-10 4.834651010000000207e-10 6.856799020000000122e-10 9.417703280000000815e-10 1.254958250000000038e-09 1.627603940000000020e-09 2.061006029999999996e-09 2.555309519999999866e-09 3.109474230000000042e-09 3.721289939999999814e-09 4.387439740000000392e-09 5.103603320000000350e-09 5.864598579999999665e-09 6.664550689999999669e-09 7.497084729999999280e-09 8.355518940000000355e-09 9.233064980000000224e-09 1.012300729999999973e-08 1.101886760000000008e-08 1.191453869999999968e-08 1.280439580000000048e-08 1.368337089999999995e-08 1.454700270000000036e-08 1.539145520000000148e-08 1.621351940000000112e-08 1.701059200000000155e-08 1.778064100000000025e-08 1.852216340000000115e-08 1.923413069999999903e-08 1.991593379999999987e-08 2.056733450000000055e-08 2.118840569999999950e-08 2.177948309999999948e-08 2.234111739999999905e-08 2.287403160000000036e-08 2.337908360000000061e-08 2.385723089999999898e-08 2.430950550000000016e-08 2.473698399999999995e-08 2.514077660000000151e-08 2.552199520000000029e-08 2.588175360000000062e-08 2.622114970000000008e-08 2.654125629999999987e-08 2.684311799999999879e-08 2.712774010000000132e-08 2.739609609999999848e-08 2.764910969999999853e-08 2.788766910000000005e-08 2.811261619999999843e-08 2.832474699999999928e-08 2.852481980000000111e-08 2.871355060000000057e-08 2.889160910000000103e-08 2.905963470000000116e-08 2.921822250000000043e-08 2.936793560000000131e-08 2.950929810000000047e-08 2.964280729999999927e-08 2.976892869999999886e-08 2.988809560000000006e-08 3.000071659999999745e-08 3.010717360000000193e-08 3.020782909999999837e-08 3.030300989999999829e-08 3.039303919999999884e-08 3.047820839999999696e-08 3.055879110000000045e-08 3.063504649999999930e-08 3.070721990000000056e-08 3.077553499999999778e-08 3.084020510000000107e-08 3.090142900000000099e-08 3.095939859999999751e-08 3.101428450000000200e-08 3.106625360000000313e-08 3.111545870000000331e-08 3.116204890000000207e-08 3.120615230000000221e-08 3.124790740000000320e-08 3.128742780000000155e-08 3.132482720000000208e-08 3.136021579999999689e-08 3.139369300000000114e-08 3.142534769999999849e-08 3.145527570000000294e-08 3.148355889999999924e-08 3.151027529999999901e-08 3.153549950000000287e-08 3.155930270000000044e-08 3.158175230000000327e-08 3.160290869999999752e-08 3.162282880000000300e-08 3.164157649999999872e-08 3.165919440000000155e-08 3.167574289999999767e-08 3.169126119999999957e-08 3.170579890000000322e-08 3.171939870000000071e-08
3.306160620000000059e-10 4.988325309999999662e-10 7.470134509999999960e-10 1.078189090000000057e-09 1.497982290000000100e-09 2.010796640000000050e-09 2.619038540000000202e-09 3.322852440000000072e-09 4.120045190000000343e-09 5.006135949999999787e-09 5.974524870000000149e-09 7.016756069999999733e-09 8.122871260000000332e-09 9.281815320000000356e-09 1.048187310000000007e-08 1.171110229999999930e-08 1.295773980000000073e-08 1.421055009999999952e-08 1.545911310000000097e-08 1.669403639999999883e-08 1.790708379999999972e-08 1.909125480000000051e-08 2.024078150000000056e-08 2.135109689999999986e-08 2.241875309999999949e-08 2.344131820000000012e-08 2.441726819999999901e-08 2.534585700000000151e-08 2.622700459999999868e-08 2.706117459999999933e-08 2.784927129999999890e-08 2.859254700000000119e-08 2.929251329999999837e-08 2.995086850000000075e-08 3.056944209999999763e-08 3.115014380000000052e-08 3.169490630000000182e-08 3.220568350000000069e-08 3.268438680000000092e-08 3.313289550000000106e-08 3.355303239999999982e-08 3.394653799999999782e-08 3.431508939999999861e-08 3.466027109999999940e-08 3.498359650000000286e-08 3.528648660000000204e-08 3.557028089999999876e-08 3.583623349999999742e-08 3.608552750000000291e-08 3.631926400000000061e-08 3.653847709999999758e-08 3.674412600000000179e-08 3.693710579999999913e-08 3.711825510000000215e-08 3.728834840000000132e-08 3.744811040000000100e-08 3.759821610000000130e-08 3.773929079999999805e-08 3.787191360000000215e-08 3.799663160000000106e-08 3.811394219999999782e-08 3.822431439999999966e-08 3.832818510000000192e-08 3.842595929999999805e-08 3.851801009999999945e-08 3.860469280000000192e-08 3.868633060000000261e-08 3.876322909999999966e-08 3.883566889999999981e-08 3.890391299999999757e-08 3.896821350000000215e-08 3.902879089999999947e-08 3.908586880000000125e-08 3.913963910000000085e-08 3.919029009999999705e-08 3.923799950000000186e-08 3.928292709999999672e-08 3.932522219999999779e-08 3.936503749999999916e-08 3.940249729999999909e-08 3.943772949999999699e-08 3.947085150000000051e-08 3.950197319999999670e-08 3.953119790000000030e-08 3.955862129999999714e-08 3.958433579999999682e-08 3.960842679999999679e-08 3.963097230000000207e-08 3.965205050000000118e-08 3.967173259999999697e-08 3.969008589999999930e-08 3.970717090000000266e-08 3.972304439999999868e-08 3.973777040000000114e-08 3.975139860000000106e-08 3.976397520000000326e-08 3.977555000000000044e-08 3.978616900000000065e-08 3.979587499999999768e-08 3.980470350000000119e-08
4.844294969999999628e-10 7.611957730000000275e-10 1.168811599999999910e-09 1.713443170000000090e-09 2.403247379999999856e-09 3.243083580000000162e-09 4.233450029999999613e-09 5.370223820000000153e-09 6.644779390000000263e-09 8.044398920000000207e-09 9.552928229999999368e-09 1.115161920000000057e-08 1.282007920000000041e-08 1.453724339999999958e-08 1.628229639999999835e-08 1.803545579999999875e-08 1.977861609999999968e-08 2.149577400000000014e-08 2.317329439999999966e-08 2.480000380000000160e-08 2.636714139999999921e-08 2.786821090000000119e-08 2.929877500000000091e-08 3.065618509999999781e-08 3.193932590000000197e-08 3.314832500000000113e-08 3.428433359999999829e-08 3.534927019999999787e-08 3.634563940000000087e-08 3.727635799999999739e-08 3.814460920000000292e-08 3.895373979999999905e-08 3.970714599999999969e-08 4.040823849999999853e-08 4.106034980000000074e-08 4.166671990000000019e-08 4.223046449999999914e-08 4.275454299999999795e-08 4.324176219999999800e-08 4.369476869999999923e-08 4.411603880000000189e-08 4.450789249999999774e-08 4.487248259999999806e-08 4.521181649999999755e-08 4.552775580000000068e-08 4.582202349999999753e-08 4.609621480000000028e-08 4.635180060000000302e-08 4.659013799999999994e-08 4.681249170000000212e-08 4.702000920000000310e-08 4.721376709999999867e-08 4.739474239999999917e-08 4.756385149999999893e-08 4.772192599999999835e-08 4.786974019999999776e-08 4.800800820000000144e-08 4.813738739999999728e-08 4.825848169999999745e-08 4.837185230000000219e-08 4.847801799999999818e-08 4.857745489999999991e-08 4.867061069999999951e-08 4.875789369999999978e-08 4.883967720000000224e-08 4.891631629999999932e-08 4.898813439999999817e-08 4.905543350000000239e-08 4.911849419999999888e-08 4.917757219999999800e-08 4.923291640000000134e-08 4.928473980000000070e-08 4.933325930000000070e-08 4.937866650000000286e-08 4.942113920000000099e-08 4.946084789999999816e-08 4.949794890000000283e-08 4.953258430000000239e-08 4.956489969999999694e-08 4.959501250000000074e-08 4.962304699999999882e-08 4.964911680000000092e-08 4.967332149999999909e-08 4.969575679999999902e-08 4.971651890000000159e-08 4.973569289999999919e-08 4.975335700000000021e-08 4.976958579999999864e-08 4.978445390000000173e-08 4.979802529999999678e-08 4.981036380000000083e-08 4.982152649999999734e-08 4.983157000000000104e-08 4.984054769999999917e-08 4.984850580000000316e-08 4.985549040000000288e-08 4.986154779999999820e-08 4.986672049999999771e-08 4.987104420000000121e-08 4.987456139999999743e-08
7.204326580000000356e-10 1.176985400000000070e-09 1.848804109999999972e-09 2.746322719999999796e-09 3.879562889999999630e-09 5.250764710000000273e-09 6.853098529999999699e-09 8.670792969999999374e-09 1.068007280000000039e-08 1.285071520000000060e-08 1.514802510000000077e-08 1.753500279999999876e-08 1.997447010000000002e-08 2.243094419999999957e-08 2.487211499999999957e-08 2.726987169999999914e-08 2.960084799999999936e-08 3.184657869999999695e-08 3.399331309999999762e-08 3.603163279999999675e-08 3.795587840000000015e-08 3.976357379999999773e-08 4.145482180000000239e-08 4.303171859999999744e-08 4.449786670000000134e-08 4.585793079999999722e-08 4.711729319999999848e-08 4.828174130000000041e-08 4.935725780000000262e-08 5.034985049999999788e-08 5.126540610000000154e-08 5.210962680000000156e-08 5.288794469999999743e-08 5.360549689999999717e-08 5.426710460000000239e-08 5.487726899999999871e-08 5.544015379999999820e-08 5.595961739999999995e-08 5.643921240000000154e-08 5.688221090000000212e-08 5.729160429999999903e-08 5.767014599999999980e-08 5.802034409999999825e-08 5.834450079999999704e-08 5.864471929999999824e-08 5.892291449999999850e-08 5.918084160000000146e-08 5.942010620000000278e-08 5.964216850000000140e-08 5.984837509999999976e-08 6.003993749999999856e-08 6.021797820000000658e-08 6.038352040000000587e-08 6.053750209999999764e-08 6.068078310000000121e-08 6.081413770000000367e-08 6.093830510000000242e-08 6.105392459999999778e-08 6.116162150000000542e-08 6.126195020000000356e-08 6.135541500000000572e-08 6.144249199999999988e-08 6.152361460000000176e-08 6.159918800000000159e-08 6.166957429999999731e-08 6.173512190000000072e-08 6.179613620000000001e-08 6.185290859999999870e-08 6.190571609999999578e-08 6.195480039999999716e-08 6.200038880000000414e-08 6.204270160000000589e-08 6.208193779999999637e-08 6.211827500000000571e-08 6.215188359999999560e-08 6.218292729999999339e-08 6.221154789999999467e-08 6.223788769999999681e-08 6.226207460000000585e-08 6.228422220000000506e-08 6.230444429999999431e-08 6.232284729999999429e-08 6.233953089999999874e-08 6.235458019999999341e-08 6.236807339999999993e-08 6.238010999999999543e-08 6.239073970000000401e-08 6.240005489999999558e-08 6.240810540000000255e-08 6.241496209999999624e-08 6.242067490000000414e-08 6.242530760000000356e-08 6.242890290000000648e-08 6.243151060000000560e-08 6.243317330000000457e-08 6.243394070000000104e-08 6.243385539999999866e-08 6.243294589999999494e-08 6.243124769999999955e-08 6.242880349999999795e-08
1.086983499999999982e-09 1.841708669999999909e-09 2.951213049999999924e-09 4.430110939999999759e-09 6.286104079999999601e-09 8.509909220000000281e-09 1.107441159999999929e-08 1.393654610000000023e-08 1.704083270000000146e-08 2.032393099999999840e-08 2.371953119999999943e-08 2.716291550000000096e-08 3.059469479999999899e-08 3.396343470000000237e-08 3.722709249999999782e-08 4.035340600000000114e-08 4.331947070000000180e-08 4.611075609999999846e-08 4.871984060000000098e-08 5.114504380000000309e-08 5.338909760000000050e-08 5.545797420000000106e-08 5.735986259999999801e-08 5.910437300000000083e-08 6.070186490000000147e-08 6.216298940000000540e-08 6.349831949999999817e-08 6.471810110000000168e-08 6.583209710000000628e-08 6.684950899999999872e-08 6.777888469999999564e-08 6.862813250000000170e-08 6.940449989999999620e-08 7.011463770000000149e-08 7.076458530000000053e-08 7.135983540000000220e-08 7.190536880000000605e-08 7.240570449999999346e-08 7.286492120000000564e-08 7.328670649999999385e-08 7.367438570000000068e-08 7.403098579999999512e-08 7.435922100000000526e-08 7.466155689999999653e-08 7.494021050000000394e-08 7.519720670000000629e-08 7.543437160000000500e-08 7.565334669999999889e-08 7.585563109999999434e-08 7.604258910000000109e-08 7.621545709999999636e-08 7.637535049999999492e-08 7.652329969999999434e-08 7.666022130000000558e-08 7.678696790000000595e-08 7.690430690000000514e-08 7.701294889999999477e-08 7.711354040000000389e-08 7.720666419999999992e-08 7.729286720000000002e-08 7.737263269999999447e-08 7.744641550000000253e-08 7.751464179999999792e-08 7.757768120000000581e-08 7.763588879999999879e-08 7.768959159999999837e-08 7.773908810000000210e-08 7.778464099999999942e-08 7.782651319999999638e-08 7.786493939999999997e-08 7.790013260000000198e-08 7.793229170000000130e-08 7.796160159999999897e-08 7.798823280000000466e-08 7.801234859999999931e-08 7.803409119999999845e-08 7.805359560000000211e-08 7.807099679999999708e-08 7.808641559999999539e-08 7.809994429999999834e-08 7.811170379999999980e-08 7.812178640000000107e-08 7.813027740000000453e-08 7.813725489999999703e-08 7.814281130000000139e-08 7.814701059999999832e-08 7.814991679999999498e-08 7.815160069999999409e-08 7.815212650000000619e-08 7.815153679999999523e-08 7.814989540000000470e-08 7.814725219999999593e-08 7.814364979999999902e-08 7.813913069999999610e-08 7.813373769999999419e-08 7.812751330000000188e-08 7.812049320000000574e-08 7.811270560000000482e-08 7.810419330000000615e-08 7.809497760000000494e-08
1.662482150000000098e-09 2.912018629999999936e-09 4.745103870000000161e-09 7.175818159999999807e-09 1.019618789999999946e-08 1.376352719999999986e-08 1.780275129999999914e-08 2.221394089999999896e-08 2.688264900000000052e-08 3.169084909999999890e-08 3.652674959999999970e-08 4.129212529999999868e-08 4.590675569999999862e-08 5.030997839999999826e-08 5.446005249999999783e-08 5.833202719999999790e-08 6.191484660000000292e-08 6.520828319999999496e-08 6.822001810000000552e-08 7.096316779999999548e-08 7.345420979999999458e-08 7.571144780000000258e-08 7.775382469999999801e-08 7.960011320000000109e-08 8.126840359999999981e-08 8.277572759999999873e-08 8.413790199999999730e-08 8.536945019999999626e-08 8.648358120000000088e-08 8.749223919999999704e-08 8.840618900000000167e-08 8.923507980000000029e-08 8.998755159999999423e-08 9.067131400000000588e-08 9.129327340000000009e-08 9.185956879999999821e-08 9.237568580000000188e-08 9.284653400000000119e-08 9.327646920000000489e-08 9.366940649999999544e-08 9.402882740000000233e-08 9.435785839999999815e-08 9.465929909999999522e-08 9.493565759999999398e-08 9.518917919999999714e-08 9.542188909999999516e-08 9.563560610000000534e-08 9.583197879999999401e-08 9.601247090000000591e-08 9.617843230000000648e-08 9.633104979999999683e-08 9.647143169999999773e-08 9.660055869999999589e-08 9.671932590000000368e-08 9.682855760000000426e-08 9.692897860000000370e-08 9.702127099999999609e-08 9.710605300000000313e-08 9.718387870000000458e-08 9.725525269999999917e-08 9.732065819999999534e-08 9.738050720000000532e-08 9.743519059999999654e-08 9.748507780000000404e-08 9.753049570000000134e-08 9.757173559999999692e-08 9.760908879999999926e-08 9.764279700000000105e-08 9.767310870000000373e-08 9.770023010000000356e-08 9.772436730000000172e-08 9.774571199999999479e-08 9.776442059999999955e-08 9.778065650000000521e-08 9.779456889999999977e-08 9.780629990000000373e-08 9.781596330000000373e-08 9.782367980000000349e-08 9.782955600000000061e-08 9.783369850000000590e-08 9.783619959999999420e-08 9.783715170000000157e-08 9.783662590000000270e-08 9.783470029999999768e-08 9.783146029999999718e-08 9.782695539999999548e-08 9.782125689999999711e-08 9.781442149999999863e-08 9.780650600000000491e-08 9.779755319999999652e-08 9.778762690000000371e-08 9.777675559999999752e-08 9.776499609999999606e-08 9.775238400000000405e-08 9.773894760000000240e-08 9.772473669999999705e-08 9.770977979999999874e-08 9.769410520000000161e-08 9.767774860000000545e-08 9.766073819999999609e-08
2.574436220000000174e-09 4.644536759999999805e-09 7.668531590000000453e-09 1.164214589999999948e-08 1.650708010000000089e-08 2.213936409999999918e-08 2.836312870000000026e-08 3.497324390000000154e-08 4.175993240000000299e-08 4.853002619999999690e-08 5.512158200000000128e-08 6.141099360000000437e-08 6.731355029999999705e-08 7.277952820000000566e-08 7.778791660000000465e-08 8.233942589999999546e-08 8.645000799999999911e-08 9.014537740000000206e-08 9.345674809999999516e-08 9.641765790000000529e-08 9.906186450000000205e-08 1.014218970000000034e-07 1.035282509999999963e-07 1.054089509999999954e-07 1.070893700000000057e-07 1.085922750000000022e-07 1.099379430000000065e-07 1.111443100000000054e-07 1.122272340000000048e-07 1.132006700000000030e-07 1.140768899999999944e-07 1.148666799999999961e-07 1.155795250000000041e-07 1.162237669999999975e-07 1.168067309999999986e-07 1.173348920000000034e-07 1.178139400000000060e-07 1.182489130000000043e-07 1.186442590000000000e-07 1.190039280000000016e-07 1.193314030000000043e-07 1.196298029999999933e-07 1.199018980000000111e-07 1.201501480000000080e-07 1.203767400000000030e-07 1.205836639999999885e-07 1.207726830000000070e-07 1.209453590000000073e-07 1.211031280000000102e-07 1.212472679999999932e-07 1.213789320000000093e-07 1.214991410000000035e-07 1.216088629999999933e-07 1.217089220000000031e-07 1.218000990000000072e-07 1.218830899999999892e-07 1.219585359999999981e-07 1.220269889999999979e-07 1.220890059999999975e-07 1.221450389999999954e-07 1.221955300000000068e-07 1.222408909999999909e-07 1.222814629999999936e-07 1.223176010000000057e-07 1.223495900000000020e-07 1.223777280000000050e-07 1.224022550000000116e-07 1.224234300000000085e-07 1.224414489999999919e-07 1.224565119999999992e-07 1.224688189999999883e-07 1.224785389999999898e-07 1.224858149999999931e-07 1.224908030000000081e-07 1.224936309999999964e-07 1.224944269999999987e-07 1.224933040000000014e-07 1.224903769999999981e-07 1.224857440000000002e-07 1.224794910000000021e-07 1.224717039999999981e-07 1.224624670000000016e-07 1.224518510000000057e-07 1.224399430000000082e-07 1.224267829999999954e-07 1.224124589999999953e-07 1.223969969999999965e-07 1.223804699999999989e-07 1.223629339999999941e-07 1.223444310000000019e-07 1.223249909999999990e-07 1.223046700000000030e-07 1.222834950000000061e-07 1.222615250000000106e-07 1.222387880000000121e-07 1.222152970000000049e-07 1.221910959999999897e-07 1.221662270000000130e-07 1.221407049999999969e-07 1.221145420000000114e-07
4.030797919999999604e-09 7.458382359999999806e-09 1.242790849999999947e-08 1.886657760000000048e-08 2.658647519999999991e-08 3.528844769999999687e-08 4.460818559999999777e-08 5.417143000000000057e-08 6.364132329999999941e-08 7.274853430000000058e-08 8.130255220000000301e-08 8.918811289999999559e-08 9.635286349999999713e-08 1.027917879999999968e-07 1.085321059999999961e-07 1.136207430000000029e-07 1.181147339999999971e-07 1.220746100000000010e-07 1.255600069999999930e-07 1.286271920000000125e-07 1.313276100000000111e-07 1.337074589999999916e-07 1.358075960000000110e-07 1.376638610000000064e-07 1.393074599999999924e-07 1.407654649999999962e-07 1.420612820000000078e-07 1.432151610000000040e-07 1.442445669999999965e-07 1.451646199999999879e-07 1.459883950000000002e-07 1.467271890000000115e-07 1.473908359999999869e-07 1.479878479999999927e-07 1.485256859999999886e-07 1.490108160000000043e-07 1.494489229999999891e-07 1.498449790000000060e-07 1.502033630000000049e-07 1.505278960000000029e-07 1.508220039999999869e-07 1.510886700000000045e-07 1.513305820000000126e-07 1.515500680000000122e-07 1.517492479999999909e-07 1.519299959999999966e-07 1.520939889999999984e-07 1.522427200000000121e-07 1.523775380000000079e-07 1.524996380000000061e-07 1.526101130000000010e-07 1.527099300000000064e-07 1.527999840000000132e-07 1.528810430000000014e-07 1.529538450000000012e-07 1.530190450000000063e-07 1.530772240000000067e-07 1.531289230000000061e-07 1.531746250000000096e-07 1.532147710000000023e-07 1.532497719999999926e-07 1.532799979999999994e-07 1.533057769999999949e-07 1.533274199999999954e-07 1.533452120000000024e-07 1.533594229999999896e-07 1.533702659999999884e-07 1.533779819999999996e-07 1.533827570000000096e-07 1.533847889999999956e-07 1.533842209999999999e-07 1.533812370000000016e-07 1.533759790000000129e-07 1.533685609999999975e-07 1.533591249999999939e-07 1.533477839999999885e-07 1.533346390000000036e-07 1.533197890000000013e-07 1.533033329999999967e-07 1.532853420000000089e-07 1.532659010000000023e-07 1.532450970000000012e-07 1.532229849999999935e-07 1.531996359999999985e-07 1.531751079999999882e-07 1.531494430000000093e-07 1.531227270000000030e-07 1.530949869999999880e-07 1.530662669999999914e-07 1.530366230000000047e-07 1.530060840000000007e-07 1.529747070000000009e-07 1.529425189999999973e-07 1.529095359999999951e-07 1.528758130000000085e-07 1.528413799999999874e-07 1.528062650000000070e-07 1.527704969999999872e-07 1.527340879999999980e-07 1.526970689999999930e-07
6.372000259999999834e-09 1.203556280000000064e-08 2.014869339999999885e-08 3.044767279999999735e-08 4.245179499999999940e-08 5.552473329999999859e-08 6.899475120000000348e-08 8.226358969999999789e-08 9.487290949999999457e-08 1.065236289999999990e-07 1.170607929999999954e-07 1.264412499999999941e-07 1.346982120000000075e-07 1.419106039999999988e-07 1.481799789999999974e-07 1.536149199999999905e-07 1.583214699999999897e-07 1.623978529999999923e-07 1.659321209999999954e-07 1.690014809999999902e-07 1.716726810000000122e-07 1.740029350000000022e-07 1.760409130000000099e-07 1.778279709999999966e-07 1.793991230000000001e-07 1.807840420000000062e-07 1.820078519999999902e-07 1.830919270000000091e-07 1.840543860000000121e-07 1.849107319999999879e-07 1.856741819999999973e-07 1.863560609999999876e-07 1.869661329999999876e-07 1.875127679999999985e-07 1.880032409999999935e-07 1.884438629999999959e-07 1.888400899999999978e-07 1.891967120000000108e-07 1.895179199999999911e-07 1.898073520000000065e-07 1.900682490000000083e-07 1.903034670000000067e-07 1.905154929999999973e-07 1.907065719999999976e-07 1.908786800000000020e-07 1.910335639999999952e-07 1.911728020000000103e-07 1.912977869999999918e-07 1.914097819999999948e-07 1.915099259999999952e-07 1.915991990000000012e-07 1.916785239999999992e-07 1.917487249999999871e-07 1.918105430000000060e-07 1.918646430000000065e-07 1.919116099999999930e-07 1.919520260000000121e-07 1.919863730000000124e-07 1.920151080000000105e-07 1.920386410000000112e-07 1.920573420000000069e-07 1.920715529999999941e-07 1.920815859999999928e-07 1.920877389999999988e-07 1.920902549999999935e-07 1.920894019999999962e-07 1.920853659999999934e-07 1.920783749999999916e-07 1.920685969999999915e-07 1.920562059999999889e-07 1.920413690000000073e-07 1.920242309999999904e-07 1.920049190000000017e-07 1.919835460000000013e-07 1.919602540000000012e-07 1.919351289999999959e-07 1.919082850000000018e-07 1.918798060000000060e-07 1.918497650000000085e-07 1.918182729999999886e-07 1.917853610000000057e-07 1.917511409999999896e-07 1.917156419999999927e-07 1.916789500000000092e-07 1.916411210000000041e-07 1.916021829999999995e-07 1.915622079999999919e-07 1.915212380000000013e-07 1.914793159999999984e-07 1.914364990000000046e-07 1.913927859999999900e-07 1.913482490000000038e-07 1.913029169999999926e-07 1.912568170000000012e-07 1.912099780000000025e-07 1.911624419999999901e-07 1.911142249999999955e-07 1.910653540000000109e-07 1.910158720000000068e-07 1.909657780000000062e-07
1.015841279999999994e-08 1.948170509999999898e-08 3.259830809999999909e-08 4.878414470000000009e-08 6.696572539999999410e-08 8.593499960000000142e-08 1.046029469999999934e-07 1.221593919999999948e-07 1.381145010000000060e-07 1.522562630000000114e-07 1.645728819999999962e-07 1.751753440000000090e-07 1.842366690000000010e-07 1.919510589999999984e-07 1.985095539999999923e-07 2.040873990000000111e-07 2.088388980000000087e-07 2.128964520000000012e-07 2.163718879999999909e-07 2.193587390000000052e-07 2.219347829999999888e-07 2.241644949999999904e-07 2.261013209999999939e-07 2.277895700000000054e-07 2.292660500000000057e-07 2.305613830000000086e-07 2.317011650000000076e-07 2.327068389999999922e-07 2.335964239999999989e-07 2.343851409999999994e-07 2.350858919999999969e-07 2.357096350000000104e-07 2.362657339999999941e-07 2.367622330000000109e-07 2.372060379999999922e-07 2.376031029999999900e-07 2.379586020000000057e-07 2.382770389999999927e-07 2.385623359999999903e-07 2.388179609999999791e-07 2.390468689999999844e-07 2.392517330000000147e-07 2.394349109999999944e-07 2.395985059999999818e-07 2.397443100000000187e-07 2.398739699999999916e-07 2.399889350000000215e-07 2.400905709999999814e-07 2.401799579999999774e-07 2.402582309999999973e-07 2.403262440000000157e-07 2.403849069999999983e-07 2.404349570000000247e-07 2.404770779999999818e-07 2.405119230000000151e-07 2.405400040000000230e-07 2.405618600000000021e-07 2.405779750000000139e-07 2.405887470000000198e-07 2.405945449999999821e-07 2.405957670000000209e-07 2.405926690000000061e-07 2.405855920000000100e-07 2.405747920000000084e-07 2.405605240000000262e-07 2.405429879999999949e-07 2.405223819999999974e-07 2.404989350000000174e-07 2.404727869999999805e-07 2.404441089999999774e-07 2.404130729999999970e-07 2.403797620000000226e-07 2.403443489999999935e-07 2.403069459999999984e-07 2.402676389999999788e-07 2.402265409999999738e-07 2.401837659999999736e-07 2.401393429999999775e-07 2.400934140000000241e-07 2.400460349999999989e-07 2.399972630000000027e-07 2.399471839999999771e-07 2.398958540000000192e-07 2.398433030000000262e-07 2.397896139999999813e-07 2.397348449999999893e-07 2.396790249999999964e-07 2.396222099999999941e-07 2.395644569999999773e-07 2.395057659999999989e-07 2.394462230000000005e-07 2.393858269999999783e-07 2.393246349999999802e-07 2.392626470000000064e-07 2.391999489999999981e-07 2.391365110000000055e-07 2.390724209999999770e-07 2.390076470000000084e-07 2.389422489999999997e-07 2.388762539999999960e-07
1.631840090000000134e-08 3.158082509999999887e-08 5.250342380000000311e-08 7.736260700000000637e-08 1.040135940000000038e-07 1.304256050000000025e-07 1.550935449999999896e-07 1.771576019999999895e-07 1.963059190000000083e-07 2.125952389999999989e-07 2.262834469999999956e-07 2.377098410000000079e-07 2.472231700000000240e-07 2.551451809999999942e-07 2.617557300000000047e-07 2.672903459999999911e-07 2.719432640000000199e-07 2.758728210000000105e-07 2.792073700000000121e-07 2.820507059999999813e-07 2.844867309999999754e-07 2.865834010000000180e-07 2.883959100000000015e-07 2.899692789999999738e-07 2.913402849999999885e-07 2.925391980000000001e-07 2.935910569999999933e-07 2.945165820000000085e-07 2.953331089999999867e-07 2.960551060000000004e-07 2.966948500000000093e-07 2.972626310000000177e-07 2.977672580000000049e-07 2.982162359999999843e-07 2.986160440000000061e-07 2.989721960000000082e-07 2.992895249999999994e-07 2.995721499999999923e-07 2.998237959999999998e-07 3.000475599999999800e-07 3.002462849999999757e-07 3.004223860000000123e-07 3.005781079999999748e-07 3.007153000000000061e-07 3.008356939999999832e-07 3.009408260000000252e-07 3.010320309999999985e-07 3.011105319999999985e-07 3.011774370000000211e-07 3.012336830000000240e-07 3.012801529999999811e-07 3.013176410000000198e-07 3.013468870000000186e-07 3.013685160000000213e-07 3.013830960000000235e-07 3.013911960000000248e-07 3.013932429999999858e-07 3.013897190000000139e-07 3.013810210000000139e-07 3.013674640000000168e-07 3.013494169999999847e-07 3.013271909999999870e-07 3.013010430000000030e-07 3.012712280000000048e-07 3.012379749999999760e-07 3.012015099999999954e-07 3.011620319999999908e-07 3.011197119999999999e-07 3.010747210000000080e-07 3.010271999999999971e-07 3.009772910000000058e-07 3.009251370000000235e-07 3.008708799999999829e-07 3.008146049999999806e-07 3.007563980000000110e-07 3.006963989999999995e-07 3.006346960000000008e-07 3.005713440000000024e-07 3.005064289999999988e-07 3.004400639999999764e-07 3.003722499999999916e-07 3.003031279999999738e-07 3.002326989999999793e-07 3.001610479999999990e-07 3.000882319999999749e-07 3.000142780000000049e-07 2.999392729999999811e-07 2.998632170000000094e-07 2.997861940000000240e-07 2.997082330000000241e-07 2.996293630000000090e-07 2.995496400000000231e-07 2.994690650000000171e-07 2.993877219999999781e-07 2.993055830000000162e-07 2.992227340000000198e-07 2.991391739999999854e-07 2.990549600000000138e-07 2.989700650000000072e-07 2.988845720000000018e-07
2.639834310000000105e-08 5.118871019999999958e-08 8.397177709999999921e-08 1.210559189999999929e-07 1.586098220000000050e-07 1.936862330000000029e-07 2.246336090000000093e-07 2.509182199999999748e-07 2.727195750000000163e-07 2.905634059999999963e-07 3.050800499999999989e-07 3.168764240000000141e-07 3.264821660000000180e-07 3.343363630000000034e-07 3.407928939999999858e-07 3.461326229999999757e-07 3.505768689999999779e-07 3.542995729999999759e-07 3.574376420000000257e-07 3.600989660000000097e-07 3.623690649999999782e-07 3.643159799999999982e-07 3.659941109999999939e-07 3.674472850000000227e-07 3.687109999999999986e-07 3.698140740000000090e-07 3.707802420000000197e-07 3.716289710000000259e-07 3.723764619999999805e-07 3.730361869999999961e-07 3.736194860000000212e-07 3.741359080000000196e-07 3.745935539999999959e-07 3.749993310000000179e-07 3.753591779999999770e-07 3.756781550000000171e-07 3.759607240000000186e-07 3.762106639999999786e-07 3.764313310000000006e-07 3.766256779999999970e-07 3.767962649999999898e-07 3.769453660000000222e-07 3.770749690000000000e-07 3.771868930000000101e-07 3.772826740000000128e-07 3.773637619999999739e-07 3.774314049999999736e-07 3.774867710000000136e-07 3.775308239999999911e-07 3.775645329999999799e-07 3.775886630000000022e-07 3.776040389999999803e-07 3.776112580000000150e-07 3.776110019999999863e-07 3.776037540000000052e-07 3.775900840000000217e-07 3.775704159999999858e-07 3.775451770000000169e-07 3.775147379999999786e-07 3.774794659999999846e-07 3.774396480000000171e-07 3.773956219999999788e-07 3.773476460000000114e-07 3.772959469999999855e-07 3.772407519999999834e-07 3.771822609999999894e-07 3.771206990000000257e-07 3.770562099999999792e-07 3.769889929999999895e-07 3.769191889999999859e-07 3.768469130000000148e-07 3.767723060000000054e-07 3.766955099999999963e-07 3.766166119999999856e-07 3.765357230000000052e-07 3.764529589999999996e-07 3.763684050000000123e-07 3.762821449999999775e-07 3.761942369999999997e-07 3.761047940000000123e-07 3.760138720000000068e-07 3.759215019999999896e-07 3.758278239999999923e-07 3.757328100000000191e-07 3.756366030000000064e-07 3.755392020000000035e-07 3.754406630000000018e-07 3.753410170000000078e-07 3.752403760000000045e-07 3.751387109999999923e-07 3.750361090000000222e-07 3.749325969999999804e-07 3.748282040000000251e-07 3.747229869999999924e-07 3.746169449999999845e-07 3.745101649999999995e-07 3.744026169999999814e-07 3.742943869999999775e-07 3.741854749999999879e-07 3.740759100000000117e-07
4.297914559999999736e-08 8.281058679999999353e-08 1.329892710000000042e-07 1.863492969999999887e-07 2.368776679999999987e-07 2.810860739999999837e-07 3.178518570000000169e-07 3.475298059999999737e-07 3.711237179999999913e-07 3.897764320000000143e-07 4.045313350000000086e-07 4.162540109999999766e-07 4.256290249999999906e-07 4.331851070000000150e-07 4.393260719999999958e-07 4.443593009999999955e-07 4.485191310000000196e-07 4.519848460000000042e-07 4.548942910000000201e-07 4.573543039999999980e-07 4.594481599999999972e-07 4.612411709999999791e-07 4.627851520000000198e-07 4.641213140000000048e-07 4.652827389999999778e-07 4.662962280000000151e-07 4.671835820000000021e-07 4.679627349999999846e-07 4.686484090000000034e-07 4.692529390000000169e-07 4.697866130000000221e-07 4.702581010000000236e-07 4.706747629999999850e-07 4.710428529999999876e-07 4.713677409999999763e-07 4.716540619999999827e-07 4.719058499999999759e-07 4.721266009999999850e-07 4.723193849999999762e-07 4.724868750000000107e-07 4.726314270000000059e-07 4.727551750000000264e-07 4.728599380000000005e-07 4.729474200000000211e-07 4.730190710000000015e-07 4.730762270000000232e-07 4.731200820000000235e-07 4.731517149999999991e-07 4.731720650000000208e-07 4.731820409999999981e-07 4.731824390000000124e-07 4.731739409999999968e-07 4.731572009999999942e-07 4.731328429999999919e-07 4.731013799999999977e-07 4.730633240000000162e-07 4.730190989999999972e-07 4.729691340000000145e-07 4.729137969999999737e-07 4.728534579999999995e-07 4.727884000000000065e-07 4.727189089999999736e-07 4.726452689999999780e-07 4.725677629999999875e-07 4.724865619999999870e-07 4.724018940000000097e-07 4.723139569999999797e-07 4.722229219999999877e-07 4.721289880000000147e-07 4.720322979999999969e-07 4.719329640000000230e-07 4.718311570000000251e-07 4.717269919999999969e-07 4.716205519999999746e-07 4.715120100000000037e-07 4.714014490000000144e-07 4.712889280000000092e-07 4.711745870000000194e-07 4.710584559999999950e-07 4.709406769999999747e-07 4.708213049999999991e-07 4.707003710000000219e-07 4.705780160000000251e-07 4.704542390000000052e-07 4.703291270000000131e-07 4.702027639999999828e-07 4.700751500000000203e-07 4.699464000000000132e-07 4.698165130000000110e-07 4.696855460000000087e-07 4.695535839999999968e-07 4.694206269999999755e-07 4.692867609999999920e-07 4.691519849999999898e-07 4.690163560000000167e-07 4.688799040000000228e-07 4.687426839999999959e-07 4.686047249999999881e-07 4.684660549999999952e-07 4.683267040000000202e-07
7.035185229999999783e-08 1.333801260000000010e-07 2.078860599999999921e-07 2.813772539999999873e-07 3.458868319999999784e-07 3.985715859999999843e-07 4.398977179999999956e-07 4.717036290000000040e-07 4.960470509999999946e-07 5.147261389999999743e-07 5.291614680000000394e-07 5.404245370000000114e-07 5.493073440000000401e-07 5.563909439999999514e-07 5.621022300000000267e-07 5.667562279999999498e-07 5.705870760000000102e-07 5.737704209999999741e-07 5.764389929999999921e-07 5.786941979999999840e-07 5.806140849999999513e-07 5.822593609999999855e-07 5.836777179999999767e-07 5.849067289999999544e-07 5.859765790000000412e-07 5.869113120000000006e-07 5.877307100000000172e-07 5.884506890000000163e-07 5.890844929999999712e-07 5.896432069999999647e-07 5.901359259999999544e-07 5.905704370000000237e-07 5.909533910000000529e-07 5.912903020000000328e-07 5.915861150000000078e-07 5.918449230000000020e-07 5.920704209999999725e-07 5.922657920000000307e-07 5.924338210000000087e-07 5.925770099999999830e-07 5.926975750000000510e-07 5.927973920000000299e-07 5.928782799999999537e-07 5.929417739999999907e-07 5.929892380000000066e-07 5.930219799999999817e-07 5.930411930000000083e-07 5.930477869999999993e-07 5.930428419999999549e-07 5.930270960000000111e-07 5.930013459999999885e-07 5.929663300000000231e-07 5.929227310000000514e-07 5.928710610000000249e-07 5.928118869999999885e-07 5.927456640000000047e-07 5.926729050000000286e-07 5.925940630000000092e-07 5.925094230000000276e-07 5.924193830000000451e-07 5.923242270000000333e-07 5.922243529999999534e-07 5.921199889999999974e-07 5.920113610000000321e-07 5.918986970000000375e-07 5.917822819999999888e-07 5.916622849999999694e-07 5.915389349999999633e-07 5.914123449999999566e-07 5.912827420000000317e-07 5.911502399999999668e-07 5.910150089999999551e-07 5.908771639999999904e-07 5.907368179999999529e-07 5.905941410000000360e-07 5.904491900000000229e-07 5.903021360000000044e-07 5.901530359999999756e-07 5.900020030000000288e-07 5.898490939999999472e-07 5.896944230000000384e-07 5.895381039999999749e-07 5.893801359999999648e-07 5.892206329999999980e-07 5.890596529999999674e-07 5.888973079999999616e-07 5.887335989999999842e-07 5.885686390000000216e-07 5.884024289999999716e-07 5.882350820000000323e-07 5.880665979999999919e-07 5.878970910000000522e-07 5.877265610000000015e-07 5.875550640000000429e-07 5.873826579999999633e-07 5.872093989999999658e-07 5.870352879999999482e-07 5.868604380000000027e-07 5.866847910000000249e-07 5.865084630000000119e-07
1.155602900000000036e-07 2.131609729999999935e-07 3.195650039999999779e-07 4.156815980000000004e-07 4.934234430000000293e-07 5.526762269999999683e-07 5.966596749999999829e-07 6.290941310000000335e-07 6.531217879999999888e-07 6.711089779999999774e-07 6.847543550000000090e-07 6.952559490000000156e-07 7.034561239999999959e-07 7.099501999999999590e-07 7.151627409999999965e-07 7.193997930000000397e-07 7.228844649999999693e-07 7.257814329999999883e-07 7.282137060000000305e-07 7.302739960000000302e-07 7.320331860000000406e-07 7.335457890000000249e-07 7.348543249999999584e-07 7.359923300000000493e-07 7.369862940000000400e-07 7.378575899999999573e-07 7.386233280000000343e-07 7.392977180000000428e-07 7.398923000000000217e-07 7.404167379999999813e-07 7.408791019999999727e-07 7.412862709999999620e-07 7.416440440000000209e-07 7.419574219999999736e-07 7.422307250000000323e-07 7.424677620000000382e-07 7.426718869999999818e-07 7.428458840000000094e-07 7.429924839999999692e-07 7.431139009999999515e-07 7.432121829999999738e-07 7.432892059999999593e-07 7.433466749999999517e-07 7.433860110000000236e-07 7.434086340000000321e-07 7.434157399999999746e-07 7.434084640000000507e-07 7.433878860000000489e-07 7.433548599999999966e-07 7.433102950000000148e-07 7.432549300000000312e-07 7.431895029999999703e-07 7.431146969999999802e-07 7.430311369999999987e-07 7.429393349999999774e-07 7.428398019999999699e-07 7.427331070000000285e-07 7.426195340000000188e-07 7.424996509999999895e-07 7.423736860000000265e-07 7.422420939999999804e-07 7.421051580000000308e-07 7.419632200000000417e-07 7.418164499999999947e-07 7.416652469999999606e-07 7.415097800000000231e-07 7.413502769999999504e-07 7.411869090000000453e-07 7.410199599999999616e-07 7.408495999999999982e-07 7.406759440000000429e-07 7.404992169999999590e-07 7.403195349999999555e-07 7.401370110000000188e-07 7.399518720000000195e-07 7.397641749999999526e-07 7.395740910000000147e-07 7.393817329999999807e-07 7.391871579999999513e-07 7.389904790000000188e-07 7.387918119999999688e-07 7.385912679999999921e-07 7.383889619999999766e-07 7.381848950000000316e-07 7.379791780000000305e-07 7.377719269999999705e-07 7.375632550000000499e-07 7.373531049999999558e-07 7.371416469999999875e-07 7.369288820000000425e-07 7.367149810000000002e-07 7.364998849999999640e-07 7.362837100000000372e-07 7.360665109999999957e-07 7.358482889999999491e-07 7.356292139999999845e-07 7.354092300000000049e-07 7.351884510000000001e-07 7.349669319999999579e-07 7.347446169999999929e-07
1.898624049999999964e-07 3.364859540000000048e-07 4.812292789999999540e-07 5.997312089999999760e-07 6.878610179999999538e-07 7.507434820000000424e-07 7.951564949999999725e-07 8.267241469999999891e-07 8.494873210000000413e-07 8.661981500000000264e-07 8.787007460000000063e-07 8.882324210000000009e-07 8.956313879999999861e-07 9.014732999999999914e-07 9.061591869999999717e-07 9.099730390000000009e-07 9.131186399999999503e-07 9.157445220000000117e-07 9.179603920000000412e-07 9.198482759999999613e-07 9.214701889999999497e-07 9.228737670000000109e-07 9.240956730000000498e-07 9.251648979999999870e-07 9.261041210000000343e-07 9.269316479999999985e-07 9.276623130000000092e-07 9.283080539999999610e-07 9.288788760000000422e-07 9.293831909999999564e-07 9.298278769999999837e-07 9.302189599999999606e-07 9.305615550000000186e-07 9.308600970000000462e-07 9.311185069999999731e-07 9.313401390000000017e-07 9.315281200000000400e-07 9.316850080000000500e-07 9.318133609999999933e-07 9.319152809999999776e-07 9.319927590000000254e-07 9.320476119999999516e-07 9.320814340000000326e-07 9.320957020000000148e-07 9.320917799999999756e-07 9.320709180000000024e-07 9.320343109999999832e-07 9.319829250000000339e-07 9.319178390000000453e-07 9.318398500000000497e-07 9.317498099999999613e-07 9.316484580000000258e-07 9.315365899999999541e-07 9.314147180000000154e-07 9.312835800000000280e-07 9.311436880000000492e-07 9.309955540000000306e-07 9.308396330000000344e-07 9.306764350000000048e-07 9.305063600000000165e-07 9.303297470000000285e-07 9.301470530000000045e-07 9.299585030000000197e-07 9.297644970000000426e-07 9.295653170000000375e-07 9.293611919999999881e-07 9.291524629999999665e-07 9.289393009999999579e-07 9.287219310000000372e-07 9.285006399999999751e-07 9.282755969999999611e-07 9.280469729999999801e-07 9.278149380000000135e-07 9.275797200000000415e-07 9.273413749999999496e-07 9.271001890000000339e-07 9.268562169999999647e-07 9.266096300000000445e-07 9.263605420000000518e-07 9.261091239999999714e-07 9.258554310000000029e-07 9.255995790000000378e-07 9.253417369999999478e-07 9.250819630000000493e-07 9.248203700000000109e-07 9.245570140000000360e-07 9.242920100000000122e-07 9.240255280000000267e-07 9.237575109999999788e-07 9.234881299999999593e-07 9.232174419999999632e-07 9.229455029999999820e-07 9.226724270000000055e-07 9.223982720000000325e-07 9.221230359999999499e-07 9.218468899999999543e-07 9.215698359999999473e-07 9.212919280000000187e-07 9.210132819999999542e-07 9.207338959999999581e-07
3.104143499999999886e-07 5.217764849999999592e-07 7.074857539999999941e-07 8.444577020000000079e-07 9.383320499999999839e-07 1.001409029999999994e-06 1.044080480000000010e-06 1.073496149999999981e-06 1.094257409999999928e-06 1.109278059999999942e-06 1.120412780000000091e-06 1.128859820000000047e-06 1.135407500000000064e-06 1.140585140000000024e-06 1.144754720000000105e-06 1.148168389999999974e-06 1.151005109999999978e-06 1.153393669999999952e-06 1.155428320000000011e-06 1.157178989999999926e-06 1.158697960000000031e-06 1.160025250000000020e-06 1.161191560000000084e-06 1.162221109999999990e-06 1.163132770000000003e-06 1.163941650000000088e-06 1.164660029999999898e-06 1.165298039999999970e-06 1.165864090000000105e-06 1.166365220000000006e-06 1.166807349999999973e-06 1.167195709999999919e-06 1.167534829999999971e-06 1.167828600000000052e-06 1.168080529999999978e-06 1.168293810000000097e-06 1.168471270000000087e-06 1.168615429999999984e-06 1.168728659999999914e-06 1.168813009999999903e-06 1.168870540000000010e-06 1.168903049999999991e-06 1.168912039999999991e-06 1.168899079999999989e-06 1.168865770000000072e-06 1.168813240000000102e-06 1.168742640000000016e-06 1.168655330000000090e-06 1.168552220000000024e-06 1.168434320000000094e-06 1.168302450000000099e-06 1.168157610000000065e-06 1.168000489999999954e-06 1.167831779999999941e-06 1.167652159999999951e-06 1.167462410000000060e-06 1.167263010000000104e-06 1.167054509999999960e-06 1.166837359999999990e-06 1.166612259999999981e-06 1.166379430000000096e-06 1.166139440000000071e-06 1.165892630000000084e-06 1.165639330000000058e-06 1.165380010000000007e-06 1.165114899999999916e-06 1.164844320000000100e-06 1.164568519999999983e-06 1.164287940000000103e-06 1.164002580000000035e-06 1.163712910000000004e-06 1.163419139999999922e-06 1.163121280000000039e-06 1.162819789999999906e-06 1.162514760000000060e-06 1.162206329999999951e-06 1.161894719999999953e-06 1.161580139999999981e-06 1.161262619999999932e-06 1.160942470000000084e-06 1.160619719999999910e-06 1.160294569999999924e-06 1.159967159999999998e-06 1.159637580000000036e-06 1.159305950000000049e-06 1.158972400000000085e-06 1.158637130000000022e-06 1.158300049999999959e-06 1.157961380000000057e-06 1.157621340000000056e-06 1.157279710000000004e-06 1.156936950000000089e-06 1.156592930000000050e-06 1.156247659999999923e-06 1.155901489999999920e-06 1.155554289999999992e-06 1.155206179999999940e-06 1.154857269999999950e-06 1.154507690000000071e-06 1.154157300000000006e-06
5.014503590000000122e-07 7.902634710000000281e-07 1.013168800000000001e-06 1.161244539999999992e-06 1.255346209999999991e-06 1.315338750000000096e-06 1.354478510000000090e-06 1.380800200000000067e-06 1.399078090000000012e-06 1.412175040000000096e-06 1.421842629999999937e-06 1.429178839999999912e-06 1.434889100000000077e-06 1.439437819999999905e-06 1.443137420000000002e-06 1.446202650000000103e-06 1.448783790000000070e-06 1.450987840000000104e-06 1.452892429999999956e-06 1.454554540000000069e-06 1.456016659999999992e-06 1.457310870000000050e-06 1.458461839999999949e-06 1.459488659999999905e-06 1.460406679999999907e-06 1.461227950000000044e-06 1.461962370000000017e-06 1.462618230000000042e-06 1.463202350000000080e-06 1.463720540000000034e-06 1.464178129999999966e-06 1.464579440000000089e-06 1.464928570000000030e-06 1.465228930000000088e-06 1.465484049999999939e-06 1.465696640000000096e-06 1.465869449999999947e-06 1.466005190000000005e-06 1.466106030000000095e-06 1.466174130000000005e-06 1.466211639999999912e-06 1.466220279999999913e-06 1.466201980000000022e-06 1.466158210000000066e-06 1.466090680000000105e-06 1.466000640000000017e-06 1.465889680000000063e-06 1.465758829999999955e-06 1.465609439999999933e-06 1.465442439999999982e-06 1.465259059999999905e-06 1.465060220000000075e-06 1.464846720000000004e-06 1.464619569999999971e-06 1.464379469999999971e-06 1.464127080000000070e-06 1.463863330000000043e-06 1.463588660000000001e-06 1.463303759999999909e-06 1.463009199999999926e-06 1.462705539999999968e-06 1.462393360000000020e-06 1.462072990000000009e-06 1.461744889999999910e-06 1.461409620000000059e-06 1.461067540000000069e-06 1.460718860000000067e-06 1.460364160000000038e-06 1.460003659999999933e-06 1.459637699999999928e-06 1.459266630000000021e-06 1.458890549999999940e-06 1.458509929999999907e-06 1.458124980000000049e-06 1.457735829999999990e-06 1.457342819999999905e-06 1.456946169999999957e-06 1.456545989999999909e-06 1.456142629999999973e-06 1.455736079999999900e-06 1.455326699999999937e-06 1.454914579999999987e-06 1.454499969999999899e-06 1.454082959999999999e-06 1.453663689999999947e-06 1.453242250000000071e-06 1.452818879999999969e-06 1.452393690000000042e-06 1.451966800000000089e-06 1.451538310000000050e-06 1.451108459999999948e-06 1.450677129999999982e-06 1.450244669999999942e-06 1.449811070000000000e-06 1.449376439999999923e-06 1.448940909999999969e-06 1.448504460000000066e-06 1.448067340000000061e-06 1.447629530000000095e-06 1.447191269999999979e-06
7.937043160000000060e-07 1.163609449999999939e-06 1.412825549999999984e-06 1.562765190000000032e-06 1.651878849999999950e-06 1.706194670000000007e-06 1.740577429999999981e-06 1.763251360000000079e-06 1.778819639999999901e-06 1.789927860000000060e-06 1.798142880000000104e-06 1.804421909999999895e-06 1.809366839999999980e-06 1.813366109999999962e-06 1.816676899999999964e-06 1.819473370000000075e-06 1.821875460000000001e-06 1.823967859999999907e-06 1.825810729999999911e-06 1.827448160000000071e-06 1.828912560000000005e-06 1.830228260000000092e-06 1.831414119999999923e-06 1.832484490000000096e-06 1.833450820000000006e-06 1.834322570000000088e-06 1.835107349999999995e-06 1.835811639999999939e-06 1.836441130000000021e-06 1.837000579999999932e-06 1.837494660000000094e-06 1.837927019999999984e-06 1.838301499999999979e-06 1.838621420000000051e-06 1.838889830000000043e-06 1.839109699999999926e-06 1.839283980000000028e-06 1.839415059999999910e-06 1.839505439999999962e-06 1.839557399999999981e-06 1.839573319999999921e-06 1.839555130000000005e-06 1.839504880000000048e-06 1.839424390000000085e-06 1.839315359999999932e-06 1.839179620000000086e-06 1.839018519999999938e-06 1.838833550000000022e-06 1.838626299999999966e-06 1.838397910000000092e-06 1.838149609999999994e-06 1.837882680000000077e-06 1.837598009999999972e-06 1.837296849999999976e-06 1.836980000000000029e-06 1.836648380000000078e-06 1.836302890000000000e-06 1.835944319999999909e-06 1.835573359999999977e-06 1.835190799999999895e-06 1.834797330000000047e-06 1.834393519999999961e-06 1.833979809999999961e-06 1.833557010000000022e-06 1.833125570000000081e-06 1.832685830000000102e-06 1.832238470000000009e-06 1.831783829999999979e-06 1.831322270000000045e-06 1.830854330000000050e-06 1.830380260000000052e-06 1.829900499999999955e-06 1.829415279999999957e-06 1.828924950000000057e-06 1.828429959999999982e-06 1.827930419999999919e-06 1.827426670000000043e-06 1.826918949999999953e-06 1.826407469999999988e-06 1.825892579999999936e-06 1.825374509999999995e-06 1.824853259999999953e-06 1.824329269999999924e-06 1.823802679999999993e-06 1.823273690000000039e-06 1.822742319999999921e-06 1.822209009999999965e-06 1.821673660000000021e-06 1.821136610000000052e-06 1.820597959999999995e-06 1.820057950000000088e-06 1.819516460000000106e-06 1.818973939999999987e-06 1.818430290000000005e-06 1.817885729999999897e-06 1.817340380000000101e-06 1.816794339999999919e-06 1.816247729999999999e-06 1.815700669999999929e-06 1.815153269999999896e-06
1.221282449999999929e-06 1.662069510000000082e-06 1.921803459999999809e-06 2.064688940000000014e-06 2.144803369999999931e-06 2.191777180000000149e-06 2.220761640000000167e-06 2.239587729999999871e-06 2.252438430000000093e-06 2.261632739999999837e-06 2.268504430000000153e-06 2.273847709999999789e-06 2.278150079999999815e-06 2.281719389999999931e-06 2.284755280000000116e-06 2.287390319999999940e-06 2.289713849999999917e-06 2.291787500000000205e-06 2.293655369999999840e-06 2.295347940000000121e-06 2.296888170000000054e-06 2.298292880000000093e-06 2.299575269999999838e-06 2.300745109999999790e-06 2.301810579999999976e-06 2.302778280000000197e-06 2.303654360000000104e-06 2.304443570000000199e-06 2.305150470000000082e-06 2.305779390000000002e-06 2.306333949999999962e-06 2.306818030000000060e-06 2.307234809999999973e-06 2.307588150000000150e-06 2.307880780000000120e-06 2.308116110000000180e-06 2.308297100000000058e-06 2.308426249999999928e-06 2.308506739999999890e-06 2.308540839999999921e-06 2.308531519999999994e-06 2.308480819999999886e-06 2.308391229999999948e-06 2.308264579999999830e-06 2.308103599999999905e-06 2.307909650000000025e-06 2.307685009999999991e-06 2.307431260000000027e-06 2.307150230000000209e-06 2.306843270000000138e-06 2.306512220000000137e-06 2.306158190000000209e-06 2.305782570000000103e-06 2.305386720000000092e-06 2.304971760000000004e-06 2.304538839999999989e-06 2.304089090000000121e-06 2.303623429999999926e-06 2.303142760000000128e-06 2.302647999999999828e-06 2.302140050000000175e-06 2.301619589999999822e-06 2.301087309999999791e-06 2.300543880000000183e-06 2.299990229999999925e-06 2.299426569999999989e-06 2.298854039999999853e-06 2.298272650000000188e-06 2.297683069999999825e-06 2.297085979999999960e-06 2.296481849999999968e-06 2.295870899999999801e-06 2.295253809999999807e-06 2.294630579999999987e-06 2.294002120000000042e-06 2.293368420000000146e-06 2.292729959999999925e-06 2.292086949999999927e-06 2.291439839999999879e-06 2.290788640000000030e-06 2.290134260000000081e-06 2.289476240000000056e-06 2.288815490000000081e-06 2.288151560000000006e-06 2.287485359999999955e-06 2.286816649999999904e-06 2.286145900000000076e-06 2.285473329999999999e-06 2.284798940000000097e-06 2.284122960000000144e-06 2.283445839999999868e-06 2.282767349999999915e-06 2.282087960000000086e-06 2.281407660000000133e-06 2.280726679999999830e-06 2.280045010000000201e-06 2.279363120000000197e-06 2.278680999999999995e-06 2.277998650000000016e-06 2.277316300000000038e-06
1.817364820000000030e-06 2.305265300000000099e-06 2.558905630000000065e-06 2.687815140000000201e-06 2.756440610000000126e-06 2.795278760000000187e-06 2.818700979999999963e-06 2.833749020000000019e-06 2.844034950000000152e-06 2.851493950000000007e-06 2.857203750000000198e-06 2.861786470000000117e-06 2.865612029999999948e-06 2.868906899999999798e-06 2.871812510000000037e-06 2.874420260000000182e-06 2.876789269999999966e-06 2.878959320000000120e-06 2.880957479999999948e-06 2.882802619999999928e-06 2.884507689999999812e-06 2.886082709999999950e-06 2.887535399999999970e-06 2.888871680000000172e-06 2.890096539999999809e-06 2.891214540000000177e-06 2.892229759999999981e-06 2.893146300000000120e-06 2.893967579999999870e-06 2.894697669999999806e-06 2.895339999999999879e-06 2.895898210000000161e-06 2.896376150000000009e-06 2.896777230000000145e-06 2.897104880000000095e-06 2.897362950000000059e-06 2.897554400000000187e-06 2.897682630000000108e-06 2.897751299999999969e-06 2.897763120000000070e-06 2.897721059999999964e-06 2.897628289999999925e-06 2.897487779999999928e-06 2.897301559999999925e-06 2.897072819999999841e-06 2.896803839999999900e-06 2.896496650000000053e-06 2.896153770000000126e-06 2.895777019999999944e-06 2.895368649999999833e-06 2.894930280000000165e-06 2.894463929999999796e-06 2.893971210000000120e-06 2.893453709999999917e-06 2.892912560000000110e-06 2.892349580000000100e-06 2.891766139999999987e-06 2.891163149999999895e-06 2.890541959999999852e-06 2.889903729999999829e-06 2.889249340000000055e-06 2.888579959999999903e-06 2.887896470000000025e-06 2.887199569999999994e-06 2.886490389999999887e-06 2.885769619999999878e-06 2.885037699999999867e-06 2.884295780000000004e-06 2.883544310000000015e-06 2.882783749999999875e-06 2.882014999999999883e-06 2.881238520000000015e-06 2.880454759999999997e-06 2.879664179999999803e-06 2.878867460000000206e-06 2.878064830000000135e-06 2.877256749999999987e-06 2.876443889999999864e-06 2.875626479999999965e-06 2.874804750000000065e-06 2.873979380000000091e-06 2.873150379999999865e-06 2.872317959999999939e-06 2.871483050000000087e-06 2.870645400000000036e-06 2.869805260000000057e-06 2.868963290000000006e-06 2.868119509999999953e-06 2.867274130000000025e-06 2.866427620000000021e-06 2.865579750000000166e-06 2.864731190000000138e-06 2.863881950000000184e-06 2.863032249999999832e-06 2.862182100000000177e-06 2.861331950000000098e-06 2.860481800000000020e-06 2.859632100000000091e-06 2.858782640000000186e-06 2.857933620000000183e-06
2.612232039999999922e-06 3.115860640000000048e-06 3.349559169999999991e-06 3.460114840000000172e-06 3.516091059999999856e-06 3.546641209999999836e-06 3.564656940000000016e-06 3.576168870000000110e-06 3.584147180000000169e-06 3.590120060000000075e-06 3.594902859999999876e-06 3.598943979999999838e-06 3.602496009999999951e-06 3.605704709999999987e-06 3.608654880000000084e-06 3.611396780000000024e-06 3.613960870000000188e-06 3.616365119999999903e-06 3.618620439999999995e-06 3.620734110000000189e-06 3.622710210000000039e-06 3.624552160000000094e-06 3.626262700000000127e-06 3.627844080000000042e-06 3.629299040000000038e-06 3.630630090000000114e-06 3.631840169999999924e-06 3.632932480000000063e-06 3.633910180000000137e-06 3.634777160000000068e-06 3.635537039999999859e-06 3.636193919999999983e-06 3.636751900000000067e-06 3.637215060000000087e-06 3.637587500000000093e-06 3.637873309999999887e-06 3.638076809999999893e-06 3.638202089999999912e-06 3.638253019999999796e-06 3.638233240000000042e-06 3.638146840000000028e-06 3.637997450000000006e-06 3.637788270000000149e-06 3.637522700000000083e-06 3.637204370000000061e-06 3.636835799999999905e-06 3.636420159999999893e-06 3.635960410000000172e-06 3.635458819999999872e-06 3.634917899999999840e-06 3.634340370000000202e-06 3.633728280000000134e-06 3.633083449999999887e-06 3.632408380000000059e-06 3.631704659999999853e-06 3.630974109999999942e-06 3.630218319999999952e-06 3.629439110000000133e-06 3.628637610000000138e-06 3.627815659999999863e-06 3.626974150000000210e-06 3.626114680000000204e-06 3.625238150000000147e-06 3.624345939999999962e-06 3.623438940000000125e-06 3.622518079999999985e-06 3.621584479999999795e-06 3.620638839999999975e-06 3.619682050000000155e-06 3.618715029999999859e-06 3.617738230000000086e-06 3.616752560000000112e-06 3.615758939999999886e-06 3.614757360000000009e-06 3.613748959999999956e-06 3.612734189999999878e-06 3.611713510000000172e-06 3.610687370000000142e-06 3.609656459999999961e-06 3.608621230000000203e-06 3.607581680000000021e-06 3.606538939999999914e-06 3.605492789999999931e-06 3.604443919999999821e-06 3.603392540000000136e-06 3.602339350000000027e-06 3.601284109999999892e-06 3.600227500000000082e-06 3.599169760000000196e-06 3.598111110000000185e-06 3.597052000000000200e-06 3.595992440000000065e-06 3.594932879999999930e-06 3.593873540000000169e-06 3.592814440000000008e-06 3.591755789999999998e-06 3.590698039999999864e-06 3.589641439999999878e-06 3.588585969999999968e-06 3.587531639999999958e-06
3.636049540000000136e-06 4.124320180000000410e-06 4.328542220000000410e-06 4.418546720000000202e-06 4.461619030000000403e-06 4.484110379999999939e-06 4.497052489999999925e-06 4.505366179999999811e-06 4.511357020000000068e-06 4.516141870000000317e-06 4.520274620000000418e-06 4.524031739999999740e-06 4.527550569999999699e-06 4.530896149999999905e-06 4.534098030000000188e-06 4.537166660000000129e-06 4.540103420000000074e-06 4.542905569999999825e-06 4.545569029999999828e-06 4.548088780000000085e-06 4.550461650000000319e-06 4.552684459999999583e-06 4.554755830000000070e-06 4.556674869999999612e-06 4.558442009999999980e-06 4.560058639999999651e-06 4.561527019999999623e-06 4.562849880000000271e-06 4.564030860000000400e-06 4.565074050000000233e-06 4.565983549999999822e-06 4.566764349999999691e-06 4.567420999999999616e-06 4.567958970000000171e-06 4.568383699999999911e-06 4.568699750000000133e-06 4.568913029999999617e-06 4.569027619999999610e-06 4.569049450000000236e-06 4.568983510000000326e-06 4.568833450000000203e-06 4.568605159999999845e-06 4.568302300000000248e-06 4.567929409999999668e-06 4.567490580000000025e-06 4.566989450000000124e-06 4.566430110000000189e-06 4.565815740000000321e-06 4.565149540000000270e-06 4.564435589999999588e-06 4.563675700000000396e-06 4.562873980000000026e-06 4.562031790000000023e-06 4.561152309999999641e-06 4.560238270000000101e-06 4.559291480000000133e-06 4.558314230000000209e-06 4.557308329999999908e-06 4.556275600000000324e-06 4.555218309999999742e-06 4.554137379999999802e-06 4.553035069999999810e-06 4.551912750000000289e-06 4.550771790000000067e-06 4.549613100000000115e-06 4.548438480000000188e-06 4.547248860000000058e-06 4.546045599999999577e-06 4.544829150000000166e-06 4.543600879999999806e-06 4.542362150000000042e-06 4.541112960000000027e-06 4.539854669999999614e-06 4.538588199999999597e-06 4.537313999999999703e-06 4.536032980000000057e-06 4.534745590000000386e-06 4.533452280000000416e-06 4.532154429999999647e-06 4.530852039999999773e-06 4.529545549999999850e-06 4.528235879999999826e-06 4.526923019999999878e-06 4.525608350000000351e-06 4.524290939999999779e-06 4.522972629999999754e-06 4.521652500000000327e-06 4.520331909999999655e-06 4.519010870000000103e-06 4.517689829999999704e-06 4.516368790000000152e-06 4.515048659999999878e-06 4.513728980000000177e-06 4.512410670000000152e-06 4.511093719999999978e-06 4.509778140000000327e-06 4.508464829999999805e-06 4.507153329999999708e-06 4.505844569999999809e-06 4.504538079999999885e-06
4.925232589999999719e-06 5.372967279999999950e-06 5.542196049999999922e-06 5.610908829999999985e-06 5.641318690000000344e-06 5.656162100000000318e-06 5.664444420000000123e-06 5.669948680000000108e-06 5.674314249999999846e-06 5.678251450000000192e-06 5.682053599999999594e-06 5.685827089999999641e-06 5.689593759999999936e-06 5.693339970000000128e-06 5.697039339999999815e-06 5.700662769999999739e-06 5.704183880000000345e-06 5.707578570000000185e-06 5.710828649999999978e-06 5.713918200000000421e-06 5.716836309999999840e-06 5.719574349999999755e-06 5.722127300000000165e-06 5.724491070000000000e-06 5.726665679999999755e-06 5.728651560000000354e-06 5.730450079999999779e-06 5.732065349999999598e-06 5.733500979999999990e-06 5.734762449999999658e-06 5.735854759999999797e-06 5.736784709999999664e-06 5.737557790000000328e-06 5.738181240000000099e-06 5.738660999999999773e-06 5.739004790000000248e-06 5.739218520000000306e-06 5.739309020000000369e-06 5.739282639999999967e-06 5.739145759999999797e-06 5.738904749999999884e-06 5.738565049999999634e-06 5.738133039999999743e-06 5.737613260000000163e-06 5.737011630000000346e-06 5.736332700000000068e-06 5.735581909999999582e-06 5.734762910000000056e-06 5.733880239999999749e-06 5.732938459999999955e-06 5.731940749999999928e-06 5.730891190000000069e-06 5.729792519999999729e-06 5.728648829999999980e-06 5.727462389999999950e-06 5.726236400000000238e-06 5.724974019999999599e-06 5.723676620000000250e-06 5.722347849999999975e-06 5.720989070000000317e-06 5.719603000000000133e-06 5.718191009999999944e-06 5.716755820000000301e-06 5.715298360000000131e-06 5.713820430000000032e-06 5.712324309999999806e-06 5.710810459999999851e-06 5.709281140000000318e-06 5.707737270000000310e-06 5.706179759999999950e-06 5.704610430000000335e-06 5.703030180000000072e-06 5.701439480000000230e-06 5.699840129999999715e-06 5.698232599999999596e-06 5.696618249999999726e-06 5.694997070000000279e-06 5.693370439999999908e-06 5.691739259999999762e-06 5.690103539999999664e-06 5.688464629999999640e-06 5.686822990000000090e-06 5.685178620000000166e-06 5.683532890000000391e-06 5.681886249999999644e-06 5.680238249999999893e-06 5.678590699999999868e-06 5.676943149999999844e-06 5.675296509999999944e-06 5.673650780000000168e-06 5.672006859999999971e-06 5.670364769999999847e-06 5.668724499999999973e-06 5.667087410000000199e-06 5.665452590000000401e-06 5.663821410000000254e-06 5.662193420000000032e-06 5.660569510000000212e-06 5.658949249999999867e-06 5.657333079999999747e-06
6.529317939999999751e-06 6.919055519999999967e-06 7.050647580000000110e-06 7.098112749999999729e-06 7.116308549999999837e-06 7.123976499999999774e-06 7.128046490000000065e-06 7.131165600000000163e-06 7.134311550000000213e-06 7.137788090000000290e-06 7.141629790000000223e-06 7.145771630000000052e-06 7.150119470000000060e-06 7.154579630000000087e-06 7.159069810000000166e-06 7.163521330000000191e-06 7.167878720000000326e-06 7.172099689999999842e-06 7.176149210000000205e-06 7.180003189999999791e-06 7.183642080000000315e-06 7.187053599999999584e-06 7.190228639999999915e-06 7.193162670000000333e-06 7.195854320000000316e-06 7.198303589999999864e-06 7.200514120000000322e-06 7.202489539999999823e-06 7.204236229999999912e-06 7.205760079999999720e-06 7.207069300000000017e-06 7.208171610000000008e-06 7.209075190000000145e-06 7.209789149999999804e-06 7.210321659999999610e-06 7.210682269999999690e-06 7.210879180000000143e-06 7.210921470000000025e-06 7.210816879999999884e-06 7.210574039999999898e-06 7.210200689999999767e-06 7.209704560000000215e-06 7.209092929999999699e-06 7.208373060000000413e-06 7.207551329999999666e-06 7.206634559999999752e-06 7.205628209999999724e-06 7.204538180000000232e-06 7.203370389999999881e-06 7.202129380000000317e-06 7.200820620000000418e-06 7.199448189999999737e-06 7.198016650000000418e-06 7.196530080000000318e-06 7.194992580000000335e-06 7.193407329999999722e-06 7.191777969999999824e-06 7.190107679999999896e-06 7.188399200000000136e-06 7.186655690000000148e-06 7.184879909999999779e-06 7.183074100000000379e-06 7.181240559999999703e-06 7.179382009999999995e-06 7.177499810000000259e-06 7.175596240000000295e-06 7.173673570000000079e-06 7.171732699999999912e-06 7.169775930000000089e-06 7.167804599999999965e-06 7.165820080000000065e-06 7.163823740000000062e-06 7.161816939999999809e-06 7.159801040000000003e-06 7.157776959999999747e-06 7.155745610000000013e-06 7.153708339999999979e-06 7.151666069999999596e-06 7.149619250000000284e-06 7.147569250000000024e-06 7.145516969999999964e-06 7.143462429999999752e-06 7.141407420000000165e-06 7.139351510000000277e-06 7.137296509999999668e-06 7.135241959999999632e-06 7.133188770000000294e-06 7.131137410000000183e-06 7.129088769999999774e-06 7.127043320000000137e-06 7.125001049999999754e-06 7.122962869999999596e-06 7.120928790000000335e-06 7.118899250000000178e-06 7.116874710000000371e-06 7.114855629999999618e-06 7.112842009999999613e-06 7.110834759999999633e-06 7.108833420000000127e-06 7.106838889999999702e-06
8.516539310000000197e-06 8.837612769999999410e-06 8.930603139999999628e-06 8.957184040000000104e-06 8.963655999999999886e-06 8.964630980000000681e-06 8.964961130000000805e-06 8.966160749999999940e-06 8.968547259999999678e-06 8.972014260000000301e-06 8.976333449999999932e-06 8.981262910000000228e-06 8.986591640000000659e-06 8.992142279999999904e-06 8.997776599999999459e-06 9.003384549999999284e-06 9.008882439999999243e-06 9.014207540000000694e-06 9.019311619999999572e-06 9.024160140000000603e-06 9.028727620000000296e-06 9.032998610000000418e-06 9.036961270000000370e-06 9.040610170000000571e-06 9.043944370000000577e-06 9.046965720000000111e-06 9.049677830000000197e-06 9.052087989999999963e-06 9.054205290000000831e-06 9.056037020000000235e-06 9.057594979999999474e-06 9.058889190000000592e-06 9.059932380000000425e-06 9.060733650000000222e-06 9.061307540000000633e-06 9.061663149999999516e-06 9.061814129999999588e-06 9.061769560000000753e-06 9.061542189999999497e-06 9.061142010000000085e-06 9.060579029999999651e-06 9.059863260000000415e-06 9.059004699999999687e-06 9.058011529999999612e-06 9.056892849999999742e-06 9.055656850000000352e-06 9.054310789999999402e-06 9.052862880000000205e-06 9.051319469999999747e-06 9.049686919999999925e-06 9.047972529999999690e-06 9.046180819999999345e-06 9.044317269999999287e-06 9.042388229999999893e-06 9.040397339999999967e-06 9.038350070000000081e-06 9.036250960000000187e-06 9.034102729999999987e-06 9.031909940000000777e-06 9.029675310000000564e-06 9.027404300000000097e-06 9.025097820000000347e-06 9.022760419999999396e-06 9.020393009999999910e-06 9.018000130000000146e-06 9.015582689999999383e-06 9.013144339999999637e-06 9.010685970000000537e-06 9.008210329999999564e-06 9.005720129999999986e-06 9.003214470000000654e-06 9.000697899999999651e-06 8.998170410000000540e-06 8.995633830000000008e-06 8.993089979999999996e-06 8.990539750000000135e-06 8.987984069999999350e-06 8.985424759999999586e-06 8.982861799999999498e-06 8.980297930000000133e-06 8.977733159999999620e-06 8.975167479999999830e-06 8.972603610000000465e-06 8.970041559999999655e-06 8.967481340000000613e-06 8.964924750000000551e-06 8.962371789999999468e-06 8.959823389999999681e-06 8.957280440000000817e-06 8.954742040000000035e-06 8.952210920000000250e-06 8.949686160000000666e-06 8.947168680000000386e-06 8.944658479999999408e-06 8.942156460000000575e-06 8.939662620000000498e-06 8.937176970000000695e-06 8.934701329999999723e-06 8.932234780000000173e-06 8.929778229999999628e-06
1.097834229999999927e-05 1.122489449999999984e-05 1.127909849999999936e-05 1.128520399999999923e-05 1.128041729999999926e-05 1.127518590000000016e-05 1.127228729999999973e-05 1.127209819999999944e-05 1.127426459999999927e-05 1.127825909999999952e-05 1.128358139999999929e-05 1.128980780000000023e-05 1.129660090000000070e-05 1.130369950000000018e-05 1.131090449999999937e-05 1.131806579999999971e-05 1.132506990000000071e-05 1.133183380000000029e-05 1.133829659999999988e-05 1.134441480000000050e-05 1.135015740000000067e-05 1.135550520000000018e-05 1.136044740000000053e-05 1.136497849999999997e-05 1.136909850000000019e-05 1.137281200000000010e-05 1.137612620000000040e-05 1.137905110000000010e-05 1.138159949999999989e-05 1.138378410000000052e-05 1.138561860000000044e-05 1.138711830000000052e-05 1.138829879999999976e-05 1.138917469999999944e-05 1.138976309999999933e-05 1.139007779999999953e-05 1.139013420000000083e-05 1.138994780000000060e-05 1.138953300000000024e-05 1.138890270000000040e-05 1.138807059999999951e-05 1.138704920000000016e-05 1.138585139999999958e-05 1.138448809999999962e-05 1.138297010000000049e-05 1.138130850000000054e-05 1.137951310000000057e-05 1.137759230000000057e-05 1.137555680000000082e-05 1.137341310000000075e-05 1.137116940000000046e-05 1.136883380000000011e-05 1.136641280000000083e-05 1.136391350000000000e-05 1.136134049999999992e-05 1.135870119999999946e-05 1.135599999999999935e-05 1.135324150000000018e-05 1.135043199999999982e-05 1.134757439999999988e-05 1.134467400000000054e-05 1.134173449999999955e-05 1.133875870000000029e-05 1.133575010000000063e-05 1.133271329999999947e-05 1.132964919999999966e-05 1.132656230000000015e-05 1.132345549999999918e-05 1.132032959999999965e-05 1.131718819999999938e-05 1.131403219999999950e-05 1.131086539999999942e-05 1.130768850000000038e-05 1.130450440000000065e-05 1.130131300000000026e-05 1.129811699999999929e-05 1.129491829999999995e-05 1.129171690000000056e-05 1.128851549999999948e-05 1.128531489999999960e-05 1.128211620000000026e-05 1.127892029999999923e-05 1.127572799999999939e-05 1.127254109999999966e-05 1.126935969999999997e-05 1.126618459999999985e-05 1.126301690000000031e-05 1.125985729999999924e-05 1.125670679999999941e-05 1.125356540000000083e-05 1.125043490000000071e-05 1.124731439999999959e-05 1.124420490000000026e-05 1.124110619999999945e-05 1.123802029999999933e-05 1.123494709999999996e-05 1.123188669999999960e-05 1.122883989999999943e-05 1.122580580000000002e-05 1.122278630000000021e-05
1.403396620000000001e-05 1.420300849999999929e-05 1.421845809999999953e-05 1.420442089999999990e-05 1.418880310000000023e-05 1.417787639999999933e-05 1.417232940000000059e-05 1.417137809999999929e-05 1.417397289999999968e-05 1.417914969999999977e-05 1.418611830000000032e-05 1.419426100000000061e-05 1.420311040000000005e-05 1.421231349999999970e-05 1.422160950000000050e-05 1.423080450000000000e-05 1.423975570000000026e-05 1.424836049999999926e-05 1.425654590000000070e-05 1.426425929999999927e-05 1.427146710000000016e-05 1.427814729999999978e-05 1.428429100000000015e-05 1.428989529999999965e-05 1.429496210000000051e-05 1.429950229999999951e-05 1.430352590000000071e-05 1.430705020000000040e-05 1.431009059999999937e-05 1.431266629999999950e-05 1.431479720000000058e-05 1.431650340000000054e-05 1.431780669999999969e-05 1.431872619999999998e-05 1.431928469999999941e-05 1.431950020000000059e-05 1.431939289999999973e-05 1.431898359999999942e-05 1.431828969999999926e-05 1.431732930000000011e-05 1.431611870000000053e-05 1.431467629999999951e-05 1.431301550000000076e-05 1.431115289999999928e-05 1.430910109999999926e-05 1.430687460000000038e-05 1.430448540000000041e-05 1.430194520000000072e-05 1.429926489999999977e-05 1.429645640000000049e-05 1.429352779999999965e-05 1.429049010000000074e-05 1.428734959999999992e-05 1.428411720000000073e-05 1.428079849999999977e-05 1.427740240000000011e-05 1.427393360000000059e-05 1.427039930000000020e-05 1.426680590000000016e-05 1.426315880000000055e-05 1.425946270000000024e-05 1.425572189999999997e-05 1.425194199999999976e-05 1.424812670000000072e-05 1.424427960000000068e-05 1.424040510000000035e-05 1.423650520000000021e-05 1.423258530000000036e-05 1.422864719999999972e-05 1.422469360000000002e-05 1.422072729999999957e-05 1.421675100000000011e-05 1.421276650000000056e-05 1.420877649999999926e-05 1.420478290000000016e-05 1.420078659999999930e-05 1.419679119999999959e-05 1.419279669999999934e-05 1.418880580000000029e-05 1.418481950000000013e-05 1.418083870000000002e-05 1.417686600000000007e-05 1.417290060000000077e-05 1.416894520000000047e-05 1.416499979999999918e-05 1.416106619999999919e-05 1.415714450000000043e-05 1.415323640000000019e-05 1.414934200000000010e-05 1.414546199999999972e-05 1.414159760000000003e-05 1.413774950000000060e-05 1.413391690000000022e-05 1.413010250000000063e-05 1.412630439999999962e-05 1.412252550000000049e-05 1.411876470000000052e-05 1.411502219999999960e-05 1.411129960000000014e-05 1.410759609999999923e-05
1.783614429999999870e-05 1.792608599999999939e-05 1.790271740000000015e-05 1.786875690000000154e-05 1.784272169999999980e-05 1.782667819999999962e-05 1.781917310000000152e-05 1.781822170000000029e-05 1.782204530000000106e-05 1.782920840000000031e-05 1.783861260000000143e-05 1.784943560000000097e-05 1.786106620000000103e-05 1.787305520000000015e-05 1.788507509999999912e-05 1.789688579999999986e-05 1.790831630000000124e-05 1.791924479999999935e-05 1.792958569999999877e-05 1.793927910000000034e-05 1.794829220000000025e-05 1.795660320000000160e-05 1.796420469999999872e-05 1.797109690000000165e-05 1.797729239999999935e-05 1.798280389999999933e-05 1.798765150000000126e-05 1.799185880000000095e-05 1.799544770000000035e-05 1.799844539999999985e-05 1.800087920000000152e-05 1.800277640000000061e-05 1.800416610000000147e-05 1.800507559999999936e-05 1.800553040000000082e-05 1.800555949999999838e-05 1.800518839999999858e-05 1.800444079999999886e-05 1.800334210000000074e-05 1.800191419999999938e-05 1.800018070000000076e-05 1.799815980000000061e-05 1.799587519999999976e-05 1.799334309999999854e-05 1.799058189999999931e-05 1.798760790000000065e-05 1.798443920000000003e-05 1.798108859999999982e-05 1.797757070000000133e-05 1.797390000000000082e-05 1.797008549999999961e-05 1.796614199999999886e-05 1.796208020000000053e-05 1.795790920000000081e-05 1.795363820000000086e-05 1.794927630000000025e-05 1.794483429999999918e-05 1.794031599999999874e-05 1.793573029999999860e-05 1.793108460000000104e-05 1.792638429999999938e-05 1.792163489999999877e-05 1.791684369999999984e-05 1.791201609999999931e-05 1.790715400000000111e-05 1.790226449999999923e-05 1.789734959999999923e-05 1.789241650000000013e-05 1.788746519999999854e-05 1.788250119999999958e-05 1.787752629999999878e-05 1.787254589999999962e-05 1.786755999999999872e-05 1.786257229999999892e-05 1.785758470000000075e-05 1.785260059999999876e-05 1.784762030000000123e-05 1.784264710000000109e-05 1.783768309999999874e-05 1.783273000000000163e-05 1.782778779999999959e-05 1.782286019999999884e-05 1.781794529999999885e-05 1.781304670000000080e-05 1.780816640000000011e-05 1.780330240000000137e-05 1.779845840000000064e-05 1.779363629999999847e-05 1.778883230000000054e-05 1.778405200000000006e-05 1.777929360000000153e-05 1.777455690000000167e-05 1.776984570000000155e-05 1.776515819999999890e-05 1.776049610000000114e-05 1.775585949999999974e-05 1.775124840000000148e-05 1.774666270000000134e-05 1.774210429999999985e-05 1.773757140000000151e-05
2.257864620000000000e-05 2.258831769999999962e-05 2.252583360000000030e-05 2.247206430000000090e-05 2.243606290000000074e-05 2.241559200000000078e-05 2.240698269999999944e-05 2.240698269999999944e-05 2.241302539999999850e-05 2.242317349999999989e-05 2.243599559999999928e-05 2.245043829999999983e-05 2.246573969999999864e-05 2.248134659999999986e-05 2.249685890000000096e-05 2.251199110000000095e-05 2.252654299999999951e-05 2.254037099999999920e-05 2.255338040000000167e-05 2.256551119999999932e-05 2.257672709999999897e-05 2.258700990000000151e-05 2.259636130000000084e-05 2.260478690000000031e-05 2.261230839999999861e-05 2.261894770000000106e-05 2.262473570000000074e-05 2.262970339999999914e-05 2.263388519999999908e-05 2.263731950000000094e-05 2.264004070000000076e-05 2.264208889999999957e-05 2.264350040000000073e-05 2.264431170000000070e-05 2.264455719999999890e-05 2.264427350000000020e-05 2.264349310000000009e-05 2.264225080000000114e-05 2.264057369999999874e-05 2.263849460000000007e-05 2.263604069999999876e-05 2.263323950000000013e-05 2.263011449999999836e-05 2.262669109999999834e-05 2.262299309999999918e-05 2.261903859999999834e-05 2.261484950000000114e-05 2.261044570000000058e-05 2.260584189999999957e-05 2.260105610000000075e-05 2.259610479999999916e-05 2.259100069999999893e-05 2.258575840000000138e-05 2.258038880000000156e-05 2.257490630000000089e-05 2.256932019999999880e-05 2.256364129999999889e-05 2.255787879999999896e-05 2.255204159999999868e-05 2.254613900000000087e-05 2.254017639999999887e-05 2.253416280000000076e-05 2.252810550000000040e-05 2.252200829999999887e-05 2.251588009999999925e-05 2.250972279999999867e-05 2.250354559999999832e-05 2.249734829999999833e-05 2.249114000000000164e-05 2.248492090000000135e-05 2.247869819999999985e-05 2.247247179999999891e-05 2.246624720000000027e-05 2.246002799999999834e-05 2.245381439999999978e-05 2.244761160000000144e-05 2.244141979999999981e-05 2.243524430000000012e-05 2.242908520000000064e-05 2.242294250000000135e-05 2.241682159999999898e-05 2.241072250000000031e-05 2.240464709999999909e-05 2.239859530000000047e-05 2.239257080000000050e-05 2.238657180000000029e-05 2.238060369999999994e-05 2.237466290000000163e-05 2.236875299999999979e-05 2.236287580000000011e-05 2.235702959999999852e-05 2.235121609999999909e-05 2.234543540000000005e-05 2.233968919999999869e-05 2.233397749999999838e-05 2.232830049999999901e-05 2.232265979999999961e-05 2.231705369999999951e-05 2.231148389999999937e-05 2.230595059999999907e-05
2.850618150000000099e-05 2.843425139999999885e-05 2.833207509999999922e-05 2.825856430000000047e-05 2.821314050000000008e-05 2.818911160000000060e-05 2.818047509999999884e-05 2.818261600000000061e-05 2.819212200000000086e-05 2.820650120000000102e-05 2.822395249999999953e-05 2.824317559999999880e-05 2.826324090000000128e-05 2.828348079999999930e-05 2.830342050000000018e-05 2.832272730000000109e-05 2.834116639999999904e-05 2.835858140000000098e-05 2.837487050000000099e-05 2.838996990000000058e-05 2.840384880000000153e-05 2.841649799999999926e-05 2.842792669999999835e-05 2.843815669999999910e-05 2.844721530000000016e-05 2.845514429999999986e-05 2.846198370000000100e-05 2.846778080000000023e-05 2.847258469999999991e-05 2.847644460000000065e-05 2.847940960000000139e-05 2.848152869999999947e-05 2.848285479999999832e-05 2.848343500000000150e-05 2.848331309999999934e-05 2.848253829999999922e-05 2.848115219999999956e-05 2.847919679999999856e-05 2.847671390000000132e-05 2.847373799999999874e-05 2.847030560000000081e-05 2.846645289999999909e-05 2.846221100000000009e-05 2.845760900000000138e-05 2.845267770000000119e-05 2.844744089999999860e-05 2.844192569999999916e-05 2.843615580000000034e-05 2.843015140000000002e-05 2.842393409999999864e-05 2.841752209999999867e-05 2.841093560000000141e-05 2.840418889999999985e-05 2.839729860000000085e-05 2.839027909999999904e-05 2.838314320000000020e-05 2.837590549999999886e-05 2.836857490000000144e-05 2.836116440000000007e-05 2.835368100000000064e-05 2.834613769999999865e-05 2.833854160000000164e-05 2.833090179999999899e-05 2.832322390000000087e-05 2.831551500000000125e-05 2.830778430000000133e-05 2.830003539999999891e-05 2.829227379999999913e-05 2.828450489999999871e-05 2.827673600000000167e-05 2.826896710000000124e-05 2.826120539999999983e-05 2.825345469999999851e-05 2.824571670000000133e-05 2.823799510000000096e-05 2.823029349999999860e-05 2.822261560000000047e-05 2.821496310000000046e-05 2.820733789999999911e-05 2.819974179999999871e-05 2.819217840000000046e-05 2.818464779999999923e-05 2.817715359999999958e-05 2.816969569999999991e-05 2.816227609999999898e-05 2.815489639999999922e-05 2.814755680000000050e-05 2.814026079999999900e-05 2.813300489999999855e-05 2.812579440000000100e-05 2.811862940000000121e-05 2.811150810000000028e-05 2.810443400000000116e-05 2.809740539999999980e-05 2.809042420000000014e-05 2.808349019999999889e-05 2.807660350000000109e-05 2.806976589999999886e-05 2.806297560000000008e-05 2.805623440000000026e-05
3.592723079999999875e-05 3.577188909999999696e-05 3.562917849999999882e-05 3.553600249999999672e-05 3.548186580000000035e-05 3.545540309999999919e-05 3.544811259999999944e-05 3.545390059999999912e-05 3.546842709999999956e-05 3.548858510000000162e-05 3.551217009999999810e-05 3.553760689999999755e-05 3.556377119999999708e-05 3.558988099999999753e-05 3.561538320000000128e-05 3.563988500000000309e-05 3.566313170000000017e-05 3.568495229999999819e-05 3.570523399999999791e-05 3.572392230000000029e-05 3.574099899999999943e-05 3.575646039999999927e-05 3.577033199999999957e-05 3.578265749999999919e-05 3.579348049999999873e-05 3.580285560000000229e-05 3.581084820000000061e-05 3.581752390000000127e-05 3.582294449999999720e-05 3.582717910000000232e-05 3.583029679999999667e-05 3.583235959999999678e-05 3.583344010000000257e-05 3.583359279999999956e-05 3.583288340000000035e-05 3.583137000000000182e-05 3.582910720000000127e-05 3.582614949999999779e-05 3.582254789999999764e-05 3.581835340000000034e-05 3.581360579999999863e-05 3.580835250000000098e-05 3.580262999999999707e-05 3.579647819999999824e-05 3.578993710000000049e-05 3.578303219999999681e-05 3.577579989999999895e-05 3.576826929999999771e-05 3.576046580000000137e-05 3.575241500000000115e-05 3.574414220000000030e-05 3.573566939999999901e-05 3.572701100000000209e-05 3.571819619999999857e-05 3.570923219999999761e-05 3.570014449999999899e-05 3.569094409999999938e-05 3.568164539999999684e-05 3.567225940000000160e-05 3.566280070000000141e-05 3.565328370000000108e-05 3.564371220000000167e-05 3.563410060000000122e-05 3.562445639999999687e-05 3.561479019999999910e-05 3.560510590000000048e-05 3.559541069999999662e-05 3.558571549999999954e-05 3.557602030000000246e-05 3.556633599999999706e-05 3.555666259999999690e-05 3.554701109999999867e-05 3.553738129999999912e-05 3.552778070000000215e-05 3.551820920000000275e-05 3.550867039999999872e-05 3.549917159999999749e-05 3.548971289999999730e-05 3.548029779999999772e-05 3.547092639999999700e-05 3.546160220000000148e-05 3.545232899999999868e-05 3.544310680000000216e-05 3.543393540000000188e-05 3.542482230000000175e-05 3.541576010000000287e-05 3.540675969999999693e-05 3.539781759999999791e-05 3.538892999999999797e-05 3.538010790000000057e-05 3.537134399999999830e-05 3.536264190000000253e-05 3.535400169999999793e-05 3.534542700000000266e-05 3.533691050000000252e-05 3.532845949999999816e-05 3.532007389999999809e-05 3.531175030000000101e-05 3.530349200000000321e-05 3.529529929999999943e-05
4.523044479999999970e-05 4.498923230000000188e-05 4.480493229999999756e-05 4.469225679999999813e-05 4.463037109999999771e-05 4.460293709999999895e-05 4.459874979999999727e-05 4.461009300000000257e-05 4.463159350000000028e-05 4.465946400000000315e-05 4.469103809999999840e-05 4.472444200000000319e-05 4.475834430000000328e-05 4.479182829999999837e-05 4.482425359999999814e-05 4.485518730000000306e-05 4.488433479999999904e-05 4.491151779999999786e-05 4.493663439999999877e-05 4.495963370000000050e-05 4.498050840000000241e-05 4.499928039999999966e-05 4.501600419999999810e-05 4.503073069999999898e-05 4.504354370000000221e-05 4.505451580000000093e-05 4.506373810000000247e-05 4.507130139999999908e-05 4.507728949999999745e-05 4.508179699999999767e-05 4.508491110000000099e-05 4.508672280000000290e-05 4.508731220000000050e-05 4.508676650000000176e-05 4.508516210000000093e-05 4.508257189999999943e-05 4.507906849999999721e-05 4.507472480000000248e-05 4.506959889999999857e-05 4.506375989999999938e-05 4.505725519999999985e-05 4.505014659999999967e-05 4.504248140000000229e-05 4.503430679999999937e-05 4.502567029999999761e-05 4.501661170000000332e-05 4.500716749999999941e-05 4.499737770000000221e-05 4.498727140000000253e-05 4.497688499999999857e-05 4.496624389999999861e-05 4.495537720000000021e-05 4.494430689999999679e-05 4.493305820000000013e-05 4.492164949999999905e-05 4.491010620000000184e-05 4.489844650000000083e-05 4.488668130000000124e-05 4.487483240000000000e-05 4.486291070000000234e-05 4.485093449999999883e-05 4.483891099999999866e-05 4.482685110000000027e-05 4.481476939999999820e-05 4.480267669999999942e-05 4.479057679999999824e-05 4.477848050000000164e-05 4.476639879999999957e-05 4.475433160000000054e-05 4.474229349999999907e-05 4.473028460000000019e-05 4.471830829999999844e-05 4.470637939999999838e-05 4.469449409999999893e-05 4.468265620000000116e-05 4.467087640000000029e-05 4.465915119999999672e-05 4.464748779999999965e-05 4.463588989999999835e-05 4.462435749999999959e-05 4.461289059999999662e-05 4.460149649999999683e-05 4.459017510000000200e-05 4.457892649999999681e-05 4.456775789999999722e-05 4.455666200000000257e-05 4.454564619999999822e-05 4.453471049999999771e-05 4.452385469999999777e-05 4.451308269999999773e-05 4.450239070000000329e-05 4.449177870000000089e-05 4.448125399999999796e-05 4.447080939999999887e-05 4.446045200000000100e-05 4.445017840000000303e-05 4.443998479999999710e-05 4.442987849999999742e-05 4.441985580000000115e-05 4.440991689999999799e-05
5.690546099999999920e-05 5.657519070000000059e-05 5.634810440000000083e-05 5.621627860000000194e-05 5.614796829999999905e-05 5.612147650000000033e-05 5.612263699999999817e-05 5.614194009999999964e-05 5.617285569999999693e-05 5.621083620000000232e-05 5.625269839999999858e-05 5.629621959999999976e-05 5.633985709999999973e-05 5.638253790000000338e-05 5.642353430000000060e-05 5.646236239999999915e-05 5.649870949999999761e-05 5.653238990000000210e-05 5.656330899999999895e-05 5.659144149999999847e-05 5.661680189999999691e-05 5.663944099999999730e-05 5.665944259999999952e-05 5.667689400000000305e-05 5.669191159999999814e-05 5.670460450000000150e-05 5.671508920000000164e-05 5.672349290000000256e-05 5.672993569999999736e-05 5.673453419999999989e-05 5.673740820000000172e-05 5.673867050000000207e-05 5.673843409999999664e-05 5.673680430000000108e-05 5.673387929999999975e-05 5.672976109999999843e-05 5.672453700000000337e-05 5.671829420000000223e-05 5.671111650000000169e-05 5.670307659999999992e-05 5.669425079999999969e-05 5.668470480000000004e-05 5.667450019999999741e-05 5.666369909999999981e-05 5.665235590000000128e-05 5.664052150000000309e-05 5.662824330000000014e-05 5.661556499999999807e-05 5.660253009999999924e-05 5.658917510000000011e-05 5.657553630000000064e-05 5.656164650000000124e-05 5.654753109999999662e-05 5.653322659999999680e-05 5.651875470000000044e-05 5.650414099999999878e-05 5.648940350000000119e-05 5.647456779999999890e-05 5.645964849999999998e-05 5.644466360000000027e-05 5.642963150000000213e-05 5.641456659999999682e-05 5.639948359999999742e-05 5.638438960000000133e-05 5.636929930000000128e-05 5.635422710000000210e-05 5.633917320000000027e-05 5.632415559999999840e-05 5.630917799999999934e-05 5.629425139999999977e-05 5.627937570000000146e-05 5.626456190000000111e-05 5.624981710000000288e-05 5.623514150000000325e-05 5.622054229999999786e-05 5.620602680000000089e-05 5.619159490000000056e-05 5.617725039999999794e-05 5.616299679999999937e-05 5.614883409999999809e-05 5.613477329999999756e-05 5.612080709999999714e-05 5.610694279999999749e-05 5.609318030000000035e-05 5.607951969999999718e-05 5.606596819999999718e-05 5.605251859999999794e-05 5.603917820000000011e-05 5.602594680000000041e-05 5.601282099999999752e-05 5.599980800000000064e-05 5.598690039999999730e-05 5.597410559999999995e-05 5.596141999999999724e-05 5.594884349999999768e-05 5.593637619999999953e-05 5.592402160000000235e-05 5.591177249999999696e-05 5.589963619999999757e-05 5.588760909999999959e-05
7.156920759999999449e-05 7.114596520000000032e-05 7.087482659999999515e-05 7.072449810000000308e-05 7.065157839999999920e-05 7.062852090000000234e-05 7.063789229999999628e-05 7.066818940000000519e-05 7.071156869999999605e-05 7.076262410000000306e-05 7.081759399999999456e-05 7.087387350000000342e-05 7.092966549999999511e-05 7.098374039999999854e-05 7.103528329999999561e-05 7.108375580000000178e-05 7.112883030000000605e-05 7.117032510000000534e-05 7.120817459999999885e-05 7.124237160000000452e-05 7.127298160000000455e-05 7.130008449999999953e-05 7.132381870000000022e-05 7.134431510000000670e-05 7.136171919999999324e-05 7.137620559999999941e-05 7.138792720000000517e-05 7.139705120000000376e-05 7.140373050000000223e-05 7.140813250000000389e-05 7.141040990000000572e-05 7.141070819999999555e-05 7.140916570000000623e-05 7.140593519999999912e-05 7.140112580000000447e-05 7.139486839999999526e-05 7.138728689999999954e-05 7.137848300000000125e-05 7.136855859999999437e-05 7.135760819999999432e-05 7.134572660000000448e-05 7.133300099999999896e-05 7.131950409999999628e-05 7.130530870000000639e-05 7.129048749999999360e-05 7.127509160000000308e-05 7.125920089999999475e-05 7.124285179999999393e-05 7.122609530000000011e-05 7.120898950000000341e-05 7.119157089999999350e-05 7.117387580000000423e-05 7.115594780000000232e-05 7.113780880000000327e-05 7.111950250000000594e-05 7.110105799999999433e-05 7.108248970000000035e-05 7.106383420000000515e-05 7.104510589999999998e-05 7.102632659999999530e-05 7.100751829999999809e-05 7.098869539999999958e-05 7.096987969999999670e-05 7.095107870000000013e-05 7.093229939999999545e-05 7.091357110000000383e-05 7.089489370000000670e-05 7.087627450000000468e-05 7.085773539999999974e-05 7.083926899999999974e-05 7.082089720000000663e-05 7.080261999999999331e-05 7.078443740000000043e-05 7.076636389999999715e-05 7.074840690000000270e-05 7.073056619999999349e-05 7.071284200000000665e-05 7.069524140000000569e-05 7.067777190000000130e-05 7.066042599999999634e-05 7.064321839999999713e-05 7.062614169999999799e-05 7.060920319999999958e-05 7.059241029999999400e-05 7.057574839999999352e-05 7.055922469999999377e-05 7.054284649999999538e-05 7.052661390000000338e-05 7.051051939999999354e-05 7.049457050000000364e-05 7.047875990000000593e-05 7.046310200000000521e-05 7.044758239999999669e-05 7.043220100000000244e-05 7.041697239999999665e-05 7.040187479999999596e-05 7.038692999999999729e-05 7.037212339999999935e-05 7.035745509999999359e-05 7.034292500000000211e-05
8.999917190000000235e-05 8.947830789999999704e-05 8.916189110000000465e-05 8.899415839999999392e-05 8.891905600000000012e-05 8.890266330000000546e-05 8.892389450000000588e-05 8.896899089999999854e-05 8.902863190000000605e-05 8.909642929999999706e-05 8.916797379999999635e-05 8.924022400000000558e-05 8.931110640000000233e-05 8.937922389999999363e-05 8.944366710000000017e-05 8.950384650000000578e-05 8.955944210000000162e-05 8.961028649999999793e-05 8.965635059999999717e-05 8.969767079999999752e-05 8.973435620000000217e-05 8.976656679999999518e-05 8.979448469999999974e-05 8.981831340000000230e-05 8.983824960000000022e-05 8.985452590000000462e-05 8.986735340000000412e-05 8.987695039999999650e-05 8.988352780000000099e-05 8.988730409999999831e-05 8.988846820000000073e-05 8.988721670000000060e-05 8.988372430000000186e-05 8.987817999999999469e-05 8.987073669999999970e-05 8.986155440000000096e-05 8.985077149999999568e-05 8.983854060000000296e-05 8.982497820000000450e-05 8.981020800000000476e-05 8.979434639999999399e-05 8.977748800000000620e-05 8.975973469999999469e-05 8.974118100000000201e-05 8.972190699999999810e-05 8.970198540000000147e-05 8.968148899999999499e-05 8.966049060000000218e-05 8.963904840000000462e-05 8.961721320000000531e-05 8.959504339999999588e-05 8.957258250000000579e-05 8.954987419999999325e-05 8.952696230000000278e-05 8.950388290000000399e-05 8.948066530000000447e-05 8.945735320000000308e-05 8.943396100000000463e-05 8.941051780000000668e-05 8.938705290000000328e-05 8.936358789999999486e-05 8.934013750000000128e-05 8.931672350000000591e-05 8.929336040000000502e-05 8.927006999999999553e-05 8.924685969999999666e-05 8.922374400000000468e-05 8.920073010000000165e-05 8.917783269999999391e-05 8.915505900000000416e-05 8.913242350000000159e-05 8.910992619999999974e-05 8.908757450000000429e-05 8.906537550000000582e-05 8.904333659999999647e-05 8.902145780000000333e-05 8.899974639999999994e-05 8.897820950000000402e-05 8.895684729999999850e-05 8.893565970000000547e-05 8.891465399999999846e-05 8.889383029999999605e-05 8.887318110000000111e-05 8.885272110000000639e-05 8.883245029999999834e-05 8.881236140000000343e-05 8.879246160000000372e-05 8.877275100000000423e-05 8.875322239999999579e-05 8.873388289999999611e-05 8.871472529999999601e-05 8.869575689999999613e-05 8.867697760000000501e-05 8.865838030000000494e-05 8.863997210000000007e-05 8.862173849999999413e-05 8.860369419999999344e-05 8.858583170000000086e-05 8.856814379999999366e-05 8.855063790000000461e-05
1.131752800000000058e-04 1.125514680000000005e-04 1.121887249999999937e-04 1.120052770000000002e-04 1.119312870000000013e-04 1.119257140000000031e-04 1.119634109999999961e-04 1.120280650000000033e-04 1.121086750000000045e-04 1.121977399999999942e-04 1.122901010000000002e-04 1.123822369999999974e-04 1.124717530000000009e-04 1.125570849999999991e-04 1.126372230000000026e-04 1.127115539999999942e-04 1.127797590000000018e-04 1.128417129999999963e-04 1.128974330000000046e-04 1.129470400000000041e-04 1.129907180000000048e-04 1.130286910000000063e-04 1.130612290000000003e-04 1.130886079999999952e-04 1.131111279999999985e-04 1.131290769999999978e-04 1.131427419999999983e-04 1.131524189999999963e-04 1.131583779999999971e-04 1.131608949999999956e-04 1.131602259999999990e-04 1.131566169999999999e-04 1.131503010000000026e-04 1.131415049999999944e-04 1.131304309999999950e-04 1.131172830000000022e-04 1.131022289999999953e-04 1.130854580000000052e-04 1.130671149999999946e-04 1.130473609999999978e-04 1.130263259999999967e-04 1.130041490000000052e-04 1.129809389999999943e-04 1.129568050000000028e-04 1.129318550000000057e-04 1.129061859999999949e-04 1.128798759999999975e-04 1.128530130000000007e-04 1.128256629999999983e-04 1.127978980000000008e-04 1.127697830000000059e-04 1.127413710000000052e-04 1.127127110000000060e-04 1.126838539999999944e-04 1.126548449999999939e-04 1.126257269999999953e-04 1.125965279999999950e-04 1.125672930000000031e-04 1.125380439999999993e-04 1.125088089999999938e-04 1.124796110000000031e-04 1.124504849999999958e-04 1.124214400000000036e-04 1.123924960000000008e-04 1.123636760000000040e-04 1.123349869999999988e-04 1.123064580000000047e-04 1.122780809999999996e-04 1.122498869999999951e-04 1.122218749999999952e-04 1.121940510000000031e-04 1.121664320000000049e-04 1.121390159999999952e-04 1.121118179999999954e-04 1.120848390000000013e-04 1.120580859999999987e-04 1.120315650000000042e-04 1.120052690000000051e-04 1.119792140000000052e-04 1.119533919999999959e-04 1.119278089999999938e-04 1.119024670000000045e-04 1.118773650000000049e-04 1.118525110000000036e-04 1.118278959999999961e-04 1.118035290000000005e-04 1.117794019999999945e-04 1.117555150000000054e-04 1.117318750000000050e-04 1.117084760000000039e-04 1.116853240000000052e-04 1.116624040000000010e-04 1.116397249999999961e-04 1.116172859999999944e-04 1.115950799999999968e-04 1.115731070000000033e-04 1.115513660000000043e-04 1.115298579999999959e-04 1.115085760000000061e-04 1.114875270000000067e-04
1.423327920000000120e-04 1.416001179999999888e-04 1.411903650000000002e-04 1.409937099999999922e-04 1.409251419999999985e-04 1.409357360000000050e-04 1.409957189999999877e-04 1.410858679999999962e-04 1.411932899999999947e-04 1.413091810000000070e-04 1.414275320000000016e-04 1.415442679999999985e-04 1.416566959999999975e-04 1.417630259999999955e-04 1.418621690000000071e-04 1.419535109999999921e-04 1.420367479999999996e-04 1.421118209999999943e-04 1.421788180000000041e-04 1.422379859999999907e-04 1.422895879999999875e-04 1.423339849999999884e-04 1.423715149999999982e-04 1.424025979999999920e-04 1.424275980000000062e-04 1.424469370000000078e-04 1.424609800000000022e-04 1.424701189999999951e-04 1.424746880000000071e-04 1.424750810000000088e-04 1.424715880000000071e-04 1.424645309999999891e-04 1.424542280000000124e-04 1.424409420000000018e-04 1.424249489999999930e-04 1.424064690000000012e-04 1.423857609999999946e-04 1.423630159999999959e-04 1.423384380000000031e-04 1.423122299999999912e-04 1.422845380000000001e-04 1.422555209999999909e-04 1.422253409999999938e-04 1.421941119999999871e-04 1.421619820000000027e-04 1.421290359999999992e-04 1.420954069999999872e-04 1.420611660000000082e-04 1.420264309999999975e-04 1.419912589999999981e-04 1.419557229999999896e-04 1.419198960000000054e-04 1.418838509999999979e-04 1.418476169999999866e-04 1.418112810000000034e-04 1.417748719999999867e-04 1.417384190000000102e-04 1.417019810000000009e-04 1.416655870000000056e-04 1.416292649999999936e-04 1.415930600000000019e-04 1.415569710000000076e-04 1.415210429999999933e-04 1.414852889999999885e-04 1.414497239999999874e-04 1.414143630000000114e-04 1.413792340000000029e-04 1.413443530000000063e-04 1.413097199999999946e-04 1.412753479999999970e-04 1.412412530000000039e-04 1.412074339999999921e-04 1.411738920000000120e-04 1.411406560000000017e-04 1.411077099999999982e-04 1.410750699999999917e-04 1.410427500000000075e-04 1.410107219999999950e-04 1.409790130000000089e-04 1.409476239999999910e-04 1.409165419999999932e-04 1.408857789999999946e-04 1.408553359999999914e-04 1.408251990000000122e-04 1.407953969999999955e-04 1.407659000000000069e-04 1.407367089999999883e-04 1.407078379999999920e-04 1.406792869999999910e-04 1.406510419999999870e-04 1.406231020000000111e-04 1.405954680000000051e-04 1.405681399999999962e-04 1.405411169999999882e-04 1.405143990000000084e-04 1.404879730000000001e-04 1.404618379999999947e-04 1.404359939999999920e-04 1.404104409999999920e-04 1.403851779999999987e-04
1.790289390000000098e-04 1.781810860000000024e-04 1.777241700000000064e-04 1.775179259999999876e-04 1.774604899999999920e-04 1.774940319999999993e-04 1.775836139999999966e-04 1.777066649999999948e-04 1.778480799999999874e-04 1.779975860000000134e-04 1.781482419999999979e-04 1.782953189999999990e-04 1.784357590000000115e-04 1.785675999999999876e-04 1.786896610000000113e-04 1.788013180000000012e-04 1.789023659999999902e-04 1.789928209999999958e-04 1.790729150000000124e-04 1.791429970000000009e-04 1.792034890000000096e-04 1.792548860000000124e-04 1.792976980000000040e-04 1.793324480000000091e-04 1.793596599999999937e-04 1.793798580000000053e-04 1.793935520000000119e-04 1.794012209999999968e-04 1.794033449999999936e-04 1.794003770000000082e-04 1.793927219999999945e-04 1.793807899999999946e-04 1.793649429999999987e-04 1.793455589999999871e-04 1.793229460000000030e-04 1.792974219999999956e-04 1.792692639999999963e-04 1.792387339999999883e-04 1.792060940000000089e-04 1.791715480000000019e-04 1.791353129999999946e-04 1.790975800000000099e-04 1.790585370000000013e-04 1.790183310000000049e-04 1.789771200000000128e-04 1.789350500000000106e-04 1.788922239999999936e-04 1.788487720000000113e-04 1.788047960000000087e-04 1.787603829999999904e-04 1.787156360000000056e-04 1.786706270000000107e-04 1.786254290000000120e-04 1.785800999999999947e-04 1.785347119999999962e-04 1.784893249999999938e-04 1.784439659999999879e-04 1.783986950000000099e-04 1.783535409999999980e-04 1.783085460000000014e-04 1.782637559999999987e-04 1.782191829999999963e-04 1.781748580000000058e-04 1.781308089999999967e-04 1.780870369999999921e-04 1.780435850000000098e-04 1.780004679999999900e-04 1.779576849999999909e-04 1.779152520000000027e-04 1.778731820000000006e-04 1.778314910000000019e-04 1.777901930000000050e-04 1.777492729999999885e-04 1.777087450000000048e-04 1.776686260000000131e-04 1.776288990000000000e-04 1.775895940000000084e-04 1.775506970000000127e-04 1.775121929999999917e-04 1.774741249999999904e-04 1.774364499999999908e-04 1.773991970000000126e-04 1.773623520000000033e-04 1.773259139999999940e-04 1.772898830000000118e-04 1.772542599999999986e-04 1.772190299999999870e-04 1.771842219999999969e-04 1.771498060000000125e-04 1.771157839999999988e-04 1.770821549999999868e-04 1.770489030000000133e-04 1.770160450000000105e-04 1.769835800000000095e-04 1.769514779999999945e-04 1.769197700000000044e-04 1.768884100000000061e-04 1.768574290000000113e-04 1.768268119999999986e-04 1.767965440000000008e-04
2.252270789999999997e-04 2.242575140000000107e-04 2.237541919999999911e-04 2.235433789999999874e-04 2.235044520000000032e-04 2.235696009999999976e-04 2.236979200000000065e-04 2.238630550000000050e-04 2.240473260000000032e-04 2.242388000000000053e-04 2.244293860000000048e-04 2.246137009999999898e-04 2.247882660000000111e-04 2.249509419999999962e-04 2.251004769999999876e-04 2.252363189999999956e-04 2.253583370000000015e-04 2.254667049999999875e-04 2.255618310000000041e-04 2.256442389999999902e-04 2.257145530000000003e-04 2.257734450000000055e-04 2.258216260000000110e-04 2.258597960000000113e-04 2.258886379999999880e-04 2.259088649999999921e-04 2.259211029999999890e-04 2.259260220000000119e-04 2.259242029999999890e-04 2.259162140000000089e-04 2.259026080000000030e-04 2.258838650000000051e-04 2.258604950000000101e-04 2.258329039999999949e-04 2.258015160000000001e-04 2.257667220000000082e-04 2.257288580000000049e-04 2.256882440000000125e-04 2.256451990000000031e-04 2.255999860000000102e-04 2.255528669999999896e-04 2.255040739999999901e-04 2.254538120000000058e-04 2.254022840000000116e-04 2.253496790000000111e-04 2.252961419999999942e-04 2.252418199999999969e-04 2.251868860000000056e-04 2.251314139999999956e-04 2.250755640000000053e-04 2.250193939999999926e-04 2.249630340000000072e-04 2.249065439999999993e-04 2.248500240000000027e-04 2.247935190000000005e-04 2.247371010000000029e-04 2.246808139999999969e-04 2.246247309999999889e-04 2.245688959999999929e-04 2.245133220000000110e-04 2.244580679999999974e-04 2.244031639999999946e-04 2.243486379999999993e-04 2.242945050000000058e-04 2.242407940000000065e-04 2.241875339999999941e-04 2.241347249999999956e-04 2.240823810000000093e-04 2.240305479999999869e-04 2.239791940000000021e-04 2.239283489999999892e-04 2.238780289999999927e-04 2.238282179999999952e-04 2.237789449999999893e-04 2.237301960000000038e-04 2.236819710000000115e-04 2.236342840000000109e-04 2.235871359999999977e-04 2.235405260000000033e-04 2.234944400000000021e-04 2.234488929999999885e-04 2.234038689999999993e-04 2.233593699999999994e-04 2.233154079999999950e-04 2.232719710000000070e-04 2.232290429999999909e-04 2.231866240000000010e-04 2.231447290000000043e-04 2.231033290000000084e-04 2.230624380000000115e-04 2.230220419999999883e-04 2.229821259999999986e-04 2.229427050000000097e-04 2.229037640000000001e-04 2.228653029999999970e-04 2.228273080000000021e-04 2.227897639999999941e-04 2.227526999999999925e-04 2.227160730000000066e-04 2.226798970000000075e-04
2.834027689999999984e-04 2.823050890000000255e-04 2.817573259999999911e-04 2.815488260000000150e-04 2.815379700000000254e-04 2.816456540000000070e-04 2.818241770000000151e-04 2.820427179999999848e-04 2.822807579999999945e-04 2.825243280000000251e-04 2.827640860000000004e-04 2.829939190000000065e-04 2.832098980000000220e-04 2.834096669999999741e-04 2.835920309999999758e-04 2.837564390000000061e-04 2.839030059999999851e-04 2.840320809999999818e-04 2.841442769999999863e-04 2.842404359999999952e-04 2.843214019999999970e-04 2.843881080000000040e-04 2.844414849999999826e-04 2.844824630000000114e-04 2.845119739999999982e-04 2.845309500000000138e-04 2.845401760000000114e-04 2.845404959999999796e-04 2.845326959999999760e-04 2.845175040000000192e-04 2.844955599999999911e-04 2.844675329999999834e-04 2.844340050000000015e-04 2.843955300000000001e-04 2.843526020000000112e-04 2.843057150000000122e-04 2.842552490000000028e-04 2.842016690000000222e-04 2.841453239999999769e-04 2.840865050000000052e-04 2.840255910000000022e-04 2.839627850000000240e-04 2.838984069999999846e-04 2.838326619999999864e-04 2.837657809999999739e-04 2.836979689999999952e-04 2.836293420000000204e-04 2.835601339999999819e-04 2.834904299999999738e-04 2.834204059999999976e-04 2.833501790000000193e-04 2.832798049999999779e-04 2.832094609999999792e-04 2.831391760000000158e-04 2.830690360000000152e-04 2.829991280000000091e-04 2.829295119999999746e-04 2.828602450000000093e-04 2.827913559999999972e-04 2.827229330000000204e-04 2.826549749999999746e-04 2.825875130000000067e-04 2.825206030000000017e-04 2.824542750000000020e-04 2.823885300000000039e-04 2.823234240000000003e-04 2.822589299999999908e-04 2.821950770000000220e-04 2.821318919999999861e-04 2.820693769999999836e-04 2.820075310000000183e-04 2.819463549999999779e-04 2.818858770000000217e-04 2.818260979999999828e-04 2.817670169999999738e-04 2.817086059999999981e-04 2.816508929999999981e-04 2.815938790000000239e-04 2.815375630000000254e-04 2.814819160000000100e-04 2.814269680000000204e-04 2.813726900000000099e-04 2.813190799999999866e-04 2.812661409999999925e-04 2.812138699999999856e-04 2.811622400000000194e-04 2.811112789999999821e-04 2.810609589999999857e-04 2.810112779999999837e-04 2.809622380000000226e-04 2.809138100000000012e-04 2.808659919999999819e-04 2.808187860000000108e-04 2.807721899999999875e-04 2.807261770000000199e-04 2.806807460000000035e-04 2.806358969999999927e-04 2.805916299999999873e-04 2.805479159999999948e-04 2.805047550000000153e-04
3.566777160000000261e-04 3.554460419999999794e-04 3.548574749999999800e-04 3.546605590000000119e-04 3.546900699999999988e-04 3.548540409999999864e-04 3.550970000000000190e-04 3.553830030000000107e-04 3.556880979999999881e-04 3.559961039999999890e-04 3.562962230000000087e-04 3.565814699999999855e-04 3.568474489999999750e-04 3.570917179999999773e-04 3.573130230000000156e-04 3.575110749999999980e-04 3.576861350000000201e-04 3.578389299999999956e-04 3.579703630000000028e-04 3.580815970000000023e-04 3.581738269999999898e-04 3.582483330000000004e-04 3.583063369999999761e-04 3.583490620000000172e-04 3.583777870000000006e-04 3.583935900000000097e-04 3.583976070000000048e-04 3.583908839999999803e-04 3.583743819999999996e-04 3.583490029999999819e-04 3.583156500000000055e-04 3.582750800000000270e-04 3.582280480000000111e-04 3.581752529999999838e-04 3.581172500000000041e-04 3.580547050000000130e-04 3.579880579999999870e-04 3.579178879999999978e-04 3.578445759999999867e-04 3.577685270000000159e-04 3.576901510000000191e-04 3.576097660000000268e-04 3.575276930000000032e-04 3.574441649999999930e-04 3.573595020000000185e-04 3.572738789999999769e-04 3.571875280000000254e-04 3.571006529999999992e-04 3.570133990000000238e-04 3.569259129999999996e-04 3.568383399999999978e-04 3.567508249999999811e-04 3.566634549999999813e-04 3.565763180000000262e-04 3.564895600000000204e-04 3.564031790000000261e-04 3.563173229999999940e-04 3.562319909999999822e-04 3.561472990000000153e-04 3.560632179999999921e-04 3.559798639999999913e-04 3.558972380000000090e-04 3.558153689999999834e-04 3.557343150000000080e-04 3.556540469999999819e-04 3.555746519999999911e-04 3.554960710000000003e-04 3.554183639999999866e-04 3.553415590000000008e-04 3.552656269999999962e-04 3.551905680000000268e-04 3.551164120000000271e-04 3.550431570000000051e-04 3.549708050000000069e-04 3.548993549999999823e-04 3.548287789999999891e-04 3.547591039999999736e-04 3.546903029999999893e-04 3.546224029999999828e-04 3.545553770000000075e-04 3.544892240000000133e-04 3.544239150000000078e-04 3.543594789999999833e-04 3.542958879999999976e-04 3.542331110000000120e-04 3.541711780000000149e-04 3.541100890000000063e-04 3.540497860000000013e-04 3.539902680000000038e-04 3.539315370000000057e-04 3.538736200000000076e-04 3.538164309999999738e-04 3.537600279999999976e-04 3.537043519999999897e-04 3.536494329999999926e-04 3.535952420000000140e-04 3.535417490000000110e-04 3.534889549999999797e-04 3.534368880000000250e-04 3.533854909999999952e-04
4.489887209999999834e-04 4.476181639999999911e-04 4.469947019999999968e-04 4.468216790000000211e-04 4.469072450000000194e-04 4.471448189999999937e-04 4.474698509999999957e-04 4.478406039999999937e-04 4.482290530000000261e-04 4.486164250000000252e-04 4.489903219999999829e-04 4.493427699999999947e-04 4.496689650000000116e-04 4.499662609999999815e-04 4.502336380000000228e-04 4.504709500000000141e-04 4.506788969999999772e-04 4.508585550000000037e-04 4.510113499999999793e-04 4.511388250000000267e-04 4.512426390000000222e-04 4.513244490000000125e-04 4.513859460000000171e-04 4.514287579999999816e-04 4.514544269999999789e-04 4.514644389999999800e-04 4.514602189999999829e-04 4.514430770000000116e-04 4.514142350000000079e-04 4.513749150000000219e-04 4.513261079999999971e-04 4.512688319999999856e-04 4.512040180000000079e-04 4.511324810000000058e-04 4.510549769999999941e-04 4.509722639999999799e-04 4.508849520000000194e-04 4.507936250000000016e-04 4.506988330000000057e-04 4.506010739999999934e-04 4.505007820000000193e-04 4.503983359999999786e-04 4.502941450000000258e-04 4.501884979999999821e-04 4.500817159999999741e-04 4.499740899999999776e-04 4.498657949999999980e-04 4.497571210000000149e-04 4.496482429999999796e-04 4.495393080000000094e-04 4.494305180000000019e-04 4.493219599999999890e-04 4.492138100000000263e-04 4.491061549999999830e-04 4.489991119999999880e-04 4.488927369999999801e-04 4.487871189999999831e-04 4.486823449999999746e-04 4.485784449999999975e-04 4.484754749999999906e-04 4.483734959999999812e-04 4.482725640000000166e-04 4.481726499999999958e-04 4.480738429999999968e-04 4.479761119999999810e-04 4.478795159999999836e-04 4.477840560000000006e-04 4.476897299999999858e-04 4.475965399999999855e-04 4.475045429999999886e-04 4.474136800000000141e-04 4.473240109999999849e-04 4.472354780000000244e-04 4.471481080000000246e-04 4.470619019999999815e-04 4.469768320000000071e-04 4.468928960000000008e-04 4.468100670000000165e-04 4.467284019999999889e-04 4.466478129999999986e-04 4.465683600000000227e-04 4.464899539999999832e-04 4.464126540000000237e-04 4.463364019999999967e-04 4.462612270000000029e-04 4.461870700000000072e-04 4.461139320000000056e-04 4.460417840000000054e-04 4.459706540000000032e-04 4.459005140000000026e-04 4.458313340000000149e-04 4.457631149999999819e-04 4.456958270000000236e-04 4.456294699999999772e-04 4.455640160000000089e-04 4.454994630000000183e-04 4.454357840000000048e-04 4.453729780000000265e-04 4.453110449999999752e-04 4.452499269999999742e-04
5.653009280000000037e-04 5.637881109999999529e-04 5.631386300000000046e-04 5.630055680000000014e-04 5.631671519999999860e-04 5.634999249999999562e-04 5.639290319999999950e-04 5.644056949999999616e-04 5.648973749999999881e-04 5.653821860000000313e-04 5.658459270000000237e-04 5.662795740000000277e-04 5.666778890000000483e-04 5.670382520000000377e-04 5.673596750000000407e-04 5.676425639999999528e-04 5.678881429999999789e-04 5.680979810000000296e-04 5.682740589999999955e-04 5.684185310000000515e-04 5.685337240000000068e-04 5.686217340000000514e-04 5.686848310000000052e-04 5.687251099999999539e-04 5.687446099999999899e-04 5.687451339999999560e-04 5.687286029999999827e-04 5.686965889999999685e-04 5.686507210000000178e-04 5.685923969999999656e-04 5.685229549999999948e-04 5.684436759999999741e-04 5.683556080000000529e-04 5.682598570000000401e-04 5.681572370000000441e-04 5.680487370000000162e-04 5.679351159999999595e-04 5.678170710000000161e-04 5.676951840000000289e-04 5.675700960000000387e-04 5.674423880000000007e-04 5.673124110000000303e-04 5.671807449999999784e-04 5.670476239999999940e-04 5.669135129999999540e-04 5.667786460000000075e-04 5.666433719999999525e-04 5.665079219999999503e-04 5.663725310000000375e-04 5.662373149999999676e-04 5.661025639999999913e-04 5.659683959999999622e-04 5.658349259999999629e-04 5.657022699999999637e-04 5.655706050000000162e-04 5.654399280000000239e-04 5.653104160000000386e-04 5.651820679999999559e-04 5.650550009999999587e-04 5.649292730000000321e-04 5.648048249999999782e-04 5.646818319999999652e-04 5.645602360000000078e-04 5.644400369999999978e-04 5.643213520000000096e-04 5.642041800000000473e-04 5.640884630000000174e-04 5.639742010000000283e-04 5.638615110000000461e-04 5.637502759999999963e-04 5.636405549999999685e-04 5.635323469999999665e-04 5.634255940000000053e-04 5.633203549999999575e-04 5.632165699999999546e-04 5.631142409999999885e-04 5.630133089999999696e-04 5.629138899999999767e-04 5.628158110000000504e-04 5.627191859999999520e-04 5.626239000000000327e-04 5.625300109999999522e-04 5.624374610000000508e-04 5.623462490000000072e-04 5.622563190000000452e-04 5.621677260000000533e-04 5.620803570000000495e-04 5.619942680000000268e-04 5.619094010000000002e-04 5.618257559999999696e-04 5.617433340000000394e-04 5.616620770000000078e-04 5.615819250000000061e-04 5.615029950000000004e-04 5.614251130000000355e-04 5.613483949999999731e-04 5.612727249999999515e-04 5.611981029999999707e-04 5.611245870000000158e-04 5.610520600000000122e-04
7.118764920000000525e-04 7.102202509999999865e-04 7.095574980000000529e-04 7.094854370000000304e-04 7.097482449999999513e-04 7.102032540000000321e-04 7.107633859999999736e-04 7.113720060000000220e-04 7.119909859999999820e-04 7.125950649999999607e-04 7.131678870000000446e-04 7.136993230000000495e-04 7.141836689999999993e-04 7.146184220000000292e-04 7.150030579999999561e-04 7.153385089999999592e-04 7.156266369999999708e-04 7.158698279999999980e-04 7.160708770000000396e-04 7.162326359999999755e-04 7.163581899999999468e-04 7.164503910000000501e-04 7.165121500000000377e-04 7.165461429999999505e-04 7.165549910000000491e-04 7.165411370000000042e-04 7.165067949999999681e-04 7.164541170000000153e-04 7.163850239999999510e-04 7.163013220000000398e-04 7.162046389999999563e-04 7.160965470000000329e-04 7.159783850000000149e-04 7.158513760000000028e-04 7.157167419999999926e-04 7.155754720000000440e-04 7.154284980000000108e-04 7.152767499999999716e-04 7.151209279999999483e-04 7.149616719999999856e-04 7.147997379999999901e-04 7.146356510000000323e-04 7.144698170000000079e-04 7.143028199999999685e-04 7.141349489999999521e-04 7.139666700000000480e-04 7.137982759999999529e-04 7.136299970000000489e-04 7.134621260000000324e-04 7.132948959999999483e-04 7.131284799999999726e-04 7.129631120000000377e-04 7.127989080000000054e-04 7.126359269999999651e-04 7.124744009999999655e-04 7.123143879999999919e-04 7.121560050000000103e-04 7.119992520000000208e-04 7.118442449999999935e-04 7.116910420000000220e-04 7.115396439999999937e-04 7.113901080000000062e-04 7.112424360000000516e-04 7.110967419999999995e-04 7.109529109999999843e-04 7.108110589999999760e-04 7.106711269999999936e-04 7.105331170000000291e-04 7.103970859999999632e-04 7.102629750000000316e-04 7.101307270000000284e-04 7.100004590000000282e-04 7.098720529999999604e-04 7.097455090000000417e-04 7.096208280000000515e-04 7.094980099999999897e-04 7.093769959999999836e-04 7.092577870000000293e-04 7.091403820000000222e-04 7.090246649999999923e-04 7.089106950000000290e-04 7.087984700000000320e-04 7.086878760000000230e-04 7.085789689999999951e-04 7.084716339999999743e-04 7.083659880000000349e-04 7.082618540000000171e-04 7.081592920000000062e-04 7.080582440000000172e-04 7.079587090000000540e-04 7.078606290000000233e-04 7.077640040000000334e-04 7.076687759999999907e-04 7.075750039999999848e-04 7.074825700000000536e-04 7.073914749999999762e-04 7.073017189999999694e-04 7.072133010000000372e-04 7.071261059999999887e-04 7.070401920000000257e-04
8.966138699999999821e-04 8.948160680000000460e-04 8.941577399999999952e-04 8.941736890000000172e-04 8.945695009999999562e-04 8.951802739999999668e-04 8.959049009999999705e-04 8.966771999999999807e-04 8.974527589999999749e-04 8.982022989999999610e-04 8.989070190000000371e-04 8.995556849999999894e-04 9.001423020000000287e-04 9.006645410000000285e-04 9.011225189999999552e-04 9.015179819999999877e-04 9.018537240000000206e-04 9.021332369999999785e-04 9.023603050000000283e-04 9.025387699999999971e-04 9.026726469999999964e-04 9.027657799999999535e-04 9.028218339999999689e-04 9.028443019999999632e-04 9.028365020000000138e-04 9.028015190000000453e-04 9.027422060000000418e-04 9.026612390000000440e-04 9.025609469999999615e-04 9.024436590000000291e-04 9.023113530000000408e-04 9.021658920000000335e-04 9.020089639999999843e-04 9.018421410000000086e-04 9.016667029999999791e-04 9.014839889999999665e-04 9.012951049999999966e-04 9.011010410000000167e-04 9.009027849999999820e-04 9.007010380000000189e-04 9.004966120000000270e-04 9.002902080000000241e-04 9.000822899999999993e-04 8.998734989999999934e-04 8.996642430000000024e-04 8.994549280000000303e-04 8.992459629999999607e-04 8.990375789999999548e-04 8.988301850000000046e-04 8.986239549999999569e-04 8.984191229999999610e-04 8.982158619999999760e-04 8.980144050000000468e-04 8.978148110000000459e-04 8.976172540000000371e-04 8.974217930000000015e-04 8.972286010000000067e-04 8.970376800000000447e-04 8.968490869999999962e-04 8.966628809999999507e-04 8.964791200000000017e-04 8.962978610000000299e-04 8.961190470000000461e-04 8.959427360000000356e-04 8.957689279999999981e-04 8.955976230000000423e-04 8.954288209999999512e-04 8.952624629999999606e-04 8.950986080000000516e-04 8.949372570000000034e-04 8.947782919999999621e-04 8.946217710000000213e-04 8.944676369999999752e-04 8.943158900000000404e-04 8.941664710000000191e-04 8.940193220000000347e-04 8.938745009999999637e-04 8.937318930000000489e-04 8.935914959999999730e-04 8.934533109999999488e-04 8.933172789999999953e-04 8.931833440000000110e-04 8.930515030000000078e-04 8.929216420000000076e-04 8.927938759999999845e-04 8.926680309999999834e-04 8.925441649999999892e-04 8.924221620000000318e-04 8.923020799999999879e-04 8.921838019999999998e-04 8.920673860000000524e-04 8.919527169999999549e-04 8.918397360000000513e-04 8.917285599999999826e-04 8.916190130000000184e-04 8.915110960000000462e-04 8.914048079999999617e-04 8.913000929999999886e-04 8.911969490000000264e-04 8.910953179999999817e-04
