1.112736058081305460e-14 1.031353070033173578e-14 9.645653896060039087e-15 9.920006227011787724e-15 1.038883059327632347e-14 9.867852910770909457e-15 9.305838301912661181e-15 8.918894188574907090e-15 8.629674407183542985e-15 8.105695408458630468e-15 7.890423241846295364e-15 7.125045780811890174e-15 6.336395464946089447e-15 5.559754622990060140e-15 5.063785219677315129e-15 4.706529222055287674e-15 4.335176129239340357e-15 3.942083374449630419e-15 3.494898915286243948e-15 3.096448845044682528e-15 2.742119183654929268e-15 2.427518852120544356e-15 2.148538451088584153e-15 1.901381638095161085e-15 1.682576579946858625e-15 1.488973451705679176e-15 1.317732602903519256e-15 1.166306867948178687e-15 1.032420568502928387e-15 9.140470244874950910e-16 8.093858295985030154e-16 7.168407269183126998e-16 6.349986114818650715e-16 5.626099647051008097e-16 4.985708696465560730e-16 4.419066491127053543e-16 3.917570979676738799e-16 3.473632362635150088e-16 3.080554837404405787e-16 2.732431428782192179e-16 2.424050731673777342e-16 2.150814406044605255e-16 1.908664312111074415e-16 1.694018245193743581e-16 1.513487328925275135e-16 1.351099946870653045e-16 1.200143805255883668e-16 1.064795576710517052e-16 9.421879944196243314e-17 8.323230704402638117e-17 7.335477382757683002e-17 6.440789504463589941e-17 5.648142027829070014e-17 4.938101891938126369e-17 4.301172138860219518e-17 3.741472908272860565e-17 3.249440978065477856e-17 2.785400662559685945e-17 2.429298908744905784e-17 2.091904248006670772e-17 1.806308122123044397e-17 1.566671463899781829e-17 1.350386565113978380e-17 1.162734247100078576e-17 1.006483459158249083e-17 8.597162519181707380e-18 7.338355152759026806e-18 6.262404026092482963e-18 5.300157404669471112e-18 4.473995115075527102e-18 3.776045544118578306e-18 3.178874545254936590e-18 2.642360491647303769e-18 2.192949780687780904e-18 1.806391115593362733e-18 1.486529557674355321e-18 1.223067960949632488e-18 1.041175120171023700e-18 8.431268261612949517e-19 6.835414742921329392e-19 5.670112544049465662e-19 4.736055023410215218e-19 3.988554526826973910e-19 3.357019807838867513e-19 2.815064962663453223e-19 2.358328805740917462e-19 1.974881673921099643e-19 1.644751344381743030e-19 1.379176733846336339e-19 1.149037427831943943e-19 9.690995723229017030e-20 8.195066412885225979e-20 6.942826194945835998e-20 5.879320796875822484e-20 4.960571444742748993e-20 4.255170926927887339e-20 3.647911096215100012e-20 3.116454507208957625e-20 2.662261612650740931e-20 2.275096269999320941e-20
1.579308419152728823e-14 1.463807706147298982e-14 1.368796734756784827e-14 1.407537373390866527e-14 1.474219697971384324e-14 1.400639304357213044e-14 1.320924185985873129e-14 1.266011171773122837e-14 1.224962371979553491e-14 1.150589382322955611e-14 1.120053106756149802e-14 1.011450089554490923e-14 8.995388988308446945e-15 7.892536063239040172e-15 7.187667638099333457e-15 6.679927364094872180e-15 6.152440354236535856e-15 5.594255611089073275e-15 4.959255566985591353e-15 4.393527391160685660e-15 3.890502316413711306e-15 3.443930020513198521e-15 3.047962484458524570e-15 2.697198585843734055e-15 2.386700197554447844e-15 2.111988373678140615e-15 1.869026248635158424e-15 1.654193625133502780e-15 1.464256889494534240e-15 1.296336843324471521e-15 1.147876237379594104e-15 1.016608192642508409e-15 9.005262533090767931e-16 7.978565003863486227e-16 7.070319330328264548e-16 6.266691732185570651e-16 5.555474493777300410e-16 4.925897517422739837e-16 4.368460155079976457e-16 3.874781695050757888e-16 3.437468820399485807e-16 3.049998378066562226e-16 2.706613868909837921e-16 2.402234172543955651e-16 2.146215412397180050e-16 1.915929836129072686e-16 1.701862148795518868e-16 1.509929660161958001e-16 1.336066672256938833e-16 1.180274624647107810e-16 1.040209478910798661e-16 9.133431027161635669e-17 8.009461419483349336e-17 7.002635304848864396e-17 6.099485117621025442e-17 5.305842893347291090e-17 4.608149395128585074e-17 3.950185429206559841e-17 3.445216612817111577e-17 2.966792834321437718e-17 2.561816364220731123e-17 2.221996835428278570e-17 1.915291890636150561e-17 1.649184663210343294e-17 1.427597888034797799e-17 1.219463494298173895e-17 1.040944436430180964e-17 8.883531910383677392e-18 7.518863492734661372e-18 6.347165444664735030e-18 5.357280666986082845e-18 4.510304443375134267e-18 3.749353200733924277e-18 3.111917096876353667e-18 2.563630255437219786e-18 2.109934760332647105e-18 1.736212539952116036e-18 1.478235619914304166e-18 1.197238947039998677e-18 9.708066969944261142e-19 8.054786389181889049e-19 6.729491494121202849e-19 5.668756069528118193e-19 4.772434204926509872e-19 4.003087470147697923e-19 3.354599440978583882e-19 2.810077295417283810e-19 2.341270592108325637e-19 1.964058405510100517e-19 1.637161632563025584e-19 1.381390117468489347e-19 1.168877291739867020e-19 9.909612024445364339e-20 8.397941989450530970e-20 7.091469354687657433e-20 6.088411636940001302e-20 5.224508424860421337e-20 4.467954265492364519e-20 3.821244824447635173e-20 3.269746632286931910e-20
2.242049949015663056e-14 2.078130434843702779e-14 1.942882558465149842e-14 1.997537270388862723e-14 2.092467248124594468e-14 1.988675423031846314e-14 1.875613178796189681e-14 1.797675383167917739e-14 1.739407380791593279e-14 1.633818570342748834e-14 1.590502684031713253e-14 1.436370090513038935e-14 1.277529073363139105e-14 1.120851212561139480e-14 1.020607975478705136e-14 9.483973181521959187e-15 8.734299932124373983e-15 7.941323729782763829e-15 7.039202712421449552e-15 6.235616186099336087e-15 5.521202659422546892e-15 4.887056142295403088e-15 4.324846113004028050e-15 3.826881023695494038e-15 3.386130933722694064e-15 2.996221656015237657e-15 2.651409952605697732e-15 2.346546921351758916e-15 2.077034783228000361e-15 1.838780767065360255e-15 1.628150634593019879e-15 1.441923527506059956e-15 1.277249188867087021e-15 1.131608160574263521e-15 1.002775243483423947e-15 8.887862919396569816e-16 7.879082732656390423e-16 6.986124342151309101e-16 6.195503653474157358e-16 5.495327289002542177e-16 4.875104079302056232e-16 4.325578382571880579e-16 3.838582954320718390e-16 3.406909240662674039e-16 3.043792481152431860e-16 2.717179142618859117e-16 2.413580096887644501e-16 2.141377568199911507e-16 1.894805975782513684e-16 1.673864822072102929e-16 1.475229945533703818e-16 1.295316507730792796e-16 1.135922871895608698e-16 9.931429384913937595e-17 8.650666599717660846e-17 7.525192506862988907e-17 6.535780739630551972e-17 5.602777886398510150e-17 4.886632917687961844e-17 4.208165362948273883e-17 3.633850844764311773e-17 3.151913578712282928e-17 2.716940565820399847e-17 2.339534849475618199e-17 2.025252905988679354e-17 1.730056634389170264e-17 1.476855987379435734e-17 1.260422400511552893e-17 1.066857413681630601e-17 9.006587799535615074e-18 7.602451350154294081e-18 6.400987008099356113e-18 5.321541933042187463e-18 4.417262960665668805e-18 3.639454696378585039e-18 2.995816508989595325e-18 2.465588080404551741e-18 2.099646836636342579e-18 1.700861439409517927e-18 1.379498741579476148e-18 1.144883162161144842e-18 9.567948938577162639e-19 8.062286609255361334e-19 6.789738999992234264e-19 5.697171763811649372e-19 4.776032042039895075e-19 4.002405386458140375e-19 3.336354189140479244e-19 2.800294046879787507e-19 2.335709873964589262e-19 1.971883174939540629e-19 1.669813580525279755e-19 1.416881310690242459e-19 1.201858774226062167e-19 1.015924130608586937e-19 8.731763185903139873e-20 7.501609217129750757e-20 6.423440807203894733e-20 5.501556325524280516e-20 4.714991506208858268e-20
3.183709888598523755e-14 2.951113110550717067e-14 2.758460040722879882e-14 2.835481036540216255e-14 2.970777284178156093e-14 2.824620037708912424e-14 2.664284166198984814e-14 2.553663901901690273e-14 2.470948356532468912e-14 2.321006955677691922e-14 2.259568305779427926e-14 2.040772163063402952e-14 1.815262264744324800e-14 1.592555299297716309e-14 1.449873240025705741e-14 1.347087290746868951e-14 1.240470097295001361e-14 1.127752348210690041e-14 9.995152831337357669e-15 8.853065729843455371e-15 7.837903793187381372e-15 6.936960909850933343e-15 6.138355552258276678e-15 5.431121513970609399e-15 4.805239780121287365e-15 4.251629504520930407e-15 3.762111884414469142e-15 3.329357227312973143e-15 2.946822694101291728e-15 2.608686011853662715e-15 2.309778784306968001e-15 2.045521789257844619e-15 1.811863749764630270e-15 1.605224422134687264e-15 1.422442394785107050e-15 1.260727687304053557e-15 1.117619039531558992e-15 9.909456562113184548e-16 8.787931017134626461e-16 7.794730047706887589e-16 6.914962233614673521e-16 6.135491263051479249e-16 5.444726643023653992e-16 4.832439253673174242e-16 4.317341640192444453e-16 3.854035755649567969e-16 3.423398472370159463e-16 3.037301671385562360e-16 2.687568179939703356e-16 2.374192729699355871e-16 2.092460618154730908e-16 1.837288129115218355e-16 1.611219476135525953e-16 1.408716305496352974e-16 1.227069278415508008e-16 1.067445495156929646e-16 9.271184995007927360e-17 7.948040271414643772e-17 6.932270502023823039e-17 5.969997906762879654e-17 5.155437225069907614e-17 4.471852927314357631e-17 3.854884336301978779e-17 3.319553649663552999e-17 2.873730053615421880e-17 2.454990803118749396e-17 2.095809068827171477e-17 1.788770637288412303e-17 1.514170532611882293e-17 1.278385325877114133e-17 1.079173696534799800e-17 9.087087275648362912e-18 7.555541762724681162e-18 6.272444563897339351e-18 5.168802197809359878e-18 4.255502142880568690e-18 3.503046413132438429e-18 2.983859106830410680e-18 2.417732976383173045e-18 1.961492868318911403e-18 1.628453292151970443e-18 1.361429698375819402e-18 1.147630926297038249e-18 9.668867914460574223e-19 8.116537734381440363e-19 6.807404473508737510e-19 5.707624879376235102e-19 4.760779065412705805e-19 3.998475125433332366e-19 3.337763938771840947e-19 2.819765389332995946e-19 2.390090848302004169e-19 2.030241253997985420e-19 1.724116297220006468e-19 1.459225706343174529e-19 1.255870612695898405e-19 1.080499344532213372e-19 9.266396430414245042e-20 7.950368172446665499e-20 6.826796033359333086e-20
4.521994149811617792e-14 4.192087633148014089e-14 3.917492235555213315e-14 4.025890029098188356e-14 4.218986311568588442e-14 4.013656150926461960e-14 3.786356198438775315e-14 3.629365888566886803e-14 3.511954242955633346e-14 3.298987461865241152e-14 3.211865381120106350e-14 2.901211776380606906e-14 2.580959127166710482e-14 2.264187242839441957e-14 2.060885709554804524e-14 1.914421530368207075e-14 1.762663833688977300e-14 1.602325570381513482e-14 1.419899203289456617e-14 1.257467152698396249e-14 1.113120376994809613e-14 9.850433071882385853e-15 8.715387416720637647e-15 7.710408796914547285e-15 6.821198282356990166e-15 6.034802099902748225e-15 5.339558798342966659e-15 4.725022421439316923e-15 4.181872493220713771e-15 3.701818424735610267e-15 3.277503533624777861e-15 2.902412077225736121e-15 2.570781400876641481e-15 2.277520379974250307e-15 2.018134693536786735e-15 1.788659034150657854e-15 1.585596077350001141e-15 1.405861859372426234e-15 1.246737113838585084e-15 1.105824071374667778e-15 9.810082145441842037e-16 8.704244915355515071e-16 7.724275167821394004e-16 6.855653196008288581e-16 6.124817395201230206e-16 5.467483301807054174e-16 4.856539546338831367e-16 4.308796797134622711e-16 3.812655806496885240e-16 3.368100898806293487e-16 2.968444072843010752e-16 2.606475141911157923e-16 2.285791641678374460e-16 1.998540286135107169e-16 1.740877248950837431e-16 1.514452168310690501e-16 1.315398260958252420e-16 1.127731801438933081e-16 9.836322223322435913e-17 8.471319140242870080e-17 7.315832996641109842e-17 6.346063501201648033e-17 5.470800780388559015e-17 4.711325280726964528e-17 4.078778893346994444e-17 3.484679149023833821e-17 2.975053991554478977e-17 2.539388842342916266e-17 2.149744755821266395e-17 1.815162365797188751e-17 1.532465051865650504e-17 1.290548325263662323e-17 1.073194604390968332e-17 8.910854972377290946e-18 7.344468877097377842e-18 6.048173692814458415e-18 4.980030252717544107e-18 4.243246132938000583e-18 3.439242526296503226e-18 2.791252268469888239e-18 2.318322449999302621e-18 1.939084327994601369e-18 1.635359538154764636e-18 1.378508934387114993e-18 1.157818555384493705e-18 9.716369866477789692e-19 8.151768395191617729e-19 6.804748081022664001e-19 5.719817034873319606e-19 4.779386984417192156e-19 4.041054750477479300e-19 3.429322621083114700e-19 2.916876749352615930e-19 2.480563774527485994e-19 2.102704873071549512e-19 1.812641832514117651e-19 1.562269534353706359e-19 1.342332132025595355e-19 1.154129251966971423e-19 9.933216633158187882e-20
6.424208702914990844e-14 5.956672698653475772e-14 5.565091455374188525e-14 5.717414513870434256e-14 5.993472807501260433e-14 5.705951654394117487e-14 5.383924273672719427e-14 5.161207574938136963e-14 4.994600718458561111e-14 4.692083807570798863e-14 4.568607103049308331e-14 4.127453562775476573e-14 3.672521820771069996e-14 3.221598488249642058e-14 2.931545742315353986e-14 2.722564842868155512e-14 2.506326998371130412e-14 2.278044960140246817e-14 2.018285446968547895e-14 1.787062473253631719e-14 1.581643053974316387e-14 1.399428129789740766e-14 1.237988844847380301e-14 1.095085426461248792e-14 9.686736166578358423e-15 8.569025349389625559e-15 7.581069203708264022e-15 6.707959330944701526e-15 5.936400855021742415e-15 5.254574030579132542e-15 4.651995609076753347e-15 4.119384817783800417e-15 3.648536925808155340e-15 3.232206041811213239e-15 2.863997870237327604e-15 2.538272536781003439e-15 2.250057195573344732e-15 1.994967887094565074e-15 1.769139980377117513e-15 1.569166471380194255e-15 1.392043396901171166e-15 1.235121642632372971e-15 1.096064462228920661e-15 9.728100734931892030e-16 8.690906021168899751e-16 7.758056957690935936e-16 6.891115005838103139e-16 6.113877593197496318e-16 5.409888069112249451e-16 4.779109441126724282e-16 4.212052552602240232e-16 3.698489653931443861e-16 3.243504339091377542e-16 2.835959696094775142e-16 2.470401067877027761e-16 2.149158353922455397e-16 1.866746704654078984e-16 1.600529996258016205e-16 1.396063436815891266e-16 1.202397618378749248e-16 1.038455204615192213e-16 9.008485911908733636e-17 7.766525233176677613e-17 6.688811019527077869e-17 5.791114300935542402e-17 4.948013605696452115e-17 4.224748945482273799e-17 3.606406994866853874e-17 3.053371296936795263e-17 2.578460315462045754e-17 2.177171968517233858e-17 1.833747972992644659e-17 1.525187783506921405e-17 1.266635484900584694e-17 1.044246392314248566e-17 8.601930632950702111e-18 7.085081088475655658e-18 6.039189560683141235e-18 4.896791712261098247e-18 3.975990676397560152e-18 3.304096483822368138e-18 2.765214839205934074e-18 2.333493964893182337e-18 1.968251992063815943e-18 1.654264219961719837e-18 1.389256660834886370e-18 1.166460835858137007e-18 9.746498280090686109e-19 8.200797658124876965e-19 6.860809750051535746e-19 5.806944713951937825e-19 4.935039860312843140e-19 4.204427040013922728e-19 3.581694287062190337e-19 3.041828387854723008e-19 2.627431520599555063e-19 2.269338885802072599e-19 1.954284697907516491e-19 1.684545790230997106e-19 1.453844811070798107e-19
9.127792141345080310e-14 8.466168308310406885e-14 7.907653015724047214e-14 8.121326497046023971e-14 8.516793313217170535e-14 8.115990594775578321e-14 7.660261702438502736e-14 7.344549093663533750e-14 7.108312847590647149e-14 6.678623423549802267e-14 6.503795652459088183e-14 5.877268109145341640e-14 5.230852277724551004e-14 4.588369332684143102e-14 4.173887586799078653e-14 3.875216601860337884e-14 3.566701057891489936e-14 3.241322335307053019e-14 2.871008283789455784e-14 2.541490901763650214e-14 2.248849932310850897e-14 1.989356621685538846e-14 1.759527254894487604e-14 1.556150868053416153e-14 1.376298586790970317e-14 1.217320392643213749e-14 1.076833698858209580e-14 9.527069550808751732e-15 8.430405848903590247e-15 7.461468593694132664e-15 6.605297863495331302e-15 5.848657119174905519e-15 5.179850562161273624e-15 4.588554127969281944e-15 4.065661086478433887e-15 3.603142340268287634e-15 3.193920948868707855e-15 2.831760066881633705e-15 2.511163298832615788e-15 2.227286393589989039e-15 1.975859190535396614e-15 1.753116763299546784e-15 1.555738766792229399e-15 1.380796067761475630e-15 1.233551144261031676e-15 1.101125564875997788e-15 9.780691308062108105e-16 8.677494539443702480e-16 7.678311317099544112e-16 6.783062600608688571e-16 5.978281325175702344e-16 5.249456364097632436e-16 4.603765203641422702e-16 4.025412364676216317e-16 3.506654970975094683e-16 3.050780496435629379e-16 2.650007490503651796e-16 2.272286211469555848e-16 1.982085826377075819e-16 1.707247069172227267e-16 1.474585114606249306e-16 1.279273120022791630e-16 1.102996106799003395e-16 9.500222906545763280e-17 8.225831853544531420e-17 7.029006156334647788e-17 6.002215877018609308e-17 5.124305300676963249e-17 4.339094496121066501e-17 3.664759757603496489e-17 3.094920727863613010e-17 2.607208317239495585e-17 2.168997377669602318e-17 1.801759980508631424e-17 1.485889252259159442e-17 1.224449807536836179e-17 1.008942594408725162e-17 8.604185720244388183e-18 6.979961618982760342e-18 5.670653221033946897e-18 4.715528182110070958e-18 3.949315117778018454e-18 3.335218930267647414e-18 2.815419206815755607e-18 2.368267496156198994e-18 1.990659949608905058e-18 1.673033725352188702e-18 1.399583662530167875e-18 1.179083438721482977e-18 9.879008281544578326e-19 8.372137713422600777e-19 7.127672389540046186e-19 6.084479264587810165e-19 5.194138600564523264e-19 4.421276956361008766e-19 3.828089035463084114e-19 3.314788945499115719e-19 2.862312036887534203e-19 2.474662417258447546e-19 2.142715895760862637e-19
1.296880503485980237e-13 1.203469059311617773e-13 1.123832486953445550e-13 1.153747759027844328e-13 1.210533905239336526e-13 1.155008663260890930e-13 1.090631580003658963e-13 1.045942581394499991e-13 1.012494454943078571e-13 9.514871825984124725e-14 9.267767561928371553e-14 8.378061363870564388e-14 7.459419890263552641e-14 6.543032583119984316e-14 5.949602009071305527e-14 5.521895965630125674e-14 5.081025146217178670e-14 4.616617151438727541e-14 4.087912778789473782e-14 3.617650854075478614e-14 3.200196321555613123e-14 2.830186462913319362e-14 2.502611346147140316e-14 2.212855335900387182e-14 1.956711068706200434e-14 1.730374717104491107e-14 1.530429158886678923e-14 1.353819876835444956e-14 1.197827015381610404e-14 1.060035958874508344e-14 9.383080097713219435e-15 8.307521744657361645e-15 7.356986589674810515e-15 6.516743943276635084e-15 5.773807199528894980e-15 5.116732265467014537e-15 4.535436804529622731e-15 4.021039037653753855e-15 3.565714594788000804e-15 3.162569808957547991e-15 2.805529842397384660e-15 2.489240093316833695e-15 2.208979426920133156e-15 1.960583888456235190e-15 1.751463161306691774e-15 1.563400060116342697e-15 1.388666044225212633e-15 1.232024540120945414e-15 1.090160259806781834e-15 9.630572050181538829e-16 8.488034796973651216e-16 7.453397144260401392e-16 6.536782082051884319e-16 5.715783268329415026e-16 4.979405483929282853e-16 4.332281561186631176e-16 3.763369200386445011e-16 3.227303576853848814e-16 2.815282048043092859e-16 2.425128041918490378e-16 2.094838557518810783e-16 1.817526943591170529e-16 1.567243257429479639e-16 1.350030093851097211e-16 1.169043437668516154e-16 9.990831062031517828e-17 8.532554547160277885e-17 7.285587634174259311e-17 6.170252500419389096e-17 5.212325158353386369e-17 4.402763781092533883e-17 3.709803270985641845e-17 3.087158058754491070e-17 2.565274560577556772e-17 2.116391931056287214e-17 1.744827529173459371e-17 1.438461913725911475e-17 1.227447417996583740e-17 9.963411585568066187e-18 8.100178101049570027e-18 6.741428992236375234e-18 5.651119487365705847e-18 4.776823904684810800e-18 4.036306256114721532e-18 3.398759155031951700e-18 2.859996442629722402e-18 2.406518945180599915e-18 2.016117331878478422e-18 1.701059947580151848e-18 1.427842426962562629e-18 1.211916496009109650e-18 1.033986445494191249e-18 8.847639148095443532e-19 7.571963024267047786e-19 6.462841519399364973e-19 5.611664192077732114e-19 4.873865362797849134e-19 4.221955360255555062e-19 3.662997727409711907e-19 3.183655103340467709e-19
1.842088053388025680e-13 1.710667481102424173e-13 1.597241858157681278e-13 1.639037822147724948e-13 1.720792316931428991e-13 1.644526457053846471e-13 1.553845866340648983e-13 1.490744655936208731e-13 1.443505501376823048e-13 1.356971439562687590e-13 1.322146821186624534e-13 1.195858825069001518e-13 1.065315729520365524e-13 9.344595536947759385e-14 8.493018429111765882e-14 7.879067062776721945e-14 7.247857302317516409e-14 6.583916277938279782e-14 5.827683681927204264e-14 5.155372602907260089e-14 4.558867116579895191e-14 4.030433968983068101e-14 3.562846564052095160e-14 3.149449023815053718e-14 2.784178131722440151e-14 2.461556861971822165e-14 2.176669695522696852e-14 1.925127101639944156e-14 1.703024377953146526e-14 1.506898398328562997e-14 1.333684612283292698e-14 1.180675773640513147e-14 1.045483266979868727e-14 9.260014808088490916e-15 8.203753946108670754e-15 7.269713635486699259e-15 6.443509703795281316e-15 5.712477479136870746e-15 5.065465416275626628e-15 4.492652699618000862e-15 3.985388416476668876e-15 3.536049998029383195e-15 3.137918778233455398e-15 2.785070698208578516e-15 2.487919451499414454e-15 2.220709925277105302e-15 1.972481495719453159e-15 1.749968102814315772e-15 1.548461498350071431e-15 1.367930358800042632e-15 1.205659228561712798e-15 1.058724552987157643e-15 9.285521039064416560e-16 8.119628168760367307e-16 7.073945610585478070e-16 6.154991721840320135e-16 5.347092136142705736e-16 4.586058930944372815e-16 4.000829946378248254e-16 3.446763698949943055e-16 2.977697218947995268e-16 2.583788845286060819e-16 2.228274807235792378e-16 1.919706960452467288e-16 1.662546100923387060e-16 1.421071329994966715e-16 1.213858783810587909e-16 1.036648307672641718e-16 8.781378294099672733e-17 7.419831153587834654e-17 6.269028912947331590e-17 5.283842498622301200e-17 4.398591131090276491e-17 3.656450432584200849e-17 3.018126036000085188e-17 2.489690131220483028e-17 2.053834633392752386e-17 1.753859237643864087e-17 1.424705346280161437e-17 1.159288188375692415e-17 9.658161790159104234e-18 8.105130921005552424e-18 6.858995665462067387e-18 5.802693197054247348e-18 4.892338079581611323e-18 4.122377858312509917e-18 3.473777623720538775e-18 2.915402557826716264e-18 2.464342957640312425e-18 2.073095482685548573e-18 1.762861862279371772e-18 1.507916301297572247e-18 1.293980405006244835e-18 1.110719311943321024e-18 9.510724801106360704e-19 8.285713893967092836e-19 7.221663647618172211e-19 6.278775407906056869e-19 5.469540477355590680e-19 4.774332014273336321e-19
2.614743593829386800e-13 2.430783808891461280e-13 2.269593832690649204e-13 2.327864879321606752e-13 2.445888244736400953e-13 2.342358881724671100e-13 2.215179869259110313e-13 2.126432300282346846e-13 2.059990859462332664e-13 1.937476629034039244e-13 1.888628119734367321e-13 1.709551511121369249e-13 1.524130195207853677e-13 1.337058646055107287e-13 1.214536661469295076e-13 1.126161271820403830e-13 1.035586284263709607e-13 9.404787822199788257e-14 8.320660507380838089e-14 7.357372903224657635e-14 6.503219685916387105e-14 5.747020310320821364e-14 5.078316571878349167e-14 4.487475606655463996e-14 3.965726748642092196e-14 3.505154045817917958e-14 3.098660571570707695e-14 2.739916113910434772e-14 2.423296318655242487e-14 2.143818748402651275e-14 1.897079420754472486e-14 1.679192040590854456e-14 1.486731203832503236e-14 1.316680212524367411e-14 1.166383718848275023e-14 1.033505145197145128e-14 9.159886621885987005e-15 8.120254133562967003e-15 7.200236302024163739e-15 6.385822677896717370e-15 5.664677973971944585e-15 5.025938110937614160e-15 4.460031179811693974e-15 3.958520397765070485e-15 3.536006324309156950e-15 3.156101970915316678e-15 2.803260458693234195e-15 2.486994481740663585e-15 2.200614027291899817e-15 1.944059090490019140e-15 1.713470791789674999e-15 1.504696980984373106e-15 1.319742256053056745e-15 1.154094877759460585e-15 1.005534092235478022e-15 8.749751497201172352e-16 7.601922393250448153e-16 6.521074558762401924e-16 5.689381650212102673e-16 4.902158267989120663e-16 4.235676802518191640e-16 3.675843834242991513e-16 3.170582313788979409e-16 2.731990449817222470e-16 2.366368585477769457e-16 2.023082419189475385e-16 1.728460118722977733e-16 1.476453526583185083e-16 1.251027954335369167e-16 1.057369109918289689e-16 8.936614916177204489e-17 7.534897639497118091e-17 6.275309008505621033e-17 5.219083046746910747e-17 4.310620499006568831e-17 3.558443751666778596e-17 2.937788484868341392e-17 2.511030463679005221e-17 2.041664093044435872e-17 1.663104085787757474e-17 1.387303053968790780e-17 1.165816931935589283e-17 9.879579265095222345e-18 8.370440926399403670e-18 7.068160450517444684e-18 5.965548303772116095e-18 5.035801143437913660e-18 4.235403848587430862e-18 3.588047408060905811e-18 3.026374880675033450e-18 2.579189784554094161e-18 2.212926817405910654e-18 1.905361071510510360e-18 1.641239706241877525e-18 1.410600919870846232e-18 1.233656558761367413e-18 1.079572577969803120e-18 9.425588505543464220e-19 8.248286085592557180e-19 7.234710296760551099e-19
3.706991270565394030e-13 3.451290280527992686e-13 3.223081189804076067e-13 3.304152950012311681e-13 3.474977186834218354e-13 3.336681846517776854e-13 3.159442533880867994e-13 3.035379172202267934e-13 2.942531234485707290e-13 2.769628332159265292e-13 2.701612213702350239e-13 2.448167433731250718e-13 2.185102242627104017e-13 1.917402675438651262e-13 1.740616178899404403e-13 1.613005893843629396e-13 1.482705859243483819e-13 1.346157111867598602e-13 1.190312551873961231e-13 1.051919684067558080e-13 9.292903105754752205e-14 8.208047696309543171e-14 7.249447067340672449e-14 6.403105034935696611e-14 5.656279865195211545e-14 4.997479731587425267e-14 4.416412822967091993e-14 3.903910870891535537e-14 3.451839082370527046e-14 3.053001174154762337e-14 2.701045114958958636e-14 2.390373010019694542e-14 2.116057071374314627e-14 1.873762617085403722e-14 1.659678390683638373e-14 1.470454082076044255e-14 1.303144686295590495e-14 1.155161203067580333e-14 1.024227119721423441e-14 9.083401065284933255e-15 8.057383689190226505e-15 7.148711332941266222e-15 6.343727841970732149e-15 5.630402152075292424e-15 5.029141292491329309e-15 4.488582537587944575e-15 3.986668948429488324e-15 3.536826181580116222e-15 3.129541838679267015e-15 2.764702680203389690e-15 2.436821033478798333e-15 2.139996614133037016e-15 1.877041455660857536e-15 1.641550266447061568e-15 1.430363489681821037e-15 1.244762847467501905e-15 1.081586055963596761e-15 9.280019893631724399e-16 8.097276842073596307e-16 6.978099660276883465e-16 6.030531629867922892e-16 5.234339718978208411e-16 4.515767116184404775e-16 3.891920308474193802e-16 3.371689363419808447e-16 2.883299217894983815e-16 2.464064339707559654e-16 2.105394578068598560e-16 1.784535440483367406e-16 1.508844315192710280e-16 1.275748956779317299e-16 1.076122860970108008e-16 8.967276502521734972e-17 7.462492081602036988e-17 6.168241663164362845e-17 5.096454486680258167e-17 4.211616161526529290e-17 3.603927772498300993e-17 2.933613374973038130e-17 2.392838438228353371e-17 1.999112279660990123e-17 1.682753946976200546e-17 1.428460283382476044e-17 1.212426662269000476e-17 1.025711354482559369e-17 8.674168071415636163e-18 7.337754932873723980e-18 6.187293368997357231e-18 5.255414229172595445e-18 4.446598578236994212e-18 3.799448726886084726e-18 3.271558989822946649e-18 2.827883518742818723e-18 2.445724909653493611e-18 2.111044827247915974e-18 1.854335089572292779e-18 1.630109119757110699e-18 1.429893871193549013e-18 1.257616512512041341e-18 1.108921334307164768e-18
5.245425116524480866e-13 4.893309473636549651e-13 4.572041807670713203e-13 4.684617086288777181e-13 4.932374494062694753e-13 4.751663504036320262e-13 4.506873044797293657e-13 4.334981941080456512e-13 4.206487257833426159e-13 3.963710933804575982e-13 3.870071296519200688e-13 3.512550682977326796e-13 3.140170717801345762e-13 2.756886686550193785e-13 2.501056384740764970e-13 2.316182541228542443e-13 2.128224183361297718e-13 1.931684830902381656e-13 1.706935000085183888e-13 1.507462940727535612e-13 1.330840711997859332e-13 1.174721010398930594e-13 1.036893908076127289e-13 9.153180230701115240e-14 8.081337248728656016e-14 7.136643016376455970e-14 6.304094943586365032e-14 5.570345465473780384e-14 4.923569411069825629e-14 4.353322696599494976e-14 3.850401578862522806e-14 3.406708062503595437e-14 3.015124580289882340e-14 2.669399426937021736e-14 2.364043375424797492e-14 2.094237255770829505e-14 1.855749897853653453e-14 1.644865641050400559e-14 1.458320529766523345e-14 1.293246302824802016e-14 1.147121316752025352e-14 1.017727599475977402e-14 9.031132992634512950e-15 8.015598659653752158e-15 7.159079189311775375e-15 6.389153515887699116e-15 5.674519489872795243e-15 5.034102900019190389e-15 4.454366378124909677e-15 3.935098464436104738e-15 3.468488063668719555e-15 3.046144830320358535e-15 2.672001913800665264e-15 2.336961680091638922e-15 2.036524386893962546e-15 1.772478828990129431e-15 1.540329409507509830e-15 1.321953277991336804e-15 1.153615573961842883e-15 9.943831787586664435e-16 8.595585187167992890e-16 7.462278398609726266e-16 6.439470278586134896e-16 5.551333471590770938e-16 4.810397296528082860e-16 4.114916832914453611e-16 3.517776252732848887e-16 3.006768649132594278e-16 2.549593717641443551e-16 2.156692656819636174e-16 1.824421453648870652e-16 1.539784605651598176e-16 1.283975346379252946e-16 1.069316846575377429e-16 8.846943613399173127e-17 7.317719610620294579e-17 6.054421280895097586e-17 5.188092821965060423e-17 4.229013163122666535e-17 3.455023228828918649e-17 2.891953788807215385e-17 2.439226221314536563e-17 2.074874897944120047e-17 1.764874194024211187e-17 1.496425820154675549e-17 1.268474363278370950e-17 1.075736097582512493e-17 9.098198539697358739e-18 7.751820213130245562e-18 6.582749223463601866e-18 5.641741631338079534e-18 4.877905208051628994e-18 4.235247124597099996e-18 3.679673712026509258e-18 3.191431758844103848e-18 2.817031496892222899e-18 2.488818701445108129e-18 2.194308737852548080e-18 1.940477368950710925e-18 1.720741056316292411e-18
7.401661658495259932e-13 6.922543203018569398e-13 6.473835866160902314e-13 6.629877711124325850e-13 6.989586761857603031e-13 6.760510540343553662e-13 6.426587362526310115e-13 6.191439871228265473e-13 6.016116033849149662e-13 5.677846126994350097e-13 5.551106427506914147e-13 5.049415317398561594e-13 4.524358517585695903e-13 3.975766293600065853e-13 3.604581788773288646e-13 3.335897927718293174e-13 3.064046053634014959e-13 2.780434107819351095e-13 2.455131912676844545e-13 2.166530138035663805e-13 1.911164355664055019e-13 1.685641975813851215e-13 1.486744308938848572e-13 1.311485164485486242e-13 1.157138444145077157e-13 1.021244705733202518e-13 9.016042440720449965e-14 7.962621395995687522e-14 7.034890544190733268e-14 6.217602947059008374e-14 5.497347467208168937e-14 4.862346567630295566e-14 4.302267942646018676e-14 3.808052540207564488e-14 3.371759738292334885e-14 2.986429345434457269e-14 2.645959470695862924e-14 2.344998989332322553e-14 2.078853203778613900e-14 1.843401291534238556e-14 1.635024191937067049e-14 1.450541681396488701e-14 1.287157500937686784e-14 1.142411518274755128e-14 1.020236438615266264e-14 9.104355105131744097e-15 8.085647214791824794e-15 7.172879598929042421e-15 6.346764980719020389e-15 5.606911457255769811e-15 4.942187712899192771e-15 4.340651575226656059e-15 3.807783335250067241e-15 3.330653817955855795e-15 2.902846455406289865e-15 2.526846596846730332e-15 2.196258010463150768e-15 1.885507145857356382e-15 1.645664289486031501e-15 1.418897720414423203e-15 1.226876562856945910e-15 1.065388811211057447e-15 9.196489493814656584e-16 7.930700281520744771e-16 6.874152261829067957e-16 5.882611061722779880e-16 5.031026094719818241e-16 4.302039472824257513e-16 3.649782568265757582e-16 3.089077876395406475e-16 2.614763761142183250e-16 2.208314033348759999e-16 1.842995642348963672e-16 1.536296796223838978e-16 1.272518199355265359e-16 1.053970899434458130e-16 8.732841595185341816e-17 7.496016856959999316e-17 6.120617554907497130e-17 5.010203138188470683e-17 4.203193184311720599e-17 3.553795288849995582e-17 3.030385670517606684e-17 2.584227709409590237e-17 2.196959457065913504e-17 1.867471510335501669e-17 1.588375218393695056e-17 1.348124881971347865e-17 1.152737508919898380e-17 9.829938447972704363e-18 8.453842273148063443e-18 7.343356099781862332e-18 6.407859404359077143e-18 5.595602217167828453e-18 4.878842542784278574e-18 4.329376777586081093e-18 3.845635265506735018e-18 3.409075055113833107e-18 3.032095811910137783e-18 2.704636369167103147e-18
1.040477739336753674e-12 9.762410545029290062e-13 9.142197802857568029e-13 9.358115137714907959e-13 9.880060183753088633e-13 9.601792913289243890e-13 9.153779412943959166e-13 8.837709955090105260e-13 8.603270668801667624e-13 8.137170188351379945e-13 7.969927904835948426e-13 7.271513860030202663e-13 6.535832755452111806e-13 5.752038348588855171e-13 5.212542739990424625e-13 4.821073273025554054e-13 4.427029980513296769e-13 4.016833910861564725e-13 3.544166029788858214e-13 3.124834141849260620e-13 2.753975560794433960e-13 2.426727761348036009e-13 2.138416761336563137e-13 1.884671162082828998e-13 1.661481697352443384e-13 1.465222943178040072e-13 1.292650205489451823e-13 1.140881213682565277e-13 1.007369412963823598e-13 8.898734408221192158e-14 7.864257429321649068e-14 6.953021299533227934e-14 6.149932901357657776e-14 5.441787548976630694e-14 4.817034864612528260e-14 4.265570580689819245e-14 3.778552845244991598e-14 3.348241035914293223e-14 2.967854861618797689e-14 2.631451514458658084e-14 2.333818736127462841e-14 2.070381827283995759e-14 1.837122818876015645e-14 1.630510219767434992e-14 1.455949193526373582e-14 1.299109157295501532e-14 1.153677464899609626e-14 1.023396409069615121e-14 9.055140122005234557e-15 7.999580363782640549e-15 7.051397915715939135e-15 6.193575117278931638e-15 5.433709898360443045e-15 4.753413925402490390e-15 4.143522445181162974e-15 3.607468380950012291e-15 3.136141924684012460e-15 2.693496889073781306e-15 2.351329727002367154e-15 2.028000882060110706e-15 1.754188302207428375e-15 1.523775323876444479e-15 1.315836442276690388e-15 1.135185957461030223e-15 9.843003913806536760e-16 8.427316930141158179e-16 7.211019580517457505e-16 6.169408917776820360e-16 5.237315798226918206e-16 4.435791623700798889e-16 3.757526355345184536e-16 3.176071076072207672e-16 2.653397590218733010e-16 2.214332610019935062e-16 1.836720961329733248e-16 1.523753871979538272e-16 1.264750182885726958e-16 1.087859314492505186e-16 8.900594458841536632e-17 7.302886655389093404e-17 6.143147028534644704e-17 5.208969655957755856e-17 4.454659403166102464e-17 3.810228796299763254e-17 3.249256421313995968e-17 2.770858480173619289e-17 2.364741272031843568e-17 2.015158061161828162e-17 1.730106874769843724e-17 1.482313915858365732e-17 1.279729349801498385e-17 1.117371000790376442e-17 9.803911953776058353e-18 8.608450101353090826e-18 7.548454986026447589e-18 6.736164501130776663e-18 6.017491341288599215e-18 5.364642268012816516e-18 4.799666589768964573e-18 4.307005706864205327e-18
1.455541672521328488e-12 1.370922770565387160e-12 1.286301060046660547e-12 1.316119564694007314e-12 1.391645897743019007e-12 1.359890518966669491e-12 1.301072371618273596e-12 1.259588700811108696e-12 1.229114876240479898e-12 1.165879717874854135e-12 1.144632645230097991e-12 1.048519739953043395e-12 9.464194878418120188e-13 8.348814596436563957e-13 7.564592150754202129e-13 6.993599354011987566e-13 6.421855229548249703e-13 5.827709853810355115e-13 5.138353954931840108e-13 4.526376432449488129e-13 3.985158490588169250e-13 3.507853817254553505e-13 3.087738914295630291e-13 2.718437979044137531e-13 2.394052019285312515e-13 2.109219025105635484e-13 1.859127300977947337e-13 1.639498973017117407e-13 1.446556062095284817e-13 1.276977712533830111e-13 1.127854246621791415e-13 9.966415875644915775e-14 8.811181116556554470e-14 7.793449992353591418e-14 6.896305177680499340e-14 6.104982810084986689e-14 5.406593042502970855e-14 4.789875592409927436e-14 4.244986830881547010e-14 3.763314867740994956e-14 3.337319230442190955e-14 2.960391995335803972e-14 2.626737541869115719e-14 2.331268422166768038e-14 2.081340138949875451e-14 1.856859782096176346e-14 1.648853674976059423e-14 1.462566048691969401e-14 1.294062810302378604e-14 1.143211328377351111e-14 1.007739751875438673e-14 8.852193424432241181e-15 7.766965391020484775e-15 6.795534979750128402e-15 5.924785345700414441e-15 5.159421407377790331e-15 4.486451414159299005e-15 3.855140173963128851e-15 3.366203592861668561e-15 2.904510159286482320e-15 2.513480950389905741e-15 2.184184490289761927e-15 1.887015624827316812e-15 1.628756929414938178e-15 1.412878592465645553e-15 1.210388610717019920e-15 1.036341346387853589e-15 8.872175187861363389e-16 7.537521000479434036e-16 6.389365930934394570e-16 5.417359575776024574e-16 4.583674158044771596e-16 3.834163032054687933e-16 3.204087162044154738e-16 2.662215071555596035e-16 2.212920575497025185e-16 1.840648134282091396e-16 1.587104853689549350e-16 1.301667167582640945e-16 1.070969035593913435e-16 9.037594671219867428e-17 7.689064746193217086e-17 6.597782567444438285e-17 5.662926618314452310e-17 4.846342947462310040e-17 4.148004554380147068e-17 3.553639398963581113e-17 3.042024116721219381e-17 2.623557928472557440e-17 2.259519312235285960e-17 1.958964057885865797e-17 1.720009743579501337e-17 1.518051196873677418e-17 1.340742706186651271e-17 1.182654342698085192e-17 1.061561263928904372e-17 9.538193964768209010e-18 8.552202448039702172e-18 7.696849765879696567e-18 6.947777649691170365e-18
2.024139704561158438e-12 1.914915249712751200e-12 1.801227387007937493e-12 1.842298741702102971e-12 1.950995434050707998e-12 1.918198902118036163e-12 1.843100042053990067e-12 1.790358177908674817e-12 1.752285469905291625e-12 1.668270431929806719e-12 1.642807226755222086e-12 1.512646975386837690e-12 1.372888371275356850e-12 1.215278371391028071e-12 1.101559875289489720e-12 1.018382295355309435e-12 9.355063309407750290e-13 8.494604218439330051e-13 7.486244903505106980e-13 6.589456226151288714e-13 5.795712589604798660e-13 5.095690065996290607e-13 4.479909244409801655e-13 3.939174423498140906e-13 3.464848355925453065e-13 3.049002641545189402e-13 2.684479606827600938e-13 2.364894960544103240e-13 2.084603603786372434e-13 1.838644764942625678e-13 1.622677547775137908e-13 1.432914092742346885e-13 1.266054739577245248e-13 1.119227636656201627e-13 9.899339592664651008e-14 8.759990912924959383e-14 7.755296450997998764e-14 6.868759322363526961e-14 6.085993740256105658e-14 5.394443025772711737e-14 4.783136130980783272e-14 4.242477649890521146e-14 3.764066778211773885e-14 3.340541203357918247e-14 2.981772749782064387e-14 2.659674755302852081e-14 2.361477686855840056e-14 2.094507100215389239e-14 1.853125128765589162e-14 1.637088941169291736e-14 1.443141575509921631e-14 1.267809890954325512e-14 1.112522400388490076e-14 9.735473966311651336e-15 8.490026885384594340e-15 7.395263531515756337e-15 6.432624698514791785e-15 5.530826523167441228e-15 4.830767682917930842e-15 4.170287358760262340e-15 3.610825660121531454e-15 3.139256039501765292e-15 2.713709980407377313e-15 2.343728779305987141e-15 2.034160459184380361e-15 1.743892636606076373e-15 1.494262851455159082e-15 1.280250831854888578e-15 1.088673729473504092e-15 9.237858449121894547e-16 7.841220542013627753e-16 6.642601034272267643e-16 5.564811071086728472e-16 4.657962339929386728e-16 3.878088414187120510e-16 3.231125168081562941e-16 2.694284923389306734e-16 2.329900783969845487e-16 1.916290671585741619e-16 1.581757748178823241e-16 1.339724031530938976e-16 1.144238783308274283e-16 9.856269004897370724e-17 8.493085790076112298e-17 7.297504686075903574e-17 6.271666131989322032e-17 5.395905883056651468e-17 4.642080882231672219e-17 4.023280736818581320e-17 3.484494885797642016e-17 3.034649480551991971e-17 2.680254930059425353e-17 2.380118828297243303e-17 2.114816383402874260e-17 1.876790073444303984e-17 1.694557852151300330e-17 1.531395465743603867e-17 1.380858902176728992e-17 1.249919918557197466e-17 1.134717143285269442e-17
2.795496510378026021e-12 2.657676452100037103e-12 2.507604438700244799e-12 2.563954510395091484e-12 2.719084703372127832e-12 2.691116380104727728e-12 2.598564528090033318e-12 2.534296163194433898e-12 2.489347215612308350e-12 2.380751283445224316e-12 2.353041465991089799e-12 2.180544105863543140e-12 1.992859562353069017e-12 1.772584797577058385e-12 1.608672847880568875e-12 1.488082330943008343e-12 1.368440299627045491e-12 1.244169705043919746e-12 1.096478614702734105e-12 9.646708520333545953e-13 8.477550293228439327e-13 7.445346657227542565e-13 6.537221268455932055e-13 5.740217646733184272e-13 5.041862127814562107e-13 4.430510428180738680e-13 3.895530992962078993e-13 3.427372604058378864e-13 3.017555070521610239e-13 2.658612722291268217e-13 2.344012165167562723e-13 2.068058950627812793e-13 1.825802609290463037e-13 1.612945720252772967e-13 1.425760078913124066e-13 1.261011313023803486e-13 1.115892230299940965e-13 9.879645597409081649e-14 8.751084223728259258e-14 7.754787275414342676e-14 6.874676631261586960e-14 6.096724833939961169e-14 5.408678654238662063e-14 4.799821848491320504e-14 4.283142096166183523e-14 3.819533376011840316e-14 3.390798779598991728e-14 3.007129216994737744e-14 2.660419332616523897e-14 2.350225417239982579e-14 2.071863113409094211e-14 1.820352997416554944e-14 1.597621765070313966e-14 1.398340870515251995e-14 1.219800647881277876e-14 1.062854037909616624e-14 9.248440644376194771e-15 7.957771004375515372e-15 6.952966223936502440e-15 6.005972718865135583e-15 5.203701425726904825e-15 4.526713889256745351e-15 3.915824515447609708e-15 3.384431059268501372e-15 2.939281117314926234e-15 2.522060561650547183e-15 2.163016942770644322e-15 1.854977102345502922e-15 1.579163770583991873e-15 1.341633270896891929e-15 1.140312426810051940e-15 9.674076560429063653e-16 8.118986978928805154e-16 6.809132450303445820e-16 5.682721460644917363e-16 4.747704467216546500e-16 3.970470821295200011e-16 3.445089695969910195e-16 2.842791461223677413e-16 2.355223933413507161e-16 2.003226485258642153e-16 1.718427832128146298e-16 1.486626654734511890e-16 1.286641279877172242e-16 1.110405624791344546e-16 9.586097339953660233e-17 8.285664757709481326e-17 7.166288644660443881e-17 6.243628272822475802e-17 5.439456389457830271e-17 4.759539388156183661e-17 4.229332658814753624e-17 3.779263557675059232e-17 3.378385379321722086e-17 3.016227308874053576e-17 2.739121373362885295e-17 2.489304574460843652e-17 2.256791930590293789e-17 2.053972635340654378e-17 1.874650169213805552e-17
3.831258171419778668e-12 3.661572174337585608e-12 3.467250826100532569e-12 3.544118985607759593e-12 3.763015028495512404e-12 3.749985188379331671e-12 3.640946996730665196e-12 3.567029497109219150e-12 3.518316656688163978e-12 3.382860428998632510e-12 3.357898452220529169e-12 3.135694549559485673e-12 2.890040151301793420e-12 2.587019472815752566e-12 2.353240754739776622e-12 2.180037584233784747e-12 2.008751519457331680e-12 1.830445217796861759e-12 1.614437748416316318e-12 1.420548792960429398e-12 1.247855550982597825e-12 1.094982648238037400e-12 9.602930368092331806e-13 8.420375331573887298e-13 7.384641087359497786e-13 6.478918885343563960e-13 5.687565617129742267e-13 4.996341137490406183e-13 4.392491142066255335e-13 3.864727239687754035e-13 3.403144044616774300e-13 2.999102202719560910e-13 2.645097229674171986e-13 2.334627007623730415e-13 2.062065622243912571e-13 1.822547644948858748e-13 1.611864606027057350e-13 1.426373931688982951e-13 1.262919766326234388e-13 1.118764662825033626e-13 9.915309453958220710e-14 8.791505272993974849e-14 7.798220307101352413e-14 6.919741630116329775e-14 6.172653498111434639e-14 5.502785980490405834e-14 4.884156642657998547e-14 4.330867188052731860e-14 3.831216606674979152e-14 3.384395245823442436e-14 2.983637779492528095e-14 2.621781483740348311e-14 2.301381640472105047e-14 2.014812589881846408e-14 1.758157417787800822e-14 1.532533257661308291e-14 1.334125856697201622e-14 1.148962314306388542e-14 1.004309783418717255e-14 8.681549720766791025e-15 7.527885218715358366e-15 6.553068751841781198e-15 5.673474702863573972e-15 4.907875104145109545e-15 4.265617595579208221e-15 3.663957382801130847e-15 3.145784530085128725e-15 2.700828896605889223e-15 2.302308075927857097e-15 1.958855547997845440e-15 1.667539101170393324e-15 1.417119272240345026e-15 1.191832449926737339e-15 1.001828407591333371e-15 8.384403065128290443e-16 7.027140978811960149e-16 5.896536498172766024e-16 5.136070129191425294e-16 4.253900714620439702e-16 3.539046981411170042e-16 3.024267591168787040e-16 2.606905669105218626e-16 2.265969340999308917e-16 1.970515146699038073e-16 1.708713785915865017e-16 1.482228186859947408e-16 1.287426447903768688e-16 1.119740461208007646e-16 9.808848783285538076e-17 8.597197821100336224e-17 7.558545602600769515e-17 6.757578984645903398e-17 6.075925332904881931e-17 5.463682599164063665e-17 4.906425126763919607e-17 4.480320828687787912e-17 4.093357753486843795e-17 3.729872439383178497e-17 3.411862541571809962e-17 3.129268482113488273e-17
5.207914120083606115e-12 5.004295634031406214e-12 4.757721634388504573e-12 4.861740786617080311e-12 5.166278101857371248e-12 5.183778308737101055e-12 5.062614564904533041e-12 4.984369948668681144e-12 4.938816755180208786e-12 4.777465939688633382e-12 4.765141275581463500e-12 4.489225176379947175e-12 4.178367619407187055e-12 3.770344244129523727e-12 3.442177988637761719e-12 3.197099538164501807e-12 2.955217190227700363e-12 2.702310303374284385e-12 2.388075696260552327e-12 2.103588431256468436e-12 1.848502446881887196e-12 1.621576834834154845e-12 1.420970998129073484e-12 1.244495137875904534e-12 1.089808203281641119e-12 9.545638463795683137e-13 8.365102150189152739e-13 7.335518342160812450e-13 6.437823542796426102e-13 5.654963222387247660e-13 4.971868293906960068e-13 4.375343947335677977e-13 3.853910487453661187e-13 3.397623772970471548e-13 2.997893259481144706e-13 2.647308559428692253e-13 2.339480429936500185e-13 2.068898737539096530e-13 1.830807836099120675e-13 1.621098563294759017e-13 1.436215417696474766e-13 1.273077214197835231e-13 1.129009481429102279e-13 1.001686958136627100e-13 8.931287270714757561e-14 7.958811358446747114e-14 7.062240479107634456e-14 6.260952843296834695e-14 5.537966568204175823e-14 4.891805544105620073e-14 4.312647140748074212e-14 3.790143791663004420e-14 3.327603389101505943e-14 2.914080935445555938e-14 2.543885502711913941e-14 2.218437065588693475e-14 1.932240883252505241e-14 1.665824364210998127e-14 1.456829811414956932e-14 1.260416317548800543e-14 1.093961163380977928e-14 9.530850243916075733e-15 8.259776280427431820e-15 7.152624434852531767e-15 6.222269153717757271e-15 5.351230737365362988e-15 4.600355665578438238e-15 3.954902706846838492e-15 3.376604097081241998e-15 2.877790040288977658e-15 2.454315915723424852e-15 2.089907112982391008e-15 1.761960862003319351e-15 1.484953050746185545e-15 1.246757045983242650e-15 1.048714755789258853e-15 8.833347247839087478e-16 7.727508661108060118e-16 6.426703538042338755e-16 5.371368987909947876e-16 4.613641958759223564e-16 3.997844816636226414e-16 3.492701347338291393e-16 3.052712125350194161e-16 2.660407037817554986e-16 2.319353201885706248e-16 2.024714273654718558e-16 1.771067343989159738e-16 1.559967521722978503e-16 1.375518345428310961e-16 1.215057341429535130e-16 1.092777893840057484e-16 9.884220523091348291e-17 8.938517069202941577e-17 8.070930690628018187e-17 7.408029897834882564e-17 6.801427889222549619e-17 6.226247252100507183e-17 5.721498926308378398e-17 5.270678994315252854e-17
7.019953119302929218e-12 6.781911999100488008e-12 6.475378113299633581e-12 6.614688177658907169e-12 7.031476338400660090e-12 7.101520058416306909e-12 6.977232090885485600e-12 6.904806662740225318e-12 6.874722313716781606e-12 6.693854789124007710e-12 6.711197566651340529e-12 6.384427549473778924e-12 6.007977769022016140e-12 5.473526424990623091e-12 5.022796525681119800e-12 4.683339236590442295e-12 4.348568015361390589e-12 3.996124078058245123e-12 3.543721917811607889e-12 3.129269836646610890e-12 2.754004258353609571e-12 2.417557633486541377e-12 2.118366025502494973e-12 1.854050686472194317e-12 1.621746777618084787e-12 1.418367044453292396e-12 1.240799517976500752e-12 1.086045154370881961e-12 9.513050750811962761e-13 8.340284305301151078e-13 7.319313496576783556e-13 6.429959896784580878e-13 5.654569709219886410e-13 4.977806836803692409e-13 4.386413484981323368e-13 3.868964295390970694e-13 3.415630171285364067e-13 3.017960783766331430e-13 2.668689886124351635e-13 2.361564446228603718e-13 2.091196726713287638e-13 1.852937430752188844e-13 1.642767591043769171e-13 1.457206787384048323e-13 1.298514403719440952e-13 1.156523329478169089e-13 1.025886691018284135e-13 9.092431551854391256e-14 8.041112702587134389e-14 7.102220447393207306e-14 6.261397051567750529e-14 5.503611510333871840e-14 4.832992230556946430e-14 4.233769752059008423e-14 3.697623565616374091e-14 3.226276198267532169e-14 2.811777032213285120e-14 2.427096545280441163e-14 2.123841117932260051e-14 1.839362365950815018e-14 1.598227955530601406e-14 1.393762461622673809e-14 1.209293065060607842e-14 1.048475356778381438e-14 9.130698135136655344e-15 7.863819114932251261e-15 6.770507883561915277e-15 5.829540302459938492e-15 4.986113322367934304e-15 4.257881301551109824e-15 3.638990815920839941e-15 3.105762048874084299e-15 2.625688002778994305e-15 2.219459155011315551e-15 1.870156550544186852e-15 1.579439823687888164e-15 1.335969059137832287e-15 1.174291423330511713e-15 9.810090732717855270e-16 8.239891250498413799e-16 7.116294473074570881e-16 6.200687986744740185e-16 5.446064234555977427e-16 4.785013244984061887e-16 4.191527875854817153e-16 3.672795824022767498e-16 3.222508743574430137e-16 2.834811041299850505e-16 2.510401800677287377e-16 2.226528917381050238e-16 1.975759133884103879e-16 1.786996830652820537e-16 1.625423641391773962e-16 1.477632612929835649e-16 1.340945466957468855e-16 1.236593330937822038e-16 1.140366440057206152e-16 1.048265804389125874e-16 9.671985478013370349e-17 8.944320557318561359e-17
9.384090569017010083e-12 9.112895761747516515e-12 8.739358954695914266e-12 8.923645844354763208e-12 9.483890738913328462e-12 9.635263951817202452e-12 9.522416035975671592e-12 9.471927512892608462e-12 9.476408371218375282e-12 9.290074165307053358e-12 9.363512865301879233e-12 8.999838229179456803e-12 8.569560124919209092e-12 7.893157513494390288e-12 7.291175991785243640e-12 6.834126348455108127e-12 6.383321864779150948e-12 5.904195200361799713e-12 5.263408995338210314e-12 4.667288421025647065e-12 4.120353381482883291e-12 3.624521503755485250e-12 3.179581867216343871e-12 2.783705012776485128e-12 2.433931592230463380e-12 2.126602309024447547e-12 1.857710631406545070e-12 1.623173153593960660e-12 1.419022453877750764e-12 1.241533456147812132e-12 1.087296365810282241e-12 9.532492559197491271e-13 8.366822275283847741e-13 7.352229719740298069e-13 6.468112965872592755e-13 5.696681752026564144e-13 5.022631553360053351e-13 4.432825622546065218e-13 3.915999260465987262e-13 3.462493480443034433e-13 3.064020451881683081e-13 2.713460156818435973e-13 2.404686043529483427e-13 2.132416664102049935e-13 1.898761612525150048e-13 1.690008511444313101e-13 1.498431777318164400e-13 1.327580777521602872e-13 1.173798132788609696e-13 1.036593693019528600e-13 9.138509726363998561e-14 8.033711711892347926e-14 7.056397260865125671e-14 6.183732050946999540e-14 5.403457309212350605e-14 4.717501145365166346e-14 4.114295513162410523e-14 3.556497894858922336e-14 3.114243250023583255e-14 2.700257344612441537e-14 2.349281684464708846e-14 2.051026088740248727e-14 1.781958109020877178e-14 1.547154800011173573e-14 1.349002287611497376e-14 1.163744690165883916e-14 1.003664347279775268e-14 8.656939812819729512e-15 7.419622774982915588e-15 6.350056667186036410e-15 5.439984242537022940e-15 4.654753496268246467e-15 3.947436858211271977e-15 3.347695065303931193e-15 2.832001456571317051e-15 2.402294708309582480e-15 2.041236754151206379e-15 1.803385633127571885e-15 1.513742664150059896e-15 1.278086005113583306e-15 1.110094440395176368e-15 9.727880067718866503e-16 8.590351702128635976e-16 7.587624912990307351e-16 6.680638807683863600e-16 5.883322413164452884e-16 5.187689279448400869e-16 4.588605047807114923e-16 4.084498068859805455e-16 3.642662676643784299e-16 3.246259655636734583e-16 2.951540075808531073e-16 2.698492358959114269e-16 2.464836731497555330e-16 2.246974570439085769e-16 2.080804158378716945e-16 1.926407985862759518e-16 1.777284805580119368e-16 1.645638771729719903e-16 1.526911064749470843e-16
1.244485965547303421e-11 1.214354023611112489e-11 1.169687144953771514e-11 1.193737539788359695e-11 1.267648922032610662e-11 1.294434463079504077e-11 1.286335052468950436e-11 1.285744163718262430e-11 1.292317969794467681e-11 1.275487496912279955e-11 1.292191952695579067e-11 1.255049798304133811e-11 1.209607779683244415e-11 1.127502618225596137e-11 1.049811929955520716e-11 9.904370381093866581e-12 9.318510624821555575e-12 8.688249598912015593e-12 7.801080296151790887e-12 6.959945881256267155e-12 6.175119915031905339e-12 5.453097980032649545e-12 4.796990216322611901e-12 4.207077076818988151e-12 3.681433111681344210e-12 3.216543820426074643e-12 2.807865113820678097e-12 2.450294378662103615e-12 2.138541256426624479e-12 1.867400919543385988e-12 1.631940104131752891e-12 1.427610539234471648e-12 1.250306226897915421e-12 1.096379806177859297e-12 9.626309536310093157e-13 8.462773945958638829e-13 7.449165192783747735e-13 6.564832223932437874e-13 5.792077280333909729e-13 5.115757294948127958e-13 4.522921009333243186e-13 4.002487083059689704e-13 3.544963832774818665e-13 3.142208436580475763e-13 2.795236497391207867e-13 2.485822306644041018e-13 2.202723171331577620e-13 1.950634578587174603e-13 1.724107773844877504e-13 1.522249318354985979e-13 1.341906348888714096e-13 1.179833728144683570e-13 1.036542449621799175e-13 9.087045866627363850e-14 7.944972544063186237e-14 6.941032128851238655e-14 6.058276804146578490e-14 5.245398688875591584e-14 4.596668480876338246e-14 3.990889853866905595e-14 3.477227487544769869e-14 3.039635652011808439e-14 2.644894833556528617e-14 2.300031821690265373e-14 2.008246127200736219e-14 1.735665981757554007e-14 1.499789546189635480e-14 1.296164066739569287e-14 1.113441631581492158e-14 9.552832709326567359e-15 8.205260201729126602e-15 7.040653121727538292e-15 5.990949045678340140e-15 5.098840411996155490e-15 4.331734891971837301e-15 3.691683027278933479e-15 3.151903410971697147e-15 2.799535323647247695e-15 2.361477991405516072e-15 2.004481482835736749e-15 1.751050504541062846e-15 1.543233929183591988e-15 1.370107000584741016e-15 1.216471595393406050e-15 1.076404296056113484e-15 9.525330151803187803e-16 8.438916472671948125e-16 7.502952651595824675e-16 6.710902677931073593e-16 6.015462258359961056e-16 5.382005082401897219e-16 4.916664545039258131e-16 4.515871147424121979e-16 4.142339090409112577e-16 3.791287391931238188e-16 3.523802524615326008e-16 3.273461280969071261e-16 3.029586498865442427e-16 2.813685490628342695e-16 2.618108815933976083e-16
1.638173376773450359e-11 1.605502033687965874e-11 1.553017255635802817e-11 1.583977562181446858e-11 1.679695624181484287e-11 1.722174492336879145e-11 1.719837108076864790e-11 1.726592092949343142e-11 1.742706597688684914e-11 1.731036681559214901e-11 1.762005545401661553e-11 1.728798452189500450e-11 1.686173280037592035e-11 1.591378842753731361e-11 1.495092975942211976e-11 1.421263260782389881e-11 1.348455429806947555e-11 1.268967956980883931e-11 1.149710817202671810e-11 1.034066770370871364e-11 9.239376001697416895e-12 8.207464944054016010e-12 7.254408234475927621e-12 6.385306496441992435e-12 5.601506924625249490e-12 4.901342670306877021e-12 4.280899208993200524e-12 3.734732755597455023e-12 3.256494223894694453e-12 2.839438077944359453e-12 2.476810349962931590e-12 2.162123316926631980e-12 1.889333526978049361e-12 1.652941926298955000e-12 1.448034609969778177e-12 1.270281636205312346e-12 1.115908429964149900e-12 9.816509366334577259e-13 8.647028834399721709e-13 7.626610209609379459e-13 6.734720981105230433e-13 5.953837700136932610e-13 5.269005500452539294e-13 4.667451617599692463e-13 4.147074535598356314e-13 3.684097896303824336e-13 3.262005366094491643e-13 2.886864864769984095e-13 2.550452253252142356e-13 2.251137806814428523e-13 1.984164209985647362e-13 1.744688910859514739e-13 1.533122608799948144e-13 1.344574572300594178e-13 1.176304215101509133e-13 1.028411479361714611e-13 8.983922335252990361e-14 7.792402657074482042e-14 6.834516623064828086e-14 5.942502610884497499e-14 5.186042411599568402e-14 4.539830722039308585e-14 3.956935837061030305e-14 3.447050161277307331e-14 3.014408690652838336e-14 2.610574958734247781e-14 2.260556305299533000e-14 1.957854218760907543e-14 1.686030765979380917e-14 1.450402864202406738e-14 1.249336225048687029e-14 1.075254455062540198e-14 9.182293039142038631e-15 7.844394608244423592e-15 6.693880845819104713e-15 5.732501034303959403e-15 4.918469611323929184e-15 4.392424977748350749e-15 3.723469121348836873e-15 3.177337774159083427e-15 2.791373814702097269e-15 2.473784801529201797e-15 2.207672214879967155e-15 1.969866819545644498e-15 1.751294464086893985e-15 1.556815526244180513e-15 1.385346866861332187e-15 1.237547998386160714e-15 1.111779502699487327e-15 1.001140435991881215e-15 8.989071525079130311e-16 8.246481802819854614e-16 7.604918457831663364e-16 7.001656183499204118e-16 6.430420153369657070e-16 5.995654955068654374e-16 5.585990023946843349e-16 5.183736352432783099e-16 4.826674301721329807e-16 4.501918967805973885e-16
2.141782196631930416e-11 2.107223063093126195e-11 2.046546218670087686e-11 2.085901375352501457e-11 2.207711454111021526e-11 2.270326420541842756e-11 2.276751594187060949e-11 2.294255898254061254e-11 2.323957020605507458e-11 2.321719297125721538e-11 2.372886510828809048e-11 2.350118784917966495e-11 2.317973623505365957e-11 2.214928091469515845e-11 2.101045252817990103e-11 2.013956196067642519e-11 1.928372948273958524e-11 1.833303990106484958e-11 1.678698137495458990e-11 1.524836014020110936e-11 1.374766950735835946e-11 1.231040777734151827e-11 1.095634048845118947e-11 9.699341275646388008e-12 8.547697752676109756e-12 7.504750344475438914e-12 6.569738760718886601e-12 5.738726259086387562e-12 5.005503335750596142e-12 4.362407457467427435e-12 3.801014767704381004e-12 3.312686307755344095e-12 2.888973726634576833e-12 2.521897660524745054e-12 2.204118007718777886e-12 1.929019766016675634e-12 1.690736602863271937e-12 1.484130939667985046e-12 1.304746465936175359e-12 1.148745516942437257e-12 1.012840140879320410e-12 8.942228849203450211e-13 7.905011729665609297e-13 6.996374334443779566e-13 6.207066452392256714e-13 5.506792663679967214e-13 4.870997679115166210e-13 4.307258760840832664e-13 3.802971635506722862e-13 3.355160656579680435e-13 2.956537214720867912e-13 2.599777015594442229e-13 2.284908120856082447e-13 2.004666968625915483e-13 1.754879977868619628e-13 1.535409929698306892e-13 1.342518376658965234e-13 1.166700683626370454e-13 1.024232175218416260e-13 8.919585759942972520e-14 7.797824676147947977e-14 6.836703550884437747e-14 5.969796428260740092e-14 5.210434606398114455e-14 4.564138425158842838e-14 3.961354934131549446e-14 3.437987700792300122e-14 2.984493725096232340e-14 2.576919969042470455e-14 2.223050527705599720e-14 1.920595898213602035e-14 1.658216642692927064e-14 1.421330049226427766e-14 1.218943500905162238e-14 1.044877911940839644e-14 8.991930032937782059e-15 7.753076733723563841e-15 6.961292698823931716e-15 5.929672660546286459e-15 5.085909490221547579e-15 4.492392866276056561e-15 4.002286973299192569e-15 3.589210094312490152e-15 3.217453404607574465e-15 2.872971930649693090e-15 2.564614426056994399e-15 2.291335410310411552e-15 2.055615588135054789e-15 1.853974676402580072e-15 1.676227504706312291e-15 1.509821530982745037e-15 1.390173865878583145e-15 1.286494687404868374e-15 1.188196640640482158e-15 1.094465726725669315e-15 1.023215915221818847e-15 9.556643377689059589e-16 8.888597043307965394e-16 8.294126406580221312e-16 7.751486874370152974e-16
2.783017428012817769e-11 2.747442173027554041e-11 2.678375997275308680e-11 2.727879339728104750e-11 2.880478886897084151e-11 2.967975440192436617e-11 2.986465733218736605e-11 3.018496103736497654e-11 3.066284480277064931e-11 3.078425269873715225e-11 3.156478848059868592e-11 3.152102308710750874e-11 3.140242640173843745e-11 3.036249894163077611e-11 2.908528719644511372e-11 2.812135534936877171e-11 2.718353144364556442e-11 2.612047522760173007e-11 2.420019162129492983e-11 2.223241606614793319e-11 2.026021309906853963e-11 1.832306963285366469e-11 1.645499313226004926e-11 1.468334261427049267e-11 1.302834287105705120e-11 1.150319024587506246e-11 1.011464496751225916e-11 8.863937930116309096e-12 7.747840226533137625e-12 6.759778634369180069e-12 5.890888350338091507e-12 5.130935330879617235e-12 4.469080656697298676e-12 3.894473445631004506e-12 3.396677372442298700e-12 2.965953559435990468e-12 2.593425476288831405e-12 2.271150916832516172e-12 1.992126597493664121e-12 1.750247662859383322e-12 1.540239312924598024e-12 1.357573839878439544e-12 1.198382877260989185e-12 1.059371333442336917e-12 9.381389081703654796e-13 8.309364800307975530e-13 7.340614784729628843e-13 6.484112141984603460e-13 5.720210116157919879e-13 5.043471615631310624e-13 4.442532940797952374e-13 3.906138082163999799e-13 3.433349758217236200e-13 3.013238562974693599e-13 2.639354166292108076e-13 2.311013795611062405e-13 2.022566606777765004e-13 1.761198940745890752e-13 1.547640512199496401e-13 1.349996619602602704e-13 1.182399942571272280e-13 1.038360406030914659e-13 9.084440631977895133e-14 7.944815495255576193e-14 6.971797506343658125e-14 6.064932045042231818e-14 5.276100774619741653e-14 4.591190643511842859e-14 3.975041736608825968e-14 3.439166691263278576e-14 2.980371778771672520e-14 2.581532601318957416e-14 2.221054264594835607e-14 1.912192008241902589e-14 1.646485749885964116e-14 1.423721721492076794e-14 1.233448734150257913e-14 1.113260712642018214e-14 9.526481655309118138e-15 8.210354997499881744e-15 7.288984054429157003e-15 6.525461741676546970e-15 5.878255730957168492e-15 5.291717950542022683e-15 4.743889154999007627e-15 4.250665912472686135e-15 3.811396119654636179e-15 3.432150971943121186e-15 3.106169082500432603e-15 2.818188461013233484e-15 2.545470394443620202e-15 2.351100634835256031e-15 2.182194432106174265e-15 2.020856389150307787e-15 1.866038811449108358e-15 1.748514242233036959e-15 1.636477037937324824e-15 1.524977451079812378e-15 1.425527985439797134e-15 1.334459418733189868e-15
3.596193967651065834e-11 3.560775466954473486e-11 3.483383085626531527e-11 3.545174470323063147e-11 3.733794140792782615e-11 3.851222000978864863e-11 3.885319658035607335e-11 3.935925875628124822e-11 4.006602919828175747e-11 4.038442316264219823e-11 4.150487308609233852e-11 4.173256994262164560e-11 4.192857756676788690e-11 4.097668629782551689e-11 3.962818126903138217e-11 3.864243462834924219e-11 3.770590805428569355e-11 3.661831584868734903e-11 3.434800617908494076e-11 3.194455660466023400e-11 2.946136858066305305e-11 2.695202077913213768e-11 2.446703619169654023e-11 2.205135090919545209e-11 1.974251750110429939e-11 1.756967685952304253e-11 1.555333267786977980e-11 1.370576075728113696e-11 1.203188094138087451e-11 1.053044555624060282e-11 9.195357098422761705e-12 8.016976093079840322e-12 6.983336242063405450e-12 6.081192753017963853e-12 5.296866709881428047e-12 4.616889807917563217e-12 4.028462639534122237e-12 3.519747135402882865e-12 3.080025713936570489e-12 2.699759772610854470e-12 2.370574848963185282e-12 2.085196793351547753e-12 1.837359264940359044e-12 1.621697368581071122e-12 1.432972539003643457e-12 1.266706926960431586e-12 1.117233256223559238e-12 9.855234240606970176e-13 8.684619463730170141e-13 7.650558646912119522e-13 6.734996696691198580e-13 5.920320482634921515e-13 5.203481912171957507e-13 4.567775692782228863e-13 4.003066418477866746e-13 3.507530388262497473e-13 3.072500248293295698e-13 2.680780583398189511e-13 2.358033167481606794e-13 2.060323953770263491e-13 1.807948502859273711e-13 1.590382351468746094e-13 1.394151023392491012e-13 1.221769236562846843e-13 1.074124058236969989e-13 9.365937731659870344e-14 8.167407705425585747e-14 7.124613288365500220e-14 6.185489897769345388e-14 5.367276117306417544e-14 4.665542272498739700e-14 4.054186331595444581e-14 3.500927210542222816e-14 3.025501949896021743e-14 2.616353594468673927e-14 2.272721590785563870e-14 1.977896850581488452e-14 1.793923548346194687e-14 1.541653956968999849e-14 1.334545290036100426e-14 1.190240528973313085e-14 1.070252166327546556e-14 9.679957830423574933e-15 8.747053550081400351e-15 7.869151083550731059e-15 7.074468129804089844e-15 6.363469505467783602e-15 5.748908219783356011e-15 5.218406099987413960e-15 4.748659858918136593e-15 4.299510535785154272e-15 3.981694678875004837e-15 3.704784049850989187e-15 3.438546530188753576e-15 3.181630404338934086e-15 2.986893526175420560e-15 2.800361101784644966e-15 2.613704414282395169e-15 2.446860510037794713e-15 2.293650868797411870e-15
4.623702385419587307e-11 4.590024140368647410e-11 4.504747664229846817e-11 4.581512158166869341e-11 4.812102207195632477e-11 4.964940322521418637e-11 5.018481599951616026e-11 5.092004777511444459e-11 5.190639872572470019e-11 5.247645720340917273e-11 5.400960547802293996e-11 5.459693041164792715e-11 5.522226701568392705e-11 5.446989553109635081e-11 5.314187995117566731e-11 5.223495858104847448e-11 5.141986239117453857e-11 5.044249423910964974e-11 4.790427029970670346e-11 4.511842814547553589e-11 4.214185794143841323e-11 3.903780369676267079e-11 3.587162816789660755e-11 3.270701758145711800e-11 2.960259363052014484e-11 2.660917920353978398e-11 2.376809113494840247e-11 2.111034918335332294e-11 1.865668063519971128e-11 1.641824243246267072e-11 1.439781718844954733e-11 1.259127657013809700e-11 1.098917165933657565e-11 9.578279195231013972e-12 8.342988400200597823e-12 7.266487991358850992e-12 6.331720479297886147e-12 5.522092393874516046e-12 4.821967268955305722e-12 4.216975683943032495e-12 3.694173930768514894e-12 3.242087539597115872e-12 2.850674619743959338e-12 2.511236454462429057e-12 2.213384359741603174e-12 1.951992431374705187e-12 1.718269261462139440e-12 1.513099350104753774e-12 1.331467039885445591e-12 1.171565245389647170e-12 1.030471460664174197e-12 9.053767947808949343e-13 7.955476108511373378e-13 6.983842697620156344e-13 6.122653729855415998e-13 5.367818247664238690e-13 4.705816473361977632e-13 4.113586399169434920e-13 3.621748463933214117e-13 3.169581392764556681e-13 2.786476790365311254e-13 2.455268589001432161e-13 2.156543570749419999e-13 1.893766806863909168e-13 1.668026633280103713e-13 1.457825831379662758e-13 1.274309694956035063e-13 1.114314977122914532e-13 9.700529617927680333e-14 8.441416768919643712e-14 7.359711894596895201e-14 6.415259965874774214e-14 5.559297508385385734e-14 4.821627776139584503e-14 4.186456423633884255e-14 3.652034695997613780e-14 3.191519882518649009e-14 2.907667795848385288e-14 2.508392890606109753e-14 2.179993964560203010e-14 1.952216226133758671e-14 1.762224862710763419e-14 1.599525711758345718e-14 1.450171875848825963e-14 1.308647933960288951e-14 1.179906144584129670e-14 1.064241638289594442e-14 9.641207293249380413e-15 8.773810046609679816e-15 8.003855028938739868e-15 7.262036130382117786e-15 6.740004024590764139e-15 6.284052626009716266e-15 5.843231916711012228e-15 5.415756733411640465e-15 5.092272783688897106e-15 4.781154939760007899e-15 4.468370486835076225e-15 4.188219050069735519e-15 3.930339035753796097e-15
5.917837010964519298e-11 5.888005940728644973e-11 5.795800756095566586e-11 5.890949605016056826e-11 6.170401722497535812e-11 6.364786223086998770e-11 6.442085590113775004e-11 6.543333330450933202e-11 6.675419692928040187e-11 6.763189077851409604e-11 6.965232681857163829e-11 7.068262725415759527e-11 7.184501385302213510e-11 7.140356361593477742e-11 7.020137715615588041e-11 6.949406265031714779e-11 6.894803913397335526e-11 6.825458143347383951e-11 6.559020093680215672e-11 6.254550957198887182e-11 5.916956593588911701e-11 5.552533766501347960e-11 5.168542275817088411e-11 4.772789311981879014e-11 4.373162010433688399e-11 3.977163395197991182e-11 3.591552151270362021e-11 3.222074879262744151e-11 2.873292231620004879e-11 2.548519690691655180e-11 2.249859512372857078e-11 1.978300954820489112e-11 1.733875076234528233e-11 1.515836170028423046e-11 1.322848030804942294e-11 1.153164654992015937e-11 1.004792576441308575e-11 8.756258251146749292e-12 7.635530732848202303e-12 6.665379221516636999e-12 5.826735462536544253e-12 5.102156560542533804e-12 4.475985824525086659e-12 3.934384427890458829e-12 3.458145575110582529e-12 3.041693716609157280e-12 2.671279542983539455e-12 2.347393677457687954e-12 2.061881284706827591e-12 1.811483089113659776e-12 1.591394446334361729e-12 1.397055405733665703e-12 1.226901385271853862e-12 1.076808660963675154e-12 9.441352499152117034e-13 8.280349566189488976e-13 7.263591124194058698e-13 6.359926322415494413e-13 5.604166472015815809e-13 4.911673382655371727e-13 4.325456236246556797e-13 3.817413689467873780e-13 3.359228635954969531e-13 2.955703866594387346e-13 2.608140716107632565e-13 2.284540972322826953e-13 2.001546605675606619e-13 1.754355930543633329e-13 1.531183327022240660e-13 1.336065152859237845e-13 1.168168660539663884e-13 1.021262363852760675e-13 8.878970717324498902e-14 7.726445443027893949e-14 6.733353167594761235e-14 5.896292267540006327e-14 5.172027340002448069e-14 4.730955682555092717e-14 4.095149507920113696e-14 3.571284595853407441e-14 3.209462554128409739e-14 2.906817421254196385e-14 2.646568893026050526e-14 2.406335112830896445e-14 2.177279456895219876e-14 1.967995706230528758e-14 1.779274079146409383e-14 1.615628578072254339e-14 1.473437073032210878e-14 1.346887187481870748e-14 1.224283097302582274e-14 1.138325328089014821e-14 1.063081093881821882e-14 9.900004623583581998e-15 9.188339062419331380e-15 8.650767411020674412e-15 8.131988178707856254e-15 7.608373709634914717e-15 7.138483075337775472e-15 6.705043607767584309e-15
7.543137152389501028e-11 7.519873938569162241e-11 7.422329834010384627e-11 7.540180645619379288e-11 7.876550015139348111e-11 8.119547346677002460e-11 8.225670675562162540e-11 8.360225478576176301e-11 8.532022087147267713e-11 8.656530617782799505e-11 8.915282386714098890e-11 9.070383754772754863e-11 9.249902165014186101e-11 9.246723836365983643e-11 9.149575075691722537e-11 9.111512418071933839e-11 9.099705832969153886e-11 9.078183746460823719e-11 8.817893155994697436e-11 8.506356806422105519e-11 8.146352216366534829e-11 7.742710316531721454e-11 7.302024954260870878e-11 6.832388430136307686e-11 6.342901425841879121e-11 5.843069558153041371e-11 5.342291046288161225e-11 4.849379047648593644e-11 4.372137983291648313e-11 3.917083315708099241e-11 3.489286310360612315e-11 3.092324843214963084e-11 2.728345576745630076e-11 2.398203731167276317e-11 2.101649572499979433e-11 1.837547625744540728e-11 1.604102076996792983e-11 1.399066069244281500e-11 1.219928490670791424e-11 1.064071872629328274e-11 9.288954942703632421e-12 8.119055298220494641e-12 7.107767342763440097e-12 6.233892341887861089e-12 5.464075999534509352e-12 4.792642354922251939e-12 4.198115349344515132e-12 3.680138340274875873e-12 3.225440207691533424e-12 2.828245374472048688e-12 2.480584652919650473e-12 2.174955484802179991e-12 1.908243580030701247e-12 1.673787227911568818e-12 1.467206937742556189e-12 1.286830848239273735e-12 1.129176559651459244e-12 9.899534528022986996e-13 8.728673020523227978e-13 7.659377435395251209e-13 6.755321321492972604e-13 5.970432272481820823e-13 5.262722865997154287e-13 4.638899440716091987e-13 4.100466541095000164e-13 3.599106914722937364e-13 3.160027073219715111e-13 2.775862530399719415e-13 2.428559672348228005e-13 2.124432530962793655e-13 1.862353249032719704e-13 1.632575923200578152e-13 1.423590176167374942e-13 1.242525051936631033e-13 1.086364560280273434e-13 9.545113113133383400e-14 8.399992815241589967e-14 7.710562372889119261e-14 6.693816099011386858e-14 5.854679393233529512e-14 5.277295369193154357e-14 4.793188669578441740e-14 4.375498618099116089e-14 3.988061072903940572e-14 3.616648878733261035e-14 3.276003122143244020e-14 2.967834866257059181e-14 2.700064139024213752e-14 2.466873518156743296e-14 2.258753356795941463e-14 2.056412107003318971e-14 1.914830211059441022e-14 1.790643108980729702e-14 1.669590006709596218e-14 1.551288121462648178e-14 1.462100728439747061e-14 1.375792279739211224e-14 1.288394715734651524e-14 1.209818321411944181e-14 1.137206399769104092e-14
9.579413382441224664e-11 9.566107014173269947e-11 9.465531994560699298e-11 9.611470697401651333e-11 1.001417636912608850e-10 1.031403872461795768e-10 1.045509155779701532e-10 1.062967710537718461e-10 1.084865986733035433e-10 1.101672821715366319e-10 1.134131513979710060e-10 1.155618566454557769e-10 1.180764265859538460e-10 1.185345958039891304e-10 1.178867887437311944e-10 1.179530835107173818e-10 1.184154584812341560e-10 1.188701397344037330e-10 1.165344037164151048e-10 1.135769331402045456e-10 1.099930101689104932e-10 1.058010959587374637e-10 1.010426764278068150e-10 9.578377225603754847e-11 9.011128322112306865e-11 8.412685396446835765e-11 7.794191994202675067e-11 7.167157706426395474e-11 6.542769062986649845e-11 5.931352792799778657e-11 5.341955781090097847e-11 4.782024622729960589e-11 4.257250096877675993e-11 3.771548330347889572e-11 3.327142764045701799e-11 2.924743239963424408e-11 2.563783282449430834e-11 2.242676785507750010e-11 1.959081943531158908e-11 1.710152940441824811e-11 1.492758387537041122e-11 1.303662363573509295e-11 1.139668369164192554e-11 9.977246108302121701e-12 8.723996753401769089e-12 7.631746455648332171e-12 6.667437925815523874e-12 5.829447027760950225e-12 5.096426781465005450e-12 4.458445301549556436e-12 3.902308950116367469e-12 3.415609928871507564e-12 2.992455777313795364e-12 2.621930982363403560e-12 2.296678667096063778e-12 2.013495136140847614e-12 1.766630105503771588e-12 1.549958679101056498e-12 1.367072115849110470e-12 1.200613936362407868e-12 1.060120095318168020e-12 9.380402390750028231e-13 8.280219033864609953e-13 7.310064362418131483e-13 6.471576360715520697e-13 5.690646074680459026e-13 5.005988737904446120e-13 4.406179293474562799e-13 3.863213777287958363e-13 3.387088901991312249e-13 2.976282132574760987e-13 2.615451618863873501e-13 2.286614338699133167e-13 2.001061370222174029e-13 1.754509615095893743e-13 1.545991567805841191e-13 1.364306321053592453e-13 1.256061590053732136e-13 1.093116763269012372e-13 9.584241047578044614e-14 8.660465862760255120e-14 7.884427704568209082e-14 7.213181094885086471e-14 6.588019755454275014e-14 5.985972739181849182e-14 5.432019085234369104e-14 4.929500037366712844e-14 4.491819732875423142e-14 4.110056370136395861e-14 3.768321710795273549e-14 3.435556091165379080e-14 3.202777118856721004e-14 2.998220018074322088e-14 2.798283189135353782e-14 2.602311955080494183e-14 2.454880389746602193e-14 2.311892843471806884e-14 2.166714853117004296e-14 2.035952155428830829e-14 1.914925759255682631e-14
1.212564078242007495e-10 1.212637271838809991e-10 1.202583183533225780e-10 1.220645145533192559e-10 1.268645684321357107e-10 1.305282669515830268e-10 1.323619235298896265e-10 1.345901174787704651e-10 1.373432124033002379e-10 1.395415987324754331e-10 1.435561274194776997e-10 1.463879684156980541e-10 1.497096678381275087e-10 1.507234190532433027e-10 1.504766575305619258e-10 1.510967799825687481e-10 1.522741715408055067e-10 1.535685448684001653e-10 1.516903496756623560e-10 1.491222546151474094e-10 1.458230133569410435e-10 1.417705704189232671e-10 1.369654218616621853e-10 1.314391683661987235e-10 1.252528996989147106e-10 1.184926087850683330e-10 1.112676471762408456e-10 1.037050360114073767e-10 9.594069497333809565e-11 8.811250584604507235e-11 8.035364630410485845e-11 7.278579601578768996e-11 6.551428557417716027e-11 5.862501465003692413e-11 5.218268331975808361e-11 4.623075108817811130e-11 4.079274143657549171e-11 3.587434651467194134e-11 3.146624694872399211e-11 2.754730177726959153e-11 2.408766256523131023e-11 2.105168338879690182e-11 1.840053240640417722e-11 1.609434638523767709e-11 1.405088609537740807e-11 1.226652632128225182e-11 1.069195877396672996e-11 9.324561406529317453e-12 8.130934551193043416e-12 7.094782097183295915e-12 6.194617640286594943e-12 5.410066176513564424e-12 4.730495105817109779e-12 4.137904857476378607e-12 3.619861861929702741e-12 3.170383442225856144e-12 2.779832214425797580e-12 2.439008115228988238e-12 2.150922195967307454e-12 1.889659558119341543e-12 1.669639718414345598e-12 1.478514820446153115e-12 1.306452698786256335e-12 1.154769921968721413e-12 1.023618510661801301e-12 9.014503175283658553e-13 7.942818221316400206e-13 7.003174167416131599e-13 6.151600564022629363e-13 5.404044258420711049e-13 4.758427614754327063e-13 4.190477007112321976e-13 3.671814778813294255e-13 3.220557032172961568e-13 2.830425858387377973e-13 2.499970969149363399e-13 2.211257701444754997e-13 2.040817704883118137e-13 1.779670121803214414e-13 1.563482517424438533e-13 1.415600716569489460e-13 1.291187419664519756e-13 1.183399572176917128e-13 1.082685649054691586e-13 9.853342275171776190e-14 8.955232589362463620e-14 8.138639667355300538e-14 7.425503954287294051e-14 6.802879175702719785e-14 6.243780305701926507e-14 5.699501400551483040e-14 5.318250429318889990e-14 4.982656947904431069e-14 4.654026097798923465e-14 4.331133086125820544e-14 4.088760396244021706e-14 3.853294379960396130e-14 3.613711175798535070e-14 3.397527542750440794e-14 3.197166849472481868e-14
1.530491650486592939e-10 1.532447511889983767e-10 1.522779549829549663e-10 1.545101864452921152e-10 1.602101377732985360e-10 1.646508999637361926e-10 1.669959724819791627e-10 1.698059343352671314e-10 1.732339010270680143e-10 1.760507028182990000e-10 1.809702082191500652e-10 1.845898223297728637e-10 1.888220216180363931e-10 1.904544795675618149e-10 1.906764455117079282e-10 1.919477827223869290e-10 1.939573625592816120e-10 1.962332660791199957e-10 1.949615487213214562e-10 1.929794349508398087e-10 1.902154641026164423e-10 1.866056871185568380e-10 1.821005087060401467e-10 1.766829789502412846e-10 1.703676161308154561e-10 1.631985053723383429e-10 1.552557250239279792e-10 1.466521442251668110e-10 1.375242404334372632e-10 1.280266656046199948e-10 1.183248989327594725e-10 1.085849081662509254e-10 9.896494275690786784e-11 8.960896723507902332e-11 8.064075283747141148e-11 7.216023397101850471e-11 6.424201919637442060e-11 5.693531640603323256e-11 5.026549444560359306e-11 4.423689797839521199e-11 3.883618187840406036e-11 3.403599223820999232e-11 2.979877085953070024e-11 2.608025592498801583e-11 2.276651708503701535e-11 1.985761012556686016e-11 1.728368931515841212e-11 1.504372326531999513e-11 1.308787631010603435e-11 1.139123792548932444e-11 9.920017470563992871e-12 8.641519094821290375e-12 7.537562823045478901e-12 6.578624652643729773e-12 5.743792893895783271e-12 5.022210057670253860e-12 4.397602625132004438e-12 3.855346097717350970e-12 3.397413922440932602e-12 2.983792402666311614e-12 2.636417882445761042e-12 2.335166162913052559e-12 2.064460508211540440e-12 1.826100683463172068e-12 1.620149062137205755e-12 1.428343603045996487e-12 1.260104551327650989e-12 1.112567031789372930e-12 9.787490854263760645e-13 8.611972395602118860e-13 7.596161802262857019e-13 6.701510977044225973e-13 5.882860502112368588e-13 5.169531119467496711e-13 4.551942369906605335e-13 4.028098402128611837e-13 3.569457770996401050e-13 3.300730779764733555e-13 2.883037377592311339e-13 2.536775935290511018e-13 2.300372366256306802e-13 2.101288253923965168e-13 1.928678114780352558e-13 1.767005214788244787e-13 1.610281312241566170e-13 1.465397055830429258e-13 1.333417570240112809e-13 1.217817476802970918e-13 1.116850706662927270e-13 1.025885013373260926e-13 9.375037305817365169e-14 8.754181682950097412e-14 8.206835688569609641e-14 7.670246731134699876e-14 7.142004726100877746e-14 6.746424251643329819e-14 6.361639932226024052e-14 5.969478104069672814e-14 5.614978813309324151e-14 5.286032070905776769e-14
1.927071604201422373e-10 1.931462753147090599e-10 1.922639229579182331e-10 1.950158958567980254e-10 2.017620243930692365e-10 2.071091547183343833e-10 2.100696816484511755e-10 2.135801424978708522e-10 2.178171861200854491e-10 2.213748882417363589e-10 2.273669216521312931e-10 2.319074756920475280e-10 2.371831486024236816e-10 2.395107175027490048e-10 2.402727537538349929e-10 2.422963740951102803e-10 2.452512756041892620e-10 2.486338971709653783e-10 2.480686561688882079e-10 2.468113676047759596e-10 2.447766510201441930e-10 2.418681620474561009e-10 2.379886544163565877e-10 2.330709423859567777e-10 2.270712804927323233e-10 2.199699044472554330e-10 2.117908549901524751e-10 2.026016424854345951e-10 1.925047589363710911e-10 1.816391871850884684e-10 1.701756384548092361e-10 1.583037096431017527e-10 1.462224279763741379e-10 1.341314897505234650e-10 1.222204477369283304e-10 1.106602236359066523e-10 9.959734425573334454e-11 8.914954235024721023e-11 7.940382338881286887e-11 7.041694536291078697e-11 6.221725080795071357e-11 5.480782030480330330e-11 4.817068848868464757e-11 4.227130912335487857e-11 3.696953909382046796e-11 3.227307944289400249e-11 2.809032513942664657e-11 2.442995443197229433e-11 2.122285128651544396e-11 1.843487676669772356e-11 1.601589839789666785e-11 1.391564451110657028e-11 1.210511488359774507e-11 1.053685941115041208e-11 9.176380302542936061e-12 8.004704298005373172e-12 6.994453897997610387e-12 6.121260735061359405e-12 5.386013157878244444e-12 4.724959443253585382e-12 4.171523264364557437e-12 3.693063131599438984e-12 3.264373327571169012e-12 2.887773418509408054e-12 2.563017957303307023e-12 2.260867119829872164e-12 1.996094976829044437e-12 1.764050017409992198e-12 1.553535922851546521e-12 1.368590345555723286e-12 1.208755462638214688e-12 1.067893027836043999e-12 9.387693017753937908e-13 8.261450071949355220e-13 7.284918664356234954e-13 6.455631377878122248e-13 5.728510271762219344e-13 5.304822342643195129e-13 4.639312272714935217e-13 4.086898926193899979e-13 3.710180480079764731e-13 3.392763244221354240e-13 3.117578910877764733e-13 2.859422511458150654e-13 2.608663825298963087e-13 2.376496620803834115e-13 2.164702682012748057e-13 1.978598374119657071e-13 1.816075427080748806e-13 1.669146522611772935e-13 1.526889885554081192e-13 1.426532485723665484e-13 1.337933013157205202e-13 1.251038405520332569e-13 1.165367473285972585e-13 1.101368084198145626e-13 1.039064139767630081e-13 9.754875633912763795e-14 9.179124898208741918e-14 8.644311070588071869e-14
2.421474787543725791e-10 2.428934558058614395e-10 2.421489989013091676e-10 2.455301526513872725e-10 2.534907163627558650e-10 2.598932308529669702e-10 2.635905296269841953e-10 2.679412176404510313e-10 2.731458572596206787e-10 2.775906329866807037e-10 2.848575830929574131e-10 2.904872899844687238e-10 2.969790229025865095e-10 3.001053811595772029e-10 3.014981256907732201e-10 3.043962848126905834e-10 3.084268883114400679e-10 3.130502949347596348e-10 3.132573721877579735e-10 3.128077628803212452e-10 3.116248226234738001e-10 3.095972337576835806e-10 3.065931327866338698e-10 3.025092579199392523e-10 2.972470717282176063e-10 2.907137816483023933e-10 2.828619907240110967e-10 2.736882796676299404e-10 2.632245015987823748e-10 2.515538792300689103e-10 2.388120627227230445e-10 2.251727625779111706e-10 2.108421580069995353e-10 1.960519268695048834e-10 1.810440772407545076e-10 1.660582094816536866e-10 1.513217376631214760e-10 1.370395296102132628e-10 1.233861249306394377e-10 1.105015397883169236e-10 9.848898050585720466e-11 8.741496854844731639e-11 7.731198011197538289e-11 6.818233534446596439e-11 5.988280826531316329e-11 5.243498948121728236e-11 4.573164740238341858e-11 3.980994864728110625e-11 3.458420054530403903e-11 3.001570404977685202e-11 2.603655453311653078e-11 2.257453113397312945e-11 1.958770032002562016e-11 1.700269107335441418e-11 1.476467511492491355e-11 1.284222525133522580e-11 1.119012468404950681e-11 9.766748507768454709e-12 8.573250927181712469e-12 7.505647964652124900e-12 6.614740895045012293e-12 5.847932339554560172e-12 5.163767099205685943e-12 4.564864015488389783e-12 4.050114974505287873e-12 3.572273635276787883e-12 3.154390990492826310e-12 2.788765592033641549e-12 2.457293878720283315e-12 2.166270648558234077e-12 1.914890258350186209e-12 1.693356020350174928e-12 1.490026667169092816e-12 1.312608139852255419e-12 1.158558167444193031e-12 1.027615031789929601e-12 9.127189486161288265e-13 8.459804205260396098e-13 7.405111397605539458e-13 6.528602155583302021e-13 5.931037384010300131e-13 5.427494445941404067e-13 4.991332142602198975e-13 4.581861453528371069e-13 4.183669806074527621e-13 3.814645545453693037e-13 3.477657921660970913e-13 3.180540741460025318e-13 2.921231771164772928e-13 2.685977224047594870e-13 2.459311383226116246e-13 2.298520838528930957e-13 2.156387925940390131e-13 2.017021287188763307e-13 1.879468488659561516e-13 1.776966196378396309e-13 1.677135921529896481e-13 1.575181964966399072e-13 1.482684145843488833e-13 1.396683586694861866e-13
3.037679727846228103e-10 3.048934166368136033e-10 3.043482728781950369e-10 3.084851816131544688e-10 3.178535722138467259e-10 3.254836196839705733e-10 3.300585796641973221e-10 3.354122492187741575e-10 3.417691539877538131e-10 3.472726782277349603e-10 3.560548911524041895e-10 3.629811712709523741e-10 3.709065963783596901e-10 3.749718668810841246e-10 3.771181668937348151e-10 3.810496508966764342e-10 3.863247666364406103e-10 3.923628130884179735e-10 3.934047362458523472e-10 3.938146225390237166e-10 3.935496750906753841e-10 3.925024318316787717e-10 3.905229401257081661e-10 3.874996609558522699e-10 3.832985399841197553e-10 3.777610302923544598e-10 3.707731671627299258e-10 3.622522279128067717e-10 3.521332244596583241e-10 3.404094609331600159e-10 3.271396997569483594e-10 3.124307878839116018e-10 2.964443087643184450e-10 2.793976196654921753e-10 2.615454759846133454e-10 2.431667150690107956e-10 2.245542164575812900e-10 2.059985444980647554e-10 1.877731826487048179e-10 1.701244836968771119e-10 1.532626891163145614e-10 1.373557241467866035e-10 1.225272202976702107e-10 1.088569307029419857e-10 9.624781230633979427e-11 8.474218840438981470e-11 7.423546939821634878e-11 6.482906547608650977e-11 5.643515747192794630e-11 4.902656474415832145e-11 4.252402543621716878e-11 3.683411319285686877e-11 3.190502116135495985e-11 2.763001014728916132e-11 2.392699585492085966e-11 2.074782755161782054e-11 1.802050069937743128e-11 1.567406192437259386e-11 1.371492423605512217e-11 1.197149140304146386e-11 1.052065335761986211e-11 9.278466866436068617e-12 8.176143973412686255e-12 7.215759584106882212e-12 6.394065134904283465e-12 5.634319762512787808e-12 4.972052371960596492e-12 4.394254339862596922e-12 3.871461068338790823e-12 3.413210563086784150e-12 3.017897045321042978e-12 2.669844062207993717e-12 2.350260159901467659e-12 2.071497181084529139e-12 1.829178659611796829e-12 1.623090383087441903e-12 1.442268694674377491e-12 1.337271636493766442e-12 1.171186108903770045e-12 1.033010868948071946e-12 9.387456123341560480e-13 8.593399943995987565e-13 7.906721729026771408e-13 7.262183559483415787e-13 6.635264036490592518e-13 6.054045736717792083e-13 5.522972457817942911e-13 5.053098567901543042e-13 4.643447424224711741e-13 4.270485774784299323e-13 3.913327875558206087e-13 3.658277500210245754e-13 3.432568414639999827e-13 3.211435951699039258e-13 2.993033785847521526e-13 2.830685893788408646e-13 2.672560456778117698e-13 2.510999966484075013e-13 2.364158306540075163e-13 2.227521952934493147e-13
3.805706264438322331e-10 3.821591411172794155e-10 3.818834166652708497e-10 3.869214212829787521e-10 3.979198724654167240e-10 4.069772822503054167e-10 4.125936290111469969e-10 4.191387385202459871e-10 4.268614412049188600e-10 4.336239064214752669e-10 4.442036222749924838e-10 4.526765168119231752e-10 4.623013756903217397e-10 4.674872005180180768e-10 4.705499274066749305e-10 4.757189424464551319e-10 4.824604852830718517e-10 4.901537045037244821e-10 4.921238862729495787e-10 4.934500353524009003e-10 4.941510232941966304e-10 4.941359691117163303e-10 4.932451685955906481e-10 4.913942646885610925e-10 4.884433423141347613e-10 4.841869380289870845e-10 4.784715701959785952e-10 4.711507790976139169e-10 4.620570943676507061e-10 4.510808499460346537e-10 4.381774661807067590e-10 4.233398449747620892e-10 4.066289313960403310e-10 3.881889115106877432e-10 3.682245954777493740e-10 3.469948690988175243e-10 3.248106370924983993e-10 3.020141293955492110e-10 2.789587317166096317e-10 2.559954861843627256e-10 2.334565278492024927e-10 2.116397049487320014e-10 1.907991807827820240e-10 1.711388505256429434e-10 1.526872427895443752e-10 1.355080826078621488e-10 1.195319657543770767e-10 1.049820037180958802e-10 9.180127513965978029e-11 8.000942046479085211e-11 6.953800169251916567e-11 6.028564144496250442e-11 5.220643156630952964e-11 4.515867132303711033e-11 3.903016826414325537e-11 3.375549205269173816e-11 2.922652388341612609e-11 2.532555872510004912e-11 2.207769508620696394e-11 1.920017860785298645e-11 1.680917630661918404e-11 1.477268151901989502e-11 1.297659597322683209e-11 1.142042408646279372e-11 1.009613165315373984e-11 8.878969334284607698e-12 7.822693863024386333e-12 6.904948642174050288e-12 6.077556601199952162e-12 5.354360852914179010e-12 4.731898369891491604e-12 4.184994041103106489e-12 3.683256979047206592e-12 3.246158748920126271e-12 2.865979639532244698e-12 2.542621624674912015e-12 2.259183482150029721e-12 2.094104479616144710e-12 1.834321426341858830e-12 1.617998932210280315e-12 1.470159446141771688e-12 1.345723851440512869e-12 1.238369265356689128e-12 1.137722349825830686e-12 1.039906521097150200e-12 9.492456569603562305e-13 8.663984598089977396e-13 7.928442554920202508e-13 7.288107589366422740e-13 6.703127371684409925e-13 6.146952588653713042e-13 5.746729291288295034e-13 5.392211790948237006e-13 5.045376457183119537e-13 4.702736341846683384e-13 4.448648110538007511e-13 4.201247669690896907e-13 3.948462156192205049e-13 3.718298027039148632e-13 3.503987321042481856e-13
4.763162302895420860e-10 4.784646304332398447e-10 4.785382793675241312e-10 4.846434750677380941e-10 4.975273173034121836e-10 5.082451309930409713e-10 5.150935476659153293e-10 5.230476712164821351e-10 5.323826208657003082e-10 5.406377623087231859e-10 5.533445412842299890e-10 5.636609604857437527e-10 5.753033301676081078e-10 5.818371896002438991e-10 5.860226419782750022e-10 5.926812167613878490e-10 6.011711897286969911e-10 6.108448179854189868e-10 6.138929655224965034e-10 6.162284274819090700e-10 6.179699519898841605e-10 6.190432650261372852e-10 6.192662144412919869e-10 6.186207644220201365e-10 6.169926534467897237e-10 6.141458276806097867e-10 6.099301470258675873e-10 6.041734290716441047e-10 5.966214441695264630e-10 5.870785221711876289e-10 5.754006042807914846e-10 5.614407930913303695e-10 5.451198121519601566e-10 5.264580143535815204e-10 5.055404431804552638e-10 4.825279362452388220e-10 4.576750069025647249e-10 4.313057853811434468e-10 4.037935055347535604e-10 3.755520037734649618e-10 3.470136922984993016e-10 3.186043168813941856e-10 2.907262435099262128e-10 2.637427315236637651e-10 2.379113687574177219e-10 2.132967295114064250e-10 1.899059524674773841e-10 1.681609448437199528e-10 1.480904903988826612e-10 1.298216970237404078e-10 1.133433980957676399e-10 9.858165356180092387e-11 8.553603291751393737e-11 7.404356953498267598e-11 6.397168270114468089e-11 5.524868293172606212e-11 4.772608135996516208e-11 4.121784534995434295e-11 3.579915582683705981e-11 3.101054431462608371e-11 2.702854668603344682e-11 2.365027563164986365e-11 2.068853651241056899e-11 1.813651739562295527e-11 1.597656052729562354e-11 1.400670683803373626e-11 1.230644628525462934e-11 1.083695411859616171e-11 9.519295712411593445e-12 8.372335064964008905e-12 7.388417641164727965e-12 6.526921921035892133e-12 5.738638985309826164e-12 5.053541742560537593e-12 4.457808902435083344e-12 3.951422540496196803e-12 3.508459090850252789e-12 3.248665929120207028e-12 2.844874357034492826e-12 2.508418742596546932e-12 2.277779636318137636e-12 2.083898931189307667e-12 1.917147202782963710e-12 1.761180839572162411e-12 1.609908118575488193e-12 1.469845321864211582e-12 1.341916534534394150e-12 1.227965332660045876e-12 1.128947548927349048e-12 1.038203117842818685e-12 9.526286594394121308e-13 8.905227866866678163e-13 8.354698820980572350e-13 7.817192562156166707e-13 7.286302764330024157e-13 6.893502754352516373e-13 6.511322160237410814e-13 6.120977050012199853e-13 5.764959971571695920e-13 5.433295873796034502e-13
5.957184235636711776e-10 5.985393695614733713e-10 5.990538599732013586e-10 6.064156083090916062e-10 6.214780977559539405e-10 6.341288145079746246e-10 6.424316863130898546e-10 6.520457085775138940e-10 6.632778062919467760e-10 6.732999599256989864e-10 6.885174586345729354e-10 7.010271618988291531e-10 7.150658715401460902e-10 7.232279704642331445e-10 7.287871211246389124e-10 7.372348014956982918e-10 7.478187945568034696e-10 7.598931211861455563e-10 7.642363185563635375e-10 7.677271263531644037e-10 7.706471558928660573e-10 7.729197322492312556e-10 7.742962333161652784e-10 7.748728449492741728e-10 7.745869794071686495e-10 7.731652990573790742e-10 7.705098461854778156e-10 7.664753942719908822e-10 7.607455565017197606e-10 7.530822362255471538e-10 7.432818753993166014e-10 7.310629687760402368e-10 7.162010178058257349e-10 6.985742908739584832e-10 6.780952532920885728e-10 6.547537558775498279e-10 6.286680156332593980e-10 6.000517390729710438e-10 5.692011938025337517e-10 5.365074161146543141e-10 5.024328931121741437e-10 4.674788822909483583e-10 4.321679177976855475e-10 3.970208551251893641e-10 3.626329674547850698e-10 3.290038704363840687e-10 2.962498088303616684e-10 2.650732156171656557e-10 2.356581017382662442e-10 2.083229622546624682e-10 1.831881861132484084e-10 1.602724601348205438e-10 1.396960002668107619e-10 1.213160174532174491e-10 1.050146915757784990e-10 9.074984306237647819e-11 7.834437443004782955e-11 6.752328542477106700e-11 5.847852571586898181e-11 5.048165802707217111e-11 4.380566741860252457e-11 3.814941309755927363e-11 3.321256581319707427e-11 2.897683357071880868e-11 2.540742692237815366e-11 2.218056904033900071e-11 1.941105242918760181e-11 1.703150420600286332e-11 1.491282410915872328e-11 1.307840491061117639e-11 1.151157226472148732e-11 1.014643887880899576e-11 8.903275277423087576e-12 7.826789372710956235e-12 6.892059076186475366e-12 6.098690631765782148e-12 5.406976363664868585e-12 4.996561528475601634e-12 4.371954998597320820e-12 3.851372037196991727e-12 3.492899753677341725e-12 3.192103640848573915e-12 2.934385447283540261e-12 2.694234953083577409e-12 2.462124044075281229e-12 2.247638075220860457e-12 2.051974419460047835e-12 1.877189912919224213e-12 1.725655076791891033e-12 1.586406376079884522e-12 1.456271300495396123e-12 1.360950537680173184e-12 1.276420560415786422e-12 1.194112658418792004e-12 1.112881110704761834e-12 1.052899649736168852e-12 9.946105872933678956e-13 9.351302299276306289e-13 8.807965619539419268e-13 8.301637399415229421e-13
7.446872716786232372e-10 7.483123061967409266e-10 7.493728777338891598e-10 7.582070123079371297e-10 7.757847838521072967e-10 7.906870565551402885e-10 8.007037100085347665e-10 8.122669833309068316e-10 8.257264993675500309e-10 8.378390880859114589e-10 8.560126892093350827e-10 8.711263463982495874e-10 8.880149151152163254e-10 8.981488585834129110e-10 9.053784917079303977e-10 9.159646431332070279e-10 9.290582730045236178e-10 9.440557662185094200e-10 9.499778794227579318e-10 9.548262309884107882e-10 9.591482185462601341e-10 9.628182289880073498e-10 9.654411544017821577e-10 9.673020247535454488e-10 9.684058775369628322e-10 9.683898056125351666e-10 9.672594482530773243e-10 9.649565221021992411e-10 9.611109263172225579e-10 9.554973700390211370e-10 9.479242350917214216e-10 9.380058365769963730e-10 9.254061638194899023e-10 9.098921802369369325e-10 8.911894026011416239e-10 8.690770291498701566e-10 8.434844573147162176e-10 8.144292175318845326e-10 7.820207699588268489e-10 7.465157396780452474e-10 7.082944009613336928e-10 6.678248930389980257e-10 6.256609809927821821e-10 5.824192293697066989e-10 5.391185437123686035e-10 4.955547449394365785e-10 4.519474496794546804e-10 4.093350921207586912e-10 3.681176755435745015e-10 3.288942324650937779e-10 2.920090324918296160e-10 2.576659616673129037e-10 2.262217754528275077e-10 1.976332895754354557e-10 1.718718056387590262e-10 1.490019748246667248e-10 1.288625053206412874e-10 1.110799103520481905e-10 9.609281886278276273e-11 8.278404367706325303e-11 7.158751680382279870e-11 6.207882346891633925e-11 5.379240569265378166e-11 4.669495338577998879e-11 4.072573059329463033e-11 3.537409917764859519e-11 3.080294021815575872e-11 2.689713710105564137e-11 2.344711369598700269e-11 2.047775553761789952e-11 1.795410617762353209e-11 1.576889981961950504e-11 1.379301026084088952e-11 1.209050727215930990e-11 1.061641919542160101e-11 9.368372548996195176e-12 8.285347441280770522e-12 7.631843383631817758e-12 6.667748480297920234e-12 5.864441821984765759e-12 5.307813356241844412e-12 4.841873022661618545e-12 4.444497869197731778e-12 4.076213599401549886e-12 3.722148754738855462e-12 3.396008081630804479e-12 3.099139947289052899e-12 2.833379489037964530e-12 2.603598064784322699e-12 2.392033385261050883e-12 2.196246456818184053e-12 2.051429335055287385e-12 1.923010667178955092e-12 1.798402481525749936e-12 1.675606258347556384e-12 1.585083707128111054e-12 1.497273944582082905e-12 1.407807438814635130e-12 1.325975034205418919e-12 1.249712895558422188e-12
9.306352471565465226e-10 9.352182750315944435e-10 9.369468641373672011e-10 9.474997044580884566e-10 9.679788995223264215e-10 9.855045485430933647e-10 9.975370618212862562e-10 1.011383810937865124e-09 1.027454418875928804e-09 1.042039063101282512e-09 1.063684157239309225e-09 1.081883773008830428e-09 1.102169252179977531e-09 1.114695475100704165e-09 1.123940500965190427e-09 1.137073504696444861e-09 1.153176306342214616e-09 1.171729009265478278e-09 1.179576423929835364e-09 1.186040797671446889e-09 1.192084280367853342e-09 1.197447231698326807e-09 1.201475597399386045e-09 1.204771799766109432e-09 1.207409401753631052e-09 1.208817849143640908e-09 1.209173322677631801e-09 1.208571212732123287e-09 1.206546422853536242e-09 1.202936306634536772e-09 1.197656537102699476e-09 1.190249053842136906e-09 1.180322738369603974e-09 1.167614943383019964e-09 1.151694476047060895e-09 1.132139891299842065e-09 1.108697081095926762e-09 1.081142702033727020e-09 1.049313565034652899e-09 1.013232861588317002e-09 9.730749059497491993e-10 9.291285857863189033e-10 8.818373475420277535e-10 8.317866292449868221e-10 7.804585312170230579e-10 7.272144899923903091e-10 6.723015300570872872e-10 6.170823466256250803e-10 5.621851883426480791e-10 5.085461626873176176e-10 4.568131662556239116e-10 4.074729212188352474e-10 3.612626931318486851e-10 3.183540718048531165e-10 2.789268480768041621e-10 2.432847322441875719e-10 2.113772961716113240e-10 1.827475087013088473e-10 1.583122747796762001e-10 1.364239141581376268e-10 1.177923020989651926e-10 1.018633547809485010e-10 8.794848023682527852e-11 7.600654853696261640e-11 6.594697404377753907e-11 5.698355704167442380e-11 4.934719495032088217e-11 4.284756408085947237e-11 3.714969121584572878e-11 3.227304323770529087e-11 2.814815940293935556e-11 2.460057317157446401e-11 2.142174757119298553e-11 1.869905016894091421e-11 1.635175640622519946e-11 1.437130948789973159e-11 1.266319833752058566e-11 1.160912744220652033e-11 1.011827131877344097e-11 8.877270857539656654e-12 8.010199268251656517e-12 7.286647697981385411e-12 6.672909164368235082e-12 6.108327675953614397e-12 5.569652516283501542e-12 5.075797099741841073e-12 4.627818396062664966e-12 4.226358742488243875e-12 3.880384326180794815e-12 3.561569489195983845e-12 3.269629148622950659e-12 3.051488101956815363e-12 2.858174056046827646e-12 2.671429320625351198e-12 2.487843532335978131e-12 2.352665149786181019e-12 2.221874436660938198e-12 2.088930544059524459e-12 1.967216283717450532e-12 1.853823137532262533e-12
1.162861899319481033e-09 1.168583209446282755e-09 1.171122085305657575e-09 1.183675297019980040e-09 1.207498418768837828e-09 1.228079835673816727e-09 1.242479643391756581e-09 1.258996836222872963e-09 1.278124444935310731e-09 1.295630149179743559e-09 1.321341481542577780e-09 1.343193595166001893e-09 1.367538263857520099e-09 1.382968487177753146e-09 1.394626659810969772e-09 1.410791556848155420e-09 1.430508576599041057e-09 1.453366407523115448e-09 1.463549043993118290e-09 1.471953864042561210e-09 1.480140161960007261e-09 1.487582793592604597e-09 1.493237713704545371e-09 1.498231118657412175e-09 1.502680338145954987e-09 1.505610579999171406e-09 1.507483486735609763e-09 1.508627457288054083e-09 1.508353916898313367e-09 1.506602959311852216e-09 1.503519022364077613e-09 1.498566179811954827e-09 1.491345671738672198e-09 1.481689644278178260e-09 1.469069203476180748e-09 1.452912091548501034e-09 1.432857068499763336e-09 1.408459346076045750e-09 1.379253659440857067e-09 1.344989075872002883e-09 1.305546017463465911e-09 1.260893419440559047e-09 1.211209188081443810e-09 1.156882485488487009e-09 1.099849739276490928e-09 1.038722508127122184e-09 9.736134272629940686e-10 9.060970412324317505e-10 8.369496082935860666e-10 7.674179032704833128e-10 6.984700258945088503e-10 6.309310129022173214e-10 5.660504744012274992e-10 5.043386276694201082e-10 4.463323699456399225e-10 3.927580179910210343e-10 3.438297346022550094e-10 2.990547619506260156e-10 2.602032696892886065e-10 2.249449143513114196e-10 1.944607211528199533e-10 1.681076924648004511e-10 1.449269340503975926e-10 1.249067493352876468e-10 1.079433217117476763e-10 9.286511074630198722e-11 8.000850743711476817e-11 6.907514576213793172e-11 5.954343380775519976e-11 5.141701950729338421e-11 4.456671853672708748e-11 3.871144892129226952e-11 3.351694178581594285e-11 2.909543028789553361e-11 2.530374608637764400e-11 2.211784467320161652e-11 1.938977860073512305e-11 1.765875125117633966e-11 1.533694634605047300e-11 1.340766846917279156e-11 1.204539343709448298e-11 1.091292335988650007e-11 9.958276766549568108e-12 9.088649395183926786e-12 8.267449333632188171e-12 7.519558448013442389e-12 6.844581412729548588e-12 6.240010250011845008e-12 5.721047320623947395e-12 5.243179314749241297e-12 4.810504287971714084e-12 4.483846633208303246e-12 4.194801466386475286e-12 3.917165348147834062e-12 3.645222204014631185e-12 3.445079708489362226e-12 3.252127650562422690e-12 3.056677534066713812e-12 2.877667823681257365e-12 2.711035182984961224e-12
1.453037783236768712e-09 1.460108734484929198e-09 1.463624855585370257e-09 1.478501147099968844e-09 1.506174722890402652e-09 1.530312938729564449e-09 1.547488466889710741e-09 1.567125149744329071e-09 1.589827318228924969e-09 1.610779716227706187e-09 1.641242593299278084e-09 1.667414550626331789e-09 1.696617976693211681e-09 1.715570103504734820e-09 1.730101011777741007e-09 1.749883961844263304e-09 1.773951702316009539e-09 1.801991204323903089e-09 1.814995292593087088e-09 1.825757285492009627e-09 1.836613995730530390e-09 1.846603769780838140e-09 1.854167098207614513e-09 1.861240420633526346e-09 1.867917669498786513e-09 1.872547058140959389e-09 1.876081169738713951e-09 1.879176652908899619e-09 1.880669659817058683e-09 1.880654125755544482e-09 1.879670681417415869e-09 1.877014022902598724e-09 1.872284180639088095e-09 1.865574231879680907e-09 1.856309863174102083e-09 1.843817058936511342e-09 1.827767312711015385e-09 1.807576913239436938e-09 1.782510737284147123e-09 1.752091783709695113e-09 1.715898599769162644e-09 1.673495203303655122e-09 1.624684844281660424e-09 1.569514213622446858e-09 1.510347812719096556e-09 1.444689437570363631e-09 1.372290483961475996e-09 1.294722874313070692e-09 1.212714076102840515e-09 1.127671790065905209e-09 1.040783324511158823e-09 9.531618621443638481e-10 8.666224529249009339e-10 7.820885131962626092e-10 7.005827020923545037e-10 6.234522460125318579e-10 5.513691688962951355e-10 4.838739879123705606e-10 4.241352859288894294e-10 3.689878492173292750e-10 3.203878147210746492e-10 2.777293733273835592e-10 2.397735172421971108e-10 2.066371551147257528e-10 1.782697862398289094e-10 1.529973705243694702e-10 1.313390145599598850e-10 1.128623531578643371e-10 9.678649686650551814e-11 8.309138056626722207e-11 7.155533854170606224e-11 6.173541346040799859e-11 5.310380187500087347e-11 4.579546103283924783e-11 3.956160284940729581e-11 3.434473760102182893e-11 2.991108698075964710e-11 2.700538961814786773e-11 2.334220420003232753e-11 2.030576782153748110e-11 1.813374990119503314e-11 1.633596328415049051e-11 1.483075894751752345e-11 1.347624510439973052e-11 1.221414387219901873e-11 1.107489418134007026e-11 1.005395787379146458e-11 9.141914609206732262e-12 8.362733221510566954e-12 7.647327391710705955e-12 7.007320618147259809e-12 6.519132423823138171e-12 6.088304084239945249e-12 5.677498984091969239e-12 5.277258697304876058e-12 4.982564179500712849e-12 4.699864762534625720e-12 4.414923449378077618e-12 4.154059681462813811e-12 3.911611380599799203e-12
1.815813574054240008e-09 1.824482057210344102e-09 1.829172152289264392e-09 1.846741807667718739e-09 1.878844991164659338e-09 1.907118797939565014e-09 1.927544282954731111e-09 1.950822165048316155e-09 1.977698143806197857e-09 2.002709313028725154e-09 2.038713298663230327e-09 2.069992439215830211e-09 2.105012175147838499e-09 2.128226836794792366e-09 2.146167336808575052e-09 2.170282866223565478e-09 2.199595407406486609e-09 2.233830726730666726e-09 2.250245698908213857e-09 2.263915037030614754e-09 2.278078932084587835e-09 2.291160718853521548e-09 2.300995396951250487e-09 2.310660575824812124e-09 2.320103689727036994e-09 2.326673963859037493e-09 2.332140831573749113e-09 2.337589401144702374e-09 2.340980928749042065e-09 2.342672149464058100e-09 2.343844313687459515e-09 2.343389883479850810e-09 2.340860182630668539e-09 2.336843496722053059e-09 2.330717465327879268e-09 2.321692854313954260e-09 2.309664869133494441e-09 2.294031652230747186e-09 2.273844427042064337e-09 2.248535338420672014e-09 2.217473321919591000e-09 2.179817237213206322e-09 2.134985838918975818e-09 2.082623992939002268e-09 2.025538863267450590e-09 1.959796030672522747e-09 1.884557740114252065e-09 1.801124947822861255e-09 1.709884753583540757e-09 1.612133889291360836e-09 1.509033080568692233e-09 1.401775154289216850e-09 1.292643341109847651e-09 1.182922070981441115e-09 1.074147186740442840e-09 9.684225789061394259e-10 8.670497700543648207e-10 7.696435565593516297e-10 6.814704743950274709e-10 5.983717508314563217e-10 5.234988119737992230e-10 4.565288292321807981e-10 3.960004429956801072e-10 3.423600272262927214e-10 2.957699118644239644e-10 2.539575748366548580e-10 2.177803585804993108e-10 1.866809819069536647e-10 1.595532854164087535e-10 1.363662578317240516e-10 1.167763281706732448e-10 1.001118268124693585e-10 8.556050301849319871e-11 7.327616350484402445e-11 6.283960219732638040e-11 5.412981678556768451e-11 4.677647882083464595e-11 4.178487955529888438e-11 3.589777618438807339e-11 3.103106162777911015e-11 2.749624432366442123e-11 2.458346198504133273e-11 2.216162673580453186e-11 2.001309409275549064e-11 1.804352879642874916e-11 1.628559848677826263e-11 1.472480136619546251e-11 1.333773304225655802e-11 1.215943967124447436e-11 1.108366801003247442e-11 1.013346928442934525e-11 9.401389832145618795e-12 8.758012148646122016e-12 8.150271720995713925e-12 7.562620338456169224e-12 7.129229096169226207e-12 6.716298348218409091e-12 6.302995115654850001e-12 5.925206808919696677e-12 5.574995161480743857e-12
2.269587002145800903e-09 2.280143769879121604e-09 2.286240176101897024e-09 2.306928485661291802e-09 2.344122790052648585e-09 2.377199292164606719e-09 2.401424861682584528e-09 2.428949884828073588e-09 2.460691624397332553e-09 2.490471267289166648e-09 2.532926421038105502e-09 2.570241552471190175e-09 2.612212425644984122e-09 2.640573309409078065e-09 2.662560634641300563e-09 2.691877149099195283e-09 2.727510247004438928e-09 2.769111727157356000e-09 2.789669112828156477e-09 2.806976374793637712e-09 2.825194798882271496e-09 2.842003209959225722e-09 2.854602663080590490e-09 2.867510321400434080e-09 2.880354185901406233e-09 2.889170756147066673e-09 2.896979968437443136e-09 2.905371683743490551e-09 2.910891104966157483e-09 2.914380692628748961e-09 2.918004342617434328e-09 2.919822802203258032e-09 2.919258343791364302e-09 2.917756898618840719e-09 2.914533265167597785e-09 2.908544759414998510e-09 2.900166198238097389e-09 2.888899961869396389e-09 2.873582786029464545e-09 2.853750029857781517e-09 2.828744413198068736e-09 2.797384745625123192e-09 2.758809273491532844e-09 2.712336940847947582e-09 2.661332745981132653e-09 2.600186893869315050e-09 2.527332633798301423e-09 2.443569347772411575e-09 2.348634116007483046e-09 2.243384135355188125e-09 2.128595068243815769e-09 2.005168766293767754e-09 1.875573525065254059e-09 1.741213630249003147e-09 1.603976547803961012e-09 1.466692962401930234e-09 1.331343060326162546e-09 1.197535476570780608e-09 1.073404986572233576e-09 9.535910914153408816e-10 8.429351968794900977e-10 7.417665852603726762e-10 6.485399520545929787e-10 5.643637120816835432e-10 4.899105949628823175e-10 4.222743299586334582e-10 3.629373610768613746e-10 3.113093086108858298e-10 2.659374155779680790e-10 2.268511733889926391e-10 1.935878674652511382e-10 1.651878488850264890e-10 1.404494168351778360e-10 1.195513764263955884e-10 1.018175052215912732e-10 8.702152257009861684e-11 7.458281825909717653e-11 6.582955490805169080e-11 5.616020251787285310e-11 4.818365566521561639e-11 4.228934813005764183e-11 3.745068086303724635e-11 3.345287236936921311e-11 2.995994573775740559e-11 2.681647171071141672e-11 2.404774725990991820e-11 2.161732126236961540e-11 1.947466312732145445e-11 1.766646885543092630e-11 1.603008459831985615e-11 1.460391602115684896e-11 1.349475911659351535e-11 1.252581335782065123e-11 1.162138210693649014e-11 1.075588987895868775e-11 1.011558407396166127e-11 9.511083608636541035e-12 8.911873705491560591e-12 8.365868249464808060e-12 7.861741490912580502e-12
2.837468685299074139e-09 2.850254639862727047e-09 2.858031982934626745e-09 2.882327714912829399e-09 2.925368116351549200e-09 2.964014988139088139e-09 2.992678082830436877e-09 3.025152867440784048e-09 3.062557509462468355e-09 3.097926259738910531e-09 3.147881426566082577e-09 3.192325845928344260e-09 3.242579643447330452e-09 3.277139129910112112e-09 3.303940989900747976e-09 3.339501921540539693e-09 3.382735951596569213e-09 3.433063103086462626e-09 3.458681802808968925e-09 3.480580453681118881e-09 3.503716977785624021e-09 3.525008502768037443e-09 3.541067114422951490e-09 3.558014161486551635e-09 3.574972859547894131e-09 3.586444116865135637e-09 3.597162351368533864e-09 3.609238705151279504e-09 3.617180980964329987e-09 3.622685287093412579e-09 3.629321934958472712e-09 3.633658703842892572e-09 3.634931264887315800e-09 3.636006568574192875e-09 3.635642487858693055e-09 3.632241580337220720e-09 3.627045989955371461e-09 3.619748885556574195e-09 3.608804962900077812e-09 3.594083364299041419e-09 3.575153318275224517e-09 3.550544206911261231e-09 3.519292829299080801e-09 3.480614202276691111e-09 3.438673787444466241e-09 3.386060832415615920e-09 3.320503022627903663e-09 3.242204794024694697e-09 3.150033015203867780e-09 3.044141766317821655e-09 2.924551884312058099e-09 2.791413687946634639e-09 2.646955266988437583e-09 2.492271980464892304e-09 2.329206816204856434e-09 2.161038212889173861e-09 1.990244829400053506e-09 1.816109682338662795e-09 1.650324103399526417e-09 1.485978822660794758e-09 1.330061625707884373e-09 1.183986459796426831e-09 1.046308327335853166e-09 9.192500523751086327e-10 8.044490549145612145e-10 6.984225234283555250e-10 6.037471647058128994e-10 5.200338896524423552e-10 4.455637339867496596e-10 3.806180717434522061e-10 3.247044039827004060e-10 2.765674531632849402e-10 2.345269672332276875e-10 1.988349598171761730e-10 1.684635558611907084e-10 1.430402306712395879e-10 1.216802194308143171e-10 1.061103962919245412e-10 8.988569827608923369e-11 7.650697014192462340e-11 6.643403194436786264e-11 5.818273582724839135e-11 5.139678689724567736e-11 4.555380834125827451e-11 4.039395363047397032e-11 3.591334507252331283e-11 3.202999220057123948e-11 2.864208844192329813e-11 2.580361341966732018e-11 2.326545363623712832e-11 2.108341875129238643e-11 1.937196654508202627e-11 1.788872067192826613e-11 1.652445600644763555e-11 1.523675482212891793e-11 1.427937690067160635e-11 1.338637389967616431e-11 1.251270255430247176e-11 1.172073980204180152e-11 1.099382372942718558e-11
3.548498585390679164e-09 3.563913141952890582e-09 3.573695998231586018e-09 3.602161126077990299e-09 3.651908809063686068e-09 3.697008430351538186e-09 3.730846722222315080e-09 3.769084054379454839e-09 3.813068396985108081e-09 3.854973739914782705e-09 3.913636277880888707e-09 3.966491932658131389e-09 4.026580297643484505e-09 4.068590440356510920e-09 4.101139642310116735e-09 4.144181161797113006e-09 4.196525892042817521e-09 4.257178607481641374e-09 4.289010042017102703e-09 4.316708775555599121e-09 4.345764602829666498e-09 4.372468805842241762e-09 4.392955057562186666e-09 4.414890628834755176e-09 4.436758557222894211e-09 4.451479196438521109e-09 4.465857376025565524e-09 4.482460227890242594e-09 4.493187280020957192e-09 4.501066711032926564e-09 4.511515343882505869e-09 4.518738220398636930e-09 4.521820015767525349e-09 4.525852002023613261e-09 4.528591789381849050e-09 4.527429593820480465e-09 4.525111839965855874e-09 4.521532248111140197e-09 4.514315493783146668e-09 4.503961517093424613e-09 4.490580712384787840e-09 4.472314978438918373e-09 4.448281381592051584e-09 4.417946486869763178e-09 4.386615123061849643e-09 4.344999728048212364e-09 4.290335049738922740e-09 4.222332077100556589e-09 4.138938814109369644e-09 4.039538361734486928e-09 3.923156808249681669e-09 3.788779890254337717e-09 3.637964573639893728e-09 3.470979437088932148e-09 3.289038990430120163e-09 3.095340261543681258e-09 2.892401098252119802e-09 2.678532736418088805e-09 2.469412029675444315e-09 2.255978152513674216e-09 2.047607945171857082e-09 1.847154519786803968e-09 1.653394275508519345e-09 1.470146552027924749e-09 1.300575087598720238e-09 1.140758197247845139e-09 9.950301391556353606e-10 8.636245147391780763e-10 7.447965988041561599e-10 6.394643043550437915e-10 5.473590045882612064e-10 4.670475975399629095e-10 3.963581345695976399e-10 3.357701991480626278e-10 2.838420148884597146e-10 2.400525886248828747e-10 2.031215739309040358e-10 1.752860283963115673e-10 1.476065679403838307e-10 1.247280024851365845e-10 1.071599908216503565e-10 9.276154104802239934e-11 8.094238280580025455e-11 7.088709284261038911e-11 6.215859888864694356e-11 5.468042668721033653e-11 4.828086950691406160e-11 4.276331978622717772e-11 3.817373565106125857e-11 3.412848767817442473e-11 3.069693300671002598e-11 2.798561487755957260e-11 2.565853230580113824e-11 2.355489356307911938e-11 2.160328689324104174e-11 2.014227179075972107e-11 1.880005600720301999e-11 1.750909084234078226e-11 1.634790014494805088e-11 1.529088851642042578e-11
4.439178271581477840e-09 4.457688966871720281e-09 4.469860694835526720e-09 4.503141641790925940e-09 4.560578683647343202e-09 4.613144292248988630e-09 4.653010352587858897e-09 4.697948135477409317e-09 4.749565409877340482e-09 4.799100398261017604e-09 4.867857087996077463e-09 4.930620031937979545e-09 5.002343042689568883e-09 5.053290785899748457e-09 5.092721365671812879e-09 5.144690934269752623e-09 5.207915327731737608e-09 5.280801360373566824e-09 5.320270756746674608e-09 5.355257693447993424e-09 5.391419992585936308e-09 5.424704513375176200e-09 5.450918393263359136e-09 5.478957886926265271e-09 5.506640489938822376e-09 5.525499588386671514e-09 5.544499450008091753e-09 5.566522925253640073e-09 5.580526450470075231e-09 5.591335591539543437e-09 5.606566714242568863e-09 5.617108346513442553e-09 5.622068780272956934e-09 5.629759632661637681e-09 5.636104920627771359e-09 5.636931938365512049e-09 5.637497186580071508e-09 5.637770130011413048e-09 5.633730998927344909e-09 5.626985974574986933e-09 5.618581866966151431e-09 5.605855683395001218e-09 5.588135224349974826e-09 5.565636451657602046e-09 5.545143652828379152e-09 5.515325546663456619e-09 5.473304181814064282e-09 5.418575193745445684e-09 5.348282259889157590e-09 5.261240060512935710e-09 5.155489550645397137e-09 5.028629300823343341e-09 4.881296366293263725e-09 4.712508126738148538e-09 4.522232024098591332e-09 4.312930104211340638e-09 4.086492793644337996e-09 3.839299403959862467e-09 3.591070591557033944e-09 3.329648340832592465e-09 3.066648880484882447e-09 2.806442933931058507e-09 2.547908414720490930e-09 2.296791079875495400e-09 2.058298202087164518e-09 1.828189955738166649e-09 1.613337500015861564e-09 1.415185058108470860e-09 1.232379710546963656e-09 1.067102785150130453e-09 9.198035775191261022e-10 7.892051597465035272e-10 6.727938697484380215e-10 5.716374615877422283e-10 4.839280402409790729e-10 4.091109998931330780e-10 3.454807423745062363e-10 2.959851637240063326e-10 2.483831312156614475e-10 2.088033671022913556e-10 1.777846127424390402e-10 1.522626876009551222e-10 1.312781787009608704e-10 1.135634797468851098e-10 9.838859131842411049e-11 8.552682151585992620e-11 7.463892984484789387e-11 6.535767697230429121e-11 5.768476443393627247e-11 5.102417874524316104e-11 4.544154524704707392e-11 4.100317648804088986e-11 3.723428514154678009e-11 3.389153463477583548e-11 3.085238590286632908e-11 2.855720121725379792e-11 2.648632353622839863e-11 2.453597135536339959e-11 2.280011073634332150e-11 2.123734603200818546e-11
5.555401163243596312e-09 5.577554738001195865e-09 5.592567705886431007e-09 5.631408397464961499e-09 5.697654718112185660e-09 5.758848777287783717e-09 5.805726818875978458e-09 5.858445062478659616e-09 5.918904218104358962e-09 5.977328987132437294e-09 6.057768446478712172e-09 6.132176237231899652e-09 6.217617724807735080e-09 6.279263265672912724e-09 6.326946050029243664e-09 6.389527269315546918e-09 6.465696348966809840e-09 6.553107825980641700e-09 6.601953201808910123e-09 6.646020412336564514e-09 6.690740920019925913e-09 6.732083052938576001e-09 6.765689911423311734e-09 6.801153451558263615e-09 6.835733633523613808e-09 6.860015108315743214e-09 6.884832521789238144e-09 6.913200240157596007e-09 6.931222311687826191e-09 6.945779961512439991e-09 6.966846657952312116e-09 6.981197752147351720e-09 6.988255461225169113e-09 7.000579487455775487e-09 7.011183775810393956e-09 7.013802997316735323e-09 7.017613282662233504e-09 7.022324993983796440e-09 7.021075324287777717e-09 7.017404518124145095e-09 7.013793978557617021e-09 7.005858158737452014e-09 6.993239848819904113e-09 6.977619665656008612e-09 6.967451625373441509e-09 6.948924738361292392e-09 6.919582492892210058e-09 6.879068818416466138e-09 6.823862423501190084e-09 6.752664522916032102e-09 6.662833434587705819e-09 6.550607189252838440e-09 6.415784577051485423e-09 6.255999001607287615e-09 6.069528120913179819e-09 5.857554135206829705e-09 5.620677383064037860e-09 5.352227639555174182e-09 5.075711838205147492e-09 4.774606485720336457e-09 4.462147666732134589e-09 4.143854713580973654e-09 3.818161254445569666e-09 3.492684718633171630e-09 3.174903015008913446e-09 2.860162127955839788e-09 2.558560826612521765e-09 2.273368499902529086e-09 2.004134265429375457e-09 1.755133843509810534e-09 1.528287373052979062e-09 1.323087655921339642e-09 1.137076371766991096e-09 9.725925075801017943e-10 8.277293478269172189e-10 7.022543729252886230e-10 5.941789043706524440e-10 5.075526009386947660e-10 4.259080773562630975e-10 3.573558379742652566e-10 3.024885320162824426e-10 2.569995113898490594e-10 2.193899458164454288e-10 1.877226665479676838e-10 1.608069332245187565e-10 1.381423491392804449e-10 1.190956778890145734e-10 1.030038895125155716e-10 8.975312597647244548e-11 7.840938031541134238e-11 6.899148121048159436e-11 6.146319584526372709e-11 5.513639586521107764e-11 4.963101143186745922e-11 4.473276313900894497e-11 4.099562664415949212e-11 3.768963886617642593e-11 3.465033200122051366e-11 3.198058796074245323e-11 2.960987618827103903e-11
6.954884369349734402e-09 6.981319606080785749e-09 6.999707080660269870e-09 7.044964121361111005e-09 7.121297064749052284e-09 7.192452162976368745e-09 7.247477221861301034e-09 7.309217674310238694e-09 7.379905355997892590e-09 7.448671453424854194e-09 7.542608848579061201e-09 7.630670784720660444e-09 7.732239872666813966e-09 7.806658009253317329e-09 7.864235365444767217e-09 7.939382986206573513e-09 8.030902483455813292e-09 8.135592704927164245e-09 8.195907884840581687e-09 8.251186987946481893e-09 8.306283506424894896e-09 8.357543246509303059e-09 8.400591930020028065e-09 8.445079590876089727e-09 8.487918270957788021e-09 8.519366099013247268e-09 8.551461864610733449e-09 8.587155185059747570e-09 8.610332654567067648e-09 8.629788571167483828e-09 8.657739036505343262e-09 8.676520735273844971e-09 8.686160508127065103e-09 8.704273084774968990e-09 8.719831420246309762e-09 8.724104509272278885e-09 8.731862616274026725e-09 8.741955007138790712e-09 8.743190292460202776e-09 8.742372491523234488e-09 8.743998386736142235e-09 8.740396163320842699e-09 8.731736079292946476e-09 8.722236719614797840e-09 8.721866954127484072e-09 8.713483868055770758e-09 8.695820466392839149e-09 8.668985465300431819e-09 8.628696569613498633e-09 8.574173851467836507e-09 8.502650574596128213e-09 8.409177102066592903e-09 8.293142895286062566e-09 8.151083901003262491e-09 7.979482956721926853e-09 7.778045809722895928e-09 7.545712416744103804e-09 7.271757578115777376e-09 6.983164294834074094e-09 6.657628494563597614e-09 6.309041173090331881e-09 5.943226994823504797e-09 5.557124645765167553e-09 5.159610460710685575e-09 4.760111902216075799e-09 4.352990999661489349e-09 3.951866982953515081e-09 3.562197180917423343e-09 3.184803755494315153e-09 2.826901378242057744e-09 2.492777226237210830e-09 2.183545899154973285e-09 1.897461685905616505e-09 1.639213012249027299e-09 1.407382199975423049e-09 1.202799520807133637e-09 1.023661295076504527e-09 8.758506449907258668e-10 7.377424387009903862e-10 6.202034075480034821e-10 5.240537186436570517e-10 4.434354501541890183e-10 3.761512548304888194e-10 3.193403118933348322e-10 2.711418767295721927e-10 2.306137935760041478e-10 1.966454076394509698e-10 1.680876218845788057e-10 1.445899902678110412e-10 1.246837602077419925e-10 1.082550491632263106e-10 9.505218239568364592e-11 8.405061023906048308e-11 7.463910982212965027e-11 6.643785793914523661e-11 6.011132051081673983e-11 5.462320812257204151e-11 4.970397557847996690e-11 4.544624838483942205e-11 4.172438180639430182e-11
8.710232790510241231e-09 8.741695433110468584e-09 8.764085437179153670e-09 8.816745763208909370e-09 8.904622731417338585e-09 8.987265461902342286e-09 9.051745421781431224e-09 9.123934404618245420e-09 9.206439926691953153e-09 9.287217642279716325e-09 9.396722671453468312e-09 9.500753777457100986e-09 9.621231292805171324e-09 9.710856587220310025e-09 9.780277930920047500e-09 9.870263674214023866e-09 9.979932534251692000e-09 1.010518713055195091e-08 1.017947647977141828e-08 1.024849373965933699e-08 1.031626060412731185e-08 1.037975519903336238e-08 1.043470071529368380e-08 1.049020372541720423e-08 1.054306568154015266e-08 1.058390773424983119e-08 1.062506389613714235e-08 1.066922023597400228e-08 1.069920613048651397e-08 1.072509071216228557e-08 1.076092325455423218e-08 1.078502812733845257e-08 1.079814702979116687e-08 1.082326645688020058e-08 1.084446197429057745e-08 1.085043167851490161e-08 1.086313097690568124e-08 1.087970856171505069e-08 1.088311814170740618e-08 1.088524996570259188e-08 1.089318482455698037e-08 1.089372469653608662e-08 1.088809696445555519e-08 1.088462506986385562e-08 1.089407591629155131e-08 1.089465771628822125e-08 1.088752392913974166e-08 1.087336653450550360e-08 1.084648324271180526e-08 1.080740282039725791e-08 1.075398253048180171e-08 1.068011055858998282e-08 1.058540431972385038e-08 1.046603042079527161e-08 1.031690914043076505e-08 1.013651984280574057e-08 9.922306933344073677e-09 9.658865352348082790e-09 9.376687409448293333e-09 9.046421548742314841e-09 8.681652746551408492e-09 8.287395657557439301e-09 7.857676555468353963e-09 7.401487654005590190e-09 6.929213010359086000e-09 6.432996518158986113e-09 5.929574963453452584e-09 5.426352552083252686e-09 4.925298019578491725e-09 4.437064714872684489e-09 3.969042292501763345e-09 3.524830726336733321e-09 3.104165865914626972e-09 2.715489829750360991e-09 2.358788693777769049e-09 2.037170768680573950e-09 1.749957479545532875e-09 1.506101015405444721e-09 1.278066076923475031e-09 1.080687411353043894e-09 9.155120828190802658e-10 7.749745001431618548e-10 6.561460819777351452e-10 5.550301481703874736e-10 4.689036488128022910e-10 3.962086977446390365e-10 3.351355379812407215e-10 2.837944209351498115e-10 2.414248208229041360e-10 2.057333856300963070e-10 1.763282509702028397e-10 1.525516784141450910e-10 1.328452760815537517e-10 1.162067167721648005e-10 1.019603289109572433e-10 9.084596226520276102e-11 8.136963393051170510e-11 7.307611426616456859e-11 6.600316530447846557e-11 5.991988523898773314e-11
1.091280026415527368e-08 1.095016038937297439e-08 1.097729188484098556e-08 1.103849329585544403e-08 1.113957792628391239e-08 1.123545630244807665e-08 1.131089722730917419e-08 1.139517219541395593e-08 1.149131600726834665e-08 1.158602512337271783e-08 1.171345420294441847e-08 1.183611374977798135e-08 1.197870237276709370e-08 1.208637930468173305e-08 1.216994000986630083e-08 1.227740708734703549e-08 1.240847783012389738e-08 1.255817959608732489e-08 1.264942956023977311e-08 1.273518391959872636e-08 1.281849910762160211e-08 1.289708414943173433e-08 1.296683783760485734e-08 1.303587223293755347e-08 1.310106528113024366e-08 1.315401703437764643e-08 1.320643052517262559e-08 1.326051342253339332e-08 1.329954202751671851e-08 1.333380574475104661e-08 1.337851355511185030e-08 1.340927209242471490e-08 1.342730114246797386e-08 1.346059952650748443e-08 1.348814010120688437e-08 1.349625554369725939e-08 1.351510001914750836e-08 1.353921486369651564e-08 1.354451697136700719e-08 1.355000924212548148e-08 1.356576424797544134e-08 1.357033559954232380e-08 1.356702536877838854e-08 1.357033410795812505e-08 1.359037588391548654e-08 1.359901773138397911e-08 1.360186142771302259e-08 1.359992500224272513e-08 1.358455460492799552e-08 1.355870299349971081e-08 1.352177215235285031e-08 1.346590720578124452e-08 1.339159152447068148e-08 1.329577615595392630e-08 1.317216163352898592e-08 1.301854215724962540e-08 1.283166493971640651e-08 1.259132148063812381e-08 1.233222704338092350e-08 1.201714493566557712e-08 1.165886848600921914e-08 1.126061535190267723e-08 1.081209111768599870e-08 1.032104756799854322e-08 9.797314215826407831e-09 9.228953674600353473e-09 8.634626976954807140e-09 8.022579540301374404e-09 7.394947934451288491e-09 6.765547159702445178e-09 6.144985993031777023e-09 5.539789245187852099e-09 4.951683279693790701e-09 4.394286149982034200e-09 3.870027725250434124e-09 3.385895892634396290e-09 2.943776713563551535e-09 2.557508801897152612e-09 2.193288844915854748e-09 1.871717686429703677e-09 1.596125120413304437e-09 1.357463353306298622e-09 1.152371272897550297e-09 9.757120123434899367e-10 8.238662785227343624e-10 6.945928584179109915e-10 5.852036605138065193e-10 4.927972888345433783e-10 4.160140430132482095e-10 3.513521882340319650e-10 2.979381287613118190e-10 2.544143753220486082e-10 2.183912516652757368e-10 1.882189185347831029e-10 1.627071412380679540e-10 1.425784683762927661e-10 1.256410630233116734e-10 1.111104948711791044e-10 9.887738443859968637e-11 8.851090609850712267e-11
1.367755555786581750e-08 1.372182781890400034e-08 1.375456962898532505e-08 1.382562466905928967e-08 1.394181712787983267e-08 1.405293217673886895e-08 1.414106751124499174e-08 1.423930786839010339e-08 1.435117418947610354e-08 1.446201880866856837e-08 1.461005228392908500e-08 1.475438751381800621e-08 1.492276546907022504e-08 1.505180444270217200e-08 1.515219087090543595e-08 1.528021424475558705e-08 1.543646113193829359e-08 1.561515267239391435e-08 1.572692072085987246e-08 1.583298331204614179e-08 1.593540794433908055e-08 1.603257212190753073e-08 1.612059448714781425e-08 1.620634077542107498e-08 1.628685871620920809e-08 1.635514633246048152e-08 1.642155732912592859e-08 1.648757971489064251e-08 1.653847707890953852e-08 1.658354112134910058e-08 1.663827646159318388e-08 1.667759652353829546e-08 1.670256245242033153e-08 1.674512816323864756e-08 1.677987121399141663e-08 1.679123436602921745e-08 1.681753546995107402e-08 1.685002149986012102e-08 1.685718251185388888e-08 1.686677543224106105e-08 1.689198079339338172e-08 1.690040174128025636e-08 1.689889247934963631e-08 1.691049656336661253e-08 1.694249853900173018e-08 1.695857077727201030e-08 1.697185666349276452e-08 1.698284778497695588e-08 1.697734826114022340e-08 1.696258442133898104e-08 1.694062974420996688e-08 1.690013820733193060e-08 1.684299894860964125e-08 1.676861600158332245e-08 1.666947440074051616e-08 1.654310945146586723e-08 1.638698614102534957e-08 1.617635176316001757e-08 1.595158681183377833e-08 1.566726812188320707e-08 1.533578619430793577e-08 1.495812106337535868e-08 1.451873985705947348e-08 1.402313593788780644e-08 1.347901693958188591e-08 1.286822710718383474e-08 1.220964970442193449e-08 1.151043962825426098e-08 1.077093829222900821e-08 1.000678339517186288e-08 9.230860853992668024e-09 8.452099894437586511e-09 7.673920527584532099e-09 6.915996189569927590e-09 6.183883458424173017e-09 5.490050144358347938e-09 4.840650678221195199e-09 4.256649568279034322e-09 3.698135880640652275e-09 3.193875703256970734e-09 2.750786444094376148e-09 2.359212928950439518e-09 2.016263696964090985e-09 1.716121453438856894e-09 1.454640763160767682e-09 1.229155851167546041e-09 1.036148681249494260e-09 8.715579582969139576e-10 7.333425616340156861e-10 6.163735115903713959e-10 5.190878788286441961e-10 4.390317201864480021e-10 3.725826415998151711e-10 3.170676630821823828e-10 2.704424048302224306e-10 2.332321858303414183e-10 2.021734498243645331e-10 1.759073527565194968e-10 1.540026701978656235e-10 1.356562951867841938e-10
1.714921528182142991e-08 1.720158250756554447e-08 1.724095545652329043e-08 1.732337919564929876e-08 1.745685125504616418e-08 1.758549351067880422e-08 1.768831782152373389e-08 1.780268060141654491e-08 1.793265504672459893e-08 1.806216334590929888e-08 1.823384852019045573e-08 1.840334423182793792e-08 1.860172335643925405e-08 1.875596295547207431e-08 1.887630561718462550e-08 1.902845615860994337e-08 1.921425083308091782e-08 1.942720152780365357e-08 1.956371955236557918e-08 1.969435042969410652e-08 1.982022556438164310e-08 1.994020498261665819e-08 2.005064313492638026e-08 2.015708416670351880e-08 2.025675008101204464e-08 2.034419119592538916e-08 2.042803383637659444e-08 2.050880351319521535e-08 2.057498344680048471e-08 2.063382282029303115e-08 2.070017291982538244e-08 2.075062060326746250e-08 2.078515243733987529e-08 2.083808641202912066e-08 2.088122062576509221e-08 2.089775261984327225e-08 2.093284373718263315e-08 2.097426037154174772e-08 2.098384271145274140e-08 2.099861483367050720e-08 2.103464976075885313e-08 2.104670652525919139e-08 2.104677424481040264e-08 2.106865574708999867e-08 2.111426561965321410e-08 2.113732736251405838e-08 2.116263769595334406e-08 2.118850066575680383e-08 2.119158606735091406e-08 2.118650679467970798e-08 2.117934656542963593e-08 2.115179231346894358e-08 2.110776619873645290e-08 2.105161057730645917e-08 2.097363132502846338e-08 2.087090643814766272e-08 2.074371026356596532e-08 2.056304351025741269e-08 2.037673563202786043e-08 2.013129046046047724e-08 1.984012279305582248e-08 1.950224217879230933e-08 1.909678168557868548e-08 1.862687751578642200e-08 1.809710474204606879e-08 1.748126669088784800e-08 1.679693345051536752e-08 1.604787040031081234e-08 1.522996534775011118e-08 1.435840494695633051e-08 1.344620891907994374e-08 1.250285351443637375e-08 1.153184675711356823e-08 1.055859820130868220e-08 9.591419652391606052e-09 8.649154464355165972e-09 7.743605018461092556e-09 6.904986144380633883e-09 6.087814505053188541e-09 5.331729146311284725e-09 4.649766076619132173e-09 4.033349406680084134e-09 3.481793107357700809e-09 2.989800627497307846e-09 2.553789639095605983e-09 2.171578065046031800e-09 1.839405261056846419e-09 1.552293796430992756e-09 1.307807402488477182e-09 1.098909267667819413e-09 9.233031476239487928e-10 7.770097077863161384e-10 6.547321174327383722e-10 5.522999054763484333e-10 4.663469181992875475e-10 3.969193046165100891e-10 3.391287211657146508e-10 2.906499034520206278e-10 2.504269990199634493e-10 2.169871520526656614e-10
2.150997424079798422e-08 2.157181495258135204e-08 2.161901777736348350e-08 2.171456013829685428e-08 2.186779581060025215e-08 2.201658752433705362e-08 2.213639557675282759e-08 2.226935673533287624e-08 2.242016986643503020e-08 2.257123978081726247e-08 2.277004065463726249e-08 2.296867544504062409e-08 2.320186515013400071e-08 2.338574090439641886e-08 2.352967679899159319e-08 2.371008949861229762e-08 2.393048352071764849e-08 2.418376688789823201e-08 2.435005513126477921e-08 2.451033278070843683e-08 2.466488370417065837e-08 2.481279875101249532e-08 2.495065936580979319e-08 2.508272188854376957e-08 2.520633551975293432e-08 2.531749703556739050e-08 2.542306371092973351e-08 2.552242130206785770e-08 2.560792685033733493e-08 2.568419695564033216e-08 2.576452709413085831e-08 2.582935970474888663e-08 2.587668218788100197e-08 2.594135021586842404e-08 2.599459218225507454e-08 2.601905903126632059e-08 2.606429894561249787e-08 2.611502293311246503e-08 2.612851863989224152e-08 2.614986336933423295e-08 2.619753561133712068e-08 2.621325572047479306e-08 2.621516548608708180e-08 2.624933132088959311e-08 2.631021082495676671e-08 2.634010013455037806e-08 2.638001092625353190e-08 2.642353958876425458e-08 2.643403949689784243e-08 2.643821760934022382e-08 2.644757723389370298e-08 2.643125138252724320e-08 2.639642648723358118e-08 2.635614133905610845e-08 2.629583486710890465e-08 2.621093352284353153e-08 2.610768325890716392e-08 2.595268138627249954e-08 2.580253273135753138e-08 2.559600539070223657e-08 2.534992592982139622e-08 2.506196995063864551e-08 2.470661486230676135e-08 2.428583747355187867e-08 2.380107583325269721e-08 2.321710983261793249e-08 2.254968154115164269e-08 2.179728434499473049e-08 2.094871833577812481e-08 2.001618737409632846e-08 1.900989769638301212e-08 1.793677346521163490e-08 1.679737813162063779e-08 1.562093066211528094e-08 1.441643101931218073e-08 1.320846641772304739e-08 1.201469064892031775e-08 1.087566379504436387e-08 9.740693380250483067e-09 8.662573217178907627e-09 7.663263870621865221e-09 6.737597451707678384e-09 5.889639600606407160e-09 5.116678222545969371e-09 4.417746841150814155e-09 3.793033426131883279e-09 3.240046196780313019e-09 2.753914094859780270e-09 2.332884902630142584e-09 1.968205599418398158e-09 1.657313531099986171e-09 1.394446500141256805e-09 1.172355816765817342e-09 9.849288038990649782e-10 8.269546538238598853e-10 6.976623240885908580e-10 5.897942777379405360e-10 4.994930291667059571e-10 4.246064181040799309e-10 3.625162986693898888e-10
2.698925009031434334e-08 2.706217059224229243e-08 2.711861027027901945e-08 2.722929365185301392e-08 2.740513627236920127e-08 2.757708027556001259e-08 2.771651236462234486e-08 2.787091459901286033e-08 2.804569245051967179e-08 2.822164442734957088e-08 2.845149923625573796e-08 2.868380946569016726e-08 2.895728836738933917e-08 2.917590862832008666e-08 2.934765311081246432e-08 2.956110112575672669e-08 2.982191507435021284e-08 3.012250036555394013e-08 3.032448929377273906e-08 3.052045017216994428e-08 3.070990830668593935e-08 3.089192328251730612e-08 3.106326844757317980e-08 3.122698247288916371e-08 3.138048130519430049e-08 3.152090882633990450e-08 3.165353290149333736e-08 3.177656646191764656e-08 3.188620742545565126e-08 3.198441673488113032e-08 3.208222084059235985e-08 3.216542296090458850e-08 3.222939414795942750e-08 3.230779747489076094e-08 3.237357458205223473e-08 3.240949121701459596e-08 3.246641492262692604e-08 3.252688637308151880e-08 3.254688429355363728e-08 3.257647312903132331e-08 3.263586759338854325e-08 3.265592925788444688e-08 3.266063267983363195e-08 3.270861008543769879e-08 3.278639575827704664e-08 3.282362193990625022e-08 3.288142406631444560e-08 3.294562925071792770e-08 3.296231354906605765e-08 3.297629365492435384e-08 3.300564937527288675e-08 3.299933886796812600e-08 3.297030939140350840e-08 3.294566722282562793e-08 3.290079898023720269e-08 3.282729248219601828e-08 3.274243627271786427e-08 3.260721671082710932e-08 3.248687702369100414e-08 3.231309992863385943e-08 3.210931144846624241e-08 3.187192032942407355e-08 3.157175943838321775e-08 3.121225206955530434e-08 3.079265917675875967e-08 3.026866597455890618e-08 2.965536929548122162e-08 2.894530784727473616e-08 2.811844526276673324e-08 2.718228148561573633e-08 2.614140822039385019e-08 2.499658686539347742e-08 2.374152686003934286e-08 2.240595377711414659e-08 2.099562417729965352e-08 1.953819525510504063e-08 1.805543486227856878e-08 1.659728920869695631e-08 1.510714721717225776e-08 1.365169515085293077e-08 1.226391257827452979e-08 1.094429590971005181e-08 9.704490973555707244e-09 8.546997683338798696e-09 7.476396473943323569e-09 6.498212567753093023e-09 5.613932742050878601e-09 4.820967343743540992e-09 4.120632368855392216e-09 3.503595553422430427e-09 2.968558294837343502e-09 2.508272370901846561e-09 2.113849247056647222e-09 1.777141469293633314e-09 1.490753714806937236e-09 1.252891636815886176e-09 1.053084620998640214e-09 8.852527515251796702e-10 7.455161286534287032e-10 6.294323368923094753e-10
3.387596808177510327e-08 3.396183989093723407e-08 3.402916713530488763e-08 3.415733020462296233e-08 3.435903699051037097e-08 3.455757329149860373e-08 3.471966788483396861e-08 3.489877607908801066e-08 3.510109885044005383e-08 3.530573695821181898e-08 3.557112484712648601e-08 3.584227773128799594e-08 3.616227477414928045e-08 3.642150488684577967e-08 3.662593327067440261e-08 3.687791028315776622e-08 3.718582994191323168e-08 3.754168921068537998e-08 3.778634904210393696e-08 3.802513671901637300e-08 3.825688555733931761e-08 3.848038969793444856e-08 3.869254706522712766e-08 3.889523676254645425e-08 3.908588339881578437e-08 3.926238104427313843e-08 3.942865502402031361e-08 3.958189593263911917e-08 3.972150165230739126e-08 3.984723340838706648e-08 3.996744661608703162e-08 4.007383612260768101e-08 4.015907629720698692e-08 4.025426251944551765e-08 4.033588283797025731e-08 4.038738878122020204e-08 4.045800443195232488e-08 4.052909726758278325e-08 4.055921184795591258e-08 4.059900583080538753e-08 4.066960482635936023e-08 4.069569554525089867e-08 4.070492005341052988e-08 4.076733765305837422e-08 4.086387266018653844e-08 4.091021509583729741e-08 4.098951461080330229e-08 4.107699462552370279e-08 4.109883018877559428e-08 4.112406721836742615e-08 4.117789135712543055e-08 4.118029468140937560e-08 4.115412748694224438e-08 4.114740253331951871e-08 4.111725598115943861e-08 4.104874750675354233e-08 4.097822689378448474e-08 4.085809044407312604e-08 4.075974222756430788e-08 4.060945180785264886e-08 4.044116466701964973e-08 4.024805633814471320e-08 3.999812979181079637e-08 3.970033942630447960e-08 3.935297389172194538e-08 3.890282182711498755e-08 3.836748319313223425e-08 3.773444269569496772e-08 3.697443253745923599e-08 3.609034398587106498e-08 3.507968916710879809e-08 3.393411662085371833e-08 3.263688601717735808e-08 3.121460525992438989e-08 2.966463244467573030e-08 2.801325801684917637e-08 2.628253946835272649e-08 2.452819832621765662e-08 2.268500968275907028e-08 2.083163048530052128e-08 1.901210613336557162e-08 1.723351375903847055e-08 1.551703464449524657e-08 1.387263410070381527e-08 1.231354068474759960e-08 1.085421331630906117e-08 9.503862325912631486e-09 8.265575958825200564e-09 7.147781174600264002e-09 6.143090656509584613e-09 5.254719859693281039e-09 4.475305372425044346e-09 3.795888333487445590e-09 3.207125586171409288e-09 2.699772753451291705e-09 2.271372079734464628e-09 1.907600644354066848e-09 1.599569225299806495e-09 1.341028178229948084e-09 1.124907027739012018e-09
4.253404908365922865e-08 4.263505259468953141e-08 4.271520339429030078e-08 4.286355205995483365e-08 4.309485732940402641e-08 4.332392869706819411e-08 4.351218360404369402e-08 4.371974919510073151e-08 4.395371947305281737e-08 4.419140232641754412e-08 4.449742076721586091e-08 4.481329834788318920e-08 4.518688533177360650e-08 4.549344186985496036e-08 4.573618136414706235e-08 4.603299467743062444e-08 4.639567597928360893e-08 4.681590612091532000e-08 4.711138568484246087e-08 4.740141103270270867e-08 4.768415809775395099e-08 4.795796641055336306e-08 4.821975259556689579e-08 4.847026554816660814e-08 4.870687326115194061e-08 4.892781253394035996e-08 4.913585999936746402e-08 4.932748375550320956e-08 4.950425692742483104e-08 4.966444875989302768e-08 4.981371090057624783e-08 4.994916656682451496e-08 5.006130044818060108e-08 5.017774269952970821e-08 5.027958007437463059e-08 5.035140951836475479e-08 5.043857566872185717e-08 5.052203848345612443e-08 5.056665827614388684e-08 5.061902346681053338e-08 5.070013164480058468e-08 5.073508233545980559e-08 5.075127788911915029e-08 5.082771970142167390e-08 5.094547497200000885e-08 5.100453449529390277e-08 5.110881151510584899e-08 5.122133660782269069e-08 5.124826090992560040e-08 5.128704097245909208e-08 5.136967469772607052e-08 5.137905652596523864e-08 5.135331021536763235e-08 5.136878942340997628e-08 5.135339872033987135e-08 5.128335616578002883e-08 5.122564198752506744e-08 5.111850134336224786e-08 5.103433954517251153e-08 5.089805116025692294e-08 5.075876536337111842e-08 5.060066945852446575e-08 5.038946258151169340e-08 5.014561503743146213e-08 4.986649858704624053e-08 4.948919735561124572e-08 4.903895371965241512e-08 4.850042861861137700e-08 4.783561606028912745e-08 4.704515769151003760e-08 4.612028750405104364e-08 4.504228138053208686e-08 4.378202068581461966e-08 4.236068119373509507e-08 4.076226059515775584e-08 3.900676645158742145e-08 3.711152778020804295e-08 3.513219320318122603e-08 3.298988235592893052e-08 3.077021134859834968e-08 2.852518005985874649e-08 2.626658149421669411e-08 2.402466249765549719e-08 2.181720924112626855e-08 1.966792010204479759e-08 1.760315302010757749e-08 1.564367265327286586e-08 1.380223020391565369e-08 1.209983898653642532e-08 1.053500993676522640e-08 9.120885020560043120e-09 7.852860700894901400e-09 6.725502950763202843e-09 5.730822831007960376e-09 4.859495969409273575e-09 4.110073424538446360e-09 3.464569983067864076e-09 2.911336722222091952e-09 2.441523535804773729e-09 2.044815916631980279e-09
5.342193740128525016e-08 5.354061282847498298e-08 5.363585705935524026e-08 5.380752380036399078e-08 5.407271221912190256e-08 5.433684020103846649e-08 5.455528367123824247e-08 5.479561943459459000e-08 5.506594152293199870e-08 5.534166469679749829e-08 5.569411953347730865e-08 5.606141561273118478e-08 5.649661329441750073e-08 5.685817056822750640e-08 5.714570382985937636e-08 5.749458039925717684e-08 5.792076580983625722e-08 5.841572470865609607e-08 5.877150234915863271e-08 5.912261716803846556e-08 5.946659097815258941e-08 5.980116423362326070e-08 6.012312641494076357e-08 6.043210086590985755e-08 6.072530526341394959e-08 6.100095376854869383e-08 6.126076411519044504e-08 6.150083048052427385e-08 6.172377056693442812e-08 6.192706453498065247e-08 6.211396103581445918e-08 6.228578944728809091e-08 6.243179896048168935e-08 6.257571860303974674e-08 6.270345272516846511e-08 6.280109293029910223e-08 6.290889177771022174e-08 6.300780059676462871e-08 6.307182449256385397e-08 6.313975709712311406e-08 6.323116709548360465e-08 6.327880419345888153e-08 6.330500828456452960e-08 6.339427731670868025e-08 6.353680640146540631e-08 6.361425594391788763e-08 6.374656326928914935e-08 6.388501508606345176e-08 6.391896328127849534e-08 6.397424326449279653e-08 6.408867710705313779e-08 6.410318104557623212e-08 6.407622822807463650e-08 6.411902893638619043e-08 6.411798821165659447e-08 6.403947961178954314e-08 6.399559532510626614e-08 6.390167989450652243e-08 6.382390017552076196e-08 6.369359857871043126e-08 6.358034357461267679e-08 6.344815810268515983e-08 6.326146187580123466e-08 6.306111268650582468e-08 6.284052802841349037e-08 6.252382905913721952e-08 6.215141340066876682e-08 6.170782441154731166e-08 6.114603941188010003e-08 6.046884184489362258e-08 5.966458534200754062e-08 5.870472909133370805e-08 5.754826443617270592e-08 5.621151357530017961e-08 5.466198423494388926e-08 5.290991281833176561e-08 5.096356588433385883e-08 4.887209520235293813e-08 4.653624454565577809e-08 4.404140881253272766e-08 4.144119078633989461e-08 3.874660101861211105e-08 3.599280367825028045e-08 3.320227962772900483e-08 3.040786372882494936e-08 2.764818327254352397e-08 2.495763567708554745e-08 2.236159396749341157e-08 1.989932017360480351e-08 1.757976103538538619e-08 1.543326418955622088e-08 1.346224822574751998e-08 1.167088270609448783e-08 1.005747153109249673e-08 8.616643491308359196e-09 7.351906510607159734e-09 6.243582249545523351e-09 5.278859916815564914e-09 4.447286508093063536e-09 3.735577949311590315e-09
6.711722358789625971e-08 6.725653040108751141e-08 6.736952870857181533e-08 6.756814162334747594e-08 6.787213305879084288e-08 6.817650610597145524e-08 6.842977948121184854e-08 6.870784646456681974e-08 6.901991864319504981e-08 6.933941050422242272e-08 6.974492079920849543e-08 7.017125325560294326e-08 7.067715362076640320e-08 7.110246502796161937e-08 7.144224733946534934e-08 7.185145496120056605e-08 7.235110461474447530e-08 7.293256145275991987e-08 7.335961093778175886e-08 7.378329754668391669e-08 7.420046756009275691e-08 7.460815232922935605e-08 7.500283488255030270e-08 7.538300150528172647e-08 7.574558117841909699e-08 7.608845623409002148e-08 7.641227965334551236e-08 7.671304594277163658e-08 7.699341540809663908e-08 7.725058798117806339e-08 7.748591976154828495e-08 7.770334748038938166e-08 7.789201965815806953e-08 7.807168512855842034e-08 7.823263133093679950e-08 7.836269686201380426e-08 7.849676358717760414e-08 7.861594234509197809e-08 7.870470043280414952e-08 7.879211933569411567e-08 7.889487844341620267e-08 7.895969648644142235e-08 7.899943015306407104e-08 7.910021261906180002e-08 7.927250140048162532e-08 7.937593959991107093e-08 7.953896377534005859e-08 7.970367975666524919e-08 7.974938951240075264e-08 7.982454367629659384e-08 7.997144820556727872e-08 7.999007063424962132e-08 7.996161462151542881e-08 8.003602973361000994e-08 8.004758068354606094e-08 7.995363806511541915e-08 7.992639500101453438e-08 7.984654950198169370e-08 7.976654212430425067e-08 7.963614136553510415e-08 7.955062901857549834e-08 7.943642965389764812e-08 7.925984601473178914e-08 7.909512653211846049e-08 7.892333179653429315e-08 7.864898754463048298e-08 7.833894792168702048e-08 7.797955128659988421e-08 7.751104091425479010e-08 7.694439454492775812e-08 7.627091467343379707e-08 7.545324968626392073e-08 7.444095982599051290e-08 7.324993291250568467e-08 7.183085559518636810e-08 7.018367730081311825e-08 6.830614108107858757e-08 6.623637885618935328e-08 6.384801072624014647e-08 6.121927667883406376e-08 5.839731103612565074e-08 5.538376149520103878e-08 5.221088194470456315e-08 4.889854471183271156e-08 4.548278487487500792e-08 4.201030476782256981e-08 3.852719711424084709e-08 3.507097718503760257e-08 3.170262497689789002e-08 2.844459530616954907e-08 2.535202721850511527e-08 2.243877402949962047e-08 1.972666170549417490e-08 1.722759021236059518e-08 1.494682949677733909e-08 1.289984301690765704e-08 1.107002257247558310e-08 9.447696845966863981e-09 8.024226366266519758e-09 6.785691970880098925e-09
8.434769330684510335e-08 8.451107957893542921e-08 8.464494993278491001e-08 8.487471309495268637e-08 8.522316090641276886e-08 8.557373653445320365e-08 8.586719033702326418e-08 8.618869893236130736e-08 8.654872074975709588e-08 8.691855393056637574e-08 8.738467409618149770e-08 8.787871535933473657e-08 8.846562317643300746e-08 8.896466035187274649e-08 8.936525309390965389e-08 8.984423936416999735e-08 9.042868060849590860e-08 9.110998208307611875e-08 9.162095639327547457e-08 9.213053556992063957e-08 9.263485368290178964e-08 9.313014479743940018e-08 9.361238617415528317e-08 9.407890222610469201e-08 9.452614755055283334e-08 9.495140763408925646e-08 9.535420240724929812e-08 9.573053319807244632e-08 9.608235843276206456e-08 9.640683340084839031e-08 9.670397316970790644e-08 9.697873562008995340e-08 9.722119259452135055e-08 9.744726265845877957e-08 9.765081406321721113e-08 9.782160149863548063e-08 9.798944515968391291e-08 9.813583855576639524e-08 9.825532988077098855e-08 9.836739380688618573e-08 9.848451582890036640e-08 9.857138911110974334e-08 9.862868470833902582e-08 9.874044357042050953e-08 9.894911361360578896e-08 9.908764616925064929e-08 9.928424624274669550e-08 9.947572361236934927e-08 9.954089602428019715e-08 9.963950193302832517e-08 9.981686889453224942e-08 9.984066566336703746e-08 9.981211339759655767e-08 9.991984232143949419e-08 9.994069008443566721e-08 9.982550409881451692e-08 9.981812052100087289e-08 9.975140988147615802e-08 9.965939754928682744e-08 9.952446737172206160e-08 9.947199043809474021e-08 9.936798239900379776e-08 9.918766717376784058e-08 9.905645906499722653e-08 9.892717066412680093e-08 9.867494158512928748e-08 9.841073614524643258e-08 9.812221460627807819e-08 9.772667287816246706e-08 9.725153325115649497e-08 9.669913062519344965e-08 9.602174383639732889e-08 9.516239099323852406e-08 9.414509979484755384e-08 9.290569286707792173e-08 9.143629885984039778e-08 8.972710240753171068e-08 8.780486223666322903e-08 8.551111926858436575e-08 8.291343562842201444e-08 8.004563926148251351e-08 7.689058703489724869e-08 7.346800613601109964e-08 6.978479647864411781e-08 6.586974707153454195e-08 6.176810016466903465e-08 5.753012726257109193e-08 5.319926210267162591e-08 4.885656415701622987e-08 4.453663365207271300e-08 4.032437857961450029e-08 3.624696820146326269e-08 3.235180824613933305e-08 2.867259861498605017e-08 2.523376156206264460e-08 2.207258131690655501e-08 1.918349943688915918e-08 1.656786580075164258e-08 1.422588900414173186e-08 1.214884666688717680e-08
1.060304813352175124e-07 1.062219646542428866e-07 1.063803602153900222e-07 1.066461471827804106e-07 1.070455520664571932e-07 1.074491752819726998e-07 1.077889809215017614e-07 1.081605083713608965e-07 1.085756053982253821e-07 1.090033264817173165e-07 1.095386885258806755e-07 1.101103173879615210e-07 1.107899147005803754e-07 1.113740279198567312e-07 1.118452515973256133e-07 1.124048038952641081e-07 1.130869032102133986e-07 1.138831592969733603e-07 1.144925952226613424e-07 1.151034549423518553e-07 1.157111186119317935e-07 1.163109472826214314e-07 1.168982096254508846e-07 1.174690265003661777e-07 1.180191547450708755e-07 1.185450412488574695e-07 1.190449685994378131e-07 1.195148503145216044e-07 1.199554683835768003e-07 1.203639119832304451e-07 1.207392930320551785e-07 1.210862971824396689e-07 1.213966082573140171e-07 1.216825895949198206e-07 1.219407843706537335e-07 1.221629475712479397e-07 1.223743526450298442e-07 1.225573748478566176e-07 1.227148395102216205e-07 1.228582946308231107e-07 1.229953105192146896e-07 1.231094727725291326e-07 1.231890839286015472e-07 1.233129338526801513e-07 1.235663786038860294e-07 1.237502140636573203e-07 1.239843382967728316e-07 1.242041819350479685e-07 1.242988833702859777e-07 1.244247524362975964e-07 1.246283954470757946e-07 1.246612847866998012e-07 1.246356965560505154e-07 1.247745116440167293e-07 1.248003862188960013e-07 1.246608522117323754e-07 1.246751224930189835e-07 1.246165168596219758e-07 1.245025573021393730e-07 1.243597325846991313e-07 1.243462514056504092e-07 1.242429987014384414e-07 1.240454802523984450e-07 1.239518585757154943e-07 1.238623379829204900e-07 1.236113018408016576e-07 1.233805805088538750e-07 1.231543697049771119e-07 1.228077961309768880e-07 1.223975078756016681e-07 1.219474011047018738e-07 1.213909042185355864e-07 1.206661626587700631e-07 1.198185590395847985e-07 1.187709741069428961e-07 1.175109653485664503e-07 1.160290115977704074e-07 1.143453110611241068e-07 1.122667646058490898e-07 1.098526082094770896e-07 1.071211051935669144e-07 1.040292280370308821e-07 1.005762117697235598e-07 9.674569101681224311e-08 9.254658203623573256e-08 8.800931934115837151e-08 8.317578209171388844e-08 7.808261678748337634e-08 7.282218200727843531e-08 6.743272150700630047e-08 6.202782302883894179e-08 5.664362998708560831e-08 5.135717879829144718e-08 4.622977254857647229e-08 4.131257373543164512e-08 3.667536915806799236e-08 3.233370079727753102e-08 2.831104662506594441e-08 2.462746852679092905e-08 2.128978282729945596e-08
1.333214488773774695e-07 1.335457107505188935e-07 1.337329109638674723e-07 1.340403735909073672e-07 1.344982154353799146e-07 1.349627560047242507e-07 1.353560356335099760e-07 1.357851626242793228e-07 1.362635314706775752e-07 1.367578118450308149e-07 1.373722909547081335e-07 1.380327693520628770e-07 1.388183071204501179e-07 1.395004110311634344e-07 1.400535216998218511e-07 1.407059521933799784e-07 1.415003139351567863e-07 1.424286085079052463e-07 1.431531554636587592e-07 1.438830034608776441e-07 1.446127423276690210e-07 1.453367933256496151e-07 1.460495256214383065e-07 1.467457931492300788e-07 1.474204091905835850e-07 1.480687458191462159e-07 1.486877152577494916e-07 1.492728716686429096e-07 1.498235444959125838e-07 1.503365444182408265e-07 1.508103075968127049e-07 1.512483639364988952e-07 1.516442553267361333e-07 1.520071226854303487e-07 1.523353450304373362e-07 1.526226523804716467e-07 1.528902509836093551e-07 1.531221742499332529e-07 1.533269212985155451e-07 1.535105422944958164e-07 1.536758748337222731e-07 1.538233039159484488e-07 1.539311003099965845e-07 1.540704730210311906e-07 1.543790795185418484e-07 1.546194454038971153e-07 1.548971550938368448e-07 1.551491269875214239e-07 1.552847175186015960e-07 1.554422812248269064e-07 1.556671973426360902e-07 1.557158685746680874e-07 1.556974746545262804e-07 1.558609084842141985e-07 1.558874947822670249e-07 1.557242416377789098e-07 1.557586450120315948e-07 1.556974001281325694e-07 1.555537126745458895e-07 1.553998154076703591e-07 1.554279825959683795e-07 1.553135808391483100e-07 1.550858055081734435e-07 1.550379204952475805e-07 1.549863155974862547e-07 1.547142140538523434e-07 1.545111045193372409e-07 1.543466168465524503e-07 1.540246464020163595e-07 1.536523247860643254e-07 1.532884074785796337e-07 1.528270951533981926e-07 1.522018377728716852e-07 1.514989953272536216e-07 1.506264058276330886e-07 1.495670456455170424e-07 1.483245032459793441e-07 1.469216733781929337e-07 1.451287058488862726e-07 1.430052178321266981e-07 1.405586252410446634e-07 1.377176931519554219e-07 1.344582820898346891e-07 1.307347337761286365e-07 1.265254167480021200e-07 1.218327453227976433e-07 1.166759489841285537e-07 1.110678048589226191e-07 1.050966057350450284e-07 9.878800004605250396e-08 9.227488385094251701e-08 8.558861102387008135e-08 7.883174128675779065e-08 7.209204525817594580e-08 6.544949308851856367e-08 5.901352506557488106e-08 5.282937872889294504e-08 4.695433258720837470e-08 4.144157218430571768e-08 3.632767433244921003e-08
1.676774563094769204e-07 1.679399523065950019e-07 1.681609694566808438e-07 1.685166645149449700e-07 1.690415551170108912e-07 1.695760666602268556e-07 1.700310441105876122e-07 1.705265135234423095e-07 1.710775903570951543e-07 1.716484016556296549e-07 1.723533088007324724e-07 1.731154877116241345e-07 1.740220093887340460e-07 1.748167988561779167e-07 1.754646924406146916e-07 1.762240528884696471e-07 1.771472500538179571e-07 1.782268830057078614e-07 1.790855604500789885e-07 1.799547047193299826e-07 1.808280943873272092e-07 1.816991556430251920e-07 1.825611912831735639e-07 1.834077027158572176e-07 1.842323064538913694e-07 1.850290587738101326e-07 1.857933332004937492e-07 1.865199321989908531e-07 1.872065499399328427e-07 1.878493861989679607e-07 1.884461908466528079e-07 1.889988307867956459e-07 1.895025196719003110e-07 1.899635218820161515e-07 1.903813465628604612e-07 1.907515278535897676e-07 1.910915919483809689e-07 1.913880679608719497e-07 1.916524527443560895e-07 1.918876622378814432e-07 1.920929079538515891e-07 1.922811191294682527e-07 1.924246483297757852e-07 1.925857087697707850e-07 1.929623122185675061e-07 1.932718753594765559e-07 1.936022130330637397e-07 1.938932524822802997e-07 1.940814032343575080e-07 1.942763734862383785e-07 1.945186835004155355e-07 1.945915639211861317e-07 1.945851037497907804e-07 1.947634541601187814e-07 1.947871532334432943e-07 1.946043311535177565e-07 1.946527452987358324e-07 1.945718188518590549e-07 1.943953719252392450e-07 1.942261092628342242e-07 1.942911734770941346e-07 1.941523245085342172e-07 1.938823958621217461e-07 1.938883234944492386e-07 1.938700804339662138e-07 1.935528077701171948e-07 1.933773813005096384e-07 1.932803829068953368e-07 1.929575788585435204e-07 1.926000056837967636e-07 1.923169550647750279e-07 1.919268056341718233e-07 1.913592033932725617e-07 1.907709168759433938e-07 1.900433544680189926e-07 1.891471950365591188e-07 1.881183734700650308e-07 1.869941003025523127e-07 1.855010387084302661e-07 1.837127569677554581e-07 1.816383313449165389e-07 1.791805054770378378e-07 1.762952352178203558e-07 1.729093448548489509e-07 1.689661506024938940e-07 1.644318183405028520e-07 1.592924479109834333e-07 1.535205060853024350e-07 1.471823107816615519e-07 1.402699547258228137e-07 1.329190803295366855e-07 1.251325608643756341e-07 1.170236650299993976e-07 1.086947465628971083e-07 1.002461252253630020e-07 9.182471788081751394e-08 8.350688151239721544e-08 7.539055435004676809e-08 6.757287724719650332e-08 6.013470235198609611e-08
2.109349023666065180e-07 2.112419906247819542e-07 2.115026944676556118e-07 2.119142309932046435e-07 2.125160909428385452e-07 2.131309953094017990e-07 2.136571715170092475e-07 2.142290728955401173e-07 2.148637292069905337e-07 2.155225472732906424e-07 2.163308530527995104e-07 2.172094122369029743e-07 2.182540146844009947e-07 2.191782163111082085e-07 2.199356660338635013e-07 2.208179979612769410e-07 2.218888411165391751e-07 2.231416097066977048e-07 2.241560989415164521e-07 2.251877617652728780e-07 2.262295700683829651e-07 2.272739184074994721e-07 2.283129094562310054e-07 2.293385906651406502e-07 2.303431335703268638e-07 2.313190293728857750e-07 2.322599009292872558e-07 2.331593442085998435e-07 2.340132335887565516e-07 2.348167547493051828e-07 2.355667471803808440e-07 2.362631564657643987e-07 2.369023394992221062e-07 2.374880007777597759e-07 2.380201970301998577e-07 2.384959276632247001e-07 2.389293858786901438e-07 2.393101971550698852e-07 2.396506843567726050e-07 2.399524126433075896e-07 2.402126844777790985e-07 2.404518352388608014e-07 2.406410410642228128e-07 2.408329704200750254e-07 2.412936276287029922e-07 2.416874203395994377e-07 2.420830493190762031e-07 2.424241695068638854e-07 2.426765345141085268e-07 2.429166348643213924e-07 2.431756396222255266e-07 2.432813771374530764e-07 2.432916069394172484e-07 2.434740239988379581e-07 2.434921602984545659e-07 2.432958519562736209e-07 2.433474968176848317e-07 2.432240250604006681e-07 2.430178509564671667e-07 2.428262124630263600e-07 2.429128754380324967e-07 2.427375126526872621e-07 2.424155996297176378e-07 2.424779446300845073e-07 2.424831793366896432e-07 2.420962041564123347e-07 2.419517455879305414e-07 2.419289903815991280e-07 2.415764572812590724e-07 2.412148138671614838e-07 2.410200976461006962e-07 2.406804340901775045e-07 2.401276847061404347e-07 2.396319965029122831e-07 2.390217600242964096e-07 2.382371080477090902e-07 2.373764808595036959e-07 2.365025750874431589e-07 2.352795327957935117e-07 2.338116884544448057e-07 2.321300467847443243e-07 2.301137691837083446e-07 2.277064045115685370e-07 2.248185089642330167e-07 2.213620570701447725e-07 2.172665997009697492e-07 2.124836819645678408e-07 2.069359353060786345e-07 2.006537333740835272e-07 1.935763867908557201e-07 1.858239145980497987e-07 1.773409585954522037e-07 1.682276832999281769e-07 1.585781175934312628e-07 1.484913025463787214e-07 1.381354068557142702e-07 1.276062020377827280e-07 1.170374359294512986e-07 1.065712696546853091e-07 9.634068791019033609e-08
2.654087825461262607e-07 2.657678736931810496e-07 2.660751372178809079e-07 2.665513479868703879e-07 2.672416115651271708e-07 2.679489125006205439e-07 2.685572693667179484e-07 2.692172532312074492e-07 2.699480231855568413e-07 2.707080651173065345e-07 2.716346597040638614e-07 2.726463866716415032e-07 2.738485245132436529e-07 2.749211902128338676e-07 2.758051231764626087e-07 2.768287498683096071e-07 2.780686014668458702e-07 2.795191296215026110e-07 2.807141073938613729e-07 2.819347801863390550e-07 2.831733529323251916e-07 2.844211808439332243e-07 2.856690733911760827e-07 2.869075196644887373e-07 2.881270136613123881e-07 2.893182255953830777e-07 2.904727709650759047e-07 2.915825636875163682e-07 2.926414102715108374e-07 2.936430301981922703e-07 2.945829613734896248e-07 2.954590647883286599e-07 2.962680884885104148e-07 2.970114139116278662e-07 2.976891344008306510e-07 2.982992192721161538e-07 2.988528863547808545e-07 2.993430045276776210e-07 2.997813286786801212e-07 3.001691356372852021e-07 3.005036422660455847e-07 3.008078268507068535e-07 3.010559357674215333e-07 3.012912817655487563e-07 3.018563816076949261e-07 3.023531015627622084e-07 3.028308829398316427e-07 3.032379121469933602e-07 3.035667626712083541e-07 3.038623874991686910e-07 3.041422835080926527e-07 3.042884939966337025e-07 3.043201073576652527e-07 3.044970564922192844e-07 3.045075102689156879e-07 3.043033178098259732e-07 3.043440380280838216e-07 3.041506226636071818e-07 3.039227155712507056e-07 3.036975807231259593e-07 3.037787825674172731e-07 3.035587247552442517e-07 3.031771345348852906e-07 3.032876245358114646e-07 3.033004895077865604e-07 3.028223178287535480e-07 3.027108850193245501e-07 3.027630561356973919e-07 3.023477931019706888e-07 3.019667443955456370e-07 3.018764192609174158e-07 3.015661482633665475e-07 3.009855979032081325e-07 3.005759997486673823e-07 3.000657790597145000e-07 2.993363627094354798e-07 2.985970877438282906e-07 2.979435063877781343e-07 2.969372626223377427e-07 2.957347446815758792e-07 2.944176386912410030e-07 2.928358259350889204e-07 2.909266107484636800e-07 2.886054697112675053e-07 2.857632462061662394e-07 2.822983618598075444e-07 2.781380280478061370e-07 2.731572793977027955e-07 2.673462688683574616e-07 2.605813672792474435e-07 2.529552186917626769e-07 2.443262928003072356e-07 2.347557761738596494e-07 2.243007524703970655e-07 2.130267783178650294e-07 2.010928335678363981e-07 1.885866155589364744e-07 1.756559105085881607e-07 1.624717882777804044e-07 1.492119373465433697e-07
3.340176319967683133e-07 3.344373640613685850e-07 3.347992339485100129e-07 3.353503750458155148e-07 3.361422276028350124e-07 3.369557583602455862e-07 3.376589956466876072e-07 3.384205224521147113e-07 3.392618668619426075e-07 3.401383664031831060e-07 3.412003611913273759e-07 3.423644755564164561e-07 3.437463158553912211e-07 3.449891657420822921e-07 3.460189856254736871e-07 3.472048533345261472e-07 3.486379957928839407e-07 3.503141211622463403e-07 3.517176442746797143e-07 3.531574923857177095e-07 3.546251873882133092e-07 3.561110777289028403e-07 3.576046350031132740e-07 3.590946998062980414e-07 3.605698825454277031e-07 3.620187763274299184e-07 3.634306965881188008e-07 3.647954000654702738e-07 3.661042888962497632e-07 3.673491172680347256e-07 3.685236070685585048e-07 3.696233358774248845e-07 3.706445710800440843e-07 3.715864717570453490e-07 3.724486630588294000e-07 3.732294743049445255e-07 3.739374981803336339e-07 3.745684933397230356e-07 3.751329920565717942e-07 3.756324523033739391e-07 3.760654634229127623e-07 3.764541229155449786e-07 3.767787352672820737e-07 3.770740251925568107e-07 3.777697169123945120e-07 3.783932526525905320e-07 3.789750566802803586e-07 3.794692890513567831e-07 3.798890623665839824e-07 3.802539169279415323e-07 3.805648980454483939e-07 3.807578588150406601e-07 3.808158819526749282e-07 3.809811723872327359e-07 3.809817615061751860e-07 3.807725257712166579e-07 3.807867987461847700e-07 3.804931927879348492e-07 3.802529237873302491e-07 3.799784360450693885e-07 3.800165403762872728e-07 3.797482920227532047e-07 3.793000495790126454e-07 3.794357772862778087e-07 3.794356204793056188e-07 3.788515465761550706e-07 3.787684151094514970e-07 3.788835121544581484e-07 3.783715903136955450e-07 3.779577115571949876e-07 3.779874282885129736e-07 3.776798123827216040e-07 3.770283679954067433e-07 3.767135051070697277e-07 3.762948154317011275e-07 3.755618527174293400e-07 3.749082233121937651e-07 3.744617947022775863e-07 3.736137847494920049e-07 3.726045840539995085e-07 3.716061639696558240e-07 3.704137129328751951e-07 3.689575220649241231e-07 3.671910719691888775e-07 3.649951206223844891e-07 3.622401175130019516e-07 3.588501293278901120e-07 3.546680425963060366e-07 3.496500872010835658e-07 3.436127698997954008e-07 3.366244698797599358e-07 3.284401111834583636e-07 3.190639732403386228e-07 3.084921610188830467e-07 2.967227366162574424e-07 2.838675966727966039e-07 2.699672287170012977e-07 2.551454025950115305e-07 2.395657090629458961e-07 2.234216948988139264e-07
4.204411217856291084e-07 4.209315642565678747e-07 4.213574602023692009e-07 4.219954433049375587e-07 4.229040963110920574e-07 4.238398066120221736e-07 4.246526172116354149e-07 4.255312465259048034e-07 4.264998592929710996e-07 4.275103866825474259e-07 4.287274641215572356e-07 4.300659943895688878e-07 4.316528294518599653e-07 4.330906522760100319e-07 4.342886161349072703e-07 4.356606929678014163e-07 4.373147600714523626e-07 4.392479898465260278e-07 4.408919418256996012e-07 4.425852704528863243e-07 4.443189507761610657e-07 4.460824089545870019e-07 4.478637913489111109e-07 4.496502336173670620e-07 4.514282957504432082e-07 4.531842490755410386e-07 4.549047968564366116e-07 4.565770713468929655e-07 4.581896486973990671e-07 4.597317652734146102e-07 4.611947191273690139e-07 4.625714845013237311e-07 4.638569226425733062e-07 4.650478828119685808e-07 4.661429608213429220e-07 4.671401685630162488e-07 4.680457330978057218e-07 4.688575523122531818e-07 4.695847749780127289e-07 4.702291405590306277e-07 4.707914312658923228e-07 4.712908901898531502e-07 4.717153362419254876e-07 4.720920889946830104e-07 4.729520112535974283e-07 4.737331384604536170e-07 4.744471485967750455e-07 4.750560849754345685e-07 4.755855490399210727e-07 4.760374995763850623e-07 4.763962553826219065e-07 4.766418678289707188e-07 4.767324557064175566e-07 4.768843472748032286e-07 4.768724097640644933e-07 4.766569327587485786e-07 4.766295851573146420e-07 4.762043195378246149e-07 4.759574962149552610e-07 4.756133093455038338e-07 4.755633452413345782e-07 4.752458623483736349e-07 4.747219624599458538e-07 4.748447148351336525e-07 4.748078498767715135e-07 4.741114253257457197e-07 4.740396766099435194e-07 4.741885290117791022e-07 4.735513175140017359e-07 4.730907138350469567e-07 4.732441508537873341e-07 4.729044270835318195e-07 4.721393832426170530e-07 4.719360847126867043e-07 4.716003491591771410e-07 4.708001643923697683e-07 4.702119337446748891e-07 4.699830385533234648e-07 4.692364479967049535e-07 4.683492599467207780e-07 4.676369218916837846e-07 4.667820062076075362e-07 4.656981714771209839e-07 4.644282612268603332e-07 4.628460288140579379e-07 4.607817863873518669e-07 4.581874206756834894e-07 4.549006053010540925e-07 4.508533873878515110e-07 4.458166850788814750e-07 4.398575627376133037e-07 4.326254065476110767e-07 4.240654142510330358e-07 4.141047189464008679e-07 4.026505245777972423e-07 3.897348491185294996e-07 3.753118677643968231e-07 3.594360984771347988e-07 3.422123282409403940e-07 3.238012839207940815e-07
5.293188483861510257e-07 5.298917402780720237e-07 5.303926880541470939e-07 5.311313508169653875e-07 5.321743606252347431e-07 5.332506492523816844e-07 5.341900390509911487e-07 5.352037654401471984e-07 5.363189292641094326e-07 5.374837626290462728e-07 5.388785817632628243e-07 5.404168026575119830e-07 5.422375298336422564e-07 5.438986502876521437e-07 5.452903086085697601e-07 5.468760507471790412e-07 5.487825332326377029e-07 5.510085810644445923e-07 5.529291938268068059e-07 5.549149883491218072e-07 5.569565881368342452e-07 5.590426443742480256e-07 5.611600583410774855e-07 5.632942580233713307e-07 5.654296406514870989e-07 5.675499397218675904e-07 5.696389364834620697e-07 5.716806829774635077e-07 5.736604422779305467e-07 5.755643222811503603e-07 5.773805120617392823e-07 5.790988996678017489e-07 5.807119866022353113e-07 5.822139980944803519e-07 5.836018318445240185e-07 5.848724593632077759e-07 5.860298080220044393e-07 5.870729338970920921e-07 5.880096243854889246e-07 5.888418141047881795e-07 5.895726262300687081e-07 5.902178479315839074e-07 5.907728882312799469e-07 5.912591001783489606e-07 5.923264265342428073e-07 5.933047510296152113e-07 5.941873758179100579e-07 5.949458239814436350e-07 5.956105312757564910e-07 5.961729291559652963e-07 5.966028321146801462e-07 5.969087450945532454e-07 5.970402770485605612e-07 5.971817203136821847e-07 5.971542312543591954e-07 5.969273791859519559e-07 5.968442371340077129e-07 5.962557445952876483e-07 5.960001014554193730e-07 5.955619916425993650e-07 5.953758366962031248e-07 5.950054900793812053e-07 5.943916516205485903e-07 5.944506260350091690e-07 5.943513011378265868e-07 5.935416922865977830e-07 5.934487662710792171e-07 5.935835847004909300e-07 5.928036072043194043e-07 5.922782249780098868e-07 5.925357531119240056e-07 5.921236223147557962e-07 5.912056207648529684e-07 5.911268682489480596e-07 5.908541406420985233e-07 5.899174488246822209e-07 5.893873124333697456e-07 5.894034272618018574e-07 5.886996010115337359e-07 5.878716705478729331e-07 5.874452143645079092e-07 5.868892741888991435e-07 5.860870103618461047e-07 5.852511770219981447e-07 5.842326137124277522e-07 5.827800290130338591e-07 5.809173522016770288e-07 5.785127170872987287e-07 5.754713953719882123e-07 5.715366794061615276e-07 5.668186803171146486e-07 5.608713313175594048e-07 5.535939083344979805e-07 5.448601601362071013e-07 5.344845080722553514e-07 5.224040848297379746e-07 5.084630069009433520e-07 4.926101720120618588e-07 4.748397222224128852e-07 4.552232644023184724e-07
6.665010906602964104e-07 6.671701182540950239e-07 6.677590221936145706e-07 6.686144430196586021e-07 6.698120803608581792e-07 6.710501806838239206e-07 6.721358402500368000e-07 6.733054834197950986e-07 6.745894826829038308e-07 6.759320392133794874e-07 6.775307056610957380e-07 6.792976453359056672e-07 6.813853239604697868e-07 6.833021474401793490e-07 6.849168579175191666e-07 6.867477541904169611e-07 6.889425917475202367e-07 6.915020095773257454e-07 6.937404749742319801e-07 6.960630313429608186e-07 6.984602103344679425e-07 7.009201079209820173e-07 7.034285389478500745e-07 7.059692943013626705e-07 7.085245682695679654e-07 7.110753912470668534e-07 7.136023398956162676e-07 7.160859502394116139e-07 7.185076466926769459e-07 7.208497434249558675e-07 7.230965665619102689e-07 7.252342621525306674e-07 7.272519851768734013e-07 7.291407747828575273e-07 7.308950164058633405e-07 7.325098540881472637e-07 7.339867092918850620e-07 7.353247212293294808e-07 7.365302568931953103e-07 7.376052549494778115e-07 7.385547853375488755e-07 7.393914896650997003e-07 7.401174543659223774e-07 7.407496038016406649e-07 7.420794712756150169e-07 7.433057851811060863e-07 7.444041690072280539e-07 7.453559888420009398e-07 7.461908604877355831e-07 7.468945061010366047e-07 7.474259670758918209e-07 7.478044666861878097e-07 7.479889040285826613e-07 7.481274126939142705e-07 7.480817428856086593e-07 7.478357125733031475e-07 7.476831473852338827e-07 7.469000008331904151e-07 7.466226850693985710e-07 7.460627626339958613e-07 7.456927867608512594e-07 7.452571019523532457e-07 7.445309441175502202e-07 7.444675636468934574e-07 7.442772947218653228e-07 7.433525479442837352e-07 7.431901073895027447e-07 7.432460813156044891e-07 7.423182598815992270e-07 7.417011806031080750e-07 7.420118614836706221e-07 7.414873722350167561e-07 7.403833391015536970e-07 7.404235119700695514e-07 7.401736529528890395e-07 7.390308111181402359e-07 7.385569443764177319e-07 7.388464246231125615e-07 7.381178886648064709e-07 7.372957726933844861e-07 7.371899644518936927e-07 7.369096573514595650e-07 7.363001324056232182e-07 7.358642819167766254e-07 7.353829650292860782e-07 7.344427980591692112e-07 7.332094357572091804e-07 7.316239237118042158e-07 7.295275700937068527e-07 7.266500425815108876e-07 7.232122706753775427e-07 7.186819445982217156e-07 7.129290690533409235e-07 7.058145658298455713e-07 6.970835289062360293e-07 6.865854241762796063e-07 6.740573576312519756e-07 6.593321532952336944e-07 6.422594005625048154e-07 6.227775980377186327e-07
8.393651278396052986e-07 8.401462487124961209e-07 8.408382102717143745e-07 8.418290747891155251e-07 8.432047531662214441e-07 8.446291800915009493e-07 8.458839166198556592e-07 8.472335746025224260e-07 8.487121746359695214e-07 8.502595111208990420e-07 8.520921216513776206e-07 8.541211496053743019e-07 8.565136467138931609e-07 8.587232935946663993e-07 8.605948206217930363e-07 8.627070280016829414e-07 8.652313015167299419e-07 8.681702217368221872e-07 8.707734098899333522e-07 8.734830731705604474e-07 8.762899789473031657e-07 8.791819679466443430e-07 8.821440165821133274e-07 8.851584410037360795e-07 8.882052840144458585e-07 8.912627842663174708e-07 8.943080864350636082e-07 8.973178118439727143e-07 9.002690124068343881e-07 9.031395032273320192e-07 9.059089328196301416e-07 9.085588863363191034e-07 9.110741308743738120e-07 9.134417049224114608e-07 9.156524960087591926e-07 9.176989160146790848e-07 9.195793633258605083e-07 9.212919461461541368e-07 9.228413033152268968e-07 9.242290685173216326e-07 9.254615029716896999e-07 9.265488056082635193e-07 9.274982782278163014e-07 9.283238998603518514e-07 9.299863432454498197e-07 9.315255792404020664e-07 9.329006811684789075e-07 9.341013986403217254e-07 9.351535179611739246e-07 9.360393104408854081e-07 9.367108226482700409e-07 9.371820597834318203e-07 9.374366293152592138e-07 9.375844302965611485e-07 9.375196843194910458e-07 9.372458628556959001e-07 9.370099123691845470e-07 9.359999619243984828e-07 9.356776416785793664e-07 9.349637074840819791e-07 9.343645877039745617e-07 9.338368869909020587e-07 9.329660091184971009e-07 9.327184778357090542e-07 9.324038635226454758e-07 9.313519851320889508e-07 9.310587736376442022e-07 9.309579070635737906e-07 9.298835224203275305e-07 9.291345344771825143e-07 9.294139545290126856e-07 9.287426037144208961e-07 9.274253862985683989e-07 9.275463751947392240e-07 9.272552076343303054e-07 9.258465723736995556e-07 9.254213830955421650e-07 9.259929982023504717e-07 9.251620302990362594e-07 9.243001281820671108e-07 9.245715246686940209e-07 9.245465641421798076e-07 9.240439943433321961e-07 9.240175781361405224e-07 9.240896367533418535e-07 9.235650410536341941e-07 9.228655024950328353e-07 9.220522304301708346e-07 9.208066146632396064e-07 9.188546394436598622e-07 9.166269210817398152e-07 9.134918525988049698e-07 9.092893765911745995e-07 9.039322786761090306e-07 8.971405252591293985e-07 8.886944003764974351e-07 8.782548011203062778e-07 8.655650203787086177e-07 8.503268818142302529e-07 8.323322909041017768e-07
1.057214269126888291e-06 1.058126090192307889e-06 1.058938780356203188e-06 1.060086808140777749e-06 1.061667580620612212e-06 1.063306648840772130e-06 1.064756888160957278e-06 1.066314463782589530e-06 1.068017467232825985e-06 1.069800861103304308e-06 1.071902134636079784e-06 1.074231642865312585e-06 1.076972381109794418e-06 1.079517424335311856e-06 1.081684637968743344e-06 1.084119722390111711e-06 1.087020462075764805e-06 1.090391467250198749e-06 1.093412770741613911e-06 1.096566802477057715e-06 1.099844962564777304e-06 1.103235222128936153e-06 1.106722066241048348e-06 1.110286607191125360e-06 1.113906899731113286e-06 1.117558406673066142e-06 1.121214699333178099e-06 1.124848149534144349e-06 1.128430927893598082e-06 1.131935630891016602e-06 1.135336367683623620e-06 1.138609203099581452e-06 1.141733395955740230e-06 1.144690925006696466e-06 1.147468004327688675e-06 1.150053222922655777e-06 1.152441117479497454e-06 1.154627583381981290e-06 1.156614897685847456e-06 1.158403889086797394e-06 1.160001035954592321e-06 1.161414760875023975e-06 1.162655920294631179e-06 1.163736830271129693e-06 1.165820391152110476e-06 1.167755331411720825e-06 1.169485619810517584e-06 1.171006038071914979e-06 1.172337914592117619e-06 1.173460199089631552e-06 1.174320491601157736e-06 1.174915806129564193e-06 1.175265165085715445e-06 1.175440138335858218e-06 1.175358971432116118e-06 1.175049875736337547e-06 1.174715862838212050e-06 1.173444379308523923e-06 1.173045500970351541e-06 1.172139712088568121e-06 1.171267760430273314e-06 1.170604337120671513e-06 1.169545182561804535e-06 1.169050574648142008e-06 1.168570382974064858e-06 1.167361019337982434e-06 1.166866536730610333e-06 1.166522379123468121e-06 1.165296264541623663e-06 1.164359037154681748e-06 1.164493624346572620e-06 1.163646149265413513e-06 1.162088866811172869e-06 1.162211437940393925e-06 1.161791454215947195e-06 1.160076993093217663e-06 1.159673466998961628e-06 1.160497465090640107e-06 1.159484639349409293e-06 1.158543765045540563e-06 1.159245977921463717e-06 1.159443556676170619e-06 1.158965018523637450e-06 1.159398287107080316e-06 1.160075155422604745e-06 1.159873312398156380e-06 1.159645486895786809e-06 1.159620002307725387e-06 1.159144647162803026e-06 1.157960219155032838e-06 1.156851803537611456e-06 1.155026006924828110e-06 1.152252272061550967e-06 1.148590257044004655e-06 1.143788949221531726e-06 1.137560763174733783e-06 1.129539548509042492e-06 1.119445210913204985e-06 1.106856335104496383e-06 1.091439628939238636e-06
1.331781233704698911e-06 1.332845452272338768e-06 1.333799546881303358e-06 1.335129988379357338e-06 1.336947123830016701e-06 1.338833548858403449e-06 1.340509918940319754e-06 1.342307731488368104e-06 1.344269624265123554e-06 1.346325248123498919e-06 1.348735256919410949e-06 1.351409448877497823e-06 1.354548272172990698e-06 1.357477594015318972e-06 1.359985284242028107e-06 1.362791083270109119e-06 1.366122210477660331e-06 1.369985349948417196e-06 1.373485675268859355e-06 1.377149273043031209e-06 1.380968642201933880e-06 1.384932358517748814e-06 1.389024869557208409e-06 1.393226477416823505e-06 1.397513544232187576e-06 1.401858905785856184e-06 1.406232538200728023e-06 1.410602327797066225e-06 1.414935118072841566e-06 1.419197589410704404e-06 1.423357425968216718e-06 1.427384104961120687e-06 1.431250160677921978e-06 1.434931225801938073e-06 1.438407461576256765e-06 1.441662295249403578e-06 1.444685238353218389e-06 1.447468641520411508e-06 1.450011436539241576e-06 1.452312860209271253e-06 1.454378479392926903e-06 1.456215281928679493e-06 1.457836025679617696e-06 1.459252312854456096e-06 1.461868517259935109e-06 1.464304387875846290e-06 1.466490316007878339e-06 1.468421185520392982e-06 1.470114823519065812e-06 1.471545519302816253e-06 1.472657070736115272e-06 1.473422467150461239e-06 1.473901564859909481e-06 1.474129243773933884e-06 1.474040128189173662e-06 1.473691281968287617e-06 1.473244549618877066e-06 1.471671884737355839e-06 1.471159925227319918e-06 1.470017375900280123e-06 1.468827529139420181e-06 1.467967798641324896e-06 1.466664789329123903e-06 1.465857734013649311e-06 1.465160060783370088e-06 1.463738997579090768e-06 1.462965146744950440e-06 1.462286846569226993e-06 1.460881414578399396e-06 1.459682411146510458e-06 1.459538343591699342e-06 1.458482933275786641e-06 1.456648655545346654e-06 1.456652162047915243e-06 1.455995208651965385e-06 1.453955905009051817e-06 1.453514577990943187e-06 1.454510117704930008e-06 1.453249548860238689e-06 1.452194034738241946e-06 1.453347505303918574e-06 1.453713811332993605e-06 1.453186126851797065e-06 1.454152934289627177e-06 1.455495106775641528e-06 1.455519695853443562e-06 1.455742336479563520e-06 1.456595069035773338e-06 1.456837006324472864e-06 1.456273658482011177e-06 1.456250653096324977e-06 1.455671825331185926e-06 1.454143005147645696e-06 1.452017504429365871e-06 1.449123998801667814e-06 1.445049631342432416e-06 1.439458503842037434e-06 1.432152030198124475e-06 1.422613696309818677e-06 1.410424533998576702e-06
1.677863182881428751e-06 1.679105101253625721e-06 1.680224789856429138e-06 1.681767005114950622e-06 1.683856656741448581e-06 1.686028252094368393e-06 1.687966261363574158e-06 1.690041757339443880e-06 1.692302458681945911e-06 1.694672163429196655e-06 1.697437180510147217e-06 1.700506984818337155e-06 1.704101159745931930e-06 1.707470946039924706e-06 1.710370770613811977e-06 1.713602397019629888e-06 1.717425820086939592e-06 1.721849795282501450e-06 1.725898725550541343e-06 1.730146221028572983e-06 1.734586412417367363e-06 1.739209043311932261e-06 1.743999089227412812e-06 1.748936569671654230e-06 1.753996599979571906e-06 1.759149697950713789e-06 1.764362377412359142e-06 1.769597942738506973e-06 1.774817571381983308e-06 1.779981397880377107e-06 1.785049807275395823e-06 1.789984556753196203e-06 1.794750142749421016e-06 1.799314363151519987e-06 1.803649733528070480e-06 1.807732889877839376e-06 1.811546819379304154e-06 1.815078745914254618e-06 1.818322910760492558e-06 1.821275791989204243e-06 1.823940746905281728e-06 1.826323178001988408e-06 1.828436163172324338e-06 1.830291094761105648e-06 1.833579996304090940e-06 1.836650087352377799e-06 1.839419608103932316e-06 1.841877420728956486e-06 1.844039518253735323e-06 1.845873230933131373e-06 1.847317248018143840e-06 1.848317357348740317e-06 1.848975241068074634e-06 1.849291974830388034e-06 1.849212012636908391e-06 1.848824037753735061e-06 1.848251889968390765e-06 1.846331447754782640e-06 1.845668017654564710e-06 1.844235824894906609e-06 1.842677137192014452e-06 1.841545988740307035e-06 1.839930391639075322e-06 1.838738974108577974e-06 1.837758779131960405e-06 1.836045856539832079e-06 1.834904803673037721e-06 1.833798910027132146e-06 1.832149917379173155e-06 1.830597711249033141e-06 1.830030547845986658e-06 1.828718768794231094e-06 1.826548220895256871e-06 1.826278097334385789e-06 1.825257040685588186e-06 1.822883434007634934e-06 1.822304176849213012e-06 1.823336014093941420e-06 1.821787820628132254e-06 1.820578477294881122e-06 1.822142513727630994e-06 1.822605764160155586e-06 1.821979770682437902e-06 1.823550186540336432e-06 1.825594582387531949e-06 1.825746332946580583e-06 1.826434511404173135e-06 1.828309535270234108e-06 1.829228605864649007e-06 1.829164020640036015e-06 1.830291698556631333e-06 1.830969851928335966e-06 1.830499918843639528e-06 1.829762368125645382e-06 1.828697504928282474e-06 1.826606352294585748e-06 1.823252700036453464e-06 1.818668037183743726e-06 1.812228241597018514e-06 1.803452213059526881e-06
2.114122851375140940e-06 2.115571977253736352e-06 2.116885557877258499e-06 2.118673690615550910e-06 2.121077671745989018e-06 2.123578157817482243e-06 2.125818983792086320e-06 2.128215562921714283e-06 2.130821296513130608e-06 2.133553520675622014e-06 2.136727002150473842e-06 2.140251130777676235e-06 2.144366504702484023e-06 2.148241397753538466e-06 2.151592984738805255e-06 2.155313993020804585e-06 2.159700880565065061e-06 2.164764423836758246e-06 2.169441579796405880e-06 2.174357844705770997e-06 2.179509577175769885e-06 2.184888338581282162e-06 2.190480311127592677e-06 2.196265900705767349e-06 2.202219587438892524e-06 2.208310065305266522e-06 2.214500708708519513e-06 2.220750327283192653e-06 2.227014250463691504e-06 2.233245558934113384e-06 2.239396525061038143e-06 2.245420042109902305e-06 2.251271177954532754e-06 2.256908238096627790e-06 2.262294284297430901e-06 2.267397222471181104e-06 2.272191660156006375e-06 2.276657771542463160e-06 2.280783373399001619e-06 2.284560559976993510e-06 2.287988935860227328e-06 2.291071582136133026e-06 2.293820338621954102e-06 2.296246356861144676e-06 2.300383335046890722e-06 2.304255829815609585e-06 2.307771249950431056e-06 2.310905293228001162e-06 2.313673868919531814e-06 2.316034290687637882e-06 2.317917208537518667e-06 2.319240253016749625e-06 2.320145090902881545e-06 2.320602453303862659e-06 2.320560976271613994e-06 2.320142410915972459e-06 2.319436997411422148e-06 2.317114307876616560e-06 2.316261515336804870e-06 2.314478649547162511e-06 2.312489488798815040e-06 2.311000353730339644e-06 2.308988610553400312e-06 2.307329046512760747e-06 2.305985861846209087e-06 2.303875178000656066e-06 2.302263747320265126e-06 2.300632437082485631e-06 2.298630284827731245e-06 2.296613375432913123e-06 2.295474138276714099e-06 2.293824680807003141e-06 2.291225026607280397e-06 2.290503316793669965e-06 2.288970864267949766e-06 2.286239676881583162e-06 2.285380891467287745e-06 2.286265426448591800e-06 2.284414969235393081e-06 2.282997443469805697e-06 2.284852911078471991e-06 2.285334286219581883e-06 2.284598441825463113e-06 2.286806733828936547e-06 2.289539634765662987e-06 2.289734966684440173e-06 2.290929116183600860e-06 2.293978768597750339e-06 2.295525613869403865e-06 2.295863057669744337e-06 2.298306859858656442e-06 2.300321156296073913e-06 2.300740899123858742e-06 2.301324833783392475e-06 2.302119402784002074e-06 2.301841408755761331e-06 2.300464634185730683e-06 2.298458099996718322e-06 2.294978616538306785e-06 2.289454635339584967e-06
2.664099240393106544e-06 2.665789987422814445e-06 2.667330561734593208e-06 2.669404324538815263e-06 2.672171009057771656e-06 2.675050951773376309e-06 2.677642358093160619e-06 2.680410333435260898e-06 2.683414639283045229e-06 2.686565465038834147e-06 2.690209189085313869e-06 2.694255362957997490e-06 2.698967703258261364e-06 2.703422138043194310e-06 2.707294367587780200e-06 2.711578109010597767e-06 2.716610367725426101e-06 2.722403843188521625e-06 2.727800473011091767e-06 2.733482566147741849e-06 2.739449363824249033e-06 2.745694977717152852e-06 2.752207587189762255e-06 2.758968798185658897e-06 2.765953244203090632e-06 2.773128495733507977e-06 2.780455333888696343e-06 2.787888389315507217e-06 2.795377173272877643e-06 2.802867387716149683e-06 2.810302502010789911e-06 2.817625455740388577e-06 2.824780463505881539e-06 2.831714557351402315e-06 2.838379333916487212e-06 2.844731724560126308e-06 2.850735724019694438e-06 2.856362123684623076e-06 2.861590143481784061e-06 2.866405347003518375e-06 2.870801682757778192e-06 2.874778528170216378e-06 2.878344820758479033e-06 2.881510833192879226e-06 2.886714835541541577e-06 2.891601087271056265e-06 2.896067565497329121e-06 2.900068480015660362e-06 2.903621221578901106e-06 2.906669180611453243e-06 2.909130808074730935e-06 2.910895151039234393e-06 2.912140787340725646e-06 2.912811424178936371e-06 2.912854759592387307e-06 2.912426117579797054e-06 2.911588025288223154e-06 2.908801431748496549e-06 2.907723622313948583e-06 2.905521401663015026e-06 2.903025493746325844e-06 2.901082653235977579e-06 2.898574266034238035e-06 2.896345844607233662e-06 2.894541282877142873e-06 2.891901659376531117e-06 2.889694183262612206e-06 2.887429245174611795e-06 2.884916802198415212e-06 2.882298751334462120e-06 2.880433479099599202e-06 2.878318351854653923e-06 2.875154747252310655e-06 2.873786951894329690e-06 2.871571407941146671e-06 2.868416455725965268e-06 2.867100045860356877e-06 2.867617912954022150e-06 2.865456402644629298e-06 2.863747592151790902e-06 2.865696152367185774e-06 2.866119585887945242e-06 2.865302102955051793e-06 2.868118627620485547e-06 2.871461595336287407e-06 2.871664629981569185e-06 2.873414260182681654e-06 2.877743550974869488e-06 2.879852834117307240e-06 2.880527250099196614e-06 2.884518380803981913e-06 2.887975648620106778e-06 2.889127161790713471e-06 2.891075585671408709e-06 2.893910134909025661e-06 2.895322559579832837e-06 2.895695847021146540e-06 2.896220439673863871e-06 2.895561457279756891e-06 2.892960070476519429e-06
3.357482710876274433e-06 3.359455216045801981e-06 3.361261501821640073e-06 3.363667090865091612e-06 3.366852458536736005e-06 3.370170358830945446e-06 3.373167761732524257e-06 3.376365475830839154e-06 3.379830385877154945e-06 3.383464765658767028e-06 3.387650153485117477e-06 3.392296522260855223e-06 3.397693065079995307e-06 3.402812817386997564e-06 3.407285311235125914e-06 3.412216507121018111e-06 3.417988495484431287e-06 3.424615754764196063e-06 3.430836587382155950e-06 3.437395679951399270e-06 3.444295864652358971e-06 3.451534612863812768e-06 3.459102998836301590e-06 3.466984786098640464e-06 3.475155733332426157e-06 3.483583210011015942e-06 3.492226202573345344e-06 3.501035750112294444e-06 3.509955844573559232e-06 3.518924734722940537e-06 3.527876594837647970e-06 3.536743453539323589e-06 3.545457281018008895e-06 3.553951992955083120e-06 3.562165539295282883e-06 3.570041351342917359e-06 3.577530188694682929e-06 3.584590671997804485e-06 3.591190749828270137e-06 3.597306731562476268e-06 3.602924510859987496e-06 3.608037678142652738e-06 3.612650315387381225e-06 3.616770505309266008e-06 3.623313936688328455e-06 3.629478476137101596e-06 3.635154464295711838e-06 3.640264650293802689e-06 3.644829311562996062e-06 3.648772866837863970e-06 3.651996444135949373e-06 3.654359296106980104e-06 3.656073724577137761e-06 3.657058987580202412e-06 3.657256882145164704e-06 3.656856360642938844e-06 3.655898997086657057e-06 3.652582106337183564e-06 3.651247596266990446e-06 3.648550729899673492e-06 3.645454805902464407e-06 3.642954048778122436e-06 3.639829360761446260e-06 3.636910384892550212e-06 3.634525247662682888e-06 3.631199206268999813e-06 3.628240881968722156e-06 3.625213849630040663e-06 3.621988826308456073e-06 3.618600849118644725e-06 3.615842857672497254e-06 3.613078822471219906e-06 3.609168331145102354e-06 3.606941530456390056e-06 3.603840000362785015e-06 3.600125605598785037e-06 3.598141983875908987e-06 3.598052249609675906e-06 3.595541648911876301e-06 3.593417799516027780e-06 3.595197412348006704e-06 3.595489306791340625e-06 3.594642421388488168e-06 3.597959412929559205e-06 3.601769752926702687e-06 3.602020317782005694e-06 3.604362551230947298e-06 3.609978873315928967e-06 3.612587450926177104e-06 3.613580320063279487e-06 3.619356892464396329e-06 3.624339327056611667e-06 3.626078008056989808e-06 3.629534443809684981e-06 3.634708444339153938e-06 3.637723891913286883e-06 3.639701654854059435e-06 3.642914559515712485e-06 3.645053161157837255e-06 3.645024337506109301e-06
4.231723668912333637e-06 4.234024746330376111e-06 4.236142026985178691e-06 4.238933187734658337e-06 4.242602037971721620e-06 4.246425596578039642e-06 4.249893305346233530e-06 4.253588427991890694e-06 4.257585832199341546e-06 4.261779013682479436e-06 4.266588661949241235e-06 4.271925449079047669e-06 4.278106690691211160e-06 4.283990670566645788e-06 4.289155522502763780e-06 4.294832090411311671e-06 4.301452604864363920e-06 4.309033135971118380e-06 4.316198537728689266e-06 4.323762159360284256e-06 4.331731181491558518e-06 4.340107315123254859e-06 4.348885527690505177e-06 4.358052837021048509e-06 4.367587282872330158e-06 4.377457188149747101e-06 4.387620818957607229e-06 4.398026520753089084e-06 4.408613390418624114e-06 4.419312470311326012e-06 4.430048430524919516e-06 4.440741655114269523e-06 4.451310602841126772e-06 4.461674250500031044e-06 4.471754609220233748e-06 4.481478850507835569e-06 4.490781497683428917e-06 4.499605737898150575e-06 4.507905009674448639e-06 4.515643015122265275e-06 4.522794559823855145e-06 4.529344599256361812e-06 4.535289904428687846e-06 4.540634308736272092e-06 4.548854799988145900e-06 4.556627384751561263e-06 4.563837320990009669e-06 4.570363615953265432e-06 4.576230848293301677e-06 4.581337870893407177e-06 4.585562471606720070e-06 4.588731297003974413e-06 4.591087535278937443e-06 4.592527397471410930e-06 4.592981670095929559e-06 4.592672863375490142e-06 4.591628114701092059e-06 4.587713955196864053e-06 4.586097551799661917e-06 4.582825854738837576e-06 4.579019153244400380e-06 4.575846742446064308e-06 4.571964985584594985e-06 4.568209608962765457e-06 4.565100653140080895e-06 4.560901215338495215e-06 4.557002857493347819e-06 4.553052780925002220e-06 4.548870979837474656e-06 4.544502976935420053e-06 4.540659136895394709e-06 4.537004224295145247e-06 4.532110058257952073e-06 4.528781445490306801e-06 4.524550498170370149e-06 4.520053446951166370e-06 4.517160016319330087e-06 4.516210306600669144e-06 4.513242471846228957e-06 4.510530556888530510e-06 4.511839640458887251e-06 4.511914871557757009e-06 4.511083284649808764e-06 4.514720424405587883e-06 4.518802886430930055e-06 4.519220450567015007e-06 4.522157433889331809e-06 4.528940278141278906e-06 4.532021542143756296e-06 4.533374847477154413e-06 4.541112997035494971e-06 4.547640787698425384e-06 4.549867079218149904e-06 4.555042448780505540e-06 4.562893128660321080e-06 4.567428163188185605e-06 4.570956376297917673e-06 4.577236490434643949e-06 4.582283290302646881e-06 4.584525974306710093e-06
5.334062146519132097e-06 5.336746400346036514e-06 5.339227634610529205e-06 5.342466903545644221e-06 5.346694265039170868e-06 5.351101851091858543e-06 5.355114511069281788e-06 5.359385548457073775e-06 5.363998782518794807e-06 5.368837964386337892e-06 5.374367423403593244e-06 5.380498832714745442e-06 5.387580602036176386e-06 5.394342931426248313e-06 5.400306717332652182e-06 5.406841890512469936e-06 5.414436466746433519e-06 5.423107880659888223e-06 5.431356361157255676e-06 5.440071014983527126e-06 5.449264174578396792e-06 5.458942734894167534e-06 5.469106647450860333e-06 5.479747412458653795e-06 5.490846686421927611e-06 5.502375135265894808e-06 5.514291670504693084e-06 5.526543184364197376e-06 5.539064880378860596e-06 5.551781233620111067e-06 5.564607574735212526e-06 5.577452236144078103e-06 5.590219133384842766e-06 5.602810608019460056e-06 5.615130420359721820e-06 5.627086561364705854e-06 5.638593979099932917e-06 5.649576696531228824e-06 5.659969795823570805e-06 5.669720337874474784e-06 5.678788243385780702e-06 5.687146141550034104e-06 5.694780311624169612e-06 5.701687429924959987e-06 5.712001750744781992e-06 5.721791782342643513e-06 5.730941376040782737e-06 5.739270469874543487e-06 5.746809543297441731e-06 5.753423292966812772e-06 5.758959148403660201e-06 5.763206327947595153e-06 5.766436287751108573e-06 5.768522162423343304e-06 5.769378218079929157e-06 5.769260286564973634e-06 5.768186232914407775e-06 5.763613146858028503e-06 5.761700202562086751e-06 5.757771411874878213e-06 5.753126918225339190e-06 5.749157591417237367e-06 5.744355439749405876e-06 5.739590902947725996e-06 5.735587456427410290e-06 5.730293155833355753e-06 5.725226806111827708e-06 5.720147694219010624e-06 5.714723562242410903e-06 5.709114458995430405e-06 5.703947938324211784e-06 5.699100381742081116e-06 5.692924026901359806e-06 5.688202906076919247e-06 5.682545806017390168e-06 5.676946891812788008e-06 5.672856589048578509e-06 5.670784109725880809e-06 5.667146051540969234e-06 5.663616783693520797e-06 5.664135108112225504e-06 5.663872626478869769e-06 5.663055333516623718e-06 5.666781480037570411e-06 5.670905426948511922e-06 5.671658014405908989e-06 5.675141032350297112e-06 5.682841470659927514e-06 5.686433955553151397e-06 5.688248846432492872e-06 5.698003120586775090e-06 5.706024765002631762e-06 5.708741199363454346e-06 5.715864424577593777e-06 5.726666427575640232e-06 5.732638092061347712e-06 5.737756263259955039e-06 5.747640205343920660e-06 5.755776548867653189e-06 5.760047146097575273e-06
6.724088433533679455e-06 6.727219556659282106e-06 6.730126675368573300e-06 6.733886826901271309e-06 6.738759595020333700e-06 6.743841951636929758e-06 6.748486223096422370e-06 6.753424273073814542e-06 6.758749964026990450e-06 6.764336220231711229e-06 6.770696057872065123e-06 6.777742483840132569e-06 6.785858340940573950e-06 6.793630760853731539e-06 6.800516873486100406e-06 6.808041660707058854e-06 6.816755239832044326e-06 6.826676146901792652e-06 6.836167267221886032e-06 6.846201469703374381e-06 6.856797086510009503e-06 6.867967200404266548e-06 6.879717922412136551e-06 6.892046584732808688e-06 6.904939967344048248e-06 6.918372700404938689e-06 6.932306005169762524e-06 6.946686926601952568e-06 6.961448198477298504e-06 6.976508827436491298e-06 6.991775435665604904e-06 7.007144335090772073e-06 7.022504229705657310e-06 7.037739385968221775e-06 7.052733105178007744e-06 7.067371221363813340e-06 7.081545508924295267e-06 7.095156667552350920e-06 7.108116958332455001e-06 7.120352043133368133e-06 7.131802289507632981e-06 7.142423371499702615e-06 7.152186953679700213e-06 7.161078664556960197e-06 7.173999072252367821e-06 7.186312717975447790e-06 7.197907210713915627e-06 7.208524290542806998e-06 7.218202231057476191e-06 7.226760519648316084e-06 7.234007960291076706e-06 7.239689333457141631e-06 7.244101403059671701e-06 7.247092615839820073e-06 7.248554537363577967e-06 7.248775491915199708e-06 7.247767123603736016e-06 7.242486742487542937e-06 7.240279412857550784e-06 7.235613739529713853e-06 7.229990961085778977e-06 7.225086141633374065e-06 7.219176868491474565e-06 7.213200773539547258e-06 7.208101375887695693e-06 7.201450381686798772e-06 7.194944508896074903e-06 7.188474102359926479e-06 7.181476446291619978e-06 7.174303940055171880e-06 7.167515831305276523e-06 7.161111669509923798e-06 7.153281263644614185e-06 7.146808895341497100e-06 7.139358334651105377e-06 7.132239494290363308e-06 7.126600705127225195e-06 7.123120917298092069e-06 7.118474157979617182e-06 7.113832998716272267e-06 7.113228651220658640e-06 7.112444181981984718e-06 7.111560872435709687e-06 7.115118979458360224e-06 7.119035247950290926e-06 7.120278247438120814e-06 7.124204499295865885e-06 7.132474580484334722e-06 7.136682801308826069e-06 7.139095464979239999e-06 7.150769738542948460e-06 7.160176979835068709e-06 7.163541269268288996e-06 7.172801448787422499e-06 7.186678864604570333e-06 7.194052302599392126e-06 7.200900684279220493e-06 7.214962516362755766e-06 7.226356083934612769e-06 7.232472953276560740e-06
8.476973751558525557e-06 8.480626041063963353e-06 8.484031462559993379e-06 8.488397195195066609e-06 8.494016034300569477e-06 8.499878259753152626e-06 8.505254771442612890e-06 8.510965565278475465e-06 8.517115777276837581e-06 8.523566293739482240e-06 8.530884491552505715e-06 8.538985082333809537e-06 8.548289095143027339e-06 8.557223755154210693e-06 8.565175116237745746e-06 8.573841156962106372e-06 8.583841174672460672e-06 8.595194511788745631e-06 8.606112257019410140e-06 8.617660066978204757e-06 8.629863167229232592e-06 8.642741889031452956e-06 8.656309755913750714e-06 8.670571392698343967e-06 8.685520368742759254e-06 8.701137121806024573e-06 8.717387144260464873e-06 8.734219617996285726e-06 8.751566686269717158e-06 8.769343505284375850e-06 8.787449174893788111e-06 8.805768571781871610e-06 8.824175024454238540e-06 8.842533694072628075e-06 8.860705475138379972e-06 8.878551155278602641e-06 8.895935598871365229e-06 8.912731675522682053e-06 8.928823774958869264e-06 8.944110657615845109e-06 8.958507521244480325e-06 8.971947416399978775e-06 8.984382129018090698e-06 8.995781196881769232e-06 9.011934527399349408e-06 9.027394895684144244e-06 9.042060726998110852e-06 9.055571864279526553e-06 9.067976601986491389e-06 9.079035219578024372e-06 9.088508025045969420e-06 9.096086058121711083e-06 9.102087248122460604e-06 9.106332060571234994e-06 9.108682140020628364e-06 9.109456161903813261e-06 9.108660123862775062e-06 9.102648199381773768e-06 9.100174609860313824e-06 9.094701755319259474e-06 9.087951042749409992e-06 9.081958514941930813e-06 9.074731858565586624e-06 9.067309559364679914e-06 9.060878744099505949e-06 9.052562872522617999e-06 9.044296118383872429e-06 9.036106560860649692e-06 9.027149084775432515e-06 9.018018205880724280e-06 9.009229540398488423e-06 9.000835552582569436e-06 8.990890196872454291e-06 8.982220295243677598e-06 8.972516381025511030e-06 8.963356859917020648e-06 8.955728884942619589e-06 8.950511225459638681e-06 8.944385900127202710e-06 8.938258804487477305e-06 8.936176453168734167e-06 8.934599009144438683e-06 8.933468321461952142e-06 8.936588049047309619e-06 8.940040746996194768e-06 8.941844380138708564e-06 8.946064742295904178e-06 8.954505781253682231e-06 8.959464149143219521e-06 8.962603703221060298e-06 8.975965861777798009e-06 8.986619493304041575e-06 8.990957620994536090e-06 9.002452758419781628e-06 9.019328974030142146e-06 9.028199916773991103e-06 9.037023426366674739e-06 9.055731747617346025e-06 9.070486947349336713e-06 9.078378654163124194e-06
1.068754634518887356e-05 1.069180647082169123e-05 1.069579487176982322e-05 1.070086477320942754e-05 1.070734632712451806e-05 1.071411017654284913e-05 1.072033579912953467e-05 1.072694207690593171e-05 1.073404680637048693e-05 1.074149748128813272e-05 1.074992221692069125e-05 1.075923784724310101e-05 1.076990780717067804e-05 1.078018049880538764e-05 1.078936270979821391e-05 1.079934558879761776e-05 1.081082555537380110e-05 1.082382243520213826e-05 1.083637912350407089e-05 1.084966423532098275e-05 1.086371083333983435e-05 1.087854761515908861e-05 1.089419684282250965e-05 1.091067199585698616e-05 1.092797524473871417e-05 1.094609488628740207e-05 1.096500293280710137e-05 1.098465306713539075e-05 1.100497919782071427e-05 1.102589481514464962e-05 1.104729331793448686e-05 1.106904940114257531e-05 1.109102150596651178e-05 1.111305523969591327e-05 1.113498758975111990e-05 1.115665167729948988e-05 1.117788175141690171e-05 1.119851812808034205e-05 1.121841177599157665e-05 1.123742832625357098e-05 1.125545120581723092e-05 1.127238403933775701e-05 1.128815215634951402e-05 1.130270261452421404e-05 1.132285242460696924e-05 1.134222315468598778e-05 1.136073349427056358e-05 1.137789231121729921e-05 1.139376049482837040e-05 1.140802165194517670e-05 1.142037569030318663e-05 1.143044816814188236e-05 1.143857182699629469e-05 1.144453408756073492e-05 1.144815787318959128e-05 1.144978785141363512e-05 1.144942234146816915e-05 1.144269359482199126e-05 1.144002080036272642e-05 1.143369026670731863e-05 1.142565909325666653e-05 1.141841522075293390e-05 1.140963827221911886e-05 1.140050088968756512e-05 1.139246623160200981e-05 1.138212523158116665e-05 1.137171840935299428e-05 1.136140820867905307e-05 1.135003581956022355e-05 1.133846554399376700e-05 1.132719993545175997e-05 1.131629997171352655e-05 1.130367056320923654e-05 1.129225029966815959e-05 1.127971460212203882e-05 1.126788026908881102e-05 1.125770785576650386e-05 1.125034071300005027e-05 1.124213810797084351e-05 1.123405065171428972e-05 1.123008321550109712e-05 1.122733765641299661e-05 1.122566738943803051e-05 1.122805629201458460e-05 1.123078532468205700e-05 1.123307395532654024e-05 1.123740226299213491e-05 1.124561358739262921e-05 1.125142246226693219e-05 1.125536439356632089e-05 1.127009963735096572e-05 1.128185121227225077e-05 1.128760979610249236e-05 1.130132204436136166e-05 1.132092148844168228e-05 1.133158711741160361e-05 1.134271948980192052e-05 1.136631280998328170e-05 1.138448149938353475e-05 1.139428022703078696e-05
1.347543427556467081e-05 1.348040334351699385e-05 1.348507372812536623e-05 1.349096256562704126e-05 1.349844202661146207e-05 1.350624858654093157e-05 1.351345907866381070e-05 1.352110335317683486e-05 1.352931343065907381e-05 1.353792189803195097e-05 1.354762477692887813e-05 1.355834149727513105e-05 1.357058264435962422e-05 1.358239655002870611e-05 1.359300155308614086e-05 1.360450464926237795e-05 1.361768829956122888e-05 1.363257246516663435e-05 1.364701327780940747e-05 1.366229376620879286e-05 1.367845583162217869e-05 1.369553771704044828e-05 1.371357182101470834e-05 1.373258213424867301e-05 1.375258137304288902e-05 1.377356793615597295e-05 1.379552287590189057e-05 1.381840711091469084e-05 1.384215915432075535e-05 1.386669361359087511e-05 1.389190070905014505e-05 1.391764698130365921e-05 1.394377727199531416e-05 1.397011795163445550e-05 1.399648126041923636e-05 1.402267052436961704e-05 1.404848592219030608e-05 1.407373046526150396e-05 1.409821580086743850e-05 1.412176755445594670e-05 1.414422981389572599e-05 1.416546877546503895e-05 1.418537528223413226e-05 1.420386597384993635e-05 1.422893803605950804e-05 1.425315067056681514e-05 1.427645529462729170e-05 1.429819447422337596e-05 1.431844465790793937e-05 1.433679126742438328e-05 1.435285939294067193e-05 1.436619469593031631e-05 1.437713497970727325e-05 1.438542767924635072e-05 1.439084588016903974e-05 1.439375260357008055e-05 1.439413372776935327e-05 1.438676220101927894e-05 1.438401410650657481e-05 1.437680985181101498e-05 1.436735193048324477e-05 1.435868728873163053e-05 1.434810707120601094e-05 1.433695089943331918e-05 1.432700057836293963e-05 1.431421682243756995e-05 1.430122358348476889e-05 1.428830961565000874e-05 1.427398187981022435e-05 1.425938932382235012e-05 1.424505541120074546e-05 1.423102983198342568e-05 1.421501697225292701e-05 1.420016602646638503e-05 1.418407274200268327e-05 1.416879545313065155e-05 1.415538281843862856e-05 1.414533191827936826e-05 1.413432551302850270e-05 1.412367584572175712e-05 1.411732584394531859e-05 1.411291885708055126e-05 1.411030179805006069e-05 1.411161679779529233e-05 1.411334703194230983e-05 1.411586661350180322e-05 1.412007915971253261e-05 1.412768881252133431e-05 1.413434463281710351e-05 1.413907336843577032e-05 1.415485166594135017e-05 1.416755296997933575e-05 1.417519834880433124e-05 1.419100791663041494e-05 1.421290826999774482e-05 1.422587706671904972e-05 1.423969991771541316e-05 1.426812296240737107e-05 1.428976154940740604e-05 1.430189564967742902e-05
1.699155413067387604e-05 1.699735009202829757e-05 1.700281820988684472e-05 1.700965959989227599e-05 1.701829369474623896e-05 1.702730649148120656e-05 1.703565957984313768e-05 1.704450735297110932e-05 1.705399781852088125e-05 1.706394696433316337e-05 1.707512677402184088e-05 1.708745981340227977e-05 1.710150915310469172e-05 1.711509919403804880e-05 1.712734952657374770e-05 1.714060848313434050e-05 1.715575458886378318e-05 1.717280757101646862e-05 1.718941580206015591e-05 1.720698962061559877e-05 1.722558083696429897e-05 1.724523848803537245e-05 1.726600658231040105e-05 1.728792136951353407e-05 1.731100817911798413e-05 1.733527792920351210e-05 1.736072348300576684e-05 1.738731608256327188e-05 1.741500216134026820e-05 1.744370084041453711e-05 1.747330243301155342e-05 1.750366821688653573e-05 1.753463166045450758e-05 1.756600116765356695e-05 1.759756428201697423e-05 1.762909315421941526e-05 1.766035095672121457e-05 1.769109887074088642e-05 1.772110319077309753e-05 1.775014216358892957e-05 1.777801208748146559e-05 1.780453251503909804e-05 1.782955022859251121e-05 1.785294177594710504e-05 1.788405321454655258e-05 1.791423872291694451e-05 1.794349871139454234e-05 1.797096693810895014e-05 1.799673888203089575e-05 1.802027556672089085e-05 1.804110983190431242e-05 1.805869001925781894e-05 1.807334449275583234e-05 1.808477172124955821e-05 1.809268060291467292e-05 1.809744031446722259e-05 1.809901648467645145e-05 1.809116317715472099e-05 1.808854492477054293e-05 1.808050579264208971e-05 1.806949436980903226e-05 1.805924362548383199e-05 1.804659243090342332e-05 1.803308061770350710e-05 1.802086200580737808e-05 1.800515577100901134e-05 1.798905272898234381e-05 1.797296115686455111e-05 1.795503405534614553e-05 1.793671616304269302e-05 1.791858844738706015e-05 1.790068762171869419e-05 1.788043634692287317e-05 1.786132093019534263e-05 1.784076532220586598e-05 1.782111203533764265e-05 1.780359383488657030e-05 1.779015825467584411e-05 1.777548385014659596e-05 1.776151048037124270e-05 1.775214727001556803e-05 1.774545157223393510e-05 1.774135805674038004e-05 1.774116679692719012e-05 1.774158095713904973e-05 1.774389699682248441e-05 1.774771620910991371e-05 1.775438191444023102e-05 1.776172403566256248e-05 1.776711086827781637e-05 1.778363656257421014e-05 1.779713716371283122e-05 1.780703358310519333e-05 1.782476346924370783e-05 1.784848140986158930e-05 1.786439903066943522e-05 1.788128835631017745e-05 1.791421726165383593e-05 1.793945021188818166e-05 1.795467415940003183e-05
2.142629796279981697e-05 2.143305842426644162e-05 2.143945959546526795e-05 2.144740911551065073e-05 2.145737957707974020e-05 2.146778818970994737e-05 2.147746715481262716e-05 2.148771066088772465e-05 2.149868469074163392e-05 2.151018674268385616e-05 2.152307381497756486e-05 2.153727222723120249e-05 2.155340353435256865e-05 2.156904141467033443e-05 2.158319515472150805e-05 2.159848307227973387e-05 2.161589102411985564e-05 2.163543811476468734e-05 2.165454125569155178e-05 2.167475260843949026e-05 2.169613504674476300e-05 2.171874973234049844e-05 2.174265384115471391e-05 2.176789772347681082e-05 2.179452150615354014e-05 2.182255120392046413e-05 2.185199449089516674e-05 2.188283634835012792e-05 2.191503490295018547e-05 2.194851779598050445e-05 2.198317948006242714e-05 2.201887979446875520e-05 2.205544412129956935e-05 2.209266530185262893e-05 2.213030736251951657e-05 2.216811093098257520e-05 2.220580007143765092e-05 2.224309015238072222e-05 2.227969625070113751e-05 2.231534160504591901e-05 2.234976556173038189e-05 2.238273066760072041e-05 2.241402849873275451e-05 2.244348395496725186e-05 2.248197629253195960e-05 2.251950110067981286e-05 2.255612881627103386e-05 2.259073374358770415e-05 2.262343458727972362e-05 2.265353634949323540e-05 2.268045866804429002e-05 2.270353173451981449e-05 2.272305367363852409e-05 2.273866270901200395e-05 2.274998491173653060e-05 2.275737723911014406e-05 2.276077357853453488e-05 2.275272350962768224e-05 2.275055421664182170e-05 2.274180206166179813e-05 2.272914916868481539e-05 2.271716627711669183e-05 2.270217120280019417e-05 2.268593871871239534e-05 2.267105885962908505e-05 2.265188468525064567e-05 2.263206189030777212e-05 2.261211752457189497e-05 2.258982418392839074e-05 2.256693699340305695e-05 2.254413361628325273e-05 2.252144684169674139e-05 2.249591697349563339e-05 2.247151657586297284e-05 2.244537937547381128e-05 2.242021200289191489e-05 2.239751763372517898e-05 2.237978565429409435e-05 2.236041465457630622e-05 2.234215933750166239e-05 2.232897523020880394e-05 2.231920693746651925e-05 2.231296718084526564e-05 2.231070922738698163e-05 2.230940486833386872e-05 2.231091977176669945e-05 2.231398391729341914e-05 2.231936253321221189e-05 2.232704881743304497e-05 2.233284186192661507e-05 2.234986319495389567e-05 2.236399991744463650e-05 2.237630750292173687e-05 2.239577238324004006e-05 2.242085599314453585e-05 2.244036486142641314e-05 2.246064583109559155e-05 2.249759698233837169e-05 2.252664703751569301e-05 2.254597193806821438e-05
2.701986299709736113e-05 2.702774850130759671e-05 2.703524091735574455e-05 2.704447973376805143e-05 2.705599733736146432e-05 2.706802159814136521e-05 2.707923944912696867e-05 2.709110201217849166e-05 2.710379548743566277e-05 2.711709677240462562e-05 2.713195805287492944e-05 2.714831011115412411e-05 2.716683973189680450e-05 2.718483979187571453e-05 2.720119630756021994e-05 2.721882977850499045e-05 2.723884606336997034e-05 2.726126323750499399e-05 2.728324003144751037e-05 2.730648675714265848e-05 2.733107860886101434e-05 2.735709030384313772e-05 2.738459384142891243e-05 2.741365561642553891e-05 2.744433285462249291e-05 2.747666939509752813e-05 2.751069093198259984e-05 2.754639990228871296e-05 2.758377032701165825e-05 2.762274296478853201e-05 2.766322123275003121e-05 2.770506833159658953e-05 2.774810600166505934e-05 2.779211522208572884e-05 2.783683904424941541e-05 2.788198755682762424e-05 2.792724479921689679e-05 2.797227726629815660e-05 2.801674349743689992e-05 2.806030417623661652e-05 2.810263209575070343e-05 2.814342145822839174e-05 2.818239597892954599e-05 2.821931539568648824e-05 2.826679175976062923e-05 2.831329861797182631e-05 2.835900339916302168e-05 2.840246122823319826e-05 2.844381929349124681e-05 2.848218881454296940e-05 2.851685127950667357e-05 2.854699407750918287e-05 2.857285622199331042e-05 2.859400172740463121e-05 2.860994974433847554e-05 2.862101837468573756e-05 2.862709355602853381e-05 2.861930486672599895e-05 2.861806103584723355e-05 2.860883902254066779e-05 2.859452293686766812e-05 2.858070323623282405e-05 2.856310173863291690e-05 2.854376494151168411e-05 2.852579421930020204e-05 2.850253925691508141e-05 2.847829195637138899e-05 2.845370637485453727e-05 2.842613711432959343e-05 2.839767263456504685e-05 2.836912897232028990e-05 2.834054975094242094e-05 2.830848018027819335e-05 2.827754605993905397e-05 2.824445132471787269e-05 2.821237786788325435e-05 2.818318622264725514e-05 2.815999005534650232e-05 2.813468428633074278e-05 2.811094888598166699e-05 2.809291317108207709e-05 2.807909888250547219e-05 2.806987242206338229e-05 2.806482431233653328e-05 2.806125935355651207e-05 2.806123104108455019e-05 2.806305647261344958e-05 2.806674870280534875e-05 2.807425703318180648e-05 2.808007349313960900e-05 2.809735038124482981e-05 2.811192978110213235e-05 2.812655123673299851e-05 2.814758060339353884e-05 2.817368033915811063e-05 2.819726252227628478e-05 2.822118631747870440e-05 2.826166651552605887e-05 2.829483543336783742e-05 2.831937155414362736e-05
3.407528503730507366e-05 3.408448289118301441e-05 3.409325147176757703e-05 3.410399056889529647e-05 3.411729982622978085e-05 3.413119470448243832e-05 3.414419904037773677e-05 3.415794014649513067e-05 3.417262696942746311e-05 3.418801344859862440e-05 3.420515838899637178e-05 3.422399785022537522e-05 3.424529143149474230e-05 3.426601744160406269e-05 3.428492407668259743e-05 3.430527019868877893e-05 3.432829591802948803e-05 3.435401785799244558e-05 3.437930648066901993e-05 3.440604861266671689e-05 3.443433315087127264e-05 3.446424992080634076e-05 3.449588751994565942e-05 3.452933044977183561e-05 3.456465546221149484e-05 3.460192709644455242e-05 3.464119247029048110e-05 3.468247546715373778e-05 3.472577059755162725e-05 3.477103689213192374e-05 3.481819231803250921e-05 3.486710922700001354e-05 3.491761138540426952e-05 3.496947304168597162e-05 3.502242039245566705e-05 3.507613560207567104e-05 3.513026332933846167e-05 3.518441948665014220e-05 3.523820175755891927e-05 3.529120124898541742e-05 3.534301455142583670e-05 3.539325550364354986e-05 3.544156597632539180e-05 3.548762510182380646e-05 3.554599182094989263e-05 3.560344581044968415e-05 3.566028577064555812e-05 3.571467798898868545e-05 3.576680494332768671e-05 3.581553948351760038e-05 3.585999558922728066e-05 3.589918900423162755e-05 3.593326066625439255e-05 3.596168321910833313e-05 3.598383808145943965e-05 3.599996694818201809e-05 3.600988540573162223e-05 3.600305370211471628e-05 3.600342616299522023e-05 3.599415032571681451e-05 3.597825404805859783e-05 3.596256553764869937e-05 3.594212927374422511e-05 3.591930189851023236e-05 3.589778266240878531e-05 3.586976843858159748e-05 3.584029121597216315e-05 3.581015060136770510e-05 3.577623259861777974e-05 3.574099323181931400e-05 3.570543066908490545e-05 3.566961836612006834e-05 3.562948370837631191e-05 3.559048894934230088e-05 3.554875251199635919e-05 3.550806868314554881e-05 3.547075165203478729e-05 3.544061718127508701e-05 3.540786682315358812e-05 3.537716168172796646e-05 3.535296887077611183e-05 3.533390056260601642e-05 3.532063368972490771e-05 3.531187455512790278e-05 3.530530816556357807e-05 3.530285320194523325e-05 3.530279459086267283e-05 3.530427592537254279e-05 3.531091745117641669e-05 3.531622782232520587e-05 3.533347421085390240e-05 3.534824456557418711e-05 3.536482524317710016e-05 3.538724593875141157e-05 3.541414280464329710e-05 3.544200191057995415e-05 3.546974287889999213e-05 3.551337980783749414e-05 3.555099296044482833e-05 3.558175816000803097e-05
4.297488334787948853e-05 4.298561209075311241e-05 4.299587298983180883e-05 4.300835810084598581e-05 4.302374271939622327e-05 4.303980400101543505e-05 4.305488267180516537e-05 4.307080387463661520e-05 4.308780215574654654e-05 4.310560586515169666e-05 4.312539327348400068e-05 4.314710665453607910e-05 4.317158695061319132e-05 4.319545999944084368e-05 4.321731984880851368e-05 4.324080437808913312e-05 4.326730397709356183e-05 4.329683337849343902e-05 4.332594092904224430e-05 4.335671062104081488e-05 4.338924658709707600e-05 4.342365546278393094e-05 4.346004436352300123e-05 4.349851810113632302e-05 4.353917552354250265e-05 4.358210490089135591e-05 4.362737836665075568e-05 4.367504549416852263e-05 4.372512623810019945e-05 4.377760357158997652e-05 4.383241632090118434e-05 4.388945275406044513e-05 4.394854558466237515e-05 4.400946899004406408e-05 4.407193819402015184e-05 4.413561196416126102e-05 4.420009816488136513e-05 4.426496223608613429e-05 4.432973821476541459e-05 4.439394167995397802e-05 4.445708384093670725e-05 4.451868591708411373e-05 4.457829294865360196e-05 4.463548625832142500e-05 4.470699906238471651e-05 4.477773900740932575e-05 4.484817928287077054e-05 4.491601705463241359e-05 4.498147911456055434e-05 4.504314795339428931e-05 4.509993597853828926e-05 4.515065400374187516e-05 4.519529356389966035e-05 4.523321497160588374e-05 4.526362300499066495e-05 4.528663118767497510e-05 4.530195420200617212e-05 4.529709603170699051e-05 4.530006393094569153e-05 4.529139178098246334e-05 4.527415602752806996e-05 4.525668295873937517e-05 4.523325280823372365e-05 4.520657095080560288e-05 4.518103337984691434e-05 4.514752300374662720e-05 4.511190773448500632e-05 4.507516185866575046e-05 4.503363897362111241e-05 4.499020948328181694e-05 4.494609921866326679e-05 4.490143627471890244e-05 4.485139481018727067e-05 4.480247579356297095e-05 4.475004177642732565e-05 4.469866107920103591e-05 4.465121451830958617e-05 4.461230063686371690e-05 4.457024787730863986e-05 4.453072836313937594e-05 4.449873613836012804e-05 4.447291266291035825e-05 4.445428549773746920e-05 4.444065594552954314e-05 4.443009006566402629e-05 4.442416155255541824e-05 4.442137080365420049e-05 4.441991883206100356e-05 4.442484496665689196e-05 4.442894300715144674e-05 4.444576535028852191e-05 4.446037390213779868e-05 4.447833638608128585e-05 4.450192157408468344e-05 4.452950287152538598e-05 4.456151989206965058e-05 4.459317922232280555e-05 4.463978298499372637e-05 4.468212705273494741e-05 4.471988847285089701e-05
5.420101009480061759e-05 5.421352471325522417e-05 5.422553058369003113e-05 5.424004793966270615e-05 5.425783717309614506e-05 5.427640806618596475e-05 5.429389576595546009e-05 5.431234756291162895e-05 5.433202682221338300e-05 5.435263336790278628e-05 5.437547937304583652e-05 5.440051440362568731e-05 5.442867033482357995e-05 5.445617798909447313e-05 5.448145894343475141e-05 5.450857577481064249e-05 5.453908718022845730e-05 5.457300554806648971e-05 5.460651906324466201e-05 5.464193210275296065e-05 5.467936574879963738e-05 5.471894532933655256e-05 5.476079857497224664e-05 5.480505298400908140e-05 5.485183223932599110e-05 5.490125154586458404e-05 5.495341183781715237e-05 5.500839286304152928e-05 5.506624530467907368e-05 5.512698222031391332e-05 5.519057027816054889e-05 5.525692136417176671e-05 5.532588530763160297e-05 5.539724445597933572e-05 5.547071084376332354e-05 5.554592652966874731e-05 5.562246747869810316e-05 5.569985106952263920e-05 5.577754700788622343e-05 5.585499110234292704e-05 5.593160112153205114e-05 5.600679377541034984e-05 5.608000178745237987e-05 5.615069005167162906e-05 5.623800509023191903e-05 5.632480061454841038e-05 5.641177835005728447e-05 5.649607497492078524e-05 5.657797374897972773e-05 5.665570703463654551e-05 5.672794680532398980e-05 5.679326117029523933e-05 5.685142607796875292e-05 5.690166413069279195e-05 5.694295495350614166e-05 5.697521393910365170e-05 5.699801367722567158e-05 5.699657379033684629e-05 5.700349992966304539e-05 5.699642073351715940e-05 5.697831580878994905e-05 5.695931866673017123e-05 5.693285468299425547e-05 5.690201426637277654e-05 5.687200239432535243e-05 5.683221601084319897e-05 5.678945564545304379e-05 5.674490986778334768e-05 5.669432360494974495e-05 5.664104096711420412e-05 5.658656311319842843e-05 5.653110659351380551e-05 5.646893885470228983e-05 5.640782743177509849e-05 5.634219084835884184e-05 5.627756044689270792e-05 5.621752077031663426e-05 5.616754277522513494e-05 5.611389270831813891e-05 5.606328028585677494e-05 5.602143303298581664e-05 5.598698680355656160e-05 5.596134987382586965e-05 5.594139708520422109e-05 5.592551913068578991e-05 5.591485755597677812e-05 5.590823762784938485e-05 5.590286132337185266e-05 5.590504979878269283e-05 5.590700776504960851e-05 5.592285313194646684e-05 5.593678853119527617e-05 5.595537136198475820e-05 5.597977620990492528e-05 5.600796264079144871e-05 5.604372615570853990e-05 5.607932641124805658e-05 5.612886746714519626e-05 5.617614478163689384e-05 5.622134087686846241e-05
6.836223124741734028e-05 6.837682926180409259e-05 6.839087540609596139e-05 6.840775843951854313e-05 6.842833447563717196e-05 6.844981329436381585e-05 6.847009924069338122e-05 6.849148908022897159e-05 6.851427862997372289e-05 6.853813591149633146e-05 6.856452322506535497e-05 6.859339866935857842e-05 6.862579583577468249e-05 6.865750277986676158e-05 6.868674804830943875e-05 6.871807024001247075e-05 6.875321663676532723e-05 6.879219681435101870e-05 6.883079605473625239e-05 6.887156522284983238e-05 6.891464427875713299e-05 6.896017934194617767e-05 6.900832107114575863e-05 6.905922223839599790e-05 6.911303430578198410e-05 6.916990281945563010e-05 6.922996151054513082e-05 6.929332502814754637e-05 6.936008037853886709e-05 6.943027727678884107e-05 6.950391783367743006e-05 6.958094613279330811e-05 6.966123849525507567e-05 6.974459526890686807e-05 6.983073507086330948e-05 6.991929229603845348e-05 7.000981854382503310e-05 7.010178831717825735e-05 7.019460901913568559e-05 7.028763486656764196e-05 7.038018401795082066e-05 7.047155791762774310e-05 7.056106168271633909e-05 7.064802430285240615e-05 7.075425421680950290e-05 7.086036867159713920e-05 7.096736498315306201e-05 7.107171675777742268e-05 7.117378022476756997e-05 7.127136999085509480e-05 7.136287414860586207e-05 7.144657610414092107e-05 7.152195252741139295e-05 7.158805797342118185e-05 7.164358718170696209e-05 7.168816456877366995e-05 7.172116575726177100e-05 7.172515362286415353e-05 7.173790633433171676e-05 7.173385869441450968e-05 7.171568067421055898e-05 7.169567770930560934e-05 7.166632886162814335e-05 7.163114016192581341e-05 7.159625184274884117e-05 7.154939409284372857e-05 7.149839511547755283e-05 7.144470784921935920e-05 7.138338105883057136e-05 7.131830314266834046e-05 7.125130172072808611e-05 7.118272817709434376e-05 7.110576575982607763e-05 7.102971072020225474e-05 7.094782445437464039e-05 7.086682398605406621e-05 7.079116754291786030e-05 7.072729974504497643e-05 7.065921768585900562e-05 7.059470183841806614e-05 7.054043615943204285e-05 7.049504275135961705e-05 7.046034027902391128e-05 7.043224484693891307e-05 7.040936675297034247e-05 7.039242703766068505e-05 7.038057518461815596e-05 7.036994585283934628e-05 7.036815819114014710e-05 7.036677024253396246e-05 7.038088396379165075e-05 7.039340908290104637e-05 7.041168279833070716e-05 7.043638453307061553e-05 7.046502399191385357e-05 7.050390497253694350e-05 7.054336666702723112e-05 7.059589136829587657e-05 7.064819554761846772e-05 7.070094508460216822e-05
8.622636088459991106e-05 8.624338945302165160e-05 8.625982100914211586e-05 8.627945817074925659e-05 8.630326472754505098e-05 8.632811383137819268e-05 8.635165071076500247e-05 8.637645231770706687e-05 8.640285102145861583e-05 8.643047938614075300e-05 8.646096807445646294e-05 8.649428514515022405e-05 8.653157803181138268e-05 8.656813842818758867e-05 8.660197878232039079e-05 8.663817137938505488e-05 8.667867489388796684e-05 8.672349560677444075e-05 8.676796790448272287e-05 8.681491848319252357e-05 8.686450836119774240e-05 8.691690680661026257e-05 8.697228997910648907e-05 8.703083876907666727e-05 8.709273561325817222e-05 8.715816004997233404e-05 8.722728284730158030e-05 8.730025854159859252e-05 8.737721636291499792e-05 8.745824965845352614e-05 8.754340414632909924e-05 8.763266549642275728e-05 8.772594703890468576e-05 8.782307850489091798e-05 8.792379688320397385e-05 8.802774044037557373e-05 8.813444685508577776e-05 8.824335615019485472e-05 8.835381877359938885e-05 8.846510871048259266e-05 8.857644110315693071e-05 8.868699343479130950e-05 8.879592902751941676e-05 8.890242143310602015e-05 8.903119677129985141e-05 8.916045627755516073e-05 8.929157539888969101e-05 8.942025113441050266e-05 8.954693513025149929e-05 8.966894908947738792e-05 8.978434983646115712e-05 8.989109057235821778e-05 8.998824479289171984e-05 9.007466337348592254e-05 9.014868356435555541e-05 9.020951768074403267e-05 9.025627217161168918e-05 9.026843409028410098e-05 9.028954180993010786e-05 9.029056535582445674e-05 9.027356328289555477e-05 9.025344001833764834e-05 9.022163997224327890e-05 9.018210508389901874e-05 9.014205085894602047e-05 9.008735530238509486e-05 9.002696285612287103e-05 8.996265181753239338e-05 8.988867758255851981e-05 8.980955243934289481e-05 8.972748722826737872e-05 8.964303047722031151e-05 8.954807467827046157e-05 8.945375064074087546e-05 8.935191492794944813e-05 8.925073532551628449e-05 8.915575689840749864e-05 8.907451022216284029e-05 8.898850204557843190e-05 8.890661934491592134e-05 8.883674779777053895e-05 8.877751504791880465e-05 8.873119020103415030e-05 8.869267239213454886e-05 8.866065774132556520e-05 8.863551657939050467e-05 8.861665228357508753e-05 8.859903087423636446e-05 8.859174070486521989e-05 8.858545669821576410e-05 8.859683934428013135e-05 8.860692090736540496e-05 8.862376775088045709e-05 8.864801448634432996e-05 8.867676381743901527e-05 8.871799174612635477e-05 8.876109245581294315e-05 8.881661503152959568e-05 8.887391623892025247e-05 8.893408292197821602e-05
1.087621431400994098e-04 1.087820073501061902e-04 1.088012276864569456e-04 1.088240715607160527e-04 1.088516238893401248e-04 1.088803800841248463e-04 1.089076944730602958e-04 1.089364587099709696e-04 1.089670463452262970e-04 1.089990504092494788e-04 1.090342904233460573e-04 1.090727460483782827e-04 1.091156921967161659e-04 1.091578640483123220e-04 1.091970320711204903e-04 1.092388670231012905e-04 1.092855646252042926e-04 1.093371273684748168e-04 1.093883848734538572e-04 1.094424726512565395e-04 1.094995752531751894e-04 1.095598877572008669e-04 1.096236147069324003e-04 1.096909682668744095e-04 1.097621653506658415e-04 1.098374234386829333e-04 1.099169548679355848e-04 1.100009593425804364e-04 1.100896145379403880e-04 1.101830647973660391e-04 1.102814081326034207e-04 1.103846819276521965e-04 1.104928480961066197e-04 1.106057786139454693e-04 1.107232426200894550e-04 1.108448963397290135e-04 1.109702770832969566e-04 1.110988023705400580e-04 1.112297749311508260e-04 1.113623938308545608e-04 1.114957714987421859e-04 1.116289558878772977e-04 1.117609565463927268e-04 1.118907730547537028e-04 1.120463094306706117e-04 1.122031783384754938e-04 1.123632341596939895e-04 1.125212735474219260e-04 1.126778740089707257e-04 1.128297825567784927e-04 1.129746746424990306e-04 1.131101256086115852e-04 1.132346791085186402e-04 1.133469414323534560e-04 1.134448053219486467e-04 1.135269155319273260e-04 1.135920155577175824e-04 1.136160496067645828e-04 1.136488953405764390e-04 1.136578246623677575e-04 1.136438669436140478e-04 1.136250215895951126e-04 1.135916184377777990e-04 1.135480391467208087e-04 1.135027265387388240e-04 1.134395234926252751e-04 1.133685646556774156e-04 1.132920264238573772e-04 1.132032657376936570e-04 1.131075043107695902e-04 1.130074010407343643e-04 1.129037833001812410e-04 1.127870132139733211e-04 1.126704149883797504e-04 1.125441470877238352e-04 1.124181461918713189e-04 1.122993124779911447e-04 1.121963828408392521e-04 1.120881529675778150e-04 1.119846392161012104e-04 1.118952075966470652e-04 1.118185396138302826e-04 1.117574161576757511e-04 1.117056196440223198e-04 1.116617900565090388e-04 1.116260353306980211e-04 1.115979094898719053e-04 1.115710621409608946e-04 1.115563580765378631e-04 1.115432061929785026e-04 1.115505572436259588e-04 1.115567945542407209e-04 1.115708517055978983e-04 1.115936117679916664e-04 1.116218255368172312e-04 1.116645276471706734e-04 1.117108501059499621e-04 1.117692540124136353e-04 1.118313782823714987e-04 1.118986425878049524e-04
1.371918457916683595e-04 1.372150183383947879e-04 1.372374988611665286e-04 1.372640767967144200e-04 1.372959733230290867e-04 1.373292599644448540e-04 1.373609644706002262e-04 1.373943319893410943e-04 1.374297824785417337e-04 1.374668648899071580e-04 1.375076106424502165e-04 1.375520128876694611e-04 1.376014893532691687e-04 1.376501511950353447e-04 1.376954978652405862e-04 1.377438713828141705e-04 1.377977333695112731e-04 1.378570820204397750e-04 1.379161817377274864e-04 1.379785139219187465e-04 1.380442894738867911e-04 1.381137322987696485e-04 1.381870785738269257e-04 1.382645752660347080e-04 1.383464776401931780e-04 1.384330454342947889e-04 1.385245374421421177e-04 1.386212041654521360e-04 1.387232783042559900e-04 1.388309629619813919e-04 1.389444176285934947e-04 1.390637422097407497e-04 1.391889597449397404e-04 1.393199986952497885e-04 1.394566760387757828e-04 1.395986825863169782e-04 1.397455720484975313e-04 1.398967552826180542e-04 1.400515009262944541e-04 1.402089431307465518e-04 1.403680965989222834e-04 1.405278784821574793e-04 1.406871360793184034e-04 1.408446787854505857e-04 1.410318503330227030e-04 1.412215135184248266e-04 1.414161237809313354e-04 1.416094447769006184e-04 1.418022208839984921e-04 1.419905375575290763e-04 1.421716380181922788e-04 1.423426721309917328e-04 1.425015020565434571e-04 1.426464439033887270e-04 1.427748432560031907e-04 1.428845809108186577e-04 1.429739172715944703e-04 1.430147391971740216e-04 1.430638031377088129e-04 1.430845135275704300e-04 1.430763034144730272e-04 1.430608378992043411e-04 1.430272677263016567e-04 1.429803932214821123e-04 1.429300449563090632e-04 1.428578611133902337e-04 1.427752137023107176e-04 1.426847627574942014e-04 1.425788561560112420e-04 1.424635125024420500e-04 1.423419137503731749e-04 1.422152715007601669e-04 1.420721414566015908e-04 1.419284622075189903e-04 1.417723435470497192e-04 1.416158747787754776e-04 1.414676483748614970e-04 1.413377309394260161e-04 1.412020114348990830e-04 1.410716219548135703e-04 1.409577340651699360e-04 1.408591644820949239e-04 1.407792989729866689e-04 1.407106488296726602e-04 1.406516620833423532e-04 1.406022626139847372e-04 1.405620447815116426e-04 1.405231377568372784e-04 1.404986048447376043e-04 1.404760972938921013e-04 1.404777364341165864e-04 1.404782846561622813e-04 1.404878577796506796e-04 1.405077567823067176e-04 1.405343924856873898e-04 1.405775751912935131e-04 1.406264509453746881e-04 1.406874121498607794e-04 1.407540057443932029e-04 1.408279038677192219e-04
1.730576222696766030e-04 1.730846547524250462e-04 1.731109463627773424e-04 1.731418728701699977e-04 1.731788087448776954e-04 1.732173498246158678e-04 1.732541572332098692e-04 1.732928732130778753e-04 1.733339700317706902e-04 1.733769474958214273e-04 1.734240748215090807e-04 1.734753608223336832e-04 1.735323832913174182e-04 1.735885535918945397e-04 1.736410675888433897e-04 1.736970203407649075e-04 1.737591718245230083e-04 1.738275154251639086e-04 1.738956824999245241e-04 1.739675420109878460e-04 1.740433344205090805e-04 1.741233158921750071e-04 1.742077579169213698e-04 1.742969462345188259e-04 1.743911787820644069e-04 1.744907623153964000e-04 1.745960074085480386e-04 1.747072214144770777e-04 1.748246990566065112e-04 1.749487103999081627e-04 1.750794860990248513e-04 1.752172000302177311e-04 1.753619497890347918e-04 1.755137358286873678e-04 1.756724404494715806e-04 1.758378081356882551e-04 1.760094289983231950e-04 1.761867271118756429e-04 1.763689554341090154e-04 1.765551985650713198e-04 1.767443841070617501e-04 1.769353026619276917e-04 1.771266357498943228e-04 1.773169902492261049e-04 1.775414101727883123e-04 1.777698627875426754e-04 1.780055513320306080e-04 1.782410667752825587e-04 1.784773750714827890e-04 1.787098105366214491e-04 1.789351354209159025e-04 1.791500297772666620e-04 1.793514960834144303e-04 1.795375113843615999e-04 1.797047552480406335e-04 1.798501002335193817e-04 1.799711719560822827e-04 1.800352409138162874e-04 1.801064005211099300e-04 1.801441165909944562e-04 1.801454685055357894e-04 1.801364368960255537e-04 1.801049533660035150e-04 1.800561796223937804e-04 1.800014966924026207e-04 1.799201973240740712e-04 1.798248939708422362e-04 1.797188295373024452e-04 1.795932299016014453e-04 1.794549946615234270e-04 1.793079151444025284e-04 1.791537221350083771e-04 1.789788489882581063e-04 1.788023410910159327e-04 1.786098390157504952e-04 1.784160487870291658e-04 1.782316777168690015e-04 1.780682408902665862e-04 1.778985846050157467e-04 1.777348764590556171e-04 1.775904788802454477e-04 1.774644665702694872e-04 1.773609647143061842e-04 1.772709944785345849e-04 1.771926882171732801e-04 1.771258388819315667e-04 1.770699781789702456e-04 1.770154438457412053e-04 1.769780244688762510e-04 1.769430380895243898e-04 1.769368001191664122e-04 1.769292782352214967e-04 1.769322313096426428e-04 1.769474674759857085e-04 1.769710039341193032e-04 1.770134752395474296e-04 1.770639257517727478e-04 1.771268503694110885e-04 1.771973282345800369e-04 1.772772415430437759e-04
2.183052468383047241e-04 2.183367829464250779e-04 2.183675294247944146e-04 2.184035206360499404e-04 2.184463035080807440e-04 2.184909400494468171e-04 2.185336798072599126e-04 2.185786111252894322e-04 2.186262652474097335e-04 2.186760871887404446e-04 2.187306130803748664e-04 2.187898698937026389e-04 2.188556148911718110e-04 2.189204746083556522e-04 2.189813047863669714e-04 2.190460454046049108e-04 2.191177912987412766e-04 2.191965305258568406e-04 2.192751853080419726e-04 2.193580590095808142e-04 2.194454253208706694e-04 2.195375765749621000e-04 2.196348237579563158e-04 2.197374958725680915e-04 2.198459383810148803e-04 2.199605103531037731e-04 2.200815799973738140e-04 2.202095180904507679e-04 2.203446888836469342e-04 2.204874381101457146e-04 2.206380778139520565e-04 2.207968679251823177e-04 2.209639948550308399e-04 2.211395477161976712e-04 2.213234932702201022e-04 2.215156510908135974e-04 2.217156708487792922e-04 2.219230138135892523e-04 2.221369407297019572e-04 2.223565079161360673e-04 2.225805730164400159e-04 2.228078110806635387e-04 2.230367408010645587e-04 2.232657598583557591e-04 2.235338691900180992e-04 2.238080147659198059e-04 2.240923224627148504e-04 2.243780662815987115e-04 2.246665058739660554e-04 2.249521353915577169e-04 2.252311934365332832e-04 2.254998537465050955e-04 2.257540538350261388e-04 2.259913820678326245e-04 2.262077173752730878e-04 2.263986249768476413e-04 2.265609070655874894e-04 2.266566207170962321e-04 2.267575185595090647e-04 2.268191983101491838e-04 2.268353888077280576e-04 2.268371172247658611e-04 2.268110920442290848e-04 2.267627275981865973e-04 2.267051109775726503e-04 2.266150986005879245e-04 2.265064788163938313e-04 2.263831906281366525e-04 2.262352270353545512e-04 2.260704420818391896e-04 2.258933339623355287e-04 2.257063251520140615e-04 2.254933670647111231e-04 2.252771853516472164e-04 2.250404467791824981e-04 2.248010358426358031e-04 2.245723029616350042e-04 2.243673145195163900e-04 2.241558448700581080e-04 2.239509132453900862e-04 2.237685312685777173e-04 2.236082103653055291e-04 2.234750000574107522e-04 2.233581405281349712e-04 2.232553356538868764e-04 2.231662705203782448e-04 2.230903238602279491e-04 2.230156899372084034e-04 2.229615202256159849e-04 2.229101434622168972e-04 2.228932456565254174e-04 2.228746176456262887e-04 2.228682397842626306e-04 2.228764732780824404e-04 2.228948286856619857e-04 2.229350742923518988e-04 2.229857449401480675e-04 2.230497036344035759e-04 2.231231839444817013e-04 2.232082843977724709e-04
2.753897715087537629e-04 2.754265624130194782e-04 2.754625160544476280e-04 2.755044065880127529e-04 2.755539749679584679e-04 2.756056841116813136e-04 2.756553215364627952e-04 2.757074767729126891e-04 2.757627475728948981e-04 2.758205178694795299e-04 2.758836234467376908e-04 2.759521123021408296e-04 2.760279429972384334e-04 2.761028618039153065e-04 2.761733433593484949e-04 2.762482757975843030e-04 2.763311298722172498e-04 2.764218877968281879e-04 2.765126773047320730e-04 2.766082888132768069e-04 2.767090334314228147e-04 2.768152441253675161e-04 2.769272761392568599e-04 2.770455068359463282e-04 2.771703346826555358e-04 2.773021769988787111e-04 2.774414661235402265e-04 2.775886434628469695e-04 2.777441509184310885e-04 2.779084192029498556e-04 2.780818525861043192e-04 2.782648098015867537e-04 2.784575811426916615e-04 2.786603621254803913e-04 2.788732246293944696e-04 2.790960868944383669e-04 2.793286843231564294e-04 2.795705434007642000e-04 2.798209613033870048e-04 2.800789936415414537e-04 2.803434525051815007e-04 2.806129162838147894e-04 2.808857518263304450e-04 2.811601484945853600e-04 2.814793145790147537e-04 2.818070727801663005e-04 2.821486781252750321e-04 2.824939417516405724e-04 2.828445108302012501e-04 2.831939551268513049e-04 2.835379581303101100e-04 2.838721646612092100e-04 2.841912157499788534e-04 2.844922648174831679e-04 2.847702417371084115e-04 2.850190440247411176e-04 2.852344197061589199e-04 2.853725884963875716e-04 2.855130789647316062e-04 2.856078873050530592e-04 2.856460965775058894e-04 2.856645912680186848e-04 2.856489034060571020e-04 2.856045196358933543e-04 2.855463679045567205e-04 2.854488550790178409e-04 2.853267817204288115e-04 2.851849093858762393e-04 2.850118953069881596e-04 2.848166004745362697e-04 2.846043369032926862e-04 2.843784390576401867e-04 2.841199691053061978e-04 2.838559973329407462e-04 2.835656121204214617e-04 2.832705558356556769e-04 2.829874816581598690e-04 2.827310777535723936e-04 2.824681872586173783e-04 2.822123466068027220e-04 2.819827610140440569e-04 2.817796352070360186e-04 2.816091871139396788e-04 2.814585074969565693e-04 2.813247641553688161e-04 2.812075284353284877e-04 2.811059476347802432e-04 2.810056218617243027e-04 2.809298351857140649e-04 2.808571734257279051e-04 2.808260536905532760e-04 2.807924728782323714e-04 2.807733174271799764e-04 2.807715316334499626e-04 2.807819632713774521e-04 2.808179931089091193e-04 2.808670705520179152e-04 2.809307132292329255e-04 2.810059372557729626e-04 2.810951033087917832e-04
3.474088440465268493e-04 3.474517663651585393e-04 3.474938062439315227e-04 3.475425688760626851e-04 3.476000135172079616e-04 3.476599307412857462e-04 3.477175894087964464e-04 3.477781421578217858e-04 3.478422617589132181e-04 3.479092640565861457e-04 3.479823213001087415e-04 3.480615058083553104e-04 3.481490020033791420e-04 3.482355687857288727e-04 3.483172537267350492e-04 3.484040091076241264e-04 3.484997277842344604e-04 3.486043856219742110e-04 3.487092201258219738e-04 3.488195679507119008e-04 3.489357824152465029e-04 3.490582422186969949e-04 3.491873522974770416e-04 3.493235441766174665e-04 3.494672755422007708e-04 3.496190286555098917e-04 3.497793072498252319e-04 3.499486313347931372e-04 3.501275293402449128e-04 3.503165270059549734e-04 3.505161323884234555e-04 3.507268165188245478e-04 3.509489894698279732e-04 3.511829719373763523e-04 3.514289629763181900e-04 3.516870050543822014e-04 3.519569482916428587e-04 3.522384162971113099e-04 3.525307764796838149e-04 3.528331178349866019e-04 3.531442391352368460e-04 3.534626498988041772e-04 3.537865856393880354e-04 3.541140378030411249e-04 3.544926645268725281e-04 3.548830903485896229e-04 3.552919412023406581e-04 3.557074212349889213e-04 3.561316854547815674e-04 3.565573050465688644e-04 3.569793945765595755e-04 3.573930690291501379e-04 3.577914178777080669e-04 3.581711227291403373e-04 3.585260062359895512e-04 3.588478713278291446e-04 3.591311345988419472e-04 3.593255449495223221e-04 3.595182314942336360e-04 3.596581184264154886e-04 3.597279803392565032e-04 3.597714432825475451e-04 3.597729781874551462e-04 3.597378661031147389e-04 3.596829703032550099e-04 3.595803488012593832e-04 3.594455099406834958e-04 3.592841750589125947e-04 3.590835785765200856e-04 3.588536053285346539e-04 3.586004939099769252e-04 3.583287713358071177e-04 3.580161516810848022e-04 3.576948146820267899e-04 3.573395473712289924e-04 3.569767699795585794e-04 3.566272618200994407e-04 3.563073479625570314e-04 3.559813368485002707e-04 3.556627357304847524e-04 3.553745882925804381e-04 3.551181570066604641e-04 3.549011414816597440e-04 3.547080313388897821e-04 3.545353481678626567e-04 3.543825180338287069e-04 3.542483855307527085e-04 3.541153868335807997e-04 3.540118729104373423e-04 3.539118040409639562e-04 3.538619252454263558e-04 3.538085337188641866e-04 3.537722215883507232e-04 3.537565522946688125e-04 3.537555210022314597e-04 3.537846976839090717e-04 3.538297993681235637e-04 3.538912404655838637e-04 3.539664723235473988e-04 3.540581852423480762e-04
4.382709282618129460e-04 4.383210050320900672e-04 4.383701583374939874e-04 4.384269269479689098e-04 4.384935157433002577e-04 4.385629607342144396e-04 4.386299485703605561e-04 4.387002646039825349e-04 4.387746662433692412e-04 4.388523934431053444e-04 4.389369963146340522e-04 4.390285752836324161e-04 4.391295682711521026e-04 4.392296266000770199e-04 4.393243192300773738e-04 4.394247929218164758e-04 4.395354145845957786e-04 4.396561532532455635e-04 4.397772488186286522e-04 4.399046507055001383e-04 4.400387599221568485e-04 4.401800067314136887e-04 4.403288519691197405e-04 4.404857879392844655e-04 4.406513386145739547e-04 4.408260587774831085e-04 4.410105317305724223e-04 4.412053649829966945e-04 4.414111832887570620e-04 4.416286183629216386e-04 4.418582944886883146e-04 4.421008093599801988e-04 4.423567096363417999e-04 4.426264610136911980e-04 4.429104131074698084e-04 4.432087600010226210e-04 4.435214981107591260e-04 4.438483837336002847e-04 4.441888933122959716e-04 4.445421898756463748e-04 4.449070992972043847e-04 4.452820997086008288e-04 4.456653266569939173e-04 4.460545955191136587e-04 4.465022478867354322e-04 4.469656647213982189e-04 4.474531233110457819e-04 4.479510820720868460e-04 4.484623558459137197e-04 4.489784591915061589e-04 4.494939493491224001e-04 4.500034418412918332e-04 4.504982008802011677e-04 4.509744172436012510e-04 4.514246452465659420e-04 4.518380966210611745e-04 4.522075298767827393e-04 4.524756054096225333e-04 4.527364800676493941e-04 4.529368796000883784e-04 4.530511601806166510e-04 4.531306343587549715e-04 4.531589180266723136e-04 4.531406779279456478e-04 4.530947397106681752e-04 4.529910737130903465e-04 4.528453965210297747e-04 4.526645322703933710e-04 4.524342315395562305e-04 4.521653636305605363e-04 4.518652060508826528e-04 4.515398337983458389e-04 4.511630994827565901e-04 4.507731658421548575e-04 4.503396558408323926e-04 4.498946543648694183e-04 4.494640943384580031e-04 4.490658657157751738e-04 4.486625108299917048e-04 4.482666677363007757e-04 4.479059809448077112e-04 4.475832822588380342e-04 4.473081488717013101e-04 4.470619269557561930e-04 4.468403714425812261e-04 4.466427086892944473e-04 4.464674097737018205e-04 4.462930348937668083e-04 4.461541413185845313e-04 4.460190118796456232e-04 4.459446238378712108e-04 4.458652991499888391e-04 4.458062768014243180e-04 4.457718011501921106e-04 4.457547875003734254e-04 4.457736377977383996e-04 4.458116635326208341e-04 4.458683340561287681e-04 4.459412318083333165e-04 4.460334517170431957e-04
5.529075586073302568e-04 5.529659837657623089e-04 5.530234507248199148e-04 5.530895470628730730e-04 5.531667540389133492e-04 5.532472608170993468e-04 5.533251005102244029e-04 5.534067694346880492e-04 5.534931205106360377e-04 5.535833091192411248e-04 5.536813097910967332e-04 5.537872554064848362e-04 5.539038684906803182e-04 5.540195578827931261e-04 5.541293561264122071e-04 5.542457509115710727e-04 5.543736416418887500e-04 5.545129900764700880e-04 5.546529180455404004e-04 5.548000625404088740e-04 5.549548785289112668e-04 5.551178545058974012e-04 5.552895143019246586e-04 5.554704185555808934e-04 5.556611655823707769e-04 5.558623912994255451e-04 5.560747678249065634e-04 5.562990001604072856e-04 5.565358202859167032e-04 5.567859779367056441e-04 5.570502271365050401e-04 5.573293076572758114e-04 5.576239206040173183e-04 5.579346976140742024e-04 5.582621635667819882e-04 5.586066932637337576e-04 5.589684633805026620e-04 5.593474018500997147e-04 5.597431376874442612e-04 5.601549550147905468e-04 5.605817555295690207e-04 5.610220336946085146e-04 5.614738684195410808e-04 5.619349340642646731e-04 5.624624803848475791e-04 5.630106301078281836e-04 5.635896342132671634e-04 5.641840756400329920e-04 5.647976181318937810e-04 5.654206845801730032e-04 5.660473208653051067e-04 5.666717161713896982e-04 5.672830246368979054e-04 5.678769563429799955e-04 5.684446434133396233e-04 5.689721399179041399e-04 5.694501699123942582e-04 5.698137385385336744e-04 5.701629350612358316e-04 5.704436011931732740e-04 5.706190270405175772e-04 5.707491961281845006e-04 5.708171926099185134e-04 5.708264877127906985e-04 5.707977922265701021e-04 5.706994695174802661e-04 5.705466795048466048e-04 5.703474892724723832e-04 5.700861434189729085e-04 5.697743712926991652e-04 5.694205913024085733e-04 5.690328733931735621e-04 5.685806393220213832e-04 5.681090228365623038e-04 5.675814553020898118e-04 5.670368697567959191e-04 5.665076342604945508e-04 5.660130010556720190e-04 5.655150441512858672e-04 5.650242897800430769e-04 5.645738834430868774e-04 5.641689355656280980e-04 5.638213984946926962e-04 5.635088317968382212e-04 5.632260863829114620e-04 5.629721124071638888e-04 5.627449297142825616e-04 5.625183412532709995e-04 5.623345028794606753e-04 5.621547524372846102e-04 5.620485992729272852e-04 5.619356387087321228e-04 5.618468799631922252e-04 5.617873533471263049e-04 5.617486157861291624e-04 5.617526156350099824e-04 5.617795532949193104e-04 5.618280170877861576e-04 5.618954661320476468e-04 5.619854786831934325e-04
6.975411261147779988e-04 6.976092930722958916e-04 6.976764760612259690e-04 6.977534409679585041e-04 6.978429800517129116e-04 6.979363320532117705e-04 6.980267965030731610e-04 6.981216686520224290e-04 6.982219092277604190e-04 6.983265793762320848e-04 6.984401304121091048e-04 6.985627326636217318e-04 6.986974282718501350e-04 6.988312321898032097e-04 6.989585757262116710e-04 6.990934520674446997e-04 6.992413588560108476e-04 6.994022501867545698e-04 6.995639947347862377e-04 6.997340011516288471e-04 6.999127855397203109e-04 7.001009022551657034e-04 7.002989462375914511e-04 7.005075550950049619e-04 7.007274106822892297e-04 7.009592398632275012e-04 7.012038140691301009e-04 7.014619470801257070e-04 7.017344903232356542e-04 7.020223249236669195e-04 7.023263494693776686e-04 7.026474625063956325e-04 7.029865387005654461e-04 7.033443978467188466e-04 7.037217661801476809e-04 7.041192299989647643e-04 7.045371824232113910e-04 7.049757650829578627e-04 7.054348075118097071e-04 7.059137681086531408e-04 7.064116813135580845e-04 7.069271161225707499e-04 7.074581508899571063e-04 7.080023687143856314e-04 7.086221443911776231e-04 7.092683584490179580e-04 7.099536026309115734e-04 7.106604669426568521e-04 7.113936955497144471e-04 7.121426149402135773e-04 7.129008499339302375e-04 7.136622924200377270e-04 7.144137008981508302e-04 7.151503585110455122e-04 7.158618429067100698e-04 7.165304183109324956e-04 7.171443516826260176e-04 7.176305243524576383e-04 7.180931950568782531e-04 7.184791906641087994e-04 7.187374496792227861e-04 7.189376191636164329e-04 7.190627237240980333e-04 7.191142338259011056e-04 7.191145147762995765e-04 7.190310971107862848e-04 7.188774640355149103e-04 7.186630489620814870e-04 7.183706232579112859e-04 7.180125273874327389e-04 7.175983970606896216e-04 7.171388542508109077e-04 7.165982650913232813e-04 7.160298381002679763e-04 7.153895911928729538e-04 7.147247196594309210e-04 7.140756235919100935e-04 7.134625252992835573e-04 7.128490687078533087e-04 7.122418782586071835e-04 7.116806622645342447e-04 7.111737820337577952e-04 7.107361909179253558e-04 7.103409039806489684e-04 7.099817089473870607e-04 7.096571794758389611e-04 7.093647926127497191e-04 7.090725106855937923e-04 7.088317901903222907e-04 7.085954878984249096e-04 7.084484453435891315e-04 7.082921743797069777e-04 7.081648129660133607e-04 7.080723396207585108e-04 7.080046055943501997e-04 7.079879218526399960e-04 7.079986001698424739e-04 7.080343288530903390e-04 7.080922291086737741e-04 7.081764506935603028e-04
8.800225834115874305e-04 8.801021184049269332e-04 8.801806559485576701e-04 8.802702857744804142e-04 8.803741501177674575e-04 8.804824210459902050e-04 8.805875746808419259e-04 8.806978041090299594e-04 8.808141917720558635e-04 8.809356938344922554e-04 8.810672972977694369e-04 8.812092156725429611e-04 8.813648501296503105e-04 8.815196518223427247e-04 8.816673781450847305e-04 8.818237127125616061e-04 8.819948253713748559e-04 8.821806622448026027e-04 8.823676873301479874e-04 8.825641754922385410e-04 8.827707121807533419e-04 8.829879263433932767e-04 8.832164933116826632e-04 8.834571375367369179e-04 8.837106349211875734e-04 8.839778144713126423e-04 8.842595588820408850e-04 8.845568035112714002e-04 8.848705330136297101e-04 8.852017748591502156e-04 8.855515886099521667e-04 8.859210498453980089e-04 8.863112274362107933e-04 8.867231530593638628e-04 8.871577819501558475e-04 8.876159444131395074e-04 8.880982883405676024e-04 8.886052140074277668e-04 8.891368034754536026e-04 8.896927483356457077e-04 8.902722805793861173e-04 8.908741123812736074e-04 8.914963908146236954e-04 8.921366733119696262e-04 8.928626709834746374e-04 8.936220673572793172e-04 8.944302091336106975e-04 8.952675908777719960e-04 8.961403162291005451e-04 8.970366482132592547e-04 8.979499358304681225e-04 8.988739732203761528e-04 8.997928501693324560e-04 9.007015381289572558e-04 9.015879685246061363e-04 9.024299274735510332e-04 9.032127645621663157e-04 9.038549285624941990e-04 9.044622529276822448e-04 9.049851057893773358e-04 9.053540425788216862e-04 9.056493308573836066e-04 9.058545941835064244e-04 9.059682103560385202e-04 9.060137510269399659e-04 9.059590728369907968e-04 9.058143937468111006e-04 9.055905989450287272e-04 9.052690936448224692e-04 9.048624025750085778e-04 9.043814066835102186e-04 9.038399673583260695e-04 9.031967183351037381e-04 9.025141567269126834e-04 9.017394359516012420e-04 9.009296961232975349e-04 9.001353565524628344e-04 8.993769478925963540e-04 8.986227449428001168e-04 8.978729420172048810e-04 8.971750609515354328e-04 8.965420340571270824e-04 8.959926056580684800e-04 8.954943562757662016e-04 8.950398263383741717e-04 8.946270846480715907e-04 8.942529540246455270e-04 8.938782293462275248e-04 8.935657489707242267e-04 8.932580219686120067e-04 8.930586462955581546e-04 8.928469334847874981e-04 8.926698096577231510e-04 8.925344308656355452e-04 8.924285097934792554e-04 8.923836787380055348e-04 8.923714587282352865e-04 8.923885546845229579e-04 8.924315529217508730e-04 8.925052829651154577e-04
