7.461760560000000735e-18 4.526363739999999749e-18 2.909937229999999968e-18 2.015817649999999870e-18 1.497222029999999914e-18 1.178798129999999933e-18 9.710826389999999833e-19 8.269479679999999683e-19 7.208091670000000109e-19 6.384111730000000255e-19 5.716132359999999924e-19 5.156395270000000132e-19 4.675972390000000030e-19 4.256643510000000070e-19 3.886390229999999767e-19 3.556868879999999848e-19 3.261977179999999815e-19 2.997032009999999980e-19 2.758287260000000036e-19 2.542650059999999811e-19 2.347503939999999907e-19 2.170598699999999855e-19 2.009976770000000044e-19 1.863921230000000113e-19 1.730919120000000081e-19 1.609631820000000071e-19 1.498872599999999898e-19 1.397587169999999982e-19 1.304837739999999914e-19 1.219788710000000023e-19 1.141695359999999932e-19 1.069892920000000019e-19 1.003787419999999956e-19 9.428476040000000375e-20 8.865977069999999412e-20 8.346114729999999790e-20 7.865062680000000046e-20 7.419383579999999670e-20 7.005987139999999690e-20 6.622088099999999427e-20 6.265178399999999720e-20 5.932991720000000019e-20 5.623480769999999799e-20 5.334793439999999963e-20 5.065251470000000204e-20 4.813332639999999706e-20 4.577654670000000255e-20 4.356960940000000076e-20 4.150107629999999998e-20 3.956052349999999900e-20 3.773844170000000195e-20 3.602614229999999742e-20 3.441568299999999935e-20 3.289979379999999897e-20 3.147181830000000133e-20 3.012564000000000224e-20 2.885565279999999706e-20 2.765669330000000070e-20 2.652401969999999881e-20 2.545326190000000016e-20 2.444039210000000060e-20 2.348169140000000052e-20 2.257372660000000051e-20 2.171332630000000078e-20 2.089759049999999850e-20 2.012379700000000099e-20 1.938942700000000149e-20 1.869215899999999902e-20 1.802984899999999875e-20 1.740051160000000019e-20 1.680231940000000136e-20 1.623358270000000058e-20 1.569275039999999934e-20 1.517840879999999850e-20 1.468927690000000143e-20 1.422421399999999899e-20 1.378220229999999861e-20 1.336236199999999997e-20 1.296396709999999996e-20 1.258644559999999930e-20 1.222939440000000017e-20 1.189261799999999952e-20 1.157610750000000073e-20 1.128008509999999974e-20 1.100504189999999957e-20 1.075176389999999951e-20 1.052137150000000000e-20 1.031536229999999992e-20 1.013567669999999998e-20 9.984710569999999276e-21 9.865418850000000302e-21 9.781363889999999755e-21 9.736796299999999649e-21 9.736730869999999804e-21 9.787037829999999856e-21 9.894550309999999967e-21 1.006712730000000037e-20 1.031379919999999947e-20 1.064486940000000003e-20 1.107204110000000052e-20
1.057832980000000011e-17 6.416391209999999716e-18 4.124903630000000199e-18 2.857433799999999818e-18 2.122306810000000135e-18 1.670934820000000064e-18 1.376496060000000076e-18 1.172184819999999925e-18 1.021733490000000054e-18 9.049349699999999068e-19 8.102497250000000021e-19 7.309078529999999831e-19 6.628087610000000239e-19 6.033697339999999854e-19 5.508870890000000005e-19 5.041782160000000448e-19 4.623780909999999700e-19 4.248228240000000047e-19 3.909814959999999953e-19 3.604155950000000042e-19 3.327543139999999783e-19 3.076786950000000237e-19 2.849112209999999979e-19 2.642085450000000213e-19 2.453561680000000190e-19 2.281644339999999971e-19 2.124650630000000020e-19 1.981086320000000047e-19 1.849621989999999978e-19 1.729073599999999974e-19 1.618385329999999937e-19 1.516614969999999885e-19 1.422920610000000118e-19 1.336549260000000038e-19 1.256826619999999892e-19 1.183148479999999983e-19 1.114972519999999948e-19 1.051811519999999972e-19 9.932274919999999971e-20 9.388258260000000581e-20 8.882508400000000125e-20 8.411814850000000041e-20 7.973276639999999854e-20 7.564267499999999904e-20 7.182409909999999704e-20 6.825547390000000348e-20 6.491720559999999616e-20 6.179148389999999923e-20 5.886211419999999643e-20 5.611431720000000582e-20 5.353462199999999958e-20 5.111072099999999760e-20 4.883136989999999712e-20 4.668626760000000114e-20 4.466598240000000108e-20 4.276185459999999892e-20 4.096594540000000166e-20 3.927094890000000103e-20 3.767014760000000091e-20 3.615735699999999817e-20 3.472687420000000017e-20 3.337344190000000092e-20 3.209220049999999769e-20 3.087866520000000267e-20 2.972873550000000085e-20 2.863855990000000245e-20 2.760458419999999751e-20 2.662352860000000061e-20 2.569235580000000084e-20 2.480827260000000004e-20 2.396869889999999871e-20 2.317124499999999925e-20 2.241373180000000086e-20 2.169416699999999923e-20 2.101074460000000005e-20 2.036186339999999941e-20 1.974609209999999954e-20 1.916220270000000033e-20 1.860917760000000084e-20 1.808622009999999945e-20 1.759277779999999884e-20 1.712858570000000128e-20 1.669365340000000111e-20 1.628831069999999992e-20 1.591327320000000096e-20 1.556967490000000115e-20 1.525912350000000095e-20 1.498376770000000105e-20 1.474637499999999939e-20 1.455037029999999917e-20 1.439996720000000088e-20 1.430024189999999898e-20 1.425724949999999854e-20 1.427813099999999951e-20 1.437123890000000073e-20 1.454629739999999946e-20 1.481448490000000012e-20 1.518864189999999954e-20 1.568341870000000092e-20 1.631545420000000002e-20
1.499714850000000031e-17 9.095762389999999297e-18 5.847199959999999659e-18 4.050453650000000343e-18 3.008374410000000090e-18 2.368540690000000189e-18 1.951168099999999921e-18 1.661555110000000008e-18 1.448289959999999968e-18 1.282728520000000036e-18 1.148512879999999911e-18 1.036046819999999995e-18 9.395174269999999531e-19 8.552637049999999905e-19 7.808707509999999788e-19 7.146620260000000376e-19 6.554114399999999680e-19 6.021779220000000066e-19 5.542088909999999605e-19 5.108828249999999808e-19 4.716740499999999589e-19 4.361304089999999972e-19 4.038586559999999778e-19 3.745137770000000036e-19 3.477917589999999781e-19 3.234237159999999967e-19 3.011711880000000046e-19 2.808223639999999767e-19 2.621888020000000133e-19 2.451026629999999942e-19 2.294143040000000115e-19 2.149901869999999975e-19 2.017109650000000112e-19 1.894699070000000102e-19 1.781714600000000097e-19 1.677299720000000050e-19 1.580685930000000010e-19 1.491182790000000082e-19 1.408169399999999884e-19 1.331086499999999983e-19 1.259430169999999969e-19 1.192745200000000060e-19 1.130620709999999976e-19 1.072684589999999961e-19 1.018599770000000032e-19 9.680607150000000556e-20 9.207899279999999774e-20 8.765351189999999902e-20 8.350666160000000287e-20 7.961752979999999556e-20 7.596703309999999654e-20 7.253773620000000336e-20 6.931370929999999689e-20 6.628037340000000441e-20 6.342437070000000166e-20 6.073344880000000302e-20 5.819636310000000478e-20 5.580278670000000035e-20 5.354320069999999954e-20 5.140886789999999931e-20 4.939171690000000144e-20 4.748431279999999787e-20 4.567979239999999991e-20 4.397181630000000070e-20 4.235458450000000063e-20 4.082267189999999726e-20 3.937105390000000027e-20 3.799509710000000203e-20 3.669053310000000277e-20 3.545341340000000006e-20 3.428010940000000076e-20 3.316725749999999746e-20 3.211179119999999803e-20 3.111091549999999857e-20 3.016209089999999894e-20 2.926308129999999812e-20 2.841188339999999905e-20 2.760678459999999967e-20 2.684636810000000004e-20 2.612954019999999860e-20 2.545554789999999992e-20 2.482405050000000093e-20 2.423508979999999875e-20 2.368917639999999957e-20 2.318735569999999922e-20 2.273127700000000066e-20 2.232325889999999869e-20 2.196639019999999899e-20 2.166463899999999998e-20 2.142291159999999898e-20 2.124722289999999999e-20 2.114483190000000099e-20 2.112437049999999909e-20 2.119602659999999946e-20 2.137170390000000141e-20 2.166525289999999971e-20 2.209259670000000126e-20 2.267201409999999907e-20 2.342435910000000017e-20 2.437330329999999990e-20
2.126278019999999886e-17 1.289424440000000051e-17 8.288710389999999626e-18 5.741618619999999956e-18 4.264398949999999715e-18 3.357405129999999891e-18 2.765767299999999968e-18 2.355235290000000053e-18 2.052929930000000080e-18 1.818246379999999915e-18 1.627996189999999930e-18 1.468576560000000039e-18 1.331747449999999917e-18 1.212319210000000002e-18 1.106868679999999925e-18 1.013019459999999908e-18 9.290333259999999232e-19 8.535764629999999943e-19 7.855820099999999916e-19 7.241690190000000190e-19 6.685924080000000470e-19 6.182111630000000454e-19 5.724678689999999548e-19 5.308735570000000479e-19 4.929972149999999997e-19 4.584578229999999915e-19 4.269173229999999878e-19 3.980754740000000089e-19 3.716652260000000020e-19 3.474486339999999806e-19 3.252136579999999878e-19 3.047709740000000233e-19 2.859514519999999898e-19 2.686038199999999896e-19 2.525926540000000169e-19 2.377965379999999976e-19 2.241065959999999967e-19 2.114249729999999998e-19 1.996636410000000030e-19 1.887433839999999955e-19 1.785927790000000030e-19 1.691473459999999919e-19 1.603488199999999925e-19 1.521445189999999963e-19 1.444866750000000018e-19 1.373320150000000095e-19 1.306412090000000048e-19 1.243785350000000035e-19 1.185114589999999953e-19 1.130103720000000009e-19 1.078482410000000006e-19 1.030003939999999984e-19 9.844427689999999772e-20 9.415925509999999819e-20 9.012642009999999608e-20 8.632844609999999915e-20 8.274942300000000257e-20 7.937473289999999454e-20 7.619094710000000282e-20 7.318569000000000019e-20 7.034756869999999414e-20 6.766608180000000251e-20 6.513154230000000160e-20 6.273499319999999552e-20 6.046826629999999810e-20 5.832371010000000051e-20 5.629423539999999555e-20 5.437332819999999446e-20 5.255497510000000101e-20 5.083363489999999969e-20 4.920420220000000277e-20 4.766196590000000296e-20 4.620262220000000261e-20 4.482225809999999749e-20 4.351733870000000271e-20 4.228473300000000217e-20 4.112166529999999901e-20 4.002576089999999808e-20 3.899507769999999778e-20 3.802811970000000281e-20 3.712388530000000276e-20 3.628195440000000157e-20 3.550245939999999781e-20 3.478618890000000051e-20 3.413470010000000043e-20 3.355041329999999892e-20 3.303668889999999924e-20 3.259799240000000026e-20 3.224003650000000159e-20 3.196986829999999730e-20 3.179611840000000148e-20 3.172917489999999811e-20 3.178138739999999817e-20 3.196731239999999931e-20 3.230395229999999743e-20 3.281106900000000010e-20 3.351138070000000065e-20 3.443094389999999783e-20 3.559948190000000232e-20 3.705072830000000057e-20
3.014782170000000104e-17 1.827945899999999890e-17 1.174984419999999982e-17 8.138961749999999401e-18 6.044863449999999984e-18 4.759141879999999691e-18 3.920469250000000044e-18 3.338527630000000124e-18 2.910004230000000000e-18 2.577338040000000017e-18 2.307658340000000162e-18 2.081681700000000099e-18 1.887728110000000091e-18 1.718440429999999931e-18 1.568966409999999930e-18 1.435937260000000000e-18 1.316889419999999960e-18 1.209931869999999913e-18 1.113552509999999956e-18 1.026502399999999991e-18 9.477255399999999763e-19 8.763133829999999572e-19 8.114756579999999681e-19 7.525193419999999863e-19 6.988336140000000315e-19 6.498782740000000100e-19 6.051741769999999546e-19 5.642958409999999837e-19 5.268646779999999980e-19 4.925435070000000228e-19 4.610316989999999553e-19 4.320610429999999852e-19 4.053917570000000062e-19 3.808094750000000042e-19 3.581222629999999837e-19 3.371580939999999777e-19 3.177626209999999909e-19 2.997971890000000035e-19 2.831370990000000028e-19 2.676700630000000194e-19 2.532949040000000010e-19 2.399202470000000187e-19 2.274636050000000172e-19 2.158502729999999906e-19 2.050126559999999941e-19 1.948893999999999883e-19 1.854248639999999947e-19 1.765684359999999969e-19 1.682740760000000081e-19 1.604998449999999978e-19 1.532074979999999977e-19 1.463621130000000085e-19 1.399317789999999974e-19 1.338872989999999916e-19 1.282019700000000066e-19 1.228512619999999913e-19 1.178126980000000010e-19 1.130656379999999940e-19 1.085911080000000118e-19 1.043716329999999982e-19 1.003911500000000052e-19 9.663484510000000128e-20 9.308905790000000178e-20 8.974118009999999984e-20 8.657970219999999434e-20 8.359387099999999908e-20 8.077372149999999953e-20 7.811011590000000428e-20 7.559461449999999674e-20 7.321944929999999589e-20 7.097747970000000005e-20 6.886213330000000378e-20 6.686740020000000391e-20 6.498783899999999445e-20 6.321853850000000163e-20 6.155518809999999421e-20 5.999394289999999732e-20 5.853155860000000270e-20 5.716540520000000006e-20 5.589347289999999581e-20 5.471448200000000045e-20 5.362795760000000064e-20 5.263422620000000256e-20 5.173454450000000101e-20 5.093127449999999904e-20 5.022798040000000220e-20 4.962960570000000242e-20 4.914263539999999883e-20 4.877534780000000173e-20 4.853791470000000136e-20 4.844275980000000294e-20 4.850481129999999714e-20 4.874179849999999788e-20 4.917458200000000003e-20 4.982749890000000279e-20 5.072882530000000174e-20 5.191103120000000273e-20 5.341134940000000230e-20 5.527222150000000565e-20 5.754179180000000396e-20
4.274860140000000033e-17 2.591455780000000041e-17 1.665653729999999928e-17 1.153741510000000074e-17 8.568771410000000487e-18 6.746150480000000096e-18 5.557279769999999726e-18 4.732352399999999998e-18 4.124907349999999862e-18 3.653347399999999937e-18 3.271074360000000034e-18 2.950752599999999843e-18 2.675824639999999987e-18 2.435861820000000046e-18 2.223985299999999965e-18 2.035419970000000174e-18 1.866673470000000038e-18 1.715065219999999995e-18 1.578451889999999942e-18 1.455063329999999960e-18 1.343402319999999954e-18 1.242181260000000012e-18 1.150280049999999913e-18 1.066716189999999940e-18 9.906240569999999959e-19 9.212378720000000689e-19 8.578786290000000241e-19 7.999431059999999764e-19 7.468948759999999763e-19 6.982559319999999576e-19 6.536003799999999844e-19 6.125478710000000302e-19 5.747587460000000144e-19 5.399291170000000202e-19 5.077871009999999559e-19 4.780888869999999631e-19 4.506157380000000095e-19 4.251712230000000191e-19 4.015786359999999928e-19 3.796789259999999928e-19 3.593287570000000091e-19 3.403987029999999894e-19 3.227718979999999879e-19 3.063425920000000158e-19 2.910150380000000026e-19 2.767023839999999900e-19 2.633258389999999911e-19 2.508138019999999967e-19 2.391010799999999993e-19 2.281283740000000001e-19 2.178415560000000037e-19 2.081912529999999984e-19 1.991323850000000084e-19 1.906236559999999960e-19 1.826273270000000084e-19 1.751087980000000082e-19 1.680363259999999898e-19 1.613807789999999940e-19 1.551154029999999948e-19 1.492156019999999966e-19 1.436587320000000067e-19 1.384239449999999980e-19 1.334920360000000015e-19 1.288452840000000116e-19 1.244675730000000085e-19 1.203437930000000088e-19 1.164599989999999919e-19 1.128034339999999971e-19 1.093622730000000098e-19 1.061257350000000038e-19 1.030838750000000040e-19 1.002275489999999992e-19 9.754846609999999931e-20 9.503911030000000397e-20 9.269272850000000045e-20 9.050341410000000017e-20 8.846596479999999700e-20 8.657600579999999687e-20 8.483002139999999752e-20 8.322544610000000062e-20 8.176068370000000006e-20 8.043533999999999766e-20 7.925013880000000160e-20 7.820714809999999743e-20 7.731000610000000269e-20 7.656406370000000121e-20 7.597664909999999974e-20 7.555728149999999544e-20 7.531803889999999868e-20 7.527370720000000031e-20 7.544227109999999957e-20 7.584530189999999410e-20 7.650834530000000592e-20 7.746140600000000519e-20 7.873947110000000512e-20 8.038311129999999438e-20 8.243888130000000303e-20 8.496011489999999981e-20 8.800757749999999924e-20 9.165013199999999446e-20
6.062119509999999580e-17 3.674008719999999705e-17 2.361274240000000034e-17 1.635512920000000066e-17 1.214660050000000028e-17 9.562828269999999918e-18 7.877504839999999239e-18 6.708120029999999679e-18 5.847041139999999756e-18 5.178591940000000276e-18 4.636713769999999752e-18 4.182656139999999965e-18 3.792946540000000015e-18 3.452802219999999849e-18 3.152471549999999849e-18 2.885185299999999959e-18 2.645993200000000025e-18 2.431095609999999908e-18 2.237453869999999883e-18 2.062559140000000051e-18 1.904289090000000070e-18 1.760818959999999941e-18 1.630560450000000023e-18 1.512121420000000063e-18 1.404274849999999945e-18 1.305935379999999930e-18 1.216140690000000065e-18 1.134035669999999910e-18 1.058860149999999930e-18 9.899368769999999888e-19 9.266619029999999688e-19 8.684965259999999527e-19 8.149593809999999632e-19 7.656198150000000193e-19 7.200925180000000351e-19 6.780320899999999972e-19 6.391287000000000410e-19 6.031039500000000471e-19 5.697076190000000045e-19 5.387144540000000181e-19 5.099213309999999973e-19 4.831450810000000316e-19 4.582202159999999693e-19 4.349969650000000260e-19 4.133398510000000038e-19 3.931259610000000167e-19 3.742438319999999909e-19 3.565921339999999909e-19 3.400787650000000213e-19 3.246197679999999875e-19 3.101387560000000148e-19 2.965659630000000145e-19 2.838376439999999969e-19 2.718956369999999818e-19 2.606866160000000130e-19 2.501618290000000020e-19 2.402765290000000177e-19 2.309897469999999760e-19 2.222638180000000145e-19 2.140641319999999917e-19 2.063589320000000021e-19 1.991189690000000042e-19 1.923173080000000002e-19 1.859291859999999945e-19 1.799320489999999907e-19 1.743048430000000068e-19 1.690281670000000058e-19 1.640842250000000093e-19 1.594566789999999914e-19 1.551306019999999956e-19 1.510922679999999974e-19 1.473291129999999982e-19 1.438298029999999997e-19 1.405840629999999913e-19 1.375827799999999881e-19 1.348179929999999988e-19 1.322827749999999889e-19 1.299714000000000008e-19 1.278793570000000059e-19 1.260034790000000002e-19 1.243420219999999904e-19 1.228949469999999973e-19 1.216638309999999901e-19 1.206521379999999998e-19 1.198656180000000119e-19 1.193124800000000095e-19 1.190036959999999986e-19 1.189534320000000023e-19 1.191795109999999888e-19 1.197035680000000011e-19 1.205518810000000001e-19 1.217557779999999994e-19 1.233523269999999907e-19 1.253849030000000078e-19 1.279040300000000050e-19 1.309681909999999933e-19 1.346443759999999971e-19 1.390092919999999911e-19 1.441502059999999979e-19 1.501659549999999920e-19
8.597472430000000553e-17 5.209013399999999868e-17 3.347487769999999922e-17 2.318496759999999961e-17 1.721852050000000125e-17 1.355564559999999950e-17 1.116651720000000009e-17 9.508819989999999410e-18 8.288190919999999450e-18 7.340636500000000730e-18 6.572510800000000238e-18 5.928879080000000197e-18 5.376465950000000071e-18 4.894314770000000111e-18 4.468602549999999999e-18 4.089732739999999811e-18 3.750688359999999877e-18 3.446082820000000027e-18 3.171609610000000033e-18 2.923712060000000103e-18 2.699381920000000117e-18 2.496032590000000113e-18 2.311413119999999893e-18 2.143550459999999867e-18 1.990705060000000087e-18 1.851338989999999873e-18 1.724088100000000048e-18 1.607740909999999993e-18 1.501219899999999985e-18 1.403565230000000038e-18 1.313921289999999956e-18 1.231524689999999913e-18 1.155693219999999918e-18 1.085817039999999948e-18 1.021349990000000075e-18 9.618028100000000586e-19 9.067367760000000602e-19 8.557574799999999839e-19 8.085106289999999992e-19 7.646772429999999980e-19 7.239697200000000446e-19 6.861288440000000357e-19 6.509203659999999569e-19 6.181323749999999957e-19 5.875732720000000394e-19 5.590691969999999656e-19 5.324625190000000061e-19 5.076101359999999782e-19 4.843818190000000036e-19 4.626591260000000017e-19 4.423341600000000366e-19 4.233085409999999940e-19 4.054924410000000118e-19 3.888038129999999855e-19 3.731676440000000158e-19 3.585153540000000195e-19 3.447840789999999840e-19 3.319162249999999966e-19 3.198590329999999977e-19 3.085640369999999869e-19 2.979867749999999980e-19 2.880864310000000230e-19 2.788254719999999919e-19 2.701694150000000217e-19 2.620869299999999959e-19 2.545489099999999865e-19 2.475284730000000192e-19 2.410011650000000190e-19 2.349445750000000097e-19 2.293382290000000187e-19 2.241634640000000143e-19 2.194032990000000023e-19 2.150423890000000004e-19 2.110670629999999902e-19 2.074652339999999930e-19 2.042265119999999948e-19 2.013419519999999895e-19 1.988043559999999980e-19 1.966082949999999936e-19 1.947502529999999971e-19 1.932287710000000042e-19 1.920448429999999890e-19 1.912017650000000036e-19 1.907055730000000013e-19 1.905655590000000052e-19 1.907945720000000030e-19 1.914094129999999959e-19 1.924314590000000033e-19 1.938873099999999961e-19 1.958090699999999932e-19 1.982354240000000099e-19 2.012123689999999930e-19 2.047940219999999996e-19 2.090436109999999929e-19 2.140345089999999921e-19 2.198515009999999971e-19 2.265915499999999863e-19 2.343654710000000006e-19 2.432991760000000232e-19 2.535350969999999902e-19
1.219461290000000014e-16 7.385720990000000104e-17 4.745743949999999984e-17 3.286754520000000061e-17 2.440858780000000009e-17 1.921578940000000149e-17 1.582887029999999951e-17 1.347891219999999957e-17 1.174857530000000037e-17 1.040536629999999946e-17 9.316521179999999736e-18 8.404160809999999928e-18 7.621113599999999439e-18 6.937669260000000332e-18 6.334231909999999805e-18 5.797198539999999756e-18 5.316621080000000292e-18 4.884865060000000332e-18 4.495824649999999820e-18 4.144459009999999660e-18 3.826504839999999763e-18 3.538294850000000165e-18 3.276639420000000067e-18 3.038741449999999811e-18 2.822136349999999848e-18 2.624644079999999844e-18 2.444331529999999851e-18 2.279481879999999821e-18 2.128567949999999991e-18 1.990230260000000152e-18 1.863256380000000187e-18 1.746564360000000047e-18 1.639188150000000036e-18 1.540263549999999923e-18 1.449017260000000088e-18 1.364756400000000071e-18 1.286859460000000063e-18 1.214768190000000075e-18 1.147981109999999924e-18 1.086046480000000096e-18 1.028557729999999917e-18 9.751479209999999484e-19 9.254856520000000554e-19 8.792715879999999533e-19 8.362346730000000306e-19 7.961294410000000195e-19 7.587332260000000193e-19 7.238440410000000058e-19 6.912781979999999878e-19 6.608687129999999806e-19 6.324635369999999577e-19 6.059241709999999604e-19 5.811243140000000480e-19 5.579485740000000376e-19 5.362917970000000008e-19 5.160577699999999782e-19 4.971583990000000213e-19 4.795132409999999600e-19 4.630486759999999551e-19 4.476970830000000032e-19 4.333967580000000146e-19 4.200909889999999847e-19 4.077278450000000238e-19 3.962597870000000138e-19 3.856437509999999921e-19 3.758397739999999832e-19 3.668112010000000052e-19 3.585247899999999936e-19 3.509501930000000090e-19 3.440599600000000092e-19 3.378291440000000170e-19 3.322352580000000079e-19 3.272581900000000016e-19 3.228802069999999785e-19 3.190859039999999828e-19 3.158622769999999926e-19 3.131984709999999878e-19 3.110861360000000196e-19 3.095194820000000238e-19 3.084955099999999996e-19 3.080141430000000159e-19 3.080788699999999901e-19 3.086965149999999913e-19 3.098779099999999908e-19 3.116385120000000130e-19 3.139988979999999962e-19 3.169853819999999911e-19 3.206308440000000220e-19 3.249756620000000080e-19 3.300681220000000044e-19 3.359659969999999859e-19 3.427375049999999948e-19 3.504625700000000240e-19 3.592341229999999773e-19 3.691596960000000052e-19 3.803631329999999853e-19 3.929857539999999864e-19 4.071886520000000179e-19 4.231546339999999978e-19 4.410900809999999692e-19
1.729907299999999935e-16 1.047262069999999979e-16 6.728278499999999724e-17 4.659479600000000303e-17 3.460158709999999989e-17 2.723961510000000028e-17 2.243807650000000072e-17 1.910670249999999973e-17 1.665378279999999970e-17 1.474968910000000057e-17 1.320620240000000056e-17 1.191290880000000016e-17 1.080293330000000027e-17 9.834158400000000228e-18 8.978803189999999800e-18 8.217584439999999862e-18 7.536399549999999885e-18 6.924425689999999963e-18 6.373009719999999724e-18 5.875005219999999640e-18 5.424369629999999752e-18 5.015905360000000068e-18 4.645091870000000014e-18 4.307965320000000109e-18 4.001032500000000053e-18 3.721204330000000380e-18 3.465740979999999833e-18 3.232210730000000012e-18 3.018449470000000109e-18 2.822530709999999887e-18 2.642737210000000182e-18 2.477536630000000081e-18 2.325560599999999834e-18 2.185585089999999902e-18 2.056515550000000147e-18 1.937370730000000051e-18 1.827270919999999936e-18 1.725426280000000022e-18 1.631127070000000023e-18 1.543734709999999970e-18 1.462673909999999962e-18 1.387426220000000070e-18 1.317523460000000072e-18 1.252542730000000039e-18 1.192101469999999988e-18 1.135853290000000088e-18 1.083484389999999999e-18 1.034709889999999989e-18 9.892715130000000209e-19 9.469341349999999292e-19 9.074843399999999196e-19 8.707274330000000766e-19 8.364865499999999966e-19 8.046002360000000146e-19 7.749213060000000246e-19 7.473154970000000191e-19 7.216603350000000355e-19 6.978439439999999666e-19 6.757641160000000293e-19 6.553276359999999974e-19 6.364492039999999710e-19 6.190510620000000371e-19 6.030621260000000203e-19 5.884176170000000222e-19 5.750590640000000217e-19 5.629326989999999610e-19 5.519893069999999927e-19 5.421846830000000265e-19 5.334787109999999630e-19 5.258355100000000118e-19 5.192228730000000439e-19 5.136120549999999793e-19 5.089778280000000330e-19 5.052984249999999599e-19 5.025553910000000027e-19 5.007338359999999850e-19 4.998220760000000263e-19 4.998118389999999918e-19 5.006988869999999722e-19 5.024828059999999546e-19 5.051675750000000142e-19 5.087623989999999943e-19 5.132811830000000054e-19 5.187437290000000076e-19 5.251766090000000034e-19 5.326136870000000075e-19 5.410972509999999774e-19 5.506790530000000297e-19 5.614215439999999990e-19 5.733988610000000402e-19 5.866985809999999791e-19 6.014233779999999686e-19 6.176928309999999634e-19 6.356452870000000178e-19 6.554399260000000213e-19 6.772595550000000363e-19 7.013120029999999789e-19 7.278335839999999843e-19 7.570915829999999596e-19 7.893874540000000478e-19
2.454371140000000074e-16 1.485063560000000065e-16 9.539359830000000436e-17 6.605683049999999634e-17 4.905196579999999789e-17 3.861435930000000277e-17 3.180717900000000075e-17 2.708442939999999878e-17 2.360712089999999987e-17 2.090790650000000018e-17 1.871992280000000032e-17 1.688663910000000059e-17 1.531324060000000097e-17 1.394001499999999862e-17 1.272758239999999963e-17 1.164860390000000050e-17 1.068308809999999991e-17 9.815694069999999915e-18 9.034155630000000275e-18 8.328343920000000041e-18 7.689693489999999431e-18 7.110840770000000238e-18 6.585376759999999708e-18 6.107685339999999887e-18 5.672815810000000076e-18 5.276391570000000183e-18 4.914531479999999796e-18 4.583789519999999723e-18 4.281100560000000127e-18 4.003735729999999841e-18 3.749262710000000296e-18 3.515512230000000306e-18 3.300546180000000053e-18 3.102632469999999841e-18 2.920221569999999954e-18 2.751925049999999914e-18 2.596498849999999880e-18 2.452825639999999992e-18 2.319902470000000155e-18 2.196826480000000128e-18 2.082785359999999993e-18 1.977046860000000161e-18 1.878950479999999910e-18 1.787900020000000099e-18 1.703356370000000095e-18 1.624831699999999907e-18 1.551884609999999972e-18 1.484114839999999934e-18 1.421159569999999911e-18 1.362689589999999950e-18 1.308405649999999963e-18 1.258036140000000076e-18 1.211333939999999927e-18 1.168074459999999967e-18 1.128053080000000078e-18 1.091083899999999997e-18 1.056997649999999953e-18 1.025640369999999949e-18 9.968716489999999341e-19 9.705642030000000530e-19 9.466019180000000957e-19 9.248796380000000795e-19 9.053016180000000845e-19 8.877814149999999810e-19 8.722414829999999503e-19 8.586110460000000236e-19 8.468260489999999982e-19 8.368295710000000014e-19 8.285707930000000103e-19 8.220048920000000456e-19 8.170923699999999933e-19 8.137989500000000457e-19 8.120954749999999717e-19 8.119576980000000397e-19 8.133664379999999717e-19 8.163076849999999743e-19 8.207720820000000111e-19 8.267555450000000351e-19 8.342595729999999609e-19 8.432915580000000215e-19 8.538653559999999554e-19 8.660022150000000229e-19 8.797306730000000571e-19 8.950875910000000671e-19 9.121198610000000693e-19 9.308850730000000597e-19 9.514530219999999539e-19 9.739070470000000535e-19 9.983467189999999403e-19 1.024887639999999933e-18 1.053665660000000041e-18 1.084838069999999917e-18 1.118586829999999946e-18 1.155120920000000011e-18 1.194679479999999917e-18 1.237535709999999910e-18 1.283998860000000011e-18 1.334419339999999990e-18 1.389192250000000020e-18 1.448761659999999992e-18
3.482747490000000000e-16 2.106021290000000017e-16 1.352541549999999952e-16 9.365017290000000461e-17 6.953831460000000410e-17 5.473964980000000048e-17 4.508880460000000053e-17 3.839341609999999817e-17 3.346383980000000029e-17 2.963742809999999977e-17 2.653581509999999945e-17 2.393706840000000063e-17 2.170676439999999990e-17 1.976025129999999851e-17 1.804169259999999875e-17 1.651233660000000142e-17 1.514384400000000112e-17 1.391446670000000042e-17 1.280682050000000030e-17 1.180654820000000004e-17 1.090151259999999982e-17 1.008127449999999978e-17 9.336755670000000048e-18 8.659997019999999840e-18 8.043984039999999378e-18 7.482516999999999456e-18 6.970097640000000017e-18 6.501845580000000329e-18 6.073419379999999899e-18 5.680955269999999712e-18 5.321010519999999692e-18 4.990512979999999795e-18 4.686721389999999864e-18 4.407184390000000270e-18 4.149710779999999766e-18 3.912337649999999621e-18 3.693306010000000255e-18 3.491037609999999856e-18 3.304116290000000096e-18 3.131267810000000093e-18 2.971346500000000154e-18 2.823320459999999910e-18 2.686259110000000006e-18 2.559323910000000016e-18 2.441756719999999862e-18 2.332873080000000074e-18 2.232053620000000018e-18 2.138738549999999929e-18 2.052420180000000104e-18 1.972639440000000078e-18 1.898979630000000132e-18 1.831063749999999811e-18 1.768549169999999842e-18 1.711125560000000057e-18 1.658511810000000016e-18 1.610452719999999929e-18 1.566717099999999925e-18 1.527095870000000092e-18 1.491399509999999953e-18 1.459456790000000071e-18 1.431113140000000006e-18 1.406229479999999958e-18 1.384680599999999953e-18 1.366354000000000025e-18 1.351151039999999956e-18 1.338982280000000008e-18 1.329768419999999952e-18 1.323440280000000064e-18 1.319937890000000025e-18 1.319209769999999905e-18 1.321212679999999907e-18 1.325910860000000069e-18 1.333276080000000092e-18 1.343287549999999962e-18 1.355932039999999954e-18 1.371203860000000079e-18 1.389104359999999948e-18 1.409642840000000066e-18 1.432836880000000040e-18 1.458712740000000039e-18 1.487306520000000043e-18 1.518665039999999934e-18 1.552846100000000039e-18 1.589919929999999991e-18 1.629971389999999932e-18 1.673101000000000069e-18 1.719427560000000030e-18 1.769089519999999978e-18 1.822248900000000143e-18 1.879091929999999957e-18 1.939833039999999880e-18 2.004719569999999909e-18 2.074033379999999924e-18 2.148096439999999837e-18 2.227274170000000073e-18 2.311981189999999916e-18 2.402685260000000089e-18 2.499912899999999868e-18 2.604255529999999894e-18 2.716375519999999839e-18
4.942707770000000405e-16 2.986807309999999906e-16 1.917773779999999961e-16 1.327729040000000105e-16 9.858228689999999944e-17 7.759974560000000217e-17 6.391696719999999661e-17 5.442481489999999867e-17 4.743634309999999871e-17 4.201196069999999732e-17 3.761519460000000229e-17 3.393137560000000194e-17 3.076992100000000195e-17 2.801081380000000048e-17 2.557489430000000049e-17 2.340722610000000134e-17 2.146763810000000004e-17 1.972530289999999900e-17 1.815558050000000018e-17 1.673812539999999902e-17 1.545573570000000133e-17 1.429361980000000093e-17 1.323891489999999968e-17 1.228034570000000024e-17 1.140797700000000014e-17 1.061302589999999968e-17 9.887707589999999341e-18 9.225110270000000095e-18 8.619090460000000310e-18 8.064178000000000540e-18 7.555500799999999812e-18 7.088713679999999737e-18 6.659940479999999997e-18 6.265716119999999797e-18 5.902942829999999797e-18 5.568849130000000017e-18 5.260952239999999898e-18 4.977025390000000134e-18 4.715071769999999747e-18 4.473296389999999784e-18 4.250087070000000376e-18 4.043992540000000335e-18 3.853706670000000066e-18 3.678052390000000259e-18 3.515968829999999728e-18 3.366498330000000104e-18 3.228777310000000136e-18 3.102025320000000114e-18 2.985538020000000120e-18 2.878678900000000152e-18 2.780872860000000093e-18 2.691600629999999822e-18 2.610392799999999886e-18 2.536826039999999812e-18 2.470518620000000082e-18 2.411126229999999949e-18 2.358338870000000145e-18 2.311878200000000012e-18 2.271494619999999992e-18 2.236964589999999868e-18 2.208088539999999985e-18 2.184689670000000143e-18 2.166610809999999942e-18 2.153714240000000039e-18 2.145881660000000177e-18 2.143008869999999844e-18 2.145005889999999994e-18 2.151798280000000113e-18 2.163325039999999938e-18 2.179537989999999893e-18 2.200400930000000163e-18 2.225889050000000027e-18 2.255988919999999891e-18 2.290698239999999879e-18 2.330026130000000021e-18 2.373993679999999836e-18 2.422631689999999927e-18 2.475983600000000147e-18 2.534105440000000169e-18 2.597066709999999960e-18 2.664950730000000073e-18 2.737858020000000140e-18 2.815905410000000040e-18 2.899227930000000166e-18 2.987982750000000149e-18 3.082351029999999955e-18 3.182539769999999835e-18 3.288786359999999867e-18 3.401362339999999947e-18 3.520574990000000348e-18 3.646773800000000042e-18 3.780355609999999999e-18 3.921768749999999657e-18 4.071519869999999658e-18 4.230178909999999743e-18 4.398388979999999848e-18 4.576868499999999860e-18 4.766423549999999826e-18 4.967954109999999712e-18 5.182462310000000384e-18
7.015514390000000473e-16 4.236178530000000205e-16 2.719300280000000177e-16 1.882429879999999925e-16 1.397589409999999906e-16 1.100076690000000049e-16 9.060809370000000414e-17 7.715071880000000108e-17 6.724332520000000583e-17 5.955358290000000506e-17 5.332083320000000224e-17 4.809890820000000219e-17 4.361759769999999943e-17 3.970674069999999874e-17 3.625411859999999864e-17 3.318184729999999998e-17 3.043298720000000078e-17 2.796384649999999871e-17 2.573949819999999954e-17 2.373111529999999855e-17 2.191432389999999921e-17 2.026816830000000120e-17 1.877442740000000006e-17 1.741712990000000145e-17 1.618220879999999947e-17 1.505722659999999931e-17 1.403116360000000024e-17 1.309424099999999926e-17 1.223776239999999988e-17 1.145399310000000004e-17 1.073604329999999923e-17 1.007777299999999972e-17 9.473704520000000562e-18 8.918944259999999829e-18 8.409123899999999616e-18 7.940331689999999463e-18 7.509070329999999727e-18 7.112205609999999723e-18 6.746926789999999870e-18 6.410714270000000237e-18 6.101304459999999831e-18 5.816664580000000277e-18 5.554968210000000259e-18 5.314571329999999861e-18 5.093995760000000048e-18 4.891911810000000275e-18 4.707121730000000175e-18 4.538548530000000022e-18 4.385221499999999881e-18 4.246268809999999835e-18 4.120905450000000349e-18 4.008426669999999963e-18 3.908199680000000268e-18 3.819657439999999644e-18 3.742292889999999759e-18 3.675651910000000198e-18 3.619332080000000109e-18 3.572975219999999880e-18 3.536264530000000248e-18 3.508922079999999785e-18 3.490705489999999969e-18 3.481403429999999676e-18 3.480835160000000367e-18 3.488848889999999923e-18 3.505319709999999806e-18 3.530145469999999886e-18 3.563244269999999780e-18 3.604558220000000369e-18 3.654048850000000081e-18 3.711697549999999943e-18 3.777503490000000067e-18 3.851483630000000309e-18 3.933672710000000380e-18 4.024122419999999959e-18 4.122901439999999784e-18 4.230097010000000129e-18 4.345812959999999900e-18 4.470170879999999628e-18 4.603312630000000131e-18 4.745400760000000093e-18 4.896620130000000140e-18 5.057180019999999854e-18 5.227316180000000085e-18 5.407291659999999758e-18 5.597403820000000044e-18 5.797984780000000060e-18 6.009407179999999724e-18 6.232089159999999856e-18 6.466498500000000181e-18 6.713158379999999881e-18 6.972653630000000319e-18 7.245639769999999423e-18 7.532847629999999697e-18 7.835096119999999839e-18 8.153295960000000458e-18 8.488465409999999306e-18 8.841735220000000185e-18 9.214363540000000478e-18 9.607744999999999716e-18 1.002342810000000075e-17
9.958374719999999288e-16 6.008367329999999740e-16 3.855899379999999915e-16 2.668910030000000107e-16 1.981364380000000113e-16 1.559511929999999922e-16 1.284459289999999951e-16 1.093667240000000058e-16 9.532116370000000028e-17 8.441999530000000592e-17 7.558463430000000229e-17 6.818248620000000058e-17 6.183042069999999810e-17 5.628720549999999391e-17 5.139373730000000269e-17 4.703962069999999819e-17 4.314413930000000210e-17 3.964537709999999946e-17 3.649384209999999907e-17 3.364868819999999928e-17 3.107538229999999953e-17 2.874424839999999819e-17 2.662948340000000064e-17 2.470847219999999977e-17 2.296130300000000130e-17 2.137037660000000026e-17 1.992010059999999866e-17 1.859664479999999888e-17 1.738771529999999886e-17 1.628238199999999851e-17 1.527091549999999874e-17 1.434464360000000144e-17 1.349584210000000019e-17 1.271761239999999968e-17 1.200379939999999985e-17 1.134890149999999979e-17 1.074800019999999941e-17 1.019669679999999970e-17 9.691052009999999433e-18 9.227538880000000428e-18 8.802994220000000523e-18 8.414586599999999962e-18 8.059774920000000064e-18 7.736279469999999757e-18 7.442057939999999476e-18 7.175278130000000669e-18 6.934298500000000111e-18 6.717647489999999635e-18 6.524008649999999658e-18 6.352205300000000328e-18 6.201186109999999992e-18 6.070015119999999855e-18 5.957860590000000256e-18 5.863984689999999799e-18 5.787736840000000330e-18 5.728544210000000020e-18 5.685907599999999754e-18 5.659393150000000286e-18 5.648627810000000155e-18 5.653295590000000213e-18 5.673131790000000108e-18 5.707919290000000047e-18 5.757485600000000160e-18 5.821700459999999821e-18 5.900477009999999864e-18 5.993758579999999744e-18 6.101522840000000056e-18 6.223782200000000332e-18 6.360579260000000269e-18 6.511987640000000380e-18 6.678108670000000023e-18 6.859070969999999823e-18 7.055030889999999796e-18 7.266172049999999910e-18 7.492704559999999636e-18 7.734869130000000144e-18 7.992930450000000359e-18 8.267183840000000569e-18 8.557956019999999907e-18 8.865606000000000186e-18 9.190527510000000075e-18 9.533154820000000357e-18 9.893960249999999654e-18 1.027346240000000024e-17 1.067222970000000040e-17 1.109088560000000061e-17 1.153011770000000075e-17 1.199067859999999981e-17 1.247340139999999983e-17 1.297919749999999992e-17 1.350907700000000046e-17 1.406415159999999968e-17 1.464565129999999955e-17 1.525493099999999912e-17 1.589348799999999913e-17 1.656297650000000030e-17 1.726521980000000136e-17 1.800222779999999900e-17 1.877621409999999849e-17 1.958961719999999959e-17
1.413599729999999984e-15 8.522026540000000184e-16 5.467599790000000175e-16 3.783996609999999778e-16 2.808991280000000080e-16 2.210831030000000035e-16 1.820852569999999977e-16 1.550357089999999895e-16 1.351236060000000012e-16 1.196699529999999986e-16 1.071453860000000006e-16 9.665295760000000214e-17 8.764948049999999676e-17 7.979291899999999545e-17 7.285776400000000286e-17 6.668750609999999489e-17 6.116776299999999699e-17 5.621078720000000547e-17 5.174646369999999748e-17 4.771692940000000050e-17 4.407328480000000293e-17 4.077350920000000061e-17 3.778107409999999922e-17 3.506398100000000235e-17 3.259405609999999701e-17 3.034641449999999732e-17 2.829902000000000274e-17 2.643232320000000109e-17 2.472896640000000122e-17 2.317352609999999927e-17 2.175227590000000148e-17 2.045300179999999868e-17 1.926482310000000088e-17 1.817804010000000079e-17 1.718400719999999934e-17 1.627500689999999932e-17 1.544415029999999929e-17 1.468528980000000094e-17 1.399292800000000067e-17 1.336215650000000010e-17 1.278858780000000029e-17 1.226830200000000022e-17 1.179779749999999941e-17 1.137394439999999944e-17 1.099395329999999974e-17 1.065533449999999995e-17 1.035587029999999943e-17 1.009359040000000034e-17 9.866744349999999272e-18 9.673785449999999262e-18 9.513347150000000078e-18 9.384229220000000035e-18 9.285381959999999905e-18 9.215893830000000620e-18 9.174980650000000223e-18 9.161970749999999501e-18 9.176301659999999242e-18 9.217506000000000602e-18 9.285207429999999921e-18 9.379115589999999544e-18 9.499012940000000562e-18 9.644758849999999845e-18 9.816276410000000074e-18 1.001355319999999952e-17 1.023664300000000048e-17 1.048564749999999981e-17 1.076072229999999981e-17 1.106207409999999987e-17 1.138996020000000058e-17 1.174468419999999977e-17 1.212659600000000027e-17 1.253608840000000046e-17 1.297360000000000005e-17 1.343961040000000035e-17 1.393464649999999943e-17 1.445928090000000094e-17 1.501413049999999907e-17 1.559985709999999954e-17 1.621717700000000071e-17 1.686685620000000148e-17 1.754971860000000131e-17 1.826665429999999908e-17 1.901861109999999952e-17 1.980661640000000060e-17 2.063176879999999877e-17 2.149526099999999895e-17 2.239838009999999878e-17 2.334251910000000078e-17 2.432919169999999952e-17 2.536003569999999878e-17 2.643683629999999849e-17 2.756153890000000141e-17 2.873626109999999804e-17 2.996332400000000202e-17 3.124524549999999932e-17 3.258479170000000049e-17 3.398498349999999709e-17 3.544910970000000195e-17 3.698077690000000127e-17 3.858391579999999758e-17
2.006507759999999949e-15 1.208701929999999946e-15 7.752861329999999881e-16 5.364928280000000102e-16 3.982300780000000100e-16 3.134158490000000105e-16 2.581241319999999774e-16 2.197750860000000108e-16 1.915464949999999916e-16 1.696395760000000038e-16 1.518858319999999901e-16 1.370135080000000012e-16 1.242525200000000122e-16 1.131179809999999908e-16 1.032901890000000060e-16 9.454736610000000589e-17 8.672739910000000058e-17 7.970599220000000570e-17 7.338381770000000312e-17 6.767894500000000238e-17 6.252215540000000514e-17 5.785397820000000586e-17 5.362274090000000163e-17 4.978319020000000132e-17 4.629551220000000258e-17 4.312454179999999907e-17 4.023917039999999860e-17 3.761181310000000219e-17 3.521800210000000263e-17 3.303600549999999856e-17 3.104650709999999893e-17 2.923234119999999898e-17 2.757823309999999984e-17 2.607058720000000001e-17 2.469730690000000110e-17 2.344761570000000013e-17 2.231191989999999973e-17 2.128167470000000150e-17 2.034926509999999904e-17 1.950791990000000140e-17 1.875160710000000128e-17 1.807496179999999897e-17 1.747322100000000090e-17 1.694215610000000097e-17 1.647801849999999912e-17 1.607749760000000025e-17 1.573767530000000020e-17 1.545598390000000127e-17 1.523018010000000021e-17 1.505831190000000088e-17 1.493868830000000142e-17 1.486986519999999916e-17 1.485061669999999986e-17 1.487992039999999851e-17 1.495693919999999963e-17 1.508100470000000104e-17 1.525160909999999890e-17 1.546838999999999878e-17 1.573112069999999873e-17 1.603970210000000046e-17 1.639414900000000042e-17 1.679459039999999881e-17 1.724125799999999978e-17 1.773448269999999847e-17 1.827469280000000135e-17 1.886240129999999985e-17 1.949819880000000119e-17 2.018276360000000069e-17 2.091685329999999953e-17 2.170130169999999955e-17 2.253701719999999980e-17 2.342497739999999878e-17 2.436623950000000056e-17 2.536192829999999897e-17 2.641324679999999989e-17 2.752147189999999889e-17 2.868796040000000288e-17 2.991413979999999830e-17 3.120153060000000165e-17 3.255174090000000027e-17 3.396646460000000029e-17 3.544751489999999720e-17 3.699679769999999843e-17 3.861633790000000104e-17 4.030829619999999960e-17 4.207497199999999971e-17 4.391881379999999934e-17 4.584244220000000072e-17 4.784867280000000181e-17 4.994051330000000121e-17 5.212119960000000108e-17 5.439421589999999929e-17 5.676331740000000161e-17 5.923256400000000236e-17 6.180633980000000182e-17 6.448937620000000159e-17 6.728680179999999980e-17 7.020417520000000344e-17 7.324750500000000012e-17 7.642330279999999534e-17
2.847694489999999914e-15 1.714228880000000054e-15 1.099289420000000066e-15 7.606191220000000221e-16 5.645612769999999548e-16 4.443057860000000050e-16 3.659145799999999778e-16 3.115473469999999787e-16 2.715299109999999830e-16 2.404759359999999772e-16 2.153107719999999912e-16 1.942314180000000037e-16 1.761460869999999923e-16 1.603674509999999912e-16 1.464424010000000008e-16 1.340566620000000026e-16 1.229805419999999947e-16 1.130380159999999911e-16 1.040884439999999954e-16 9.601587629999999676e-17 8.872236679999999395e-17 8.212383459999999567e-17 7.614722960000000019e-17 7.072864740000000001e-17 6.581185929999999999e-17 6.134728100000000485e-17 5.729103880000000138e-17 5.360431129999999960e-17 5.025266810000000287e-17 4.720557959999999981e-17 4.443595389999999884e-17 4.191974660000000203e-17 3.963560309999999780e-17 3.756457120000000229e-17 3.568981259999999911e-17 3.399638859999999794e-17 3.247103450000000166e-17 3.110198110000000027e-17 2.987880270000000197e-17 2.879225789999999746e-17 2.783418420000000186e-17 2.699736370000000027e-17 2.627544180000000142e-17 2.566284009999999967e-17 2.515466830000000058e-17 2.474666970000000053e-17 2.443515020000000134e-17 2.421693669999999857e-17 2.408931759999999896e-17 2.405001159999999933e-17 2.409712449999999905e-17 2.422911940000000006e-17 2.444478520000000152e-17 2.474321050000000123e-17 2.512376320000000071e-17 2.558606779999999916e-17 2.612998869999999991e-17 2.675561019999999862e-17 2.746322680000000022e-17 2.825332660000000261e-17 2.912657789999999985e-17 3.008382769999999907e-17 3.112608180000000136e-17 3.225450840000000126e-17 3.347042750000000147e-17 3.477529830000000082e-17 3.617070899999999836e-17 3.765838999999999857e-17 3.924019760000000104e-17 4.091812350000000116e-17 4.269428539999999757e-17 4.457091670000000033e-17 4.655037640000000258e-17 4.863515940000000305e-17 5.082787300000000293e-17 5.313127320000000030e-17 5.554822879999999733e-17 5.808176390000000496e-17 6.073502840000000262e-17 6.351134429999999864e-17 6.641417919999999931e-17 6.944717919999999851e-17 7.261417580000000157e-17 7.591919249999999409e-17 7.936647099999999779e-17 8.296048470000000156e-17 8.670595189999999753e-17 9.060787540000000302e-17 9.467156889999999713e-17 9.890264399999999951e-17 1.033071029999999979e-16 1.078913179999999958e-16 1.126621050000000061e-16 1.176267370000000110e-16 1.227929899999999985e-16 1.281692270000000012e-16 1.337643829999999881e-16 1.395880390000000043e-16 1.456505049999999930e-16 1.519628589999999912e-16
4.040573740000000216e-15 2.430936910000000177e-15 1.558606589999999922e-15 1.078335940000000027e-15 8.003444910000000046e-16 6.298474529999999943e-16 5.187117010000000110e-16 4.416388759999999891e-16 3.849118349999999919e-16 3.408936510000000068e-16 3.052253049999999892e-16 2.753507180000000063e-16 2.497222540000000114e-16 2.273657450000000115e-16 2.076390759999999964e-16 1.900969840000000032e-16 1.744142089999999946e-16 1.603415110000000023e-16 1.476799029999999934e-16 1.362653929999999948e-16 1.259595170000000077e-16 1.166435039999999983e-16 1.082142490000000038e-16 1.005815890000000018e-16 9.366630620000000000e-17 8.739858670000000473e-17 8.171674920000000216e-17 7.656626609999999609e-17 7.189887630000000098e-17 6.767185770000000043e-17 6.384737819999999741e-17 6.039193370000000206e-17 5.727587160000000166e-17 5.447293370000000143e-17 5.195990599999999744e-17 4.971626800000000121e-17 4.772389759999999850e-17 4.596681379999999953e-17 4.443095440000000286e-17 4.310396479999999737e-17 4.197502539999999759e-17 4.103469639999999989e-17 4.027477549999999968e-17 3.968817869999999786e-17 3.926882789999999840e-17 3.901156149999999924e-17 3.891204509999999757e-17 3.896669860000000119e-17 3.917263339999999695e-17 3.952759320000000182e-17 4.002988699999999855e-17 4.067836690000000102e-17 4.147237090000000270e-17 4.241169740000000217e-17 4.349655799999999904e-17 4.472756490000000045e-17 4.610569409999999830e-17 4.763226579999999920e-17 4.930893449999999740e-17 5.113764880000000273e-17 5.312065880000000031e-17 5.526049229999999702e-17 5.755993199999999501e-17 6.002202519999999634e-17 6.265007729999999929e-17 6.544761529999999995e-17 6.841839810000000243e-17 7.156640930000000147e-17 7.489585760000000256e-17 7.841117669999999532e-17 8.211701200000000177e-17 8.601822729999999770e-17 9.011989839999999716e-17 9.442732560000000088e-17 9.894604119999999496e-17 1.036818020000000015e-16 1.086405980000000020e-16 1.138286549999999885e-16 1.192524580000000013e-16 1.249187509999999897e-16 1.308345749999999878e-16 1.370072750000000042e-16 1.434444869999999906e-16 1.501542060000000112e-16 1.571447679999999901e-16 1.644249239999999984e-16 1.720038310000000048e-16 1.798911370000000077e-16 1.880969409999999933e-16 1.966319219999999914e-16 2.055073059999999975e-16 2.147349890000000095e-16 2.243275180000000018e-16 2.342982069999999984e-16 2.446612049999999958e-16 2.554314939999999984e-16 2.666249809999999922e-16 2.782586880000000088e-16 2.903506120000000028e-16 3.029200519999999805e-16
5.731249380000000303e-15 3.446800469999999836e-15 2.209658449999999980e-15 1.528684090000000075e-15 1.134559129999999999e-15 8.928492770000000741e-16 7.353017839999999913e-16 6.260473449999999717e-16 5.456383490000000088e-16 4.832480720000000053e-16 4.326971990000000018e-16 3.903623600000000155e-16 3.540501370000000190e-16 3.223799460000000042e-16 2.944421520000000050e-16 2.696060870000000111e-16 2.474113889999999876e-16 2.275053729999999782e-16 2.096067070000000092e-16 1.934836730000000046e-16 1.789408190000000100e-16 1.658105899999999937e-16 1.539476960000000075e-16 1.432252509999999994e-16 1.335318990000000056e-16 1.247696470000000084e-16 1.168520599999999896e-16 1.097029030000000051e-16 1.032548319999999967e-16 9.744840099999999784e-17 9.223112139999999516e-17 8.755669729999999842e-17 8.338429240000000028e-17 7.967795410000000057e-17 7.640605779999999401e-17 7.354084310000000337e-17 7.105799100000000177e-17 6.893625950000000247e-17 6.715714619999999830e-17 6.570463029999999827e-17 6.456491439999999860e-17 6.372617970000000613e-17 6.317841409999999476e-17 6.291324640000000586e-17 6.292376150000000055e-17 6.320439410000000115e-17 6.375082299999999779e-17 6.455980569999999492e-17 6.562916489999999406e-17 6.695764349999999525e-17 6.854486409999999443e-17 7.039125690000000439e-17 7.249799330000000207e-17 7.486696580000000420e-17 7.750069559999999961e-17 8.040233270000000048e-17 8.357561590000000026e-17 8.702480690000000476e-17 9.075470989999999606e-17 9.477062540000000346e-17 9.907832399999999825e-17 1.036840260000000004e-16 1.085944079999999981e-16 1.138165580000000070e-16 1.193580199999999925e-16 1.252267009999999882e-16 1.314309000000000084e-16 1.379793380000000065e-16 1.448811080000000070e-16 1.521456859999999999e-16 1.597829579999999999e-16 1.678031429999999963e-16 1.762168930000000091e-16 1.850352209999999880e-16 1.942695869999999899e-16 2.039318239999999896e-16 2.140341879999999944e-16 2.245893829999999898e-16 2.356105790000000206e-16 2.471113540000000186e-16 2.591058960000000031e-16 2.716088169999999959e-16 2.846353629999999834e-16 2.982012839999999897e-16 3.123230710000000236e-16 3.270177949999999896e-16 3.423032720000000032e-16 3.581981370000000127e-16 3.747218439999999963e-16 3.918946960000000064e-16 4.097380529999999936e-16 4.282742049999999878e-16 4.475266810000000224e-16 4.675201529999999845e-16 4.882806129999999668e-16 5.098354840000000218e-16 5.322136180000000233e-16 5.554456139999999645e-16 5.795637119999999573e-16 6.046020590000000070e-16
8.125974999999999676e-15 4.886299289999999872e-15 3.132339060000000103e-15 2.166967349999999873e-15 1.608265059999999904e-15 1.265632609999999942e-15 1.042310039999999963e-15 8.874486479999999615e-16 7.734803650000000309e-16 6.850582249999999577e-16 6.134234310000000098e-16 5.534407929999999914e-16 5.020018579999999932e-16 4.571507760000000213e-16 4.175992869999999918e-16 3.824546460000000040e-16 3.510655100000000227e-16 3.229334290000000073e-16 2.976610100000000046e-16 2.749213510000000115e-16 2.544389829999999946e-16 2.359780849999999905e-16 2.193344829999999978e-16 2.043300889999999979e-16 1.908089680000000116e-16 1.786341530000000072e-16 1.676851799999999994e-16 1.578560639999999891e-16 1.490534989999999924e-16 1.411954560000000064e-16 1.342098430000000042e-16 1.280333970000000015e-16 1.226106789999999906e-16 1.178932619999999981e-16 1.138388989999999980e-16 1.104108970000000046e-16 1.075775250000000041e-16 1.053114939999999991e-16 1.035894889999999964e-16 1.023917849999999974e-16 1.017018829999999971e-16 1.015061780000000045e-16 1.017937459999999970e-16 1.025560159999999941e-16 1.037866290000000018e-16 1.054812250000000040e-16 1.076372479999999973e-16 1.102538520000000034e-16 1.133317380000000022e-16 1.168730369999999994e-16 1.208812229999999908e-16 1.253610349999999909e-16 1.303183480000000021e-16 1.357601640000000111e-16 1.416945170000000061e-16 1.481304190000000064e-16 1.550778230000000049e-16 1.625475810000000102e-16 1.705513809999999983e-16 1.791017549999999960e-16 1.882120179999999971e-16 1.978962650000000031e-16 2.081693189999999928e-16 2.190467570000000116e-16 2.305448980000000106e-16 2.426807360000000165e-16 2.554719399999999839e-16 2.689368780000000176e-16 2.830946370000000240e-16 2.979649619999999981e-16 3.135682880000000077e-16 3.299257649999999922e-16 3.470592030000000184e-16 3.649911559999999995e-16 3.837448620000000018e-16 4.033444100000000073e-16 4.238144969999999968e-16 4.451807179999999970e-16 4.674694899999999748e-16 4.907079970000000454e-16 5.149243520000000381e-16 5.401477219999999674e-16 5.664080200000000289e-16 5.937364789999999832e-16 6.221652870000000110e-16 6.517277430000000136e-16 6.824584690000000095e-16 7.143935700000000064e-16 7.475703149999999798e-16 7.820276679999999948e-16 8.178061280000000370e-16 8.549479939999999653e-16 8.934974689999999664e-16 9.335006120000000111e-16 9.750057550000000158e-16 1.018063509999999980e-15 1.062726819999999995e-15 1.109051259999999917e-15 1.157095180000000086e-15 1.206920090000000079e-15
1.151573560000000044e-14 6.925519249999999910e-15 4.439763850000000279e-15 3.071518500000000135e-15 2.279634809999999851e-15 1.793998209999999891e-15 1.477471520000000047e-15 1.257986020000000082e-15 1.096468589999999905e-15 9.711682730000000365e-16 8.696720200000000200e-16 7.847030750000000488e-16 7.118576059999999524e-16 6.483654990000000238e-16 5.924030909999999780e-16 5.427075090000000316e-16 4.983581870000000467e-16 4.586513469999999626e-16 4.230267299999999902e-16 3.910239459999999912e-16 3.622558219999999965e-16 3.363914850000000081e-16 3.131449569999999814e-16 2.922675270000000057e-16 2.735419319999999910e-16 2.567779850000000210e-16 2.418089539999999997e-16 2.284888319999999946e-16 2.166897290000000062e-16 2.062998369999999895e-16 1.972215899999999878e-16 1.893700839999999983e-16 1.826716549999999911e-16 1.770626820000000119e-16 1.724884920000000086e-16 1.689024330000000089e-16 1.662650240000000014e-16 1.645432310000000123e-16 1.637098300000000077e-16 1.637428369999999963e-16 1.646249960000000084e-16 1.663433480000000057e-16 1.688888799999999986e-16 1.722561270000000096e-16 1.764428920000000005e-16 1.814500080000000036e-16 1.872810889999999895e-16 1.939423150000000042e-16 2.014422750000000100e-16 2.097917700000000048e-16 2.190037169999999953e-16 2.290930040000000223e-16 2.400763479999999754e-16 2.519723169999999972e-16 2.648010549999999911e-16 2.785844250000000244e-16 2.933456939999999904e-16 3.091097719999999895e-16 3.259028619999999979e-16 3.437526779999999858e-16 3.626882050000000103e-16 3.827397779999999839e-16 4.039390010000000146e-16 4.263188289999999872e-16 4.499134610000000356e-16 4.747582080000000342e-16 5.008898099999999751e-16 5.283460119999999652e-16 5.571659909999999916e-16 5.873900850000000493e-16 6.190597999999999821e-16 6.522179630000000076e-16 6.869086210000000249e-16 7.231772490000000310e-16 7.610703789999999707e-16 8.006361879999999858e-16 8.419240150000000481e-16 8.849846820000000203e-16 9.298705460000000803e-16 9.766354469999999025e-16 1.025334859999999952e-15 1.076025870000000008e-15 1.128767330000000085e-15 1.183620120000000070e-15 1.240646719999999954e-15 1.299912030000000083e-15 1.361482960000000046e-15 1.425428550000000036e-15 1.491820579999999946e-15 1.560733270000000024e-15 1.632243610000000014e-15 1.706431619999999907e-15 1.783380220000000158e-15 1.863175810000000000e-15 1.945908270000000016e-15 2.031671419999999880e-15 2.120562870000000162e-15 2.212684049999999955e-15 2.308141700000000159e-15 2.407046560000000161e-15
1.631085439999999958e-14 9.813498419999999313e-15 6.292066089999999623e-15 4.353280940000000234e-15 3.231082769999999932e-15 2.542846270000000172e-15 2.094267999999999975e-15 1.783225430000000022e-15 1.554349719999999956e-15 1.376818699999999994e-15 1.233043859999999912e-15 1.112716049999999986e-15 1.009598050000000033e-15 9.197683019999999061e-16 8.406468479999999984e-16 7.704488340000000187e-16 7.078749629999999573e-16 6.519331490000000297e-16 6.018353320000000255e-16 5.569351739999999949e-16 5.166903630000000140e-16 4.806386289999999869e-16 4.483817609999999992e-16 4.195745150000000075e-16 3.939166159999999874e-16 3.711463319999999860e-16 3.510355469999999840e-16 3.333857359999999787e-16 3.180243699999999908e-16 3.048019210000000118e-16 2.935894550000000035e-16 2.842761159999999859e-16 2.767673269999999871e-16 2.709830980000000116e-16 2.668562740000000215e-16 2.643315070000000125e-16 2.633637989999999904e-16 2.639176519999999761e-16 2.659661220000000088e-16 2.694899909999999887e-16 2.744770300000000171e-16 2.809215209999999798e-16 2.888235440000000102e-16 2.981886320000000095e-16 3.090273449999999992e-16 3.213547450000000188e-16 3.351903400000000172e-16 3.505575020000000167e-16 3.674834709999999940e-16 3.859990019999999833e-16 4.061381900000000090e-16 4.279382770000000124e-16 4.514396030000000273e-16 4.766853139999999969e-16 5.037214409999999858e-16 5.325965819999999809e-16 5.633619839999999657e-16 5.960714320000000188e-16 6.307810420000000160e-16 6.675495240000000368e-16 7.064376540000000055e-16 7.475087460000000405e-16 7.908282349999999962e-16 8.364638289999999692e-16 8.844854619999999703e-16 9.349653430000000941e-16 9.879776410000000823e-16 1.043598910000000036e-15 1.101907809999999992e-15 1.162985240000000059e-15 1.226914520000000026e-15 1.293780779999999950e-15 1.363671690000000021e-15 1.436677359999999989e-15 1.512889990000000018e-15 1.592404469999999985e-15 1.675317979999999945e-15 1.761730380000000063e-15 1.851744040000000052e-15 1.945463999999999933e-15 2.042998580000000124e-15 2.144458719999999976e-15 2.249958579999999842e-15 2.359615259999999938e-15 2.473549660000000191e-15 2.591886299999999875e-15 2.714752880000000059e-15 2.842281730000000191e-15 2.974609029999999812e-15 3.111875380000000035e-15 3.254226259999999912e-15 3.401811580000000062e-15 3.554786790000000109e-15 3.713313239999999796e-15 3.877557590000000278e-15 4.047692199999999710e-15 4.223897500000000317e-15 4.406358570000000332e-15 4.595269360000000335e-15 4.790831480000000314e-15
2.308976240000000106e-14 1.390240430000000046e-14 8.915923010000000180e-15 6.169381409999999821e-15 4.579365040000000203e-15 3.604143830000000324e-15 2.968503410000000192e-15 2.527769079999999823e-15 2.203494800000000158e-15 1.952013260000000144e-15 1.748407400000000020e-15 1.578076270000000077e-15 1.432189250000000043e-15 1.305198259999999907e-15 1.193456289999999949e-15 1.094444279999999911e-15 1.006331049999999934e-15 9.277223649999999841e-16 8.575128620000000219e-16 7.947990189999999768e-16 7.388252289999999686e-16 6.889499710000000082e-16 6.446229370000000141e-16 6.053696830000000312e-16 5.707797160000000489e-16 5.404979709999999973e-16 5.142176619999999690e-16 4.916742499999999844e-16 4.726406260000000298e-16 4.569230820000000146e-16 4.443572960000000002e-16 4.348053850000000017e-16 4.281530000000000174e-16 4.243069139999999799e-16 4.231928539999999887e-16 4.247537239999999994e-16 4.289477280000000231e-16 4.357471259999999757e-16 4.451368309999999704e-16 4.571134000000000255e-16 4.716839020000000318e-16 4.888651709999999957e-16 5.086830419999999990e-16 5.311715019999999771e-16 5.563725330000000038e-16 5.843349959999999792e-16 6.151147970000000142e-16 6.487740330000000124e-16 6.853808909999999641e-16 7.250091689999999537e-16 7.677382230000000117e-16 8.136524909999999834e-16 8.628415469999999922e-16 9.153996230000000725e-16 9.714257709999999824e-16 1.031023329999999931e-15 1.094300290000000000e-15 1.161368670000000019e-15 1.232344849999999939e-15 1.307349399999999944e-15 1.386506749999999917e-15 1.469945320000000007e-15 1.557797560000000036e-15 1.650199960000000080e-15 1.747292699999999947e-15 1.849219880000000121e-15 1.956129630000000162e-15 2.068173450000000009e-15 2.185507419999999960e-15 2.308291200000000064e-15 2.436688050000000114e-15 2.570865909999999852e-15 2.710996289999999952e-15 2.857254949999999931e-15 3.009821680000000157e-15 3.168880699999999806e-15 3.334620909999999973e-15 3.507235419999999810e-15 3.686921390000000109e-15 3.873882310000000125e-15 4.068325079999999686e-15 4.270462719999999881e-15 4.480513340000000096e-15 4.698700980000000227e-15 4.925254340000000118e-15 5.160410159999999746e-15 5.404410289999999743e-15 5.657503310000000320e-15 5.919945460000000308e-15 6.191999729999999690e-15 6.473937610000000074e-15 6.766038620000000044e-15 7.068590319999999891e-15 7.381890439999999655e-15 7.706244770000000291e-15 8.041969660000000061e-15 8.389392929999999900e-15 8.748851690000000643e-15 9.120696620000000686e-15 9.505289379999999601e-15
3.266776020000000051e-14 1.969021600000000141e-14 1.263220549999999945e-14 8.742348169999999298e-15 6.489892329999999809e-15 5.108217689999999632e-15 4.207631079999999903e-15 3.583222960000000133e-15 3.123876140000000093e-15 2.767736480000000126e-15 2.479514679999999881e-15 2.238537829999999882e-15 2.032310290000000031e-15 1.852987910000000141e-15 1.695422420000000005e-15 1.556064109999999936e-15 1.432339809999999955e-15 1.322295929999999954e-15 1.224390039999999956e-15 1.137366510000000017e-15 1.060180850000000047e-15 9.919509669999999404e-16 9.319255540000000304e-16 8.794616570000000334e-16 8.340082280000000010e-16 7.950938930000000171e-16 7.623166290000000253e-16 7.353355069999999940e-16 7.138638040000000128e-16 6.976629219999999873e-16 6.865371969999999617e-16 6.803294519999999932e-16 6.789168120000000176e-16 6.822076410000000461e-16 6.901380930000000166e-16 7.026697339999999662e-16 7.197870519999999857e-16 7.414953420000000094e-16 7.678192199999999637e-16 7.988006680000000210e-16 8.344978650000000408e-16 8.749840290000000148e-16 9.203459779999999513e-16 9.706838760000000394e-16 1.026109690000000079e-15 1.086746769999999949e-15 1.152729569999999976e-15 1.224202420000000011e-15 1.301319479999999908e-15 1.384244319999999998e-15 1.473149429999999990e-15 1.568215750000000046e-15 1.669632590000000003e-15 1.777597529999999984e-15 1.892315439999999984e-15 2.013999560000000068e-15 2.142869900000000067e-15 2.279154329999999977e-15 2.423087250000000195e-15 2.574910910000000098e-15 2.734874149999999850e-15 2.903232529999999982e-15 3.080248440000000191e-15 3.266191440000000065e-15 3.461337460000000018e-15 3.665969609999999961e-15 3.880377359999999840e-15 4.104856340000000074e-15 4.339710199999999636e-15 4.585248540000000371e-15 4.841788129999999679e-15 5.109652140000000119e-15 5.389171319999999728e-15 5.680683639999999979e-15 5.984533409999999623e-15 6.301073859999999751e-15 6.630664120000000392e-15 6.973672229999999969e-15 7.330473850000000269e-15 7.701453099999999975e-15 8.087001320000000417e-15 8.487520850000000155e-15 8.903421649999999531e-15 9.335123010000000365e-15 9.783055199999999343e-15 1.024765789999999935e-14 1.072938159999999973e-14 1.122868799999999941e-14 1.174605149999999976e-14 1.228195570000000047e-14 1.283690039999999992e-14 1.341139790000000054e-14 1.400597269999999940e-14 1.462116430000000033e-14 1.525753159999999897e-14 1.591564239999999879e-14 1.659608760000000068e-14 1.729947229999999983e-14 1.802641800000000111e-14 1.877757019999999873e-14
4.619405310000000229e-14 2.788111950000000062e-14 1.789512109999999939e-14 1.238734860000000066e-14 9.197015130000000585e-15 7.239770169999999674e-15 5.963988199999999639e-15 5.079518089999999705e-15 4.428995520000000003e-15 3.924824989999999638e-15 3.517042160000000057e-15 3.176389010000000108e-15 2.885195809999999990e-15 2.632384220000000020e-15 2.410697909999999889e-15 2.215147860000000102e-15 2.042130790000000167e-15 1.888924339999999944e-15 1.753390280000000028e-15 1.633799499999999935e-15 1.528724219999999950e-15 1.436969159999999912e-15 1.357526789999999979e-15 1.289545190000000097e-15 1.232305040000000007e-15 1.185201850000000072e-15 1.147731659999999913e-15 1.119479289999999930e-15 1.100108179999999975e-15 1.089352340000000014e-15 1.087008389999999981e-15 1.092929470000000088e-15 1.107019860000000016e-15 1.129229389999999923e-15 1.159549880000000099e-15 1.198010679999999992e-15 1.244675950000000081e-15 1.299641400000000096e-15 1.363031760000000061e-15 1.434998960000000036e-15 1.515719509999999995e-15 1.605393090000000076e-15 1.704241509999999984e-15 1.812506510000000177e-15 1.930449280000000171e-15 2.058349350000000126e-15 2.196503179999999916e-15 2.345224169999999914e-15 2.504841380000000040e-15 2.675698939999999868e-15 2.858156400000000138e-15 3.052586460000000015e-15 3.259376429999999975e-15 3.478926940000000068e-15 3.711651360000000025e-15 3.957975749999999656e-15 4.218340119999999810e-15 4.493194689999999894e-15 4.783003200000000033e-15 5.088241259999999797e-15 5.409395919999999848e-15 5.746965660000000368e-15 6.101461230000000122e-15 6.473404829999999755e-15 6.863328819999999662e-15 7.271779550000000083e-15 7.699310960000000684e-15 8.146491839999999245e-15 8.613901560000000317e-15 9.102129650000000314e-15 9.611777519999999818e-15 1.014345930000000028e-14 1.069780079999999947e-14 1.127543829999999958e-14 1.187702060000000055e-14 1.250321169999999959e-14 1.315468340000000038e-14 1.383212430000000043e-14 1.453623400000000001e-14 1.526772819999999963e-14 1.602733209999999967e-14 1.681579099999999849e-14 1.763386049999999887e-14 1.848231310000000059e-14 1.936193990000000004e-14 2.027354390000000095e-14 2.121794830000000028e-14 2.219599520000000103e-14 2.320854180000000031e-14 2.425646900000000047e-14 2.534067280000000111e-14 2.646207670000000006e-14 2.762162069999999845e-14 2.882026890000000259e-14 3.005901060000000158e-14 3.133886039999999893e-14 3.266085520000000045e-14 3.402606230000000013e-14 3.543557249999999724e-14 3.689051090000000061e-14
6.528886589999999780e-14 3.947099330000000223e-14 2.534767269999999987e-14 1.755077340000000118e-14 1.303278100000000015e-14 1.026059370000000066e-14 8.453592099999999791e-15 7.201009939999999851e-15 6.280036949999999941e-15 5.566655209999999695e-15 4.990145949999999981e-15 4.509123990000000261e-15 4.098624300000000338e-15 3.743023769999999941e-15 3.432118850000000054e-15 3.158922340000000035e-15 2.918415599999999806e-15 2.706832059999999873e-15 2.521238039999999883e-15 2.359283850000000047e-15 2.219051830000000102e-15 2.098957810000000091e-15 1.997688449999999811e-15 1.914155339999999978e-15 1.847461869999999908e-15 1.796878330000000027e-15 1.761822179999999904e-15 1.741839929999999933e-15 1.736593720000000004e-15 1.745849250000000095e-15 1.769465170000000018e-15 1.807383659999999928e-15 1.859622719999999937e-15 1.926268969999999831e-15 2.007471899999999913e-15 2.103437980000000086e-15 2.214425759999999948e-15 2.340743150000000072e-15 2.482741659999999887e-15 2.640814949999999909e-15 2.815395429999999989e-15 3.006951499999999810e-15 3.215985899999999971e-15 3.443033919999999944e-15 3.688660770000000126e-15 3.953461059999999959e-15 4.238057349999999769e-15 4.543099330000000125e-15 4.869261650000000259e-15 5.217243529999999709e-15 5.587769199999999826e-15 5.981585310000000288e-15 6.399461819999999731e-15 6.842189850000000083e-15 7.310582970000000019e-15 7.805475520000000784e-15 8.327721309999999329e-15 8.878197860000000170e-15 9.457798790000000191e-15 1.006743890000000035e-14 1.070805329999999953e-14 1.138059579999999955e-14 1.208603780000000065e-14 1.282537139999999934e-14 1.359960689999999989e-14 1.440977360000000157e-14 1.525691669999999924e-14 1.614210340000000111e-14 1.706641790000000131e-14 1.803096310000000007e-14 1.903686050000000057e-14 2.008525009999999952e-14 2.117729069999999970e-14 2.231416140000000024e-14 2.349705820000000037e-14 2.472720070000000141e-14 2.600582580000000153e-14 2.733419029999999851e-14 2.871357670000000124e-14 3.014527920000000077e-14 3.163062600000000091e-14 3.317095539999999740e-14 3.476764300000000130e-14 3.642207789999999918e-14 3.813567639999999795e-14 3.990988179999999966e-14 4.174616449999999831e-14 4.364602210000000197e-14 4.561097589999999863e-14 4.764258449999999799e-14 4.974243329999999860e-14 5.191213530000000034e-14 5.415334730000000154e-14 5.646774959999999945e-14 5.885706689999999594e-14 6.132304410000000185e-14 6.386749039999999439e-14 6.649222869999999561e-14 6.919914270000000401e-14 7.199013659999999859e-14
9.223740880000000583e-14 5.586848729999999730e-14 3.590023110000000295e-14 2.486493679999999870e-14 1.846771370000000060e-14 1.454181760000000132e-14 1.198284889999999966e-14 1.020940920000000051e-14 8.906091500000000053e-15 7.897359960000000207e-15 7.083161830000000169e-15 6.405001840000000208e-15 5.827648090000000287e-15 5.329113719999999657e-15 4.895096999999999954e-15 4.515863410000000155e-15 4.184475319999999765e-15 3.895778539999999839e-15 3.645809800000000009e-15 3.431441009999999820e-15 3.250165370000000160e-15 3.099958469999999869e-15 2.979187029999999943e-15 2.886545559999999948e-15 2.821008289999999973e-15 2.781794269999999810e-15 2.768337450000000001e-15 2.780263040000000182e-15 2.817367109999999993e-15 2.879598829999999907e-15 2.967045879999999917e-15 3.079920640000000044e-15 3.218549649999999874e-15 3.383362570000000146e-15 3.574883500000000377e-15 3.793724619999999606e-15 4.040576279999999759e-15 4.316204190000000237e-15 4.621443099999999848e-15 4.957190870000000232e-15 5.324407179999999792e-15 5.724106359999999709e-15 6.157358199999999861e-15 6.625281230000000024e-15 7.129044330000000378e-15 7.669860470000000265e-15 8.248987060000000489e-15 8.867725990000000161e-15 9.527418119999999262e-15 1.022944330000000022e-14 1.097522189999999974e-14 1.176620839999999945e-14 1.260389680000000014e-14 1.348981369999999992e-14 1.442552000000000016e-14 1.541261320000000041e-14 1.645272050000000114e-14 1.754750210000000008e-14 1.869865039999999859e-14 1.990788819999999889e-14 2.117697230000000023e-14 2.250768300000000077e-14 2.390183489999999884e-14 2.536127439999999962e-14 2.688787000000000120e-14 2.848352590000000152e-14 3.015017159999999714e-14 3.188976389999999864e-14 3.370429480000000077e-14 3.559577359999999834e-14 3.756624659999999844e-14 3.961778749999999690e-14 4.175249690000000049e-14 4.397250590000000102e-14 4.627997610000000059e-14 4.867708949999999763e-14 5.116607210000000157e-14 5.374917020000000241e-14 5.642866410000000297e-14 5.920686440000000377e-14 6.208612589999999735e-14 6.506881349999999656e-14 6.815734639999999497e-14 7.135417070000000341e-14 7.466177330000000013e-14 7.808266840000000578e-14 8.161941720000000100e-14 8.527462179999999377e-14 8.905091829999999859e-14 9.295099679999999498e-14 9.697756779999999664e-14 1.011334099999999987e-13 1.054213409999999988e-13 1.098442219999999992e-13 1.144049730000000043e-13 1.191065479999999999e-13 1.239519829999999946e-13 1.289443269999999885e-13 1.340867249999999897e-13 1.393823479999999891e-13
1.302645870000000057e-13 7.906661569999999812e-14 5.084190579999999863e-14 3.522563369999999898e-14 2.616866960000000016e-14 2.060969400000000148e-14 1.698655800000000003e-14 1.447650460000000002e-14 1.263314660000000040e-14 1.120810939999999992e-14 1.005991980000000041e-14 9.105971799999999610e-15 8.296630119999999269e-15 7.601038189999999687e-15 6.999245420000000321e-15 6.477787800000000290e-15 6.027185760000000001e-15 5.640502510000000385e-15 5.312506789999999807e-15 5.039170950000000024e-15 4.817362670000000159e-15 4.644651379999999996e-15 4.519177419999999875e-15 4.439559290000000032e-15 4.404829250000000360e-15 4.414379119999999918e-15 4.467919230000000369e-15 4.565443629999999631e-15 4.707199679999999712e-15 4.893665089999999799e-15 5.125523419999999888e-15 5.403646689999999961e-15 5.729077170000000115e-15 6.103012989999999998e-15 6.526796700000000075e-15 7.001901720000000127e-15 7.529923000000000142e-15 8.112569859999999240e-15 8.751654529999999309e-15 9.449089599999999949e-15 1.020687999999999991e-14 1.102711450000000020e-14 1.191196920000000031e-14 1.286369289999999927e-14 1.388461319999999924e-14 1.497712479999999982e-14 1.614369409999999870e-14 1.738684880000000150e-14 1.870918239999999882e-14 2.011334789999999893e-14 2.160205739999999950e-14 2.317807910000000069e-14 2.484423529999999925e-14 2.660340580000000049e-14 2.845851809999999799e-14 3.041255529999999740e-14 3.246854150000000016e-14 3.462955970000000025e-14 3.689873389999999688e-14 3.927923190000000033e-14 4.177427920000000099e-14 4.438712849999999702e-14 4.712108659999999890e-14 4.997950430000000288e-14 5.296576979999999847e-14 5.608331860000000139e-14 5.933562020000000230e-14 6.272619139999999912e-14 6.625858310000000571e-14 6.993639340000000220e-14 7.376325430000000364e-14 7.774284550000000071e-14 8.187887350000000450e-14 8.617510600000000247e-14 9.063532400000000177e-14 9.526336969999999854e-14 1.000631190000000049e-13 1.050384960000000055e-13 1.101934500000000054e-13 1.155319869999999903e-13 1.210581660000000057e-13 1.267760580000000064e-13 1.326898119999999965e-13 1.388036139999999923e-13 1.451216810000000107e-13 1.516483069999999982e-13 1.583878160000000091e-13 1.653445989999999914e-13 1.725230739999999953e-13 1.799277420000000119e-13 1.875631540000000107e-13 1.954339059999999973e-13 2.035446600000000032e-13 2.119001450000000037e-13 2.205051459999999894e-13 2.293645149999999953e-13 2.384831969999999832e-13 2.478661259999999861e-13 2.575183720000000127e-13 2.674450830000000195e-13
1.839244359999999969e-13 1.118859579999999990e-13 7.199843750000000292e-14 4.990211259999999898e-14 3.708094759999999805e-14 2.921068339999999938e-14 2.408206660000000028e-14 2.053098259999999852e-14 1.792582429999999988e-14 1.591529510000000136e-14 1.429948989999999998e-14 1.296191230000000041e-14 1.183279450000000031e-14 1.086900820000000060e-14 1.004290709999999947e-14 9.336077610000000469e-15 8.735782819999999618e-15 8.232928159999999790e-15 7.820868649999999865e-15 7.494698289999999602e-15 7.250817170000000266e-15 7.086646519999999926e-15 7.000448209999999917e-15 6.991190989999999735e-15 7.058453450000000311e-15 7.202349949999999985e-15 7.423468750000000134e-15 7.722820359999999473e-15 8.101793910000000335e-15 8.562123279999999786e-15 9.105848129999999788e-15 9.735292709999999977e-15 1.045303450000000015e-14 1.126188490000000059e-14 1.216487200000000043e-14 1.316521879999999999e-14 1.426633029999999998e-14 1.547178180000000039e-14 1.678530459999999998e-14 1.821077470000000141e-14 1.975220860000000099e-14 2.141374850000000079e-14 2.319966319999999902e-14 2.511432869999999984e-14 2.716223919999999874e-14 2.934798399999999935e-14 3.167626069999999841e-14 3.415185339999999916e-14 3.677964440000000298e-14 3.956459729999999971e-14 4.251176370000000127e-14 4.562627330000000233e-14 4.891333720000000183e-14 5.237824400000000057e-14 5.602634379999999770e-14 5.986307780000000440e-14 6.389393139999999864e-14 6.812447469999999678e-14 7.256033199999999910e-14 7.720720219999999878e-14 8.207083150000000256e-14 8.715703399999999550e-14 9.247167780000000341e-14 9.802068550000000127e-14 1.038100410000000004e-13 1.098457739999999974e-13 1.161339769999999905e-13 1.226807689999999949e-13 1.294923639999999900e-13 1.365749830000000105e-13 1.439349129999999913e-13 1.515784970000000082e-13 1.595121199999999908e-13 1.677422040000000072e-13 1.762752269999999893e-13 1.851177219999999914e-13 1.942762630000000038e-13 2.037574619999999972e-13 2.135680009999999929e-13 2.237146020000000050e-13 2.342040409999999999e-13 2.450431080000000048e-13 2.562386880000000107e-13 2.677977199999999863e-13 2.797271959999999854e-13 2.920340840000000156e-13 3.047255100000000183e-13 3.178086319999999796e-13 3.312906589999999836e-13 3.451788009999999817e-13 3.594804029999999833e-13 3.742028929999999887e-13 3.893536700000000102e-13 4.049402689999999848e-13 4.209702790000000041e-13 4.374513179999999965e-13 4.543911629999999943e-13 4.717975680000000027e-13 4.896783929999999948e-13 5.080415799999999671e-13
2.596521629999999797e-13 1.583195240000000109e-13 1.019560890000000054e-13 7.069310549999999909e-14 5.254488930000000265e-14 4.140406479999999927e-14 3.414660860000000312e-14 2.912568190000000241e-14 2.544784960000000041e-14 2.261649799999999858e-14 2.034943460000000057e-14 1.848265870000000147e-14 1.691842770000000108e-14 1.559680729999999843e-14 1.447987239999999952e-14 1.354284730000000005e-14 1.276907080000000048e-14 1.214711399999999956e-14 1.166908499999999977e-14 1.132961959999999976e-14 1.112526359999999980e-14 1.105406800000000053e-14 1.111532450000000011e-14 1.130937550000000000e-14 1.163747120000000072e-14 1.210165969999999957e-14 1.270469119999999995e-14 1.344994810000000031e-14 1.434137740000000002e-14 1.538343120000000056e-14 1.658102229999999937e-14 1.793947340000000057e-14 1.946448679999999986e-14 2.116210680000000081e-14 2.303868629999999875e-14 2.510086760000000001e-14 2.735555239999999893e-14 2.980988460000000306e-14 3.247123159999999862e-14 3.534716600000000115e-14 3.844545329999999779e-14 4.177403869999999696e-14 4.534103669999999868e-14 4.915471780000000014e-14 5.322349820000000068e-14 5.755593620000000247e-14 6.216072579999999902e-14 6.704667610000000413e-14 7.222273180000000090e-14 7.769793250000000266e-14 8.348143279999999571e-14 8.958250270000000239e-14 9.601048659999999377e-14 1.027748380000000002e-13 1.098850959999999987e-13 1.173508850000000108e-13 1.251819149999999925e-13 1.333879699999999996e-13 1.419789040000000124e-13 1.509646359999999933e-13 1.603551949999999983e-13 1.701606110000000013e-13 1.803910349999999985e-13 1.910566300000000092e-13 2.021676550000000103e-13 2.137343850000000010e-13 2.257671859999999955e-13 2.382764400000000053e-13 2.512725809999999820e-13 2.647661279999999819e-13 2.787675959999999861e-13 2.932875839999999860e-13 3.083366619999999844e-13 3.239255379999999971e-13 3.400648629999999809e-13 3.567654260000000066e-13 3.740379589999999846e-13 3.918932779999999872e-13 4.103422250000000186e-13 4.293956950000000170e-13 4.490646139999999968e-13 4.693599029999999797e-13 4.902926480000000019e-13 5.118737469999999567e-13 5.341143650000000490e-13 5.570255630000000482e-13 5.806185610000000294e-13 6.049044729999999986e-13 6.298945199999999990e-13 6.556000320000000482e-13 6.820322299999999877e-13 7.092026079999999820e-13 7.371224400000000084e-13 7.658032189999999603e-13 7.952564390000000023e-13 8.254935909999999904e-13 8.565262760000000258e-13 8.883661490000000107e-13 9.210248670000000866e-13 9.545141369999999194e-13
3.665470979999999931e-13 2.240216199999999998e-13 1.443791239999999929e-13 1.001482219999999994e-13 7.446156859999999429e-14 5.869392160000000111e-14 4.842806520000000289e-14 4.133466910000000095e-14 3.615035309999999885e-14 3.217355040000000146e-14 2.900645020000000255e-14 2.641875429999999962e-14 2.427417030000000051e-14 2.249011049999999964e-14 2.101531259999999983e-14 1.981727939999999857e-14 1.887515339999999924e-14 1.817561429999999876e-14 1.771048149999999953e-14 1.747526719999999860e-14 1.746829099999999874e-14 1.769010520000000148e-14 1.814310349999999870e-14 1.883123820000000140e-14 1.975981159999999844e-14 2.093531209999999862e-14 2.236526630000000052e-14 2.405812600000000024e-14 2.602317129999999936e-14 2.827041410000000024e-14 3.081052869999999959e-14 3.365477719999999869e-14 3.681495209999999804e-14 4.030332179999999762e-14 4.413258159999999946e-14 4.831581979999999792e-14 5.286647379999999710e-14 5.779829599999999487e-14 6.312532689999999718e-14 6.886188129999999530e-14 7.502249420000000398e-14 8.162193790000000470e-14 8.867518809999999913e-14 9.619739630000000143e-14 1.042038839999999952e-13 1.127101480000000050e-13 1.217318209999999963e-13 1.312846589999999975e-13 1.413845709999999905e-13 1.520475640000000027e-13 1.632897510000000046e-13 1.751273689999999948e-13 1.875767069999999877e-13 2.006542040000000088e-13 2.143763000000000011e-13 2.287595569999999994e-13 2.438206160000000053e-13 2.595761330000000241e-13 2.760428600000000184e-13 2.932375479999999826e-13 3.111770549999999992e-13 3.298782420000000049e-13 3.493579939999999827e-13 3.696332250000000050e-13 3.907209299999999968e-13 4.126380499999999817e-13 4.354015520000000161e-13 4.590284859999999963e-13 4.835357920000000281e-13 5.089404919999999875e-13 5.352596620000000061e-13 5.625101620000000019e-13 5.907091220000000084e-13 6.198735100000000503e-13 6.500201849999999765e-13 6.811662239999999877e-13 7.133285389999999672e-13 7.465239910000000034e-13 7.807695999999999854e-13 8.160821189999999956e-13 8.524784609999999866e-13 8.899754850000000092e-13 9.285899959999999093e-13 9.683386900000000634e-13 1.009238370000000078e-12 1.051305739999999975e-12 1.094557599999999961e-12 1.139010540000000040e-12 1.184681150000000014e-12 1.231586010000000005e-12 1.279741830000000044e-12 1.329165079999999906e-12 1.379872240000000057e-12 1.431879789999999953e-12 1.485204210000000060e-12 1.539861879999999978e-12 1.595869270000000088e-12 1.653242539999999903e-12 1.711998059999999946e-12 1.772151980000000049e-12
5.174822159999999870e-13 3.170009560000000170e-13 2.044600109999999985e-13 1.418821659999999986e-13 1.055284600000000053e-13 8.321760569999999657e-14 6.870425179999999821e-14 5.869436879999999632e-14 5.140223509999999893e-14 4.583770630000000294e-14 4.144101239999999885e-14 3.788992499999999771e-14 3.499568800000000242e-14 3.264588649999999753e-14 3.077278149999999881e-14 2.933547159999999911e-14 2.830981469999999995e-14 2.768256310000000094e-14 2.744797220000000137e-14 2.760571689999999981e-14 2.815962390000000149e-14 2.911681850000000153e-14 3.048715519999999907e-14 3.228280069999999978e-14 3.451790379999999959e-14 3.720833459999999689e-14 4.037147409999999892e-14 4.402602139999999959e-14 4.819183450000000194e-14 5.288979769999999773e-14 5.814167640000000631e-14 6.397004239999999646e-14 7.039812800000000424e-14 7.744979249999999701e-14 8.514940329999999893e-14 9.352181569999999998e-14 1.025922580000000050e-13 1.123863300000000057e-13 1.229299319999999994e-13 1.342492469999999990e-13 1.463706540000000073e-13 1.593207720000000091e-13 1.731263650000000074e-13 1.878143640000000064e-13 2.034118450000000034e-13 2.199459419999999979e-13 2.374439080000000244e-13 2.559331059999999845e-13 2.754409110000000045e-13 2.959947549999999923e-13 3.176221220000000230e-13 3.403504960000000205e-13 3.642074159999999806e-13 3.892203939999999988e-13 4.154169139999999987e-13 4.428244879999999749e-13 4.714705730000000010e-13 5.013826269999999678e-13 5.325879710000000238e-13 5.651140359999999572e-13 5.989879819999999774e-13 6.342370749999999590e-13 6.708884750000000102e-13 7.089691249999999566e-13 7.485060749999999641e-13 7.895260509999999794e-13 8.320558869999999550e-13 8.761221999999999642e-13 9.217513900000001009e-13 9.689699129999999942e-13 1.017804109999999995e-12 1.068279800000000054e-12 1.120423090000000073e-12 1.174259799999999972e-12 1.229815619999999960e-12 1.287115809999999957e-12 1.346185860000000056e-12 1.407050800000000005e-12 1.469735569999999983e-12 1.534265120000000055e-12 1.600663939999999939e-12 1.668956419999999902e-12 1.739166750000000093e-12 1.811319109999999971e-12 1.885437119999999803e-12 1.961544639999999912e-12 2.039665089999999843e-12 2.119821459999999862e-12 2.202036950000000032e-12 2.286334530000000043e-12 2.372736559999999958e-12 2.461265570000000101e-12 2.551943899999999958e-12 2.644793239999999853e-12 2.739835270000000022e-12 2.837091890000000183e-12 2.936584139999999880e-12 3.038333259999999983e-12 3.142359849999999864e-12 3.248684740000000077e-12
7.306763159999999540e-13 4.486031499999999776e-13 2.895580639999999750e-13 2.010210029999999880e-13 1.495751089999999956e-13 1.180157049999999955e-13 9.751323149999999490e-14 8.341058010000000097e-14 7.318535429999999557e-14 6.544192139999999799e-14 5.939471599999999646e-14 5.459521050000000298e-14 5.078450749999999862e-14 4.781242810000000170e-14 4.559257840000000088e-14 4.407710770000000007e-14 4.324230249999999935e-14 4.308031250000000163e-14 4.359423449999999838e-14 4.479514430000000239e-14 4.670022299999999689e-14 4.933151729999999790e-14 5.271506839999999960e-14 5.688026140000000314e-14 6.185933109999999833e-14 6.768691780000000573e-14 7.439975559999999709e-14 8.203635390000000004e-14 9.063672659999999537e-14 1.002421819999999959e-13 1.108950919999999996e-13 1.226387430000000009e-13 1.355171939999999999e-13 1.495750680000000093e-13 1.648575350000000122e-13 1.814101309999999893e-13 1.992786769999999896e-13 2.185092659999999882e-13 2.391480840000000126e-13 2.612414680000000190e-13 2.848357670000000121e-13 3.099773309999999900e-13 3.367125370000000025e-13 3.650875720000000205e-13 3.951486219999999957e-13 4.269417119999999910e-13 4.605127590000000131e-13 4.959074059999999791e-13 5.331712179999999590e-13 5.723495679999999563e-13 6.134875049999999573e-13 6.566299149999999712e-13 7.018214130000000244e-13 7.491063980000000309e-13 7.985289400000000457e-13 8.501328979999999538e-13 9.039617470000000122e-13 9.600587470000000306e-13 1.018466670000000058e-12 1.079228180000000037e-12 1.142385449999999940e-12 1.207980330000000098e-12 1.276054350000000088e-12 1.346648599999999921e-12 1.419803839999999984e-12 1.495560290000000027e-12 1.573957979999999975e-12 1.655036239999999954e-12 1.738834339999999974e-12 1.825390750000000191e-12 1.914743750000000123e-12 2.006931079999999868e-12 2.101989809999999984e-12 2.199956800000000019e-12 2.300868259999999954e-12 2.404760200000000059e-12 2.511667519999999881e-12 2.621625359999999834e-12 2.734667739999999926e-12 2.850828509999999908e-12 2.970141059999999990e-12 3.092637689999999835e-12 3.218350929999999884e-12 3.347312009999999829e-12 3.479552369999999966e-12 3.615102360000000044e-12 3.753991910000000215e-12 3.896250940000000142e-12 4.041907429999999658e-12 4.190990000000000098e-12 4.343526840000000288e-12 4.499544400000000147e-12 4.659069570000000174e-12 4.822128809999999971e-12 4.988746829999999748e-12 5.158948359999999886e-12 5.332758539999999872e-12 5.510199939999999973e-12 5.691296390000000050e-12 5.876070030000000282e-12
1.031921619999999995e-12 6.349033710000000060e-13 4.101051369999999921e-13 2.848363629999999806e-13 2.120420670000000110e-13 1.674202229999999990e-13 1.384888029999999932e-13 1.186660089999999935e-13 1.043919320000000030e-13 9.370312139999999423e-14 8.550124720000000436e-14 7.916656560000000482e-14 7.434900810000000503e-14 7.085358780000000005e-14 6.857658699999999889e-14 6.746969109999999746e-14 6.751953050000000471e-14 6.873576820000000376e-14 7.114405910000000471e-14 7.478172680000000256e-14 7.969499900000000164e-14 8.593711679999999942e-14 9.356697950000000337e-14 1.026481890000000010e-13 1.132481560000000009e-13 1.254374890000000102e-13 1.392893909999999950e-13 1.548791749999999957e-13 1.722838319999999906e-13 1.915816680000000052e-13 2.128519529999999922e-13 2.361746590000000181e-13 2.616302359999999999e-13 2.892992919999999903e-13 3.192626009999999997e-13 3.516007470000000094e-13 3.863941500000000051e-13 4.237228239999999822e-13 4.636664320000000187e-13 5.063040369999999974e-13 5.517141649999999797e-13 5.999747139999999638e-13 6.511628260000000078e-13 7.053550449999999623e-13 7.626271030000000006e-13 8.230538650000000418e-13 8.867095430000000282e-13 9.536674839999999881e-13 1.024000110000000022e-12 1.097779199999999935e-12 1.175075339999999933e-12 1.255958659999999945e-12 1.340498029999999906e-12 1.428761619999999948e-12 1.520816569999999975e-12 1.616729320000000091e-12 1.716565259999999995e-12 1.820388669999999880e-12 1.928263099999999876e-12 2.040251000000000088e-12 2.156414150000000070e-12 2.276812849999999897e-12 2.401506940000000104e-12 2.530554540000000072e-12 2.664013540000000019e-12 2.801940320000000017e-12 2.944390389999999880e-12 3.091417959999999881e-12 3.243076380000000122e-12 3.399418119999999953e-12 3.560493909999999822e-12 3.726354289999999740e-12 3.897047620000000241e-12 4.072622009999999694e-12 4.253123889999999697e-12 4.438599230000000292e-12 4.629091809999999933e-12 4.824645460000000333e-12 5.025302220000000235e-12 5.231102010000000226e-12 5.442086020000000174e-12 5.658291540000000117e-12 5.879756750000000123e-12 6.106517199999999711e-12 6.338608460000000190e-12 6.576063909999999664e-12 6.818916530000000045e-12 7.067197519999999959e-12 7.320937259999999816e-12 7.580164789999999740e-12 7.844907020000000402e-12 8.115192550000000541e-12 8.391045669999999960e-12 8.672489809999999906e-12 8.959550120000000358e-12 9.252246540000000225e-12 9.550599889999999570e-12 9.854630999999999755e-12 1.016435720000000012e-11 1.047979500000000018e-11
1.457738880000000006e-12 8.986805439999999663e-13 5.808911839999999501e-13 4.036476830000000212e-13 3.006660679999999963e-13 2.376158620000000016e-13 1.968542109999999947e-13 1.690840799999999950e-13 1.492876600000000053e-13 1.347098970000000007e-13 1.238233959999999909e-13 1.157807839999999976e-13 1.101187490000000062e-13 1.065954299999999975e-13 1.050998139999999971e-13 1.056006339999999988e-13 1.081171150000000060e-13 1.127018869999999967e-13 1.194307380000000080e-13 1.283962090000000079e-13 1.397034480000000108e-13 1.534673810000000122e-13 1.698105089999999883e-13 1.888613369999999953e-13 2.107530460000000051e-13 2.356223940000000205e-13 2.636087150000000101e-13 2.948532530000000146e-13 3.294982830000000221e-13 3.676866750000000207e-13 4.095612469999999824e-13 4.552644070000000165e-13 5.049377800000000384e-13 5.587218509999999924e-13 6.167557239999999765e-13 6.791769300000000251e-13 7.461212100000000275e-13 8.177224629999999650e-13 8.941125290000000321e-13 9.754211330000000904e-13 1.061775779999999973e-12 1.153301850000000001e-12 1.250122399999999900e-12 1.352358439999999933e-12 1.460128350000000016e-12 1.573548259999999980e-12 1.692732430000000027e-12 1.817792229999999987e-12 1.948837139999999888e-12 2.085974190000000163e-12 2.229308319999999918e-12 2.378941880000000075e-12 2.534975479999999823e-12 2.697506710000000084e-12 2.866631629999999844e-12 3.042443680000000054e-12 3.225034390000000072e-12 3.414492649999999838e-12 3.610905189999999979e-12 3.814356819999999856e-12 4.024930130000000212e-12 4.242704710000000059e-12 4.467759060000000284e-12 4.700168639999999694e-12 4.940006739999999724e-12 5.187344480000000393e-12 5.442250819999999988e-12 5.704792969999999825e-12 5.975034699999999721e-12 6.253038449999999692e-12 6.538864070000000359e-12 6.832568800000000353e-12 7.134208589999999662e-12 7.443836350000000231e-12 7.761502379999999594e-12 8.087255690000000677e-12 8.421142259999999973e-12 8.763206309999999745e-12 9.113488610000000263e-12 9.472029930000000182e-12 9.838866700000000175e-12 1.021403359999999991e-11 1.059756450000000051e-11 1.098948800000000072e-11 1.138983349999999975e-11 1.179862629999999926e-11 1.221589060000000031e-11 1.264164809999999926e-11 1.307591710000000023e-11 1.351871570000000072e-11 1.397005859999999954e-11 1.442995899999999946e-11 1.489842620000000100e-11 1.537546999999999850e-11 1.586109720000000074e-11 1.635530949999999901e-11 1.685811209999999954e-11 1.736950340000000141e-11 1.788948160000000034e-11 1.841804310000000072e-11
2.059849249999999923e-12 1.272217140000000091e-12 8.228893369999999772e-13 5.721076820000000238e-13 4.264640400000000121e-13 3.374578719999999873e-13 2.801579500000000179e-13 2.414422559999999767e-13 2.142505059999999931e-13 1.947313700000000126e-13 1.807765910000000022e-13 1.712451789999999931e-13 1.655436180000000119e-13 1.633949319999999941e-13 1.647097990000000041e-13 1.695135049999999954e-13 1.779040100000000018e-13 1.900270849999999875e-13 2.060613779999999992e-13 2.262087820000000072e-13 2.506881960000000119e-13 2.797309910000000153e-13 3.135776140000000007e-13 3.524750210000000102e-13 3.966745550000000092e-13 4.464300019999999841e-13 5.019962310000000352e-13 5.636277579999999543e-13 6.315778520000000291e-13 7.060972899999999606e-13 7.874339740000000121e-13 8.758319050000000446e-13 9.715309070000000967e-13 1.074766249999999929e-12 1.185768170000000019e-12 1.304761419999999957e-12 1.431965660000000005e-12 1.567594799999999931e-12 1.711857330000000052e-12 1.864955669999999845e-12 2.027087270000000200e-12 2.198443030000000043e-12 2.379208810000000118e-12 2.569564570000000183e-12 2.769685089999999998e-12 2.979739500000000099e-12 3.199891519999999837e-12 3.430299450000000121e-12 3.671116800000000386e-12 3.922491240000000009e-12 4.184565889999999779e-12 4.457479089999999905e-12 4.741363549999999933e-12 5.036347209999999724e-12 5.342553659999999861e-12 5.660102160000000202e-12 5.989105479999999767e-12 6.329673760000000260e-12 6.681911529999999661e-12 7.045918539999999814e-12 7.421791479999999505e-12 7.809620140000000806e-12 8.209491250000000307e-12 8.621488940000000369e-12 9.045688680000000289e-12 9.482166789999999858e-12 9.930990060000000797e-12 1.039222440000000044e-11 1.086593060000000027e-11 1.135216569999999962e-11 1.185098110000000069e-11 1.236242530000000078e-11 1.288654170000000072e-11 1.342337089999999970e-11 1.397294870000000061e-11 1.453530529999999990e-11 1.511047020000000005e-11 1.569846510000000066e-11 1.629931090000000087e-11 1.691302309999999993e-11 1.753961389999999844e-11 1.817909020000000036e-11 1.883145550000000125e-11 1.949671329999999992e-11 2.017485659999999877e-11 2.086588020000000127e-11 2.156977200000000043e-11 2.228651810000000116e-11 2.301609939999999889e-11 2.375849689999999881e-11 2.451368449999999877e-11 2.528163100000000016e-11 2.606230679999999881e-11 2.685567740000000065e-11 2.766170110000000100e-11 2.848033789999999939e-11 2.931154279999999892e-11 3.015526719999999738e-11 3.101145730000000250e-11 3.188006460000000242e-11
2.911512609999999952e-12 1.801269959999999914e-12 1.165848990000000068e-12 8.110375440000000337e-13 6.051527550000000165e-13 4.796750560000000135e-13 3.993887740000000088e-13 3.457940309999999963e-13 3.089817900000000055e-13 2.835960630000000065e-13 2.667575900000000086e-13 2.569639109999999814e-13 2.534934879999999913e-13 2.560771689999999787e-13 2.647143570000000069e-13 2.795683059999999786e-13 3.009053239999999858e-13 3.290588560000000175e-13 3.644068820000000027e-13 4.073578770000000154e-13 4.583407219999999521e-13 5.177980440000000492e-13 5.861804100000000472e-13 6.639425339999999565e-13 7.515395640000000498e-13 8.494243720000000252e-13 9.580449500000000556e-13 1.077842889999999951e-12 1.209251020000000066e-12 1.352692699999999907e-12 1.508580590000000078e-12 1.677315510000000080e-12 1.859286380000000018e-12 2.054868859999999935e-12 2.264426279999999988e-12 2.488308599999999925e-12 2.726852159999999952e-12 2.980380270000000185e-12 3.249203420000000044e-12 3.533618710000000187e-12 3.833910620000000285e-12 4.150351069999999952e-12 4.483199840000000353e-12 4.832703680000000142e-12 5.199098530000000131e-12 5.582609030000000267e-12 5.983447239999999856e-12 6.401815280000000223e-12 6.837904369999999629e-12 7.291895390000000549e-12 7.763958750000000055e-12 8.254254920000000470e-12 8.762934819999999412e-12 9.290139839999999660e-12 9.836000940000000556e-12 1.040064300000000052e-11 1.098417800000000021e-11 1.158671249999999944e-11 1.220834280000000047e-11 1.284915749999999952e-11 1.350923540000000007e-11 1.418864940000000059e-11 1.488746279999999885e-11 1.560573199999999993e-11 1.634350640000000004e-11 1.710082419999999862e-11 1.787772009999999953e-11 1.867422019999999847e-11 1.949033990000000108e-11 2.032609500000000034e-11 2.118148710000000039e-11 2.205651460000000032e-11 2.295116700000000053e-11 2.386542869999999846e-11 2.479927720000000053e-11 2.575268120000000158e-11 2.672560610000000104e-11 2.771800839999999963e-11 2.872984139999999949e-11 2.976104779999999984e-11 3.081157199999999767e-11 3.188134129999999948e-11 3.297028620000000070e-11 3.407832699999999731e-11 3.520538370000000131e-11 3.635136289999999755e-11 3.751617069999999967e-11 3.869971009999999692e-11 3.990186999999999949e-11 4.112254630000000221e-11 4.236162120000000169e-11 4.361897300000000201e-11 4.489448049999999783e-11 4.618801169999999695e-11 4.749943150000000217e-11 4.882860440000000311e-11 5.017538809999999843e-11 5.153963019999999706e-11 5.292118480000000205e-11 5.431989579999999758e-11
4.116513549999999823e-12 2.550703790000000114e-12 1.651984110000000025e-12 1.150054879999999961e-12 8.592117359999999714e-13 6.826632900000000425e-13 5.706988699999999956e-13 4.972792470000000435e-13 4.485454709999999808e-13 4.171025779999999876e-13 3.990765239999999967e-13 3.925538010000000197e-13 3.967342949999999821e-13 4.114629909999999936e-13 4.369668960000000086e-13 4.737040300000000353e-13 5.222753650000000426e-13 5.833716210000000222e-13 6.577400840000000428e-13 7.461624630000000155e-13 8.494403100000000209e-13 9.683835759999999716e-13 1.103802489999999945e-12 1.256500979999999947e-12 1.427270949999999979e-12 1.616888479999999960e-12 1.826109789999999981e-12 2.055669000000000093e-12 2.306274749999999942e-12 2.578609630000000085e-12 2.873328749999999920e-12 3.191058309999999848e-12 3.532395510000000087e-12 3.897908040000000301e-12 4.288134079999999998e-12 4.703583879999999692e-12 5.144737069999999831e-12 5.612046850000000305e-12 6.105936940000000305e-12 6.626806310000000084e-12 7.175025330000000346e-12 7.750940510000000466e-12 8.354874080000000499e-12 8.987121810000000095e-12 9.647958649999999643e-12 1.033763699999999944e-11 1.105638579999999950e-11 1.180441600000000042e-11 1.258191639999999971e-11 1.338905639999999984e-11 1.422598670000000057e-11 1.509284020000000106e-11 1.598973379999999933e-11 1.691676139999999950e-11 1.787400959999999986e-11 1.886154080000000089e-11 1.987940710000000035e-11 2.092764160000000120e-11 2.200626489999999917e-11 2.311528400000000153e-11 2.425469369999999882e-11 2.542446809999999871e-11 2.662457750000000021e-11 2.785497350000000122e-11 2.911559540000000225e-11 3.040637529999999964e-11 3.172722850000000267e-11 3.307806109999999914e-11 3.445876919999999691e-11 3.586923119999999688e-11 3.730932579999999689e-11 3.877891059999999873e-11 4.027784359999999800e-11 4.180596150000000058e-11 4.336310130000000285e-11 4.494908610000000287e-11 4.656372859999999914e-11 4.820683779999999772e-11 4.987820570000000133e-11 5.157762759999999843e-11 5.330487790000000096e-11 5.505973450000000027e-11 5.684195820000000044e-11 5.865130600000000337e-11 6.048753169999999618e-11 6.235038180000000380e-11 6.423957890000000179e-11 6.615486629999999384e-11 6.809596640000000064e-11 7.006258770000000579e-11 7.205444570000000338e-11 7.407124909999999650e-11 7.611269949999999386e-11 7.817848449999999604e-11 8.026830590000000541e-11 8.238183749999999521e-11 8.451876000000000407e-11 8.667875450000000623e-11 8.886149459999999422e-11 9.106664030000000441e-11
5.821908059999999949e-12 3.612490079999999974e-12 2.341226170000000082e-12 1.631350650000000083e-12 1.220906730000000066e-12 9.732009039999999212e-13 8.181292559999999507e-13 7.191228409999999814e-13 6.568910449999999984e-13 6.213235220000000319e-13 6.073168230000000292e-13 6.125573139999999833e-13 6.363153819999999946e-13 6.787759920000000265e-13 7.406607340000000284e-13 8.230095750000000010e-13 9.270518380000000078e-13 1.054127920000000044e-12 1.205639099999999986e-12 1.383014689999999982e-12 1.587689289999999987e-12 1.821085379999999866e-12 2.084600719999999995e-12 2.379598909999999934e-12 2.707400929999999926e-12 3.069278990000000168e-12 3.466452390000000124e-12 3.900082950000000166e-12 4.371272870000000013e-12 4.881064299999999861e-12 5.430434749999999829e-12 6.020301880000000222e-12 6.651519179999999683e-12 7.324879420000000418e-12 8.041115520000000777e-12 8.800898380000000308e-12 9.604845559999999753e-12 1.045351570000000042e-11 1.134741520000000059e-11 1.228699780000000080e-11 1.327266679999999960e-11 1.430477959999999973e-11 1.538364399999999955e-11 1.650952809999999873e-11 1.768265569999999883e-11 1.890321059999999932e-11 2.017133679999999932e-11 2.148714189999999955e-11 2.285070399999999985e-11 2.426205760000000075e-11 2.572121509999999973e-11 2.722815030000000104e-11 2.878281469999999930e-11 3.038512500000000135e-11 3.203497880000000302e-11 3.373224270000000162e-11 3.547675690000000183e-11 3.726834470000000181e-11 3.910680109999999956e-11 4.099190430000000273e-11 4.292341139999999714e-11 4.490105160000000093e-11 4.692454410000000065e-11 4.899359040000000170e-11 5.110786449999999683e-11 5.326703660000000247e-11 5.547074609999999784e-11 5.771863200000000075e-11 6.001030920000000538e-11 6.234537890000000124e-11 6.472342799999999865e-11 6.714402639999999813e-11 6.960675090000000096e-11 7.211114340000000442e-11 7.465674609999999626e-11 7.724307300000000613e-11 7.986965950000000494e-11 8.253599889999999422e-11 8.524159849999999652e-11 8.798593099999999501e-11 9.076848299999999707e-11 9.358872700000000514e-11 9.644611500000000015e-11 9.934011249999999991e-11 1.022701580000000002e-10 1.052356950000000060e-10 1.082361559999999968e-10 1.112709650000000020e-10 1.143395450000000050e-10 1.174413209999999907e-10 1.205756880000000040e-10 1.237420579999999899e-10 1.269398479999999930e-10 1.301684320000000009e-10 1.334272280000000008e-10 1.367156110000000003e-10 1.400329849999999913e-10 1.433787260000000014e-10 1.467522209999999934e-10 1.501528480000000089e-10
8.236100170000000678e-12 5.117064320000000240e-12 3.318718780000000163e-12 2.315146340000000114e-12 1.736773159999999966e-12 1.390643349999999934e-12 1.178028919999999922e-12 1.047731999999999963e-12 9.730732929999999185e-13 9.404135459999999836e-13 9.432290019999999759e-13 9.789584509999999831e-13 1.047281839999999928e-12 1.149162250000000009e-12 1.286300059999999996e-12 1.460816600000000087e-12 1.675065139999999992e-12 1.931514840000000003e-12 2.232676070000000048e-12 2.581052339999999849e-12 2.979103730000000072e-12 3.429223919999999802e-12 3.933721399999999924e-12 4.494803830000000224e-12 5.114570659999999741e-12 5.795002069999999989e-12 6.537956369999999825e-12 7.345163539999999313e-12 8.218227310000000760e-12 9.158620040000000756e-12 1.016768870000000073e-11 1.124665290000000000e-11 1.239660720000000002e-11 1.361852899999999956e-11 1.491327719999999843e-11 1.628160110000000105e-11 1.772413640000000120e-11 1.924142440000000114e-11 2.083390230000000124e-11 2.250191530000000042e-11 2.424571830000000044e-11 2.606548659999999909e-11 2.796131039999999996e-11 2.993320870000000111e-11 3.198112259999999761e-11 3.410494110000000294e-11 3.630446980000000180e-11 3.857947290000000026e-11 4.092964509999999978e-11 4.335463929999999711e-11 4.585404969999999708e-11 4.842742869999999983e-11 5.107428719999999764e-11 5.379408720000000308e-11 5.658625650000000248e-11 5.945018779999999747e-11 6.238523589999999687e-11 6.539072060000000225e-11 6.846594820000000410e-11 7.161016920000000600e-11 7.482263419999999538e-11 7.810255220000000031e-11 8.144911130000000123e-11 8.486147899999999903e-11 8.833880159999999525e-11 9.188021179999999653e-11 9.548481449999999991e-11 9.915169380000000337e-11 1.028799409999999961e-10 1.066686049999999945e-10 1.105167350000000055e-10 1.144233670000000025e-10 1.183875219999999955e-10 1.224082089999999876e-10 1.264844339999999996e-10 1.306151849999999900e-10 1.347994490000000010e-10 1.390361850000000067e-10 1.433243799999999976e-10 1.476629929999999996e-10 1.520509830000000127e-10 1.564872809999999949e-10 1.609708480000000122e-10 1.655006409999999988e-10 1.700755790000000093e-10 1.746946060000000027e-10 1.793566680000000039e-10 1.840606969999999909e-10 1.888056100000000041e-10 1.935903659999999920e-10 1.984138829999999891e-10 2.032751190000000013e-10 2.081729790000000105e-10 2.131064209999999968e-10 2.180743920000000049e-10 2.230758219999999989e-10 2.281096700000000046e-10 2.331748679999999742e-10 2.382704030000000015e-10 2.433952210000000080e-10
1.165449590000000053e-11 7.249471420000000382e-12 4.705536309999999729e-12 3.287635139999999855e-12 2.474363159999999856e-12 1.993544220000000180e-12 1.706404439999999937e-12 1.541559200000000090e-12 1.462421440000000087e-12 1.450917839999999926e-12 1.499070290000000080e-12 1.604502879999999965e-12 1.767982569999999934e-12 1.992041949999999976e-12 2.280191660000000030e-12 2.636459840000000086e-12 3.065116739999999824e-12 3.570502619999999839e-12 4.156920029999999878e-12 4.828561600000000293e-12 5.589459880000000067e-12 6.443454710000000350e-12 7.394166880000000245e-12 8.444981690000000722e-12 9.599035979999999397e-12 1.085921460000000077e-11 1.222814209999999963e-11 1.370818390000000049e-11 1.530145279999999999e-11 1.700980330000000077e-11 1.883484859999999865e-11 2.077796270000000161e-11 2.284028870000000067e-11 2.502274949999999868e-11 2.732605980000000108e-11 2.975072969999999861e-11 3.229708860000000047e-11 3.496528070000000265e-11 3.775528499999999951e-11 4.066692469999999883e-11 4.369987359999999972e-11 4.685366680000000201e-11 5.012771790000000322e-11 5.352131930000000201e-11 5.703364860000000185e-11 6.066377959999999798e-11 6.441071289999999511e-11 6.827332450000000354e-11 7.225044170000000225e-11 7.634080869999999655e-11 8.054309299999999594e-11 8.485590700000000075e-11 8.927780739999999530e-11 9.380729529999999643e-11 9.844281639999999547e-11 1.031827890000000003e-10 1.080255819999999965e-10 1.129695230000000012e-10 1.180129050000000046e-10 1.231540290000000019e-10 1.283911030000000054e-10 1.337223800000000084e-10 1.391460420000000083e-10 1.446602700000000084e-10 1.502632320000000109e-10 1.559530840000000113e-10 1.617279500000000123e-10 1.675859870000000032e-10 1.735252909999999966e-10 1.795439769999999964e-10 1.856401699999999994e-10 1.918119690000000005e-10 1.980574729999999943e-10 2.043747670000000063e-10 2.107619909999999968e-10 2.172172299999999913e-10 2.237385830000000102e-10 2.303241629999999920e-10 2.369721090000000060e-10 2.436805200000000212e-10 2.504475239999999909e-10 2.572712600000000106e-10 2.641498960000000049e-10 2.710815460000000096e-10 2.780644049999999973e-10 2.850966409999999961e-10 2.921764500000000245e-10 2.993020279999999976e-10 3.064715699999999912e-10 3.136833020000000025e-10 3.209354999999999926e-10 3.282263910000000043e-10 3.355542509999999989e-10 3.429173610000000115e-10 3.503140279999999761e-10 3.577425579999999874e-10 3.652013140000000118e-10 3.726886299999999793e-10 3.802028970000000014e-10 3.877424769999999986e-10
1.649591049999999921e-11 1.027232989999999965e-11 6.674070580000000229e-12 4.672642910000000317e-12 3.532576789999999963e-12 2.870363890000000044e-12 2.491438479999999904e-12 2.296801640000000126e-12 2.236821839999999926e-12 2.288117399999999861e-12 2.441576239999999953e-12 2.695946759999999865e-12 3.054316570000000055e-12 3.522132670000000146e-12 4.106063149999999773e-12 4.813329860000000050e-12 5.651307979999999964e-12 6.627278149999999749e-12 7.748272509999999977e-12 9.020973199999999506e-12 1.045164819999999997e-11 1.204610540000000043e-11 1.380966869999999972e-11 1.574716230000000064e-11 1.786289689999999877e-11 2.016067869999999893e-11 2.264380870000000028e-11 2.531509380000000111e-11 2.817685670000000128e-11 3.123095880000000258e-11 3.447881910000000018e-11 3.792142989999999823e-11 4.155937750000000236e-11 4.539287699999999781e-11 4.942177920000000183e-11 5.364560880000000179e-11 5.806357479999999989e-11 6.267460860000000611e-11 6.747736399999999944e-11 7.247025199999999965e-11 7.765148249999999764e-11 8.301902219999999905e-11 8.857068549999999590e-11 9.430409929999999799e-11 1.002167379999999950e-10 1.063059499999999942e-10 1.125689400000000008e-10 1.190028209999999961e-10 1.256045960000000015e-10 1.323711829999999955e-10 1.392994330000000020e-10 1.463860980000000074e-10 1.536279160000000025e-10 1.610215569999999910e-10 1.685636210000000004e-10 1.762507080000000069e-10 1.840793909999999901e-10 1.920461850000000129e-10 2.001476350000000128e-10 2.083802160000000038e-10 2.167404590000000058e-10 2.252248390000000069e-10 2.338298439999999958e-10 2.425520059999999870e-10 2.513878270000000160e-10 2.603338099999999836e-10 2.693864849999999934e-10 2.785424109999999783e-10 2.877981740000000226e-10 2.971503320000000134e-10 3.065954990000000252e-10 3.161303160000000255e-10 3.257514540000000117e-10 3.354555800000000051e-10 3.452394479999999801e-10 3.550997829999999784e-10 3.650333369999999862e-10 3.750370009999999988e-10 3.851075569999999810e-10 3.952419229999999761e-10 4.054370169999999755e-10 4.156897879999999952e-10 4.259972100000000074e-10 4.363563680000000030e-10 4.467642919999999867e-10 4.572181239999999758e-10 4.677150330000000358e-10 4.782521050000000483e-10 4.888267009999999828e-10 4.994360479999999768e-10 5.100774800000000037e-10 5.207482779999999865e-10 5.314459430000000014e-10 5.421679220000000286e-10 5.529116050000000219e-10 5.636745510000000264e-10 5.744544280000000141e-10 5.852487380000000034e-10 5.960552050000000507e-10 6.068714970000000245e-10
2.335427159999999931e-11 1.455855230000000052e-11 9.470214540000000413e-12 6.648956560000000088e-12 5.057810070000000034e-12 4.157200630000000300e-12 3.675247170000000260e-12 3.475570530000000046e-12 3.491760700000000058e-12 3.694517780000000065e-12 4.074589190000000167e-12 4.633616840000000317e-12 5.379092999999999968e-12 6.321515360000000136e-12 7.472751580000000388e-12 8.845075709999999331e-12 1.045059610000000009e-11 1.230091200000000028e-11 1.440689579999999993e-11 1.677856990000000082e-11 1.942502579999999887e-11 2.235438739999999853e-11 2.557379129999999976e-11 2.908938189999999846e-11 3.290632699999999867e-11 3.702883829999999858e-11 4.146020680000000128e-11 4.620283319999999997e-11 5.125826150000000060e-11 5.662724110000000280e-11 6.230976149999999728e-11 6.830511160000000329e-11 7.461189999999999957e-11 8.122814230000000381e-11 8.815129880000000074e-11 9.537829549999999944e-11 1.029056009999999970e-10 1.107292589999999940e-10 1.188449339999999920e-10 1.272479480000000045e-10 1.359333199999999934e-10 1.448957760000000029e-10 1.541298340000000094e-10 1.636297900000000029e-10 1.733897609999999930e-10 1.834037229999999920e-10 1.936655139999999971e-10 2.041688760000000016e-10 2.149074530000000073e-10 2.258748049999999928e-10 2.370644790000000136e-10 2.484699949999999996e-10 2.600847590000000089e-10 2.719022779999999961e-10 2.839160019999999930e-10 2.961194350000000236e-10 3.085060540000000125e-10 3.210693660000000178e-10 3.338029849999999850e-10 3.467005019999999947e-10 3.597555859999999790e-10 3.729619669999999760e-10 3.863133979999999921e-10 3.998037729999999793e-10 4.134269869999999869e-10 4.271770160000000014e-10 4.410479760000000124e-10 4.550339830000000096e-10 4.691292909999999976e-10 4.833282109999999558e-10 4.976251080000000112e-10 5.120145420000000220e-10 5.264910169999999692e-10 5.410492049999999823e-10 5.556839429999999956e-10 5.703900130000000083e-10 5.851623069999999927e-10 5.999959970000000310e-10 6.148860860000000111e-10 6.298278570000000340e-10 6.448165890000000174e-10 6.598477319999999587e-10 6.749167339999999700e-10 6.900192079999999683e-10 7.051508270000000340e-10 7.203073689999999919e-10 7.354847289999999603e-10 7.506787970000000352e-10 7.658856879999999708e-10 7.811015170000000383e-10 7.963224520000000418e-10 8.115449420000000447e-10 8.267652670000000192e-10 8.419799860000000017e-10 8.571856560000000403e-10 8.723789469999999833e-10 8.875566389999999623e-10 9.027155130000000515e-10 9.178524610000000334e-10 9.329645940000000046e-10
3.307208329999999925e-11 2.063804159999999969e-11 1.344553979999999996e-11 9.476443940000000132e-12 7.269749040000000372e-12 6.067812489999999914e-12 5.492283279999999812e-12 5.356811780000000131e-12 5.574006099999999763e-12 6.108687339999999893e-12 6.953570530000000372e-12 8.116195220000000321e-12 9.611709870000000537e-12 1.145880179999999983e-11 1.367735789999999979e-11 1.628710190000000023e-11 1.930680090000000061e-11 2.275379710000000018e-11 2.664374450000000111e-11 3.099046710000000249e-11 3.580590339999999745e-11 4.110008169999999765e-11 4.688115869999999737e-11 5.315545230000000219e-11 5.992752129999999418e-11 6.720023840000000638e-11 7.497486659999999884e-11 8.325119070000000243e-11 9.202755219999999358e-11 1.013010230000000042e-10 1.110674470000000036e-10 1.213215919999999893e-10 1.320572120000000004e-10 1.432671619999999902e-10 1.549434750000000061e-10 1.670774769999999909e-10 1.796598699999999927e-10 1.926807739999999949e-10 2.061298629999999952e-10 2.199963539999999919e-10 2.342691599999999893e-10 2.489368990000000213e-10 2.639879150000000026e-10 2.794104390000000219e-10 2.951925370000000013e-10 3.113221350000000150e-10 3.277871589999999818e-10 3.445755069999999855e-10 3.616750510000000045e-10 3.790737170000000092e-10 3.967594590000000125e-10 4.147203689999999904e-10 4.329445969999999910e-10 4.514204009999999959e-10 4.701361519999999933e-10 4.890804429999999578e-10 5.082420039999999880e-10 5.276095670000000159e-10 5.471723070000000029e-10 5.669193450000000214e-10 5.868400770000000246e-10 6.069241780000000301e-10 6.271613229999999517e-10 6.475415760000000509e-10 6.680551110000000451e-10 6.886922700000000070e-10 7.094436699999999939e-10 7.303001539999999736e-10 7.512526710000000139e-10 7.722924519999999707e-10 7.934108930000000212e-10 8.145996650000000167e-10 8.358505549999999530e-10 8.571556239999999712e-10 8.785071000000000051e-10 8.998974339999999684e-10 9.213191880000000007e-10 9.427653100000000377e-10 9.642286970000000569e-10 9.857026310000000963e-10 1.007180449999999968e-09 1.028655939999999949e-09 1.050122659999999947e-09 1.071574719999999987e-09 1.093006239999999931e-09 1.114411449999999926e-09 1.135784909999999932e-09 1.157121289999999989e-09 1.178415370000000003e-09 1.199662259999999905e-09 1.220856970000000007e-09 1.241994950000000098e-09 1.263071649999999970e-09 1.284082729999999935e-09 1.305023869999999980e-09 1.325891060000000027e-09 1.346680429999999999e-09 1.367388200000000016e-09 1.388010709999999903e-09 1.408544390000000094e-09
4.684489949999999774e-11 2.926449360000000030e-11 1.910436219999999844e-11 1.353610539999999994e-11 1.050350000000000023e-11 8.945368750000000773e-12 8.337795730000000075e-12 8.428533049999999977e-12 9.104790710000000512e-12 1.032670390000000024e-11 1.209267929999999932e-11 1.442076229999999935e-11 1.733835469999999860e-11 2.087643429999999979e-11 2.506626680000000056e-11 2.993751429999999858e-11 3.551718990000000039e-11 4.182906799999999764e-11 4.889342399999999775e-11 5.672692870000000177e-11 6.534266179999999597e-11 7.475021300000000054e-11 8.495582019999999425e-11 9.596252269999999644e-11 1.077703690000000060e-10 1.203766250000000118e-10 1.337759349999999886e-10 1.479606159999999925e-10 1.629207740000000119e-10 1.786445849999999937e-10 1.951184769999999874e-10 2.123273089999999961e-10 2.302545929999999887e-10 2.488826090000000239e-10 2.681926630000000251e-10 2.881651580000000081e-10 3.087798069999999909e-10 3.300156809999999962e-10 3.518514649999999913e-10 3.742654519999999761e-10 3.972356890000000023e-10 4.207400820000000208e-10 4.447564260000000153e-10 4.692625729999999959e-10 4.942363739999999788e-10 5.196559289999999621e-10 5.454993680000000262e-10 5.717452070000000474e-10 5.983720190000000321e-10 6.253589310000000350e-10 6.526851839999999570e-10 6.803304590000000045e-10 7.082748830000000341e-10 7.364988619999999663e-10 7.649832429999999700e-10 7.937092649999999748e-10 8.226587740000000088e-10 8.518137860000000304e-10 8.811569250000000384e-10 9.106712609999999921e-10 9.403402499999999572e-10 9.701477400000000705e-10 1.000078239999999939e-09 1.030116550000000095e-09 1.060247890000000045e-09 1.090457949999999942e-09 1.120732839999999950e-09 1.151059140000000050e-09 1.181423850000000028e-09 1.211814430000000064e-09 1.242218659999999901e-09 1.272624670000000016e-09 1.303021140000000027e-09 1.333397169999999973e-09 1.363742009999999945e-09 1.394045549999999987e-09 1.424297790000000012e-09 1.454489419999999907e-09 1.484611100000000045e-09 1.514654179999999943e-09 1.544610109999999978e-09 1.574470780000000003e-09 1.604228419999999942e-09 1.633875480000000076e-09 1.663404860000000003e-09 1.692809559999999973e-09 1.722083140000000042e-09 1.751219169999999898e-09 1.780211640000000065e-09 1.809054910000000028e-09 1.837743290000000081e-09 1.866271800000000169e-09 1.894635120000000165e-09 1.922828789999999849e-09 1.950848370000000121e-09 1.978689430000000065e-09 2.006347749999999908e-09 2.033819780000000171e-09 2.061101959999999887e-09 2.088190510000000000e-09
6.637006920000000049e-11 4.151130479999999776e-11 2.717324279999999943e-11 1.939265940000000075e-11 1.527981560000000131e-11 1.335288219999999920e-11 1.289041359999999986e-11 1.355439719999999968e-11 1.520229249999999845e-11 1.779234749999999877e-11 2.133429720000000129e-11 2.586288650000000068e-11 3.142333619999999990e-11 3.806324349999999726e-11 4.582804620000000144e-11 5.475854150000000151e-11 6.488957290000000384e-11 7.624945120000000150e-11 8.885975980000000091e-11 1.027354800000000004e-10 1.178852150000000032e-10 1.343115339999999931e-10 1.520114029999999895e-10 1.709765800000000037e-10 1.911940740000000005e-10 2.126465949999999897e-10 2.353129640000000175e-10 2.591685750000000063e-10 2.841858140000000035e-10 3.103343689999999850e-10 3.375817680000000244e-10 3.658935099999999867e-10 3.952335960000000224e-10 4.255646670000000140e-10 4.568484200000000229e-10 4.890456930000000474e-10 5.221169609999999993e-10 5.560222280000000289e-10 5.907214720000000258e-10 6.261745570000000338e-10 6.623417369999999725e-10 6.991833780000000334e-10 7.366603989999999966e-10 7.747342209999999968e-10 8.133668179999999644e-10 8.525208869999999692e-10 8.921598460000000258e-10 9.322479459999999506e-10 9.727502140000000602e-10 1.013632509999999956e-09 1.054861749999999953e-09 1.096405520000000041e-09 1.138232619999999995e-09 1.180312510000000046e-09 1.222615789999999922e-09 1.265113789999999913e-09 1.307779000000000101e-09 1.350584760000000011e-09 1.393505199999999999e-09 1.436515459999999957e-09 1.479591779999999922e-09 1.522710850000000072e-09 1.565850670000000012e-09 1.608989829999999908e-09 1.652107889999999902e-09 1.695185099999999902e-09 1.738202579999999969e-09 1.781142229999999918e-09 1.823986850000000056e-09 1.866719669999999917e-09 1.909324920000000182e-09 1.951787620000000088e-09 1.994093110000000089e-09 2.036227849999999840e-09 2.078178299999999823e-09 2.119932229999999945e-09 2.161477890000000181e-09 2.202803719999999907e-09 2.243899069999999865e-09 2.284753720000000022e-09 2.325358349999999807e-09 2.365703630000000050e-09 2.405781129999999801e-09 2.445582400000000089e-09 2.485100350000000143e-09 2.524327639999999939e-09 2.563257159999999857e-09 2.601883149999999882e-09 2.640199610000000168e-09 2.678200990000000187e-09 2.715882189999999968e-09 2.753238749999999908e-09 2.790265800000000028e-09 2.826959999999999924e-09 2.863317140000000074e-09 2.899333880000000075e-09 2.935007569999999909e-09 2.970335309999999892e-09 3.005314440000000170e-09 3.039942739999999952e-09
9.405878850000000451e-11 5.890982149999999713e-11 3.870491079999999735e-11 2.789426160000000126e-11 2.242417019999999866e-11 2.023248580000000116e-11 2.033150039999999938e-11 2.227263510000000030e-11 2.587919120000000040e-11 3.111179020000000239e-11 3.799843079999999691e-11 4.659713929999999909e-11 5.697566379999999774e-11 6.920036069999999575e-11 8.333020380000000592e-11 9.941368560000000378e-11 1.174874780000000042e-10 1.375760759999999884e-10 1.596919679999999921e-10 1.838363209999999977e-10 2.099996839999999971e-10 2.381629339999999826e-10 2.682981060000000248e-10 3.003695350000000150e-10 3.343345049999999807e-10 3.701443039999999780e-10 4.077450880000000216e-10 4.470785409999999742e-10 4.880826299999999636e-10 5.306924899999999817e-10 5.748407310000000429e-10 6.204581850000000271e-10 6.674745760000000275e-10 7.158186269999999794e-10 7.654188389999999873e-10 8.162036049999999643e-10 8.681016459999999609e-10 9.210423530000000138e-10 9.749558939999999814e-10 1.029773599999999960e-09 1.085428079999999971e-09 1.141853280000000075e-09 1.198984800000000010e-09 1.256759589999999942e-09 1.315116790000000077e-09 1.373997030000000016e-09 1.433342889999999985e-09 1.493098760000000001e-09 1.553211120000000084e-09 1.613628120000000042e-09 1.674300030000000028e-09 1.735178890000000017e-09 1.796218620000000084e-09 1.857375249999999986e-09 1.918606379999999854e-09 1.979871380000000056e-09 2.041131709999999927e-09 2.102350069999999985e-09 2.163491609999999874e-09 2.224522340000000174e-09 2.285410529999999952e-09 2.346125519999999940e-09 2.406638219999999799e-09 2.466921559999999915e-09 2.526949090000000129e-09 2.586696629999999847e-09 2.646140419999999932e-09 2.705258680000000141e-09 2.764030560000000031e-09 2.822436730000000142e-09 2.880458539999999905e-09 2.938078890000000072e-09 2.995281580000000029e-09 3.052051279999999934e-09 3.108374000000000127e-09 3.164236649999999991e-09 3.219626789999999945e-09 3.274533309999999921e-09 3.328945559999999833e-09 3.382853770000000206e-09 3.436249289999999938e-09 3.489123659999999805e-09 3.541469559999999874e-09 3.593280340000000091e-09 3.644550000000000200e-09 3.695272979999999833e-09 3.745444400000000000e-09 3.795059819999999946e-09 3.844116140000000339e-09 3.892609790000000370e-09 3.940538120000000023e-09 3.987898459999999604e-09 4.034689920000000318e-09 4.080911159999999919e-09 4.126560430000000330e-09 4.171638149999999699e-09 4.216143880000000204e-09 4.260077620000000189e-09 4.303439829999999635e-09 4.346232259999999928e-09
1.333389230000000069e-10 8.364978149999999666e-11 5.523587840000000019e-11 4.033445450000000064e-11 3.327125379999999858e-11 3.118674070000000005e-11 3.273575849999999898e-11 3.732708239999999787e-11 4.474379550000000229e-11 5.495248010000000180e-11 6.800462970000000467e-11 8.398446519999999631e-11 1.029811099999999972e-10 1.250738679999999977e-10 1.503247250000000110e-10 1.787750779999999912e-10 2.104447590000000128e-10 2.453325320000000085e-10 2.834172900000000144e-10 3.246597709999999970e-10 3.690043830000000216e-10 4.163811520000000068e-10 4.667076730000000299e-10 5.198907420000000284e-10 5.758284400000000464e-10 6.344113570000000109e-10 6.955242489999999577e-10 7.590473249999999537e-10 8.248574600000000414e-10 8.928293660000000162e-10 9.628364769999999568e-10 1.034751619999999947e-09 1.108448330000000039e-09 1.183800840000000006e-09 1.260684889999999898e-09 1.338978709999999901e-09 1.418562490000000039e-09 1.499319449999999978e-09 1.581135890000000077e-09 1.663901459999999900e-09 1.747509250000000068e-09 1.831855890000000013e-09 1.916841799999999923e-09 2.002371379999999927e-09 2.088352600000000136e-09 2.174697090000000010e-09 2.261320690000000182e-09 2.348143010000000091e-09 2.435086799999999925e-09 2.522079430000000191e-09 2.609051200000000177e-09 2.695935699999999972e-09 2.782670759999999940e-09 2.869197099999999880e-09 2.955458540000000163e-09 3.041402460000000063e-09 3.126978679999999797e-09 3.212140549999999797e-09 3.296843909999999800e-09 3.381047440000000200e-09 3.464712520000000185e-09 3.547802939999999956e-09 3.630284960000000175e-09 3.712127049999999971e-09 3.793299900000000094e-09 3.873776849999999654e-09 3.953532609999999938e-09 4.032544080000000199e-09 4.110790370000000230e-09 4.188251519999999623e-09 4.264910199999999970e-09 4.340749979999999836e-09 4.415757090000000127e-09 4.489917329999999625e-09 4.563219580000000079e-09 4.635653639999999892e-09 4.707209729999999751e-09 4.777880759999999712e-09 4.847659610000000318e-09 4.916540950000000367e-09 4.984519460000000147e-09 5.051591590000000182e-09 5.117755110000000257e-09 5.183007799999999995e-09 5.247348330000000295e-09 5.310776710000000168e-09 5.373293370000000083e-09 5.434899199999999661e-09 5.495596420000000106e-09 5.555386819999999672e-09 5.614273490000000338e-09 5.672260439999999907e-09 5.729350770000000194e-09 5.785549369999999616e-09 5.840861570000000202e-09 5.895291810000000223e-09 5.948846299999999841e-09 6.001531269999999718e-09 6.053352489999999706e-09 6.104317049999999751e-09
1.890885090000000019e-10 1.188718979999999960e-10 7.902919289999999362e-11 5.871951540000000319e-11 5.001873920000000134e-11 4.897444600000000092e-11 5.376079790000000211e-11 6.359873039999999615e-11 7.821765459999999905e-11 9.758616829999999739e-11 1.217742159999999877e-10 1.508814599999999899e-10 1.850001819999999961e-10 2.241967860000000045e-10 2.685034420000000129e-10 3.179155269999999826e-10 3.723923109999999894e-10 4.318593259999999813e-10 4.962116269999999745e-10 5.653177929999999789e-10 6.390235559999999919e-10 7.171554459999999513e-10 7.995246130000000413e-10 8.859298849999999636e-10 9.761607080000000394e-10 1.069999759999999992e-09 1.167225649999999969e-09 1.267614350000000073e-09 1.370941580000000032e-09 1.476984090000000023e-09 1.585521050000000046e-09 1.696335290000000067e-09 1.809213889999999959e-09 1.923949440000000152e-09 2.040340560000000021e-09 2.158192069999999883e-09 2.277315670000000099e-09 2.397530619999999962e-09 2.518662609999999908e-09 2.640545780000000171e-09 2.763021369999999939e-09 2.885938160000000141e-09 3.009152259999999826e-09 3.132527350000000124e-09 3.255934630000000096e-09 3.379251989999999858e-09 3.502364400000000049e-09 3.625163949999999937e-09 3.747548940000000188e-09 3.869423890000000230e-09 3.990700210000000193e-09 4.111294419999999606e-09 4.231128339999999686e-09 4.350130920000000118e-09 4.468234669999999903e-09 4.585377859999999711e-09 4.701503629999999780e-09 4.816558710000000004e-09 4.930495569999999791e-09 5.043269800000000037e-09 5.154841000000000273e-09 5.265173190000000279e-09 5.374232610000000212e-09 5.481990860000000117e-09 5.588420390000000312e-09 5.693498119999999726e-09 5.797203159999999807e-09 5.899518210000000001e-09 6.000427709999999652e-09 6.099918349999999643e-09 6.197979460000000215e-09 6.294602169999999697e-09 6.389780259999999745e-09 6.483508399999999986e-09 6.575783919999999898e-09 6.666605050000000074e-09 6.755971779999999852e-09 6.843885899999999965e-09 6.930350520000000413e-09 7.015369170000000171e-09 7.098947209999999955e-09 7.181091280000000391e-09 7.261808929999999752e-09 7.341108169999999598e-09 7.418997860000000106e-09 7.495488669999999384e-09 7.570590379999999225e-09 7.644315400000000111e-09 7.716674410000000816e-09 7.787681609999999247e-09 7.857349440000000363e-09 7.925690329999999358e-09 7.992720260000000002e-09 8.058451680000000475e-09 8.122900569999999583e-09 8.186082030000000486e-09 8.248010269999999276e-09 8.308701279999999561e-09 8.368171040000000149e-09 8.426435549999999522e-09
2.682581929999999969e-10 1.690987349999999899e-10 1.134544190000000046e-10 8.621559720000000515e-11 7.634088500000000505e-11 7.837906709999999950e-11 8.985045349999999869e-11 1.097154660000000034e-10 1.376138929999999955e-10 1.734875299999999960e-10 2.173899120000000122e-10 2.693903709999999749e-10 3.295267390000000094e-10 3.977839719999999877e-10 4.740868809999999649e-10 5.583004609999999499e-10 6.502342000000000333e-10 7.496482880000000367e-10 8.562612839999999898e-10 9.697569409999999278e-10 1.089791810000000016e-09 1.216001079999999992e-09 1.348005259999999958e-09 1.485415120000000001e-09 1.627836200000000066e-09 1.774872920000000076e-09 1.926131920000000122e-09 2.081224969999999987e-09 2.239771040000000094e-09 2.401399300000000190e-09 2.565748949999999827e-09 2.732472029999999918e-09 2.901233250000000126e-09 3.071711770000000165e-09 3.243600720000000154e-09 3.416607890000000167e-09 3.590455929999999888e-09 3.764881739999999821e-09 3.939637949999999610e-09 4.114490530000000009e-09 4.289220090000000402e-09 4.463621029999999768e-09 4.637501489999999981e-09 4.810681629999999793e-09 4.982995350000000025e-09 5.154288110000000052e-09 5.324416020000000162e-09 5.493248079999999955e-09 5.660662159999999875e-09 5.826547239999999602e-09 5.990801629999999643e-09 6.153332509999999692e-09 6.314055940000000123e-09 6.472895550000000083e-09 6.629783390000000245e-09 6.784658610000000238e-09 6.937467050000000333e-09 7.088160729999999793e-09 7.236698350000000344e-09 7.383043510000000307e-09 7.527166449999999460e-09 7.669039629999999612e-09 7.808644399999999782e-09 7.945963000000000264e-09 8.080982110000000451e-09 8.213694610000000058e-09 8.344093419999999808e-09 8.472177629999999574e-09 8.597949020000000256e-09 8.721409369999999443e-09 8.842567570000000134e-09 8.961430709999999792e-09 9.078010339999999617e-09 9.192319790000000053e-09 9.304374159999999296e-09 9.414189429999999462e-09 9.521785139999999502e-09 9.627180830000000018e-09 9.730396039999999961e-09 9.831454760000000525e-09 9.930379190000000516e-09 1.002719420000000009e-08 1.012192460000000036e-08 1.021459719999999980e-08 1.030523669999999965e-08 1.039387070000000044e-08 1.048052759999999964e-08 1.056523489999999942e-08 1.064802199999999919e-08 1.072891549999999919e-08 1.080794649999999939e-08 1.088514350000000061e-08 1.096053560000000054e-08 1.103415140000000003e-08 1.110602190000000068e-08 1.117617549999999998e-08 1.124464259999999934e-08 1.131145129999999944e-08 1.137663119999999980e-08 1.144021230000000005e-08
3.807678889999999840e-10 2.408752360000000153e-10 1.635916120000000006e-10 1.279028830000000090e-10 1.184503050000000036e-10 1.277151299999999928e-10 1.523049190000000092e-10 1.907866089999999952e-10 2.426172039999999997e-10 3.076201520000000036e-10 3.857280880000000034e-10 4.768582750000000140e-10 5.808564739999999659e-10 6.974759100000000348e-10 8.263752459999999508e-10 9.671252690000000274e-10 1.119220720000000093e-09 1.282093649999999990e-09 1.455126910000000007e-09 1.637667109999999939e-09 1.829036479999999957e-09 2.028543110000000110e-09 2.235490020000000194e-09 2.449183299999999826e-09 2.668937739999999950e-09 2.894082970000000201e-09 3.123967089999999980e-09 3.357959910000000068e-09 3.595455930000000181e-09 3.835876509999999749e-09 4.078669850000000303e-09 4.323312820000000190e-09 4.569312039999999795e-09 4.816202099999999816e-09 5.063546919999999880e-09 5.310937910000000269e-09 5.557994509999999778e-09 5.804364099999999655e-09 6.049718059999999704e-09 6.293754849999999587e-09 6.536196029999999717e-09 6.776786239999999922e-09 7.015291460000000380e-09 7.251499400000000255e-09 7.485217780000000789e-09 7.716271180000000160e-09 7.944504610000000081e-09 8.169776860000000373e-09 8.391964459999999231e-09 8.610956389999999645e-09 8.826658520000000230e-09 9.038985560000000103e-09 9.247868249999999685e-09 9.453244410000000331e-09 9.655065190000000530e-09 9.853290630000000117e-09 1.004788869999999931e-08 1.023883729999999932e-08 1.042611950000000023e-08 1.060972819999999976e-08 1.078966160000000066e-08 1.096592240000000047e-08 1.113852030000000063e-08 1.130747139999999966e-08 1.147279249999999960e-08 1.163450759999999983e-08 1.179264419999999920e-08 1.194723160000000041e-08 1.209830369999999941e-08 1.224589669999999944e-08 1.239004989999999980e-08 1.253080309999999994e-08 1.266819980000000051e-08 1.280228460000000081e-08 1.293310350000000064e-08 1.306070360000000010e-08 1.318513389999999994e-08 1.330644479999999968e-08 1.342468449999999979e-08 1.353990610000000065e-08 1.365216030000000023e-08 1.376149860000000006e-08 1.386797430000000058e-08 1.397163900000000004e-08 1.407254490000000020e-08 1.417074549999999991e-08 1.426629210000000063e-08 1.435923739999999931e-08 1.444963349999999933e-08 1.453753210000000061e-08 1.462298369999999942e-08 1.470603990000000061e-08 1.478675140000000049e-08 1.486516689999999970e-08 1.494133710000000117e-08 1.501531170000000088e-08 1.508713509999999976e-08 1.515685890000000101e-08 1.522452920000000114e-08 1.529019040000000107e-08
5.408044010000000358e-10 3.437319040000000248e-10 2.372038120000000217e-10 1.920522910000000092e-10 1.869235599999999992e-10 2.114082100000000104e-10 2.607836170000000167e-10 3.329600479999999822e-10 4.269887779999999961e-10 5.423464460000000227e-10 6.785956800000000019e-10 8.352319390000000344e-10 1.011623449999999929e-09 1.206998059999999908e-09 1.420452420000000018e-09 1.650972250000000032e-09 1.897456189999999965e-09 2.158740079999999873e-09 2.433619310000000151e-09 2.720869530000000113e-09 3.019264390000000091e-09 3.327589979999999997e-09 3.644657459999999961e-09 3.969311990000000196e-09 4.300441780000000164e-09 4.636982349999999764e-09 4.977921189999999832e-09 5.322299929999999600e-09 5.669217540000000200e-09 6.017828460000000265e-09 6.367345319999999769e-09 6.717034479999999604e-09 7.066219170000000259e-09 7.414274080000000266e-09 7.760625920000000344e-09 8.104748870000000298e-09 8.446167320000000058e-09 8.784446060000000023e-09 9.119194289999999694e-09 9.450061180000000228e-09 9.776733199999999787e-09 1.009892970000000072e-08 1.041640550000000065e-08 1.072894570000000055e-08 1.103636199999999994e-08 1.133849549999999948e-08 1.163520920000000014e-08 1.192639050000000079e-08 1.221194790000000036e-08 1.249180669999999988e-08 1.276591370000000058e-08 1.303422969999999988e-08 1.329672989999999981e-08 1.355340549999999922e-08 1.380425730000000002e-08 1.404930040000000041e-08 1.428855699999999918e-08 1.452206180000000078e-08 1.474985469999999973e-08 1.497198450000000002e-08 1.518850819999999995e-08 1.539948440000000001e-08 1.560498400000000129e-08 1.580507459999999888e-08 1.599983260000000057e-08 1.618933790000000042e-08 1.637367400000000022e-08 1.655292080000000062e-08 1.672717079999999968e-08 1.689650909999999972e-08 1.706102640000000151e-08 1.722081680000000032e-08 1.737596910000000128e-08 1.752657570000000078e-08 1.767273440000000020e-08 1.781453380000000132e-08 1.795206830000000114e-08 1.808543180000000147e-08 1.821471860000000094e-08 1.834001570000000082e-08 1.846141909999999861e-08 1.857901739999999939e-08 1.869290139999999904e-08 1.880315809999999880e-08 1.890987630000000053e-08 1.901314129999999996e-08 1.911304000000000000e-08 1.920965429999999862e-08 1.930306939999999982e-08 1.939336340000000038e-08 1.948061979999999878e-08 1.956491319999999896e-08 1.964632370000000164e-08 1.972492570000000074e-08 1.980079389999999858e-08 1.987399930000000125e-08 1.994461480000000055e-08 2.001270970000000038e-08 2.007835139999999905e-08 2.014160750000000158e-08
7.687087079999999787e-10 4.916486660000000473e-10 3.463191120000000037e-10 2.922848630000000197e-10 2.998090110000000008e-10 3.543460529999999863e-10 4.491226279999999878e-10 5.808582499999999571e-10 7.477064519999999896e-10 9.482953309999999457e-10 1.181295949999999996e-09 1.445246699999999928e-09 1.738500680000000076e-09 2.059232780000000112e-09 2.405470270000000135e-09 2.775134570000000000e-09 3.166082729999999847e-09 3.576145600000000150e-09 4.003162249999999950e-09 4.445007030000000354e-09 4.899614489999999735e-09 5.364995999999999947e-09 5.839252639999999842e-09 6.320586720000000265e-09 6.807305830000000385e-09 7.297828560000000012e-09 7.790684539999999777e-09 8.284514409999999963e-09 8.778067159999999823e-09 9.270197939999999198e-09 9.759864920000000661e-09 1.024612220000000047e-08 1.072811880000000000e-08 1.120509020000000071e-08 1.167635500000000047e-08 1.214131020000000061e-08 1.259942460000000054e-08 1.305023379999999948e-08 1.349333620000000009e-08 1.392838820000000038e-08 1.435510020000000067e-08 1.477322889999999951e-08 1.518257870000000073e-08 1.558299450000000120e-08 1.597435779999999954e-08 1.635658539999999902e-08 1.672962039999999969e-08 1.709344310000000023e-08 1.744804829999999899e-08 1.779346269999999951e-08 1.812972710000000157e-08 1.845690360000000014e-08 1.877506859999999974e-08 1.908431459999999840e-08 1.938474630000000139e-08 1.967647909999999916e-08 1.995963569999999941e-08 2.023435289999999940e-08 2.050076910000000025e-08 2.075903009999999881e-08 2.100928850000000070e-08 2.125169909999999902e-08 2.148642150000000164e-08 2.171361759999999895e-08 2.193344879999999939e-08 2.214608230000000001e-08 2.235168140000000158e-08 2.255041310000000108e-08 2.274244260000000155e-08 2.292793329999999882e-08 2.310705050000000093e-08 2.327995749999999871e-08 2.344681430000000015e-08 2.360777880000000099e-08 2.376301290000000157e-08 2.391266740000000031e-08 2.405689509999999960e-08 2.419585070000000079e-08 2.432967780000000001e-08 2.445852409999999968e-08 2.458253159999999875e-08 2.470183880000000000e-08 2.481658259999999910e-08 2.492689970000000158e-08 2.503291619999999965e-08 2.513476360000000049e-08 2.523256630000000074e-08 2.532644489999999915e-08 2.541652219999999846e-08 2.550291000000000122e-08 2.558572199999999901e-08 2.566507180000000157e-08 2.574106619999999994e-08 2.581380619999999983e-08 2.588339850000000053e-08 2.594993909999999954e-08 2.601352730000000040e-08 2.607425389999999896e-08 2.613221280000000034e-08 2.618749130000000094e-08
1.093734879999999928e-09 7.053052029999999695e-10 5.098197419999999708e-10 4.512048509999999924e-10 4.878481509999999996e-10 5.990878899999999542e-10 7.747968929999999860e-10 1.009434310000000069e-09 1.299244819999999916e-09 1.641003440000000041e-09 2.031490979999999798e-09 2.467311469999999965e-09 2.944867909999999981e-09 3.460403520000000133e-09 4.010067390000000149e-09 4.589984390000000225e-09 5.196315820000000096e-09 5.825314900000000340e-09 6.473368510000000137e-09 7.137028749999999718e-09 7.813039099999999442e-09 8.498346920000000468e-09 9.190114450000000819e-09 9.885723350000000303e-09 1.058277199999999965e-08 1.127907279999999966e-08 1.197264510000000010e-08 1.266170640000000020e-08 1.334466400000000015e-08 1.402010240000000036e-08 1.468677450000000034e-08 1.534358599999999868e-08 1.598959009999999961e-08 1.662397149999999968e-08 1.724603750000000141e-08 1.785521060000000103e-08 1.845100960000000066e-08 1.903305070000000038e-08 1.960103550000000102e-08 2.015473650000000119e-08 2.069400120000000027e-08 2.121873520000000124e-08 2.172889959999999998e-08 2.222450310000000091e-08 2.270560100000000016e-08 2.317228539999999896e-08 2.362468090000000064e-08 2.406294540000000093e-08 2.448725670000000027e-08 2.489782250000000033e-08 2.529486310000000022e-08 2.567861660000000138e-08 2.604933690000000038e-08 2.640728520000000107e-08 2.675273689999999859e-08 2.708597079999999911e-08 2.740727110000000056e-08 2.771692919999999990e-08 2.801523280000000115e-08 2.830247860000000127e-08 2.857895960000000103e-08 2.884496729999999905e-08 2.910079469999999940e-08 2.934672949999999948e-08 2.958305779999999950e-08 2.981006379999999743e-08 3.002802270000000156e-08 3.023721360000000328e-08 3.043790640000000092e-08 3.063036400000000054e-08 3.081484580000000212e-08 3.099160390000000163e-08 3.116089430000000128e-08 3.132295130000000132e-08 3.147802020000000217e-08 3.162632819999999686e-08 3.176810280000000330e-08 3.190356070000000291e-08 3.203291850000000185e-08 3.215638240000000300e-08 3.227415850000000091e-08 3.238643839999999710e-08 3.249341770000000099e-08 3.259527759999999754e-08 3.269219560000000198e-08 3.278435300000000097e-08 3.287191670000000303e-08 3.295504669999999962e-08 3.303390269999999698e-08 3.310864120000000032e-08 3.317940770000000143e-08 3.324634790000000209e-08 3.330959689999999739e-08 3.336929669999999951e-08 3.342557520000000124e-08 3.347855330000000307e-08 3.352835880000000273e-08 3.357510539999999841e-08 3.361890680000000154e-08 3.365987669999999707e-08
1.558105760000000044e-09 1.015570069999999939e-09 7.576864140000000072e-10 7.064573930000000485e-10 8.031093009999999579e-10 1.017571689999999911e-09 1.333962159999999916e-09 1.742405780000000003e-09 2.235289729999999874e-09 2.805668139999999873e-09 3.446655410000000198e-09 4.151265110000000216e-09 4.912433570000000148e-09 5.723114429999999778e-09 6.576382549999999976e-09 7.465533079999999209e-09 8.384156479999999754e-09 9.326200260000000241e-09 1.028600759999999937e-08 1.125834270000000068e-08 1.223839869999999984e-08 1.322180230000000071e-08 1.420460460000000016e-08 1.518326800000000043e-08 1.615464210000000145e-08 1.711595489999999972e-08 1.806477280000000033e-08 1.899899080000000063e-08 1.991679889999999936e-08 2.081666570000000136e-08 2.169729999999999868e-08 2.255764819999999959e-08 2.339685070000000138e-08 2.421424130000000013e-08 2.500931549999999880e-08 2.578171279999999995e-08 2.653120920000000164e-08 2.725769299999999971e-08 2.796115340000000063e-08 2.864167209999999902e-08 2.929940560000000010e-08 2.993457930000000292e-08 3.054747920000000270e-08 3.113843409999999838e-08 3.170781680000000292e-08 3.225604320000000165e-08 3.278354300000000085e-08 3.329078880000000228e-08 3.377824949999999825e-08 3.424642970000000073e-08 3.469583379999999843e-08 3.512696980000000111e-08 3.554036000000000154e-08 3.593652309999999799e-08 3.631597780000000193e-08 3.667923919999999726e-08 3.702681890000000145e-08 3.735922860000000063e-08 3.767696550000000107e-08 3.798052010000000197e-08 3.827038240000000070e-08 3.854701800000000012e-08 3.881089579999999913e-08 3.906247059999999713e-08 3.930218280000000217e-08 3.953046250000000079e-08 3.974773219999999699e-08 3.995440070000000196e-08 4.015086219999999909e-08 4.033750050000000154e-08 4.051469559999999808e-08 4.068280289999999944e-08 4.084217759999999974e-08 4.099315380000000125e-08 4.113606170000000004e-08 4.127122110000000210e-08 4.139893759999999897e-08 4.151950249999999913e-08 4.163320709999999783e-08 4.174032140000000174e-08 4.184111549999999935e-08 4.193584499999999934e-08 4.202475520000000215e-08 4.210808409999999762e-08 4.218605910000000199e-08 4.225890390000000221e-08 4.232683180000000174e-08 4.239004169999999947e-08 4.244873610000000204e-08 4.250309970000000050e-08 4.255331730000000083e-08 4.259955939999999947e-08 4.264200020000000232e-08 4.268079580000000124e-08 4.271610620000000091e-08 4.274808060000000256e-08 4.277685760000000076e-08 4.280257930000000274e-08 4.282537699999999907e-08 4.284537519999999802e-08
2.222999780000000132e-09 1.468949180000000048e-09 1.137938519999999923e-09 1.120701750000000007e-09 1.333000819999999980e-09 1.729707379999999926e-09 2.284777029999999843e-09 2.980142360000000183e-09 3.800797450000000372e-09 4.732822580000000119e-09 5.762718749999999736e-09 6.877285850000000268e-09 8.063712360000000237e-09 9.309716550000000124e-09 1.060367790000000009e-08 1.193474299999999980e-08 1.329288680000000063e-08 1.466895410000000078e-08 1.605465980000000124e-08 1.744258599999999980e-08 1.882613889999999891e-08 2.019952379999999930e-08 2.155769069999999922e-08 2.289627689999999928e-08 2.421156790000000157e-08 2.550042490000000148e-08 2.676024910000000106e-08 2.798891430000000083e-08 2.918472569999999986e-08 3.034637429999999777e-08 3.147288649999999855e-08 3.256359090000000323e-08 3.361807899999999905e-08 3.463616949999999936e-08 3.561788380000000105e-08 3.656340650000000011e-08 3.747307890000000111e-08 3.834735909999999952e-08 3.918681199999999841e-08 3.999208789999999828e-08 4.076391140000000180e-08 4.150306049999999891e-08 4.221035970000000261e-08 4.288667549999999961e-08 4.353288930000000288e-08 4.414990679999999836e-08 4.473864829999999985e-08 4.530002679999999728e-08 4.583496600000000221e-08 4.634438260000000080e-08 4.682917879999999941e-08 4.729024990000000052e-08 4.772848430000000280e-08 4.814473800000000117e-08 4.853986009999999996e-08 4.891467499999999725e-08 4.926999250000000304e-08 4.960659439999999853e-08 4.992524080000000269e-08 5.022667439999999914e-08 5.051160910000000206e-08 5.078073430000000288e-08 5.103472490000000004e-08 5.127422749999999782e-08 5.149986039999999976e-08 5.171223090000000256e-08 5.191191830000000066e-08 5.209948030000000142e-08 5.227545329999999717e-08 5.244035249999999994e-08 5.259467169999999838e-08 5.273889060000000149e-08 5.287346739999999981e-08 5.299883909999999699e-08 5.311542490000000093e-08 5.322362990000000015e-08 5.332384129999999895e-08 5.341643220000000212e-08 5.350175060000000148e-08 5.358014119999999937e-08 5.365193090000000239e-08 5.371742520000000040e-08 5.377692960000000310e-08 5.383072479999999904e-08 5.387908080000000152e-08 5.392226400000000280e-08 5.396051960000000163e-08 5.399408920000000225e-08 5.402320009999999934e-08 5.404806910000000248e-08 5.406890219999999790e-08 5.408590550000000003e-08 5.409926020000000046e-08 5.410915090000000177e-08 5.411575189999999832e-08 5.411922999999999696e-08 5.411974160000000123e-08 5.411743939999999858e-08 5.411246559999999795e-08 5.410495519999999937e-08
3.177414330000000151e-09 2.136116620000000103e-09 1.727902930000000023e-09 1.797774820000000055e-09 2.222542819999999802e-09 2.932190270000000152e-09 3.882588920000000080e-09 5.040623469999999857e-09 6.377837370000000042e-09 7.868025340000000512e-09 9.486494260000000763e-09 1.120997429999999921e-08 1.301673610000000028e-08 1.488672559999999978e-08 1.680166230000000039e-08 1.874507839999999862e-08 2.070230740000000107e-08 2.266042819999999993e-08 2.460818039999999900e-08 2.653585440000000009e-08 2.843517949999999883e-08 3.029919779999999906e-08 3.212214139999999681e-08 3.389930820000000031e-08 3.562695740000000163e-08 3.730217910000000128e-08 3.892280990000000114e-08 4.048733970000000125e-08 4.199481300000000310e-08 4.344476069999999775e-08 4.483712250000000075e-08 4.617219669999999963e-08 4.745057320000000211e-08 4.867308689999999807e-08 4.984077860000000164e-08 5.095484920000000024e-08 5.201663460000000116e-08 5.302756630000000247e-08 5.398916159999999980e-08 5.490298699999999786e-08 5.577065210000000019e-08 5.659378029999999820e-08 5.737400599999999673e-08 5.811296689999999670e-08 5.881227589999999777e-08 5.947353190000000171e-08 6.009830860000000230e-08 6.068815140000000578e-08 6.124455610000000259e-08 6.176898639999999774e-08 6.226287040000000476e-08 6.272758670000000319e-08 6.316447099999999695e-08 6.357480229999999341e-08 6.395983830000000469e-08 6.432075849999999486e-08 6.465872809999999786e-08 6.497484150000000520e-08 6.527016439999999431e-08 6.554572000000000017e-08 6.580246749999999769e-08 6.604135899999999423e-08 6.626326860000000538e-08 6.646906309999999645e-08 6.665954540000000002e-08 6.683550419999999455e-08 6.699767140000000655e-08 6.714676460000000007e-08 6.728345880000000169e-08 6.740839350000000185e-08 6.752217980000000178e-08 6.762540749999999429e-08 6.771863780000000607e-08 6.780238949999999735e-08 6.787717409999999719e-08 6.794346059999999957e-08 6.800171799999999850e-08 6.805237969999999647e-08 6.809585069999999353e-08 6.813252180000000178e-08 6.816277679999999466e-08 6.818695650000000141e-08 6.820540929999999410e-08 6.821844780000000292e-08 6.822637740000000278e-08 6.822948960000000556e-08 6.822805430000000297e-08 6.822233440000000108e-08 6.821257160000000580e-08 6.819900729999999812e-08 6.818186190000000198e-08 6.816134150000000532e-08 6.813765200000000594e-08 6.811097819999999659e-08 6.808151200000000369e-08 6.804941680000000324e-08 6.801484890000000368e-08 6.797797169999999426e-08 6.793893449999999773e-08 6.789786509999999860e-08
4.551286900000000156e-09 3.125260940000000073e-09 2.652311930000000031e-09 2.908398410000000162e-09 3.708942039999999797e-09 4.941972609999999887e-09 6.531474029999999948e-09 8.417679890000000369e-09 1.054889600000000063e-08 1.287849120000000065e-08 1.536396969999999974e-08 1.796677120000000120e-08 2.065226030000000049e-08 2.338970440000000140e-08 2.615215950000000107e-08 2.891630399999999995e-08 3.166220349999999958e-08 3.437304130000000107e-08 3.703483739999999822e-08 3.963614150000000212e-08 4.216777679999999913e-08 4.462253500000000260e-08 4.699496260000000291e-08 4.928109119999999900e-08 5.147825990000000124e-08 5.358489829999999874e-08 5.560037050000000221e-08 5.752482220000000017e-08 5.935904569999999870e-08 6.110435889999999935e-08 6.276252410000000638e-08 6.433563730000000632e-08 6.582606460000000070e-08 6.723636400000000421e-08 6.856924980000000032e-08 6.982755000000000378e-08 7.101412789999999593e-08 7.213188979999999496e-08 7.318374169999999416e-08 7.417256849999999498e-08 7.510121949999999416e-08 7.597248699999999339e-08 7.678908530000000263e-08 7.755368610000000167e-08 7.826884740000000523e-08 7.893705600000000531e-08 7.956071359999999492e-08 8.014211520000000089e-08 8.068348480000000424e-08 8.118693980000000165e-08 8.165450539999999680e-08 8.208812829999999979e-08 8.248964889999999510e-08 8.286083639999999744e-08 8.320336780000000208e-08 8.351884870000000467e-08 8.380878569999999910e-08 8.407463530000000132e-08 8.431775460000000552e-08 8.453945099999999504e-08 8.474096090000000003e-08 8.492344959999999657e-08 8.508801840000000651e-08 8.523571890000000111e-08 8.536755299999999367e-08 8.548444440000000239e-08 8.558728840000000328e-08 8.567692330000000384e-08 8.575415220000000034e-08 8.581971400000000497e-08 8.587432629999999504e-08 8.591865709999999818e-08 8.595333870000000254e-08 8.597896789999999985e-08 8.599612040000000322e-08 8.600530779999999706e-08 8.600705570000000334e-08 8.600182610000000389e-08 8.599006660000000243e-08 8.597221069999999652e-08 8.594864910000000317e-08 8.591975839999999355e-08 8.588589400000000484e-08 8.584739670000000010e-08 8.580457230000000070e-08 8.575771910000000081e-08 8.570712850000000401e-08 8.565305620000000079e-08 8.559575089999999600e-08 8.553545429999999555e-08 8.547237940000000446e-08 8.540673949999999974e-08 8.533872630000000445e-08 8.526852470000000640e-08 8.519631220000000095e-08 8.512225950000000115e-08 8.504650140000000367e-08 8.496920150000000108e-08 8.489048749999999605e-08 8.481049460000000521e-08
6.534852660000000300e-09 4.602852769999999810e-09 4.111941900000000367e-09 4.730193129999999860e-09 6.173893400000000327e-09 8.259958049999999876e-09 1.085733100000000050e-08 1.386094710000000052e-08 1.718099089999999888e-08 2.073879559999999899e-08 2.446529200000000146e-08 2.830029190000000070e-08 3.219193450000000196e-08 3.609612520000000129e-08 3.997591239999999864e-08 4.380078520000000061e-08 4.754599199999999849e-08 5.119184369999999756e-08 5.472305630000000279e-08 5.812815119999999802e-08 6.139888600000000279e-08 6.452975750000000323e-08 6.751757550000000479e-08 7.036102550000000369e-08 7.306038440000000383e-08 7.561718720000000152e-08 7.803398460000000087e-08 8.031412340000000332e-08 8.246157530000000606e-08 8.448076019999999361e-08 8.637643839999999946e-08 8.815357690000000222e-08 8.981728429999999915e-08 9.137273339999999808e-08 9.282506849999999608e-08 9.417940559999999608e-08 9.544076819999999637e-08 9.661405190000000241e-08 9.770402440000000043e-08 9.871528309999999679e-08 9.965225439999999960e-08 1.005192020000000065e-07 1.013201899999999977e-07 1.020591039999999943e-07 1.027396479999999991e-07 1.033653379999999947e-07 1.039395199999999955e-07 1.044653639999999996e-07 1.049458549999999957e-07 1.053838330000000022e-07 1.057819720000000048e-07 1.061427989999999984e-07 1.064686969999999980e-07 1.067619020000000019e-07 1.070245400000000060e-07 1.072585860000000015e-07 1.074659150000000003e-07 1.076482900000000053e-07 1.078073520000000002e-07 1.079446649999999939e-07 1.080616769999999981e-07 1.081597600000000000e-07 1.082401939999999974e-07 1.083041919999999966e-07 1.083528860000000009e-07 1.083873259999999944e-07 1.084085139999999988e-07 1.084173749999999944e-07 1.084147950000000058e-07 1.084015790000000016e-07 1.083785079999999959e-07 1.083462849999999977e-07 1.083055990000000050e-07 1.082570690000000000e-07 1.082012990000000032e-07 1.081388279999999978e-07 1.080701750000000004e-07 1.079958380000000043e-07 1.079162570000000042e-07 1.078318590000000004e-07 1.077430480000000028e-07 1.076501870000000045e-07 1.075536319999999999e-07 1.074536940000000056e-07 1.073506939999999947e-07 1.072449010000000033e-07 1.071365859999999955e-07 1.070260039999999963e-07 1.069133690000000010e-07 1.067989149999999984e-07 1.066828259999999940e-07 1.065653089999999976e-07 1.064465279999999953e-07 1.063266450000000057e-07 1.062058170000000028e-07 1.060841870000000022e-07 1.059618809999999980e-07 1.058390349999999936e-07 1.057157489999999946e-07 1.055921360000000005e-07
9.407012060000000663e-09 6.825660040000000366e-09 6.428115819999999916e-09 7.708467639999999782e-09 1.022047599999999940e-08 1.366139470000000079e-08 1.780794530000000048e-08 2.248142289999999876e-08 2.753274409999999861e-08 3.283599170000000266e-08 3.828515100000000020e-08 4.379186790000000188e-08 4.928355679999999748e-08 5.470155880000000071e-08 5.999937969999999708e-08 6.514101610000000094e-08 7.009939649999999362e-08 7.485499509999999441e-08 7.939453890000000412e-08 8.370994209999999625e-08 8.779733209999999696e-08 9.165622569999999780e-08 9.528882570000000612e-08 9.869945929999999842e-08 1.018940520000000024e-07 1.048797390000000030e-07 1.076645189999999938e-07 1.102569770000000018e-07 1.126660579999999965e-07 1.149008919999999963e-07 1.169706539999999979e-07 1.188844150000000042e-07 1.206511090000000111e-07 1.222794030000000120e-07 1.237777239999999898e-07 1.251541310000000089e-07 1.264163809999999910e-07 1.275718519999999916e-07 1.286275480000000069e-07 1.295901199999999963e-07 1.304658640000000080e-07 1.312606909999999908e-07 1.319801870000000112e-07 1.326295940000000001e-07 1.332138450000000111e-07 1.337375439999999898e-07 1.342050100000000128e-07 1.346202790000000033e-07 1.349871469999999936e-07 1.353091220000000033e-07 1.355895020000000052e-07 1.358313429999999940e-07 1.360375419999999966e-07 1.362107300000000012e-07 1.363534069999999975e-07 1.364678889999999959e-07 1.365563240000000060e-07 1.366207270000000052e-07 1.366629330000000060e-07 1.366847039999999944e-07 1.366876459999999991e-07 1.366732500000000026e-07 1.366429250000000073e-07 1.365979470000000096e-07 1.365395260000000048e-07 1.364687989999999882e-07 1.363867739999999898e-07 1.362944459999999927e-07 1.361926959999999898e-07 1.360823490000000092e-07 1.359641859999999988e-07 1.358389309999999909e-07 1.357072390000000055e-07 1.355697350000000072e-07 1.354269729999999937e-07 1.352795209999999873e-07 1.351278339999999974e-07 1.349723820000000085e-07 1.348136039999999982e-07 1.346518700000000118e-07 1.344875359999999907e-07 1.343209699999999992e-07 1.341524579999999896e-07 1.339822830000000091e-07 1.338107300000000062e-07 1.336380390000000045e-07 1.334644249999999898e-07 1.332901009999999936e-07 1.331152789999999908e-07 1.329401019999999974e-07 1.327647679999999903e-07 1.325893919999999896e-07 1.324141440000000033e-07 1.322391369999999912e-07 1.320644860000000000e-07 1.318903030000000123e-07 1.317166889999999976e-07 1.315437150000000017e-07 1.313714790000000093e-07 1.312000529999999907e-07
1.357649990000000080e-08 1.018946169999999939e-08 1.011040139999999978e-08 1.254610279999999999e-08 1.678274589999999887e-08 2.231974960000000027e-08 2.878474349999999864e-08 3.588492350000000048e-08 4.338425090000000213e-08 5.109178860000000061e-08 5.885432590000000177e-08 6.655074710000000193e-08 7.408716129999999379e-08 8.139259930000000593e-08 8.841512770000000391e-08 9.511847309999999543e-08 1.014791020000000044e-07 1.074836719999999995e-07 1.131269090000000052e-07 1.184098649999999995e-07 1.233383949999999926e-07 1.279219930000000000e-07 1.321727719999999952e-07 1.361047169999999927e-07 1.397329750000000131e-07 1.430734499999999913e-07 1.461423120000000061e-07 1.489557770000000122e-07 1.515298040000000113e-07 1.538799520000000100e-07 1.560213009999999980e-07 1.579682449999999909e-07 1.597345689999999923e-07 1.613333039999999971e-07 1.627767859999999937e-07 1.640766100000000088e-07 1.652436769999999869e-07 1.662881600000000111e-07 1.672195820000000036e-07 1.680468099999999949e-07 1.687780720000000007e-07 1.694210429999999894e-07 1.699828399999999961e-07 1.704700309999999971e-07 1.708887399999999990e-07 1.712445790000000039e-07 1.715427940000000100e-07 1.717881869999999929e-07 1.719852069999999977e-07 1.721379730000000105e-07 1.722502670000000129e-07 1.723255710000000095e-07 1.723671089999999959e-07 1.723778670000000040e-07 1.723605719999999999e-07 1.723177260000000069e-07 1.722516600000000102e-07 1.721645050000000111e-07 1.720582360000000003e-07 1.719346439999999898e-07 1.717954210000000026e-07 1.716420850000000132e-07 1.714760320000000033e-07 1.712985809999999930e-07 1.711109120000000011e-07 1.709141200000000029e-07 1.707092140000000055e-07 1.704971169999999956e-07 1.702786679999999990e-07 1.700546760000000123e-07 1.698258250000000019e-07 1.695927949999999995e-07 1.693561840000000036e-07 1.691165469999999895e-07 1.688743650000000078e-07 1.686301369999999893e-07 1.683842610000000013e-07 1.681371490000000032e-07 1.678891270000000128e-07 1.676405359999999965e-07 1.673916760000000102e-07 1.671428009999999960e-07 1.668941680000000126e-07 1.666460040000000100e-07 1.663984929999999939e-07 1.661518210000000036e-07 1.659061719999999921e-07 1.656616750000000037e-07 1.654184699999999903e-07 1.651766870000000002e-07 1.649364239999999916e-07 1.646977950000000076e-07 1.644608569999999902e-07 1.642257100000000111e-07 1.639924110000000122e-07 1.637610300000000093e-07 1.635315949999999981e-07 1.633041790000000052e-07 1.630788089999999960e-07 1.628555139999999966e-07
1.964098929999999856e-08 1.530202990000000156e-08 1.595715200000000069e-08 2.033260139999999949e-08 2.727668940000000025e-08 3.597003229999999920e-08 4.580886779999999768e-08 5.633270559999999772e-08 6.718607179999999664e-08 7.809580180000000628e-08 8.885507439999999450e-08 9.931093810000000345e-08 1.093539200000000020e-07 1.189092629999999974e-07 1.279296809999999890e-07 1.363892469999999873e-07 1.442784449999999896e-07 1.516001620000000129e-07 1.583664189999999881e-07 1.645957890000000025e-07 1.703113810000000012e-07 1.755392419999999988e-07 1.803071400000000061e-07 1.846436250000000117e-07 1.885772750000000001e-07 1.921362549999999927e-07 1.953479229999999953e-07 1.982384820000000061e-07 2.008329429999999876e-07 2.031549259999999913e-07 2.052266410000000099e-07 2.070688510000000017e-07 2.087009110000000052e-07 2.101408260000000062e-07 2.114052509999999901e-07 2.125095619999999878e-07 2.134679419999999909e-07 2.142934789999999891e-07 2.149981380000000016e-07 2.155929760000000092e-07 2.160880680000000042e-07 2.164926660000000111e-07 2.168152519999999873e-07 2.170635440000000042e-07 2.172446190000000051e-07 2.173649419999999893e-07 2.174304109999999908e-07 2.174463989999999919e-07 2.174178210000000075e-07 2.173491539999999991e-07 2.172444619999999914e-07 2.171074839999999953e-07 2.169415859999999918e-07 2.167498680000000029e-07 2.165351279999999876e-07 2.162999380000000113e-07 2.160465870000000128e-07 2.157772339999999890e-07 2.154937849999999982e-07 2.151979859999999946e-07 2.148914290000000094e-07 2.145755640000000084e-07 2.142517129999999962e-07 2.139210690000000123e-07 2.135846840000000082e-07 2.132435809999999891e-07 2.128986270000000030e-07 2.125506309999999935e-07 2.122003200000000037e-07 2.118483450000000129e-07 2.114953329999999926e-07 2.111417809999999987e-07 2.107882150000000069e-07 2.104350330000000052e-07 2.100826610000000037e-07 2.097314249999999937e-07 2.093816530000000003e-07 2.090336299999999988e-07 2.086875950000000089e-07 2.083437779999999915e-07 2.080023620000000016e-07 2.076635469999999971e-07 2.073274740000000130e-07 2.069942869999999894e-07 2.066640689999999891e-07 2.063369640000000051e-07 2.060130269999999985e-07 2.056923449999999940e-07 2.053749600000000114e-07 2.050609569999999886e-07 2.047503360000000049e-07 2.044431540000000025e-07 2.041394250000000055e-07 2.038391639999999891e-07 2.035423850000000040e-07 2.032490869999999937e-07 2.029592569999999904e-07 2.026728939999999904e-07 2.023899979999999938e-07 2.021105420000000086e-07
2.847105659999999882e-08 2.309055519999999861e-08 2.520097199999999949e-08 3.272347020000000225e-08 4.380049029999999760e-08 5.711507710000000198e-08 7.172049269999999956e-08 8.692421009999999387e-08 1.022194100000000020e-07 1.172404110000000049e-07 1.317304030000000084e-07 1.455165520000000081e-07 1.584902380000000015e-07 1.705913209999999952e-07 1.817957130000000132e-07 1.921056030000000023e-07 2.015418520000000114e-07 2.101381540000000015e-07 2.179366310000000127e-07 2.249843900000000100e-07 2.313311850000000047e-07 2.370274640000000111e-07 2.421231219999999962e-07 2.466665879999999823e-07 2.507042039999999917e-07 2.542798259999999755e-07 2.574346069999999793e-07 2.602069170000000119e-07 2.626323409999999851e-07 2.647436470000000213e-07 2.665709929999999864e-07 2.681420600000000256e-07 2.694820300000000069e-07 2.706139530000000053e-07 2.715588039999999805e-07 2.723355689999999826e-07 2.729615290000000180e-07 2.734523719999999787e-07 2.738221950000000209e-07 2.740838740000000006e-07 2.742489190000000068e-07 2.743278460000000169e-07 2.743300630000000122e-07 2.742640960000000042e-07 2.741376189999999839e-07 2.739575390000000189e-07 2.737300799999999759e-07 2.734608979999999900e-07 2.731549959999999985e-07 2.728169480000000235e-07 2.724508479999999869e-07 2.720603620000000052e-07 2.716488150000000166e-07 2.712191360000000052e-07 2.707740240000000208e-07 2.703158939999999828e-07 2.698468510000000097e-07 2.693688260000000122e-07 2.688835819999999801e-07 2.683926249999999763e-07 2.678973489999999756e-07 2.673990020000000050e-07 2.668986670000000228e-07 2.663973359999999745e-07 2.658958919999999928e-07 2.653950730000000019e-07 2.648956179999999826e-07 2.643980959999999871e-07 2.639030750000000114e-07 2.634110100000000118e-07 2.629223269999999985e-07 2.624373959999999900e-07 2.619565010000000107e-07 2.614799539999999749e-07 2.610079830000000214e-07 2.605407870000000249e-07 2.600785360000000199e-07 2.596213450000000000e-07 2.591693829999999959e-07 2.587227070000000026e-07 2.582814320000000137e-07 2.578455560000000221e-07 2.574151669999999763e-07 2.569902620000000243e-07 2.565709000000000095e-07 2.561570229999999862e-07 2.557486600000000068e-07 2.553457820000000188e-07 2.549483900000000260e-07 2.545563969999999775e-07 2.541698049999999864e-07 2.537885850000000004e-07 2.534126220000000259e-07 2.530419180000000172e-07 2.526764149999999757e-07 2.523159990000000172e-07 2.519606709999999865e-07 2.516103449999999953e-07 2.512649359999999998e-07 2.509244150000000007e-07
4.132862230000000272e-08 3.495690489999999776e-08 3.971326730000000049e-08 5.218094399999999789e-08 6.938943640000000031e-08 8.927378300000000284e-08 1.104048620000000040e-07 1.317916230000000021e-07 1.527554190000000049e-07 1.728452620000000077e-07 1.917769910000000044e-07 2.093879769999999913e-07 2.256028750000000084e-07 2.404079000000000255e-07 2.538315299999999820e-07 2.659300829999999831e-07 2.767773140000000181e-07 2.864567820000000120e-07 2.950564809999999897e-07 3.026650860000000116e-07 3.093692560000000244e-07 3.152520949999999967e-07 3.203921039999999814e-07 3.248624410000000256e-07 3.287308910000000089e-07 3.320596139999999996e-07 3.349055079999999835e-07 3.373202159999999951e-07 3.393505780000000102e-07 3.410388840000000167e-07 3.424232769999999941e-07 3.435379769999999849e-07 3.444137349999999945e-07 3.450780919999999778e-07 3.455556910000000181e-07 3.458685850000000149e-07 3.460364440000000116e-07 3.460768309999999785e-07 3.460053789999999789e-07 3.458360420000000206e-07 3.455812420000000070e-07 3.452520050000000183e-07 3.448582219999999881e-07 3.444085910000000223e-07 3.439108979999999889e-07 3.433720220000000128e-07 3.427981030000000264e-07 3.421945680000000224e-07 3.415662210000000103e-07 3.409173249999999958e-07 3.402516879999999750e-07 3.395726369999999995e-07 3.388830979999999894e-07 3.381856860000000074e-07 3.374827319999999859e-07 3.367762249999999932e-07 3.360679560000000145e-07 3.353594590000000029e-07 3.346521279999999857e-07 3.339471560000000026e-07 3.332455950000000049e-07 3.325482960000000093e-07 3.318560859999999981e-07 3.311696450000000028e-07 3.304894849999999748e-07 3.298161740000000159e-07 3.291500829999999894e-07 3.284915520000000170e-07 3.278408940000000164e-07 3.271983360000000172e-07 3.265640490000000042e-07 3.259381740000000125e-07 3.253208549999999821e-07 3.247121470000000067e-07 3.241120789999999796e-07 3.235207090000000055e-07 3.229379789999999797e-07 3.223639449999999996e-07 3.217984949999999765e-07 3.212416290000000163e-07 3.206932600000000151e-07 3.201533049999999896e-07 3.196217049999999903e-07 3.190983479999999816e-07 3.185831190000000227e-07 3.180759340000000208e-07 3.175766779999999822e-07 3.170852099999999777e-07 3.166014440000000130e-07 3.161252379999999966e-07 3.156564789999999949e-07 3.151950240000000186e-07 3.147407880000000242e-07 3.142936009999999772e-07 3.138533489999999935e-07 3.134199179999999772e-07 3.129931659999999956e-07 3.125729790000000057e-07 3.121592440000000211e-07 3.117517910000000074e-07
6.003339339999999533e-08 5.299774130000000108e-08 6.228334830000000607e-08 8.228492729999999697e-08 1.083257289999999963e-07 1.372637540000000117e-07 1.670323120000000032e-07 1.962913809999999996e-07 2.241994820000000094e-07 2.502601430000000081e-07 2.742148410000000030e-07 2.959671690000000233e-07 3.155283819999999743e-07 3.329787430000000008e-07 3.484401819999999872e-07 3.620573920000000165e-07 3.739848470000000241e-07 3.843781539999999789e-07 3.933886030000000187e-07 4.011595539999999970e-07 4.078246720000000152e-07 4.135070240000000059e-07 4.183187340000000163e-07 4.223612390000000258e-07 4.257258300000000020e-07 4.284942459999999911e-07 4.307394190000000144e-07 4.325262069999999746e-07 4.339121630000000102e-07 4.349482200000000153e-07 4.356794530000000218e-07 4.361455980000000174e-07 4.363817250000000046e-07 4.364187019999999895e-07 4.362837270000000066e-07 4.360006190000000086e-07 4.355904079999999959e-07 4.350715129999999736e-07 4.344600770000000020e-07 4.337702530000000169e-07 4.330144629999999743e-07 4.322035639999999770e-07 4.313470749999999853e-07 4.304532979999999923e-07 4.295294500000000253e-07 4.285818989999999968e-07 4.276161290000000004e-07 4.266369159999999970e-07 4.256484939999999929e-07 4.246544170000000158e-07 4.236578090000000161e-07 4.226613730000000051e-07 4.216674650000000058e-07 4.206780489999999958e-07 4.196948280000000118e-07 4.187192810000000189e-07 4.177526020000000074e-07 4.167958419999999782e-07 4.158498260000000121e-07 4.149153199999999763e-07 4.139928929999999759e-07 4.130829720000000247e-07 4.121859829999999739e-07 4.113021530000000117e-07 4.104316820000000166e-07 4.095747670000000149e-07 4.087314100000000139e-07 4.079017229999999964e-07 4.070856219999999753e-07 4.062830780000000042e-07 4.054940349999999859e-07 4.047183779999999796e-07 4.039559370000000040e-07 4.032065990000000197e-07 4.024701919999999851e-07 4.017465189999999798e-07 4.010354080000000150e-07 4.003366310000000049e-07 3.996500199999999752e-07 3.989753449999999917e-07 3.983123519999999800e-07 3.976608700000000080e-07 3.970206709999999898e-07 3.963914990000000026e-07 3.957731850000000157e-07 3.951654429999999974e-07 3.945681040000000231e-07 3.939809120000000109e-07 3.934036950000000253e-07 3.928361989999999919e-07 3.922782239999999793e-07 3.917295430000000110e-07 3.911900139999999955e-07 3.906593520000000107e-07 3.901374440000000172e-07 3.896240339999999864e-07 3.891189519999999898e-07 3.886219989999999938e-07 3.881330310000000054e-07 3.876518520000000018e-07
8.719647579999999821e-08 8.031035040000000167e-08 9.698696600000000259e-08 1.281179320000000010e-07 1.664957810000000104e-07 2.075032630000000031e-07 2.482939860000000151e-07 2.871756240000000159e-07 3.232080419999999850e-07 3.559401589999999908e-07 3.852347280000000141e-07 4.111500970000000068e-07 4.338610609999999794e-07 4.536057649999999868e-07 4.706509459999999863e-07 4.852697089999999539e-07 4.977277970000000529e-07 5.082756619999999829e-07 5.171440310000000480e-07 5.245427129999999522e-07 5.306598610000000402e-07 5.356631050000000073e-07 5.397009200000000504e-07 5.429039329999999973e-07 5.453867399999999686e-07 5.472496130000000058e-07 5.485800900000000149e-07 5.494543419999999613e-07 5.499386480000000320e-07 5.500904760000000039e-07 5.499598499999999680e-07 5.495899130000000416e-07 5.490180679999999553e-07 5.482767160000000352e-07 5.473938239999999816e-07 5.463936079999999699e-07 5.452967569999999812e-07 5.441213489999999482e-07 5.428827879999999504e-07 5.415943749999999564e-07 5.402675360000000151e-07 5.389119910000000221e-07 5.375362089999999938e-07 5.361472969999999821e-07 5.347513930000000179e-07 5.333536140000000285e-07 5.319584489999999922e-07 5.305694799999999854e-07 5.291899470000000088e-07 5.278223510000000290e-07 5.264689090000000413e-07 5.251313839999999825e-07 5.238112520000000186e-07 5.225095950000000512e-07 5.212273779999999808e-07 5.199653399999999472e-07 5.187239370000000163e-07 5.175036220000000314e-07 5.163045099999999860e-07 5.151268279999999626e-07 5.139706329999999562e-07 5.128357539999999816e-07 5.117221350000000476e-07 5.106296039999999536e-07 5.095579350000000446e-07 5.085068440000000315e-07 5.074760450000000416e-07 5.064651420000000147e-07 5.054739059999999672e-07 5.045019410000000508e-07 5.035487899999999841e-07 5.026141710000000148e-07 5.016976269999999674e-07 5.007987619999999936e-07 4.999172350000000210e-07 4.990526459999999752e-07 4.982044860000000215e-07 4.973725249999999607e-07 4.965562539999999582e-07 4.957553300000000403e-07 4.949694130000000324e-07 4.941981049999999732e-07 4.934410070000000034e-07 4.926978360000000494e-07 4.919681940000000438e-07 4.912517400000000202e-07 4.905481320000000087e-07 4.898571430000000327e-07 4.891783190000000335e-07 4.885114320000000312e-07 4.878561409999999534e-07 4.872122190000000355e-07 4.865793239999999898e-07 4.859572299999999494e-07 4.853455950000000500e-07 4.847442479999999892e-07 4.841528490000000157e-07 4.835712280000000424e-07 4.829990979999999810e-07 4.824362349999999719e-07
1.265475899999999977e-07 1.214081640000000102e-07 1.496558889999999946e-07 1.967197530000000079e-07 2.517785160000000120e-07 3.083105470000000115e-07 3.626130079999999952e-07 4.127296620000000087e-07 4.577729269999999791e-07 4.974985470000000245e-07 5.320377449999999643e-07 5.617278020000000088e-07 5.870063550000000260e-07 6.083459989999999567e-07 6.262154670000000259e-07 6.410575110000000216e-07 6.532781070000000523e-07 6.632418490000000386e-07 6.712713799999999783e-07 6.776497230000000372e-07 6.826227829999999911e-07 6.864035529999999766e-07 6.891752379999999655e-07 6.910954650000000014e-07 6.922990110000000374e-07 6.929012670000000075e-07 6.930006290000000300e-07 6.926811120000000428e-07 6.920142250000000405e-07 6.910606770000000161e-07 6.898723089999999810e-07 6.884928329999999994e-07 6.869596520000000133e-07 6.853042580000000161e-07 6.835532530000000507e-07 6.817293180000000181e-07 6.798514389999999687e-07 6.779356450000000257e-07 6.759953520000000452e-07 6.740418709999999769e-07 6.720845819999999653e-07 6.701313279999999793e-07 6.681885910000000271e-07 6.662616560000000101e-07 6.643549000000000299e-07 6.624717909999999610e-07 6.606152850000000443e-07 6.587874279999999726e-07 6.569900389999999913e-07 6.552244259999999750e-07 6.534913839999999487e-07 6.517916520000000520e-07 6.501255710000000396e-07 6.484932560000000110e-07 6.468947049999999589e-07 6.453297490000000115e-07 6.437981029999999820e-07 6.422993120000000198e-07 6.408329799999999590e-07 6.393984789999999566e-07 6.379952989999999627e-07 6.366228150000000394e-07 6.352802870000000434e-07 6.339670340000000456e-07 6.326824859999999899e-07 6.314257919999999657e-07 6.301963250000000280e-07 6.289933480000000444e-07 6.278161779999999724e-07 6.266640749999999866e-07 6.255364160000000504e-07 6.244324600000000169e-07 6.233515819999999484e-07 6.222931010000000214e-07 6.212563899999999733e-07 6.202408829999999743e-07 6.192458949999999749e-07 6.182708600000000394e-07 6.173152090000000096e-07 6.163783720000000413e-07 6.154598959999999736e-07 6.145591559999999745e-07 6.136756379999999794e-07 6.128089470000000378e-07 6.119585689999999791e-07 6.111239939999999652e-07 6.103048240000000345e-07 6.095006030000000152e-07 6.087108769999999545e-07 6.079353619999999869e-07 6.071736039999999478e-07 6.064252029999999743e-07 6.056898200000000015e-07 6.049671129999999534e-07 6.042567409999999694e-07 6.035583619999999736e-07 6.028716370000000069e-07 6.021963369999999796e-07 6.015321220000000350e-07 6.008786499999999911e-07
1.833895739999999930e-07 1.827704350000000044e-07 2.284528049999999950e-07 2.975967560000000029e-07 3.744393949999999857e-07 4.501758329999999969e-07 5.203145289999999962e-07 5.828720189999999959e-07 6.372836759999999935e-07 6.837581170000000280e-07 7.228968570000000284e-07 7.554718309999999992e-07 7.822980019999999625e-07 8.041635620000000261e-07 8.217944010000000319e-07 8.358389319999999893e-07 8.468649069999999604e-07 8.553626569999999545e-07 8.617515160000000438e-07 8.663876090000000264e-07 8.695718070000000140e-07 8.715574610000000050e-07 8.725572229999999579e-07 8.727492970000000206e-07 8.722825560000000335e-07 8.712815999999999845e-07 8.698502259999999963e-07 8.680750059999999648e-07 8.660280170000000394e-07 8.637691169999999847e-07 8.613480990000000064e-07 8.588062309999999851e-07 8.561776209999999805e-07 8.534904049999999882e-07 8.507678899999999569e-07 8.480290600000000353e-07 8.452894349999999828e-07 8.425616330000000429e-07 8.398559429999999519e-07 8.371804369999999801e-07 8.345415950000000225e-07 8.319445330000000027e-07 8.293930589999999699e-07 8.268901299999999568e-07 8.244378479999999652e-07 8.220375209999999751e-07 8.196901149999999968e-07 8.173960279999999916e-07 8.151552039999999683e-07 8.129675280000000390e-07 8.108323189999999569e-07 8.087489499999999887e-07 8.067165710000000155e-07 8.047342130000000164e-07 8.028006850000000120e-07 8.009149609999999864e-07 7.990757919999999615e-07 7.972819279999999558e-07 7.955321729999999719e-07 7.938252220000000405e-07 7.921598239999999645e-07 7.905347269999999671e-07 7.889486819999999642e-07 7.874005519999999608e-07 7.858890289999999766e-07 7.844130320000000079e-07 7.829714259999999608e-07 7.815630169999999511e-07 7.801867809999999700e-07 7.788416950000000122e-07 7.775267359999999669e-07 7.762408810000000405e-07 7.749832780000000012e-07 7.737528449999999474e-07 7.725488439999999550e-07 7.713703670000000124e-07 7.702166159999999776e-07 7.690867960000000375e-07 7.679801119999999550e-07 7.668958230000000068e-07 7.658332489999999497e-07 7.647917069999999531e-07 7.637705719999999733e-07 7.627691619999999714e-07 7.617869069999999976e-07 7.608231840000000152e-07 7.598774229999999683e-07 7.589491700000000099e-07 7.580378559999999819e-07 7.571429710000000460e-07 7.562640580000000266e-07 7.554006629999999710e-07 7.545522750000000372e-07 7.537185520000000434e-07 7.528990410000000404e-07 7.520933989999999486e-07 7.513011720000000270e-07 7.505220199999999952e-07 7.497555999999999854e-07 7.490015720000000347e-07
2.652190570000000090e-07 2.735464479999999904e-07 3.445435650000000016e-07 4.432584429999999768e-07 5.474997240000000037e-07 6.459861199999999836e-07 7.337528130000000026e-07 8.092324040000000392e-07 8.725971269999999727e-07 9.248418560000000242e-07 9.672861549999998973e-07 1.001310239999999929e-06 1.028222529999999945e-06 1.049200139999999924e-06 1.065269200000000072e-06 1.077306140000000083e-06 1.086048769999999946e-06 1.092113050000000003e-06 1.096009329999999931e-06 1.098158240000000056e-06 1.098905390000000044e-06 1.098534429999999901e-06 1.097276820000000048e-06 1.095322090000000001e-06 1.092824389999999898e-06 1.089909459999999944e-06 1.086679620000000091e-06 1.083217740000000042e-06 1.079591239999999993e-06 1.075854359999999976e-06 1.072050960000000062e-06 1.068216310000000080e-06 1.064378349999999950e-06 1.060559499999999896e-06 1.056777250000000047e-06 1.053045369999999956e-06 1.049374420000000025e-06 1.045772359999999905e-06 1.042244889999999945e-06 1.038796310000000072e-06 1.035429360000000062e-06 1.032145629999999965e-06 1.028945799999999917e-06 1.025829989999999932e-06 1.022797510000000047e-06 1.019847559999999901e-06 1.016978559999999903e-06 1.014188909999999968e-06 1.011476910000000069e-06 1.008840399999999995e-06 1.006277439999999907e-06 1.003785770000000078e-06 1.001363220000000048e-06 9.990076249999999048e-07 9.967167220000000147e-07 9.944883460000000419e-07 9.923203380000000956e-07 9.902106510000000561e-07 9.881572400000000224e-07 9.861579429999999871e-07 9.842108279999999297e-07 9.823140770000000319e-07 9.804659840000000343e-07 9.786645020000000288e-07 9.769081540000000575e-07 9.751951209999999806e-07 9.735240380000000347e-07 9.718930869999999777e-07 9.703011299999999167e-07 9.687464630000000231e-07 9.672279479999999806e-07 9.657442209999999235e-07 9.642939179999999859e-07 9.628761290000000434e-07 9.614894909999999162e-07 9.601328659999999230e-07 9.588054579999999294e-07 9.575061310000000496e-07 9.562337480000000766e-07 9.549877399999999582e-07 9.537669710000000205e-07 9.525705880000000278e-07 9.513979650000000388e-07 9.502481930000000384e-07 9.491205329999999926e-07 9.480143599999999639e-07 9.469288780000000291e-07 9.458635190000000339e-07 9.448176570000000366e-07 9.437906669999999936e-07 9.427819799999999584e-07 9.417910289999999918e-07 9.408173010000000329e-07 9.398603420000000229e-07 9.389195840000000190e-07 9.379946279999999503e-07 9.370849629999999748e-07 9.361902470000000166e-07 9.353100270000000207e-07 9.344438470000000269e-07
3.825510929999999888e-07 4.064229699999999829e-07 5.128430300000000113e-07 6.497452889999999622e-07 7.870553420000000519e-07 9.111989809999999630e-07 1.017414999999999982e-06 1.105247859999999993e-06 1.176167979999999955e-06 1.232360770000000045e-06 1.276133960000000104e-06 1.309645309999999959e-06 1.334794660000000020e-06 1.353198509999999909e-06 1.366203259999999906e-06 1.374914289999999913e-06 1.380230510000000068e-06 1.382878390000000095e-06 1.383441710000000067e-06 1.382388059999999983e-06 1.380091249999999947e-06 1.376849010000000006e-06 1.372898399999999932e-06 1.368427660000000067e-06 1.363585970000000095e-06 1.358491090000000073e-06 1.353235920000000089e-06 1.347893539999999906e-06 1.342520819999999990e-06 1.337162079999999966e-06 1.331851190000000086e-06 1.326614319999999993e-06 1.321470679999999913e-06 1.316434460000000075e-06 1.311516029999999979e-06 1.306722079999999966e-06 1.302056940000000071e-06 1.297522770000000083e-06 1.293120359999999904e-06 1.288849030000000032e-06 1.284707310000000004e-06 1.280692909999999983e-06 1.276803000000000081e-06 1.273034399999999985e-06 1.269383689999999994e-06 1.265847230000000033e-06 1.262421160000000076e-06 1.259101739999999898e-06 1.255885079999999998e-06 1.252767449999999975e-06 1.249744969999999943e-06 1.246814120000000048e-06 1.243971270000000042e-06 1.241213000000000012e-06 1.238535790000000106e-06 1.235936569999999987e-06 1.233412149999999942e-06 1.230959470000000095e-06 1.228575570000000084e-06 1.226257839999999970e-06 1.224003539999999979e-06 1.221810069999999996e-06 1.219675029999999997e-06 1.217596150000000008e-06 1.215571050000000075e-06 1.213597669999999927e-06 1.211674090000000010e-06 1.209798140000000076e-06 1.207968129999999923e-06 1.206182220000000077e-06 1.204438719999999914e-06 1.202735920000000005e-06 1.201072450000000041e-06 1.199446839999999982e-06 1.197857499999999991e-06 1.196303289999999955e-06 1.194782730000000012e-06 1.193294790000000025e-06 1.191838119999999967e-06 1.190411809999999925e-06 1.189014599999999988e-06 1.187645580000000031e-06 1.186303849999999965e-06 1.184988260000000066e-06 1.183698150000000057e-06 1.182432579999999917e-06 1.181190780000000028e-06 1.179971950000000030e-06 1.178775389999999925e-06 1.177600320000000059e-06 1.176446180000000095e-06 1.175312260000000000e-06 1.174197909999999955e-06 1.173102529999999903e-06 1.172025689999999976e-06 1.170966700000000003e-06 1.169925209999999983e-06 1.168900550000000028e-06 1.167892379999999962e-06 1.166900120000000012e-06
5.499767330000000128e-07 5.986439650000000024e-07 7.527933120000000032e-07 9.371105420000000124e-07 1.112535410000000060e-06 1.263990379999999927e-06 1.388054560000000016e-06 1.486345580000000026e-06 1.562312600000000026e-06 1.619767199999999959e-06 1.662260160000000061e-06 1.692860909999999998e-06 1.714118750000000071e-06 1.728102570000000028e-06 1.736466399999999895e-06 1.740520360000000059e-06 1.741294679999999927e-06 1.739595970000000032e-06 1.736053260000000058e-06 1.731155630000000028e-06 1.725282349999999950e-06 1.718726930000000019e-06 1.711715300000000081e-06 1.704421270000000013e-06 1.696977509999999960e-06 1.689484860000000012e-06 1.682019499999999956e-06 1.674638039999999950e-06 1.667382209999999962e-06 1.660282009999999974e-06 1.653358480000000074e-06 1.646625489999999967e-06 1.640091570000000101e-06 1.633761139999999992e-06 1.627635579999999989e-06 1.621713640000000003e-06 1.615992570000000012e-06 1.610468190000000099e-06 1.605135250000000066e-06 1.599988080000000098e-06 1.595020539999999945e-06 1.590226019999999982e-06 1.585598060000000067e-06 1.581130159999999916e-06 1.576815630000000037e-06 1.572648219999999992e-06 1.568621539999999895e-06 1.564729469999999993e-06 1.560966330000000009e-06 1.557326409999999983e-06 1.553804169999999937e-06 1.550394470000000070e-06 1.547092320000000070e-06 1.543893059999999972e-06 1.540791910000000015e-06 1.537784779999999972e-06 1.534867470000000066e-06 1.532036089999999951e-06 1.529286689999999909e-06 1.526615960000000004e-06 1.524020489999999935e-06 1.521496980000000016e-06 1.519042259999999968e-06 1.516653699999999993e-06 1.514328349999999978e-06 1.512063589999999948e-06 1.509856929999999976e-06 1.507705970000000038e-06 1.505608449999999983e-06 1.503562319999999997e-06 1.501565410000000044e-06 1.499615789999999900e-06 1.497711649999999986e-06 1.495851280000000028e-06 1.494032859999999990e-06 1.492254800000000033e-06 1.490515610000000045e-06 1.488813950000000037e-06 1.487148210000000097e-06 1.485517369999999913e-06 1.483919849999999895e-06 1.482354720000000058e-06 1.480820739999999926e-06 1.479316780000000060e-06 1.477841920000000086e-06 1.476395029999999930e-06 1.474975310000000077e-06 1.473581729999999966e-06 1.472213509999999947e-06 1.470869850000000079e-06 1.469549939999999968e-06 1.468252999999999959e-06 1.466978460000000102e-06 1.465725400000000026e-06 1.464493380000000038e-06 1.463281709999999967e-06 1.462089810000000037e-06 1.460917129999999947e-06 1.459763099999999959e-06 1.458627140000000087e-06
7.874663199999999881e-07 8.731483379999999600e-07 1.089124110000000087e-06 1.329833590000000043e-06 1.546924300000000018e-06 1.725439350000000048e-06 1.864940830000000016e-06 1.970304079999999985e-06 2.047691400000000037e-06 2.102944560000000087e-06 2.141050120000000036e-06 2.166056219999999902e-06 2.181159740000000041e-06 2.188846569999999855e-06 2.191029580000000011e-06 2.189171480000000030e-06 2.184385489999999880e-06 2.177514939999999889e-06 2.169197840000000127e-06 2.159913949999999846e-06 2.150022740000000071e-06 2.139792509999999971e-06 2.129422000000000074e-06 2.119056939999999829e-06 2.108803529999999925e-06 2.098736790000000173e-06 2.088909700000000059e-06 2.079357270000000161e-06 2.070101800000000059e-06 2.061155779999999954e-06 2.052524449999999796e-06 2.044208029999999960e-06 2.036202659999999996e-06 2.028501289999999954e-06 2.021095949999999932e-06 2.013976649999999904e-06 2.007132710000000090e-06 2.000552969999999819e-06 1.994226300000000009e-06 1.988141549999999813e-06 1.982287810000000100e-06 1.976653950000000096e-06 1.971229720000000099e-06 1.966005130000000082e-06 1.960970389999999895e-06 1.956116420000000059e-06 1.951434340000000124e-06 1.946915750000000114e-06 1.942552900000000078e-06 1.938338300000000164e-06 1.934264669999999798e-06 1.930325199999999900e-06 1.926513510000000196e-06 1.922823910000000163e-06 1.919250280000000047e-06 1.915787379999999897e-06 1.912429980000000013e-06 1.909173309999999820e-06 1.906012809999999929e-06 1.902944179999999988e-06 1.899963189999999900e-06 1.897065999999999922e-06 1.894249069999999920e-06 1.891508650000000054e-06 1.888841549999999976e-06 1.886244720000000057e-06 1.883715070000000099e-06 1.881249890000000012e-06 1.878846320000000011e-06 1.876501979999999931e-06 1.874214380000000058e-06 1.871981229999999920e-06 1.869800489999999952e-06 1.867669879999999930e-06 1.865587480000000088e-06 1.863551569999999906e-06 1.861560240000000078e-06 1.859611760000000045e-06 1.857704659999999982e-06 1.855837350000000049e-06 1.854008359999999997e-06 1.852216429999999913e-06 1.850459969999999958e-06 1.848737949999999998e-06 1.847049129999999980e-06 1.845392260000000028e-06 1.843766430000000019e-06 1.842170490000000015e-06 1.840603429999999953e-06 1.839064449999999895e-06 1.837552529999999953e-06 1.836066869999999978e-06 1.834606560000000056e-06 1.833170930000000088e-06 1.831759280000000074e-06 1.830370709999999926e-06 1.829004649999999907e-06 1.827660410000000053e-06 1.826337550000000040e-06 1.825035269999999931e-06
1.121910029999999969e-06 1.259768960000000049e-06 1.552549290000000034e-06 1.857176020000000026e-06 2.117018989999999870e-06 2.319856999999999886e-06 2.470338360000000116e-06 2.577896789999999919e-06 2.652092460000000162e-06 2.701095130000000188e-06 2.731409039999999983e-06 2.748033689999999804e-06 2.754740760000000119e-06 2.754345359999999835e-06 2.748934999999999965e-06 2.740050379999999818e-06 2.728824259999999941e-06 2.716086780000000036e-06 2.702442319999999943e-06 2.688329230000000104e-06 2.674062440000000067e-06 2.659864999999999817e-06 2.645893350000000172e-06 2.632253649999999981e-06 2.619015729999999925e-06 2.606223229999999912e-06 2.593899349999999819e-06 2.582054320000000123e-06 2.570687910000000200e-06 2.559792390000000174e-06 2.549356170000000142e-06 2.539363780000000102e-06 2.529797709999999854e-06 2.520640010000000140e-06 2.511871339999999837e-06 2.503473070000000188e-06 2.495426320000000043e-06 2.487713349999999850e-06 2.480315969999999904e-06 2.473218049999999928e-06 2.466403199999999971e-06 2.459856430000000078e-06 2.453563410000000149e-06 2.447510499999999832e-06 2.441684959999999924e-06 2.436074740000000123e-06 2.430668699999999830e-06 2.425455700000000140e-06 2.420426430000000102e-06 2.415571090000000166e-06 2.410880819999999956e-06 2.406347450000000118e-06 2.401963229999999855e-06 2.397720890000000111e-06 2.393613160000000138e-06 2.389634120000000060e-06 2.385776950000000126e-06 2.382036659999999809e-06 2.378407090000000059e-06 2.374883709999999900e-06 2.371461279999999807e-06 2.368135480000000202e-06 2.364901769999999863e-06 2.361756290000000035e-06 2.358695160000000196e-06 2.355714739999999846e-06 2.352811180000000055e-06 2.349981740000000201e-06 2.347223240000000183e-06 2.344532499999999901e-06 2.341906789999999828e-06 2.339343380000000014e-06 2.336840229999999835e-06 2.334394370000000163e-06 2.332003759999999952e-06 2.329666590000000047e-06 2.327380340000000201e-06 2.325143209999999813e-06 2.322953379999999905e-06 2.320809239999999931e-06 2.318708990000000137e-06 2.316651029999999801e-06 2.314633779999999969e-06 2.312655850000000044e-06 2.310716130000000025e-06 2.308813010000000211e-06 2.306945129999999905e-06 2.305111590000000076e-06 2.303311480000000177e-06 2.301543190000000085e-06 2.299805830000000171e-06 2.298098709999999838e-06 2.296420459999999834e-06 2.294770639999999834e-06 2.293148100000000112e-06 2.291552159999999897e-06 2.289981920000000158e-06 2.288436920000000073e-06 2.286916009999999919e-06 2.285418989999999817e-06
1.588868939999999926e-06 1.796430870000000032e-06 2.180386670000000048e-06 2.553549390000000003e-06 2.853842029999999889e-06 3.075396759999999917e-06 3.230343960000000025e-06 3.333918809999999798e-06 3.399589559999999850e-06 3.437972049999999992e-06 3.457022560000000203e-06 3.462558420000000043e-06 3.458779699999999871e-06 3.448697730000000141e-06 3.434462539999999960e-06 3.417603009999999805e-06 3.399202109999999817e-06 3.380022240000000033e-06 3.360594520000000089e-06 3.341285040000000038e-06 3.322341169999999992e-06 3.303924129999999901e-06 3.286135550000000179e-06 3.269032500000000113e-06 3.252642500000000004e-06 3.236971450000000079e-06 3.222010260000000186e-06 3.207740750000000023e-06 3.194138339999999788e-06 3.181173949999999873e-06 3.168817559999999800e-06 3.157037550000000065e-06 3.145802569999999812e-06 3.135082120000000212e-06 3.124846669999999812e-06 3.115067780000000054e-06 3.105718859999999987e-06 3.096773980000000205e-06 3.088209720000000033e-06 3.080003580000000015e-06 3.072134629999999823e-06 3.064583099999999952e-06 3.057330559999999829e-06 3.050360420000000047e-06 3.043656309999999881e-06 3.037203669999999878e-06 3.030988180000000186e-06 3.024997570000000127e-06 3.019219089999999828e-06 3.013641839999999983e-06 3.008255359999999916e-06 3.003049410000000177e-06 2.998015360000000163e-06 2.993143880000000125e-06 2.988427240000000185e-06 2.983857939999999819e-06 2.979428700000000146e-06 2.975132929999999921e-06 2.970964259999999964e-06 2.966916779999999802e-06 2.962984810000000005e-06 2.959163339999999976e-06 2.955447140000000013e-06 2.951831679999999989e-06 2.948312610000000006e-06 2.944885639999999962e-06 2.941546879999999931e-06 2.938292480000000137e-06 2.935119029999999857e-06 2.932023340000000012e-06 2.929001770000000104e-06 2.926051819999999958e-06 2.923170309999999896e-06 2.920354519999999794e-06 2.917602160000000027e-06 2.914910510000000044e-06 2.912277519999999821e-06 2.909700699999999855e-06 2.907178209999999823e-06 2.904707799999999823e-06 2.902287860000000155e-06 2.899916350000000196e-06 2.897591679999999895e-06 2.895312260000000049e-06 2.893076269999999985e-06 2.890882569999999803e-06 2.888729569999999876e-06 2.886615900000000106e-06 2.884540439999999816e-06 2.882501580000000156e-06 2.880498639999999929e-06 2.878530269999999955e-06 2.876595320000000086e-06 2.874692649999999999e-06 2.872821819999999791e-06 2.870981460000000211e-06 2.869170879999999813e-06 2.867388960000000041e-06 2.865635220000000001e-06 2.863908779999999889e-06
2.234495469999999824e-06 2.530303620000000154e-06 3.017151130000000064e-06 3.459031179999999858e-06 3.793385300000000006e-06 4.025105680000000074e-06 4.176198219999999824e-06 4.268672000000000387e-06 4.320118930000000210e-06 4.343483849999999653e-06 4.347948109999999728e-06 4.339910450000000159e-06 4.323793290000000017e-06 4.302639349999999912e-06 4.278534110000000057e-06 4.252901360000000247e-06 4.226704279999999977e-06 4.200587680000000269e-06 4.174974490000000262e-06 4.150132549999999998e-06 4.126223299999999800e-06 4.103334049999999806e-06 4.081501169999999598e-06 4.060727410000000047e-06 4.040992740000000281e-06 4.022261690000000168e-06 4.004491070000000374e-06 3.987632679999999696e-06 3.971636029999999847e-06 3.956450199999999920e-06 3.942025610000000058e-06 3.928314069999999731e-06 3.915270549999999705e-06 3.902850949999999672e-06 3.891015689999999629e-06 3.879726590000000415e-06 3.868948170000000382e-06 3.858648140000000346e-06 3.848795589999999779e-06 3.839362759999999626e-06 3.830323750000000378e-06 3.821653539999999790e-06 3.813330749999999929e-06 3.805334250000000166e-06 3.797644920000000176e-06 3.790245049999999880e-06 3.783117790000000199e-06 3.776248380000000108e-06 3.769622249999999905e-06 3.763226460000000085e-06 3.757048259999999924e-06 3.751076750000000118e-06 3.745300769999999994e-06 3.739710340000000195e-06 3.734296570000000026e-06 3.729050380000000005e-06 3.723963570000000035e-06 3.719028649999999838e-06 3.714238349999999936e-06 3.709585830000000080e-06 3.705064959999999846e-06 3.700669590000000005e-06 3.696394290000000131e-06 3.692233579999999826e-06 3.688182460000000012e-06 3.684236160000000114e-06 3.680390360000000131e-06 3.676640969999999839e-06 3.672983670000000083e-06 3.669414810000000117e-06 3.665930989999999890e-06 3.662528570000000173e-06 3.659204589999999971e-06 3.655955879999999853e-06 3.652779469999999847e-06 3.649672639999999826e-06 3.646632879999999790e-06 3.643657459999999790e-06 3.640744349999999873e-06 3.637891040000000040e-06 3.635095710000000041e-06 3.632355860000000125e-06 3.629669889999999994e-06 3.627035990000000070e-06 3.624452120000000153e-06 3.621916899999999895e-06 3.619428529999999967e-06 3.616985620000000196e-06 3.614586600000000183e-06 3.612230099999999827e-06 3.609914760000000124e-06 3.607639199999999881e-06 3.605402529999999891e-06 3.603203369999999808e-06 3.601040820000000179e-06 3.598913510000000057e-06 3.596820530000000166e-06 3.594760980000000203e-06 3.592733950000000046e-06 3.590738520000000168e-06
3.117571169999999833e-06 3.518917080000000009e-06 4.115260249999999814e-06 4.620241729999999795e-06 4.977881869999999898e-06 5.208559289999999908e-06 5.346164469999999813e-06 5.419962689999999748e-06 5.451502149999999777e-06 5.455689459999999588e-06 5.442553170000000370e-06 5.418758969999999716e-06 5.388708359999999586e-06 5.355298529999999747e-06 5.320424859999999887e-06 5.285316089999999742e-06 5.250756659999999679e-06 5.217232230000000022e-06 5.185027480000000065e-06 5.154294739999999909e-06 5.125096319999999635e-06 5.097436310000000316e-06 5.071281519999999928e-06 5.046575099999999983e-06 5.023247009999999674e-06 5.001219049999999934e-06 4.980412539999999956e-06 4.960747900000000325e-06 4.942147829999999732e-06 4.924538639999999590e-06 4.907851689999999934e-06 4.892021479999999910e-06 4.876987989999999906e-06 4.862694820000000314e-06 4.849090149999999928e-06 4.836126210000000163e-06 4.823759809999999989e-06 4.811950020000000224e-06 4.800659549999999640e-06 4.789854300000000325e-06 4.779503340000000406e-06 4.769577569999999779e-06 4.760050160000000009e-06 4.750897009999999647e-06 4.742095369999999813e-06 4.733624339999999655e-06 4.725464350000000391e-06 4.717598130000000150e-06 4.710009309999999900e-06 4.702681959999999666e-06 4.695602459999999592e-06 4.688757139999999855e-06 4.682134200000000001e-06 4.675722269999999654e-06 4.669509959999999639e-06 4.663488199999999875e-06 4.657646970000000014e-06 4.651978540000000180e-06 4.646473829999999622e-06 4.641125540000000235e-06 4.635926419999999648e-06 4.630869630000000155e-06 4.625949259999999586e-06 4.621158950000000283e-06 4.616493700000000201e-06 4.611947130000000337e-06 4.607515170000000115e-06 4.603192789999999713e-06 4.598975010000000122e-06 4.594858639999999724e-06 4.590838670000000039e-06 4.586911929999999944e-06 4.583074310000000411e-06 4.579322650000000143e-06 4.575654199999999963e-06 4.572064880000000318e-06 4.568552870000000111e-06 4.565114519999999866e-06 4.561747119999999706e-06 4.558448840000000403e-06 4.555216949999999890e-06 4.552048720000000334e-06 4.548942800000000014e-06 4.545896449999999579e-06 4.542908300000000199e-06 4.539975629999999632e-06 4.537097079999999721e-06 4.534271279999999942e-06 4.531495960000000319e-06 4.528769750000000331e-06 4.526090829999999727e-06 4.523458760000000301e-06 4.520871240000000060e-06 4.518326929999999651e-06 4.515825370000000369e-06 4.513364270000000048e-06 4.510943200000000304e-06 4.508560779999999944e-06 4.506216099999999690e-06 4.503908260000000089e-06
4.311612879999999648e-06 4.831329990000000385e-06 5.536097429999999599e-06 6.091850990000000374e-06 6.457815289999999590e-06 6.674217730000000135e-06 6.788042360000000409e-06 6.835642580000000124e-06 6.841942200000000278e-06 6.823212060000000290e-06 6.789844970000000059e-06 6.748415220000000204e-06 6.703054620000000380e-06 6.656344339999999603e-06 6.609876440000000108e-06 6.564612249999999974e-06 6.521107929999999882e-06 6.479659079999999774e-06 6.440395280000000023e-06 6.403338829999999783e-06 6.368446070000000342e-06 6.335632860000000146e-06 6.304793259999999873e-06 6.275808569999999656e-06 6.248557379999999751e-06 6.222918730000000138e-06 6.198775740000000353e-06 6.176017450000000230e-06 6.154539730000000026e-06 6.134245720000000324e-06 6.115045379999999766e-06 6.096855939999999859e-06 6.079601920000000392e-06 6.063213730000000284e-06 6.047627720000000097e-06 6.032785679999999798e-06 6.018634850000000277e-06 6.005126120000000206e-06 5.992215849999999675e-06 5.979863089999999853e-06 5.968030560000000184e-06 5.956685070000000339e-06 5.945794780000000014e-06 5.935331050000000352e-06 5.925268400000000402e-06 5.915581820000000285e-06 5.906249499999999871e-06 5.897250499999999858e-06 5.888566190000000215e-06 5.880179290000000094e-06 5.872072960000000241e-06 5.864232660000000003e-06 5.856644290000000327e-06 5.849294670000000412e-06 5.842171959999999661e-06 5.835264800000000063e-06 5.828562279999999947e-06 5.822055299999999762e-06 5.815733859999999654e-06 5.809589770000000195e-06 5.803615299999999816e-06 5.797802259999999935e-06 5.792143839999999778e-06 5.786633209999999768e-06 5.781264009999999705e-06 5.776030320000000135e-06 5.770926690000000137e-06 5.765947659999999808e-06 5.761088229999999647e-06 5.756343849999999878e-06 5.751709520000000149e-06 5.747181599999999964e-06 5.742755550000000217e-06 5.738427719999999737e-06 5.734194469999999721e-06 5.730052180000000167e-06 5.725998110000000028e-06 5.722028160000000101e-06 5.718140529999999788e-06 5.714331559999999786e-06 5.710598540000000219e-06 5.706939649999999989e-06 5.703351229999999797e-06 5.699831950000000111e-06 5.696379499999999965e-06 5.692991180000000150e-06 5.689665159999999747e-06 5.686399620000000201e-06 5.683192280000000016e-06 5.680042250000000412e-06 5.676946779999999671e-06 5.673904979999999858e-06 5.670915020000000054e-06 5.667975070000000184e-06 5.665084249999999597e-06 5.662240710000000264e-06 5.659443099999999618e-06 5.656690519999999899e-06 5.653981589999999914e-06 5.651315400000000384e-06
5.907025300000000237e-06 6.549555559999999669e-06 7.351759449999999721e-06 7.939008360000000393e-06 8.294864529999999852e-06 8.482603329999999906e-06 8.562379660000000718e-06 8.576745129999999574e-06 8.553042790000000528e-06 8.508150130000000276e-06 8.452287150000000558e-06 8.391581100000000733e-06 8.329663610000000824e-06 8.268653800000000254e-06 8.209751289999999853e-06 8.153593629999999294e-06 8.100476410000000390e-06 8.050486029999999766e-06 8.003582479999999882e-06 7.959652979999999476e-06 7.918544720000000094e-06 7.880081279999999168e-06 7.844083480000000209e-06 7.810370329999999527e-06 7.778768119999999512e-06 7.749110410000000339e-06 7.721243490000000715e-06 7.695023669999999694e-06 7.670318150000000049e-06 7.647005080000000439e-06 7.624974840000000052e-06 7.604124680000000340e-06 7.584363169999999773e-06 7.565606210000000328e-06 7.547777390000000326e-06 7.530807120000000380e-06 7.514633129999999705e-06 7.499197179999999641e-06 7.484447449999999830e-06 7.470336640000000215e-06 7.456821090000000392e-06 7.443861249999999829e-06 7.431421179999999869e-06 7.419467239999999608e-06 7.407969409999999839e-06 7.396899950000000310e-06 7.386232940000000169e-06 7.375945189999999786e-06 7.366014870000000230e-06 7.356421519999999703e-06 7.347146949999999771e-06 7.338174330000000160e-06 7.329487290000000144e-06 7.321070830000000367e-06 7.312911750000000381e-06 7.304997329999999783e-06 7.297315279999999944e-06 7.289855149999999589e-06 7.282605570000000039e-06 7.275556979999999648e-06 7.268701210000000331e-06 7.262028699999999598e-06 7.255531729999999936e-06 7.249203009999999678e-06 7.243034819999999618e-06 7.237021240000000304e-06 7.231155450000000291e-06 7.225431090000000224e-06 7.219843610000000326e-06 7.214386639999999727e-06 7.209056089999999893e-06 7.203846050000000352e-06 7.198752879999999757e-06 7.193771580000000300e-06 7.188898509999999788e-06 7.184130030000000264e-06 7.179461590000000257e-06 7.174890470000000064e-06 7.170412569999999638e-06 7.166025170000000121e-06 7.161725529999999621e-06 7.157510029999999831e-06 7.153375919999999879e-06 7.149321390000000189e-06 7.145342810000000086e-06 7.141438800000000070e-06 7.137606189999999864e-06 7.133843160000000068e-06 7.130146969999999635e-06 7.126516719999999959e-06 7.122949679999999819e-06 7.119444039999999637e-06 7.115997960000000363e-06 7.112610090000000275e-06 7.109278609999999971e-06 7.106001700000000049e-06 7.102777999999999811e-06 7.099606139999999581e-06 7.096484749999999683e-06 7.093412019999999693e-06
8.013342270000000235e-06 8.770556630000000793e-06 9.647863409999999607e-06 1.024097310000000012e-05 1.056594279999999933e-05 1.071040879999999971e-05 1.074646840000000008e-05 1.072131539999999928e-05 1.066348340000000040e-05 1.058962330000000046e-05 1.050926129999999928e-05 1.042775329999999993e-05 1.034804340000000059e-05 1.027167760000000033e-05 1.019939739999999917e-05 1.013148079999999928e-05 1.006794079999999955e-05 1.000864270000000050e-05 9.953372680000000281e-06 9.901877089999999704e-06 9.853892149999999482e-06 9.809151380000000274e-06 9.767396479999999797e-06 9.728386429999999162e-06 9.691892050000000078e-06 9.657703229999999947e-06 9.625626259999999762e-06 9.595482880000000441e-06 9.567112099999999694e-06 9.540366589999999466e-06 9.515112649999999688e-06 9.491228409999999369e-06 9.468604729999999440e-06 9.447141570000000383e-06 9.426748870000000344e-06 9.407344810000000252e-06 9.388855689999999154e-06 9.371214220000000501e-06 9.354359459999999650e-06 9.338235939999999308e-06 9.322793629999999890e-06 9.307987059999999721e-06 9.293772559999999419e-06 9.280113770000000071e-06 9.266975209999999183e-06 9.254324140000000387e-06 9.242131449999999517e-06 9.230370780000000057e-06 9.219016650000000211e-06 9.208047230000000199e-06 9.197439790000000790e-06 9.187175239999999861e-06 9.177236279999999457e-06 9.167605639999999397e-06 9.158267859999999930e-06 9.149207469999999783e-06 9.140411750000000248e-06 9.131868860000000727e-06 9.123566090000000643e-06 9.115491589999999574e-06 9.107636290000000828e-06 9.099990170000000670e-06 9.092545040000000518e-06 9.085290000000000219e-06 9.078219590000000721e-06 9.071323799999999804e-06 9.064598089999999212e-06 9.058033359999999391e-06 9.051624149999999594e-06 9.045365000000000767e-06 9.039248649999999868e-06 9.033271449999999962e-06 9.027427039999999154e-06 9.021711780000000333e-06 9.016119290000000261e-06 9.010645949999999783e-06 9.005288120000000095e-06 9.000041249999999726e-06 8.994900780000000768e-06 8.989863999999999958e-06 8.984928169999999636e-06 8.980088749999999852e-06 8.975342100000000106e-06 8.970687299999999603e-06 8.966118910000000632e-06 8.961636010000000702e-06 8.957235880000000112e-06 8.952914870000000232e-06 8.948670259999999665e-06 8.944502040000000282e-06 8.940405680000000261e-06 8.936380250000000675e-06 8.932423039999999953e-06 8.928532219999999714e-06 8.924706890000000506e-06 8.920943400000000311e-06 8.917241760000000649e-06 8.913598319999999501e-06 8.910013999999999359e-06 8.906485159999999723e-06
1.076173700000000020e-05 1.160920870000000039e-05 1.252774839999999974e-05 1.309612249999999974e-05 1.336843340000000065e-05 1.345562399999999936e-05 1.343925210000000054e-05 1.336910099999999985e-05 1.327354129999999952e-05 1.316818820000000080e-05 1.306140710000000077e-05 1.295753279999999958e-05 1.285867620000000029e-05 1.276573489999999956e-05 1.267895279999999995e-05 1.259822240000000072e-05 1.252326460000000036e-05 1.245371460000000032e-05 1.238917960000000044e-05 1.232926569999999951e-05 1.227359190000000037e-05 1.222179980000000057e-05 1.217355569999999961e-05 1.212855110000000029e-05 1.208650250000000041e-05 1.204715409999999955e-05 1.201026950000000077e-05 1.197563690000000061e-05 1.194306329999999948e-05 1.191237330000000063e-05 1.188341050000000083e-05 1.185603009999999999e-05 1.183010500000000081e-05 1.180551770000000013e-05 1.178216279999999935e-05 1.175994570000000002e-05 1.173877899999999937e-05 1.171858639999999971e-05 1.169929690000000014e-05 1.168084509999999974e-05 1.166317359999999951e-05 1.164622969999999930e-05 1.162996519999999958e-05 1.161433560000000030e-05 1.159930159999999993e-05 1.158482519999999954e-05 1.157087259999999933e-05 1.155741390000000053e-05 1.154442089999999996e-05 1.153186620000000071e-05 1.151972630000000012e-05 1.150797830000000024e-05 1.149660239999999957e-05 1.148557929999999965e-05 1.147489000000000018e-05 1.146451999999999980e-05 1.145445190000000062e-05 1.144467210000000074e-05 1.143516690000000001e-05 1.142592460000000046e-05 1.141693249999999964e-05 1.140817949999999922e-05 1.139965570000000012e-05 1.139135109999999997e-05 1.138325659999999919e-05 1.137536399999999940e-05 1.136766419999999933e-05 1.136014999999999998e-05 1.135281309999999962e-05 1.134564809999999984e-05 1.133864769999999998e-05 1.133180649999999994e-05 1.132511720000000077e-05 1.131857430000000073e-05 1.131217410000000037e-05 1.130590950000000062e-05 1.129977769999999979e-05 1.129377230000000008e-05 1.128788970000000029e-05 1.128212529999999982e-05 1.127647650000000025e-05 1.127093759999999997e-05 1.126550610000000050e-05 1.126017830000000069e-05 1.125495150000000049e-05 1.124982099999999937e-05 1.124478510000000005e-05 1.123983930000000020e-05 1.123498349999999987e-05 1.123021230000000064e-05 1.122552479999999968e-05 1.122091729999999923e-05 1.121638889999999985e-05 1.121193600000000032e-05 1.120755680000000006e-05 1.120324940000000021e-05 1.119901210000000011e-05 1.119484199999999984e-05 1.119073839999999981e-05 1.118669840000000010e-05
1.430817610000000062e-05 1.520270140000000015e-05 1.611832699999999832e-05 1.662842619999999923e-05 1.682665610000000061e-05 1.684375090000000060e-05 1.676727149999999991e-05 1.664729100000000107e-05 1.651069759999999908e-05 1.637135759999999916e-05 1.623611389999999861e-05 1.610809160000000086e-05 1.598848030000000128e-05 1.587748190000000086e-05 1.577481629999999871e-05 1.567997790000000052e-05 1.559238439999999931e-05 1.551143400000000162e-05 1.543654800000000168e-05 1.536718630000000072e-05 1.530285039999999843e-05 1.524308210000000051e-05 1.518746739999999934e-05 1.513563069999999954e-05 1.508723290000000049e-05 1.504196460000000048e-05 1.499954939999999976e-05 1.495973719999999952e-05 1.492230150000000020e-05 1.488703949999999965e-05 1.485376650000000001e-05 1.482231710000000014e-05 1.479254209999999923e-05 1.476430590000000005e-05 1.473748759999999984e-05 1.471197719999999937e-05 1.468767549999999964e-05 1.466449159999999997e-05 1.464234539999999992e-05 1.462116320000000021e-05 1.460087699999999983e-05 1.458142560000000038e-05 1.456275550000000050e-05 1.454481479999999954e-05 1.452755809999999967e-05 1.451094339999999931e-05 1.449493080000000068e-05 1.447948579999999934e-05 1.446457550000000003e-05 1.445017099999999999e-05 1.443624300000000008e-05 1.442276610000000049e-05 1.440971759999999976e-05 1.439707469999999989e-05 1.438481650000000004e-05 1.437292580000000048e-05 1.436138339999999934e-05 1.435017289999999979e-05 1.433927990000000044e-05 1.432868789999999944e-05 1.431838609999999997e-05 1.430835889999999965e-05 1.429859639999999942e-05 1.428908669999999973e-05 1.427981809999999922e-05 1.427078219999999961e-05 1.426196920000000007e-05 1.425336999999999936e-05 1.424497529999999975e-05 1.423677800000000046e-05 1.422877090000000078e-05 1.422094560000000075e-05 1.421329580000000079e-05 1.420581519999999966e-05 1.419849739999999955e-05 1.419133700000000036e-05 1.418432749999999925e-05 1.417746440000000067e-05 1.417074239999999934e-05 1.416415580000000045e-05 1.415770109999999932e-05 1.415137380000000040e-05 1.414516919999999977e-05 1.413908290000000009e-05 1.413311199999999974e-05 1.412725209999999971e-05 1.412149960000000048e-05 1.411585249999999988e-05 1.411030549999999944e-05 1.410485670000000031e-05 1.409950259999999954e-05 1.409424110000000010e-05 1.408906880000000067e-05 1.408398289999999955e-05 1.407898159999999954e-05 1.407406220000000059e-05 1.406922179999999936e-05 1.406445880000000024e-05 1.405977039999999982e-05 1.405515560000000042e-05
1.883781439999999917e-05 1.971682100000000148e-05 2.057771049999999991e-05 2.099535959999999975e-05 2.109955859999999844e-05 2.103518819999999849e-05 2.089180450000000110e-05 2.071750900000000073e-05 2.053654859999999992e-05 2.036048500000000162e-05 2.019438400000000055e-05 2.004004640000000016e-05 1.989768679999999880e-05 1.976679049999999921e-05 1.964653169999999838e-05 1.953599710000000073e-05 1.943428469999999871e-05 1.934054850000000160e-05 1.925401380000000073e-05 1.917398370000000115e-05 1.909982709999999843e-05 1.903098750000000038e-05 1.896696090000000157e-05 1.890729980000000119e-05 1.885160239999999945e-05 1.879950649999999961e-05 1.875069030000000070e-05 1.870486080000000121e-05 1.866176169999999933e-05 1.862115460000000102e-05 1.858283030000000126e-05 1.854659970000000147e-05 1.851228810000000107e-05 1.847974450000000035e-05 1.844882900000000130e-05 1.841941590000000070e-05 1.839139080000000030e-05 1.836465339999999836e-05 1.833910760000000077e-05 1.831467310000000042e-05 1.829127000000000013e-05 1.826883090000000018e-05 1.824729219999999858e-05 1.822659399999999953e-05 1.820668689999999917e-05 1.818752210000000005e-05 1.816905390000000115e-05 1.815124229999999966e-05 1.813405110000000065e-05 1.811744369999999924e-05 1.810138930000000060e-05 1.808585880000000039e-05 1.807082479999999833e-05 1.805626200000000131e-05 1.804214660000000008e-05 1.802845689999999935e-05 1.801517279999999949e-05 1.800227440000000073e-05 1.798974520000000123e-05 1.797756519999999959e-05 1.796572180000000009e-05 1.795419850000000089e-05 1.794298260000000124e-05 1.793206140000000039e-05 1.792142030000000043e-05 1.791104839999999951e-05 1.790093669999999972e-05 1.789107230000000042e-05 1.788144620000000032e-05 1.787204750000000094e-05 1.786287070000000055e-05 1.785390490000000069e-05 1.784514099999999842e-05 1.783657349999999878e-05 1.782819530000000099e-05 1.781999890000000115e-05 1.781197719999999849e-05 1.780412459999999980e-05 1.779643389999999929e-05 1.778889959999999860e-05 1.778151820000000157e-05 1.777428410000000142e-05 1.776719000000000090e-05 1.776023240000000044e-05 1.775340749999999897e-05 1.774671000000000140e-05 1.774013800000000040e-05 1.773368419999999873e-05 1.772734689999999911e-05 1.772112050000000156e-05 1.771500499999999930e-05 1.770899329999999834e-05 1.770308519999999879e-05 1.769727530000000056e-05 1.769156189999999959e-05 1.768594120000000159e-05 1.768041149999999910e-05 1.767497089999999838e-05 1.766961399999999931e-05 1.766434070000000027e-05
2.457141819999999902e-05 2.535459860000000031e-05 2.610474079999999990e-05 2.639727969999999929e-05 2.638969269999999844e-05 2.623389079999999848e-05 2.601736559999999986e-05 2.578424940000000003e-05 2.555524040000000142e-05 2.533921909999999983e-05 2.513931760000000118e-05 2.495595800000000139e-05 2.478835810000000144e-05 2.463526470000000054e-05 2.449530070000000034e-05 2.436712380000000166e-05 2.424949709999999888e-05 2.414131090000000058e-05 2.404157749999999877e-05 2.394942380000000056e-05 2.386408409999999858e-05 2.378487990000000026e-05 2.371121260000000005e-05 2.364255309999999929e-05 2.357843190000000037e-05 2.351842699999999884e-05 2.346216930000000046e-05 2.340932410000000024e-05 2.335959109999999941e-05 2.331270479999999836e-05 2.326842509999999900e-05 2.322653750000000124e-05 2.318684530000000092e-05 2.314917579999999967e-05 2.311337079999999875e-05 2.307929029999999853e-05 2.304680489999999971e-05 2.301579839999999837e-05 2.298616529999999932e-05 2.295781090000000081e-05 2.293064969999999891e-05 2.290460179999999980e-05 2.287959610000000097e-05 2.285556550000000082e-05 2.283245339999999987e-05 2.281019989999999895e-05 2.278875950000000029e-05 2.276808299999999991e-05 2.274812870000000113e-05 2.272885649999999952e-05 2.271023000000000025e-05 2.269221480000000051e-05 2.267478159999999947e-05 2.265789769999999837e-05 2.264153950000000139e-05 2.262567980000000132e-05 2.261029289999999856e-05 2.259536089999999889e-05 2.258085809999999929e-05 2.256677000000000010e-05 2.255307299999999873e-05 2.253975250000000066e-05 2.252679410000000109e-05 2.251417750000000049e-05 2.250189209999999853e-05 2.248992129999999851e-05 2.247825609999999915e-05 2.246687839999999956e-05 2.245578250000000153e-05 2.244495229999999959e-05 2.243438029999999999e-05 2.242405390000000022e-05 2.241396759999999855e-05 2.240410870000000100e-05 2.239446990000000014e-05 2.238504200000000156e-05 2.237581980000000165e-05 2.236679389999999935e-05 2.235795729999999891e-05 2.234930249999999980e-05 2.234082420000000016e-05 2.233251690000000164e-05 2.232437330000000021e-05 2.231638790000000091e-05 2.230855720000000076e-05 2.230087190000000036e-05 2.229333219999999957e-05 2.228592890000000059e-05 2.227866210000000168e-05 2.227152250000000001e-05 2.226451029999999885e-05 2.225761820000000095e-05 2.225084429999999897e-05 2.224418490000000027e-05 2.223763660000000012e-05 2.223119549999999920e-05 2.222485819999999959e-05 2.221862269999999909e-05 2.221248360000000101e-05 2.220644089999999855e-05
3.177478360000000261e-05 3.236778499999999761e-05 3.295066199999999884e-05 3.308853050000000017e-05 3.295380879999999752e-05 3.269769149999999705e-05 3.240192749999999742e-05 3.210510109999999964e-05 3.182374709999999840e-05 3.156383539999999975e-05 3.132649729999999893e-05 3.111075419999999770e-05 3.091482359999999670e-05 3.073670450000000234e-05 3.057443969999999777e-05 3.042624849999999950e-05 3.029053369999999893e-05 3.016589109999999894e-05 3.005110009999999924e-05 2.994509669999999928e-05 2.984694949999999920e-05 2.975585270000000079e-05 2.967109500000000090e-05 2.959205449999999967e-05 2.951818529999999848e-05 2.944900370000000158e-05 2.938407849999999995e-05 2.932303140000000154e-05 2.926552040000000073e-05 2.921124539999999861e-05 2.915993350000000008e-05 2.911134289999999962e-05 2.906525700000000008e-05 2.902147930000000060e-05 2.897983180000000093e-05 2.894015779999999972e-05 2.890231369999999954e-05 2.886616860000000030e-05 2.883160409999999943e-05 2.879851490000000160e-05 2.876680259999999886e-05 2.873638000000000014e-05 2.870716340000000041e-05 2.867908190000000040e-05 2.865206619999999987e-05 2.862605290000000007e-05 2.860098720000000042e-05 2.857681649999999901e-05 2.855348789999999918e-05 2.853095979999999910e-05 2.850919009999999896e-05 2.848813709999999867e-05 2.846776809999999948e-05 2.844804840000000044e-05 2.842894359999999874e-05 2.841042809999999978e-05 2.839247100000000032e-05 2.837504689999999883e-05 2.835813390000000017e-05 2.834170659999999943e-05 2.832574319999999970e-05 2.831022540000000025e-05 2.829513140000000076e-05 2.828044489999999929e-05 2.826614759999999848e-05 2.825222330000000140e-05 2.823865540000000120e-05 2.822543319999999930e-05 2.821253839999999835e-05 2.819996009999999989e-05 2.818768369999999923e-05 2.817570019999999847e-05 2.816399679999999860e-05 2.815256269999999941e-05 2.814138679999999917e-05 2.813046009999999996e-05 2.811977539999999939e-05 2.810931980000000021e-05 2.809908620000000165e-05 2.808906900000000034e-05 2.807925739999999945e-05 2.806964590000000063e-05 2.806022529999999932e-05 2.805099209999999932e-05 2.804193720000000109e-05 2.803305689999999840e-05 2.802434209999999848e-05 2.801578920000000013e-05 2.800739459999999876e-05 2.799914909999999996e-05 2.799105099999999968e-05 2.798309470000000132e-05 2.797527669999999854e-05 2.796758959999999923e-05 2.796003350000000163e-05 2.795260119999999995e-05 2.794529060000000055e-05 2.793809649999999981e-05 2.793101700000000058e-05 2.792404850000000167e-05
4.077213449999999987e-05 4.107175849999999848e-05 4.143346809999999970e-05 4.139090020000000029e-05 4.111574889999999914e-05 4.075097239999999981e-05 4.036954120000000240e-05 4.000340409999999977e-05 3.966456280000000195e-05 3.935598939999999691e-05 3.907678909999999983e-05 3.882458260000000135e-05 3.859656859999999781e-05 3.838998240000000058e-05 3.820228449999999939e-05 3.803120850000000266e-05 3.787477539999999662e-05 3.773126079999999916e-05 3.759918400000000034e-05 3.747725710000000181e-05 3.736437069999999671e-05 3.725956409999999793e-05 3.716200080000000048e-05 3.707095679999999709e-05 3.698578800000000137e-05 3.690594529999999973e-05 3.683092650000000255e-05 3.676030610000000244e-05 3.669369470000000225e-05 3.663074680000000016e-05 3.657116390000000308e-05 3.651466979999999928e-05 3.646102409999999930e-05 3.641000509999999728e-05 3.636141629999999910e-05 3.631508300000000082e-05 3.627084150000000197e-05 3.622854639999999941e-05 3.618807389999999723e-05 3.614929660000000170e-05 3.611210919999999718e-05 3.607640969999999822e-05 3.604211089999999682e-05 3.600912899999999986e-05 3.597738759999999955e-05 3.594681399999999773e-05 3.591734640000000144e-05 3.588892289999999919e-05 3.586148519999999759e-05 3.583498980000000107e-05 3.580938209999999874e-05 3.578461839999999854e-05 3.576065859999999941e-05 3.573746290000000183e-05 3.571499469999999754e-05 3.569321779999999839e-05 3.567210300000000177e-05 3.565162109999999834e-05 3.563173960000000275e-05 3.561243279999999845e-05 3.559367540000000249e-05 3.557544549999999939e-05 3.555772129999999900e-05 3.554047730000000157e-05 3.552369159999999840e-05 3.550735350000000105e-05 3.549143370000000194e-05 3.547592499999999865e-05 3.546080550000000280e-05 3.544606080000000281e-05 3.543167260000000134e-05 3.541763359999999773e-05 3.540392569999999790e-05 3.539053430000000056e-05 3.537745209999999829e-05 3.536466469999999983e-05 3.535216089999999845e-05 3.533993370000000178e-05 3.532796470000000068e-05 3.531625409999999840e-05 3.530478349999999937e-05 3.529355310000000006e-05 3.528254820000000094e-05 3.527176519999999742e-05 3.526118960000000001e-05 3.525082140000000193e-05 3.524065319999999750e-05 3.523067429999999833e-05 3.522087720000000049e-05 3.521126200000000223e-05 3.520181779999999831e-05 3.519254099999999770e-05 3.518342779999999932e-05 3.517447109999999902e-05 3.516566720000000073e-05 3.515700879999999703e-05 3.514849229999999689e-05 3.514011770000000030e-05 3.513187399999999702e-05 3.512376129999999884e-05
5.196454369999999913e-05 5.186451739999999743e-05 5.195576159999999776e-05 5.171047449999999923e-05 5.128277549999999931e-05 5.080074330000000215e-05 5.032635090000000085e-05 4.988425280000000100e-05 4.948175770000000145e-05 4.911880019999999790e-05 4.879244810000000018e-05 4.849890680000000005e-05 4.823434569999999761e-05 4.799521050000000295e-05 4.777832870000000079e-05 4.758093560000000252e-05 4.740062649999999726e-05 4.723533859999999845e-05 4.708329289999999955e-05 4.694295790000000117e-05 4.681302019999999844e-05 4.669234480000000005e-05 4.657994939999999813e-05 4.647498280000000170e-05 4.637671009999999827e-05 4.628448370000000188e-05 4.619773970000000114e-05 4.611597610000000295e-05 4.603876000000000100e-05 4.596570220000000142e-05 4.589646049999999869e-05 4.583072219999999818e-05 4.576822179999999690e-05 4.570870809999999843e-05 4.565196290000000321e-05 4.559778969999999683e-05 4.554600669999999828e-05 4.549645750000000095e-05 4.544899280000000240e-05 4.540347799999999972e-05 4.535979309999999806e-05 4.531782909999999929e-05 4.527748020000000332e-05 4.523865209999999799e-05 4.520126460000000156e-05 4.516523399999999882e-05 4.513048770000000338e-05 4.509696010000000091e-05 4.506458570000000240e-05 4.503330639999999742e-05 4.500306389999999938e-05 4.497381450000000264e-05 4.494550739999999742e-05 4.491809520000000235e-05 4.489153799999999933e-05 4.486579929999999868e-05 4.484083549999999979e-05 4.481661380000000227e-05 4.479310520000000001e-05 4.477027320000000334e-05 4.474809250000000223e-05 4.472653380000000262e-05 4.470556809999999841e-05 4.468517359999999946e-05 4.466532479999999925e-05 4.464599990000000086e-05 4.462717329999999952e-05 4.460883430000000003e-05 4.459095360000000157e-05 4.457352039999999715e-05 4.455650920000000056e-05 4.453991280000000263e-05 4.452370559999999859e-05 4.450788039999999958e-05 4.449241899999999974e-05 4.447730679999999776e-05 4.446253300000000021e-05 4.444808290000000077e-05 4.443394940000000207e-05 4.442011410000000173e-05 4.440656990000000238e-05 4.439330950000000336e-05 4.438031829999999661e-05 4.436758539999999723e-05 4.435510710000000237e-05 4.434287259999999828e-05 4.433087449999999961e-05 4.431910199999999938e-05 4.430755140000000152e-05 4.429621189999999905e-05 4.428507959999999943e-05 4.427414749999999673e-05 4.426340460000000103e-05 4.425285080000000053e-05 4.424247889999999962e-05 4.423228530000000047e-05 4.422225899999999960e-05 4.421239649999999746e-05 4.420269759999999754e-05 4.419315520000000248e-05
6.585436489999999682e-05 6.525054049999999550e-05 6.502712489999999625e-05 6.455904800000000104e-05 6.396654499999999456e-05 6.335744550000000546e-05 6.278129149999999478e-05 6.225513060000000475e-05 6.178152400000000368e-05 6.135734289999999547e-05 6.097758519999999926e-05 6.063699399999999924e-05 6.033064710000000155e-05 6.005415340000000299e-05 5.980367860000000084e-05 5.957590110000000096e-05 5.936797609999999736e-05 5.917745149999999779e-05 5.900222820000000217e-05 5.884051639999999698e-05 5.869076270000000121e-05 5.855164640000000257e-05 5.842201429999999710e-05 5.830088409999999724e-05 5.818739370000000004e-05 5.808080099999999733e-05 5.798044730000000146e-05 5.788577250000000212e-05 5.779626739999999701e-05 5.771148790000000021e-05 5.763105220000000315e-05 5.755460370000000232e-05 5.748184050000000329e-05 5.741247879999999894e-05 5.734627479999999852e-05 5.728300680000000290e-05 5.722246709999999771e-05 5.716448139999999906e-05 5.710888219999999863e-05 5.705552029999999900e-05 5.700425749999999943e-05 5.695497020000000050e-05 5.690754190000000016e-05 5.686187069999999765e-05 5.681785479999999723e-05 5.677541049999999725e-05 5.673445049999999824e-05 5.669489839999999919e-05 5.665668500000000150e-05 5.661974499999999910e-05 5.658400910000000193e-05 5.654942650000000019e-05 5.651593890000000052e-05 5.648349540000000165e-05 5.645204870000000014e-05 5.642155520000000215e-05 5.639197120000000207e-05 5.636325659999999883e-05 5.633537150000000144e-05 5.630828310000000273e-05 5.628195499999999772e-05 5.625635820000000062e-05 5.623145629999999970e-05 5.620722730000000153e-05 5.618363870000000045e-05 5.616066480000000022e-05 5.613828400000000043e-05 5.611647430000000087e-05 5.609520670000000224e-05 5.607446290000000041e-05 5.605422480000000129e-05 5.603446700000000338e-05 5.601517839999999818e-05 5.599633730000000057e-05 5.597792920000000072e-05 5.595993570000000304e-05 5.594234240000000273e-05 5.592513479999999674e-05 5.590829819999999908e-05 5.589182180000000277e-05 5.587569470000000257e-05 5.585989860000000113e-05 5.584442259999999999e-05 5.582925949999999676e-05 5.581439839999999974e-05 5.579982829999999869e-05 5.578553830000000191e-05 5.577152110000000199e-05 5.575776960000000155e-05 5.574426900000000281e-05 5.573101589999999766e-05 5.571800280000000253e-05 5.570522259999999970e-05 5.569266429999999925e-05 5.568032430000000336e-05 5.566819890000000243e-05 5.565627360000000018e-05 5.564455200000000120e-05 5.563301970000000070e-05 5.562167639999999715e-05
8.307662210000000191e-05 8.187032649999999691e-05 8.129204070000000434e-05 8.058126699999999679e-05 7.980992089999999544e-05 7.906162500000000386e-05 7.837265730000000658e-05 7.775236010000000000e-05 7.719853600000000141e-05 7.670492049999999746e-05 7.626435399999999525e-05 7.586998980000000654e-05 7.551573800000000336e-05 7.519627979999999906e-05 7.490704589999999370e-05 7.464412189999999425e-05 7.440416079999999832e-05 7.418431049999999925e-05 7.398212620000000543e-05 7.379551240000000107e-05 7.362267209999999733e-05 7.346206980000000403e-05 7.331237430000000339e-05 7.317244309999999341e-05 7.304127209999999642e-05 7.291801010000000113e-05 7.280189309999999744e-05 7.269228079999999329e-05 7.258857659999999547e-05 7.249028569999999970e-05 7.239695700000000061e-05 7.230818300000000016e-05 7.222362180000000114e-05 7.214295330000000325e-05 7.206588629999999371e-05 7.199218090000000141e-05 7.192158959999999887e-05 7.185392309999999439e-05 7.178898520000000217e-05 7.172660840000000032e-05 7.166664000000000541e-05 7.160892709999999684e-05 7.155334610000000230e-05 7.149978049999999939e-05 7.144811389999999787e-05 7.139825170000000439e-05 7.135009949999999502e-05 7.130356240000000200e-05 7.125856790000000332e-05 7.121502860000000128e-05 7.117288619999999572e-05 7.113207540000000091e-05 7.109252330000000186e-05 7.105417900000000409e-05 7.101698429999999892e-05 7.098088830000000543e-05 7.094585449999999327e-05 7.091181760000000382e-05 7.087874839999999384e-05 7.084660320000000513e-05 7.081533840000000320e-05 7.078492490000000404e-05 7.075532629999999588e-05 7.072650619999999407e-05 7.069842830000000542e-05 7.067107800000000154e-05 7.064441159999999712e-05 7.061841459999999588e-05 7.059305790000000027e-05 7.056830509999999852e-05 7.054414890000000355e-05 7.052056750000000487e-05 7.049752459999999576e-05 7.047501279999999764e-05 7.045301030000000004e-05 7.043149530000000606e-05 7.041045320000000084e-05 7.038986950000000167e-05 7.036972969999999872e-05 7.035000449999999795e-05 7.033070139999999647e-05 7.031178390000000463e-05 7.029325210000000033e-05 7.027509860000000501e-05 7.025729429999999400e-05 7.023983929999999944e-05 7.022271890000000144e-05 7.020592599999999587e-05 7.018945329999999561e-05 7.017327879999999372e-05 7.015739539999999959e-05 7.014180299999999465e-05 7.012649439999999682e-05 7.011144770000000417e-05 7.009667020000000378e-05 7.008214020000000377e-05 7.006785749999999409e-05 7.005382210000000184e-05 7.004001239999999950e-05 7.002643539999999975e-05
1.044381349999999944e-04 1.025364469999999982e-04 1.015642990000000033e-04 1.005885279999999975e-04 9.962074550000000095e-05 9.871762449999999520e-05 9.790174230000000123e-05 9.717468489999999716e-05 9.652943120000000588e-05 9.595643499999999737e-05 9.544617929999999839e-05 9.499009320000000121e-05 9.458073330000000580e-05 9.421174040000000044e-05 9.387771570000000645e-05 9.357408270000000115e-05 9.329694150000000135e-05 9.304299599999999912e-05 9.280940870000000266e-05 9.259377840000000063e-05 9.239402429999999712e-05 9.220837819999999933e-05 9.203530499999999651e-05 9.187348040000000565e-05 9.172176209999999416e-05 9.157916070000000420e-05 9.144479549999999328e-05 9.131791009999999415e-05 9.119783499999999858e-05 9.108398079999999544e-05 9.097583100000000212e-05 9.087292709999999401e-05 9.077484719999999539e-05 9.068123470000000273e-05 9.059176230000000655e-05 9.050613879999999407e-05 9.042408780000000450e-05 9.034538380000000377e-05 9.026980110000000198e-05 9.019715069999999538e-05 9.012724330000000585e-05 9.005992619999999573e-05 8.999504639999999361e-05 8.993246589999999527e-05 8.987206090000000478e-05 8.981371500000000479e-05 8.975731910000000569e-05 8.970277119999999491e-05 8.964998409999999835e-05 8.959887049999999621e-05 8.954935039999999645e-05 8.950135089999999762e-05 8.945479199999999413e-05 8.940962289999999652e-05 8.936577070000000335e-05 8.932317720000000595e-05 8.928179160000000128e-05 8.924157009999999905e-05 8.920244729999999493e-05 8.916438669999999925e-05 8.912735209999999675e-05 8.909128520000000081e-05 8.905615690000000034e-05 8.902193800000000629e-05 8.898857779999999357e-05 8.895604699999999523e-05 8.892432380000000081e-05 8.889336460000000291e-05 8.886314749999999960e-05 8.883364349999999833e-05 8.880483069999999717e-05 8.877667280000000292e-05 8.874916239999999638e-05 8.872226319999999790e-05 8.869596060000000618e-05 8.867023279999999721e-05 8.864505800000000118e-05 8.862042160000000324e-05 8.859629450000000583e-05 8.857267680000000041e-05 8.854953920000000649e-05 8.852686730000000571e-05 8.850464660000000180e-05 8.848286959999999762e-05 8.846151470000000630e-05 8.844056719999999442e-05 8.842002719999999410e-05 8.839986550000000277e-05 8.838008219999999833e-05 8.836066260000000159e-05 8.834159959999999482e-05 8.832287130000000320e-05 8.830447769999999962e-05 8.828641149999999699e-05 8.826865809999999402e-05 8.825121040000000010e-05 8.823405369999999537e-05 8.821718799999999337e-05 8.820060609999999849e-05 8.818430069999999652e-05
1.309653450000000077e-04 1.282772280000000023e-04 1.268692290000000009e-04 1.256008110000000021e-04 1.244136949999999906e-04 1.233355870000000100e-04 1.223749279999999961e-04 1.215254090000000050e-04 1.207749370000000026e-04 1.201104459999999935e-04 1.195198199999999950e-04 1.189924880000000035e-04 1.185194630000000013e-04 1.180931940000000066e-04 1.177073209999999944e-04 1.173564890000000036e-04 1.170361940000000064e-04 1.167426089999999938e-04 1.164724960000000024e-04 1.162230759999999962e-04 1.159919780000000033e-04 1.157771690000000019e-04 1.155768839999999975e-04 1.153896159999999942e-04 1.152140249999999934e-04 1.150489839999999987e-04 1.148934749999999986e-04 1.147466100000000042e-04 1.146076320000000045e-04 1.144758429999999968e-04 1.143506379999999998e-04 1.142314940000000025e-04 1.141179090000000052e-04 1.140094829999999934e-04 1.139058079999999981e-04 1.138065639999999971e-04 1.137114229999999998e-04 1.136201240000000057e-04 1.135324060000000005e-04 1.134480340000000017e-04 1.133668190000000056e-04 1.132885519999999934e-04 1.132130780000000018e-04 1.131402240000000038e-04 1.130698579999999981e-04 1.130018349999999951e-04 1.129360319999999984e-04 1.128723450000000033e-04 1.128106600000000045e-04 1.127508799999999968e-04 1.126929199999999944e-04 1.126366840000000015e-04 1.125820929999999948e-04 1.125290869999999975e-04 1.124775809999999966e-04 1.124275150000000016e-04 1.123788319999999963e-04 1.123314650000000045e-04 1.122853650000000050e-04 1.122404790000000065e-04 1.121967580000000014e-04 1.121541499999999941e-04 1.121126260000000058e-04 1.120721279999999971e-04 1.120326270000000026e-04 1.119940859999999939e-04 1.119564619999999938e-04 1.119197259999999962e-04 1.118838479999999990e-04 1.118487849999999978e-04 1.118145299999999935e-04 1.117810320000000001e-04 1.117482750000000003e-04 1.117162390000000062e-04 1.116848870000000031e-04 1.116542120000000053e-04 1.116241760000000020e-04 1.115947670000000006e-04 1.115659619999999981e-04 1.115377380000000051e-04 1.115100820000000057e-04 1.114829790000000057e-04 1.114563999999999990e-04 1.114303449999999991e-04 1.114047850000000000e-04 1.113797120000000065e-04 1.113551039999999980e-04 1.113309549999999987e-04 1.113072500000000006e-04 1.112839820000000046e-04 1.112611209999999951e-04 1.112386739999999982e-04 1.112166209999999991e-04 1.111949530000000066e-04 1.111736640000000041e-04 1.111527310000000020e-04 1.111321540000000005e-04 1.111119269999999963e-04 1.110920349999999952e-04 1.110724700000000021e-04
1.639618280000000095e-04 1.603898269999999874e-04 1.584955900000000069e-04 1.568985460000000014e-04 1.554624179999999933e-04 1.541838280000000093e-04 1.530563309999999984e-04 1.520651859999999904e-04 1.511928130000000025e-04 1.504222309999999892e-04 1.497383930000000104e-04 1.491284200000000016e-04 1.485815739999999893e-04 1.480888600000000016e-04 1.476428300000000109e-04 1.472372390000000072e-04 1.468668340000000010e-04 1.465272360000000073e-04 1.462146759999999887e-04 1.459259949999999913e-04 1.456584870000000127e-04 1.454097799999999900e-04 1.451778949999999976e-04 1.449610569999999993e-04 1.447577669999999947e-04 1.445666999999999926e-04 1.443866790000000071e-04 1.442166829999999979e-04 1.440558260000000086e-04 1.439033080000000104e-04 1.437584139999999872e-04 1.436205199999999928e-04 1.434890870000000128e-04 1.433635770000000012e-04 1.432435819999999891e-04 1.431286660000000112e-04 1.430185079999999947e-04 1.429127440000000119e-04 1.428110989999999960e-04 1.427132959999999969e-04 1.426191159999999950e-04 1.425283120000000016e-04 1.424407090000000113e-04 1.423560899999999965e-04 1.422743229999999970e-04 1.421952180000000130e-04 1.421186610000000120e-04 1.420445039999999892e-04 1.419726469999999918e-04 1.419029430000000108e-04 1.418353200000000086e-04 1.417696619999999881e-04 1.417058810000000027e-04 1.416438899999999934e-04 1.415836300000000063e-04 1.415250010000000073e-04 1.414679429999999921e-04 1.414123840000000045e-04 1.413582800000000035e-04 1.413055580000000097e-04 1.412541610000000070e-04 1.412040580000000108e-04 1.411551780000000066e-04 1.411074770000000076e-04 1.410609110000000000e-04 1.410154509999999911e-04 1.409710379999999999e-04 1.409276589999999970e-04 1.408852400000000071e-04 1.408437969999999932e-04 1.408032550000000113e-04 1.407635860000000104e-04 1.407247909999999867e-04 1.406868099999999901e-04 1.406496450000000126e-04 1.406132359999999958e-04 1.405775839999999900e-04 1.405426590000000066e-04 1.405084329999999949e-04 1.404748759999999933e-04 1.404420039999999923e-04 1.404097569999999875e-04 1.403781210000000078e-04 1.403470959999999991e-04 1.403166679999999901e-04 1.402867929999999941e-04 1.402574710000000109e-04 1.402286869999999923e-04 1.402004269999999940e-04 1.401726769999999908e-04 1.401454059999999980e-04 1.401186310000000019e-04 1.400923209999999910e-04 1.400664479999999957e-04 1.400410400000000127e-04 1.400160399999999985e-04 1.399914760000000040e-04 1.399673200000000055e-04 1.399435570000000088e-04 1.399201859999999907e-04
2.050775510000000092e-04 2.005056890000000037e-04 1.980603849999999907e-04 1.960876689999999914e-04 1.943648389999999928e-04 1.928545529999999930e-04 1.915338650000000104e-04 1.903784720000000104e-04 1.893645820000000037e-04 1.884707309999999959e-04 1.876785250000000040e-04 1.869724799999999910e-04 1.863397919999999991e-04 1.857698809999999928e-04 1.852539569999999943e-04 1.847847740000000088e-04 1.843562200000000101e-04 1.839632019999999928e-04 1.836014270000000076e-04 1.832672129999999948e-04 1.829574610000000046e-04 1.826694640000000116e-04 1.824009089999999883e-04 1.821497859999999971e-04 1.819143650000000121e-04 1.816931039999999877e-04 1.814846470000000024e-04 1.812878180000000120e-04 1.811015830000000011e-04 1.809250100000000074e-04 1.807572840000000079e-04 1.805976640000000089e-04 1.804454949999999985e-04 1.803002229999999949e-04 1.801612960000000083e-04 1.800282480000000033e-04 1.799006710000000111e-04 1.797781729999999988e-04 1.796604190000000039e-04 1.795471030000000024e-04 1.794379349999999874e-04 1.793326520000000071e-04 1.792310209999999895e-04 1.791328540000000082e-04 1.790379169999999954e-04 1.789460660000000115e-04 1.788571100000000064e-04 1.787709039999999905e-04 1.786873179999999952e-04 1.786062200000000059e-04 1.785274799999999999e-04 1.784509950000000094e-04 1.783766640000000042e-04 1.783043699999999911e-04 1.782340409999999867e-04 1.781655879999999943e-04 1.780989409999999954e-04 1.780340099999999973e-04 1.779707240000000126e-04 1.779090380000000044e-04 1.778488659999999909e-04 1.777901489999999911e-04 1.777328580000000124e-04 1.776769059999999960e-04 1.776222780000000017e-04 1.775688869999999977e-04 1.775167330000000112e-04 1.774657279999999871e-04 1.774158739999999988e-04 1.773670959999999936e-04 1.773193800000000004e-04 1.772726680000000069e-04 1.772269610000000092e-04 1.771821990000000031e-04 1.771383539999999920e-04 1.770954110000000088e-04 1.770533420000000027e-04 1.770121019999999908e-04 1.769716760000000061e-04 1.769320369999999938e-04 1.768931689999999907e-04 1.768550430000000043e-04 1.768176440000000132e-04 1.767809439999999937e-04 1.767449280000000058e-04 1.767095670000000027e-04 1.766748459999999902e-04 1.766407509999999971e-04 1.766072819999999963e-04 1.765743950000000010e-04 1.765420749999999897e-04 1.765103370000000111e-04 1.764791379999999929e-04 1.764484619999999991e-04 1.764183109999999945e-04 1.763886829999999873e-04 1.763595360000000097e-04 1.763308679999999883e-04 1.763026669999999982e-04 1.762749309999999932e-04
2.563935699999999956e-04 2.506728919999999744e-04 2.475913790000000255e-04 2.451825709999999798e-04 2.431265599999999879e-04 2.413475159999999898e-04 2.398031209999999986e-04 2.384576799999999907e-04 2.372799640000000133e-04 2.362432719999999918e-04 2.353253369999999960e-04 2.345077369999999922e-04 2.337753539999999988e-04 2.331157449999999979e-04 2.325186799999999921e-04 2.319756750000000005e-04 2.314796580000000109e-04 2.310247219999999907e-04 2.306058889999999903e-04 2.302189239999999912e-04 2.298602049999999921e-04 2.295266599999999896e-04 2.292156129999999969e-04 2.289247349999999962e-04 2.286520179999999879e-04 2.283956859999999942e-04 2.281541969999999967e-04 2.279261679999999921e-04 2.277104070000000001e-04 2.275058359999999912e-04 2.273115100000000011e-04 2.271265689999999967e-04 2.269502580000000132e-04 2.267819069999999903e-04 2.266209050000000111e-04 2.264667130000000070e-04 2.263188360000000041e-04 2.261768390000000060e-04 2.260402979999999993e-04 2.259088940000000118e-04 2.257822630000000071e-04 2.256601150000000057e-04 2.255421860000000054e-04 2.254282300000000133e-04 2.253180140000000118e-04 2.252113340000000028e-04 2.251079999999999867e-04 2.250078400000000002e-04 2.249106759999999956e-04 2.248163659999999982e-04 2.247247899999999996e-04 2.246357910000000037e-04 2.245492649999999925e-04 2.244650819999999974e-04 2.243831700000000081e-04 2.243034110000000081e-04 2.242257179999999927e-04 2.241499900000000131e-04 2.240761820000000053e-04 2.240041789999999949e-04 2.239339369999999952e-04 2.238653690000000016e-04 2.237984300000000039e-04 2.237330479999999919e-04 2.236691650000000075e-04 2.236067380000000056e-04 2.235457070000000093e-04 2.234860290000000005e-04 2.234276469999999903e-04 2.233705159999999957e-04 2.233146219999999915e-04 2.232598929999999942e-04 2.232062979999999922e-04 2.231538089999999890e-04 2.231023829999999937e-04 2.230519889999999948e-04 2.230025999999999916e-04 2.229541859999999956e-04 2.229067179999999872e-04 2.228601520000000067e-04 2.228144879999999998e-04 2.227696820000000068e-04 2.227257060000000042e-04 2.226825599999999919e-04 2.226401849999999887e-04 2.225985949999999931e-04 2.225577480000000101e-04 2.225176289999999913e-04 2.224782369999999949e-04 2.224395140000000087e-04 2.224014749999999999e-04 2.223640910000000031e-04 2.223273329999999985e-04 2.222912150000000116e-04 2.222557089999999916e-04 2.222207840000000082e-04 2.221864270000000049e-04 2.221526520000000071e-04 2.221194299999999951e-04 2.220867320000000035e-04
3.205279349999999800e-04 3.134620200000000031e-04 3.096336150000000040e-04 3.067128999999999819e-04 3.042678289999999866e-04 3.021770100000000046e-04 3.003744060000000118e-04 2.988102209999999779e-04 2.974439990000000110e-04 2.962427970000000143e-04 2.951798089999999801e-04 2.942333229999999833e-04 2.933855869999999963e-04 2.926221640000000270e-04 2.919310939999999977e-04 2.913025670000000218e-04 2.907284070000000259e-04 2.902017439999999768e-04 2.897168160000000215e-04 2.892687330000000214e-04 2.888532759999999752e-04 2.884669230000000244e-04 2.881065879999999773e-04 2.877695370000000249e-04 2.874534689999999832e-04 2.871563480000000187e-04 2.868763990000000141e-04 2.866119899999999853e-04 2.863617850000000123e-04 2.861245010000000176e-04 2.858990920000000066e-04 2.856845089999999966e-04 2.854799389999999838e-04 2.852845649999999800e-04 2.850977180000000021e-04 2.849187290000000129e-04 2.847470459999999954e-04 2.845821729999999800e-04 2.844236439999999855e-04 2.842710240000000154e-04 2.841239330000000160e-04 2.839820520000000152e-04 2.838450310000000020e-04 2.837126379999999819e-04 2.835845519999999906e-04 2.834605399999999835e-04 2.833404290000000013e-04 2.832239840000000072e-04 2.831110029999999952e-04 2.830013110000000141e-04 2.828947909999999892e-04 2.827912690000000196e-04 2.826905689999999953e-04 2.825926349999999775e-04 2.824972910000000188e-04 2.824044199999999906e-04 2.823139660000000082e-04 2.822257810000000124e-04 2.821397790000000215e-04 2.820559019999999964e-04 2.819740620000000175e-04 2.818941430000000063e-04 2.818161160000000245e-04 2.817398929999999900e-04 2.816653869999999793e-04 2.815925690000000000e-04 2.815213810000000128e-04 2.814517359999999858e-04 2.813836039999999847e-04 2.813169270000000243e-04 2.812516470000000113e-04 2.811877639999999998e-04 2.811251620000000196e-04 2.810638400000000205e-04 2.810037690000000100e-04 2.809448919999999990e-04 2.808871799999999950e-04 2.808305730000000208e-04 2.807750720000000183e-04 2.807206469999999989e-04 2.806672420000000238e-04 2.806148259999999999e-04 2.805633989999999816e-04 2.805129039999999796e-04 2.804633399999999980e-04 2.804146789999999861e-04 2.803668610000000210e-04 2.803199169999999788e-04 2.802737869999999908e-04 2.802284729999999949e-04 2.801839440000000064e-04 2.801401719999999746e-04 2.800971270000000195e-04 2.800548390000000211e-04 2.800132499999999944e-04 2.799723300000000049e-04 2.799321079999999911e-04 2.798925560000000107e-04 2.798536149999999740e-04 2.798153149999999781e-04
4.007708630000000210e-04 3.921033639999999920e-04 3.873872920000000220e-04 3.838618289999999838e-04 3.809613410000000202e-04 3.785091390000000044e-04 3.764095310000000133e-04 3.745947909999999955e-04 3.730129970000000132e-04 3.716235810000000257e-04 3.703944090000000104e-04 3.692999309999999823e-04 3.683195389999999961e-04 3.674364419999999790e-04 3.666369300000000154e-04 3.659096550000000216e-04 3.652451560000000174e-04 3.646355180000000252e-04 3.640740760000000056e-04 3.635551259999999824e-04 3.630739229999999963e-04 3.626262769999999847e-04 3.622086079999999953e-04 3.618178599999999877e-04 3.614513259999999908e-04 3.611066789999999786e-04 3.607817929999999895e-04 3.604749220000000071e-04 3.601844069999999925e-04 3.599088519999999944e-04 3.596469759999999815e-04 3.593976729999999822e-04 3.591599519999999989e-04 3.589328550000000107e-04 3.587156240000000107e-04 3.585075029999999839e-04 3.583078799999999905e-04 3.581161149999999857e-04 3.579317129999999960e-04 3.577541789999999933e-04 3.575830779999999813e-04 3.574180010000000221e-04 3.572585989999999922e-04 3.571045529999999739e-04 3.569555120000000143e-04 3.568112440000000105e-04 3.566714589999999828e-04 3.565359509999999955e-04 3.564044889999999958e-04 3.562768399999999931e-04 3.561528569999999785e-04 3.560323679999999888e-04 3.559151960000000265e-04 3.558011960000000205e-04 3.556901940000000155e-04 3.555821309999999762e-04 3.554768050000000051e-04 3.553741550000000205e-04 3.552740669999999903e-04 3.551763950000000098e-04 3.550811089999999820e-04 3.549880639999999986e-04 3.548972020000000201e-04 3.548084350000000188e-04 3.547216770000000130e-04 3.546368970000000182e-04 3.545539510000000135e-04 3.544728389999999988e-04 3.543934730000000005e-04 3.543158240000000262e-04 3.542397750000000011e-04 3.541653280000000258e-04 3.540923940000000221e-04 3.540209729999999901e-04 3.539509490000000138e-04 3.538823509999999774e-04 3.538150920000000116e-04 3.537491430000000154e-04 3.536844450000000079e-04 3.536209989999999849e-04 3.535587460000000196e-04 3.534976860000000037e-04 3.534377320000000136e-04 3.533788839999999951e-04 3.533210840000000174e-04 3.532643600000000229e-04 3.532086270000000259e-04 3.531539109999999766e-04 3.531001279999999940e-04 3.530473039999999741e-04 3.529953829999999781e-04 3.529443350000000174e-04 3.528941889999999762e-04 3.528448579999999852e-04 3.527963709999999828e-04 3.527486989999999763e-04 3.527017829999999849e-04 3.526556829999999854e-04 3.526103100000000084e-04 3.525656649999999955e-04
5.012596380000000455e-04 4.906645039999999684e-04 4.848855609999999845e-04 4.806430370000000138e-04 4.772086979999999915e-04 4.743373140000000147e-04 4.718962009999999791e-04 4.697949330000000074e-04 4.679672710000000154e-04 4.663632430000000254e-04 4.649444019999999784e-04 4.636807430000000185e-04 4.625483420000000060e-04 4.615279030000000115e-04 4.606036530000000143e-04 4.597625810000000165e-04 4.589938330000000203e-04 4.582882680000000138e-04 4.576382629999999909e-04 4.570372399999999983e-04 4.564796980000000075e-04 4.559608060000000236e-04 4.554764890000000122e-04 4.550231970000000094e-04 4.545978149999999941e-04 4.541976379999999869e-04 4.538202769999999928e-04 4.534636970000000119e-04 4.531260060000000148e-04 4.528056020000000058e-04 4.525010299999999985e-04 4.522109810000000192e-04 4.519342910000000027e-04 4.516699700000000018e-04 4.514170580000000034e-04 4.511747680000000081e-04 4.509422870000000120e-04 4.507189729999999781e-04 4.505041870000000203e-04 4.502974040000000139e-04 4.500981009999999887e-04 4.499058410000000103e-04 4.497201589999999852e-04 4.495407050000000109e-04 4.493671290000000223e-04 4.491990839999999963e-04 4.490362770000000197e-04 4.488784469999999968e-04 4.487253319999999989e-04 4.485766689999999926e-04 4.484323140000000111e-04 4.482920050000000173e-04 4.481555370000000170e-04 4.480227939999999859e-04 4.478935729999999763e-04 4.477677580000000179e-04 4.476451430000000123e-04 4.475256429999999739e-04 4.474091110000000021e-04 4.472954320000000145e-04 4.471845169999999871e-04 4.470762210000000115e-04 4.469704579999999976e-04 4.468671400000000259e-04 4.467661780000000186e-04 4.466674869999999898e-04 4.465709790000000202e-04 4.464765950000000204e-04 4.463842200000000160e-04 4.462938520000000152e-04 4.462053769999999855e-04 4.461187350000000041e-04 4.460338679999999775e-04 4.459507470000000215e-04 4.458693149999999844e-04 4.457894830000000050e-04 4.457112229999999784e-04 4.456345050000000245e-04 4.455592719999999915e-04 4.454854640000000107e-04 4.454130539999999732e-04 4.453420119999999989e-04 4.452722789999999983e-04 4.452038560000000215e-04 4.451366549999999866e-04 4.450706769999999979e-04 4.450058910000000167e-04 4.449422409999999957e-04 4.448797259999999931e-04 4.448183170000000164e-04 4.447579560000000263e-04 4.446986420000000268e-04 4.446403179999999745e-04 4.445830130000000247e-04 4.445266679999999794e-04 4.444712540000000088e-04 4.444167720000000003e-04 4.443631619999999769e-04 4.443104549999999774e-04 4.442585920000000207e-04
6.272032620000000426e-04 6.142777270000000095e-04 6.072210959999999611e-04 6.021262380000000532e-04 5.980643909999999947e-04 5.947052270000000203e-04 5.918696989999999930e-04 5.894393539999999735e-04 5.873301420000000316e-04 5.854807099999999667e-04 5.838449000000000113e-04 5.823874960000000435e-04 5.810807919999999658e-04 5.799026110000000305e-04 5.788347919999999470e-04 5.778625490000000335e-04 5.769733689999999825e-04 5.761568899999999988e-04 5.754042649999999799e-04 5.747080429999999913e-04 5.740618220000000271e-04 5.734600709999999619e-04 5.728981339999999686e-04 5.723719369999999548e-04 5.718778700000000338e-04 5.714129070000000454e-04 5.709742549999999826e-04 5.705595249999999589e-04 5.701666809999999782e-04 5.697938030000000145e-04 5.694392019999999863e-04 5.691014229999999613e-04 5.687791849999999623e-04 5.684712669999999893e-04 5.681765620000000204e-04 5.678941959999999700e-04 5.676232979999999576e-04 5.673629930000000099e-04 5.671126419999999698e-04 5.668716619999999984e-04 5.666393549999999574e-04 5.664152559999999703e-04 5.661988399999999663e-04 5.659897000000000539e-04 5.657873700000000351e-04 5.655915589999999885e-04 5.654018610000000186e-04 5.652179240000000139e-04 5.650395180000000262e-04 5.648663500000000335e-04 5.646981879999999872e-04 5.645347409999999658e-04 5.643758340000000180e-04 5.642212349999999868e-04 5.640707680000000331e-04 5.639242589999999850e-04 5.637814760000000106e-04 5.636423590000000242e-04 5.635067349999999583e-04 5.633743709999999849e-04 5.632452669999999956e-04 5.631192470000000432e-04 5.629961379999999516e-04 5.628759390000000499e-04 5.627584759999999494e-04 5.626436320000000090e-04 5.625313500000000229e-04 5.624215700000000139e-04 5.623141190000000228e-04 5.622089960000000537e-04 5.621061430000000129e-04 5.620053849999999494e-04 5.619067229999999673e-04 5.618100989999999734e-04 5.617153950000000054e-04 5.616226119999999508e-04 5.615316910000000454e-04 5.614425169999999899e-04 5.613550890000000050e-04 5.612693489999999973e-04 5.611852389999999816e-04 5.611027009999999728e-04 5.610217339999999751e-04 5.609422220000000181e-04 5.608642239999999746e-04 5.607875650000000017e-04 5.607123599999999652e-04 5.606384949999999954e-04 5.605659100000000067e-04 5.604946639999999801e-04 5.604246399999999496e-04 5.603557800000000385e-04 5.602881430000000110e-04 5.602216699999999945e-04 5.601563609999999889e-04 5.600920990000000281e-04 5.600288859999999957e-04 5.599667779999999932e-04 5.599056600000000463e-04 5.598455900000000318e-04
7.851673869999999979e-04 7.694260570000000183e-04 7.608308810000000491e-04 7.547203570000000483e-04 7.499179919999999491e-04 7.459873449999999614e-04 7.426922679999999966e-04 7.398799639999999785e-04 7.374449050000000385e-04 7.353117109999999720e-04 7.334252589999999466e-04 7.317440470000000216e-04 7.302358280000000295e-04 7.288751080000000328e-04 7.276411050000000224e-04 7.265168240000000359e-04 7.254879460000000432e-04 7.245426529999999957e-04 7.236707610000000374e-04 7.228637699999999802e-04 7.221142879999999792e-04 7.214160869999999837e-04 7.207637540000000472e-04 7.201525149999999471e-04 7.195784129999999905e-04 7.190378379999999656e-04 7.185276479999999589e-04 7.180451069999999525e-04 7.175878850000000407e-04 7.171537149999999581e-04 7.167407889999999901e-04 7.163473640000000541e-04 7.159719830000000089e-04 7.156131320000000493e-04 7.152697650000000183e-04 7.149406590000000321e-04 7.146248830000000163e-04 7.143215629999999936e-04 7.140297679999999978e-04 7.137488569999999883e-04 7.134780749999999460e-04 7.132168980000000132e-04 7.129646840000000447e-04 7.127209679999999469e-04 7.124852269999999667e-04 7.122570529999999994e-04 7.120359809999999515e-04 7.118217760000000033e-04 7.116139169999999596e-04 7.114122269999999856e-04 7.112163579999999539e-04 7.110260190000000516e-04 7.108409770000000171e-04 7.106609410000000373e-04 7.104857940000000377e-04 7.103151870000000033e-04 7.101490049999999599e-04 7.099870709999999644e-04 7.098292119999999490e-04 7.096752519999999665e-04 7.095250179999999492e-04 7.093783930000000394e-04 7.092352029999999564e-04 7.090953299999999552e-04 7.089587160000000504e-04 7.088251879999999576e-04 7.086946280000000400e-04 7.085669200000000020e-04 7.084420649999999481e-04 7.083198289999999460e-04 7.082002699999999807e-04 7.080831560000000035e-04 7.079685459999999955e-04 7.078562630000000133e-04 7.077462509999999556e-04 7.076384499999999536e-04 7.075328610000000034e-04 7.074293100000000412e-04 7.073277959999999627e-04 7.072282609999999995e-04 7.071305879999999688e-04 7.070348369999999560e-04 7.069408310000000178e-04 7.068486300000000229e-04 7.067581170000000051e-04 7.066692339999999795e-04 7.065819809999999458e-04 7.064963570000000167e-04 7.064122470000000010e-04 7.063295930000000221e-04 7.062484509999999646e-04 7.061686479999999778e-04 7.060903010000000278e-04 7.060132920000000440e-04 7.059376220000000224e-04 7.058631749999999929e-04 7.057900660000000380e-04 7.057181209999999856e-04 7.056473990000000336e-04 7.055778409999999843e-04
9.834291409999999442e-04 9.642989609999999979e-04 9.538502779999999837e-04 9.465262990000000492e-04 9.408455230000000195e-04 9.362396090000000117e-04 9.324026760000000448e-04 9.291405439999999519e-04 9.263220129999999875e-04 9.238552299999999587e-04 9.216743639999999942e-04 9.197304030000000210e-04 9.179858609999999889e-04 9.164112269999999654e-04 9.149825780000000238e-04 9.136802980000000496e-04 9.124880310000000206e-04 9.113920969999999558e-04 9.103808549999999663e-04 9.094444689999999984e-04 9.085744389999999724e-04 9.077636059999999799e-04 9.070057419999999699e-04 9.062954339999999961e-04 9.056279670000000337e-04 9.049992659999999941e-04 9.044057809999999677e-04 9.038443680000000490e-04 9.033121750000000331e-04 9.028068160000000215e-04 9.023260209999999773e-04 9.018679269999999720e-04 9.014306709999999690e-04 9.010127980000000357e-04 9.006127950000000380e-04 9.002294969999999688e-04 8.998616249999999515e-04 8.995082460000000278e-04 8.991683720000000256e-04 8.988411859999999570e-04 8.985258170000000495e-04 8.982215659999999522e-04 8.979278500000000430e-04 8.976440289999999518e-04 8.973694639999999553e-04 8.971038040000000463e-04 8.968464099999999594e-04 8.965969899999999939e-04 8.963550789999999479e-04 8.961202690000000422e-04 8.958922700000000261e-04 8.956707319999999972e-04 8.954553630000000380e-04 8.952458740000000022e-04 8.950420309999999576e-04 8.948436009999999677e-04 8.946502930000000027e-04 8.944618750000000139e-04 8.942782880000000201e-04 8.940991830000000066e-04 8.939244440000000029e-04 8.937539530000000471e-04 8.935874209999999929e-04 8.934248469999999526e-04 8.932659979999999899e-04 8.931108170000000073e-04 8.929590689999999682e-04 8.928106979999999877e-04 8.926655859999999953e-04 8.925235600000000317e-04 8.923846759999999817e-04 8.922486450000000242e-04 8.921155240000000399e-04 8.919851389999999651e-04 8.918574310000000355e-04 8.917322849999999518e-04 8.916096409999999537e-04 8.914895010000000331e-04 8.913716880000000300e-04 8.912562040000000449e-04 8.911429320000000031e-04 8.910318140000000279e-04 8.909228490000000149e-04 8.908159219999999901e-04 8.907109729999999762e-04 8.906079459999999802e-04 8.905068390000000101e-04 8.904075949999999684e-04 8.903100969999999973e-04 8.902144039999999696e-04 8.901203980000000314e-04 8.900280229999999728e-04 8.899372770000000188e-04 8.898481029999999632e-04 8.897605000000000271e-04 8.896743530000000193e-04 8.895897190000000374e-04 8.895064820000000028e-04 8.894246420000000240e-04 8.893441989999999924e-04
