6.842787391051584475e-04 8.934750242419123170e-04 7.819150956367908016e-04 6.330300629303954076e-04 5.210450167886436458e-04 3.203738694904751066e-04 6.193590423208903805e-04 5.039782122619358706e-04 3.679615672774977451e-04 3.724751709889168602e-04 4.851301182902671878e-04 3.577742429477567951e-04 3.043577640041131749e-04 2.643485946134965401e-04 2.321453104518958607e-04 2.044752749158217932e-04 1.813510319259072090e-04 1.613144784494629851e-04 1.437762117761466412e-04 1.284161813192723255e-04 1.148245507571573118e-04 1.027703670936879333e-04 9.204991354593589233e-05 8.245436336652273688e-05 7.382516030446319068e-05 6.617591335072428495e-05 5.934259434223205484e-05 5.322906131317437417e-05 4.771955982929718609e-05 4.278779181192007657e-05 3.839011328513480960e-05 3.445284217601519956e-05 3.093442212110609417e-05 2.778748078218980683e-05 2.495790648515661646e-05 2.241387542234535293e-05 2.013873335956227866e-05 1.809453431538030107e-05 1.625783724249188199e-05 1.461452326852552266e-05 1.313732131113818104e-05 1.180382873342382342e-05 1.061074589661621938e-05 9.538270342798158300e-06 8.574213247476452948e-06 7.706074569652751727e-06 6.924289907569734530e-06 6.219539808731281558e-06 5.585713369415990850e-06 5.018918910263339700e-06 4.507564409623547338e-06 4.048393562641625135e-06 3.637826863686031321e-06 3.267477904125370565e-06 2.936380591413781484e-06 2.639031440833339995e-06 2.370921023474010817e-06 2.130721691861557660e-06 1.914599242906891768e-06 1.720711794517930263e-06 1.546462131628103617e-06 1.392126195093563922e-06 1.254116782291213616e-06 1.130747837216405721e-06 1.020726369256686842e-06 9.233608253987094256e-07 8.371242729045000626e-07 7.618211151141803555e-07 6.963755042855673004e-07 6.404941639141346328e-07 5.941613619362985550e-07 5.567934652109059307e-07 5.288775018651615129e-07 4.649267538751671421e-07 4.439420032542318603e-07 4.332439743216649405e-07 4.317141048564175996e-07 4.413982870988042775e-07 4.621861186543849233e-07 4.977791513169001108e-07 5.496214312860245210e-07 6.206988880384844479e-07 7.171470755730091763e-07 8.423854304538591595e-07 1.003661514169462244e-06 1.211862256538394766e-06 1.476447408801737420e-06 1.817250203052130264e-06 2.249509569740892204e-06 2.790712025632815476e-06 3.476389641903108101e-06 4.338916389335381135e-06 5.423279378617796789e-06 6.796572254203548591e-06 8.541643106493285702e-06 1.079922492732578092e-05 1.372189244512826819e-05 1.756511078907525277e-05 2.277275457422981578e-05 3.100424845277270197e-05
8.172587343130983516e-04 1.067202299759709627e-03 9.340077667701892706e-04 7.561878180659772257e-04 6.224381228781598017e-04 3.826427899404739679e-04 7.398396608384920576e-04 6.020237822005851521e-04 4.395588641070039904e-04 4.448322964430138395e-04 5.795302925853343000e-04 4.273864361088457360e-04 3.635773448824350211e-04 3.157843290132492597e-04 2.773157908409311367e-04 2.442623473158468455e-04 2.166390043090298282e-04 1.927040076487618900e-04 1.717533091850509820e-04 1.534046106899810303e-04 1.371683541467817367e-04 1.227686633547107214e-04 1.099621940514345638e-04 9.849949484521702857e-05 8.819116358292582018e-05 7.905346097048892955e-05 7.089044610635157368e-05 6.358727212800379205e-05 5.700566261234032923e-05 5.111420355295676299e-05 4.586075963744524347e-05 4.115731209260350932e-05 3.695421880574954591e-05 3.319488973393718896e-05 2.981468375458621065e-05 2.677558449172605937e-05 2.405769701921246250e-05 2.161569112254778401e-05 1.942156401156216105e-05 1.745844926268547896e-05 1.569376824348444661e-05 1.410075782521393719e-05 1.267547615094311624e-05 1.139426587385550549e-05 1.024256501805517312e-05 9.205438667545522851e-06 8.271458882573311762e-06 7.429489440363823942e-06 6.672227154181582130e-06 5.995020486732602370e-06 5.384012237853862424e-06 4.835308738286028030e-06 4.344627650075355452e-06 3.901934094303608030e-06 3.506070768181462020e-06 3.150441503455128840e-06 2.829633137757546680e-06 2.542044294951466104e-06 2.283042846756415868e-06 2.050407574099427734e-06 1.840958950337323451e-06 1.655057027552264331e-06 1.488267681014480217e-06 1.338493742534354902e-06 1.204110048261387872e-06 1.084174931325510679e-06 9.765535173013842147e-07 8.809734434890345009e-07 7.956513074022183966e-07 7.203174968044089291e-07 6.538457594347170713e-07 5.958911434621919331e-07 5.457282782106738269e-07 4.864178312596546718e-07 4.465214763030771878e-07 4.136803908953591624e-07 3.871495504162081986e-07 3.673937281051656323e-07 3.541460217945305070e-07 3.483821745093202212e-07 3.504964089789175802e-07 3.614212160126924515e-07 3.831395821414596844e-07 4.168286158458795129e-07 4.649797538689198312e-07 5.314359902261410796e-07 6.195880505564221090e-07 7.365863576147540935e-07 8.879508587714103180e-07 1.079980064462310722e-06 1.325673620377536654e-06 1.636836503744609834e-06 2.029899414036697309e-06 2.529419301616814798e-06 3.165728895896015937e-06 3.990397191429437683e-06 5.059364800630906989e-06 6.466288593762758939e-06 8.373970233146787117e-06 1.139105197866077057e-05
1.013228823853156834e-03 1.323267896347658139e-03 1.158217250967773920e-03 9.377576491066952607e-04 7.719340442111010878e-04 4.744109200196500696e-04 9.174508390634380801e-04 7.465669886364246187e-04 5.451187220942663603e-04 5.514431340799513370e-04 7.187111032913143282e-04 5.300171901937277691e-04 4.508864903702695156e-04 3.916180480185512021e-04 3.439128416516029412e-04 3.029227358680551411e-04 2.686663803250896512e-04 2.389838621540452980e-04 2.130021307065849373e-04 1.902471298494362399e-04 1.701117786028428960e-04 1.522539776028840688e-04 1.363719648078357959e-04 1.221563991562733288e-04 1.093724043732031173e-04 9.804015283663853057e-05 8.791665540594852406e-05 7.885948908202624643e-05 7.069717310988608990e-05 6.339075151948364865e-05 5.687557036014365656e-05 5.104247387400870107e-05 4.582989897768126157e-05 4.116766564642765407e-05 3.697560875274502146e-05 3.320658202700770543e-05 2.983591276913498584e-05 2.680738396981597729e-05 2.408626745929914653e-05 2.165164608830056947e-05 1.946311655288898983e-05 1.748748761148321104e-05 1.571987071032315397e-05 1.413092613974863709e-05 1.270259408672938524e-05 1.141635180955046265e-05 1.025802585375728340e-05 9.213804227850340577e-06 8.274628624936473709e-06 7.434729453325479349e-06 6.676918089497193357e-06 5.996364430887692882e-06 5.387755475593601386e-06 4.838640534923703412e-06 4.347583255294977979e-06 3.906395787490926377e-06 3.508355890894900073e-06 3.151472329062750021e-06 2.829982757867889898e-06 2.541125331950954779e-06 2.280930637564250692e-06 2.049855577269481159e-06 1.842350267554501270e-06 1.655785531915367986e-06 1.488118400219459493e-06 1.338141636697259942e-06 1.203101625867082467e-06 1.082647391630620353e-06 9.743973096332695941e-07 8.780445412653056492e-07 7.918146982763019784e-07 7.154000921440313649e-07 6.474554012654335982e-07 5.797253034972039183e-07 5.251903394869484073e-07 4.776207447296398555e-07 4.362941454176750157e-07 4.011120496964448800e-07 3.716974103669607733e-07 3.480852454404384963e-07 3.303106666617353100e-07 3.186318042999410579e-07 3.136848260355738190e-07 3.159380556450145777e-07 3.263786361068745048e-07 3.466482782598396360e-07 3.782549232881682384e-07 4.244256643728249832e-07 4.876809698383293706e-07 5.708567912369094745e-07 6.800339397993297758e-07 8.206906173459624417e-07 1.000481097228617506e-06 1.230903496908085937e-06 1.526170646112380653e-06 1.910493861433693819e-06 2.410172073004518541e-06 3.069226290863826703e-06 3.964255051447172407e-06 5.381637069362801962e-06
1.276520744266764493e-03 1.667384000761985363e-03 1.459585463893614283e-03 1.181843511999996999e-03 9.729296011447803117e-04 5.977098289880632869e-04 1.156186586388657919e-03 9.408663180748560052e-04 6.870323028786191758e-04 6.946394334214918810e-04 9.058219437154660294e-04 6.679862264197846929e-04 5.682595031566734390e-04 4.935653746661862679e-04 4.334437513934619266e-04 3.817845984042926729e-04 3.386114993168380400e-04 3.012024828583013914e-04 2.684573512515168537e-04 2.397787271903267878e-04 2.144015664093130839e-04 1.918947600892281194e-04 1.718780251449127192e-04 1.539615172633711725e-04 1.378492330487082892e-04 1.235666072174902946e-04 1.108074050639131549e-04 9.939213376851847870e-05 8.910467546113646532e-05 7.989593611975694045e-05 7.168443307482707139e-05 6.433259513164142998e-05 5.776283334563177946e-05 5.188669781049809628e-05 4.660315319303134739e-05 4.185277914819255719e-05 3.760447988881643685e-05 3.378740220569882052e-05 3.035777634969193844e-05 2.728923940274881774e-05 2.453086856230913583e-05 2.204083067458741655e-05 1.981296449435601730e-05 1.781029105079562727e-05 1.601004818188042235e-05 1.438889004007540528e-05 1.292895247974954062e-05 1.161282676927295724e-05 1.042909559799551595e-05 9.370486753639249857e-06 8.415334653315668798e-06 7.557550986608107125e-06 6.790438395557974348e-06 6.098301711846029722e-06 5.479330089528244880e-06 4.923200301279812112e-06 4.421435617476243064e-06 3.971523885291529405e-06 3.566194125575869346e-06 3.201962041161818715e-06 2.873812419680068952e-06 2.582325980471414537e-06 2.320484054250189418e-06 2.084959658617094770e-06 1.873165042404203644e-06 1.683560223778106790e-06 1.512625084322020824e-06 1.359911095390184676e-06 1.222337130609176292e-06 1.099529320871243552e-06 9.890748148123697066e-07 8.906419322512109738e-07 8.023267885007925669e-07 7.196832556747616907e-07 6.485859645677089405e-07 5.854338835892509888e-07 5.294107432698789600e-07 4.800770568695389926e-07 4.369360900801034803e-07 3.994829135048862767e-07 3.675497420231964170e-07 3.410421674319175725e-07 3.199101469405097141e-07 3.042806584248424245e-07 2.944153775880014549e-07 2.909236289730339608e-07 2.944457139773930710e-07 3.064133163526216295e-07 3.279821619258719749e-07 3.604018477128089311e-07 4.066447014674991888e-07 4.693342386301546632e-07 5.521728913683857516e-07 6.607947894921046863e-07 8.021770770047141471e-07 9.882644747200032176e-07 1.232074897208435456e-06 1.555387299767538643e-06 1.996193677262943466e-06 2.696548760091026175e-06
1.610114713538354867e-03 2.103503474343774819e-03 1.841622446849073159e-03 1.491312444554701707e-03 1.227807560405380551e-03 7.539371213659496135e-04 1.458831407559035408e-03 1.187196104423883340e-03 8.669733574288901370e-04 8.759955895482293177e-04 1.143072151456239012e-03 8.429165003367801228e-04 7.170777267948546521e-04 6.228269539515223115e-04 5.469636589594963723e-04 4.817779306362735751e-04 4.272996557632293790e-04 3.800943473077003773e-04 3.387738790996604752e-04 3.025845636731505292e-04 2.705611155625646720e-04 2.421595966605921734e-04 2.169001857480586310e-04 1.942909816128195503e-04 1.739584861632516549e-04 1.559348127916696230e-04 1.398335422607120692e-04 1.254281836911381933e-04 1.124460246960411110e-04 1.008251187763261882e-04 9.046264701731235606e-05 8.118500981186218169e-05 7.289429889377042166e-05 6.547889930461741335e-05 5.881131309155446929e-05 5.281655685644617154e-05 4.745539071470696556e-05 4.263840296972552096e-05 3.831035928274641422e-05 3.443799161920551286e-05 3.095703844243585492e-05 2.781470862655171958e-05 2.500322722499520890e-05 2.247592864586277746e-05 2.020408815257481735e-05 1.815824426926834726e-05 1.631585314071549189e-05 1.465494551804502766e-05 1.316111305577075393e-05 1.182517838552391500e-05 1.061979972323035432e-05 9.537293607977405228e-06 8.569207775686652325e-06 7.695734252822974687e-06 6.914587587188423975e-06 6.212738557202959931e-06 5.579487785952044446e-06 5.011663825051023760e-06 4.500086878633801252e-06 4.040358243638580398e-06 3.626142828087106147e-06 3.258175889345298579e-06 2.927588351295403507e-06 2.630175118734929391e-06 2.362664173417374855e-06 2.123102977350153414e-06 1.907024687971056988e-06 1.713860218695719741e-06 1.539681898882401691e-06 1.384024303973378678e-06 1.243754921763000834e-06 1.118483040115103582e-06 1.005702650785144316e-06 9.027604432081958652e-07 8.118654841299082318e-07 7.305832578997970422e-07 6.579304140617762127e-07 5.931958146927679720e-07 5.357419212483256403e-07 4.846590067862748977e-07 4.396300883606042412e-07 4.003276872081821821e-07 3.662658407071555749e-07 3.373748418461515507e-07 3.134972612287809638e-07 2.946774609667358418e-07 2.810979518657762258e-07 2.732572742938608866e-07 2.716107977558687110e-07 2.765815862455646337e-07 2.895918789826733864e-07 3.118275725935536665e-07 3.450103234934057948e-07 3.918536766220342078e-07 4.557343280856478904e-07 5.425086488434079882e-07 6.586140063446161148e-07 8.148057588572435518e-07 1.029966815182602401e-06 1.374719607455663089e-06
2.030518185540240543e-03 2.653276192779236570e-03 2.323361075394484408e-03 1.881618038957666786e-03 1.549327945527202623e-03 9.508232741633629651e-04 1.840465847821805279e-03 1.497842721371697499e-03 1.093936103523562549e-03 1.104410405631862414e-03 1.442321420978345814e-03 1.063544046906470062e-03 9.047742779943349165e-04 7.858604080041430451e-04 6.901448705613012812e-04 6.079000486117784249e-04 5.391638501072806323e-04 4.796033187169363560e-04 4.274672938742995749e-04 3.818050205234833927e-04 3.413987251823184647e-04 3.055622060305765507e-04 2.736901302701333209e-04 2.451618996362718702e-04 2.195062902061846401e-04 1.967638492758892515e-04 1.764470331103653201e-04 1.582700795819026328e-04 1.418888986550279497e-04 1.272253363396736575e-04 1.141496651106236210e-04 1.024428442644565151e-04 9.198133787581308811e-05 8.262431332777727126e-05 7.421089500384303345e-05 6.664646962133273262e-05 5.988152524357389977e-05 5.380324152864734917e-05 4.834192333256787116e-05 4.345559294762917801e-05 3.906316379512226315e-05 3.509802264906179312e-05 3.155035920658060547e-05 2.836128935973410554e-05 2.549456730817617462e-05 2.291301745769653547e-05 2.058819307971508858e-05 1.849237241532895092e-05 1.660737435530667744e-05 1.492161848069641239e-05 1.340060335620132360e-05 1.203463353837871208e-05 1.081304336121947102e-05 9.710837544905286876e-06 8.725132098906200612e-06 7.839485272166992556e-06 7.040395036149800064e-06 6.323858907441841014e-06 5.678291322237397908e-06 5.098140956658868247e-06 4.575410844172146117e-06 4.111029976274625451e-06 3.693801034752159587e-06 3.318414545548530063e-06 2.980738535332221808e-06 2.678304643757585264e-06 2.405464140333684425e-06 2.161497400061410171e-06 1.941428671750927409e-06 1.744673836343794960e-06 1.567236537075159227e-06 1.408637616467577884e-06 1.265663413258911037e-06 1.136437703626807673e-06 1.021157906865583228e-06 9.178020219519781575e-07 8.251524719935607704e-07 7.422340095083751796e-07 6.682368401211721184e-07 6.018773957659255857e-07 5.427033138693695863e-07 4.901976812354331658e-07 4.435368658656271433e-07 4.025184704631333055e-07 3.667011531158647584e-07 3.357802922446736793e-07 3.096748870158649658e-07 2.883629804150591471e-07 2.719199657295650362e-07 2.603054410845063187e-07 2.541551344463884524e-07 2.539079908842556411e-07 2.602680365241912726e-07 2.744713668883974578e-07 2.980774426119631642e-07 3.338889364066844324e-07 3.850567865904391087e-07 4.568272527213770183e-07 5.585647697848286823e-07 7.253151467659573428e-07
2.560156064872570487e-03 3.346110736070689005e-03 2.930671110444702139e-03 2.373776265634007163e-03 1.954853925357295449e-03 1.198865085697433438e-03 2.321585465656344355e-03 1.889507476091795450e-03 1.380153022967072320e-03 1.391935931012272445e-03 1.819697478881000287e-03 1.341746356750230483e-03 1.141455635319817792e-03 9.914463392727338158e-04 8.707005498588300937e-04 7.669465731693627872e-04 6.802325423595358784e-04 6.050928499269825258e-04 5.393187378759551091e-04 4.817110768529847065e-04 4.307338154464248323e-04 3.855214267557339927e-04 3.453103591037152281e-04 3.093177647815816304e-04 2.769492121056594462e-04 2.482558998658408191e-04 2.226227812439293414e-04 1.996893621504012932e-04 1.790215500852584778e-04 1.605207579712616441e-04 1.440233297463838302e-04 1.292529238849401247e-04 1.160536885745827503e-04 1.042479470810941792e-04 9.363273246846337886e-05 8.408867694922727697e-05 7.555331521454190032e-05 6.788430623941926962e-05 6.099371831226414520e-05 5.482859002911100264e-05 4.928661621713927498e-05 4.428375202494474062e-05 3.980762047296258727e-05 3.578392805333779138e-05 3.216694376660601313e-05 2.890976330410041791e-05 2.597649548270786516e-05 2.333216370588113951e-05 2.095382883097253761e-05 1.882687985063673719e-05 1.690778586988644499e-05 1.518431405396206477e-05 1.364300736337315041e-05 1.225232865504765393e-05 1.100863914681481802e-05 9.891193653449295082e-06 8.882955971630622770e-06 7.978875827790527848e-06 7.164334529940274713e-06 6.432327484813311274e-06 5.772763287417926417e-06 5.186814672374514674e-06 4.660350874727976304e-06 4.186671214313996018e-06 3.760560729568130617e-06 3.378902785556555067e-06 3.034564186048135639e-06 2.726636210997251837e-06 2.448831101573629997e-06 2.200413446832234860e-06 1.976319272159315103e-06 1.775950916735120048e-06 1.595228034873878002e-06 1.432515944344016578e-06 1.286774573094517752e-06 1.155975335514878530e-06 1.038593571221864790e-06 9.333600205877779279e-07 8.392503048377604695e-07 7.545774158929100162e-07 6.787445297944070213e-07 6.110478407667348148e-07 5.503434249658720101e-07 4.963189550154309892e-07 4.482967886608909515e-07 4.057130978985687173e-07 3.683107389336595602e-07 3.357379669692430669e-07 3.078414340825489686e-07 2.842843466808292979e-07 2.652919847202665380e-07 2.508918366944797011e-07 2.412412986446321532e-07 2.368109494079915135e-07 2.382238153621602063e-07 2.467329047469541904e-07 2.638390816881779137e-07 2.920178620357615362e-07 3.358858880326902157e-07 4.127493428366658815e-07
3.227571024706768574e-03 4.219429925514920146e-03 3.696503132478322438e-03 2.994577290882130018e-03 2.466539719383297521e-03 1.511412273093857162e-03 2.928291831935211659e-03 2.383465783157915231e-03 1.741219049064567960e-03 1.753833137395301731e-03 2.295758750762547790e-03 1.692658392267609550e-03 1.440000800688453131e-03 1.250775028443463707e-03 1.098461339342595702e-03 9.675793163149641173e-04 8.581901616724285859e-04 7.634000396701638713e-04 6.804232752610373663e-04 6.077476407328275335e-04 5.434357805064899414e-04 4.863960759720983460e-04 4.356654783612278641e-04 3.902565370396429115e-04 3.494194441310638586e-04 3.132188600886700257e-04 2.808789285873788412e-04 2.519449025681481350e-04 2.258691673884095723e-04 2.025273687456587168e-04 1.817130580036880206e-04 1.630776146469240938e-04 1.464244243248076917e-04 1.315293338576109300e-04 1.181362787282091281e-04 1.060946637069726457e-04 9.532568350944958693e-05 8.564975573579526602e-05 7.695594256730430200e-05 6.917742641923060605e-05 6.218513330379176710e-05 5.587302687095593222e-05 5.022549236376340877e-05 4.514879578454638833e-05 4.058523960489527645e-05 3.647564567498021669e-05 3.277473079563201851e-05 2.943836553586385088e-05 2.643760795012886270e-05 2.375402362850371151e-05 2.133268984347504277e-05 1.915817255153802164e-05 1.721349308567347402e-05 1.545886093322477287e-05 1.388968508779912983e-05 1.247979114495349947e-05 1.120768425404444649e-05 1.006699235312030751e-05 9.039270492226725423e-06 8.115680759389780260e-06 7.283490037760773635e-06 6.544178293138335609e-06 5.879915205763691909e-06 5.282245679570217720e-06 4.744589179504916435e-06 4.263012303528573908e-06 3.828512014300984286e-06 3.439941398891704531e-06 3.089362283459313880e-06 2.775847583721114391e-06 2.492997241011282208e-06 2.240060617890764541e-06 2.011876759879724431e-06 1.806747821158601558e-06 1.622719850096805437e-06 1.457493494077791432e-06 1.309150838463405653e-06 1.176071148785110396e-06 1.056960639824646553e-06 9.496571966125901502e-07 8.533948245877638082e-07 7.672598380771596697e-07 6.897568066538425839e-07 6.204633124981510171e-07 5.584642429788407185e-07 5.029588733159501582e-07 4.535456388325424774e-07 4.096194465505334448e-07 3.708631379112042404e-07 3.367095097017710000e-07 3.071556800523156714e-07 2.819743450968098986e-07 2.610002901754709360e-07 2.442851814666388298e-07 2.319458288024246082e-07 2.244267023608982456e-07 2.223896458477795580e-07 2.268954494541593550e-07 2.401858140002811532e-07 2.707006439202400579e-07
4.068947579875806936e-03 5.320634203616662894e-03 4.662634964016291843e-03 3.778021592348452303e-03 3.112534092125494867e-03 1.905366147047801804e-03 3.693670534081913703e-03 3.006693743847471418e-03 2.196926680564623841e-03 2.209305583825208613e-03 2.896593083957928107e-03 2.135476327554663382e-03 1.816745767189271565e-03 1.578041838891237154e-03 1.385899010873610070e-03 1.220788156902169637e-03 1.082787232940467465e-03 9.632008211961605448e-04 8.585156679472522121e-04 7.668247451814713678e-04 6.856845390529214303e-04 6.137182845916995663e-04 5.497113026263285469e-04 4.924180345087763710e-04 4.408926541120832031e-04 3.952168508364718529e-04 3.544118694963860295e-04 3.179040416202156671e-04 2.850025031951562444e-04 2.555503938912914415e-04 2.292872702864334820e-04 2.057732990811829931e-04 1.847604263628185178e-04 1.659658454962541598e-04 1.490664792208543229e-04 1.338723211578467850e-04 1.202839446756363140e-04 1.080747639025634612e-04 9.710480424620656194e-05 8.728976002831462710e-05 7.846677022097708952e-05 7.050204090414874446e-05 6.337587109847660422e-05 5.696998877930190127e-05 5.121159210064190779e-05 4.602601054345327962e-05 4.135610601645885821e-05 3.714619602472366786e-05 3.335976166876009665e-05 2.997354254634204991e-05 2.691823649274933264e-05 2.417436876253869953e-05 2.172051553064079232e-05 1.950646835621148244e-05 1.752643432193175648e-05 1.574738595252758724e-05 1.414220046208424343e-05 1.270283741177531893e-05 1.140602228014515526e-05 1.024060309261689456e-05 9.190512510341899971e-06 8.257618178576176391e-06 7.419420593316870910e-06 6.665250481120717225e-06 5.986803950555988340e-06 5.379117168235018084e-06 4.830828329465551476e-06 4.340490043480014182e-06 3.898083265880696327e-06 3.502438569706991043e-06 3.145474789148716244e-06 2.826246459106475653e-06 2.538234981902997103e-06 2.279479460704192250e-06 2.047194950612706960e-06 1.838609532679351890e-06 1.651305990295788028e-06 1.483229623952776577e-06 1.332747238662378924e-06 1.197113884142424048e-06 1.075356544868283547e-06 9.663095179015666986e-07 8.680598729343363331e-07 7.800604783145094199e-07 7.011266889299739721e-07 6.302036577798890123e-07 5.667462900021259514e-07 5.099107788732702240e-07 4.592353641856973551e-07 4.139335189133354616e-07 3.738586973009809011e-07 3.385936799800664278e-07 3.077489162233356136e-07 2.811197944713418721e-07 2.585205904649435689e-07 2.399464943032888441e-07 2.256195263907031906e-07 2.158516017868955152e-07 2.116879072925678695e-07 2.171107921237390505e-07
5.129799985409667050e-03 6.709228654045369319e-03 5.881566571530276628e-03 4.766885959031496797e-03 3.928301235138563496e-03 2.401940051979541309e-03 4.659280852864094470e-03 3.793086462827383390e-03 2.772173945582245055e-03 2.782247812192608586e-03 3.655011141487821569e-03 2.694326732966541120e-03 2.292223922989243112e-03 1.991091645912356975e-03 1.748693568143339615e-03 1.540391525258144817e-03 1.366285005610144796e-03 1.215406044215393755e-03 1.083323845125153204e-03 9.676336024096464416e-04 8.652534090675007570e-04 7.744468894453472672e-04 6.936819827613057397e-04 6.213875194722516104e-04 5.563703747148071848e-04 4.987337946880226460e-04 4.472430036629175174e-04 4.011742777730372832e-04 3.596559758997184696e-04 3.224902296890760109e-04 2.893484613410934555e-04 2.596757188462770014e-04 2.331590283874123023e-04 2.094415537595371564e-04 1.881156320547475267e-04 1.689415108693767575e-04 1.517937359319206569e-04 1.363863883624538817e-04 1.225428400197842074e-04 1.101567101507370779e-04 9.902248589256742084e-05 8.897133235297052887e-05 7.997839090817675830e-05 7.189441236672429025e-05 6.462752694148406175e-05 5.808350603076554807e-05 5.219024547033470555e-05 4.687747760482585815e-05 4.209911803865260102e-05 3.782581388012668221e-05 3.397010926842461886e-05 3.050742824434266791e-05 2.741073513261797401e-05 2.461666898860446885e-05 2.211791956514260748e-05 1.987280746676638556e-05 1.784710470348690206e-05 1.603066457033809205e-05 1.439411531469535839e-05 1.292338350251730111e-05 1.159819249950547642e-05 1.042089934883709493e-05 9.363110001348379086e-06 8.411359956961792842e-06 7.555169758991798380e-06 6.788274922847465104e-06 6.096336414542071158e-06 5.477527583189254551e-06 4.919203458768196944e-06 4.419888456963079292e-06 3.969381680591456100e-06 3.566490832013287680e-06 3.202986448415328255e-06 2.876484257508032015e-06 2.583310774148541009e-06 2.320032343903222075e-06 2.083599927690809681e-06 1.871415764147286745e-06 1.681418474992809012e-06 1.510135675183644660e-06 1.356336228314542677e-06 1.218542681925599265e-06 1.094328049887805563e-06 9.829948416364474020e-07 8.830331694340090886e-07 7.930897106009800637e-07 7.124574630625679122e-07 6.400316084143508401e-07 5.751987782756154450e-07 5.169311521590709947e-07 4.649726685615806245e-07 4.187319081746212195e-07 3.776271476032016501e-07 3.412658927915582304e-07 3.092479752980198665e-07 2.812858058563299038e-07 2.573544295606432568e-07 2.373365390012908765e-07 2.216635299479668004e-07 2.120427621973064239e-07
6.467125779601501194e-03 8.459456587288749496e-03 7.418859839052317079e-03 6.014663335913633668e-03 4.958264939168580132e-03 3.027610276856990048e-03 5.876985104597480351e-03 4.784953074386336276e-03 3.498083275916144888e-03 3.502118148205882707e-03 4.612014025360312158e-03 3.399331173707625334e-03 2.892073104728903280e-03 2.512208697332735542e-03 2.206428685442914962e-03 1.943650451578754967e-03 1.724001206898909642e-03 1.533647824230269718e-03 1.367003073440934422e-03 1.221034928718164403e-03 1.091856754712013360e-03 9.772789164765867224e-04 8.753692588304653891e-04 7.841460513000522020e-04 7.021043265536065824e-04 6.293746289279193284e-04 5.643992773558681323e-04 5.062652930199182172e-04 4.538729936700971806e-04 4.069728032708732311e-04 3.651502050325950268e-04 3.277050140258350934e-04 2.942423562604143503e-04 2.643119946045197673e-04 2.373995383829934688e-04 2.132024670826436225e-04 1.915624875651077738e-04 1.721188103608654548e-04 1.546485551294132636e-04 1.390174857781320897e-04 1.249662650430080851e-04 1.122818372310160467e-04 1.009328361457942336e-04 9.073091937526708590e-05 8.156015332535834880e-05 7.330162661263347991e-05 6.586434741993501586e-05 5.915964095661850359e-05 5.312935077716404188e-05 4.773643511874355153e-05 4.287052671062727648e-05 3.850061157384437649e-05 3.459257151011983143e-05 3.106644585150642064e-05 2.791300944064977821e-05 2.507966329270721240e-05 2.252321191156229043e-05 2.023085031038059995e-05 1.816551139452821526e-05 1.630943454767734105e-05 1.463703059598513058e-05 1.315127426260641355e-05 1.181633202250989707e-05 1.061521154992577471e-05 9.534687646816733552e-06 8.566854384288550032e-06 7.693615450384985209e-06 6.912665571249123878e-06 6.208046110922983299e-06 5.577894979129219207e-06 5.009337234434978325e-06 4.500868617756215293e-06 4.042101906318131754e-06 3.630073082484055357e-06 3.260067072398427267e-06 2.927782641553238061e-06 2.629372585223862919e-06 2.361556124963957005e-06 2.121731619477840486e-06 1.905512740996122241e-06 1.711344184386749533e-06 1.537358222056099368e-06 1.380485546003681879e-06 1.239842420652931861e-06 1.113515939511895170e-06 9.997871818653048500e-07 8.977543955176295203e-07 8.060034038210605353e-07 7.237448829122916697e-07 6.496641733725020669e-07 5.834027275603774519e-07 5.241818709536931159e-07 4.712226145946402765e-07 4.239628013617346734e-07 3.818149094286939316e-07 3.442758989976483283e-07 3.111624232719025952e-07 2.820721697223937072e-07 2.571078456293589483e-07 2.367728109065375918e-07
8.152674983911954026e-03 1.066419584148164262e-02 9.356576909385880964e-03 7.588412366756809059e-03 6.258225765699545508e-03 3.815539023751835304e-03 7.411621560199431295e-03 6.035197466112826245e-03 4.413635282545393286e-03 4.405192690058458774e-03 5.818930169604857004e-03 4.288153575479845478e-03 3.648354057046364948e-03 3.169264935348937388e-03 2.783602953989640794e-03 2.452161634860814971e-03 2.175103915077812849e-03 1.934987109013897727e-03 1.724767692803094287e-03 1.540624037247461178e-03 1.377655934670440419e-03 1.233102938157437179e-03 1.104528938773112435e-03 9.894349242313266440e-04 8.859229857966646011e-04 7.941582461826033777e-04 7.121760417406027477e-04 6.388248643460943399e-04 5.727175565907736184e-04 5.135393928025510420e-04 4.607675334457016214e-04 4.135186828339284322e-04 3.712947102910200514e-04 3.335276090059114220e-04 2.995684012046863375e-04 2.690354138321947373e-04 2.417289461978443059e-04 2.171937853282541607e-04 1.951487193956427972e-04 1.754243832628658948e-04 1.576935534631761779e-04 1.416873992253207576e-04 1.273663484220973938e-04 1.144927495776870035e-04 1.029203168694836927e-04 9.249900529665887349e-05 8.311399894907927407e-05 7.465340472001188998e-05 6.704383883477235608e-05 6.023856117584240291e-05 5.409830357664157697e-05 4.858393120292934028e-05 4.365239194660565912e-05 3.920278557218200694e-05 3.522347154385050723e-05 3.164807638945632383e-05 2.842209252336986227e-05 2.552936172248551733e-05 2.292310953461726427e-05 2.058092412720456918e-05 1.847051477060834289e-05 1.659563541352521507e-05 1.491106789672922746e-05 1.339536967477931648e-05 1.203185190482546661e-05 1.081053808631386845e-05 9.708592347766608838e-06 8.723105672019738197e-06 7.833939576079680455e-06 7.038744355155545012e-06 6.321272456772966665e-06 5.679625877422450446e-06 5.100696187369661238e-06 4.580765463716292580e-06 4.113844382154677279e-06 3.694521166409388248e-06 3.317941374774599750e-06 2.979963801617961497e-06 2.677305347911181074e-06 2.404428831669294398e-06 2.159370812651532687e-06 1.939772823120122224e-06 1.741758493788777502e-06 1.564210896274065686e-06 1.404712437561383986e-06 1.261088523860658174e-06 1.132196498587820685e-06 1.016241910799716092e-06 9.122211218899679772e-07 8.184664285615132375e-07 7.345077635546537066e-07 6.593464407067396096e-07 5.919771309732668523e-07 5.316571894348645493e-07 4.776041599118237025e-07 4.291135316744363851e-07 3.858783666366233063e-07 3.472644435774186254e-07 3.131815415333907097e-07 2.834430365246711108e-07
1.027800243909020479e-02 1.344081559355591628e-02 1.179840582883364374e-02 9.573000804331748687e-03 7.898962171243787203e-03 4.807740345759168275e-03 9.344961324544719811e-03 7.610539162210976788e-03 5.568083709411798116e-03 5.536387606896366748e-03 7.340563701533162760e-03 5.408275132494862018e-03 4.601488819694282001e-03 3.997408524706509182e-03 3.511117132805425308e-03 3.093171146285536230e-03 2.743779545966882390e-03 2.440954845469335555e-03 2.175820827102616616e-03 1.943562570652529161e-03 1.738004061908050976e-03 1.555666481788451185e-03 1.393479344497847551e-03 1.248292258876863327e-03 1.117712450265786767e-03 1.001948871665256802e-03 8.985241527487257147e-04 8.059862971262872966e-04 7.225859031315477179e-04 6.479262049156290105e-04 5.813478893378261087e-04 5.217368840538335771e-04 4.684649285139050106e-04 4.208155750319302231e-04 3.779701863282672564e-04 3.394473102626983365e-04 3.049950532875909362e-04 2.740391581205235748e-04 2.462248711921403120e-04 2.213385398651133756e-04 1.989673449468659736e-04 1.787721282012580154e-04 1.607029736766626060e-04 1.444600534001941339e-04 1.298588086559768998e-04 1.167099352010286074e-04 1.048685748813377644e-04 9.419355571147722565e-05 8.459229197189306626e-05 7.600581399699178782e-05 6.825840728059902633e-05 6.130069623701163287e-05 5.507836257619860127e-05 4.946409902317729838e-05 4.444321925482837168e-05 3.993197857344771870e-05 3.586160344641667059e-05 3.221170689802518281e-05 2.892327220508223969e-05 2.596802175647937910e-05 2.330521323313450302e-05 2.093958338381050866e-05 1.881407864608940670e-05 1.690164409609558763e-05 1.518122272635825351e-05 1.364022676867476929e-05 1.224984309397391970e-05 1.100640129355666551e-05 9.884491555957705366e-06 8.881149198987928762e-06 7.975873573347361337e-06 7.166269997565968578e-06 6.435798528981763727e-06 5.779779220102122236e-06 5.190635450138036264e-06 4.661546851995797325e-06 4.186388507095230410e-06 3.759934655951111509e-06 3.378042804148461946e-06 3.033725374499689507e-06 2.724504596943962389e-06 2.447403885236719526e-06 2.197530627653844170e-06 1.973474671406579155e-06 1.772183775696272372e-06 1.590911411106344437e-06 1.428213472546656321e-06 1.281820880259074439e-06 1.150463512825179948e-06 1.032032795431729820e-06 9.259268522435934367e-07 8.308775871390793899e-07 7.456054131605269854e-07 6.691567440043535233e-07 6.005238762865580337e-07 5.387831887316105550e-07 4.835097881232611262e-07 4.338404624898348726e-07 3.895519640689332038e-07 3.499997930275145692e-07
1.296165009776583353e-02 1.693912192252005483e-02 1.487652630295752988e-02 1.207678585698984675e-02 9.971063771707668749e-03 6.058078142281870040e-03 1.178094519145840222e-02 9.595758232628032527e-03 7.024146116583659602e-03 6.951525648409521453e-03 9.259337703892060387e-03 6.819969491887523279e-03 5.802795531865544143e-03 5.041272758458309466e-03 4.428220687595308021e-03 3.901294691969998691e-03 3.460762998553191562e-03 3.078916543046745710e-03 2.744573321292965041e-03 2.451669333502349505e-03 2.192423052048080023e-03 1.962451826079676491e-03 1.757886794079061140e-03 1.574757444527788907e-03 1.410047845546636607e-03 1.264022581842011482e-03 1.133558416823077578e-03 1.016824830756330855e-03 9.116159543951147561e-04 8.174317265559902582e-04 7.334408978742862307e-04 6.582385280681281878e-04 5.910323514694784284e-04 5.309188047366048425e-04 4.768653542911588925e-04 4.282647525776397783e-04 3.847993126080456912e-04 3.457446700438652153e-04 3.106533393375245328e-04 2.792558263868186847e-04 2.510313682876266620e-04 2.255521140444731226e-04 2.027551076253510066e-04 1.822621044773153735e-04 1.638402761866841490e-04 1.472508031690949537e-04 1.323109363733500994e-04 1.188425748905998312e-04 1.067289140851467255e-04 9.589555988833700292e-05 8.612082616632118213e-05 7.734242061853141158e-05 6.949181464589485285e-05 6.240839151598372560e-05 5.607362340968569364e-05 5.038185362276141578e-05 4.524631345467319452e-05 4.064128189693510867e-05 3.649229958713326102e-05 3.276368974617407384e-05 2.940404898545130355e-05 2.641935393316424596e-05 2.373762137882134222e-05 2.132471672253449265e-05 1.915407277398905109e-05 1.720980782395115539e-05 1.545556875377647715e-05 1.388672472385357158e-05 1.247121643422507129e-05 1.120530343704003138e-05 1.006312012765766868e-05 9.041645241133496698e-06 8.120010296475389881e-06 7.292316200192076520e-06 6.548993847160209208e-06 5.881441993177700206e-06 5.281932964866420606e-06 4.743873168181384150e-06 4.262036029182683151e-06 3.827604853044719234e-06 3.437453257200410400e-06 3.087825310736315593e-06 2.772547238558883953e-06 2.489839428365373329e-06 2.235849969873693461e-06 2.007112221083605951e-06 1.801802990341621829e-06 1.617056937907211153e-06 1.451269677297493209e-06 1.301778666173762541e-06 1.167820156583520277e-06 1.047790214744133290e-06 9.400688612316540058e-07 8.434447214570753501e-07 7.566362076074825367e-07 6.784607172899356278e-07 6.083634419794598958e-07 5.452239222359806732e-07 4.887060273365426285e-07 4.377930015313994984e-07
1.635860990880289370e-02 2.135102547916420401e-02 1.875975965288407057e-02 1.523833953999427678e-02 1.259067934045265437e-02 7.636049355870372021e-03 1.485175929348270425e-02 1.209857279827215686e-02 8.861683586992723932e-03 8.719605057232484441e-03 1.168004703793183198e-02 8.599666083584889612e-03 7.317352243434193867e-03 6.357473206749276323e-03 5.584714353904353910e-03 4.920466069865272497e-03 4.365072374844899267e-03 3.883620581447646495e-03 3.462027871816123099e-03 3.092659797534918521e-03 2.765714511969150947e-03 2.475672309342589680e-03 2.217659602614556209e-03 1.986673257833928685e-03 1.778912571830852749e-03 1.594712865790412970e-03 1.430137160692007822e-03 1.282878036705270650e-03 1.150154288251992391e-03 1.031335790454428452e-03 9.253746393455733032e-04 8.304991819002853666e-04 7.457103962031217574e-04 6.698687764610537689e-04 6.016720246774268045e-04 5.403542407943823147e-04 4.855147722840417166e-04 4.362399041374847111e-04 3.919651740809456004e-04 3.523506508534551417e-04 3.167393865316247593e-04 2.845916268533709142e-04 2.558279709299138087e-04 2.299712310900950689e-04 2.067276737093477236e-04 1.857959996439832240e-04 1.669456476178547645e-04 1.499519170483499381e-04 1.346674423002808632e-04 1.209983664408599243e-04 1.086649889178032525e-04 9.758871777223397095e-05 8.768309201762150291e-05 7.874545822108944173e-05 7.075244123472809244e-05 6.357073098139775634e-05 5.709084827430554532e-05 5.128034061105162173e-05 4.604525927434260674e-05 4.134058943842075539e-05 3.710147281190482449e-05 3.333545106292070971e-05 2.995169864678324655e-05 2.690714588021526817e-05 2.416827129476068701e-05 2.171503599216402343e-05 1.950157072120944983e-05 1.752203253064010043e-05 1.573596985617425724e-05 1.413866317684520683e-05 1.269747585046094542e-05 1.140859579000757809e-05 1.024569154023240405e-05 9.201322537418792796e-06 8.263409851271002896e-06 7.421102592696671959e-06 6.664650193266058096e-06 5.985732849340623470e-06 5.377755769263799470e-06 4.829593961852901938e-06 4.337302521520364633e-06 3.896142092989265520e-06 3.498322323611626196e-06 3.141597518206830428e-06 2.821106949556756541e-06 2.532475793367070690e-06 2.273402995039972835e-06 2.040271897239635988e-06 1.831057177127912473e-06 1.642398206183763791e-06 1.473329128156472117e-06 1.321824144053052120e-06 1.185836437954862864e-06 1.063833416164935918e-06 9.541929283790316566e-07 8.554141889238060082e-07 7.667878297909562018e-07 6.868844699130686207e-07 6.152528776470660584e-07 5.505087891986320570e-07
2.067288127808404596e-02 2.692212945775451435e-02 2.366292372190396259e-02 1.923408810834194640e-02 1.590606058497086653e-02 9.631570435469199651e-03 1.872454336306965741e-02 1.525491558707540996e-02 1.118168497151237305e-02 1.092469497910430153e-02 1.473496819120748841e-02 1.084346733572861578e-02 9.226986018486253716e-03 8.017215461257269637e-03 7.043253054873026449e-03 6.205977345040075178e-03 5.505827907508557481e-03 4.898823815260981186e-03 4.367234017681838852e-03 3.901450479483700891e-03 3.489129918443121571e-03 3.123322740692980465e-03 2.797891380629734161e-03 2.506532826583702210e-03 2.244458270734361102e-03 2.012093136043073029e-03 1.804475296751809586e-03 1.618696553435933997e-03 1.451250551413290962e-03 1.301343437231820789e-03 1.167654324347832838e-03 1.047949203300661304e-03 9.409683925364491263e-04 8.452748508273974937e-04 7.592260101536632815e-04 6.818558520257372727e-04 6.126590944034495658e-04 5.504831250525150498e-04 4.946158943656347269e-04 4.446286082397262981e-04 3.996924659769020239e-04 3.591264926071519861e-04 3.228305462823056571e-04 2.902025658699209460e-04 2.608719504202644383e-04 2.344585423325528870e-04 2.106714331933272951e-04 1.892271036559296880e-04 1.699396139418772632e-04 1.526905420890933439e-04 1.371269546028546101e-04 1.231496852581735789e-04 1.106496373553913007e-04 9.937109125089412366e-05 8.928455368287299546e-05 8.022180506395673236e-05 7.204469619790113079e-05 6.471227702150310790e-05 5.810599481661745704e-05 5.216904619618144382e-05 4.681958676544675053e-05 4.206713435433373169e-05 3.779707559522857424e-05 3.395506055259376460e-05 3.049878818563403712e-05 2.740297129482680442e-05 2.460972664588960570e-05 2.211168107260512493e-05 1.985778784157131536e-05 1.784209139303399253e-05 1.602340669007555968e-05 1.439692324459401341e-05 1.292941261915359287e-05 1.161148675832038360e-05 1.042790050502258377e-05 9.364961786954234486e-06 8.410366091637198221e-06 7.553614330940003367e-06 6.786384328934892129e-06 6.094636964582111426e-06 5.473393986073652874e-06 4.916674548101178377e-06 4.414647540083018677e-06 3.964478938022124871e-06 3.560034594139739821e-06 3.195793427382768202e-06 2.868851365370480186e-06 2.574643811597835522e-06 2.310614473368478644e-06 2.072521915436919967e-06 1.859146208338736764e-06 1.667929936085878672e-06 1.496288776572329489e-06 1.342286652542952052e-06 1.203873992088988138e-06 1.079152619621228518e-06 9.672227190303042626e-07 8.662727350637932895e-07 7.757197504619057077e-07 6.937664748690213590e-07
2.617574792045221713e-02 3.396752142853251555e-02 2.985898782935841184e-02 2.428801969985430742e-02 2.010581690451930525e-02 1.216181128599437382e-02 2.360973263823572602e-02 1.923530531088513476e-02 1.411103235664572762e-02 1.366767244139156616e-02 1.858992955591773702e-02 1.367118363591300449e-02 1.163368869217336343e-02 1.010927343239168864e-02 8.881977565527075791e-03 7.826812649208734346e-03 6.944335034967045149e-03 6.179155373488176561e-03 5.508958152025542759e-03 4.921657594039429047e-03 4.401716340780635443e-03 3.940388422787446943e-03 3.529947618819204071e-03 3.162455951291180591e-03 2.831881453141513530e-03 2.538764480043261863e-03 2.276852302193035568e-03 2.042480395244515232e-03 1.831228951695526488e-03 1.642098185675102285e-03 1.473423477598849321e-03 1.322388161373860100e-03 1.187404108622342001e-03 1.066659240280885650e-03 9.580819538547590171e-04 8.604539077624809166e-04 7.731379277325687400e-04 6.946800937282183661e-04 6.241822096044028802e-04 5.611034119566675341e-04 5.043981000361533835e-04 4.532071279656028624e-04 4.074042055800085739e-04 3.662297121778757881e-04 3.292160584156721614e-04 2.958835793414043712e-04 2.658652160302413876e-04 2.388032239531217237e-04 2.144629860624561147e-04 1.926950830743136202e-04 1.730541565617605857e-04 1.554150760545998215e-04 1.396401782596936930e-04 1.254067667115315286e-04 1.126776279255846489e-04 1.012404809455701935e-04 9.092098984617088013e-05 8.166747969149770769e-05 7.333034244965285409e-05 6.583789529877398733e-05 5.908685357796991932e-05 5.308923008660296796e-05 4.770038530152634186e-05 4.285173079605842023e-05 3.848988347947804892e-05 3.458293150653155240e-05 3.105782670823784778e-05 2.790526446271257444e-05 2.506082394024885729e-05 2.251698940892294092e-05 2.022178529478927409e-05 1.816914087060806426e-05 1.631712168792278270e-05 1.465388070427573283e-05 1.316017725738030063e-05 1.181873235787613486e-05 1.061401763543299060e-05 9.532783119781881593e-06 8.564526154219437987e-06 7.691529149525083066e-06 6.907509479347306921e-06 6.204919202644540902e-06 5.571351235920701900e-06 5.003228954850003928e-06 4.492810871517382697e-06 4.033129137345703478e-06 3.620518629250569736e-06 3.249218458098356611e-06 2.916002313583680595e-06 2.615517173759103860e-06 2.346222932303397722e-06 2.104891599804721614e-06 1.888261039565348547e-06 1.693886875905566659e-06 1.519181261802144751e-06 1.361746539837413372e-06 1.220444819192702801e-06 1.092986022219852342e-06 9.786277843723438556e-07 8.750767947855970010e-07
3.323464961428045095e-02 4.289686871715700511e-02 3.769792017587553917e-02 3.068634642610456112e-02 2.543118068399934442e-02 1.538222386524822592e-02 2.977364195587285309e-02 2.425422157402647855e-02 1.780937720736070276e-02 1.706871917409499145e-02 2.345304482756123063e-02 1.723199512879394421e-02 1.466438710492042052e-02 1.274414002306312188e-02 1.119817860348630914e-02 9.868896252572778929e-03 8.756983256698483084e-03 7.792710551194243461e-03 6.948008100937820043e-03 6.207683550621292783e-03 5.552190467787290057e-03 4.970529232392439066e-03 4.452979599569538254e-03 3.989549730152535875e-03 3.572645494337454378e-03 3.202954015532511953e-03 2.872599560140224988e-03 2.576966520154464185e-03 2.310485567981311432e-03 2.071898241463460306e-03 1.859107568187811288e-03 1.668563287545884750e-03 1.498263792112532362e-03 1.345924677228105704e-03 1.208933808011606117e-03 1.085754944434686245e-03 9.755847930682786263e-04 8.765896804899460685e-04 7.876367962900529714e-04 7.080440439452582524e-04 6.364924976003427702e-04 5.718983639777634482e-04 5.141024145462058529e-04 4.621463483943544118e-04 4.154402741408770388e-04 3.733790379290848039e-04 3.354995447314730985e-04 3.013504368112959893e-04 2.706357060684428891e-04 2.431668424740854578e-04 2.183819048083537515e-04 1.961230148581201383e-04 1.762164779862980383e-04 1.582551088058594996e-04 1.421919577129203698e-04 1.277591606239911258e-04 1.147367313336506827e-04 1.030594661978342875e-04 9.253857929751882299e-05 8.308361688531846611e-05 7.456424580533114002e-05 6.699562742300279889e-05 6.019524103012654424e-05 5.407653482360993437e-05 4.857214446334148512e-05 4.364180043538598645e-05 3.919332191991488796e-05 3.521496764943094561e-05 3.162544337648418464e-05 2.841526507642773853e-05 2.551884321346071000e-05 2.292851712970126507e-05 2.059136831337516322e-05 1.849244698273332950e-05 1.660747208134055348e-05 1.491463887120456224e-05 1.339435152368250320e-05 1.202988936945872900e-05 1.080799869435614795e-05 9.706320886159425460e-06 8.716927629604287372e-06 7.830293833254690301e-06 7.030762394663055110e-06 6.313819792290136121e-06 5.669696634547857918e-06 5.089599788645419643e-06 4.568903996066024617e-06 4.100339170239315549e-06 3.679833763344688287e-06 3.300632408324907475e-06 2.960791305820252519e-06 2.656236656368688944e-06 2.382851472175254318e-06 2.137550571598308531e-06 1.917067599881362053e-06 1.718375775147462334e-06 1.540037988868059930e-06 1.379162354956012509e-06 1.234808706439214372e-06 1.104070508941109193e-06
4.235885675322843130e-02 5.425586176209244715e-02 4.763772300674240512e-02 3.880102233544378831e-02 3.219530584524010058e-02 1.950474493332682649e-02 3.755883357492911107e-02 3.058495573206056542e-02 2.247976927892177818e-02 2.127160046441626401e-02 2.958824206795604775e-02 2.171302198248373228e-02 1.847812240370334466e-02 1.606025454393407784e-02 1.411378394987436793e-02 1.243995088349789287e-02 1.103957888077632642e-02 9.824925902983788414e-03 8.760704857047371674e-03 7.827832564458894402e-03 7.001736695874088111e-03 6.268594016290087931e-03 5.616184738461936325e-03 5.031940113353358321e-03 4.506305314382183860e-03 4.040155064592373252e-03 3.623574865805878446e-03 3.250754436134518054e-03 2.914679251714871050e-03 2.613766347802079677e-03 2.345375516625787093e-03 2.105033673649901564e-03 1.890219155453394138e-03 1.698053191520767276e-03 1.525243137804780519e-03 1.369852529393181598e-03 1.230869011508701431e-03 1.105980596904997766e-03 9.937589623561600069e-04 8.933441437696752188e-04 8.030728252293718684e-04 7.215781211530976000e-04 6.486593435980791316e-04 5.831077898761216757e-04 5.241794263381983031e-04 4.711109238395725578e-04 4.233181324790286169e-04 3.802316855338257499e-04 3.414781867888934202e-04 3.068198534980486080e-04 2.755477547455565356e-04 2.474627281007147532e-04 2.223456530194877271e-04 1.996828097322953378e-04 1.794149763341490803e-04 1.612042004805664167e-04 1.447729311360706074e-04 1.300389064844369017e-04 1.167639358707600996e-04 1.048338951270593795e-04 9.408434118850240709e-05 8.453440751768372921e-05 7.595380125895443205e-05 6.823331689687863377e-05 6.128795816444035241e-05 5.506691569115789272e-05 4.945387962134686655e-05 4.443403596660522488e-05 3.990481041299954166e-05 3.585423676176026836e-05 3.219955595442559773e-05 2.893110225735868278e-05 2.598210428823262755e-05 2.333369902016314886e-05 2.095524884433521188e-05 1.881924109637801403e-05 1.690095011480133270e-05 1.517927802523233255e-05 1.363750150417640629e-05 1.224740869905559093e-05 1.099899576542325119e-05 9.880244043615079398e-06 8.871397516550286156e-06 7.966761062536819940e-06 7.154007713379310622e-06 6.422042316275363916e-06 5.765028720034927261e-06 5.173793499058629657e-06 4.643199142881574452e-06 4.164721697320358397e-06 3.735908355800659602e-06 3.351618696095703578e-06 3.006657751994889429e-06 2.697132402020293629e-06 2.418920861773311022e-06 2.168203420137238360e-06 1.943166167027770049e-06 1.740159172080486765e-06 1.557994472982078387e-06 1.392998395225671224e-06
5.426753849791207673e-02 6.879091372638139468e-02 6.029352706065266299e-02 4.912570832457530123e-02 4.081206440382338652e-02 2.482640662126310571e-02 4.741569171526128362e-02 3.858192612871387539e-02 2.838404557373125706e-02 2.645002075129697025e-02 3.733508915924306504e-02 2.735130247152126395e-02 2.327597567937250353e-02 2.023256551560295019e-02 1.778288083122501334e-02 1.567614661858280842e-02 1.391326926987114868e-02 1.238387536788443204e-02 1.104362669163863261e-02 9.868568223084911092e-03 8.827831325856624195e-03 7.904057790270967512e-03 7.081897279747402518e-03 6.345550563335998658e-03 5.683003862423557755e-03 5.095371870653271282e-03 4.570180998997286879e-03 4.100121438716352283e-03 3.676362851596571332e-03 3.296915579039273649e-03 2.958457357142531535e-03 2.655354837486267362e-03 2.384432607872960866e-03 2.142064292544731876e-03 1.924100811293562915e-03 1.728101999075279003e-03 1.552792507847053144e-03 1.395258044337344041e-03 1.253698154928858076e-03 1.127028931378270702e-03 1.013153195167555871e-03 9.103473639388743070e-04 8.183585856419080566e-04 7.356626006460265056e-04 6.613211216552736162e-04 5.943714575559041948e-04 5.340768761556413929e-04 4.797192547184255841e-04 4.308276480089353027e-04 3.871021707531128292e-04 3.476485648125731114e-04 3.122156232828360604e-04 2.805269566367961636e-04 2.519345100523074548e-04 2.263635934753708038e-04 2.033878732769700743e-04 1.826572067607335034e-04 1.640678233686375387e-04 1.473192285191484861e-04 1.322674480849672825e-04 1.187050220265120800e-04 1.066560955833545078e-04 9.583012669517733482e-05 8.608933945120561060e-05 7.732650040450113186e-05 6.947750760564620873e-05 6.239561897149585872e-05 5.606214549074495983e-05 5.034767342675686787e-05 4.523710619325347802e-05 4.062602947789107570e-05 3.650224878110522428e-05 3.278152047360279134e-05 2.944004583376621828e-05 2.643917003752816453e-05 2.374418107097871160e-05 2.132388309933053500e-05 1.915165733891980069e-05 1.720640429239497657e-05 1.545252943458281426e-05 1.387741107405228781e-05 1.246588542521991211e-05 1.119302650627726653e-05 1.005164885172110191e-05 9.026199621077314071e-06 8.102680126171616981e-06 7.273726926514275177e-06 6.527765932669227259e-06 5.858315154556026316e-06 5.254619929544024095e-06 4.713585501858245005e-06 4.228726165088347019e-06 3.793487367510121140e-06 3.402957048012115441e-06 3.051934610510702349e-06 2.735600474321969436e-06 2.451665750267043466e-06 2.195524853953019464e-06 1.965678108909113979e-06 1.757487352792550067e-06
6.998280913987339757e-02 8.754088966905361480e-02 7.651115756570987803e-02 6.232717130915980952e-02 5.183568632068274312e-02 3.177150086448649047e-02 5.994888733782136048e-02 4.871205266451912597e-02 3.586305931704386607e-02 3.281573355196421016e-02 4.713587974583974272e-02 3.444862030360107408e-02 2.931306047673306117e-02 2.548274993988094636e-02 2.240063331714394618e-02 1.974995237643914145e-02 1.753152490817610348e-02 1.560650638464535292e-02 1.391919388460043788e-02 1.243952622277134760e-02 1.112874691251802828e-02 9.965072557823643346e-03 8.929233147619938804e-03 8.001381277170992873e-03 7.166420569212738310e-03 6.425772633565877447e-03 5.763753157305754292e-03 5.171170996565708534e-03 4.636915076652057231e-03 4.158486345220027344e-03 3.731706574449837523e-03 3.349483970938953691e-03 3.007821529201459496e-03 2.702152673376309773e-03 2.427250534667723444e-03 2.180041043903629613e-03 1.958918058525157841e-03 1.760208794555666572e-03 1.581644148711960386e-03 1.421858244484685988e-03 1.278207230547692653e-03 1.148517991968634995e-03 1.032472051215061479e-03 9.281473855130952313e-04 8.343608431544425599e-04 7.498983890691011912e-04 6.738309140862963923e-04 6.052527225404173879e-04 5.435698691485085212e-04 4.884041735992420861e-04 4.386276284445169934e-04 3.939233957332322240e-04 3.539428613058287899e-04 3.178685132451283769e-04 2.856061596637462434e-04 2.566179732649672080e-04 2.304622325613302095e-04 2.070080360711754866e-04 1.858762850850193059e-04 1.668853470266690100e-04 1.497734886453322227e-04 1.345711822629325801e-04 1.209118674425485991e-04 1.086217200350536913e-04 9.756544893912756395e-05 8.766218061702760243e-05 7.872677373297832712e-05 7.073565038805387155e-05 6.352553034719461288e-05 5.707736743143657028e-05 5.125942192490613080e-05 4.605630869006960726e-05 4.136173671438827132e-05 3.714567921375894389e-05 3.335936487380470358e-05 2.995899708171870037e-05 2.690521551686230863e-05 2.416443472863431758e-05 2.171003305733230335e-05 1.949709990980462502e-05 1.750971019517157337e-05 1.572873135001739411e-05 1.412271346760890419e-05 1.268259044468400026e-05 1.138873874087734427e-05 1.022349571902858383e-05 9.177570669132131451e-06 8.236360126003987854e-06 7.391685516802198934e-06 6.629977260486920424e-06 5.947330559897761117e-06 5.335562121191550067e-06 4.786401767815878846e-06 4.293651697497841582e-06 3.850750032451094647e-06 3.451615581698982385e-06 3.093360220374454218e-06 2.770172655603597139e-06 2.480160272421512687e-06 2.217469367732379305e-06
9.094164317877925785e-02 1.119479276631233644e-01 9.747412884757843121e-02 7.931639250784554285e-02 6.601280776921532312e-02 4.095041180886913046e-02 7.598568786237631933e-02 6.159905176526968978e-02 4.536230897304704968e-02 4.062934773042339159e-02 5.957333013706204994e-02 4.338901010978545025e-02 3.691199608710695607e-02 3.209037990106990840e-02 2.821286728462906249e-02 2.487848817576569782e-02 2.208752282495656319e-02 1.966521205831606514e-02 1.754154406479169551e-02 1.567878435095179657e-02 1.402828790267158024e-02 1.256272822698917095e-02 1.125792687188240451e-02 1.008896466076206720e-02 9.036881830918511160e-03 8.103491562184237523e-03 7.269083388627264018e-03 6.522106977124534667e-03 5.848587797327045243e-03 5.245389139039056785e-03 4.707259168823916748e-03 4.225273545862420245e-03 3.794403154908044737e-03 3.408899375400454169e-03 3.062179245280980365e-03 2.750371066528380613e-03 2.471452737395102729e-03 2.220796354779626825e-03 1.995542637805718285e-03 1.793970715524307105e-03 1.612747879203500897e-03 1.449134421716132427e-03 1.302729327782916344e-03 1.171109113558254852e-03 1.052781917005136784e-03 9.462167609677078414e-04 8.502419350268022478e-04 7.637151690478065575e-04 6.858873910552330507e-04 6.162816920165673038e-04 5.534751531041918636e-04 4.970681506229299596e-04 4.466209595689554388e-04 4.011022347800313769e-04 3.603931920724798049e-04 3.238153054314307734e-04 2.908112799792318334e-04 2.612159805111444167e-04 2.345511028484817634e-04 2.105874876092230267e-04 1.889949007559066851e-04 1.698118064666800486e-04 1.525756919143982082e-04 1.370672318423432504e-04 1.231157195881177194e-04 1.106191122133225429e-04 9.934379677571891732e-05 8.926002505587696538e-05 8.016176592962169511e-05 7.202498812623068711e-05 6.468345747971489452e-05 5.811776152447971887e-05 5.219377714745689479e-05 4.687361553262026575e-05 4.209573453626963422e-05 3.780486925378671371e-05 3.395135256985237613e-05 3.049280431745111786e-05 2.739563166075707041e-05 2.460316324806822920e-05 2.209530375028589762e-05 1.984791035615678583e-05 1.782129718862159292e-05 1.600402399652081580e-05 1.437132827198937991e-05 1.290092189452562844e-05 1.158108111486043709e-05 1.039337808300797450e-05 9.327492406765663401e-06 8.366300847464637437e-06 7.504875999716092451e-06 6.732891480179638703e-06 6.039911255803649016e-06 5.418114378730854028e-06 4.859220467247066611e-06 4.355555680479433796e-06 3.903475462373043594e-06 3.495646495573361508e-06 3.129680308309729041e-06 2.798189414017479461e-06
1.190932789022924043e-01 1.439363656105629996e-01 1.248528349518394226e-01 1.013467699318848225e-01 8.435092380384746902e-02 5.323786414307128678e-02 9.667904327368352646e-02 7.809142761724800763e-02 5.746680286264641002e-02 5.021860687538219625e-02 7.543084506198347028e-02 5.466211956816096479e-02 4.647965516609230130e-02 4.040617849175496407e-02 3.552710471692462763e-02 3.133293492883911652e-02 2.782234927176650829e-02 2.477506456733799545e-02 2.210295917360776546e-02 1.975860512760287818e-02 1.768093933586642463e-02 1.583567986921291526e-02 1.419249688214980175e-02 1.272011728397684331e-02 1.139474047402149956e-02 1.021867575292116290e-02 9.167168257165861367e-03 8.225711581738457887e-03 7.376739229951558008e-03 6.616316837787736445e-03 5.937847306557193262e-03 5.330105752296674521e-03 4.786767673092782831e-03 4.300599591926765851e-03 3.863313512053759367e-03 3.470034790255726188e-03 3.118218700493783063e-03 2.802035320577326866e-03 2.517882569197815116e-03 2.263592919464070020e-03 2.034966028153483916e-03 1.828548332596033766e-03 1.643835097934983648e-03 1.477770862916985908e-03 1.328474691858243066e-03 1.194016062110088991e-03 1.072917409042285341e-03 9.637381574663122412e-04 8.655336400500018585e-04 7.777024891099257537e-04 6.984497692717567220e-04 6.272714551383307699e-04 5.636129085233444573e-04 5.061729862608432221e-04 4.548019017182890786e-04 4.086435937811415896e-04 3.669949261809126069e-04 3.296475735728130211e-04 2.959980350956814684e-04 2.657571752925564409e-04 2.385083076201233989e-04 2.142999922897019472e-04 1.925486086967310268e-04 1.729774015562889739e-04 1.553709632023849286e-04 1.396005316442902285e-04 1.253713098982344506e-04 1.126457626825229342e-04 1.011638942972812824e-04 9.089538176730776531e-05 8.163044749486283687e-05 7.334459583188926066e-05 6.586856968603695117e-05 5.915455580150386382e-05 5.312489066207916582e-05 4.770983216021036226e-05 4.284670213569950596e-05 3.848201811423250762e-05 3.457338696395735334e-05 3.104929048889219122e-05 2.788436887691073614e-05 2.504815435760606444e-05 2.249056382632067411e-05 2.019715989583917358e-05 1.813669251972021263e-05 1.628103425312945555e-05 1.461538982580432354e-05 1.311650337388876284e-05 1.177135061592482421e-05 1.055832205576321676e-05 9.471199326563710952e-06 8.496950539409813563e-06 7.622405411973089558e-06 6.837693889122948471e-06 6.132366098839564221e-06 5.496737604503012067e-06 4.926208935203072191e-06 4.411525361781431957e-06 3.949672524843842518e-06 3.531327004726413432e-06
1.569136183801282947e-01 1.857874560471920733e-01 1.609748239946688364e-01 1.301435434539602309e-01 1.082082870288710724e-01 6.987163591574833965e-02 1.236540118260642668e-01 9.937483774154780292e-02 7.295433541929971510e-02 6.201263262000672460e-02 9.580549406388225164e-02 6.890186746797058448e-02 5.853330765927201862e-02 5.087182591863029235e-02 4.472851080600952905e-02 3.945178074374953991e-02 3.503632798889322331e-02 3.120366264802761427e-02 2.784252210534179928e-02 2.489311034247436091e-02 2.227870824498838845e-02 1.995627081978001635e-02 1.788774113036519647e-02 1.603388011861945489e-02 1.436481963371872596e-02 1.288348844762953610e-02 1.155881736424464387e-02 1.037259907023421572e-02 9.302766415749322629e-03 8.344387616734777816e-03 7.489181955228400855e-03 6.723040385190295030e-03 6.038014756099591325e-03 5.425008820788592735e-03 4.873593462761344718e-03 4.377634431527097081e-03 3.933931222581007331e-03 3.535142848993576194e-03 3.176733350146268911e-03 2.855973859831067822e-03 2.567572278988708174e-03 2.307176457649474065e-03 2.074151509704828464e-03 1.864646182007248217e-03 1.676289590261823871e-03 1.506647927090576681e-03 1.353858322609739154e-03 1.216104330933425815e-03 1.092194845259627589e-03 9.813717277750346607e-04 8.813710571829707491e-04 7.915572380374127220e-04 7.112307955605404923e-04 6.387503728956566221e-04 5.739271309020635035e-04 5.156811181160077901e-04 4.631252617143720115e-04 4.159967791466990020e-04 3.735342547053687400e-04 3.353729069922402784e-04 3.009869961657777367e-04 2.704378333866656122e-04 2.429890146016459157e-04 2.182913335550571246e-04 1.960729889479095010e-04 1.761715117731979887e-04 1.582149106501067547e-04 1.421558279847273676e-04 1.276661797638896400e-04 1.147077062135973106e-04 1.030156884512289158e-04 9.255921810607224427e-05 8.312470647828310011e-05 7.465181816745507801e-05 6.704254779911086816e-05 6.020888588373898902e-05 5.407173675172605821e-05 4.856360876833241128e-05 4.363100438498043911e-05 3.918367089721903971e-05 3.518960557556270237e-05 3.161035949703806537e-05 2.838272965253144938e-05 2.548849671576762534e-05 2.288822420460570882e-05 2.054641617211111222e-05 1.844440147955507417e-05 1.655283188132043433e-05 1.485527111287579238e-05 1.332444852454451948e-05 1.195251671412626104e-05 1.072302974737431835e-05 9.619367017798618094e-06 8.629072722968467022e-06 7.738959328862519879e-06 6.936805248865293915e-06 6.216806025409503657e-06 5.567282329204219430e-06 4.984430045489821912e-06 4.456482987942721236e-06
2.072776696302622290e-01 2.394576825682475096e-01 2.088598012295838358e-01 1.680349442593708498e-01 1.393986959502549750e-01 9.258072210225361254e-02 1.591414724822187987e-01 1.271529934876283741e-01 9.288039767534797542e-02 7.659830983296288254e-02 1.223401852396044653e-01 8.695819526819774381e-02 7.374709818676374040e-02 6.405398019040386970e-02 5.630652276535662998e-02 4.966240957600281947e-02 4.410713391915380144e-02 3.928663711001341430e-02 3.505958031166513111e-02 3.135010204454980604e-02 2.806158103148507013e-02 2.513983614095189473e-02 2.253704821427725616e-02 2.020396258834981223e-02 1.810309003449360812e-02 1.623811142811751665e-02 1.457005514520942104e-02 1.307608053172404881e-02 1.172848574296302994e-02 1.052109033692028711e-02 9.443508051062542846e-03 8.478018685403081872e-03 7.614641491054603348e-03 6.841946504792772478e-03 6.146819430529179562e-03 5.521546050123444030e-03 4.962104109782927708e-03 4.459255413599334111e-03 4.007291300516891384e-03 3.602778330507218872e-03 3.239052142296841488e-03 2.910630616487340332e-03 2.616715803796920876e-03 2.352455350909237256e-03 2.114861982902921812e-03 1.900868498131398328e-03 1.708127053586836397e-03 1.534347989915159100e-03 1.378029961215809437e-03 1.238217538377023742e-03 1.112055991295441163e-03 9.987440476963804596e-04 8.973998202498969807e-04 8.059532237016081135e-04 7.241662708432849115e-04 6.506768386553336446e-04 5.843660128734844052e-04 5.249023937914205299e-04 4.713254985925758407e-04 4.231751929770787338e-04 3.797882524441447880e-04 3.412420880483712300e-04 3.066076560750494043e-04 2.754443989662748535e-04 2.474094087826922417e-04 2.222977170654548006e-04 1.996399883361459060e-04 1.793764826783852961e-04 1.610932509563177222e-04 1.447420269438851157e-04 1.299888036718648866e-04 1.167945871258042396e-04 1.048898790809168433e-04 9.419855226054712962e-05 8.459694662334874633e-05 7.597401411559897698e-05 6.822995332535897574e-05 6.127960408317311228e-05 5.505546383038153357e-05 4.944365102145655233e-05 4.440378469448751715e-05 3.988734973098726589e-05 3.581459544716175810e-05 3.216253255917284217e-05 2.888139926585964561e-05 2.592640589218354045e-05 2.327399276799196534e-05 2.088712741529318893e-05 1.874507009228705082e-05 1.681340977590634582e-05 1.508224439009573471e-05 1.353082188306876127e-05 1.213816976155617792e-05 1.088857082375272341e-05 9.765384517746233676e-06 8.753189144624695173e-06 7.844660400679606685e-06 7.025060803037499938e-06 6.289590138969259277e-06 5.623401228932507072e-06
2.728126581697707387e-01 3.051684559116517592e-01 2.716001077863702262e-01 2.179401022512926500e-01 1.802566685315371009e-01 1.237946349860965800e-01 2.057837385196663038e-01 1.638863027164651209e-01 1.187051054191212013e-01 9.479533724121985694e-02 1.577263275505378648e-01 1.100326187213408191e-01 9.303529124085473112e-02 8.070269599825624640e-02 7.089899210141537012e-02 6.251578777470749582e-02 5.551817307192611489e-02 4.945144370258452993e-02 4.413405682386412066e-02 3.946865467389335663e-02 3.533291823316600522e-02 3.165828195952244406e-02 2.838444749887404986e-02 2.544947964078420055e-02 2.280626274454198091e-02 2.045934255777066835e-02 1.835984102281037686e-02 1.647910526482661633e-02 1.478237614693286850e-02 1.326190310416117991e-02 1.190466466209714504e-02 1.068842194750980849e-02 9.600650736517500269e-03 8.626999671935007413e-03 7.750990049633376539e-03 6.962927412815994761e-03 6.257760611312820909e-03 5.623871627948099673e-03 5.054080477416630392e-03 4.544070176222261490e-03 4.085452919795094090e-03 3.671326682946791931e-03 3.300689461591526166e-03 2.967430376916615174e-03 2.667787194801498306e-03 2.397896041472659563e-03 2.154798993798101841e-03 1.935610932489761557e-03 1.738440162707573060e-03 1.562083119787818905e-03 1.402941085152279756e-03 1.260004260360619681e-03 1.132161122852414457e-03 1.016801481836798879e-03 9.136255345788387100e-04 8.209156343604322083e-04 7.372607189012543886e-04 6.622429584911156391e-04 5.946509834628815059e-04 5.339044946488027965e-04 4.791669744323605383e-04 4.305361657695386929e-04 3.868401738707990547e-04 3.475232787545586336e-04 3.121529290994833864e-04 2.804705804719657448e-04 2.518841612598279899e-04 2.263183254012845417e-04 2.032508544920578206e-04 1.826208689220442175e-04 1.640069908773018285e-04 1.473600330880060749e-04 1.323399940056867695e-04 1.188508334049933208e-04 1.067365397106539109e-04 9.585701209100467104e-05 8.608633782497967602e-05 7.731707522314159090e-05 6.946406027718722413e-05 6.238361246513619948e-05 5.602478501453601878e-05 5.032636806656062720e-05 4.518774184456815577e-05 4.057990154357309087e-05 3.644006350253728427e-05 3.271171711305820415e-05 2.936513747723886304e-05 2.635360095089676885e-05 2.365094036269890180e-05 2.121373935623273321e-05 1.902950455515246359e-05 1.707205308561264914e-05 1.531492388960515956e-05 1.373828650879880713e-05 1.232114545489153055e-05 1.104404304917530643e-05 9.897738163151646599e-06 8.863636365105580778e-06 7.935681173673379645e-06 7.095139685015667476e-06
3.533920465693621837e-01 3.801007655130336227e-01 3.500912071571058437e-01 2.827916755701161966e-01 2.334817776083053520e-01 1.668803685513320922e-01 2.652175319988437918e-01 2.128949048538275046e-01 1.524519756284570537e-01 1.177605623757118913e-01 2.068265188206375726e-01 1.399374425894029383e-01 1.177006900677034229e-01 1.018497471493677725e-01 8.936282081440440062e-02 7.873940018786138029e-02 6.990019467165126121e-02 6.225106192046613723e-02 5.555438337268675530e-02 4.968272957497192610e-02 4.447971404366708736e-02 3.985767441046724618e-02 3.574002319432988822e-02 3.204855286731324304e-02 2.872385027222505716e-02 2.577134623511423417e-02 2.312968415217575568e-02 2.076288111913149673e-02 1.862731750397484537e-02 1.671324894415111492e-02 1.500434496577541209e-02 1.347270921126030897e-02 1.210263172711242147e-02 1.087610369139421947e-02 9.772432094482298021e-03 8.779440735387535055e-03 7.890790109949457481e-03 7.091878429216630364e-03 6.373680417657365781e-03 5.730771573508300701e-03 5.152600532180239348e-03 4.630481637419015667e-03 4.163157688014019683e-03 3.742936158846257421e-03 3.365080766369405764e-03 3.024725812070477513e-03 2.718146054022895376e-03 2.441707188153605535e-03 2.193026449501677896e-03 1.970588266831700946e-03 1.769857035237446105e-03 1.589560522693217546e-03 1.428298141574137767e-03 1.282779218423313024e-03 1.152626222758828872e-03 1.035673505711656988e-03 9.301418037708965173e-04 8.355044127479269167e-04 7.502337042584617671e-04 6.735979184983859188e-04 6.045420603215035564e-04 5.431895665314143574e-04 4.880623114669535643e-04 4.384593564618423410e-04 3.938351068285559698e-04 3.538634611238029837e-04 3.177975489449955592e-04 2.855423507976962414e-04 2.564390854663212106e-04 2.304109700001639972e-04 2.069264172493074153e-04 1.859233862468047784e-04 1.669729386721673515e-04 1.499539166070608203e-04 1.346694978691177801e-04 1.209429319532605030e-04 1.086153665592248980e-04 9.755125117114580040e-05 8.764314143044712080e-05 7.870976290159369961e-05 7.068683949087840412e-05 6.349714587518587826e-05 5.701373358737421419e-05 5.120000874046818577e-05 4.597675900120494621e-05 4.127268624859151581e-05 3.705028736819687831e-05 3.325061190518873848e-05 2.984064521928840374e-05 2.676560931248725392e-05 2.400974151294869944e-05 2.154000709638624695e-05 1.932302027151706772e-05 1.733376101526967972e-05 1.554573933638915282e-05 1.393440545723426871e-05 1.248809984276037468e-05 1.118336182575736207e-05 1.001254992474886914e-05 8.952028699163193639e-06
4.414431866141181882e-01 4.585337289231620761e-01 4.389227395630824757e-01 3.635924717937429329e-01 3.013493754796340851e-01 2.258009191362041757e-01 3.346096630899938473e-01 2.775325577177714109e-01 1.968198244348574044e-01 1.472042903185429019e-01 2.785974547737822826e-01 1.796050716795251079e-01 1.497081888110288195e-01 1.289794229542369219e-01 1.128899504393312964e-01 9.931927176838184490e-02 8.809241974297468691e-02 7.841106969288147432e-02 6.995475176539987794e-02 6.255139847174205625e-02 5.599761147739363426e-02 5.017930562031847064e-02 4.499791533283183098e-02 4.035387073867448271e-02 3.617174019629002674e-02 3.245760170709760528e-02 2.913422938099547582e-02 2.615630024116790894e-02 2.346901053412671009e-02 2.106003898426649784e-02 1.890887066387823487e-02 1.698051094211172965e-02 1.525524866019379970e-02 1.371049058010262965e-02 1.232026306843216241e-02 1.106927766881311663e-02 9.949579932846739153e-03 8.942827992645497465e-03 8.037682501689957792e-03 7.227330806002386920e-03 6.498506436185382332e-03 5.840283808832916375e-03 5.251086609683684042e-03 4.721235168224361366e-03 4.244769207987652941e-03 3.815563460564217520e-03 3.428927751415494080e-03 3.080285284657675784e-03 2.766635594030344373e-03 2.486070883936204127e-03 2.232875709702228026e-03 2.005447585141623135e-03 1.802022061883322814e-03 1.618450997084103010e-03 1.454259151346423088e-03 1.306716235765812556e-03 1.173578829805738870e-03 1.054183066687150797e-03 9.466025470088361773e-04 8.499145567395055252e-04 7.627885740622930653e-04 6.853805336929335700e-04 6.158260236963023892e-04 5.532409216884341067e-04 4.969370300467110257e-04 4.465030314092310686e-04 4.009967401566305730e-04 3.602983291220896063e-04 3.235766948821331237e-04 2.907349966420116070e-04 2.611025693563416225e-04 2.346011578079550976e-04 2.106895840664955956e-04 1.892149938375972283e-04 1.699290602822774122e-04 1.526087790049166306e-04 1.370537253267680930e-04 1.230928722325240205e-04 1.105906552849883229e-04 9.931834980351200292e-05 8.919485625979818653e-05 8.012273497306685293e-05 7.194180506101612331e-05 6.460589386509576061e-05 5.801505233769826833e-05 5.207931696940927069e-05 4.675136673080089206e-05 4.195681780948328995e-05 3.765401234348301568e-05 3.377383087061060451e-05 3.029638404110639006e-05 2.717998821622498153e-05 2.438251664216379831e-05 2.187239858823185787e-05 1.961620840604627903e-05 1.758296858747465918e-05 1.575796686292347260e-05 1.411159991319025008e-05 1.263422552012937361e-05 1.129601975316771073e-05
5.208946431791580123e-01 5.343276101270375555e-01 5.248013908512360048e-01 4.558025207538421997e-01 3.837603611758644839e-01 3.027805980181519918e-01 4.040655037657952531e-01 3.576648630892887426e-01 2.549788250983299198e-01 1.857133825803584104e-01 3.801967872209421895e-01 2.340309907150785462e-01 1.922018662717603632e-01 1.643428571450578357e-01 1.432132941005424820e-01 1.256393153109945371e-01 1.112418469469166754e-01 9.890258587387826261e-02 8.817008829022758565e-02 7.880135438587490548e-02 7.052448998264984614e-02 6.318677799205220380e-02 5.665857290883128533e-02 5.081126832468447346e-02 4.554792522998292459e-02 4.087441682249901703e-02 3.669299839823313147e-02 3.294623429327667857e-02 2.956506548173318608e-02 2.653374401179872666e-02 2.382639580222185513e-02 2.139908109456780533e-02 1.922703569186192535e-02 1.728190467701736649e-02 1.553109100442300050e-02 1.395539747104983415e-02 1.254484050086750527e-02 1.127639111714384863e-02 1.013580805972108360e-02 9.114538608418194451e-03 8.195911168889877946e-03 7.366188801638193402e-03 6.623396032437851161e-03 5.955358292713638056e-03 5.354578177601904132e-03 4.813347728194420500e-03 4.325764013182401523e-03 3.886065187093331891e-03 3.490474223928422166e-03 3.136590598001248210e-03 2.817213650726177639e-03 2.530325503743572832e-03 2.273703919112473378e-03 2.042120553959658226e-03 1.834977436604979606e-03 1.648832791444735085e-03 1.480858180232288773e-03 1.330216989749668458e-03 1.194480070934220671e-03 1.072483999721734159e-03 9.625508096624365477e-04 8.648775645586560161e-04 7.771125941385243450e-04 6.981407067038221783e-04 6.270938144100900473e-04 5.634531123102425954e-04 5.060299689913261593e-04 4.546732790568720674e-04 4.083344802656645287e-04 3.668914357773053487e-04 3.294979580940722249e-04 2.960553390270750603e-04 2.658807390288227528e-04 2.387813027956728698e-04 2.144436958876085573e-04 1.925865329967033752e-04 1.729569161557077911e-04 1.553390378389175983e-04 1.395618392556531335e-04 1.253366973011319093e-04 1.125612764483931844e-04 1.011126196264234975e-04 9.078859389810460328e-05 8.153093494431211505e-05 7.321351565557763683e-05 6.572280900624684590e-05 5.899909975044704700e-05 5.294852043133047221e-05 4.751850171314619508e-05 4.262181866430049835e-05 3.823337227418613946e-05 3.430055998532665728e-05 3.077021983861898027e-05 2.760251100427781675e-05 2.475525169646491190e-05 2.218934947984276719e-05 1.988623805639939070e-05 1.780855904362531935e-05 1.594414431545979858e-05 1.425535697216094061e-05
5.792063469129484776e-01 6.012084947448829153e-01 5.957601367296628814e-01 5.472991385099335027e-01 4.754877889031998706e-01 3.922370176137837672e-01 4.635495866916712893e-01 4.435756676403025400e-01 3.294079180342089352e-01 2.372430131182930169e-01 4.659340904652468085e-01 3.109263344574655363e-01 2.503450462778871732e-01 2.115261484091953137e-01 1.829870715050578300e-01 1.597372644207995795e-01 1.409831005833828699e-01 1.250716803353685846e-01 1.113311153956828420e-01 9.939831594782620738e-02 8.889510554302751388e-02 7.960860813029958793e-02 7.136258876663321982e-02 6.398704777237081143e-02 5.735490681974058508e-02 5.146963628722773382e-02 4.620624483709168118e-02 4.149114539650082534e-02 3.723680599829586740e-02 3.342272782902365458e-02 3.001602575678126786e-02 2.696139344265346266e-02 2.422762079712569364e-02 2.177907245449702336e-02 1.957482359791341484e-02 1.759075251230184794e-02 1.581431374100478876e-02 1.421660366748476491e-02 1.277974046370490904e-02 1.149298871267598332e-02 1.033540990414586781e-02 9.289741555115469882e-03 8.353508181806426625e-03 7.511406392704831313e-03 6.754010419498338372e-03 6.071625755942418670e-03 5.456826864402415656e-03 4.902363450982290434e-03 4.403483274335676274e-03 3.957167583293770205e-03 3.554347901471647132e-03 3.192484431609173088e-03 2.868779584060037000e-03 2.576645363343137499e-03 2.315329848989104364e-03 2.080495442683240239e-03 1.868576892015944881e-03 1.678520215796189697e-03 1.507262845709971986e-03 1.353338138898722105e-03 1.214630263917281005e-03 1.091388349228250261e-03 9.806464370111075881e-04 8.809980213802649871e-04 7.913482076090234919e-04 7.110426859291797208e-04 6.385820096090411620e-04 5.737756629240827085e-04 5.153007866428628309e-04 4.630033608498944245e-04 4.158157737598741415e-04 3.736135315470952008e-04 3.355350701053656640e-04 3.013370743375213732e-04 2.706241913394930943e-04 2.430413772303671347e-04 2.182695270178699846e-04 1.960363297692245598e-04 1.761259413112164585e-04 1.581741533231519655e-04 1.420518343398121904e-04 1.276038272129528990e-04 1.145750579899273199e-04 1.028920040627180610e-04 9.239550254803584502e-05 8.294228963284547783e-05 7.445700891478446051e-05 6.682120440180460764e-05 5.996853646689997519e-05 5.378893048380295743e-05 4.825071281890185975e-05 4.328750081020597590e-05 3.883220551593393220e-05 3.483454877986060324e-05 3.124129800513518441e-05 2.800311913629678127e-05 2.509658182843688872e-05 2.247454018211877773e-05 2.012163818581824028e-05 1.799037827728691761e-05
6.200189178883275254e-01 6.530875286621299347e-01 6.515644152624309182e-01 6.243562674023986903e-01 5.654949651237742847e-01 4.764968813602813436e-01 5.179727209192566129e-01 5.180037352326515299e-01 4.189728741565324488e-01 3.064602479492646858e-01 4.528300966583498344e-01 4.124027436265721991e-01 3.312283196401347163e-01 2.761500972836611334e-01 2.364065258851447970e-01 2.047595725505460540e-01 1.797689742542820102e-01 1.588800374594357689e-01 1.410412361172345697e-01 1.256790997304965962e-01 1.122410519702983500e-01 1.004150311660603062e-01 8.995063766319530418e-02 8.061543272934144910e-02 7.223779554257708790e-02 6.481380669663680538e-02 5.818084748611564855e-02 5.224290845047645931e-02 4.688787815096479711e-02 4.208830005943304392e-02 3.780180827555091466e-02 3.395843488487602230e-02 3.051860105367949424e-02 2.743737541199696775e-02 2.466330494110407015e-02 2.216602279946010973e-02 1.992971798894802721e-02 1.791811307351129021e-02 1.610875032321134118e-02 1.448814955028928861e-02 1.303002770065457561e-02 1.171270366577991523e-02 1.053307288954288476e-02 9.471912682447736209e-03 8.517380528173383245e-03 7.657291390637120838e-03 6.882310358303974154e-03 6.183319928293323775e-03 5.554344700023613850e-03 4.991591332208310423e-03 4.483645305284907241e-03 4.027311911895405105e-03 3.619071428625474270e-03 3.250626369071440026e-03 2.921032032381701976e-03 2.624824099261755493e-03 2.357510241890450539e-03 2.117763284796810638e-03 1.901723347590783325e-03 1.707542194680766994e-03 1.532552656893371255e-03 1.377069778516003696e-03 1.237353778443207744e-03 1.111631171812259592e-03 9.985213232948642308e-04 8.971992342520861531e-04 8.057737323701798801e-04 7.240046913144649720e-04 6.502234884518539541e-04 5.842359527760569498e-04 5.246953184839853223e-04 4.714446087268080090e-04 4.233969121620416291e-04 3.802453015807671162e-04 3.414910050617273236e-04 3.066860999700604120e-04 2.754279953117781633e-04 2.473731259286061977e-04 2.222491722516048993e-04 1.995965985954560715e-04 1.792524813085451002e-04 1.610210528969183337e-04 1.445804674158842381e-04 1.298379587624795073e-04 1.165926966161125433e-04 1.046639099230312341e-04 9.395651420849645424e-05 8.432103900277311938e-05 7.567377581923680761e-05 6.787582814348191431e-05 6.088722953499860121e-05 5.462421542606699717e-05 4.900212950938945543e-05 4.395752800725058555e-05 3.942323873400841767e-05 3.533700867063710189e-05 3.166927189953886541e-05 2.836053625809342838e-05 2.539142446546638124e-05 2.270200032643387080e-05
6.540775181362946666e-01 6.911846152995598791e-01 6.977233914432097173e-01 6.820016351584262670e-01 6.418299681316314009e-01 5.385737097926833750e-01 5.771329449255732102e-01 5.751289920578545045e-01 5.151599895634940696e-01 3.916919410499051790e-01 3.986425238421809070e-01 5.034384533300308995e-01 4.339825075520247211e-01 3.643125270757689993e-01 3.095067883970910039e-01 2.655448544996090732e-01 2.313970232151410233e-01 2.033221114740764446e-01 1.796945126510714197e-01 1.595925276399399184e-01 1.421735092927836619e-01 1.269576574888730269e-01 1.135713073024855330e-01 1.016826904031121193e-01 9.105065516455732033e-02 8.165343149116317811e-02 7.327371051302251914e-02 6.578270012571937886e-02 5.903430044101565244e-02 5.299020955500322039e-02 4.759462943190876510e-02 4.275820217483954078e-02 3.843016941862579389e-02 3.455350781859601456e-02 3.106330753246255502e-02 2.792118169509844386e-02 2.510708378975818819e-02 2.257543980533593259e-02 2.029801120850104404e-02 1.825784466812085949e-02 1.642195588136725198e-02 1.476312222742573281e-02 1.327743974324953335e-02 1.194077839146035457e-02 1.073826743352717522e-02 9.654601336874197443e-03 8.678052328966333676e-03 7.797162488644596851e-03 7.004423518260481478e-03 6.295072501506112327e-03 5.654751335190132122e-03 5.079444330833265096e-03 4.564726410632966719e-03 4.100152773699929781e-03 3.684537647842153502e-03 3.311000836695718926e-03 2.973884489129471724e-03 2.671518408796060701e-03 2.399039844130820744e-03 2.154120705237537892e-03 1.933400070758567457e-03 1.737276473105597505e-03 1.561035904711183036e-03 1.402442846932103497e-03 1.259756874387516065e-03 1.131938105524685429e-03 1.016601899086034579e-03 9.134457238700559442e-04 8.203652907054285711e-04 7.371158982473604909e-04 6.619989816470064252e-04 5.948166676377379192e-04 5.341980145552585255e-04 4.797559349718333570e-04 4.308612979089282056e-04 3.869491068970387854e-04 3.475115317712484009e-04 3.121151797949086324e-04 2.804165381353726006e-04 2.518358800458559625e-04 2.261676801898639241e-04 2.031649686750577367e-04 1.824217068112440757e-04 1.638208660434405887e-04 1.471090760149339617e-04 1.320582701843582324e-04 1.185484879562643200e-04 1.063911493278616859e-04 9.548064376476170050e-05 8.564172902827938381e-05 7.682398139697238862e-05 6.892171673871838372e-05 6.182812500272211339e-05 5.546315946975437829e-05 4.974206878839233976e-05 4.458630772965288612e-05 3.995857278871779575e-05 3.578380165216889496e-05 3.203754576032704564e-05 2.864418210955656282e-05
6.846048169380799520e-01 7.227036253031893231e-01 7.368331123775316849e-01 7.258561266453020799e-01 6.995125292468080680e-01 5.795594305002048641e-01 6.343530681878758459e-01 6.249195951230279711e-01 6.027090483780125352e-01 4.754496370975118125e-01 3.542566802251325697e-01 5.286420662833939410e-01 5.213110242831302532e-01 4.685859103464656839e-01 4.058424719284530746e-01 3.479564474898984572e-01 3.013341610889490596e-01 2.629465064661759555e-01 2.309619764079364479e-01 2.040994507631701260e-01 1.810973257605983100e-01 1.612120385249110055e-01 1.438677713868374564e-01 1.285709307920246958e-01 1.149677235006117126e-01 1.029982384330162121e-01 9.236111523957614422e-02 8.287686306945714343e-02 7.435001165054734573e-02 6.672431962890938706e-02 5.992383568795392468e-02 5.383257991381218410e-02 4.838422681803610653e-02 4.350554948190859389e-02 3.911410345173630537e-02 3.516097969521166100e-02 3.162047966975829738e-02 2.843519853287104771e-02 2.556951916771431702e-02 2.300203912609704096e-02 2.069134090803140952e-02 1.860323220886180365e-02 1.673277378256115416e-02 1.504968511064220735e-02 1.353529594561757830e-02 1.217038882469356417e-02 1.094023588510048203e-02 9.830445562082344366e-03 8.831588311018901197e-03 7.937687571420376856e-03 7.130694185308149823e-03 6.405563602324550014e-03 5.756736341368949746e-03 5.171071817460634948e-03 4.647083008769786749e-03 4.176111366646828062e-03 3.751034341831114075e-03 3.369751280627656352e-03 3.026138439297791551e-03 2.717264531771007054e-03 2.438895917276910196e-03 2.191536969731330831e-03 1.969247363397870747e-03 1.769209958718814075e-03 1.589231359293898646e-03 1.428001209870292509e-03 1.282513250243425690e-03 1.152386477693091065e-03 1.034967645606928947e-03 9.299484755921142961e-04 8.351870258657366746e-04 7.504339423672231040e-04 6.739602528835718625e-04 6.052778524488308014e-04 5.435932729796170851e-04 4.881939291268534644e-04 4.384393136135761294e-04 3.937827739267393367e-04 3.537910386419064078e-04 3.177328132952139846e-04 2.853488566096189509e-04 2.563276296842454337e-04 2.301569144806504623e-04 2.066890864956206423e-04 1.856045120933445835e-04 1.666154739519132007e-04 1.495706374012439205e-04 1.342320941353993707e-04 1.204666092679690246e-04 1.080530965362374901e-04 9.692794261259462976e-05 8.695781521828227143e-05 7.800796030164161891e-05 6.997738853779316380e-05 6.275917429066878433e-05 5.625422116550517432e-05 5.041546543237598725e-05 4.514820414622417870e-05 4.042159174122538087e-05 3.614021715598498294e-05
7.085646814722823539e-01 7.504500189771409202e-01 7.686927260219063029e-01 7.633741510164272492e-01 7.429728920617615362e-01 6.135967293762523145e-01 6.729795650949952357e-01 6.744046638207644717e-01 6.693690016218736272e-01 5.357332072417804181e-01 3.598527668947192892e-01 5.019405098708127344e-01 5.499875073217961319e-01 5.453742229554728871e-01 5.071051571270510649e-01 4.503528268246108635e-01 3.938931864378500403e-01 3.433587795358246098e-01 3.000763662788825115e-01 2.636456051457615191e-01 2.326688718704531256e-01 2.061631347033608119e-01 1.832850210044864869e-01 1.632966459863463837e-01 1.456662253064746615e-01 1.302619641841252507e-01 1.166477459201780420e-01 1.045620608475222729e-01 9.373393005840638392e-02 8.407611594920463838e-02 7.548059082714841939e-02 6.779297812080961605e-02 6.092410138516659440e-02 5.477808332044621642e-02 4.924893506090257528e-02 4.427348674307216708e-02 3.981817979880016706e-02 3.581030268860858207e-02 3.220465152040460910e-02 2.897400447579087657e-02 2.606625043848401560e-02 2.343837745094884406e-02 2.108406329219209702e-02 1.896529596757754246e-02 1.705862119528089513e-02 1.533990729828335273e-02 1.379065809366273980e-02 1.239280089137236029e-02 1.113449528262248564e-02 1.000824369581613041e-02 8.991369983212647507e-03 8.077539655435140090e-03 7.259771990426066614e-03 6.521543259091351109e-03 5.860989960639681993e-03 5.267220648635371517e-03 4.731272537269304475e-03 4.250504953657903949e-03 3.817208898183475398e-03 3.427694990406405552e-03 3.076631849634841893e-03 2.764658178645696893e-03 2.484290023694538194e-03 2.231978069206400506e-03 2.004958606237690951e-03 1.801580833104818313e-03 1.618055315857932011e-03 1.453902397464304063e-03 1.305776968821493762e-03 1.173290766706373096e-03 1.053742902477531164e-03 9.468192171448083219e-04 8.503392848711926934e-04 7.636876674326748644e-04 6.858636524907350427e-04 6.159685342918735972e-04 5.531944783842828329e-04 4.968519724518170736e-04 4.463945395208617655e-04 4.008996686181438406e-04 3.600403629241041826e-04 3.234236238931563045e-04 2.904032672783619365e-04 2.607930696638182744e-04 2.341897889093004796e-04 2.102304395666991998e-04 1.887240996713816397e-04 1.693706147304406366e-04 1.520018920046211513e-04 1.363389931453214425e-04 1.223016611675027253e-04 1.097216731962616772e-04 9.842901049035130648e-05 8.829625429761299264e-05 7.918849473518486839e-05 7.098069917326266308e-05 6.361348623533723365e-05 5.696736542469079708e-05 5.100341787563708736e-05 4.560125848141337621e-05
7.282010716181791521e-01 7.721271412452219707e-01 7.946446541512751649e-01 7.958299243775152076e-01 7.790103644164740881e-01 6.453899432600835873e-01 7.007602112893556168e-01 7.138646851738505994e-01 7.170000463549919267e-01 5.737314749694720772e-01 3.610532931609169438e-01 5.037427467818731408e-01 5.355324936101754085e-01 5.628074096177148045e-01 5.676043822159858587e-01 5.424979802102872783e-01 4.976484898526748468e-01 4.443230707927423029e-01 3.913496889140714585e-01 3.436394598441012693e-01 3.020120862345056501e-01 2.662303883210113686e-01 2.355009435017792196e-01 2.088807213257216633e-01 1.856219706403729741e-01 1.654928952934368591e-01 1.478442996815587107e-01 1.322816210525985803e-01 1.184144563763059876e-01 1.061013472312211242e-01 9.518082756497675545e-02 8.544006040100615706e-02 7.675438641348718283e-02 6.899457499151721851e-02 6.202168459544559614e-02 5.575235377301857725e-02 5.014150387754428423e-02 4.509609733486095312e-02 4.055812771507574799e-02 3.649251651534639318e-02 3.283341182763004074e-02 2.952652032234254209e-02 2.656358749514592388e-02 2.389682572067636235e-02 2.149671723709082813e-02 1.933293161198628915e-02 1.738222196573679934e-02 1.562188590029885485e-02 1.403704999488177008e-02 1.261830507567320708e-02 1.133717604940607214e-02 1.018570927584690373e-02 9.155143066728637508e-03 8.224710218243716162e-03 7.392076296338552684e-03 6.643547807799717389e-03 5.967851023218951646e-03 5.361668079918550933e-03 4.815298026356302531e-03 4.324099153866502523e-03 3.881359861234966614e-03 3.487889462674040666e-03 3.134261584486160591e-03 2.816005465194342579e-03 2.529639523098641419e-03 2.273084565927251111e-03 2.041564568235960941e-03 1.834475913646865970e-03 1.647601570181284622e-03 1.480452691144584646e-03 1.329623740505479247e-03 1.194719007710861799e-03 1.072988777995370581e-03 9.636571136630674899e-04 8.654619202678487822e-04 7.772697608167701815e-04 6.980617536275048399e-04 6.269681636713522873e-04 5.632997218029981920e-04 5.058926331061144909e-04 4.543344246474900544e-04 4.081293090931033480e-04 3.664620421794838800e-04 3.290976962594578410e-04 2.955275115464740354e-04 2.652935060826821048e-04 2.381547959102117305e-04 2.137326601885574198e-04 1.918150101194775680e-04 1.720498830695966867e-04 1.543360145649865401e-04 1.384611399886488074e-04 1.242107254874984506e-04 1.114239895123339080e-04 9.993069598424384305e-05 8.957307079017437252e-05 8.027618306292780130e-05 7.188925020686288058e-05 6.436316163239963733e-05 5.754600400250196445e-05
7.444611115247058430e-01 7.903367296141916576e-01 8.151330860158957359e-01 8.219918275899414928e-01 8.097629281076632601e-01 6.704748977584629177e-01 7.286227155340259110e-01 7.423786378013728093e-01 7.562921689363698574e-01 6.066686860857712915e-01 2.792423596937948505e-01 5.519148826169566480e-01 5.474268256967571578e-01 5.592629643560654840e-01 5.737447808447357911e-01 5.827952400650161513e-01 5.722718380583312614e-01 5.409923756883470158e-01 4.953753744666507530e-01 4.440284794854630346e-01 3.932010705554248031e-01 3.466358130394875947e-01 3.055622290002279473e-01 2.697293529526260669e-01 2.385156667287149646e-01 2.117319058754719707e-01 1.884596562753541593e-01 1.681155219921263155e-01 1.501266611820293861e-01 1.342617325796035821e-01 1.202694972962946585e-01 1.078442322620294380e-01 9.680365863143436389e-02 8.696679029180862108e-02 7.814623726320452102e-02 7.022856134305692499e-02 6.315080783081410132e-02 5.679192781031089376e-02 5.107614773185671642e-02 4.595731108611177812e-02 4.135152924684704773e-02 3.718982326740731537e-02 3.346107933662081924e-02 3.010502112163356697e-02 2.708435787081408391e-02 2.436088176796698951e-02 2.190531671863977028e-02 1.968911206546888545e-02 1.769356019672622612e-02 1.590683614665108422e-02 1.429319755189361295e-02 1.284265343138202113e-02 1.154420857083612341e-02 1.037177762661533643e-02 9.322435590792231552e-03 8.378976088259451616e-03 7.527226006374893377e-03 6.763018760016703199e-03 6.074152925877665532e-03 5.454791594566652489e-03 4.896489435212043884e-03 4.400272432224634767e-03 3.954272199202117470e-03 3.552859320541248717e-03 3.191649344832353605e-03 2.868024505487068703e-03 2.575966797511049233e-03 2.314717032612854681e-03 2.078960007154743734e-03 1.868080521403206462e-03 1.677785191861499775e-03 1.507575778172243587e-03 1.353985028259833533e-03 1.216034820908924556e-03 1.092133536640210473e-03 9.808518344491972719e-04 8.809047584267342378e-04 7.911952996630126824e-04 7.108541559234577605e-04 6.384131670158786674e-04 5.733520715030875851e-04 5.150454199214479821e-04 4.624646850065609644e-04 4.153135041611419787e-04 3.729499869370718045e-04 3.347962875574600461e-04 3.005484838024084370e-04 2.697287142570729238e-04 2.420693746182032958e-04 2.171263486102269430e-04 1.947718628317358512e-04 1.747380725151986185e-04 1.567542644669409383e-04 1.406175514031440094e-04 1.261131125201263173e-04 1.130418501265324473e-04 1.013092082419427480e-04 9.072490889008742656e-05 8.122697813336451748e-05 7.262370809242579828e-05
7.579289895934064880e-01 8.059687936247160733e-01 8.319035607591602766e-01 8.428071230218603382e-01 8.351392253167441160e-01 6.904319671873239139e-01 7.535734947556907981e-01 7.662658273865171621e-01 7.918343014139522795e-01 6.384938728079130321e-01 1.719663142051206794e-01 5.629693481928542687e-01 5.962166250408424961e-01 5.866019551777459373e-01 5.801891052475656174e-01 5.876696613373916245e-01 5.933447954043433725e-01 5.912205888728970793e-01 5.748148251342544146e-01 5.419604303500168418e-01 4.971196378404806882e-01 4.469976305896782298e-01 3.972062344474776574e-01 3.508752713860907035e-01 3.092995247423647176e-01 2.733597027478248398e-01 2.421986454511864117e-01 2.151418235127848522e-01 1.914112410190410285e-01 1.706624140462715822e-01 1.525061825299551255e-01 1.364897056379213436e-01 1.223364144231424422e-01 1.097822142942583290e-01 9.856516049100759458e-02 8.852485377459202998e-02 7.956918136035164013e-02 7.153664978175626465e-02 6.432562420572568440e-02 5.787348620251488163e-02 5.207190642774306433e-02 4.683226769193946093e-02 4.213894731595520249e-02 3.791543233006927638e-02 3.411427801499877788e-02 3.068713449825221512e-02 2.759698267518014350e-02 2.480782300261358958e-02 2.229605678693851595e-02 2.004677394047709241e-02 1.801511678530175881e-02 1.618851743338044907e-02 1.455317255716545924e-02 1.307633639230657355e-02 1.175433884588679943e-02 1.056557386922291238e-02 9.492234421276007569e-03 8.529090342511527409e-03 7.660805419537571048e-03 6.880044404811585385e-03 6.176186999970882316e-03 5.550534002557855166e-03 4.988151023997683745e-03 4.481953534205490065e-03 4.026422920991989257e-03 3.618265188804019143e-03 3.249900587548919251e-03 2.920374991653134494e-03 2.622991478171532616e-03 2.356976360127109333e-03 2.116918623951672632e-03 1.902191302820146470e-03 1.708423534606969517e-03 1.534382762303060019e-03 1.378062256324339352e-03 1.237659968684546100e-03 1.111555769661130150e-03 9.983662487721884932e-04 8.969953034138543032e-04 8.055910886141427491e-04 7.234975227547689718e-04 6.499257028401006627e-04 5.835782022825585034e-04 5.240812180583289065e-04 4.706249945624973530e-04 4.224805371320789209e-04 3.792644356722430529e-04 3.403737995185873917e-04 3.054710151542358609e-04 2.739957384800613578e-04 2.457867644188471853e-04 2.205061462306738432e-04 1.978123102088077067e-04 1.774492584179689775e-04 1.591459308588976079e-04 1.426511026852091721e-04 1.278454622754684404e-04 1.144889089385270434e-04 1.025032420733886418e-04 9.164655187511262173e-05
7.691973126723264942e-01 8.187849119592518488e-01 8.463353213372594164e-01 8.597696319000117660e-01 8.556557758935955382e-01 7.074800417974165256e-01 7.744605257611653082e-01 7.871811466084221998e-01 8.219568590081853809e-01 6.640293629183131596e-01 1.419846049780224828e-01 5.323089411626324985e-01 6.104614477052131560e-01 6.282617700768347024e-01 6.221337880934567632e-01 6.073234013698179945e-01 6.007419281691811497e-01 6.026489457299047947e-01 6.036344426511093264e-01 5.966653113907608441e-01 5.777093324556454856e-01 5.448186088245015046e-01 5.009401799308367265e-01 4.514609204910419726e-01 4.014030032000079351e-01 3.552392250126069628e-01 3.139715456629942336e-01 2.777657703637387843e-01 2.460134859758088544e-01 2.184223503263638955e-01 1.944779748561200616e-01 1.735274404025689554e-01 1.551537186492072673e-01 1.389620884352856245e-01 1.245738560887677954e-01 1.117535362498567053e-01 1.003601567906795416e-01 9.017093781997245761e-02 8.104468707064794997e-02 7.289297779113831921e-02 6.557291909136826746e-02 5.896862453848098623e-02 5.305692549106192507e-02 4.773960762645056838e-02 4.295556884423826216e-02 3.864311562732028471e-02 3.475508402239677747e-02 3.124584478606450000e-02 2.808545840932304832e-02 2.525500056906014243e-02 2.269814316078093419e-02 2.039902486223624245e-02 1.834029003852045286e-02 1.648084801619234888e-02 1.481607672859341918e-02 1.331886095428724479e-02 1.196684084225183541e-02 1.075345138483781333e-02 9.659430057066849609e-03 8.675564348809845783e-03 7.788508370029749439e-03 6.999910504291539763e-03 6.290991900395114488e-03 5.652842681549132171e-03 5.078521124699787725e-03 4.563885163433613161e-03 4.099393310072912446e-03 3.683847521692212943e-03 3.308814103535509359e-03 2.973320856254966452e-03 2.670551137761298204e-03 2.399716581300247609e-03 2.155309308735329620e-03 1.935776885817218351e-03 1.738590017877197479e-03 1.561477577473165774e-03 1.402397537447977937e-03 1.259605802409351433e-03 1.131720773270578117e-03 1.016407200482407356e-03 9.128379819238513666e-04 8.200182775664429692e-04 7.363118296253881546e-04 6.612472767322544144e-04 5.938033107209001338e-04 5.330604322658039030e-04 4.785350523092010634e-04 4.294666763446977338e-04 3.854294469650368805e-04 3.457164952597160316e-04 3.101244733081080936e-04 2.782270555864839066e-04 2.495933289938981987e-04 2.239003322332304229e-04 2.008060949152916245e-04 1.799936640517968769e-04 1.613125134732367925e-04 1.444597173735270303e-04 1.293366140518737437e-04 1.156379874695896356e-04
7.784419911535414016e-01 8.296511008676336063e-01 8.586472802318417807e-01 8.735570650544742799e-01 8.723703972660118433e-01 7.211433328585443725e-01 7.945609868550332910e-01 8.043843210914000119e-01 8.456400160172550251e-01 6.838310625155873401e-01 2.746944296802990015e-01 4.892736191208582608e-01 5.877386068711822897e-01 6.351340901964094288e-01 6.572590194102257977e-01 6.516289132626995606e-01 6.364446677544932651e-01 6.205977711726480273e-01 6.125972383464765025e-01 6.115162454386176005e-01 6.100314565326071525e-01 6.012086402609673197e-01 5.812957937992830892e-01 5.487134328501631630e-01 5.049919900661711258e-01 4.561092430899724159e-01 4.069123775628410988e-01 3.607401916340881032e-01 3.188386352719813632e-01 2.819845083509985306e-01 2.499989418904305927e-01 2.221560418531913772e-01 1.979202062651734539e-01 1.767292452317655027e-01 1.580345194443892598e-01 1.414854971273961370e-01 1.268612252865928547e-01 1.138430333458957250e-01 1.022269729058898069e-01 9.188245352071176819e-02 8.261526955289229257e-02 7.426988505078611913e-02 6.680992045169567572e-02 6.010699265242031714e-02 5.408086402678053545e-02 4.865170080000864178e-02 4.375863089345765483e-02 3.934326897031522469e-02 3.536723661316198281e-02 3.180622600905760183e-02 2.858936674312113554e-02 2.569650957543322817e-02 2.310574952221872494e-02 2.076551274298553407e-02 1.866993256189180411e-02 1.678498477045969536e-02 1.508259925914638873e-02 1.355452784031720842e-02 1.217659022160942975e-02 1.093722019957227808e-02 9.819657327973728769e-03 8.825987315429776464e-03 7.932614917840379379e-03 7.128341888393041267e-03 6.404441915552285328e-03 5.755710023755267538e-03 5.170142253834848940e-03 4.646235577664754000e-03 4.173374592812045640e-03 3.750338676070347470e-03 3.368544274568197831e-03 3.027000838983702133e-03 2.718770400462051668e-03 2.441898629698089317e-03 2.193198566869493122e-03 1.969808950081631833e-03 1.769156897629239628e-03 1.589044172847910641e-03 1.427729940552158704e-03 1.282269990617822958e-03 1.151621948644690821e-03 1.034531543939623370e-03 9.289356257543435061e-04 8.342399509380703324e-04 7.491566249276576444e-04 6.725260557718002689e-04 6.037384079033002605e-04 5.418345277376367293e-04 4.862773354891257037e-04 4.361752444644297825e-04 3.912717835649881775e-04 3.510292061989391519e-04 3.149039605558432028e-04 2.824886538332529030e-04 2.533519037900861404e-04 2.270938759535404041e-04 2.035246838173246896e-04 1.822621765521334654e-04 1.631818905200780429e-04 1.458987731944391567e-04
7.861175838587425302e-01 8.387498864992699588e-01 8.692734837902504896e-01 8.848530905167718563e-01 8.860346435093626738e-01 7.327234005032015052e-01 8.110970033877109575e-01 8.207362528407672331e-01 8.647265472236127515e-01 7.013015013125382113e-01 4.983453884766268494e-01 3.933128849929962700e-01 5.680485588392035767e-01 6.147380532825904575e-01 6.562459607608104317e-01 6.755103266123289041e-01 6.785187065875151191e-01 6.642986239652514113e-01 6.458370290352315468e-01 6.298039357742831745e-01 6.201793490181406465e-01 6.169400834184827209e-01 6.143092450429851192e-01 6.053545098514809819e-01 5.852852876894489853e-01 5.529144104452642372e-01 5.103987039037113371e-01 4.622004998989713842e-01 4.127300322989607695e-01 3.660019046541964638e-01 3.239902356108787518e-01 2.868990807367773344e-01 2.545546419547822792e-01 2.263920276274940802e-01 2.017095308084996264e-01 1.800237055138192432e-01 1.610027323397001386e-01 1.441816714297423641e-01 1.292576648444744569e-01 1.160307238806079222e-01 1.042272302229767383e-01 9.363134704041123357e-02 8.418304544178417670e-02 7.570992462022450853e-02 6.810357248380220774e-02 6.125839058809672694e-02 5.509418373142235120e-02 4.953505450006503996e-02 4.453095618011976980e-02 4.005004036659118305e-02 3.600274274564761734e-02 3.236316511761334891e-02 2.910345163143060812e-02 2.615877815204489115e-02 2.352159014066314627e-02 2.114916243287897832e-02 1.900623917084902706e-02 1.708242946317929667e-02 1.534738480112231990e-02 1.378658016514452793e-02 1.237897438014940593e-02 1.112719800199585447e-02 1.000162424728704563e-02 8.988186067074068961e-03 8.075919370896923397e-03 7.258287017494941679e-03 6.520195169286473191e-03 5.859759376796495889e-03 5.263624540355753799e-03 4.730259241660402306e-03 4.248859444761901583e-03 3.818181453076867609e-03 3.429488881396687474e-03 3.080322655603721840e-03 2.766668053058473319e-03 2.484921480512454223e-03 2.231842189817093841e-03 2.004660060731279069e-03 1.801182313476856799e-03 1.617697459635438406e-03 1.452892170106943404e-03 1.305185284869725404e-03 1.171975714866191863e-03 1.052514415969668053e-03 9.451774759168450569e-04 8.485026326662481683e-04 7.617209127823737925e-04 6.836226759388974597e-04 6.135306180656146819e-04 5.503202078494048724e-04 4.936679870396517688e-04 4.428956885439626844e-04 3.973176944258650684e-04 3.564201147808652385e-04 3.196587829102229337e-04 2.865293109308276282e-04 2.567921604588703564e-04 2.299652333303128869e-04 2.058915154680305214e-04 1.840852279140942917e-04
7.925218495527888152e-01 8.462478096212233680e-01 8.786182846851621209e-01 8.941395021408524713e-01 8.971737015774309265e-01 7.422523544320562827e-01 8.234774896808684241e-01 8.374013880798920617e-01 8.804509106740189273e-01 7.154071463783786555e-01 6.354848339783794042e-01 3.026114724857051907e-01 4.787167859329596875e-01 6.119868338957356046e-01 6.521040576401571087e-01 6.698105421072868548e-01 6.879573129738764115e-01 6.935294140088343884e-01 6.897396018486500191e-01 6.735326222156914344e-01 6.530385167934381618e-01 6.364666910681154866e-01 6.258055143428807865e-01 6.210173292558897051e-01 6.180378771133325788e-01 6.091338544708240210e-01 5.895985351218525627e-01 5.581005357321920934e-01 5.160947214851785425e-01 4.679774166907489374e-01 4.189211500380725650e-01 3.722715593062669304e-01 3.299914984285459707e-01 2.925663944398141925e-01 2.596302160372926937e-01 2.307788352607095805e-01 2.056390768202696062e-01 1.835694647009512293e-01 1.641318210652682186e-01 1.470207377590558029e-01 1.318391727372251188e-01 1.182775120544018455e-01 1.062339097801792281e-01 9.546863216308766609e-02 8.582970475529373700e-02 7.717307332538092535e-02 6.938991055729316904e-02 6.237914723415467072e-02 5.607379723423334267e-02 5.043085789160088594e-02 4.533618618048146365e-02 4.075585026244241821e-02 3.665395354893240254e-02 3.294873575211718780e-02 2.963023341026685756e-02 2.664467482507272902e-02 2.394770310913410180e-02 2.152615471967510297e-02 1.934191952753315513e-02 1.737673335633014085e-02 1.560417806472821738e-02 1.402755060705844145e-02 1.260967206846098920e-02 1.133287728702879991e-02 1.018339512587071449e-02 9.153017964709421125e-03 8.222776339357805095e-03 7.390308196115904713e-03 6.638819606541873815e-03 5.966390254681681361e-03 5.359426748889101373e-03 4.816368540983134716e-03 4.326218372321216990e-03 3.885883626158560030e-03 3.490307705692101328e-03 3.134953527863647976e-03 2.815740371268812738e-03 2.529177945338971674e-03 2.272505119599969436e-03 2.041043563465852733e-03 1.833139003459385895e-03 1.646798343890857729e-03 1.478742596927551563e-03 1.328027704809839468e-03 1.192606170572049241e-03 1.070634113244967869e-03 9.611419322022450758e-04 8.626040853061694600e-04 7.741664491312007235e-04 6.944106589317610573e-04 6.229287659280399823e-04 5.588652371252219881e-04 5.013552238826781164e-04 4.497504668543683237e-04 4.033644891618125327e-04 3.615609683916588823e-04 3.240377115060535116e-04 2.901864881371913154e-04 2.598092061408503262e-04 2.322929586559333817e-04
7.978516886668743924e-01 8.524422646385048097e-01 8.866146294582903931e-01 9.018590497333098810e-01 9.062837693924862270e-01 7.500001067566443025e-01 8.326727032036506104e-01 8.526408890712398048e-01 8.931659586267620687e-01 7.269543268452518525e-01 6.519159090808603896e-01 2.657148185214641689e-01 3.851200576674206344e-01 5.753526566663106356e-01 6.206352203099956277e-01 6.738636317045639812e-01 6.909740216112852940e-01 6.958418674203381560e-01 7.037245890952037453e-01 7.039789038712117586e-01 6.965344148216513487e-01 6.806009426715480259e-01 6.593563646942912637e-01 6.419063781801578328e-01 6.313162365758655525e-01 6.253529543266753699e-01 6.207551546068101889e-01 6.120297778154073498e-01 5.936586216035230068e-01 5.629856640375650034e-01 5.220130595443567278e-01 4.748079703317014122e-01 4.261381513386241493e-01 3.795370084514707587e-01 3.367017088386549672e-01 2.984203353120614133e-01 2.648888660056449296e-01 2.355103233648741523e-01 2.097848866550738045e-01 1.873054420861332559e-01 1.675049090197350266e-01 1.499355908840984686e-01 1.344277368005552253e-01 1.206361636931261028e-01 1.083395195983568177e-01 9.733386011209224642e-02 8.746588521448019071e-02 7.859650098055388778e-02 7.063279579951974030e-02 6.351428061343124265e-02 5.709340617869886059e-02 5.132442154247229132e-02 4.616007095614774874e-02 4.149654349257200781e-02 3.732021811270274519e-02 3.356310282741907514e-02 3.016918444480596803e-02 2.712161818377909275e-02 2.437246797893387329e-02 2.189870031902626732e-02 1.966711756737244549e-02 1.768180391279889491e-02 1.589612271659595830e-02 1.428789104145857143e-02 1.283981361623674246e-02 1.154158557619429024e-02 1.036937926518820621e-02 9.320232880211946208e-03 8.373039845435933590e-03 7.525392799194887891e-03 6.760197503791744340e-03 6.075496917665665353e-03 5.457453939710330514e-03 4.902181649463001854e-03 4.403312568978931182e-03 3.955136761834662784e-03 3.552518030275909986e-03 3.191059567565346280e-03 2.867286252670317968e-03 2.575301921558744139e-03 2.313023675172077090e-03 2.077939496007358451e-03 1.865916538042672280e-03 1.675765196867719025e-03 1.504904207020154976e-03 1.351008689053794605e-03 1.212856199934341872e-03 1.088522907863475123e-03 9.769317975633390501e-04 8.762939563791721396e-04 7.860948914057969269e-04 7.052554981459563518e-04 6.326848561136246560e-04 5.675651982337777185e-04 5.090305114842393454e-04 4.562780107867561567e-04 4.089264514203446214e-04 3.662084457586319117e-04 3.278740678360771133e-04 2.931499768151922991e-04
8.022765212396556489e-01 8.576108348044020335e-01 8.931422662198170714e-01 9.083654979833476473e-01 9.137698713532220740e-01 7.563817380611438379e-01 8.398626790981215118e-01 8.648053860396633929e-01 9.034207854354211475e-01 7.367609331947889695e-01 5.506745067486132905e-01 3.652336413832765194e-01 3.239420258541548248e-01 4.841130480861745022e-01 5.790058256311634288e-01 6.577522044193694351e-01 6.794973924959196721e-01 7.005274336943522195e-01 7.102803407477842335e-01 7.115126618957342552e-01 7.130586103029091793e-01 7.110220245740984657e-01 7.013787390045055359e-01 6.859479091088647174e-01 6.656193465421564870e-01 6.472530577107769023e-01 6.354969466154003488e-01 6.287895114457343615e-01 6.237274485649195732e-01 6.149828198892957065e-01 5.973618345315703237e-01 5.681818308626831460e-01 5.286238076926932372e-01 4.825548527562401047e-01 4.340969803973309671e-01 3.869155700075866400e-01 3.435735060716820777e-01 3.047087632019799264e-01 2.704104128728024858e-01 2.404762518864793641e-01 2.142429905758919950e-01 1.911231489484604140e-01 1.708700196688929807e-01 1.529822948900301238e-01 1.371313092698738245e-01 1.230189920715833579e-01 1.104212479453068052e-01 9.913925025521255763e-02 8.903861323099117320e-02 8.003004900411904432e-02 7.191859220597776603e-02 6.464012554628595364e-02 5.813046107284422503e-02 5.225625454151827665e-02 4.699796463787649786e-02 4.226887901516498264e-02 3.799777846611940985e-02 3.416274415852818547e-02 3.070326460668027294e-02 2.759012666566018276e-02 2.478152303039941190e-02 2.228240649784419061e-02 2.003428160573568831e-02 1.800927793998034765e-02 1.618566618541088936e-02 1.455050081432290691e-02 1.307386743501923188e-02 1.175204646496180207e-02 1.055852868173283617e-02 9.490295153524850105e-03 8.525863391080022377e-03 7.662779925167195229e-03 6.883645237439261697e-03 6.183578110534349373e-03 5.554562777694783439e-03 4.989417752273041066e-03 4.481682518444895374e-03 4.025820125998016974e-03 3.617460037590842625e-03 3.249173396920826233e-03 2.918339277700798384e-03 2.621792486067161306e-03 2.354325775315974176e-03 2.114440680442875638e-03 1.898883910135768047e-03 1.704724825831325542e-03 1.530422607555896033e-03 1.373551635855432742e-03 1.232754156403348574e-03 1.105774298876808408e-03 9.919633055509575852e-04 8.899602906811194441e-04 7.983893686758818586e-04 7.162190703878374125e-04 6.423570224941242690e-04 5.757905368266888566e-04 5.160386867905895902e-04 4.621333699322782663e-04 4.137592905902196731e-04 3.699407499501643323e-04
8.059437199714102329e-01 8.619571375886966313e-01 8.983150474109237171e-01 9.138897432093632256e-01 9.199502730096515979e-01 7.616534546719231358e-01 8.459249676392158745e-01 8.735683223811548936e-01 9.118260968011075995e-01 7.449358699742838485e-01 4.630675064071999580e-01 5.171566992712167687e-01 3.509330646165251810e-01 3.800334501357182093e-01 5.290592549926022015e-01 5.962290575823024907e-01 6.553999757075726906e-01 6.975158447335241263e-01 7.069290987035716789e-01 7.156661493343363656e-01 7.201805661456306407e-01 7.213485584131537065e-01 7.196670945956588072e-01 7.166957108434652834e-01 7.066500350417407317e-01 6.905378316737915689e-01 6.707665922844698869e-01 6.517314992249201300e-01 6.392862381222768065e-01 6.325748659276396735e-01 6.269243985253487583e-01 6.178134883405778099e-01 6.009417957161504731e-01 5.735359214410250539e-01 5.356094067814345383e-01 4.902073661612062483e-01 4.420821265217999008e-01 3.947754220082755894e-01 3.507356037954915129e-01 3.112777965640098898e-01 2.763430572776547911e-01 2.455274222579710286e-01 2.186669403991229887e-01 1.951027527766280856e-01 1.743740947282316489e-01 1.560481136715703154e-01 1.397925478882315331e-01 1.253146875187924891e-01 1.124128049859732109e-01 1.009490005227167003e-01 9.065774575951425496e-02 8.144502639704299940e-02 7.322000058454664062e-02 6.580818354694857597e-02 5.917991049980392965e-02 5.322298663580524863e-02 4.784578539838194727e-02 4.301904015247511037e-02 3.866584279095689608e-02 3.474876852127398857e-02 3.121493093703608598e-02 2.807010451180251207e-02 2.524086706750858569e-02 2.269214544759039914e-02 2.039660260366138456e-02 1.833794649705370455e-02 1.647863290634422884e-02 1.481397284577109716e-02 1.331069313898891431e-02 1.196500185012288990e-02 1.074992183134203423e-02 9.662376251029227217e-03 8.680502458150872805e-03 7.798176330159677788e-03 7.005310254394200853e-03 6.292879106881926407e-03 5.652763426765282720e-03 5.077993322211534627e-03 4.563077570769200585e-03 4.098660028913949857e-03 3.681445635808688020e-03 3.307447678325787718e-03 2.970108572353214252e-03 2.667541780790502835e-03 2.395648742631972198e-03 2.150736638827008534e-03 1.930864129070529239e-03 1.732973939102315942e-03 1.555355041488096397e-03 1.395163582822902398e-03 1.251581725969367828e-03 1.122893705664587335e-03 1.007364700878710063e-03 9.036940061601099906e-04 8.105040447766566434e-04 7.265176192793969517e-04 6.511281861085735975e-04 5.831146765150165608e-04 5.220794031986117053e-04 4.667915763369756316e-04
8.089783373200527539e-01 8.656256603155459972e-01 9.024262305212419344e-01 9.185776194166810349e-01 9.250839451693121385e-01 7.659814730194302035e-01 8.512278555827816895e-01 8.796031435593444359e-01 9.188152389329358183e-01 7.516503641843047534e-01 4.941070733512293867e-01 5.990429814068184422e-01 4.645312257727100547e-01 3.668712944661134956e-01 4.523747649548633398e-01 4.973993519093961035e-01 6.237537883084319779e-01 6.609410736763879912e-01 6.861123439228586918e-01 7.175689811582373068e-01 7.234638061151855704e-01 7.260638858675554363e-01 7.259259579058000567e-01 7.273737148706657107e-01 7.261294052811138044e-01 7.220797477914663309e-01 7.116789836118895263e-01 6.946062353365519693e-01 6.752678035616274110e-01 6.565138047104274177e-01 6.427965709796730209e-01 6.351044172302128255e-01 6.293588206315531286e-01 6.205081835448595928e-01 6.046038911670379434e-01 5.786929949050049204e-01 5.424196741142720546e-01 4.982428691532501674e-01 4.503413641015343583e-01 4.029621463167518680e-01 3.584629806559210818e-01 3.179555134161179408e-01 2.822205979356858241e-01 2.508119242489703637e-01 2.232893981396593397e-01 1.991132375384777886e-01 1.778255816337507567e-01 1.590024095271205251e-01 1.423392094859213253e-01 1.276182888848713115e-01 1.144654077422282007e-01 1.027368071049532261e-01 9.229789951182786056e-02 8.291412855524585290e-02 7.453787754379945230e-02 6.702068532086659369e-02 6.024243257928205836e-02 5.416258966417241555e-02 4.868223589117114114e-02 4.375262174665663778e-02 3.930628414322484554e-02 3.534945339507937490e-02 3.178975678416347261e-02 2.858289256860267399e-02 2.569435744272051403e-02 2.310356432285703282e-02 2.076337803338829460e-02 1.866784137861126139e-02 1.677520645170455307e-02 1.508069093869254633e-02 1.355043890922419045e-02 1.218058487789291412e-02 1.094367833834990200e-02 9.832042189430617932e-03 8.832982825963696383e-03 7.935167601253923300e-03 7.128401628587719557e-03 6.403914205889572019e-03 5.754814184336020863e-03 5.169322975292551213e-03 4.643302263847735520e-03 4.171732391946360828e-03 3.746360185262392027e-03 3.364811869048699861e-03 3.021926416140259704e-03 2.713052591200607218e-03 2.435745507892138947e-03 2.186153159436994998e-03 1.962120248270920238e-03 1.760062897757664604e-03 1.578950413649245470e-03 1.416620276830235763e-03 1.270885743719312724e-03 1.140107016722492544e-03 1.022547295102391261e-03 9.165961570616990321e-04 8.214888007014962013e-04 7.356854216693977776e-04 6.586845087856714551e-04 5.889337719415820883e-04
8.114838457643578362e-01 8.687235024553640050e-01 9.057903090817797098e-01 9.225308392593799534e-01 9.293725196453425097e-01 7.695098087909668649e-01 8.557847778239445757e-01 8.840805556426917233e-01 9.247326083511870909e-01 7.571882785352853640e-01 4.847579794882057591e-01 6.124447134297829054e-01 5.600338295954491175e-01 4.996229627521984740e-01 4.374773008540700503e-01 3.918844264063988114e-01 5.604656539193905163e-01 5.926008593277735104e-01 6.605786737411386556e-01 6.973355244490996308e-01 7.039490918610873393e-01 7.260957553879927584e-01 7.342574416316736130e-01 7.345643431887955987e-01 7.326252315373615875e-01 7.319797476081739696e-01 7.304960883698723428e-01 7.257293534178077543e-01 7.166020275966004105e-01 6.997257654900134183e-01 6.795500801790167467e-01 6.605399214147349429e-01 6.456628790559267861e-01 6.364906115587303237e-01 6.307221303319815453e-01 6.230443409754299333e-01 6.083622337225482735e-01 5.840133461487857502e-01 5.493223467228907086e-01 5.065027086875747431e-01 4.592483737142231681e-01 4.112829324166504819e-01 3.661196260565341976e-01 3.250042646536173141e-01 2.884210123854246688e-01 2.561731163475526873e-01 2.278674212170960223e-01 2.029961745426995257e-01 1.811449861327887045e-01 1.619866312555225951e-01 1.449823625028336116e-01 1.299084392743342364e-01 1.165579296645703616e-01 1.046046967494402985e-01 9.396898501988432129e-02 8.444807149125760359e-02 7.588011407378972284e-02 6.820634723975010916e-02 6.129706728002459748e-02 5.508713320253166845e-02 4.948925038379051178e-02 4.450902860422860374e-02 4.002965062608981189e-02 3.599475246765069386e-02 3.236050526789185922e-02 2.910068911834011451e-02 2.615603385338205120e-02 2.351886293279566512e-02 2.113677781335917064e-02 1.900369675996843935e-02 1.707714102349823168e-02 1.535223256110659559e-02 1.379452263335489287e-02 1.239439144999826374e-02 1.113586035060167359e-02 1.000470930733686828e-02 8.988149048615239403e-03 8.075143746866936256e-03 7.257056655687402387e-03 6.519063867071169492e-03 5.855973875624882925e-03 5.261467764608541119e-03 4.725164589253740000e-03 4.244078995809197341e-03 3.811714887660478009e-03 3.422216136633290245e-03 3.072504932818697493e-03 2.757729482579804672e-03 2.475175942970498592e-03 2.220329168731694901e-03 1.991890448536783736e-03 1.787134872398587950e-03 1.603306719374788993e-03 1.438339086405399829e-03 1.290042691739964496e-03 1.156387278439808793e-03 1.036408632376625404e-03 9.281652914943990407e-04 8.310248850026411352e-04 7.430298384723999948e-04
8.135417708324116370e-01 8.713385692296202745e-01 9.086210097174010070e-01 9.258381892440833427e-01 9.329724489924356989e-01 7.723711592645079449e-01 8.596305486247849403e-01 8.879024912139631409e-01 9.298228355263917777e-01 7.617659868969320902e-01 4.579247417060449132e-01 5.557870267723841184e-01 6.489227984340164568e-01 6.000677964098164452e-01 5.491989666793699598e-01 3.785596097960696738e-01 4.916162021024503836e-01 5.001513341983958583e-01 6.099797340421074798e-01 6.526191810512027569e-01 6.748094625119600565e-01 7.139601790983862717e-01 7.198844650204347939e-01 7.304298685605644659e-01 7.418853223048605949e-01 7.422139952963704435e-01 7.387740605051404952e-01 7.349474449286464983e-01 7.339543636452671160e-01 7.295768703060345750e-01 7.206114793594240453e-01 7.047116041666964259e-01 6.838153519127980751e-01 6.639110556374316907e-01 6.482210646631969553e-01 6.380570211565594896e-01 6.316334211411079869e-01 6.246924198200572986e-01 6.117912814914597819e-01 5.893100292996427125e-01 5.565153644481551920e-01 5.147226322310707314e-01 4.679488754402265083e-01 4.200626072053276205e-01 3.742389451281915580e-01 3.321840743432019072e-01 2.945842300502736766e-01 2.613799366381712175e-01 2.322868441565171527e-01 2.069460418997463580e-01 1.846174192888655197e-01 1.649729926583106687e-01 1.476954263143354096e-01 1.323174216854695606e-01 1.187036955015392803e-01 1.065669604372393164e-01 9.568145881252798635e-02 8.595771067902012452e-02 7.722080799545326391e-02 6.938057992924175077e-02 6.232152363709826670e-02 5.604606918533466819e-02 5.040504489206147631e-02 4.532583504237511912e-02 4.075212936947224945e-02 3.665007423405267778e-02 3.294486168169827311e-02 2.962636512292177865e-02 2.662871542698939595e-02 2.394406224944585840e-02 2.151908166724622248e-02 1.934756313429377567e-02 1.738628005871654600e-02 1.562317401464387648e-02 1.403810829069432678e-02 1.261324807337001891e-02 1.133256231842332332e-02 1.018216067912688233e-02 9.151234137313656383e-03 8.221128291332306659e-03 7.385338515394384261e-03 6.635910253544348783e-03 5.959794360084189925e-03 5.353237872933735986e-03 4.808067544960629644e-03 4.316912822152588203e-03 3.875900508561272786e-03 3.478921194149068620e-03 3.122559051358738454e-03 2.801127152422324372e-03 2.512989201141102233e-03 2.254712351006121600e-03 2.022824563323870079e-03 1.814720911759908810e-03 1.627642126942689975e-03 1.459028924727346146e-03 1.307665771625451424e-03 1.171104973538916218e-03 1.048549177142335488e-03 9.375297721828621282e-04
8.152218904732008165e-01 8.735452340837276397e-01 9.110302899521748321e-01 9.285989211805156796e-01 9.360070270448789254e-01 7.746767793701614391e-01 8.628722874973332457e-01 8.913216889287474132e-01 9.342277602833979344e-01 7.655491305759208887e-01 5.043262316964884917e-01 5.753810986601985977e-01 6.385480380521539878e-01 6.288153622472144599e-01 6.772311564063631106e-01 5.022688613135362079e-01 4.929207380271222183e-01 4.338254018673541879e-01 5.350874603282159692e-01 5.839948947820186032e-01 6.240118224905617517e-01 6.829089163717984023e-01 6.860867753253704349e-01 7.189376569284204876e-01 7.354246984256176400e-01 7.375230725819529320e-01 7.451698336533081335e-01 7.464340797883771694e-01 7.445949105342374308e-01 7.399401201754145507e-01 7.368988481227114473e-01 7.323504841917752861e-01 7.231360848920815876e-01 7.085603866503309423e-01 6.882279774193893473e-01 6.674702106742456120e-01 6.509015521996774911e-01 6.396311066231732401e-01 6.324367580548270196e-01 6.255940467169280872e-01 6.143439035410406257e-01 5.941541455488869028e-01 5.632660528966755287e-01 5.230824133683376065e-01 4.769621296534679034e-01 4.288626043201717031e-01 3.822184370689252209e-01 3.390935683892163377e-01 3.004947205645813746e-01 2.666772577350370321e-01 2.369225189948100663e-01 2.109008289491315358e-01 1.881881658306573668e-01 1.681209618217049395e-01 1.504817808580140581e-01 1.348517239673142631e-01 1.209052392739626142e-01 1.085007978472874446e-01 9.739401283221815753e-02 8.745467931745043444e-02 7.852511348334730024e-02 7.059908558173205728e-02 6.348297442374534194e-02 5.708134822570260641e-02 5.132052659982584697e-02 4.615584012717321993e-02 4.149219523213323185e-02 3.731575639343590739e-02 3.354342448673945654e-02 3.016481809302827555e-02 2.711288598042869286e-02 2.437959770704841572e-02 2.191068127726688436e-02 1.969099561663897532e-02 1.769510585234370173e-02 1.590064483284846578e-02 1.428753077557831479e-02 1.283826500563710338e-02 1.153934199881477551e-02 1.036728543107654464e-02 9.313957220411908655e-03 8.369341170463015858e-03 7.517046307788334200e-03 6.752356316114056962e-03 6.064992427509741969e-03 5.445681773939048224e-03 4.889552161663830027e-03 4.388913051037932056e-03 3.939467074976783778e-03 3.534053782843432114e-03 3.170611615070986593e-03 2.844816998429546516e-03 2.552296547868482691e-03 2.289767794379753228e-03 2.053753729923432202e-03 1.841028652996272051e-03 1.650060352875799179e-03 1.477763282193596392e-03 1.323132102921267947e-03 1.183053917880826783e-03
8.165839466453970186e-01 8.754065899175655918e-01 9.130840160389027682e-01 9.309116139261260914e-01 9.385740001039314384e-01 7.765165622896914588e-01 8.656135945761201933e-01 8.942936173073746664e-01 9.380032888944960234e-01 7.686666828879988866e-01 5.139908163797733964e-01 6.267692724982298902e-01 5.980669817849159076e-01 6.440836846812084682e-01 7.242859375429507862e-01 6.513319274576828688e-01 5.868680747691745747e-01 4.682287456802458614e-01 4.779361407760561731e-01 5.104974979046958961e-01 5.399995988830346150e-01 6.300995655982452037e-01 6.276288281044311024e-01 6.927451594464744122e-01 7.088936535314017684e-01 7.223775284922621109e-01 7.423536459768637075e-01 7.452003504782576115e-01 7.484802707488770190e-01 7.503604814435174131e-01 7.485534990383447829e-01 7.443035708365042247e-01 7.391401523903824433e-01 7.341480095500573233e-01 7.250441178440083512e-01 7.113248816027640808e-01 6.923920110625965130e-01 6.710986599532841046e-01 6.534147245486972011e-01 6.412040891754809957e-01 6.331928923887858440e-01 6.265025200281675311e-01 6.163217060216572563e-01 5.982932543052635888e-01 5.696982427687313777e-01 5.310604371737286389e-01 4.854886919413871627e-01 4.370686722769429600e-01 3.896792763819109107e-01 3.460329558477530654e-01 3.066556618730985617e-01 2.719344332272309317e-01 2.416652937566571568e-01 2.150556614589670956e-01 1.918396666840224696e-01 1.714209610507070602e-01 1.533283331388865522e-01 1.373379944686505538e-01 1.230968788857938062e-01 1.104095394502927208e-01 9.905250662809987616e-02 8.900009479175770288e-02 7.999468859688027567e-02 7.190723905903637081e-02 6.463871239123741841e-02 5.812828501826901306e-02 5.225359213968322480e-02 4.699482081983169524e-02 4.224642004752100777e-02 3.799416141834492666e-02 3.415342089505368078e-02 3.071355401491336970e-02 2.760630313427222052e-02 2.481257991854487338e-02 2.230012643004083972e-02 2.004087243040210062e-02 1.800966875847306858e-02 1.618443216080003855e-02 1.454831900678455088e-02 1.307177482521772877e-02 1.174463510686760831e-02 1.055427988393774219e-02 9.480140058358435887e-03 8.516290153213744787e-03 7.649810818456499566e-03 6.869042142272352436e-03 6.167858353166656531e-03 5.536583016581994761e-03 4.969813304293337931e-03 4.458538027634545431e-03 4.000159950681349275e-03 3.589235945833547416e-03 3.220259737795622829e-03 2.889096322462719572e-03 2.591365772787412609e-03 2.323003630193032441e-03 2.082078933256487508e-03 1.864703133225194438e-03 1.669608847981996847e-03 1.492871457019939469e-03
8.176781617099996291e-01 8.769756678522790949e-01 9.148344268833794590e-01 9.328614305383013949e-01 9.407519416107896770e-01 7.779658409237992789e-01 8.679346165427546111e-01 8.968155730037057349e-01 9.411809506879876830e-01 7.712195729061560590e-01 5.280093830494727580e-01 6.360624545430576537e-01 6.298022664107525426e-01 6.514378141166285996e-01 6.820567599120243019e-01 6.958556825707725713e-01 6.822834345891385377e-01 5.880846497541309947e-01 5.367613962514120596e-01 4.984964167382195388e-01 4.506420065492380833e-01 5.603788444741464314e-01 5.381516932226942940e-01 6.444942186658716432e-01 6.599093291454763976e-01 6.946818004076386055e-01 7.248250626510374106e-01 7.264815381406423134e-01 7.439154674730030781e-01 7.536603821708716122e-01 7.531217129792208143e-01 7.528814145500024591e-01 7.499126868746606167e-01 7.464690936662370380e-01 7.411502802781213539e-01 7.359598014221631068e-01 7.274265021306197676e-01 7.135042070460548835e-01 6.955773106154972130e-01 6.746828789905571222e-01 6.556523507003438889e-01 6.426816392001603040e-01 6.344052557913516521e-01 6.275615581185609582e-01 6.180751470615928334e-01 6.017972215118164714e-01 5.753345085956547145e-01 5.381595250072237491e-01 4.931602137981305756e-01 4.450952073867244230e-01 3.973379686452646609e-01 3.528013337725404708e-01 3.128970092125528679e-01 2.774284280235923550e-01 2.464836288767942307e-01 2.193930792088198689e-01 1.955494438919072597e-01 1.746370871192541863e-01 1.561450098548819443e-01 1.397769479452153629e-01 1.252061154850769020e-01 1.123684510131389702e-01 1.009097750268738991e-01 9.064921488332804145e-02 8.144889695835474952e-02 7.322257139475249477e-02 6.580972145895848391e-02 5.918036768158670829e-02 5.319885430599439330e-02 4.784473219554895296e-02 4.301044907294330338e-02 3.868137227729807892e-02 3.477132884148915332e-02 3.125606217303551065e-02 2.809437801293523246e-02 2.525097452295221867e-02 2.269433811297910664e-02 2.039650864400035374e-02 1.833651801932040942e-02 1.647712782497293485e-02 1.480566529983517489e-02 1.330620928776915166e-02 1.195297666662189541e-02 1.073852230341181685e-02 9.646618226544240865e-03 8.662612323652441743e-03 7.778806989229441506e-03 6.983034177653932306e-03 6.268507054446166744e-03 5.623893348617057565e-03 5.045920875610536080e-03 4.527741117892022590e-03 4.062425935970052047e-03 3.644768703155005628e-03 3.269255038008129187e-03 2.930766024067752579e-03 2.626869050060254545e-03 2.352665836491772428e-03 2.106559086215208619e-03 1.883602465105679944e-03
8.185463950475403427e-01 8.782964092772745923e-01 9.163267960400128809e-01 9.345154539686016948e-01 9.426045003167817793e-01 7.790884904848407455e-01 8.698994593502459294e-01 8.989538985448176645e-01 9.438123852339463937e-01 7.732942989171881498e-01 5.952448209089911124e-01 6.483685672248014065e-01 6.552586705846134008e-01 6.674607057447561331e-01 6.291843130057007683e-01 6.511054186369545915e-01 7.088399961314101327e-01 6.941019076482892736e-01 6.636075934204033189e-01 5.862348820248255432e-01 4.706939338543374429e-01 5.172772911838705578e-01 4.655265010652739899e-01 5.741986986011025085e-01 5.897054269283763528e-01 6.417916941001120534e-01 6.901578406278805478e-01 6.910906316268883298e-01 7.292273961674389238e-01 7.391428240106271419e-01 7.448270395728968651e-01 7.563741578500908780e-01 7.573939178702647768e-01 7.546839212685236831e-01 7.504873421286507584e-01 7.470215407892111248e-01 7.429780632267024565e-01 7.372572446928288281e-01 7.297102423137750149e-01 7.162007985193727944e-01 6.980368278478095156e-01 6.779268025582233514e-01 6.583641145216512225e-01 6.438272466089592916e-01 6.350561709098219154e-01 6.287636264592835200e-01 6.202343140906645402e-01 6.052111154071845300e-01 5.803178397412851464e-01 5.448588482903607977e-01 5.008719546656733579e-01 4.527782889585049153e-01 4.050179767392184660e-01 3.598584516707327152e-01 3.192129214532022363e-01 2.831675620199301524e-01 2.513717048247489094e-01 2.236042236425498375e-01 1.992120663544835746e-01 1.777848177959307496e-01 1.588489975335983795e-01 1.422779248595422152e-01 1.275681589008292594e-01 1.144571648010750675e-01 1.027455391916012734e-01 9.230544226142271824e-02 8.292044489325316181e-02 7.454264856044798271e-02 6.699440047802267262e-02 6.024464411077045528e-02 5.415501371878269493e-02 4.870440319957957537e-02 4.378322798373844582e-02 3.936022302536913708e-02 3.538218736900090866e-02 3.180451330046480535e-02 2.858761837699525313e-02 2.569589553175453608e-02 2.310327670691251015e-02 2.076275144163869726e-02 1.865854321229397025e-02 1.677051448547033433e-02 1.506638300224110577e-02 1.353678610920551473e-02 1.216135002077198789e-02 1.092167291727366533e-02 9.808085847460287082e-03 8.805296271148035231e-03 7.904786771551734412e-03 7.092317772663119142e-03 6.363765393666934514e-03 5.710518639271429560e-03 5.123867127288804328e-03 4.597258184454171455e-03 4.123753616750811847e-03 3.696910153452246002e-03 3.313664436059232145e-03 2.967849818416301577e-03 2.657453788496859110e-03 2.376244940977611814e-03
8.192235101699775202e-01 8.794050701658153724e-01 9.175990855784998956e-01 9.359242132562305416e-01 9.441832916217991478e-01 7.799376287279967679e-01 8.715608449909989508e-01 9.007716438071662335e-01 9.459764408662356683e-01 7.749673396486083110e-01 6.157695343254372400e-01 6.716956969856817672e-01 6.512978656615833195e-01 6.951448501655164147e-01 6.705045576962721521e-01 6.183978112260694049e-01 6.712091118602859785e-01 7.340115165944374187e-01 7.435634233971062379e-01 6.886540011409875151e-01 5.969885889738785201e-01 5.729020943677456401e-01 5.025791487024274806e-01 5.100495629378289930e-01 5.243551857134343130e-01 5.564058342768760657e-01 6.340130469756324327e-01 6.271304035379426933e-01 6.979799184108596011e-01 7.068968953206411499e-01 7.276033679746648497e-01 7.471510932128402338e-01 7.476111756643797346e-01 7.539960161099387159e-01 7.591858833110545213e-01 7.570123108433365333e-01 7.523784886091616775e-01 7.467038432184599506e-01 7.433088794165617630e-01 7.381393835979639384e-01 7.309174207313017257e-01 7.193683601707704378e-01 7.012642313783313819e-01 6.807436701646298882e-01 6.610175001125977445e-01 6.453453949510987719e-01 6.357676695248436483e-01 6.300126189632994089e-01 6.227109937227116587e-01 6.087788603783015340e-01 5.853239998531445387e-01 5.511962638857457186e-01 5.085064142706560153e-01 4.607789267883602435e-01 4.127840263438284918e-01 3.672760297530963114e-01 3.256473398122599616e-01 2.887419533060626153e-01 2.562132543839982790e-01 2.277391466689526467e-01 2.027378435108440902e-01 1.810326195347600475e-01 1.619021980690464046e-01 1.449613816502162700e-01 1.299144720819941923e-01 1.165654027787427355e-01 1.046124006777426618e-01 9.397570230448537565e-02 8.441625700602352345e-02 7.588428251359746746e-02 6.819828012609298329e-02 6.132606895431569338e-02 5.512651282640746581e-02 4.955836998633857127e-02 4.455172411104121183e-02 4.004969033726978045e-02 3.600227167754063012e-02 3.236367652513958554e-02 2.910149248449147782e-02 2.615614788692355655e-02 2.350801111934699289e-02 2.113149060679314281e-02 1.898620077419144875e-02 1.706033887646871486e-02 1.532832706904870002e-02 1.376705928739171622e-02 1.236438913183977688e-02 1.110110383045975931e-02 9.966522891810438226e-03 8.942767848430730956e-03 8.024636363916516635e-03 7.201308000183120027e-03 6.461840476777510646e-03 5.797990580716185470e-03 5.201034426145574770e-03 4.662866376836262601e-03 4.179629980584184841e-03 3.743566527638286182e-03 3.352140789858962938e-03 2.997505648275328952e-03
8.197389468727225292e-01 8.803319767503571258e-01 9.186830093176292511e-01 9.371265371231526364e-01 9.455306308095229317e-01 7.805576536583362923e-01 8.729626768234812761e-01 9.023186273783178057e-01 9.477648463867642814e-01 7.763015799924225524e-01 6.073274089121214470e-01 6.444849165710879735e-01 6.642661282157381608e-01 6.803941741002441645e-01 7.121669248896800308e-01 6.708769494027194691e-01 6.757132069152108622e-01 7.073319384604498383e-01 7.582084289257734477e-01 7.547290680343354818e-01 6.843734063857885852e-01 6.764873226026073549e-01 6.223977327600646037e-01 5.416489795064024504e-01 5.134125675584985116e-01 4.805848428267780470e-01 5.647327631318684871e-01 5.410278074018562977e-01 6.448449011379597806e-01 6.510112090282779151e-01 6.916399113806938059e-01 7.243997089175132631e-01 7.241866913905690151e-01 7.449224064329529327e-01 7.524914800365670731e-01 7.527706936395119897e-01 7.581362060585993268e-01 7.582273777463799380e-01 7.542622166396847350e-01 7.475104347823352535e-01 7.421756310936473700e-01 7.385425392422748647e-01 7.318416335948680906e-01 7.216474528155274459e-01 7.050467292803467290e-01 6.840352235282087801e-01 6.639271676767939390e-01 6.477761756678980243e-01 6.372968104959327862e-01 6.309199600542938491e-01 6.245418943334299922e-01 6.122535253695460256e-01 5.903256730823962517e-01 5.576930424645263340e-01 5.161223355039593619e-01 4.691520959033984584e-01 4.206966599844621513e-01 3.744656255126121436e-01 3.320397917722931469e-01 2.942357717733327660e-01 2.608882528601630391e-01 2.320450715075180470e-01 2.067728819349673453e-01 1.845517523381136338e-01 1.649569580444918138e-01 1.476899900203443861e-01 1.323180290260707881e-01 1.187066719120667413e-01 1.065233151348604079e-01 9.568488783327025460e-02 8.594658140977891325e-02 7.725662507727210082e-02 6.942954527438674472e-02 6.240906439791858717e-02 5.610094431033356421e-02 5.043148990875499088e-02 4.533686087915098778e-02 4.075724655510297445e-02 3.665222442376748352e-02 3.294579788890365790e-02 2.961349633004674645e-02 2.662253278786539876e-02 2.392239260407975909e-02 2.149812156590804116e-02 1.931758157279104063e-02 1.735174678912176222e-02 1.558534304289277590e-02 1.399422979808724946e-02 1.256502113214579518e-02 1.127528524659507890e-02 1.011844596597552375e-02 9.080912636524215292e-03 8.148950008155497401e-03 7.312190853754820842e-03 6.559672994198182880e-03 5.881205028968725448e-03 5.271932774953728799e-03 4.722100623774305554e-03 4.228514770161476317e-03 3.781297188675793175e-03
8.201179820141698551e-01 8.811030481372774670e-01 9.196053811325365368e-01 9.381536641404796262e-01 9.466818263249022758e-01 7.809865355427877409e-01 8.741421721314873716e-01 9.036343275793029539e-01 9.492595465271441713e-01 7.773500430160876773e-01 6.340340396645293142e-01 6.378072585187634091e-01 6.695773051118312225e-01 6.888244832804802931e-01 7.005746635831198166e-01 7.009763730036902007e-01 7.184556210880831406e-01 6.727381768900485559e-01 7.323447732702857982e-01 7.550105757948780694e-01 7.068863259734373683e-01 7.476612496370829142e-01 7.090242357183692556e-01 6.588725439464901967e-01 5.827857849744927377e-01 5.311109254753528797e-01 5.383983577269186860e-01 4.979067827481897801e-01 5.648901424286960626e-01 5.820387873474592855e-01 6.279693504264231008e-01 6.828680294638073134e-01 6.781569557190028075e-01 7.225652492985291664e-01 7.305061573784688012e-01 7.392116094499112666e-01 7.537782876520765507e-01 7.547364754211349780e-01 7.556993415949213588e-01 7.573882616205809271e-01 7.543499497293528755e-01 7.494070076473403619e-01 7.424558036924925331e-01 7.380145225119004726e-01 7.322903345380439299e-01 7.229422375070595486e-01 7.085970602397900775e-01 6.883284623775101085e-01 6.674638640048561333e-01 6.505139187893547170e-01 6.391118359417956585e-01 6.321610932661814175e-01 6.258054168678269802e-01 6.150792475407987903e-01 5.950486785327917527e-01 5.642361613290286515e-01 5.236843501547935320e-01 4.770917896478396036e-01 4.284563353895826654e-01 3.814908053800123433e-01 3.381663065693331083e-01 2.999776059109336979e-01 2.663064610367226193e-01 2.367451487771666252e-01 2.108215751343302247e-01 1.881432883111354704e-01 1.680979405154127693e-01 1.504710089589869071e-01 1.347865862859159714e-01 1.209048515460867390e-01 1.084842774839954033e-01 9.743830333491851348e-02 8.751612356197094322e-02 7.863755936420752102e-02 7.067126186030010804e-02 6.351938101354637212e-02 5.709888179411306414e-02 5.132982931303783219e-02 4.616140074365961826e-02 4.149557808870033698e-02 3.730168694924387157e-02 3.353717729476838466e-02 3.013879657026743986e-02 2.708742422700750885e-02 2.434258754295413885e-02 2.186776848384364494e-02 1.964371173740788942e-02 1.764006044790336278e-02 1.584003789994678849e-02 1.421551412173637820e-02 1.275814645710155945e-02 1.145086877277768679e-02 1.027645361747873270e-02 9.221863256738131037e-03 8.273332065742952310e-03 7.418053370167460026e-03 6.649916907830748583e-03 5.956665451697308773e-03 5.334274568902298494e-03 4.770315006661759484e-03
8.203824318404286942e-01 8.817407547526315836e-01 9.203892416805129484e-01 9.390316586599909421e-01 9.476667114393800828e-01 7.812567564264871756e-01 8.751314451114288184e-01 9.047521149743269486e-01 9.505225371001299051e-01 7.781580283650750829e-01 6.457690557975970247e-01 6.558218407215140600e-01 6.926277466633231628e-01 7.029177870645049175e-01 7.120354486008219075e-01 7.002386485863331123e-01 7.303192008661091306e-01 6.883538505871399371e-01 7.204551817059536845e-01 7.219665817922279460e-01 7.075007777453679036e-01 7.605881749687907201e-01 7.457438918963694707e-01 7.168429879935991345e-01 7.002453973870456094e-01 6.361585620228822346e-01 6.092265457476687684e-01 5.557560435238689811e-01 5.084976687547909657e-01 5.310619525259920870e-01 5.369189278979697999e-01 6.202419449662608386e-01 6.041354221990666851e-01 6.817348302704210328e-01 6.879737402397091417e-01 7.104948781101158017e-01 7.373111313072733264e-01 7.361324058803032644e-01 7.488150759224693198e-01 7.567641971320724359e-01 7.545889722422189916e-01 7.555786658050744897e-01 7.538039540800577365e-01 7.498309254301817051e-01 7.437112575661120051e-01 7.379237399606806136e-01 7.331170494931498194e-01 7.245367366845464341e-01 7.114071371136791999e-01 6.926176995700107364e-01 6.712968091042551544e-01 6.535367366453668225e-01 6.412416470955571990e-01 6.336064416391838927e-01 6.270192900618177800e-01 6.171739895331396220e-01 5.991787659824485690e-01 5.701604457570913498e-01 5.308230230059597377e-01 4.846001632685711380e-01 4.356791638380176912e-01 3.887415341631456078e-01 3.453018925228034108e-01 3.062440677544949197e-01 2.717079148414021650e-01 2.415237522753676536e-01 2.149723882404156461e-01 1.917929136456926476e-01 1.713150704216791498e-01 1.533179705630281775e-01 1.373124503599427726e-01 1.231531210785792446e-01 1.104892059884631933e-01 9.920137730266433140e-02 8.909930272519590855e-02 8.004856665656029380e-02 7.193810699301537992e-02 6.465771285740892771e-02 5.814244144649174939e-02 5.226373647209502094e-02 4.698267861661226813e-02 4.224297288569894143e-02 3.796515762188771431e-02 3.412441463187112362e-02 3.066954121914306289e-02 2.755444212382952146e-02 2.475472531641616583e-02 2.223214252754816128e-02 1.996564768602893114e-02 1.791997363696779325e-02 1.608447459141618130e-02 1.443771776538009012e-02 1.295811292891823133e-02 1.162926061594965303e-02 1.043388756939735498e-02 9.355911205023246385e-03 8.387638275742476807e-03 7.513683820096834359e-03 6.728974316770497399e-03 6.017879542921243836e-03
8.205509555606750327e-01 8.822645060590217359e-01 9.210543967834711188e-01 9.397825095004110896e-01 9.485104460765760859e-01 7.813958130331050134e-01 8.759581407072051240e-01 9.057007167504445011e-01 9.515981531435265817e-01 7.787641653140553455e-01 6.392890648876631277e-01 6.788069054495539101e-01 6.963956309458553262e-01 7.117433348659375492e-01 7.107860041760144520e-01 7.174067419237192267e-01 7.203065213602003469e-01 6.956660889111947466e-01 7.425472310368957940e-01 7.115026602707530401e-01 7.151568136483842375e-01 7.219459550241922319e-01 7.225949270745070097e-01 7.212861557793986966e-01 7.643644792450104974e-01 7.218722533346951797e-01 6.835476030388145663e-01 6.637669212965103815e-01 5.840045908251260132e-01 5.427464978351943525e-01 5.086513823909907250e-01 5.556594466426224566e-01 5.332939437141861472e-01 6.129701678080898830e-01 6.266469184735923292e-01 6.569859491677516594e-01 7.051863274173234553e-01 6.982529026557690033e-01 7.308621410619321468e-01 7.414541479655986089e-01 7.417163871523998475e-01 7.539058729709505746e-01 7.568031715174144969e-01 7.541256766719118820e-01 7.524577907864435922e-01 7.488897478050989820e-01 7.450967384838645957e-01 7.396023034967940113e-01 7.347600894897158286e-01 7.267169844572377579e-01 7.136374390504079956e-01 6.962051013566072921e-01 6.752987376494368199e-01 6.564664709567117340e-01 6.433340528018525184e-01 6.350998030342680511e-01 6.286243572976804028e-01 6.193165898095460697e-01 6.027591760069437310e-01 5.754418879782856600e-01 5.372128331463413842e-01 4.921091433305355700e-01 4.440101946998955551e-01 3.965736931381008690e-01 3.522941710640759005e-01 3.125445991010466495e-01 2.772002739672669303e-01 2.463431242710936442e-01 2.191972789064534910e-01 1.955070327341939806e-01 1.745879044853675399e-01 1.562130823730385476e-01 1.398800041485509793e-01 1.254070286447556970e-01 1.125083786730992907e-01 1.009920242601897028e-01 9.070390574979994569e-02 8.148622242186535913e-02 7.325370406962337932e-02 6.583366640828168526e-02 5.917564450262612769e-02 5.320312145821164129e-02 4.781557314102352629e-02 4.298003266558859253e-02 3.863118500360172153e-02 3.471048629872638264e-02 3.118677083124532512e-02 2.801166091061219054e-02 2.515868410507391198e-02 2.258360750468413336e-02 2.027272022902665630e-02 1.819908394691825693e-02 1.633565856057408311e-02 1.466180134545304672e-02 1.315585369611041791e-02 1.179763325002390444e-02 1.057744746610207905e-02 9.476010623016470000e-03 8.486920914144189393e-03 7.590538295105440925e-03
8.206393268127131213e-01 8.826908232022739886e-01 9.216176308000892936e-01 9.404246056907202833e-01 9.492339588981655307e-01 7.814267505991341345e-01 8.766456981474484156e-01 9.065044248891205303e-01 9.525186185232795699e-01 7.792010508486195697e-01 6.442664101821936606e-01 6.900444086576262848e-01 6.793055296249854713e-01 7.227283715222743155e-01 6.976653134057925199e-01 7.305420514769510598e-01 7.286743698798590074e-01 6.886212315763484693e-01 7.514304458836725820e-01 7.190794442714769641e-01 7.258611029497965550e-01 7.124156335789542105e-01 6.963392808330566286e-01 7.209146975275609881e-01 7.326765392661793719e-01 7.389222020336599916e-01 7.238217669963395995e-01 7.408745938235146156e-01 6.920456886505609306e-01 6.421618928158751016e-01 5.887305688162659534e-01 5.635183080484911233e-01 5.297779201336560995e-01 5.297035250326626032e-01 5.635705851470711458e-01 5.708862203812669067e-01 6.510401914230281584e-01 6.331314619994727888e-01 6.954973067945410259e-01 7.095126257528481251e-01 7.158035938404885279e-01 7.413337389900531704e-01 7.424418840316336921e-01 7.470726090814613363e-01 7.558269295804675991e-01 7.551599123487868770e-01 7.525883688369828795e-01 7.489134042564490334e-01 7.457746142164756176e-01 7.415979026814719655e-01 7.363425800769157759e-01 7.294185226119171972e-01 7.164750787703254575e-01 6.990710175133826310e-01 6.789607690110611715e-01 6.594075508879021497e-01 6.453124358353931056e-01 6.368651463691217263e-01 6.306965289722422652e-01 6.219360080785577560e-01 6.062606063475605156e-01 5.804555545048728504e-01 5.442519903314910756e-01 5.000498922201782603e-01 4.519904322776042704e-01 4.043334966485721549e-01 3.593388129755148430e-01 3.188508891365923192e-01 2.827643601556832920e-01 2.512296868326086008e-01 2.234820430213469988e-01 1.992733537360388552e-01 1.779057451703966730e-01 1.591168451877114642e-01 1.424724006093419371e-01 1.276898631454777833e-01 1.145476895058517020e-01 1.028111504529725384e-01 9.236399592885297105e-02 8.296695949300578188e-02 7.455238622966925410e-02 6.701260047742570169e-02 6.021878863977200153e-02 5.412570287351417542e-02 4.864886268706569705e-02 4.371311295966817667e-02 3.927805947747235737e-02 3.528207867701370348e-02 3.169167936957266452e-02 2.845128601927869941e-02 2.554298775904080207e-02 2.293285222532717368e-02 2.058701702743205922e-02 1.847945261387943378e-02 1.658301434182549161e-02 1.487238811932306039e-02 1.333534449384330377e-02 1.194774499164810190e-02 1.070149784791661098e-02 9.571947027824800544e-03
8.206608813714633133e-01 8.830336457912281167e-01 9.220930032907608265e-01 9.409731753429039225e-01 9.498544582501333711e-01 7.813689136860458850e-01 8.772137952667581340e-01 9.071835041800051513e-01 9.533082966657592250e-01 7.794960469800774616e-01 6.552698026863551517e-01 6.871305117427312092e-01 6.787602396188493481e-01 7.295850894395018438e-01 7.225096220282288817e-01 7.231029584783340569e-01 7.461691953790703380e-01 7.065679782598933700e-01 7.341166845315315603e-01 7.320130312146921892e-01 7.233496018533495109e-01 7.451613723633961905e-01 7.403779895738403782e-01 7.338795198672406483e-01 6.787225740375251171e-01 6.739970715738643481e-01 7.330292038194177184e-01 7.574063975987986863e-01 7.226584689002999440e-01 7.431840059512374586e-01 6.904772595279815572e-01 6.411191576470490761e-01 6.118541469498210983e-01 5.408898584075836347e-01 5.318797628584349679e-01 5.041370261934485786e-01 5.770377280353010674e-01 5.582257390076933445e-01 6.344886777654182852e-01 6.569142449640027470e-01 6.656139609482097930e-01 7.145625941550280968e-01 7.107367692600915499e-01 7.311792877030898197e-01 7.455654996277371049e-01 7.441074041773518832e-01 7.515586612942142253e-01 7.570136747257266707e-01 7.548174476116206177e-01 7.505135944246044133e-01 7.457179620267238018e-01 7.428943260478556576e-01 7.379789947014163687e-01 7.315161495085756860e-01 7.199379680354912603e-01 7.022156753762023307e-01 6.822410324075167676e-01 6.627640701456668504e-01 6.476636931779976569e-01 6.386714555777074365e-01 6.329922636176025241e-01 6.246402245405557885e-01 6.098320653297102378e-01 5.855816181522257580e-01 5.508563468867360147e-01 5.077914134050580675e-01 4.599697826023266267e-01 4.120648886874565542e-01 3.664753094899309560e-01 3.252573772700647070e-01 2.884245563054850248e-01 2.562029648246494373e-01 2.278426019571440919e-01 2.030773562251439734e-01 1.812885758414809201e-01 1.620692477322152880e-01 1.450981175867170347e-01 1.300175177502844448e-01 1.166630358804432721e-01 1.046914730114745090e-01 9.400827902426897587e-02 8.445581077464633935e-02 7.586551549743938971e-02 6.817265438542018108e-02 6.126557803737937846e-02 5.504612249817445596e-02 4.946075573572389361e-02 4.443003066623014974e-02 3.991111058980754966e-02 3.583387020601531275e-02 3.217441736426046583e-02 2.888980885671450435e-02 2.593758823355863524e-02 2.328481333416967253e-02 2.089745343859761989e-02 1.874375578262792164e-02 1.680824322965524670e-02 1.506075176465856112e-02 1.349102067129963507e-02 1.206812381288218869e-02
8.206270491367877451e-01 8.833048330718202834e-01 9.224923634027510921e-01 9.414409075392405901e-01 9.503861686712545831e-01 7.812387689284011616e-01 8.776790719323741552e-01 9.077549688639741099e-01 9.539863576643372589e-01 7.796723705366132018e-01 6.624071859349093261e-01 6.999630443916824429e-01 6.774869749245356898e-01 7.293599210432828439e-01 7.236945294831127473e-01 7.300819554133789469e-01 7.372197286315107512e-01 7.250375279287252228e-01 7.308623249945580547e-01 7.605615809097123758e-01 7.146770976382716967e-01 7.426941782314326890e-01 7.654431209810859116e-01 7.546707654574138502e-01 7.103287066035418595e-01 6.569956819055624564e-01 7.066028717008953075e-01 7.126552682733471311e-01 7.103945231021990825e-01 7.703529435752820564e-01 7.580912793497640578e-01 6.982850036700508634e-01 7.055154274645698553e-01 6.568136748589127327e-01 5.857606136409415631e-01 5.476440748498871969e-01 5.414046845614172154e-01 5.276494510753219069e-01 5.513669023452774098e-01 5.921212244191562668e-01 5.851724829230431357e-01 6.673107092215821989e-01 6.540158069969840282e-01 6.974929935618496835e-01 7.211548696690249782e-01 7.197799367622638167e-01 7.417992664231769506e-01 7.485798506044604173e-01 7.495529261907034613e-01 7.560759105486659637e-01 7.567853021093996491e-01 7.532978274047161804e-01 7.470575718377155949e-01 7.429487330825231828e-01 7.392129479735584097e-01 7.328153908547136997e-01 7.230306903944314634e-01 7.064201953203405049e-01 6.858987396492119970e-01 6.663213925706826801e-01 6.507837456782408214e-01 6.403433997982795889e-01 6.338512544133318993e-01 6.266389576714286314e-01 6.133968955353212849e-01 5.906631370776164180e-01 5.573879871444056278e-01 5.154137850392839226e-01 4.680190088493800249e-01 4.199286176137183024e-01 3.737693499663709007e-01 3.318216235274119574e-01 2.942298833478308451e-01 2.612767549275915036e-01 2.323496647185690211e-01 2.069768680679189010e-01 1.847387222003719354e-01 1.651037200005579519e-01 1.478401421521661208e-01 1.324423318858204690e-01 1.187737798345773199e-01 1.065950583694896259e-01 9.567905638953284886e-02 8.592888892225543362e-02 7.719246439362215106e-02 6.933824354268688928e-02 6.229300709420593218e-02 5.595236300616285990e-02 5.026049616386882302e-02 4.512817670622207983e-02 4.052259504885157709e-02 3.638892734763717052e-02 3.267375255367730574e-02 2.933509883531425569e-02 2.633022550496391320e-02 2.361925457579850188e-02 2.118248985270089479e-02 1.898229269764532823e-02 1.700557939071048810e-02 1.521358431393260435e-02
8.205477504482918683e-01 8.835146706613153933e-01 9.228259202364389457e-01 9.418386248206661593e-01 9.508411240878497095e-01 7.810504783603766654e-01 8.780558903211383992e-01 9.082334194120239568e-01 9.545685812251304414e-01 7.797500217742056039e-01 6.659961965303277109e-01 7.035652775376511903e-01 7.028264913162329819e-01 7.227022839212094985e-01 7.034975124760157739e-01 7.363105852372870963e-01 7.466519718356907642e-01 7.450966466813567779e-01 7.342288970409105442e-01 7.730028212475112959e-01 7.314420266515674340e-01 7.288330928280311038e-01 7.606617742414855110e-01 7.466361749754578669e-01 7.352151671513290632e-01 7.231329651339695186e-01 7.418529476935845635e-01 7.231014341598100970e-01 7.004790112058321139e-01 7.492386793109916399e-01 7.399184679056800551e-01 7.293564231184522795e-01 7.584983476604770791e-01 7.201118723745210115e-01 7.115696249458290934e-01 6.335552519453466758e-01 6.166567831942416644e-01 5.788176274507236263e-01 5.333369172802630009e-01 5.438000933848274876e-01 5.098621324626759765e-01 5.925778604528884053e-01 5.817582261599478777e-01 6.381230566810808247e-01 6.772369027524398621e-01 6.724237991470662923e-01 7.181937633551316313e-01 7.240428559334155523e-01 7.355054937797178560e-01 7.507417537524975204e-01 7.517874965787785246e-01 7.545513942215396064e-01 7.572312382621897431e-01 7.549879124444712764e-01 7.497378032952168869e-01 7.433306603450029471e-01 7.398547290795343123e-01 7.344028384512045760e-01 7.254042063368666415e-01 7.107566751172769148e-01 6.904856132181963480e-01 6.698994923231300636e-01 6.532375110642389959e-01 6.418406639372771227e-01 6.348164582513535770e-01 6.280675875185550705e-01 6.164936500022299981e-01 5.955413913344838051e-01 5.638359780380405306e-01 5.230064014567596953e-01 4.761362113255830919e-01 4.279389874460683973e-01 3.812466353531980823e-01 3.385320413463045464e-01 3.002748126312576593e-01 2.665052489067793462e-01 2.369669316479051102e-01 2.110088048331416333e-01 1.883600311552734163e-01 1.682845308307935051e-01 1.505907699275842448e-01 1.349089498841831158e-01 1.209234338991843904e-01 1.084839729089328714e-01 9.737569382985479527e-02 8.741635667604741311e-02 7.850176689210416892e-02 7.049094749743517463e-02 6.330909258963303421e-02 5.684100456012068647e-02 5.103992758431916132e-02 4.583483263520805873e-02 4.115800062081605148e-02 3.695534734590155690e-02 3.317296021724748523e-02 2.976059736235100658e-02 2.669295916869433155e-02 2.392313001647440943e-02 2.143427542323940449e-02 1.917781461295715167e-02
8.204315649015135881e-01 8.836721891176233523e-01 9.231026431222576489e-01 9.421757708130139575e-01 9.512297530135586099e-01 7.808161378030870070e-01 8.783568432124402303e-01 9.086316342273729196e-01 9.550684155298686528e-01 7.797462739381366692e-01 6.697940317600130644e-01 6.929020500456538612e-01 7.177050292255345854e-01 7.105603422459986218e-01 6.885654411625929949e-01 7.477296456532647184e-01 7.642956164349834491e-01 7.402515157112542488e-01 7.408644251335068098e-01 7.702284429399736121e-01 7.434303944688680499e-01 7.241076952121056065e-01 7.764003236787044848e-01 7.365059740689906542e-01 7.294298233826875810e-01 7.418670121296926379e-01 7.704816611336516852e-01 7.612310720324880764e-01 7.292511494237976510e-01 7.221720608683386278e-01 6.990008162096705835e-01 7.227863040438470277e-01 7.369390355880972576e-01 7.297150813654503798e-01 7.727392710192226843e-01 7.233299438944689186e-01 7.080727235143887688e-01 6.689274466306528444e-01 6.316105514566530132e-01 5.677743908875987344e-01 5.330629266692923363e-01 5.247669272655172135e-01 5.320659440883482860e-01 5.514624033625808996e-01 6.138999994617788669e-01 5.963037970964515377e-01 6.756732499643590684e-01 6.777208921009033604e-01 7.058280099748125425e-01 7.326163233015149379e-01 7.320128552213671647e-01 7.476840141278783269e-01 7.556572996131396547e-01 7.547019239576088223e-01 7.564579826728392575e-01 7.551637693991514189e-01 7.517937421648293039e-01 7.458505881844280649e-01 7.410098855254070305e-01 7.364016478258622600e-01 7.278512747848141506e-01 7.140578367386053449e-01 6.947109170016358970e-01 6.734768709086106364e-01 6.560363586992524754e-01 6.438354771117542619e-01 6.361411562715570955e-01 6.293097801518053869e-01 6.189411020994740609e-01 5.999144855161913092e-01 5.700178260842796440e-01 5.304632356891192391e-01 4.842312957794970840e-01 4.359534203216263171e-01 3.889325662210759704e-01 3.453968239133161644e-01 3.064344020195491902e-01 2.718995390427635939e-01 2.418072778837292713e-01 2.152359843731293243e-01 1.919872904363268684e-01 1.715155341648417486e-01 1.533796725650264092e-01 1.373467820587304655e-01 1.231036377004095517e-01 1.103888384788866972e-01 9.904797627868665300e-02 8.888395703666616965e-02 7.979269264556501651e-02 7.162209122324324218e-02 6.430263988825031529e-02 5.774020420102219525e-02 5.184778691928515482e-02 4.655445880000096126e-02 4.179164686115940941e-02 3.749565196546984780e-02 3.363349964743906489e-02 3.014672245215817975e-02 2.701335938793459832e-02 2.417250091736011103e-02
8.202857850416803709e-01 8.837852771888600190e-01 9.233304195329398167e-01 9.424606218393886126e-01 9.515611489497083353e-01 7.805458785481508288e-01 8.785929500637217338e-01 9.089608143200761381e-01 9.554974428004571196e-01 7.796758703318901196e-01 6.815203428721262613e-01 6.977803075328402604e-01 7.117955180704074181e-01 7.205214487617169761e-01 6.963286781592614716e-01 7.529872508913211249e-01 7.683125253249037945e-01 7.213345446305535758e-01 7.600894751506036551e-01 7.573929252332138873e-01 7.638151452277077702e-01 7.485331355427462530e-01 7.837811195366531924e-01 7.532376409668380957e-01 7.378657400429011748e-01 7.505454754181208887e-01 7.542755785491264131e-01 7.522867930571008888e-01 7.549273747345753849e-01 7.378439170876650577e-01 7.266501512515098904e-01 7.334963935541263247e-01 7.153405918071260583e-01 6.996445160880493397e-01 7.404546929432418434e-01 7.543254873916204195e-01 7.595013098226435222e-01 7.335444071638053121e-01 7.250703148889784400e-01 6.741313763638246970e-01 6.265878236567664628e-01 5.785702926399594048e-01 5.510822764720856304e-01 5.200658068101501330e-01 5.539526222963002677e-01 5.241462266387720836e-01 6.054345063271934224e-01 6.129630467452940046e-01 6.510717345855935312e-01 6.979349993190820944e-01 6.925623236275966210e-01 7.293305013642367163e-01 7.388063092289740563e-01 7.427093846336561000e-01 7.551285615742089341e-01 7.573495838930653923e-01 7.563462775406931682e-01 7.555906469119068047e-01 7.527921649757408629e-01 7.489804150060244137e-01 7.437768353823003276e-01 7.383246636416408437e-01 7.296427422587753453e-01 7.162365287372082223e-01 6.984314894377099403e-01 6.773875924887419187e-01 6.589305114528638541e-01 6.459981611209022478e-01 6.378744757427718959e-01 6.308276108916904823e-01 6.210749809931144227e-01 6.036909720864456208e-01 5.757407331090316216e-01 5.376198601167926361e-01 4.922588391545824060e-01 4.439416105546676317e-01 3.966104670630100082e-01 3.523842318840529342e-01 3.128366450191017445e-01 2.775207133739286958e-01 2.466140924012124869e-01 2.194998944060225499e-01 1.956287840851066162e-01 1.746772466577906913e-01 1.561914083693030364e-01 1.397902792254174520e-01 1.252395417943018285e-01 1.122539193278478814e-01 1.006826473040300651e-01 9.031878297100660868e-02 8.105458523071731869e-02 7.276129618674256894e-02 6.532473204636490838e-02 5.864948038205119313e-02 5.264706611661482821e-02 4.723582868878932473e-02 4.237185661004073262e-02 3.798217236138291125e-02 3.403754817327016985e-02 3.046148249434815422e-02
8.201165310068803116e-01 8.838607255423881481e-01 9.235160820743664178e-01 9.427003300233536276e-01 9.518431388227297507e-01 7.802480845682981947e-01 8.787737133117323740e-01 9.092306363628495092e-01 9.558655306483131442e-01 7.795512329700805543e-01 6.905482351015982401e-01 7.099878866059663451e-01 7.119646969888749899e-01 7.435758438085434685e-01 7.220076662560290792e-01 7.553631933415281274e-01 7.654408616087813311e-01 7.310088408393419224e-01 7.772681583834827324e-01 7.570420995562077149e-01 7.739669025439835925e-01 7.722080254227448037e-01 7.792157450829779730e-01 7.790685405307858913e-01 7.547609299684105988e-01 7.640391817752701931e-01 7.554002861090763910e-01 7.374804014955833598e-01 7.591212223250235480e-01 7.517152197320771112e-01 7.648374288258873444e-01 7.727668377703693636e-01 7.504379229800576256e-01 6.956801544591857400e-01 7.016033478674748025e-01 7.230097767815645282e-01 7.489145474527160173e-01 7.537276340910704642e-01 7.640889526616825300e-01 7.670812111654011778e-01 6.932889375889942363e-01 6.903319467265983667e-01 6.437797852498703399e-01 6.013247832970517459e-01 5.675401691212598188e-01 5.266197835099490909e-01 5.232228664979491350e-01 5.512061477449649027e-01 5.637047973495288300e-01 6.413466240722432987e-01 6.249609627424663749e-01 6.936858124808293891e-01 7.041757371159217405e-01 7.181757057358567620e-01 7.423168116292101493e-01 7.426767194166608022e-01 7.510165234913508403e-01 7.595687786203157987e-01 7.588475066458303386e-01 7.573456392969308837e-01 7.543009401053873964e-01 7.504998587718271219e-01 7.454695832281414969e-01 7.396979753656431900e-01 7.320855067793797799e-01 7.187714470042964043e-01 7.014038605980393859e-01 6.811541650063909215e-01 6.619940286687295838e-01 6.480382334124643595e-01 6.396103165571154214e-01 6.326811665089455694e-01 6.233717443139810133e-01 6.074312652274953539e-01 5.812450866637114411e-01 5.444736763805195778e-01 5.000490548491641762e-01 4.519010158453284909e-01 4.044882610317045435e-01 3.595995346598001574e-01 3.191166733563677305e-01 2.831436897275075859e-01 2.513918697253338941e-01 2.236270568535543291e-01 1.992804194351380787e-01 1.778291795214629323e-01 1.589302835259772673e-01 1.421649243501481863e-01 1.273095646681521587e-01 1.140736196140547526e-01 1.022847683507746297e-01 9.176004650439238686e-02 8.234496021785910058e-02 7.390682389329478186e-02 6.632891361829899857e-02 5.950465851174070731e-02 5.337382912451690831e-02 4.784489214609428248e-02 4.287786578020288952e-02 3.837627051345071649e-02
8.199289834521752418e-01 8.839043346029413772e-01 9.236654663613711458e-01 9.429009775145429373e-01 9.520823494895438444e-01 7.799297778964554562e-01 8.789072395433492613e-01 9.094493429182662902e-01 9.561809553219966507e-01 7.793828422393427324e-01 6.920318745765474677e-01 7.126532322756058413e-01 7.240714102233863914e-01 7.488735825094118281e-01 7.473755805017969767e-01 7.648499236841119764e-01 7.664856120956138330e-01 7.575255966289684562e-01 7.806335658023424440e-01 7.737517485828048214e-01 7.638464786999489275e-01 7.724790796162290807e-01 7.809702486047795933e-01 7.849944843768124070e-01 7.634543280733970816e-01 7.488323651306464379e-01 7.820242785794037088e-01 7.577731279000778919e-01 7.592611332865580875e-01 7.495441771213070536e-01 7.622783559400035935e-01 7.698309185979833602e-01 7.739401168851037793e-01 7.490592295289059122e-01 7.318305714913506677e-01 7.083091745892975410e-01 7.140618994240766071e-01 7.398246417417364551e-01 7.732071716113773086e-01 7.876327148730289940e-01 7.298346291320646495e-01 7.563303569208640331e-01 7.172762997440592647e-01 7.107349636631409284e-01 6.466234555082962521e-01 6.176214496834311340e-01 5.425104805924859663e-01 5.306018835422338098e-01 5.014887905261878887e-01 5.696987456526335647e-01 5.484539786472760747e-01 6.326401123194961285e-01 6.487042269038669762e-01 6.703445337634410528e-01 7.154051667481314825e-01 7.109670012400669536e-01 7.366529643628371149e-01 7.491082569604174957e-01 7.497679191649265773e-01 7.589606200846414907e-01 7.629201932024906041e-01 7.596970639059049679e-01 7.550573045135673400e-01 7.502256455700929694e-01 7.468015182973872790e-01 7.412736061195248638e-01 7.343762376087333843e-01 7.221047888304630291e-01 7.044923988882912935e-01 6.845038961342231332e-01 6.651832832382696958e-01 6.500999070827970794e-01 6.410368967057712419e-01 6.350689537440243893e-01 6.265586436470614862e-01 6.112893982537694892e-01 5.865239036703387976e-01 5.511471963360377035e-01 5.079184426555074516e-01 4.600525715710471197e-01 4.121323355782239295e-01 3.667799806321325184e-01 3.253326471990197200e-01 2.885498404614897372e-01 2.561827522419226066e-01 2.277414892362385757e-01 2.028344155285015382e-01 1.808845334469621480e-01 1.615747523367081773e-01 1.444925649620471264e-01 1.293608163706866376e-01 1.159101704659886156e-01 1.039239983866482170e-01 9.321069382788690905e-02 8.361145027779347261e-02 7.498352735571527095e-02 6.724120434258734624e-02 6.026847513876369689e-02 5.400870293462481375e-02 4.833923379057517011e-02
8.197276339178528604e-01 8.839211005957114953e-01 9.237835668434271064e-01 9.430677347983863479e-01 9.522843845962030151e-01 7.795970008812561636e-01 8.790004812511343912e-01 9.096239678788120564e-01 9.564506479248873205e-01 7.791796837329628689e-01 6.999749847281995230e-01 7.252215292720369799e-01 7.299332820225093998e-01 7.427886513067748497e-01 7.601469831716800574e-01 7.653777835152989484e-01 7.671185337138033411e-01 7.599618098165202840e-01 7.856919973843145000e-01 7.755549197122684202e-01 7.686863797960326039e-01 7.830229745445745904e-01 7.762263109748307466e-01 7.798882757067969740e-01 7.772752279430735767e-01 7.486497453214091546e-01 7.765828461178552189e-01 7.748404000688806637e-01 7.632312022600327150e-01 7.705078131969379518e-01 7.730079729316756687e-01 7.431451866447325028e-01 7.527796682003825568e-01 7.677284478103825194e-01 7.568990331806548788e-01 7.345780934156069808e-01 7.465438539343030033e-01 7.526249645524415444e-01 7.506972504173765603e-01 7.677773238259510968e-01 7.530729204782834474e-01 7.671739569088373845e-01 7.421533348615754200e-01 7.759441136728810751e-01 7.018707855476525870e-01 7.136554772077671194e-01 6.608365045195156995e-01 5.982341641222044260e-01 5.542919658776331859e-01 5.458451565903280622e-01 5.229071261947328964e-01 5.485057489081939242e-01 5.836827585360621073e-01 5.906923661039055196e-01 6.679691787161360361e-01 6.532703592514100821e-01 7.059003745382051997e-01 7.241889088614852366e-01 7.294576794375359219e-01 7.507308830507211095e-01 7.552552124892931706e-01 7.572750123121728683e-01 7.626015359550941675e-01 7.613430642314658048e-01 7.572924291110788575e-01 7.509666036653486199e-01 7.470844091058118641e-01 7.427042330880744281e-01 7.361697692187446629e-01 7.254198000243706757e-01 7.083664174666437496e-01 6.878759229079713933e-01 6.683811453024464111e-01 6.532702456231536114e-01 6.434524865826223294e-01 6.370375661995896222e-01 6.294810044024486961e-01 6.152397909046162239e-01 5.918439338639847058e-01 5.579030465240133463e-01 5.154787440231290985e-01 4.681228420251539180e-01 4.197038680506063879e-01 3.736687992053771001e-01 3.315945158485905098e-01 2.939663173712901423e-01 2.608612823265767933e-01 2.317382009623401296e-01 2.062686168153826383e-01 1.839109727181000853e-01 1.642442888074268637e-01 1.468688748756225848e-01 1.314730717831495976e-01 1.177712312734043726e-01 1.055396091916554480e-01 9.458069174590150174e-02 8.476747377011725759e-02 7.595023179972068550e-02 6.804545923543746377e-02 6.089504387613197539e-02
8.195164186737401435e-01 8.839153941867775588e-01 9.238747336118091624e-01 9.432050789801522672e-01 9.524540725442426359e-01 7.792550030156223384e-01 8.790595003445705879e-01 9.097606206370330018e-01 9.566805258722402838e-01 7.789495531587879995e-01 7.066374114291242847e-01 7.369065192817380039e-01 7.242501384292908684e-01 7.377967947989257924e-01 7.599396757408058978e-01 7.603979722558181775e-01 7.612984771529588413e-01 7.714830475716619729e-01 7.909726769166255389e-01 7.718945279953860483e-01 7.792606972447242430e-01 7.894285921127578431e-01 7.824772002188349340e-01 7.845698158138928457e-01 7.832242436865465285e-01 7.551620954117123086e-01 7.808291260473896322e-01 7.839727019138111874e-01 7.692565461392464332e-01 7.748804901804166034e-01 7.900943592302630547e-01 7.671883573363922348e-01 7.265136270714015465e-01 7.600207100332744270e-01 7.516364416615353150e-01 7.442590318167382479e-01 7.641180819927712031e-01 7.815294204316508564e-01 7.456112141049282549e-01 7.541019961527070103e-01 7.495108343160656883e-01 7.372967710345831316e-01 7.522393735711410123e-01 7.823500752732805985e-01 7.152121642877176111e-01 7.654811748024747953e-01 7.199277916754337481e-01 7.185843229836589297e-01 6.486392172623529628e-01 6.227676657928427062e-01 5.840542894056036660e-01 5.281536015658415684e-01 5.371946857505625061e-01 5.089897467205644066e-01 5.954855368682048233e-01 5.780884075382621834e-01 6.517298355107407071e-01 6.791766973718126321e-01 6.882939471488757066e-01 7.301482002596436649e-01 7.326775467054439384e-01 7.467059503176958213e-01 7.580222497602173704e-01 7.574088192607262293e-01 7.609321945203524340e-01 7.622202885171283082e-01 7.592124955708345890e-01 7.533604999804512925e-01 7.476101779456292284e-01 7.435560100559019947e-01 7.376421840877588343e-01 7.278827268403476047e-01 7.125100603980581981e-01 6.926598436722255503e-01 6.729101784889139903e-01 6.567325241924512058e-01 6.460210540161531734e-01 6.387362550065599498e-01 6.315927191913556227e-01 6.188759929453149233e-01 5.970087107272222804e-01 5.645116486914556475e-01 5.228638149043813854e-01 4.757834965510019387e-01 4.273068568060471306e-01 3.805717599589090727e-01 3.377051279138068574e-01 2.992270242351038889e-01 2.653780187225387999e-01 2.357319651833196250e-01 2.097991215298164180e-01 1.870368438782516185e-01 1.670099476201282462e-01 1.492921257104968813e-01 1.335609038909341684e-01 1.195347277310080392e-01 1.070189900151299195e-01 9.581531681285132551e-02 8.579566495698036366e-02 7.675179079574014074e-02
8.192987131637243792e-01 8.838910558738430900e-01 9.239428154852492581e-01 9.433169684348532424e-01 9.525956721927655302e-01 7.789082210131877959e-01 8.790896357961248686e-01 9.098646961835598068e-01 9.568757735033406320e-01 7.786991436222172602e-01 7.037126752480219460e-01 7.336936575667927229e-01 7.313458107243964168e-01 7.343111961313196767e-01 7.601163997370244951e-01 7.678339358075428889e-01 7.713099935790382888e-01 7.838573671648176866e-01 7.878376766047885393e-01 7.677023813055973145e-01 7.863509087954397847e-01 7.889732150532854371e-01 7.880920182800744689e-01 7.926389974094937285e-01 7.876465851921834460e-01 7.390427954510732089e-01 7.923778210750195283e-01 7.782032304251411681e-01 7.783912589656332148e-01 7.852789184882823514e-01 7.873074571436898816e-01 7.766643561385753181e-01 7.510855574848438465e-01 7.686729331390745878e-01 7.569532660345749120e-01 7.606802395017774332e-01 7.509091195016690534e-01 7.790504571960166214e-01 7.631084971123751615e-01 7.506935227853239745e-01 7.542442484789160240e-01 6.984370787946585502e-01 7.450224287853245420e-01 7.564743396653297314e-01 7.222087980288282028e-01 7.441213865670841532e-01 7.225989774052312686e-01 7.720567621977283412e-01 7.335956324386615490e-01 7.021751590725457959e-01 6.776043985259347924e-01 6.303935810717229415e-01 5.603602400610149248e-01 5.275711289526811010e-01 5.339414907673680766e-01 5.300457012873315277e-01 5.695726547518104033e-01 6.172164616002171478e-01 6.180483182662056540e-01 6.920362864923652602e-01 6.878365451703872813e-01 7.222555463862249114e-01 7.409417401279906334e-01 7.412606750608657924e-01 7.561034259128869284e-01 7.608079452234257634e-01 7.602740495637118068e-01 7.619033955237984879e-01 7.602012713100447794e-01 7.557392169350822808e-01 7.494818377793213138e-01 7.442765389083465521e-01 7.390594169002424607e-01 7.305959072243359831e-01 7.171389685508652301e-01 6.978191159493303264e-01 6.775583147125262551e-01 6.603287870815458538e-01 6.485840420658549599e-01 6.405347299621366730e-01 6.335457005148531495e-01 6.219062055784585485e-01 6.015983146487691169e-01 5.705771829825255770e-01 5.300700255909488456e-01 4.832892147962565832e-01 4.345828751559596137e-01 3.871797488665952303e-01 3.435318334619354985e-01 3.044629379312554507e-01 2.700526276906981549e-01 2.398726686012750964e-01 2.134542435596892551e-01 1.902224923456418415e-01 1.697299728164030908e-01 1.515761489108491122e-01 1.354608167264673146e-01 1.211142214199604772e-01 1.083345568100458622e-01 9.683964491427353438e-02
8.190772921228878234e-01 8.838514174079105112e-01 9.239912140792979622e-01 9.434069186446498723e-01 9.527129680747018492e-01 7.785602230192628648e-01 8.790955579779227147e-01 9.099409585720247273e-01 9.570409819456699996e-01 7.784340404386885792e-01 7.070338922116998770e-01 7.180708156618436089e-01 7.369350374836617368e-01 7.420955731066916083e-01 7.649865448649276756e-01 7.745016789225068754e-01 7.752221874600009333e-01 7.815265493056470225e-01 7.834444244948268743e-01 7.725269511408128231e-01 7.937833431058098910e-01 7.855229456042465142e-01 7.922325207747651366e-01 7.951524538875920367e-01 7.904213716862376060e-01 7.453697246815953470e-01 7.939227954021288447e-01 7.726570545807851520e-01 7.927009308248618158e-01 7.895630319627672256e-01 7.825298443543610150e-01 7.844027905701880243e-01 7.660327009614738003e-01 7.758265892421063459e-01 7.696192500351449750e-01 7.753039098398519791e-01 7.585434197257998612e-01 7.789158895094407953e-01 7.550799095490534629e-01 7.526108955077481788e-01 7.557661926395994323e-01 7.173457962256870601e-01 7.585681078156228940e-01 7.642195294341909140e-01 7.489282809923930584e-01 6.871316797399045218e-01 7.142308065087253910e-01 7.568782440777299669e-01 7.335874658277596883e-01 7.466249423870410240e-01 7.422651277557993366e-01 7.169556517920221417e-01 6.753566806182986770e-01 6.106781932752082254e-01 5.856715950655171365e-01 5.554979799679150565e-01 5.273165330098791292e-01 5.578487458824165079e-01 5.347614306430128472e-01 6.273429305433201320e-01 6.213120224053392260e-01 6.769988191102307429e-01 7.070701763547039276e-01 7.075795502593658082e-01 7.403275962953451694e-01 7.445319960524540148e-01 7.515508915034511128e-01 7.618894484191961469e-01 7.626061519391564847e-01 7.616371114946453025e-01 7.605123441553074404e-01 7.567389935213266750e-01 7.519634251997385777e-01 7.468874433085996856e-01 7.420389915986966844e-01 7.334403234572421937e-01 7.206635278868629424e-01 7.025139175446482032e-01 6.821155148874630259e-01 6.639343076403000365e-01 6.516049237645351599e-01 6.427912274389971925e-01 6.352835025827402449e-01 6.244059880431515053e-01 6.056411485928477889e-01 5.761944228301510984e-01 5.367059682621516670e-01 4.902303843870531863e-01 4.413148343693986675e-01 3.935960001206304515e-01 3.494776816329078217e-01 3.098432459502240555e-01 2.748465902865558919e-01 2.440532998650060681e-01 2.169973543713021868e-01 1.931766087750801664e-01 1.721598889861153669e-01 1.535832165729933141e-01 1.371299262784259343e-01 1.224069189241484695e-01
8.188543766238525201e-01 8.837993199833394931e-01 9.240228915723263103e-01 9.434780101020795451e-01 9.528092815984026132e-01 7.782137930828453287e-01 8.790812884699922281e-01 9.099935548056283796e-01 9.571801732364433324e-01 7.781588061516721000e-01 7.178196245635383166e-01 7.181269771139509039e-01 7.354996165916366513e-01 7.554189195780515176e-01 7.680225644067345536e-01 7.760145011782967339e-01 7.701809955989693535e-01 7.742260859069711731e-01 7.800888124148177560e-01 7.830279741396076743e-01 7.935505234069669678e-01 7.875025423070310948e-01 7.957307037415192186e-01 7.915861937616031074e-01 7.911498125355763689e-01 7.733216115553527281e-01 7.954371344849532344e-01 7.795221149924596027e-01 8.045377671811758669e-01 7.857765998517479700e-01 7.898913206029944956e-01 7.972165434887711344e-01 7.566789008214076517e-01 7.755544503707794135e-01 7.863902324592324522e-01 7.794722804651950110e-01 7.632330478945541508e-01 7.904006315127060089e-01 7.539379581254170848e-01 7.710898618393238202e-01 7.446531615934617321e-01 7.480188603253414836e-01 7.569724578166524553e-01 7.805413940322614152e-01 7.767424503808233460e-01 6.839250562247635168e-01 7.277501699561218507e-01 7.254889153330159601e-01 6.779703066172624304e-01 7.274681203979209698e-01 7.446783751149594899e-01 7.486101111245266893e-01 7.711588125034286589e-01 6.908209923755563864e-01 6.919803604031643518e-01 6.435240700254124535e-01 6.010707688218956957e-01 5.567353758887912951e-01 5.186109320584738613e-01 5.437261976840341848e-01 5.585563374854941587e-01 6.008033843004585428e-01 6.530647430807413611e-01 6.469786185386539046e-01 7.094395706990085371e-01 7.098870916075381565e-01 7.313530696649932494e-01 7.501219224181409073e-01 7.503385838375882244e-01 7.589908904894889785e-01 7.651431898076614946e-01 7.629002944035865319e-01 7.611604613385495322e-01 7.583326177844085247e-01 7.551977825570428404e-01 7.501367671213081678e-01 7.449877567079102869e-01 7.367054807542120498e-01 7.237699624595272940e-01 7.063668883489231387e-01 6.867153941487382784e-01 6.676480287780511835e-01 6.540033917586495216e-01 6.450472783660941012e-01 6.374535761979123194e-01 6.270474700908730270e-01 6.093446924380002683e-01 5.811575023877237900e-01 5.426224171851884437e-01 4.967572743960149140e-01 4.479825368285305087e-01 4.000647525003871441e-01 3.554895761641996832e-01 3.151985016674504481e-01 2.794028593895309109e-01 2.478384999972831904e-01 2.200755168655907368e-01 1.956977282041896804e-01 1.742501121333370762e-01 1.551845070127407800e-01
8.186317865650507564e-01 8.837371811709148206e-01 9.240403962793136694e-01 9.435328988002247286e-01 9.528874760156612611e-01 7.778711690564048542e-01 8.790502656280120286e-01 9.100260494853769089e-01 9.572968045441858642e-01 7.778772103690858586e-01 7.269434952691193885e-01 7.236583426243028416e-01 7.345809037392316831e-01 7.635882754052020216e-01 7.670406274203219743e-01 7.781298711759960796e-01 7.750338642168652648e-01 7.734535454217038586e-01 7.798679685578924214e-01 7.920456718946571328e-01 7.894379386904597506e-01 7.928101194977711375e-01 7.933175859016539100e-01 7.922234448177749577e-01 7.911516137879056609e-01 7.885510385219058893e-01 8.045456400729897872e-01 7.878743072613006992e-01 8.100987843759399620e-01 7.841013283801351319e-01 7.972615483265457215e-01 7.959764532372750612e-01 7.627075243147549699e-01 7.808123190248018597e-01 7.952774403533404701e-01 7.785080483273179031e-01 7.538764205247752148e-01 7.975770199738292376e-01 7.803366210956751425e-01 7.884906395523811895e-01 7.413986243979077129e-01 7.630389087086657529e-01 7.400862133558192557e-01 7.673825322756530065e-01 7.729625872592460478e-01 7.220743567354384052e-01 7.529991182791739845e-01 7.348151673733510636e-01 6.823355317235391126e-01 6.950212690892630940e-01 7.156660809834590742e-01 7.558106703582599950e-01 7.847057598918378840e-01 7.497954968577400514e-01 7.610149335771263512e-01 7.125532579586684179e-01 7.110226231737620806e-01 6.417190852255433287e-01 5.995556739399037216e-01 5.447308504045618172e-01 5.407365540577200314e-01 5.305027971762809047e-01 5.861365301903314062e-01 5.678365506161334730e-01 6.544950000125384637e-01 6.532904567413603258e-01 6.913337475110771235e-01 7.248669309549672368e-01 7.230515586651371507e-01 7.469868897152588394e-01 7.550754141291760035e-01 7.561979948435204602e-01 7.645283293433075000e-01 7.669885254228985261e-01 7.648280548969618176e-01 7.606587667152280297e-01 7.569920644578969071e-01 7.528807814242086671e-01 7.474914254187432494e-01 7.399108039907220657e-01 7.277463864721414044e-01 7.100171946785295285e-01 6.902656294377378376e-01 6.710740190431512264e-01 6.564311181174413701e-01 6.472518056846752188e-01 6.400253637335626689e-01 6.299554235850911565e-01 6.128889038305920245e-01 5.859739735159490426e-01 5.484869179996658684e-01 5.032603524907234283e-01 4.546736077266141374e-01 4.064412993444601052e-01 3.611140242561346470e-01 3.199315523807542139e-01 2.832394948649967215e-01 2.509600300957670616e-01 2.226563248297073194e-01 1.976413734390509991e-01
8.184111035144949753e-01 8.836670947553377786e-01 9.240459284148322405e-01 9.435738696343759502e-01 9.529500073677292793e-01 7.775342837325084355e-01 8.790054603406547429e-01 9.100415151508094436e-01 9.573938257258509665e-01 7.775924888812957292e-01 7.366624783697826029e-01 7.063777497548695550e-01 7.342660693219655865e-01 7.659335682962824521e-01 7.654597339779315446e-01 7.771683277139543877e-01 7.808219758898637952e-01 7.787984343249462205e-01 7.855605423671105925e-01 7.969357991490021442e-01 7.960691502694184907e-01 7.957355835745297812e-01 7.894074444334956420e-01 8.003627436686675534e-01 7.894469141945174018e-01 7.963572769361779713e-01 8.092214848710893582e-01 7.897077856849660238e-01 8.086962103397205004e-01 7.814477209536483393e-01 7.999223202262103483e-01 7.887159207895816371e-01 7.818435188617394171e-01 7.911751567801041940e-01 7.841668211489412066e-01 7.762873518388822003e-01 7.733131503934731477e-01 7.978068484637218516e-01 7.840524927957747137e-01 7.912237899340194280e-01 7.551694853165072940e-01 7.816876189079650095e-01 7.536468145160540866e-01 7.605843757729758847e-01 7.515100917143565651e-01 7.491543771563906606e-01 7.624842966143265954e-01 7.549722974709363044e-01 7.450459871557358893e-01 7.493293403685787890e-01 7.451091551086963527e-01 7.464928561201810142e-01 7.562504227594062378e-01 7.596229305750138439e-01 7.738048116098142915e-01 7.454359333804534415e-01 7.678024738593525189e-01 7.423748309094116982e-01 6.817528404651668206e-01 6.545888637079935179e-01 6.041474191805999983e-01 5.635652183088945000e-01 5.524769577616003291e-01 5.248629184027113759e-01 5.677361179732665075e-01 5.880960512086030878e-01 6.212655163063699471e-01 6.796973977266376199e-01 6.707279070977297808e-01 7.210096021493103136e-01 7.302565180218758556e-01 7.395930078641936856e-01 7.571801481080815410e-01 7.601630838902367904e-01 7.647898649165537632e-01 7.695089042993132900e-01 7.685658743075671762e-01 7.640777227014659001e-01 7.585412112406303420e-01 7.543846828007898520e-01 7.501303800721951243e-01 7.426966350933430494e-01 7.313366594517398678e-01 7.138731855755470201e-01 6.937683231865199307e-01 6.746035803593690705e-01 6.593236258789285653e-01 6.492932548948368021e-01 6.421992197669458280e-01 6.334645180103845030e-01 6.173564415306322939e-01 5.910475303079556486e-01 5.544091194692880586e-01 5.096883299129968403e-01 4.609200536453000319e-01 4.119962236589745919e-01 3.657260105741114153e-01 3.237030174011504835e-01 2.863626805400237840e-01 2.532579026952063717e-01
8.181937360537561155e-01 8.835909061197154690e-01 9.240414165831172255e-01 9.436029161569481349e-01 9.529990111907529204e-01 7.772048525806439789e-01 8.789494819386761693e-01 9.100426404026611404e-01 9.574737873944729749e-01 7.773074768091395859e-01 7.468663827858710302e-01 6.966771527524208141e-01 7.385464130420611450e-01 7.628763565549316894e-01 7.653048155526532836e-01 7.754584794639779455e-01 7.743486039680976818e-01 7.877712948539938864e-01 7.885364931258448395e-01 7.930634220810380830e-01 8.008068221724726765e-01 8.041818622453805743e-01 7.939801788829236040e-01 8.019146916414980897e-01 7.903263381412792832e-01 8.049434199363146858e-01 8.047365646505304504e-01 7.968217719177943525e-01 7.991093292721254127e-01 7.849757867167757031e-01 8.055969815943782031e-01 7.862840548260429108e-01 7.935048959932111678e-01 8.043509740152668952e-01 7.800358117338404007e-01 7.923002047876566145e-01 7.919357815613630169e-01 7.837143514237635555e-01 7.774221768998801352e-01 8.010597464150149838e-01 7.686495831633984865e-01 7.700398159519719066e-01 7.546165854917120663e-01 7.806606164229514810e-01 7.672382021282744269e-01 7.576212658515945053e-01 7.636147594481448309e-01 7.491904243655395090e-01 7.553722866778334044e-01 7.752533189388985946e-01 7.804426415713686671e-01 7.620576162624881356e-01 7.483017841665897674e-01 7.407370851431462899e-01 7.451327808148779930e-01 7.524248354593687793e-01 7.836221070392035415e-01 7.811022986493953990e-01 7.272075227612762038e-01 7.388127439006821895e-01 6.948512418895507192e-01 6.711074845115333476e-01 6.090056694976908602e-01 5.753515842885921217e-01 5.204838505998857778e-01 5.421312367636761387e-01 5.354526907290754201e-01 6.127966679310156151e-01 5.963496015244856840e-01 6.741406798848872395e-01 6.844800588117483375e-01 7.045525272514657766e-01 7.383696118665827868e-01 7.396846172078798132e-01 7.564601891735943662e-01 7.658659625580271912e-01 7.670496021195983838e-01 7.701504137810107897e-01 7.708193601888463364e-01 7.672214927218122815e-01 7.619391583528305478e-01 7.558267070022878231e-01 7.515145933252169730e-01 7.447473767003026657e-01 7.344284268106072711e-01 7.182885755212462531e-01 6.979069133880293485e-01 6.780556577240834937e-01 6.621450666629007387e-01 6.523803641508393314e-01 6.456976470816111480e-01 6.370897527135125360e-01 6.217298627901806096e-01 5.961656311707854705e-01 5.600008641860223513e-01 5.152959661071530029e-01 4.659664507183466364e-01 4.162891737447223517e-01 3.693392179684644172e-01 3.262877471889319980e-01
8.179808730631856761e-01 8.835102296110884934e-01 9.240285652690227725e-01 9.436218041417039348e-01 9.530363789690899923e-01 7.768842963776529942e-01 8.788846236748840690e-01 9.100318003022809243e-01 9.575389445033567482e-01 7.770245796443435715e-01 7.556788673403909140e-01 6.903063273980905024e-01 7.411414179106616817e-01 7.604975375946511074e-01 7.716526301580159952e-01 7.812245119269424221e-01 7.776250035913508940e-01 7.890632781851759647e-01 7.923757342655478597e-01 7.915459718644652920e-01 8.012265489126769724e-01 8.060450878093925464e-01 8.002807124394222260e-01 8.045063446596454337e-01 7.973805309208654712e-01 8.054890109305145041e-01 8.003338400109368811e-01 8.089513124235662156e-01 7.961756449171549788e-01 7.932520447861975965e-01 8.042713581895851727e-01 7.974309078032212339e-01 7.979726981650044904e-01 8.124577307752984812e-01 7.874150753673180292e-01 8.073917692653772571e-01 7.825974695505512058e-01 7.851311400541520769e-01 7.849231068765577524e-01 8.021375621711994697e-01 7.707061064101297099e-01 7.713754550853078040e-01 7.755817482530855678e-01 7.813895239922578062e-01 7.696035523387886323e-01 7.720806523210256289e-01 7.736196828689365645e-01 7.624506893497435822e-01 7.648891298559247209e-01 7.556109211522100688e-01 7.783377234353164864e-01 7.715796326805176575e-01 7.602110662923221573e-01 7.467180844343570545e-01 7.456658133984120918e-01 7.514695332235052927e-01 7.675005571749068389e-01 7.721539721208956486e-01 7.534447475001978534e-01 7.667836739886616515e-01 7.376463607403578315e-01 7.586155285455946640e-01 6.932195980205608787e-01 6.727185487832060273e-01 6.134546655125510117e-01 5.632519915183933357e-01 5.341698690086822410e-01 5.527159569880999435e-01 5.407014593497926347e-01 5.952304286177719783e-01 6.235318456678177190e-01 6.420492963151555044e-01 7.024222391455968717e-01 6.975062034958808832e-01 7.358968770504197288e-01 7.501885932149486846e-01 7.551322433357501307e-01 7.672794174999320038e-01 7.710161021206360932e-01 7.708648941507864061e-01 7.724752527258643697e-01 7.694532021780199349e-01 7.647758518567282504e-01 7.580352385357842504e-01 7.528352652991137095e-01 7.468407313811503689e-01 7.371033429417380711e-01 7.221465822039826454e-01 7.020236970748852112e-01 6.826840358567654032e-01 6.672777358788875013e-01 6.564284113659968334e-01 6.489802693859514360e-01 6.403516735458641973e-01 6.255468995509024799e-01 6.006904346786174909e-01 5.645838772337685718e-01 5.195678267955163854e-01 4.697411222306182021e-01 4.189244591770297510e-01
8.177734116046804225e-01 8.834264314211601743e-01 9.240088658878720107e-01 9.436320973035160486e-01 9.530637939716484208e-01 7.765736330552019950e-01 8.788128590081493163e-01 9.100110757260323480e-01 9.575913108424237707e-01 7.767456933910548145e-01 7.638537139412852062e-01 6.919016403703479590e-01 7.423511810443759185e-01 7.590761444837386129e-01 7.739453040485562152e-01 7.863111157587305833e-01 7.828052512256612472e-01 7.879399749277000709e-01 7.965567614098717497e-01 7.958324806717134159e-01 8.010617061619972334e-01 8.031338787309368898e-01 8.032754756609965519e-01 8.075507560728069079e-01 8.050189252617891977e-01 8.022303010570190906e-01 8.018866798618641267e-01 8.103553796702119838e-01 8.044410562475245996e-01 7.933272674034668182e-01 8.005696070664296560e-01 8.081466026096834065e-01 8.023467125694595525e-01 8.155744880767868965e-01 7.931452155200531262e-01 8.141119636971085871e-01 7.799474059493960443e-01 7.894600629000767533e-01 7.951976313718300826e-01 7.910462408392938682e-01 7.728403279808726545e-01 7.854283237420051078e-01 7.901333784245392344e-01 7.766378147363660611e-01 7.779277845300680561e-01 7.828980868667586579e-01 7.748973172365910544e-01 7.745998708734781468e-01 7.785279484120684046e-01 7.676008302391723603e-01 7.718303870494568342e-01 7.533091968565587271e-01 7.590485650341018964e-01 7.486034998195658652e-01 7.652667744566766794e-01 7.728275467356131578e-01 7.709125103714333793e-01 7.598787869856018506e-01 7.550849875154852509e-01 7.534016819349604877e-01 7.568305748903875196e-01 7.900327702366287674e-01 7.374437431913724028e-01 7.456152999776176626e-01 7.065970794819121936e-01 6.741889675798733439e-01 6.162805781231942559e-01 5.826001128939789497e-01 5.555160549222551980e-01 5.253337966505858825e-01 5.631365151430900440e-01 5.534231427967909456e-01 6.421169471083316704e-01 6.319357542732862987e-01 6.976563472500099117e-01 7.172369700076366428e-01 7.280300469922569295e-01 7.546596417104698418e-01 7.582299518099440139e-01 7.655643993233312017e-01 7.743525953097720738e-01 7.737602979010901327e-01 7.731111716926206689e-01 7.706520544929496008e-01 7.666833926346422468e-01 7.612333802303093977e-01 7.551809334973249577e-01 7.490336257384064833e-01 7.393012950576013376e-01 7.261581961228108506e-01 7.081097664640705336e-01 6.882545054942147411e-01 6.721695492510756376e-01 6.606450707485337359e-01 6.522545730603531711e-01 6.435335196594398344e-01 6.288106830806257097e-01 6.042490374408602261e-01 5.680640258011296906e-01 5.220191092046557735e-01
8.175719594759514042e-01 8.833406308071140023e-01 9.239835983157728139e-01 9.436351602183853382e-01 9.530827357530169408e-01 7.762734846316884374e-01 8.787358438969038454e-01 9.099822564017722160e-01 9.576326673537164380e-01 7.764722169359722370e-01 7.717222392096257932e-01 7.121427721124834465e-01 7.452585804015697812e-01 7.592871518402662945e-01 7.733997888906640750e-01 7.872597656696069812e-01 7.851573410708224676e-01 7.894460271359549086e-01 7.992376592866577978e-01 7.975539526150565717e-01 8.009720979823786724e-01 8.036307284899621983e-01 8.034433044838217297e-01 8.083638920796379912e-01 8.067916385506507249e-01 8.045739627896842938e-01 8.057582435971722967e-01 8.040267572067992807e-01 8.060914136438407374e-01 7.974054260547038808e-01 8.060178679147026459e-01 8.091005423842916322e-01 8.096823330917904959e-01 8.115150465040794625e-01 7.964474733476530899e-01 8.088193623543525890e-01 7.901072951569013680e-01 7.897416879645217103e-01 8.004553802536784612e-01 7.793217945872537022e-01 7.878455931773244991e-01 7.955612505061723239e-01 7.873795826076269710e-01 7.879911962504431155e-01 7.867937281067375332e-01 7.818283770962040080e-01 7.779539850214091112e-01 7.853174907202142840e-01 7.808337853643227966e-01 7.827673868892621734e-01 7.653685045571495538e-01 7.613892929450426506e-01 7.611113979749869474e-01 7.533112095683637266e-01 7.593148106870359904e-01 7.734484572480193609e-01 7.848057258826652838e-01 7.712829849250533165e-01 7.539281504277151047e-01 7.129807160988350656e-01 7.552744091669855164e-01 7.762728587469798214e-01 7.476881456336134102e-01 7.675786095894074901e-01 7.352367494812371840e-01 7.556515971804962373e-01 7.165926051827506971e-01 6.589062793299109710e-01 6.397622223721801671e-01 5.790030987039879173e-01 5.397494698313115569e-01 5.185235034853260538e-01 5.647480988852425776e-01 5.688615677237400803e-01 6.308996909215399684e-01 6.657521735316133116e-01 6.781839395292039718e-01 7.287291057987144161e-01 7.282818764459384475e-01 7.499045668128104802e-01 7.655735144167843398e-01 7.659486042521183036e-01 7.735446120654574376e-01 7.767926072738760013e-01 7.748546764973307521e-01 7.724038771643464418e-01 7.682895542154941637e-01 7.638403023017903415e-01 7.577977457392981453e-01 7.527053161556107597e-01 7.442356807138447161e-01 7.305943290535394929e-01 7.132739721854599591e-01 6.936270285755802290e-01 6.765129966382261717e-01 6.647492871123990010e-01 6.558341760785717511e-01 6.469091868650903576e-01 6.320966473372691130e-01 6.069097561186187484e-01
8.173769328419847602e-01 8.832537472288323199e-01 9.239538517041203658e-01 9.436321678706659499e-01 9.530944844552169393e-01 7.759842231323825779e-01 8.786549641250503973e-01 9.099468677034426856e-01 9.576645610161755862e-01 7.762051955633808564e-01 7.797966857678205743e-01 7.262577305496750180e-01 7.471583540607443785e-01 7.620610693669795932e-01 7.757537247834418448e-01 7.858242985305543549e-01 7.883788261234964123e-01 7.916369646646701508e-01 8.018184971635776703e-01 7.996927613348001618e-01 8.018994735368880633e-01 8.055335159206158391e-01 8.032004643514972786e-01 8.067659288825809183e-01 8.059695388471330713e-01 8.104007932198190600e-01 8.072053523299941302e-01 8.026020037485372960e-01 8.030824109644648656e-01 8.069955130921613318e-01 8.118247837525021104e-01 8.086349181947175557e-01 8.138367718049621669e-01 8.067442410025363886e-01 8.043834957337058222e-01 7.967075464015507258e-01 8.003585806473638709e-01 7.932806303486490407e-01 8.059262600038870072e-01 7.830226157689909039e-01 8.043615927187345305e-01 7.961955228661304895e-01 7.872682788094876871e-01 8.004452625210070060e-01 7.788134876435901521e-01 7.807096224239404858e-01 7.946722435363056114e-01 7.912526582654768603e-01 7.794212521727670318e-01 7.827354593237817459e-01 7.696268353107105220e-01 7.867126009554528121e-01 7.723181145188948715e-01 7.775854169544756944e-01 7.515108480279509839e-01 7.664823028506962954e-01 7.723696314033418053e-01 7.776557033461696244e-01 7.609031547388441785e-01 7.111398390196933539e-01 7.571288622151221004e-01 7.624331294574432372e-01 7.480692515440334756e-01 7.514787429575664479e-01 7.371813487719869329e-01 7.737045633788802723e-01 7.660960049924396831e-01 7.146849271719960539e-01 7.231599454022769047e-01 6.871368722335156054e-01 6.214952401490020373e-01 5.753409470347933263e-01 5.550848138539408172e-01 5.517161221218238598e-01 5.552757189854459208e-01 6.036351614373981489e-01 6.037131670556662444e-01 6.810699003216412750e-01 6.763756394619681034e-01 7.188440843110569523e-01 7.441260310445030335e-01 7.452518706541035876e-01 7.650405387725393025e-01 7.700343725975458131e-01 7.726346499136792501e-01 7.783465876611567191e-01 7.781700016430767031e-01 7.749217509038380802e-01 7.698852099338301391e-01 7.669076939091253875e-01 7.632089283108364208e-01 7.573883524434231740e-01 7.491500864066821253e-01 7.352980021452841797e-01 7.174342531147377411e-01 6.982116704854137712e-01 6.804435525163314846e-01 6.685640122702618537e-01 6.601033963114383285e-01 6.510672152088263775e-01
8.171886766757247011e-01 8.831665701076996111e-01 9.239205658357658724e-01 9.436241345127041047e-01 9.531001444697749792e-01 7.757061452822929803e-01 8.785714124415766602e-01 9.099062255236901597e-01 9.576883249884416971e-01 7.759455014656224670e-01 7.885937121775503655e-01 7.152467903334625010e-01 7.457993488793922543e-01 7.644291544086142531e-01 7.773099108985861427e-01 7.841605430135901722e-01 7.907960906484584607e-01 7.926304457431265771e-01 8.037640912146296612e-01 8.063984497181194699e-01 8.047454560153071146e-01 8.056627815524588510e-01 8.058774160240563811e-01 8.049542338014076259e-01 8.079345495884906470e-01 8.106129439819665938e-01 8.083201582142158781e-01 8.089103030374512615e-01 8.104792919053411815e-01 8.110404721452498800e-01 8.110787667827924485e-01 8.125104970857861542e-01 8.128887468154704088e-01 8.091337564031721996e-01 8.132547030214900552e-01 7.968428716406137369e-01 8.091541202456665749e-01 8.016056127084808525e-01 8.104475678139454464e-01 7.989396995115451983e-01 8.083787074530085492e-01 7.960772919916853096e-01 7.920186810378947451e-01 8.050118310466294336e-01 7.747082831508546041e-01 7.886287723406693040e-01 8.080159629157246393e-01 7.835535034686187394e-01 7.792643970670803943e-01 7.983398870245455026e-01 7.873385457601629334e-01 7.831875368059803000e-01 7.821378259821528678e-01 7.967953858982986803e-01 7.694801120517413828e-01 7.872858788241345884e-01 7.523135716829252306e-01 7.755202426546288219e-01 7.537423402008571749e-01 7.464201788841010599e-01 7.646445578096136009e-01 7.710180958135509632e-01 7.620070187024029496e-01 7.477219944637546467e-01 7.416750692189585381e-01 7.444876396411305164e-01 7.397525524996642066e-01 7.368311891088695775e-01 7.558594738183833650e-01 7.352626544140089537e-01 7.426655910317896403e-01 6.587870299696169107e-01 6.463391479804794226e-01 6.102179043479786236e-01 5.671392467896116951e-01 5.602131629763537068e-01 5.475062346903905031e-01 6.055745152202260950e-01 6.147807563905066663e-01 6.635144674704002155e-01 7.040784458490495501e-01 7.040611727649270790e-01 7.457513393669216173e-01 7.498342526458006141e-01 7.612049269915380778e-01 7.739624186225941838e-01 7.752874573775636602e-01 7.787435189547928793e-01 7.805314690803750732e-01 7.794963140673575319e-01 7.758803198631172293e-01 7.709153799242046690e-01 7.674102081730576064e-01 7.617946000313641219e-01 7.533811090776336705e-01 7.400506116650403809e-01 7.212515506906669316e-01 7.019620039078293683e-01 6.847209338810485990e-01 6.730475346231891143e-01
8.170075169830659512e-01 8.830798034582866274e-01 9.238845691428972939e-01 9.436119491274302939e-01 9.531006803730973642e-01 7.754395436698611199e-01 8.784862459593353323e-01 9.098614886465689056e-01 9.577051195399863825e-01 7.756939223927034055e-01 7.972983016416590463e-01 7.115162184294379077e-01 7.462824593018460018e-01 7.639362170970211974e-01 7.767766366831786451e-01 7.854468638286854487e-01 7.927677827544228339e-01 7.930904375897516179e-01 8.029463177014998232e-01 8.062696519403877993e-01 8.075317824690468882e-01 8.084421896641594829e-01 8.123726199534874182e-01 8.072493113474705773e-01 8.100889367154089360e-01 8.064832236957971690e-01 8.128331968982138722e-01 8.170163614360915760e-01 8.164399884540221031e-01 8.166779085441553399e-01 8.158017431597053282e-01 8.149534985986031099e-01 8.150460260106203725e-01 8.098450678144731851e-01 8.122481084855767142e-01 8.120379885200263992e-01 8.104202994061466825e-01 8.106035533491164902e-01 8.082442001737373261e-01 8.057749364027280148e-01 8.089080734910647497e-01 8.084501051787288395e-01 7.905133386150029473e-01 8.088812524775444990e-01 7.891466725925397885e-01 7.977557353669429974e-01 8.112245520682441757e-01 7.841330814493527868e-01 7.828922943024868575e-01 8.032682753619667659e-01 7.812577980478231376e-01 7.918488899605349296e-01 7.976863744259090616e-01 7.963580432963333067e-01 7.813269623409102582e-01 7.877681215165935891e-01 7.629986079054287273e-01 7.898321666014112008e-01 7.425707882291777695e-01 7.590521495220901027e-01 7.384625147454633165e-01 7.530966614505379964e-01 7.817273490198454189e-01 7.666974821099440396e-01 7.477381592531218146e-01 7.073614484131877100e-01 7.110342350901646125e-01 7.190413292066935025e-01 7.254345497312986168e-01 7.433526952549043276e-01 7.761949258355368420e-01 7.410837731735645528e-01 7.307231227869638301e-01 6.960549231830954753e-01 6.729423086845881530e-01 6.011475749485635234e-01 5.807794163513094743e-01 5.554008299846791008e-01 5.742263632510699045e-01 5.875977933411971055e-01 6.467236041437574023e-01 6.408889825571532084e-01 7.085663050574486643e-01 7.092914557941163434e-01 7.358831223328435867e-01 7.598624733556545996e-01 7.610950133407989870e-01 7.739560809936293362e-01 7.792829465404094158e-01 7.822130039628253373e-01 7.856862165048932312e-01 7.848272733636415532e-01 7.816293724915883701e-01 7.756954788460851402e-01 7.706401955887560717e-01 7.656345532731068104e-01 7.569560658761187444e-01 7.442240417408153563e-01 7.256601682039084400e-01 7.060502009655875710e-01
8.168337208510135783e-01 8.829940620266590878e-01 9.238465922350080906e-01 9.435963974904283402e-01 9.530969449385169323e-01 7.751846435014677628e-01 8.784003929651912346e-01 9.098136795533471322e-01 9.577159711199572101e-01 7.754511187327104427e-01 8.059273653853570307e-01 7.192766175254409200e-01 7.508059114152110247e-01 7.636946912774922325e-01 7.781499287625616157e-01 7.854489424150071786e-01 7.946074538502855278e-01 7.942763516017806724e-01 8.034979180473657001e-01 8.019517167223660925e-01 8.103241501911983002e-01 8.112423939737204437e-01 8.163259889660210433e-01 8.114793542936356019e-01 8.126981277130128634e-01 8.086571625348384362e-01 8.159554531715075276e-01 8.176920647008280030e-01 8.126199512399202574e-01 8.190567517678223330e-01 8.193778802949238660e-01 8.175013358945143471e-01 8.168450208680279045e-01 8.099861955606756370e-01 8.071096234220477283e-01 8.176602859915319543e-01 8.167451736975949173e-01 8.102657352091541254e-01 8.091744556509732345e-01 8.097108618750660236e-01 8.094945589169401101e-01 8.121103916645165954e-01 7.934515809254392149e-01 8.027010083161459919e-01 7.977228977252328601e-01 7.980808504752173738e-01 8.118985510755363233e-01 7.799043642620560046e-01 7.956434004531705018e-01 7.957594073640957832e-01 7.819836621994402659e-01 8.060744068697307529e-01 7.969872652179711414e-01 7.835537923834868801e-01 7.920660532608051474e-01 7.804556194736809172e-01 7.762853832884232252e-01 7.846890701904561949e-01 7.477287745778119499e-01 7.801199943535256365e-01 7.532022774711309987e-01 7.464692862481548952e-01 7.720623247735910466e-01 7.713862081087345945e-01 7.561923568373647431e-01 7.433103190335894617e-01 7.515686077486710692e-01 7.468853787682757650e-01 7.292903103428811651e-01 7.143626611870997900e-01 7.338803986710867866e-01 7.609075522701078675e-01 7.701032419711442145e-01 7.520517342158093976e-01 7.518676055570111538e-01 7.162012228093362909e-01 6.602700767482952982e-01 6.280739955253052953e-01 5.959453043512975556e-01 5.690191914256214067e-01 5.913302374975837328e-01 5.799122708067635523e-01 6.428132016140231109e-01 6.534973050660823901e-01 6.901452950699509259e-01 7.296010228629763450e-01 7.289225979563958013e-01 7.599919072866211378e-01 7.669545356103213418e-01 7.759317461161802099e-01 7.864302100906331860e-01 7.888690485525367002e-01 7.902741919487783484e-01 7.893143637914423749e-01 7.859505469144357770e-01 7.808645005763750202e-01 7.742168273304148585e-01 7.690987023175955839e-01 7.608415306076681262e-01 7.483339807689953771e-01
8.166674235762303447e-01 8.829098412692290010e-01 9.238072604672911137e-01 9.435781656791569771e-01 9.530896890992479609e-01 7.749414943820349677e-01 8.783146269959412056e-01 9.097636765995613661e-01 9.577217918273840391e-01 7.752175282601745376e-01 8.145275460108800658e-01 7.217093738191788788e-01 7.527375388971672132e-01 7.648576405301428238e-01 7.776268102112953162e-01 7.854738362527390327e-01 7.957519287858276780e-01 7.954367788294703923e-01 8.031589729757870888e-01 8.028132332217955414e-01 8.115895213897995619e-01 8.101740916177724294e-01 8.144932657858144909e-01 8.131761871737774872e-01 8.160411031204427568e-01 8.135991727580766941e-01 8.126290825887871883e-01 8.182122112412151260e-01 8.137290815939831612e-01 8.212261150848877422e-01 8.201928213936008349e-01 8.176611217229798889e-01 8.134087206568691997e-01 8.117441714998361313e-01 8.107195358191634504e-01 8.153790930566156003e-01 8.201645709259235417e-01 8.132232792981340941e-01 8.058254638854468466e-01 8.157314222248214231e-01 8.114881762432182288e-01 8.068407234388539351e-01 8.053707374580113543e-01 7.951152883538412652e-01 8.068242153218503354e-01 7.974370392870083757e-01 8.130314956890497546e-01 7.668381124659700010e-01 8.070065253615408274e-01 7.907792037825877030e-01 7.903899827937245215e-01 8.113333959062084544e-01 7.895263450843411634e-01 7.894037749795189685e-01 7.967626560191426455e-01 7.758907276710135248e-01 7.795390626892007013e-01 7.883841642382597437e-01 7.579444685283313055e-01 7.717280325249127326e-01 7.620326202261513693e-01 7.719449039819337166e-01 7.806649076071440208e-01 7.634456501016615437e-01 7.628595377098890129e-01 7.583906354151993545e-01 7.748871246352969644e-01 7.816777602127079616e-01 7.636579332408813814e-01 7.298687945679260825e-01 7.194838407437333938e-01 7.326705456443008968e-01 7.494049079356924770e-01 7.650754559162142865e-01 7.873611304390748522e-01 7.889434291565895485e-01 7.325208796075322049e-01 7.261483492105819115e-01 6.864543668545790567e-01 6.473844608927972200e-01 6.037605497781347585e-01 5.815212670770134595e-01 5.709048513562575700e-01 6.006303306884714921e-01 6.178486374079420473e-01 6.795606506473317321e-01 6.754112459534368229e-01 7.319787424514441199e-01 7.372719986196800690e-01 7.582641224419595094e-01 7.793105935245895344e-01 7.826184950123534767e-01 7.906540665040351357e-01 7.951295718906878918e-01 7.948816802623189792e-01 7.936341666895607716e-01 7.894925062731553700e-01 7.854184237779798794e-01 7.792734115674027073e-01 7.737305037935784391e-01
8.165086044422767975e-01 8.828275050589459161e-01 9.237670884838572460e-01 9.435578381700205908e-01 9.530795621623737723e-01 7.747099354703139706e-01 8.782295544616997018e-01 9.097122071998242632e-01 9.577233822586853629e-01 7.749933346858123295e-01 8.223655518013230914e-01 7.289972690174093550e-01 7.519057691313760783e-01 7.663664915823426016e-01 7.766033670797779509e-01 7.873968680715770496e-01 7.962015705094557250e-01 7.951955131721868408e-01 8.044731407097851505e-01 8.067535669849563718e-01 8.117012054245181796e-01 8.090642894633469639e-01 8.120546811684397071e-01 8.133640823586661961e-01 8.165729477491528998e-01 8.155619687017008346e-01 8.124439788962584119e-01 8.178952755318473766e-01 8.197524679024641436e-01 8.211297655361751158e-01 8.209025257010541532e-01 8.171565225912592600e-01 8.138806491978907154e-01 8.130979197174666995e-01 8.158253890813780274e-01 8.153335873249986099e-01 8.183865274952865088e-01 8.175260338470613508e-01 8.046436659874180997e-01 8.176156336622176779e-01 8.131335227315353853e-01 8.078595860403832152e-01 8.077256945607362848e-01 7.972276897772266890e-01 8.101226197976880705e-01 8.042874625017431001e-01 8.117281699120393323e-01 7.776177670368947803e-01 8.118891640807528454e-01 7.976407879679211499e-01 7.946758666267085269e-01 8.112508157876451298e-01 7.895260293944859065e-01 8.053324822163052676e-01 7.997598296943587703e-01 7.754218974296481770e-01 7.906172677564771156e-01 7.934865953410242811e-01 7.676203585436223165e-01 7.666569184456009101e-01 7.743784392249315474e-01 7.802505334562794825e-01 7.814935679494339205e-01 7.706541555902541862e-01 7.851048651213842211e-01 7.615205811037352168e-01 7.705709682821959561e-01 7.640445736740543170e-01 7.531041615501495867e-01 7.692313487920363624e-01 7.517735838103815071e-01 7.072288548291455479e-01 7.323847596233328261e-01 7.594715690444908684e-01 7.871412622558026095e-01 7.988951898583995792e-01 7.773083255608920217e-01 7.803796779313789678e-01 7.553271779494867832e-01 7.463298272876173201e-01 6.916872942235239297e-01 6.555016411907007567e-01 6.034244182101848875e-01 5.827781726929481820e-01 5.718661046727014918e-01 6.151811466527838945e-01 6.132228581806931089e-01 6.785970123908657836e-01 6.897485583670753817e-01 7.246376288681843914e-01 7.602404082314683231e-01 7.626699943238774981e-01 7.835715912738113742e-01 7.917986170682591585e-01 7.947308190517428095e-01 7.998273332232758159e-01 7.997851065158571027e-01 7.982606798050453367e-01 7.941258808897839749e-01 7.905001249757587223e-01
8.163571403855101050e-01 8.827473141121362499e-01 9.237264949284434978e-01 9.435359063917343470e-01 9.530671175026124153e-01 7.744896738677293779e-01 8.781456444417812257e-01 9.096598668106631314e-01 9.577214339848537650e-01 7.747785456801792314e-01 8.292661205483450315e-01 7.369400235829794976e-01 7.528517532781916488e-01 7.680540497542195366e-01 7.770586566529797956e-01 7.893590680524166237e-01 7.963046806601187244e-01 7.973118787139565899e-01 8.067275446374356784e-01 8.071059355413852110e-01 8.108946781411918714e-01 8.107642811194137877e-01 8.126147603455102786e-01 8.138069069052489279e-01 8.147802963271905119e-01 8.168653399338108301e-01 8.166542550834370306e-01 8.177686463754615387e-01 8.232660801100710746e-01 8.200102412215175551e-01 8.204998803247491868e-01 8.194779595920245185e-01 8.185181291637871892e-01 8.162389248464569924e-01 8.192265712074318085e-01 8.187931390406330001e-01 8.149422897384205333e-01 8.181840060235616718e-01 8.110417761011230464e-01 8.166071711258948707e-01 8.164288102109984457e-01 8.140485994545924031e-01 8.022745350386574215e-01 8.057131829284063240e-01 8.103310608046100372e-01 8.078842559273372581e-01 8.096044300534801508e-01 8.013388933811647075e-01 8.110651753189654922e-01 8.082884269998034110e-01 7.950796736980445534e-01 8.084796781491695450e-01 7.939320135162334369e-01 8.134328376416541939e-01 8.032418169103919814e-01 7.828244852113454000e-01 8.020571891429015832e-01 7.879735065814765793e-01 7.820477013884408191e-01 7.834498596125364367e-01 7.924984611301328918e-01 7.748308891342438054e-01 7.755071140875827718e-01 7.837088860323834227e-01 7.932190527621645337e-01 7.751196094382697410e-01 7.826204117705962693e-01 7.517038300359693004e-01 7.348296637849940360e-01 7.696659787767961003e-01 7.653826661683702515e-01 7.174269919203493107e-01 7.384185589529318472e-01 7.759701143927645317e-01 7.710144022704902289e-01 7.815212201593693120e-01 7.867195170698381146e-01 7.906385015596960608e-01 7.867678604853377555e-01 8.009782117312276295e-01 7.707887816271363768e-01 7.369086085611844528e-01 7.054840486529586618e-01 6.540732556142720977e-01 6.140065724362250288e-01 5.906877816821065608e-01 5.828524092546267799e-01 5.983975510357976146e-01 6.339513814326135366e-01 6.655743583909371486e-01 7.231919011636145367e-01 7.245525464781606972e-01 7.671151775279831941e-01 7.763778728228638570e-01 7.853818580990398202e-01 7.987019037106289909e-01 8.006134534594091523e-01 8.043035957973159178e-01 8.056208725328891651e-01 8.045227923037000517e-01
8.162128930997134546e-01 8.826694772264179756e-01 9.236858330849383458e-01 9.435127898444322092e-01 9.530528294178979287e-01 7.742804096750333098e-01 8.780632854129283293e-01 9.096071593226909835e-01 9.577165427534745090e-01 7.745731206295194404e-01 8.357030359436523614e-01 7.335995046649945728e-01 7.551134909039510790e-01 7.698211027374181059e-01 7.780394127828434980e-01 7.900294793033056928e-01 7.961788552204431824e-01 8.004101498434535999e-01 8.072472301172360920e-01 8.046513568599121813e-01 8.101287757097799247e-01 8.116157498598086661e-01 8.147026580348997182e-01 8.141109309424193752e-01 8.153069698459359804e-01 8.194410933999892732e-01 8.181009525943152561e-01 8.192266592925898649e-01 8.228579718521062958e-01 8.205992336212784011e-01 8.195747114286683344e-01 8.229525873136658287e-01 8.216518354900274046e-01 8.203789139538256725e-01 8.239460145590319362e-01 8.222294587720532233e-01 8.136225497103840576e-01 8.179058962337998340e-01 8.157927822577861754e-01 8.176846574159462033e-01 8.188870281678045648e-01 8.155642109031070452e-01 8.019640098468179268e-01 8.120918525283418177e-01 8.149410160641027412e-01 8.036414987428394108e-01 8.059854698609272283e-01 8.088684824706329213e-01 8.093917010790625532e-01 8.075451755963155565e-01 7.989290690253286753e-01 8.059393248741805182e-01 7.985828296909558421e-01 8.118680772855899619e-01 8.061104510763056341e-01 7.925282715127321964e-01 8.038078025553568873e-01 7.775420063702797036e-01 7.963857779520582270e-01 7.935180925504380367e-01 7.910140270228260828e-01 7.910842481290977224e-01 7.889129438710722475e-01 7.836103473603204250e-01 7.820375787811614243e-01 7.804782264673509884e-01 7.963061551746364319e-01 7.764927854149491493e-01 7.604457403068184407e-01 7.598521632070642795e-01 7.590373596873041251e-01 7.449579321724784098e-01 7.307678719471180084e-01 7.950172261824809405e-01 7.818684565909959083e-01 7.795305141339281541e-01 7.779320149062726175e-01 7.730358203930186578e-01 7.920264807414798547e-01 8.108737822439802123e-01 8.016639410022889933e-01 7.871352988286544061e-01 7.683724469198590645e-01 7.500955572273152461e-01 7.097558518966994301e-01 6.539140289914616710e-01 6.253161170713027461e-01 5.742602188616322545e-01 5.859250482897858658e-01 5.985804881225491592e-01 6.650947538187075292e-01 6.711036721262386706e-01 7.325941466322613005e-01 7.441556273989116121e-01 7.648087755972423629e-01 7.898569549411090795e-01 7.911029228775154909e-01 8.029817782029997630e-01 8.086611866174056029e-01 8.115215260567802957e-01
8.160757579005814000e-01 8.825941860421779861e-01 9.236454163527140215e-01 9.434888572575487187e-01 9.530371128504289135e-01 7.740819040435545917e-01 8.779828270607857865e-01 9.095545314943770387e-01 9.577092286338897420e-01 7.743770459729715228e-01 8.417215836148609354e-01 7.314669072108107573e-01 7.551653818009113062e-01 7.709219219361788111e-01 7.792538386469799461e-01 7.905007105835556436e-01 7.961908329963478526e-01 7.993604610758860973e-01 8.070144142601907156e-01 8.055243741982135441e-01 8.115352364891087467e-01 8.102403401085847001e-01 8.160212433790380304e-01 8.149995841572191813e-01 8.184721871167687235e-01 8.205015297715270162e-01 8.190813272335061290e-01 8.182637277916844365e-01 8.201150836963059243e-01 8.198302933027751260e-01 8.221394583212598972e-01 8.247390173376137890e-01 8.253756982191152725e-01 8.206219219463133374e-01 8.254952987747469217e-01 8.227095889924690431e-01 8.180947994032395920e-01 8.169136151844815785e-01 8.156345781824296814e-01 8.185538844971046446e-01 8.159698520293601209e-01 8.156575474526700509e-01 8.042627461934362953e-01 8.156038402682587174e-01 8.153766359088313598e-01 8.054646539102430225e-01 7.994709781089768263e-01 8.095903668478413584e-01 8.128291561794160902e-01 7.998860732289004849e-01 8.071678824474256553e-01 8.078210928897122667e-01 8.064581302122051376e-01 8.038627466828539569e-01 8.122622325157443646e-01 7.969772011316493820e-01 8.086043551523846018e-01 7.669572097779733255e-01 8.039527430025159571e-01 7.953231339213905349e-01 7.877494696012021791e-01 8.100486445508651157e-01 7.930800961362790558e-01 7.823620981260464013e-01 7.956628442588822292e-01 7.837304446385808809e-01 7.846951929504164536e-01 7.839149010579105070e-01 7.818236114850133367e-01 7.790616696104607497e-01 7.625772118315503612e-01 7.716383952227362508e-01 7.398209503858936831e-01 7.896201400791672542e-01 7.925765266105833096e-01 7.913986780565291923e-01 7.882246872047757869e-01 7.714865831850439282e-01 7.862510259313278960e-01 7.953923725477592965e-01 7.998451915680359070e-01 7.988145481518242885e-01 7.918482002996238833e-01 7.956600670992232116e-01 7.888432901884980808e-01 7.345697153991159745e-01 7.096113276865214647e-01 6.642941271234963363e-01 6.044216407891438436e-01 5.929907218165799687e-01 6.067014429774498785e-01 6.217292560824139169e-01 6.692288510479241781e-01 6.993453666339740638e-01 7.266778382941231351e-01 7.664110847923075731e-01 7.672722942807809199e-01 7.958824731294279475e-01 8.029104197451353286e-01 8.103239123605785466e-01
8.159456425627037435e-01 8.825216109680025234e-01 9.236055224706546385e-01 9.434644347492441296e-01 9.530203341315732768e-01 7.738939459969453871e-01 8.779045804024381283e-01 9.095023796906535063e-01 9.576999512766204425e-01 7.741903100683679151e-01 8.470839061506045820e-01 7.329661070204287476e-01 7.542339711824045390e-01 7.716612185619229347e-01 7.796826096397789785e-01 7.908217742313817800e-01 7.972257757709462211e-01 8.022655678897877563e-01 8.046181543901804734e-01 8.098496918392402710e-01 8.133951952669148389e-01 8.119556066037417752e-01 8.151008990787496078e-01 8.178155232449855205e-01 8.203286606461139829e-01 8.212906569670724855e-01 8.211193920860994089e-01 8.202681836715461916e-01 8.205581930159356885e-01 8.205188274398517168e-01 8.251322363741704358e-01 8.260443450284766786e-01 8.260038008757769612e-01 8.224498575014673740e-01 8.251260985052076835e-01 8.192247498800681038e-01 8.236248343741987554e-01 8.170209512424466691e-01 8.176819699107009676e-01 8.191461346725649184e-01 8.188131513803008632e-01 8.197597911943106386e-01 8.116561441840064450e-01 8.206671866359250833e-01 8.160881102800742193e-01 8.125848738259826565e-01 8.029576182480495650e-01 8.092733791710351454e-01 8.166019760214924261e-01 8.079943091727994631e-01 8.107707153432204272e-01 8.075549330622787680e-01 8.118009461921966707e-01 8.009933012712477929e-01 8.166960243033618561e-01 8.039157950667260577e-01 8.062697195046802934e-01 7.768500105260686128e-01 8.051001409966989097e-01 7.923947759142626612e-01 7.835862120817864707e-01 8.152438244130708611e-01 7.935725877449854027e-01 7.852129348954079990e-01 8.059641747458187178e-01 7.774625555641733188e-01 7.892042155718717034e-01 7.992596927087594061e-01 7.677429700209725816e-01 7.820103956136901235e-01 7.760751772336851317e-01 7.919519456978638683e-01 7.636169669594233822e-01 7.937109308992561507e-01 7.748646102276861569e-01 7.908234522147034040e-01 7.935609169454158618e-01 7.929234384518815126e-01 8.055969862945591142e-01 8.059958477118209785e-01 7.991899898233366661e-01 7.938683779955217901e-01 7.926836794037486200e-01 8.046834356374186203e-01 8.119760314788434519e-01 7.807078673152417769e-01 7.767679685692824298e-01 7.433267769429825478e-01 7.117769804853564253e-01 6.602202725151681273e-01 6.241331950306749921e-01 6.156860078041430651e-01 6.065950902336949557e-01 6.480508510721506577e-01 6.669960726083444813e-01 7.245058785223202902e-01 7.282383216554663141e-01 7.766256193645575401e-01 7.827029094393476161e-01 8.027481558416807994e-01
8.158224086296512745e-01 8.824518722183921637e-01 9.235663807995746488e-01 9.434398008422101300e-01 9.530028101731138346e-01 7.737162664261724165e-01 8.778287887625965125e-01 9.094510338371311065e-01 9.576891141232827254e-01 7.740128217711964576e-01 8.516313935207053820e-01 7.336589763071303949e-01 7.533638309726962135e-01 7.710141521055370317e-01 7.808787840378172973e-01 7.917774393802382571e-01 7.989155519702330066e-01 8.053528200333153197e-01 8.056346894052136554e-01 8.111521918217716731e-01 8.142655053774726648e-01 8.146053038974474525e-01 8.155504858799380585e-01 8.194378452652614220e-01 8.202679015795542039e-01 8.221358120603172726e-01 8.210385985404312637e-01 8.226281221031794821e-01 8.224242386889113465e-01 8.237843226390536566e-01 8.243259396568122233e-01 8.259758696935094457e-01 8.248870767362495027e-01 8.236397918329538825e-01 8.249603904211126881e-01 8.197457506343163169e-01 8.255742931546685703e-01 8.212874098758653485e-01 8.213737830382856764e-01 8.189265060413302155e-01 8.225274868695280350e-01 8.217451513731375279e-01 8.174990999107678569e-01 8.210101585640550148e-01 8.131387936118701365e-01 8.161059304270628090e-01 8.108796738397140436e-01 8.125155430738260076e-01 8.165205121313722225e-01 8.141044642379553498e-01 8.151479714396236975e-01 8.092992368906624101e-01 8.109654965696556639e-01 8.102181048010315134e-01 8.124291350238623810e-01 8.124397045619503599e-01 8.027998901263633247e-01 7.975939876801600992e-01 7.940523641793205689e-01 8.029598396999375609e-01 7.909173606936880097e-01 8.123998036856323601e-01 7.942581455484810649e-01 7.983818895478425048e-01 8.027398902088658250e-01 7.711368990154054970e-01 8.048638787042570186e-01 8.014098986027111682e-01 7.583990857338482883e-01 7.901654268640460055e-01 7.957307788954705030e-01 7.930378116079151996e-01 7.703373151306678324e-01 8.068607081132355141e-01 7.895806567275199805e-01 7.997807095184846782e-01 7.928698032398981965e-01 7.956770742143025599e-01 8.065461059989849080e-01 8.193342553998064215e-01 8.177816762322005495e-01 8.036835584404551369e-01 7.884089548043287099e-01 7.853757782951766853e-01 7.969066522092704830e-01 7.917335662870066404e-01 7.958047538943652244e-01 7.800552695904608980e-01 7.848985377222048587e-01 7.560038371759203457e-01 7.027272712613480410e-01 6.749657190034197285e-01 6.404206753225172299e-01 6.155626897337493908e-01 6.250229618186659009e-01 6.633755151729383570e-01 6.783131063308706077e-01 7.344373121108793701e-01 7.494443424071814963e-01 7.850220075471057157e-01
8.157058363535119039e-01 8.823850204119945140e-01 9.235281619294177791e-01 9.434151804413992704e-01 9.529848047338175254e-01 7.735484874398748101e-01 8.777556068783570753e-01 9.094007437731531640e-01 9.576770627738538932e-01 7.738443605244126333e-01 8.553107473510370706e-01 7.308959790277956836e-01 7.527396164882586005e-01 7.696571847567454938e-01 7.823813656408984407e-01 7.915158613798308762e-01 7.993191752747348389e-01 8.053428910008382235e-01 8.070351770629171639e-01 8.114012881893521989e-01 8.135825442925400663e-01 8.152086208568236625e-01 8.172044230877567594e-01 8.198123312288349007e-01 8.191728671574693976e-01 8.223213824575402731e-01 8.206338938412304218e-01 8.240645300784019689e-01 8.238861598489549687e-01 8.255908559907674249e-01 8.238330977831407331e-01 8.262942783368090183e-01 8.242088278386268119e-01 8.221404965689275146e-01 8.263692006817793256e-01 8.247211154275301270e-01 8.266067215691028647e-01 8.252335939906354501e-01 8.236937380589164359e-01 8.195022150160089502e-01 8.229822040151277829e-01 8.217867440355938191e-01 8.212587045512700357e-01 8.202458315658236465e-01 8.130933645280302713e-01 8.170132127642756315e-01 8.169930570037596818e-01 8.177803730712284169e-01 8.170661598919075619e-01 8.153812567101031972e-01 8.167209247025105645e-01 8.117347767474262232e-01 8.084543230588318030e-01 8.159863770647312053e-01 8.105335822037534887e-01 8.094464543245122323e-01 8.071205939005354768e-01 8.044916402207581418e-01 7.882230969483448035e-01 8.134302555021091230e-01 7.936058229260644081e-01 8.103380746137258672e-01 7.932766192051776688e-01 8.041144250925882364e-01 7.992883023387442609e-01 7.777016925604834929e-01 8.107888220273845592e-01 7.921155748503954097e-01 7.774800588463185447e-01 7.945988657812773637e-01 7.947463783307492369e-01 7.819125309673713442e-01 7.843604431854195314e-01 8.142092791475296076e-01 8.081371429384117677e-01 8.123186536867825769e-01 8.089375857376831513e-01 8.061509408255523867e-01 8.091471998151276157e-01 8.104458874970955629e-01 8.225820687901942430e-01 8.161772053217242195e-01 8.028231298641774760e-01 7.930498925575684144e-01 7.987036570760025489e-01 7.947955622422158140e-01 7.902201836694051629e-01 7.918148813562295718e-01 8.067714793539125795e-01 8.062435122212637806e-01 7.696358323135227275e-01 7.536225874850377426e-01 7.271330473020292118e-01 6.792169883740871716e-01 6.420204424553409561e-01 6.263244296266554656e-01 6.382404862507360388e-01 6.643008460755840394e-01 7.068393017805960632e-01 7.462736987045630599e-01
8.155956465463712890e-01 8.823210489460515671e-01 9.234909847956075390e-01 9.433907495632065654e-01 9.529665321057623206e-01 7.733901538609385673e-01 8.776851142321713262e-01 9.093516884563753733e-01 9.576640874382189583e-01 7.736846078427566109e-01 8.581702198961536077e-01 7.295223790312054257e-01 7.534071847105737740e-01 7.690929059951142621e-01 7.827065320547725857e-01 7.907429695770784583e-01 7.984175603105171382e-01 8.031785221631844163e-01 8.069700493113723949e-01 8.117881736932470726e-01 8.134080829533004708e-01 8.154357229414896935e-01 8.180571135280235717e-01 8.198710350991004203e-01 8.197703919411818418e-01 8.226125545101647951e-01 8.220474522355719627e-01 8.246015571154677870e-01 8.240290954657200073e-01 8.253397868574239293e-01 8.247562892835167414e-01 8.274022877087490180e-01 8.251869065925467872e-01 8.231630779083691785e-01 8.267777570000602871e-01 8.279139779598541082e-01 8.278717073069383758e-01 8.271830473420647145e-01 8.249038836492910143e-01 8.198214200150509834e-01 8.233631747115468524e-01 8.236552132556496097e-01 8.224622048738630120e-01 8.225042484253101138e-01 8.188674854140960413e-01 8.165142579182155247e-01 8.185237116752965836e-01 8.207913716483455913e-01 8.189312573272569118e-01 8.177990095779955615e-01 8.170628513156020789e-01 8.125315853887570272e-01 8.075881237008126767e-01 8.168651242600453166e-01 8.163521406667096914e-01 8.060705739121023505e-01 8.115944320136885271e-01 8.073344701015353619e-01 7.987048026513433596e-01 8.117824684403410762e-01 7.969140403218754054e-01 8.110343948863986130e-01 7.988796442376705498e-01 8.025005525862198841e-01 8.009842048247659552e-01 7.933959018220126946e-01 8.107929910710057753e-01 7.841744761573826716e-01 8.019408067567792564e-01 7.934201601226361644e-01 7.788178548180818561e-01 7.877962143804664308e-01 7.997803253256227096e-01 8.093625049240444902e-01 8.124422192082970673e-01 8.215853900887152284e-01 8.261510312907665021e-01 8.205832120189101575e-01 8.246951348460627162e-01 8.121295576496152524e-01 8.248968714132939306e-01 8.156931185649618499e-01 8.148732090094651381e-01 8.105859646489342873e-01 8.201794611361146181e-01 8.144526587479827828e-01 7.973579473159451148e-01 7.901825400026001311e-01 7.889391493983467507e-01 8.047272759126178343e-01 7.995002935201186434e-01 7.997675617751914823e-01 7.863369738589508495e-01 7.732133658386728392e-01 7.232309671843111243e-01 6.694813276084596865e-01 6.420128285601585105e-01 6.238016890005040338e-01 6.518787853709341329e-01 6.853579959110632780e-01
8.154915586142805761e-01 8.822599292922563841e-01 9.234549385921110298e-01 9.433666509392877320e-01 9.529481698848936144e-01 7.732408160123173113e-01 8.776173547224047633e-01 9.093040049787021184e-01 9.576504334953660491e-01 7.735332322324912635e-01 8.603331778696593490e-01 7.321667916932957931e-01 7.542452461735023039e-01 7.699195628676067660e-01 7.823917608556301140e-01 7.909265343972022855e-01 7.978102908093820389e-01 8.026368042873078812e-01 8.068980613136731428e-01 8.116812704918417998e-01 8.148488907337656517e-01 8.162763099580705450e-01 8.182273461475542131e-01 8.198406636416339932e-01 8.215444626883113832e-01 8.236468372537142368e-01 8.240822268479051083e-01 8.250387154876309692e-01 8.237759387451242254e-01 8.254027290501366743e-01 8.249283327379681729e-01 8.286343730709155864e-01 8.273675892772338614e-01 8.269360445337814447e-01 8.257573015088209845e-01 8.281727987149702930e-01 8.279839843857141890e-01 8.271875271030043608e-01 8.256111684459993549e-01 8.205828426985882773e-01 8.247940987430461002e-01 8.261434440890850217e-01 8.229253061930501545e-01 8.242851085798187372e-01 8.232876817683818516e-01 8.171122317115510070e-01 8.183271729428529540e-01 8.207716817270240828e-01 8.208877082559961069e-01 8.196840842799529847e-01 8.189785348835789680e-01 8.150367009083293590e-01 8.102915927279006336e-01 8.187194896749033779e-01 8.202135463085798994e-01 8.116102974579183504e-01 8.113306225430255703e-01 8.143011235968653505e-01 8.137903595741924345e-01 8.099221916317905778e-01 8.059788480014805634e-01 8.111054644338611119e-01 8.084614909057702414e-01 8.034243720306988301e-01 8.075026628504083925e-01 8.049869120892398922e-01 8.135978205368979976e-01 7.844268797798947812e-01 8.110594320011869085e-01 7.980831135414394595e-01 7.797475768754497105e-01 8.092167141411911180e-01 7.948828823030411606e-01 8.058535705538317773e-01 8.205457538119652616e-01 8.265751854550338340e-01 8.298255137296307593e-01 8.266324877288024897e-01 8.362982747526095384e-01 8.301375400689229300e-01 8.373814403452429778e-01 8.190915506773466248e-01 8.234896561105664592e-01 8.115945570878774218e-01 8.231409635716293582e-01 8.258690097703454969e-01 8.172298892197050746e-01 7.979127055980141936e-01 7.741542795416890277e-01 7.926540207321582931e-01 8.039393213527715742e-01 8.092386936328385127e-01 8.158790554455105370e-01 8.218328233461319465e-01 8.013297404702913740e-01 7.494827125980182414e-01 7.024827109992359819e-01 6.707280886695382582e-01 6.291973237712666922e-01 6.348227857553780940e-01
8.153933337390042446e-01 8.822016398869014786e-01 9.234201026288900715e-01 9.433430095529320436e-01 9.529298727311857897e-01 7.731000904055211898e-01 8.775523705917607220e-01 9.092578152627014410e-01 9.576363146993240871e-01 7.733899539976082371e-01 8.619208810851951563e-01 7.336185700860178294e-01 7.541734580522542197e-01 7.711267586448030675e-01 7.827632565814763854e-01 7.913854055391453812e-01 7.977318794628119880e-01 8.043649850498687526e-01 8.071166188601208713e-01 8.122199662970588374e-01 8.157172338450847660e-01 8.162920833553347633e-01 8.183491322772298293e-01 8.202725520126959990e-01 8.219717195064123461e-01 8.241550553516618915e-01 8.249236327515306888e-01 8.264966335688010979e-01 8.251176262501558334e-01 8.263684564870622529e-01 8.252686332633409894e-01 8.295890138298741556e-01 8.293011832728476307e-01 8.280920834852497636e-01 8.264151631246474672e-01 8.289206570304264998e-01 8.276857504444404823e-01 8.259573930708672407e-01 8.254876375896490481e-01 8.240506518744998843e-01 8.254216348229385103e-01 8.265329081306211911e-01 8.251367914263095793e-01 8.230908665342682173e-01 8.237258746069480164e-01 8.216087904893075722e-01 8.202260429011104526e-01 8.215957854464910337e-01 8.233211690585482412e-01 8.207465292395529355e-01 8.196643733573769630e-01 8.199923592046548526e-01 8.149646151778860981e-01 8.188778804525703725e-01 8.181892974413699227e-01 8.139586941894375594e-01 8.136620199242727836e-01 8.133222426201367483e-01 8.209296038225926129e-01 8.164430082050341264e-01 8.088563288873553692e-01 8.082082759974434927e-01 8.120059728232285057e-01 8.055197745603089876e-01 8.137502536336341796e-01 8.090050447192667082e-01 8.146352418057600797e-01 7.951870982629369866e-01 8.118704094222690681e-01 8.056580287823270625e-01 7.953110147650975792e-01 8.180667703039681271e-01 7.846029536616454525e-01 8.168004790414191696e-01 8.290546016534545704e-01 8.252980369755592571e-01 8.368383333353608400e-01 8.384485369232985708e-01 8.435068252917615750e-01 8.337733670966266386e-01 8.435280451893915066e-01 8.389850725110795659e-01 8.410333419737838767e-01 8.230448981034574896e-01 8.217672949166209273e-01 8.190958522649488538e-01 8.240199806172955332e-01 8.143583321890719429e-01 8.007620544708603516e-01 8.133152297914777451e-01 8.144016099566423472e-01 8.098148498198871614e-01 8.209009882986522122e-01 8.308658265380001184e-01 8.297740207623425235e-01 8.052379416323404149e-01 7.732719304304734864e-01 7.420514825907955636e-01 6.976265613075440797e-01 6.491575278180601316e-01
8.153007702044798855e-01 8.821461671617285560e-01 9.233865498930212690e-01 9.433199373559530976e-01 9.529117779184391734e-01 7.729676517176594652e-01 8.774902056621087798e-01 9.092132312908338676e-01 9.576219204724424339e-01 7.732545407427023898e-01 8.630146853947371355e-01 7.316647936041720257e-01 7.557853127144378291e-01 7.712926477356827348e-01 7.832352594439847548e-01 7.921611025070071088e-01 7.977670383740490534e-01 8.030973317654732657e-01 8.086616340353777188e-01 8.125523370221340302e-01 8.152028669050322973e-01 8.162870030745867922e-01 8.180272675074463651e-01 8.209765938469912872e-01 8.232344552246129155e-01 8.236985638281688615e-01 8.247656618042813470e-01 8.271335331405109681e-01 8.268484872237353844e-01 8.277129916612016025e-01 8.264414477720184449e-01 8.291599643212104187e-01 8.301467953420408330e-01 8.287814135338812394e-01 8.278664014360714862e-01 8.298113815553513906e-01 8.278945449781111021e-01 8.281037298959266213e-01 8.256072499868790660e-01 8.263559270829886616e-01 8.267970638297412744e-01 8.260344661045749826e-01 8.247921988159595541e-01 8.225264095170722323e-01 8.248804719844670119e-01 8.246467364985984316e-01 8.210787824459987450e-01 8.252259677660732651e-01 8.230474068185620329e-01 8.242468312434869659e-01 8.217099212573856226e-01 8.218831559073005444e-01 8.155188964175572597e-01 8.202548181952999951e-01 8.175858044027757288e-01 8.141101661560788960e-01 8.176957221980589718e-01 8.124100431151414226e-01 8.189596126383876795e-01 8.204490546450196042e-01 8.158204214646157526e-01 8.065190224330435198e-01 8.166022183383521149e-01 8.121764731522698177e-01 8.088803413072054305e-01 8.143748396183039251e-01 8.083571237196840453e-01 8.067196068462952896e-01 8.113895823418144637e-01 8.136356497037426916e-01 7.995657503978590430e-01 8.165775034041553582e-01 7.885451992411718347e-01 8.241652888204711314e-01 8.329448540355846031e-01 8.280996776742050036e-01 8.519726090387690354e-01 8.435484453575481378e-01 8.461695667417817868e-01 8.471928052425780065e-01 8.549153156033086898e-01 8.473268638453612667e-01 8.429079308891007649e-01 8.400987811810854966e-01 8.419417326838183335e-01 8.306434142291535538e-01 8.197383853931655695e-01 8.182042254833475914e-01 8.090393125832834320e-01 8.287353938148521726e-01 8.344688724763756893e-01 8.240891756618744513e-01 8.185640295891868368e-01 8.146743808656203845e-01 8.240496474105508673e-01 8.253011748462165675e-01 8.130925223648172162e-01 7.970625620241714726e-01 7.732239543395421633e-01 7.294244321126209796e-01
8.152136630568217468e-01 8.820934837370255632e-01 9.233543356861231288e-01 9.432975268724782536e-01 9.528940014814726300e-01 7.728431742563317552e-01 8.774308821756101606e-01 9.091703403048073673e-01 9.576074146144819554e-01 7.731267498121739967e-01 8.637235061249189938e-01 7.300886734798377464e-01 7.565100128154753634e-01 7.714483310710505970e-01 7.831803782621675758e-01 7.924739264950179107e-01 7.994152780358403376e-01 8.023995992270838151e-01 8.091333672411787914e-01 8.132297085198177955e-01 8.151701628558081225e-01 8.167748432257224689e-01 8.183351872966792007e-01 8.211008629430631700e-01 8.241647883636147309e-01 8.241473277119163443e-01 8.254349609370614793e-01 8.262766859716842438e-01 8.273563568932218448e-01 8.281232694448336096e-01 8.273682158503441464e-01 8.298764277092326447e-01 8.283560101705399470e-01 8.286645629216252695e-01 8.296186505689138180e-01 8.301327461214460524e-01 8.270209260672920504e-01 8.296107166614379302e-01 8.267367499022407751e-01 8.271711165561309587e-01 8.284370584246153468e-01 8.244827735633719623e-01 8.255628238048543510e-01 8.254065028005310722e-01 8.268915044333488007e-01 8.266548347604120162e-01 8.238427100635812295e-01 8.259173488060443935e-01 8.225616536570926618e-01 8.255285423506465436e-01 8.239385934091375541e-01 8.211645366721431749e-01 8.183121075198550587e-01 8.224602466829660230e-01 8.184129714299500646e-01 8.143021083168648921e-01 8.175262356446193479e-01 8.162437160564591787e-01 8.149348835103051858e-01 8.199743047340941615e-01 8.192443517069565306e-01 8.114519786227283316e-01 8.172260366264103570e-01 8.195333447979349373e-01 8.140547440185391670e-01 8.142818673956595532e-01 8.057519190770152662e-01 8.110908424735094879e-01 8.131548266237247358e-01 8.150562892881294541e-01 7.996478410197127573e-01 8.114024807056360311e-01 7.951447503108544090e-01 8.306626052613247380e-01 8.367537674256746438e-01 8.351289408897177857e-01 8.613638705959389963e-01 8.453064343697671568e-01 8.559917652906527952e-01 8.625619255137697561e-01 8.596083879434568420e-01 8.542715361162958043e-01 8.546101459781325627e-01 8.514432940149915252e-01 8.464447334678530943e-01 8.425250959254348970e-01 8.377797306745666805e-01 8.335729321163497518e-01 8.110945684637943520e-01 8.254509475624641768e-01 8.342738144539009193e-01 8.403459483305564248e-01 8.359617995073272967e-01 8.255382820310627201e-01 8.277575247778066192e-01 8.276831555448277422e-01 8.242557033506963116e-01 8.237518159586363353e-01 8.183295896811380032e-01 7.978434899610278297e-01
8.151317694608857245e-01 8.820435280799908684e-01 9.233234857179501986e-01 9.432758433563915856e-01 9.528766323869677368e-01 7.727262822233961215e-01 8.773743781476479597e-01 9.091291889574965035e-01 9.575929309572615011e-01 7.730062776560674420e-01 8.641351152757640319e-01 7.293660973540053716e-01 7.563800155097515354e-01 7.714280297210790449e-01 7.827941330264904796e-01 7.930772471490881159e-01 8.003027157790812973e-01 8.041094907424805038e-01 8.089143558518067101e-01 8.136464773917407856e-01 8.151106064611720603e-01 8.172789590906629487e-01 8.188595214685748802e-01 8.215534032313291934e-01 8.233992661641776900e-01 8.239853367716877264e-01 8.254138119738755330e-01 8.251328579160253085e-01 8.269882469161662364e-01 8.280365664926734315e-01 8.281578085045832038e-01 8.311196431775272897e-01 8.279861284608772687e-01 8.289153783895647498e-01 8.302007801301981571e-01 8.295414255963148298e-01 8.275809907791118469e-01 8.301461674977793637e-01 8.295071234616870903e-01 8.288549655130357241e-01 8.297615026250203529e-01 8.251932835808901689e-01 8.253054535011370429e-01 8.272275671503004357e-01 8.254913346481348446e-01 8.250053894153841494e-01 8.265262539778468476e-01 8.264957043539322701e-01 8.236212981585777637e-01 8.240610755327753001e-01 8.250007150995668503e-01 8.221262804122553280e-01 8.215174612661710896e-01 8.200462760255177175e-01 8.226953544466292234e-01 8.155959274942012893e-01 8.185983555533049572e-01 8.180530872902904704e-01 8.186811739544066491e-01 8.198995309017631516e-01 8.199669612023098297e-01 8.175287229173007209e-01 8.191501839557083775e-01 8.241336989443502903e-01 8.211341068095650009e-01 8.144845034434110564e-01 8.038078417965316413e-01 8.067712430789729661e-01 8.179863171712977721e-01 8.124380809371021250e-01 8.048115755585232289e-01 8.092000575937638995e-01 8.066915734884509970e-01 8.339740046872305967e-01 8.449632231394741400e-01 8.439767925055756681e-01 8.662488816232408739e-01 8.513369118566485039e-01 8.689499454950512236e-01 8.705761149017233747e-01 8.650579532258599880e-01 8.680342183378219056e-01 8.660720776488488593e-01 8.553193079729263237e-01 8.531746511224582719e-01 8.541312997681911323e-01 8.495112716835113709e-01 8.415714110205736453e-01 8.284118230879367051e-01 8.381070825248538858e-01 8.349648188638882917e-01 8.384714191376685388e-01 8.462067284097098963e-01 8.443452579545535075e-01 8.475100828044336287e-01 8.410946237777769952e-01 8.255243707700702371e-01 8.171334184151577418e-01 8.243002044893328328e-01 8.196628329254549428e-01
8.150548110060774620e-01 8.819962058081011191e-01 9.232939969401680047e-01 9.432549254498844293e-01 9.528597331724215636e-01 7.726165529923586517e-01 8.773206286625294670e-01 9.090897842902070369e-01 9.575785737758887306e-01 7.728927627643793485e-01 8.643438980796723792e-01 7.310985121130216813e-01 7.560307711525148244e-01 7.714710433754770058e-01 7.826421855676227723e-01 7.931478715892165132e-01 7.993189619704271776e-01 8.043622512067006847e-01 8.086746959521626810e-01 8.137461106043610837e-01 8.153616555894164231e-01 8.174371179493344908e-01 8.194134384184436071e-01 8.222816410738417181e-01 8.234557452656702248e-01 8.240690911603034685e-01 8.254261352501052196e-01 8.258194857729679317e-01 8.270791476947325638e-01 8.286658223830637438e-01 8.287113671965186112e-01 8.311287754734181243e-01 8.293477651369246528e-01 8.295161386634616330e-01 8.301584085234211541e-01 8.296335342377872957e-01 8.295744522134739229e-01 8.304096611189990540e-01 8.315694768258873326e-01 8.288018724951130567e-01 8.303214293388521128e-01 8.275202361204085921e-01 8.253426586775607365e-01 8.278363203641514456e-01 8.241935521314824875e-01 8.227238169619106589e-01 8.278129473921723713e-01 8.272909495945337532e-01 8.244160737519943272e-01 8.231541071560295464e-01 8.260020025715809622e-01 8.238302558587505819e-01 8.227941844999802079e-01 8.176493186710782624e-01 8.243962394354509282e-01 8.195312178865978847e-01 8.216950845451086449e-01 8.192625486425214598e-01 8.240371653203925062e-01 8.199324229276627740e-01 8.175404138516738639e-01 8.195952076321985080e-01 8.213390373613657092e-01 8.237606381845778980e-01 8.217303574175469638e-01 8.147524631453789690e-01 8.070360758905991139e-01 8.049456568042598903e-01 8.215881050532726215e-01 8.138945968919282237e-01 8.054390858327113989e-01 8.134087015922779607e-01 8.163745940660107614e-01 8.369813707317029783e-01 8.535292127101736792e-01 8.516173390395208598e-01 8.718733853758915409e-01 8.607224552643897297e-01 8.780452076781914972e-01 8.752845952418657482e-01 8.745438703374388556e-01 8.799885225520475140e-01 8.702845982934001023e-01 8.638722062185816286e-01 8.679083980805379905e-01 8.607309200048471887e-01 8.529510743949615392e-01 8.496517900746828333e-01 8.436546060740325315e-01 8.501249214751140926e-01 8.490525066482601524e-01 8.457495195495109419e-01 8.528066737923751806e-01 8.482956619469443904e-01 8.540663170023055084e-01 8.548461698473822645e-01 8.397527653157272898e-01 8.182269948539309112e-01 8.165949948064583630e-01 8.089960967437755945e-01
8.149825083417410188e-01 8.819514114518181014e-01 9.232658515420193446e-01 9.432347954750912589e-01 9.528433485896243837e-01 7.725135662760084232e-01 8.772695507273396975e-01 9.090521123849503171e-01 9.575644253864507016e-01 7.727858366322186701e-01 8.644331664067730348e-01 7.342198632196657027e-01 7.554453586330756032e-01 7.717256487048429481e-01 7.826094755108358170e-01 7.929686086517541144e-01 7.992959246398058104e-01 8.042195970212034917e-01 8.090426454962265090e-01 8.135313166925980388e-01 8.158146887217775367e-01 8.176080907216187743e-01 8.196394545853343816e-01 8.223488886026941724e-01 8.240929349199949128e-01 8.249484236354882594e-01 8.263071384368125827e-01 8.271259930167086383e-01 8.277617830248678032e-01 8.296751784980301858e-01 8.290856079951657298e-01 8.303134566676567685e-01 8.306987703495560815e-01 8.299555600366630426e-01 8.303087569820178926e-01 8.301706978080849453e-01 8.310341533065500608e-01 8.299174846390278137e-01 8.315302625590925700e-01 8.281805985123884550e-01 8.291716666314794537e-01 8.288290198256755836e-01 8.267810529403466502e-01 8.284283682228896772e-01 8.253529214815727988e-01 8.234768132472685132e-01 8.274889987413419634e-01 8.270924014442818661e-01 8.244700455112371484e-01 8.252312101552653489e-01 8.255218374458953567e-01 8.250276137393779408e-01 8.235086811413951935e-01 8.182801505826136079e-01 8.220783938428962712e-01 8.236022964713790584e-01 8.235916605218406294e-01 8.229998161833796955e-01 8.248520503498232292e-01 8.208447094746041950e-01 8.152167563038171805e-01 8.208307722810643803e-01 8.202953031569883979e-01 8.232252637299045661e-01 8.206007902707755930e-01 8.152383054050228450e-01 8.145092550854399205e-01 8.129269881779064288e-01 8.235478019547666229e-01 8.192321126485326843e-01 8.042734289216703081e-01 8.161396979774127036e-01 8.202138181768210412e-01 8.434688319368643938e-01 8.577132469458328412e-01 8.597807777618995395e-01 8.770246493874918059e-01 8.707672013367053765e-01 8.835279125711880122e-01 8.823376202799788626e-01 8.830306956929051543e-01 8.878730758087901576e-01 8.742635823136089002e-01 8.778899296126031482e-01 8.767896210426291415e-01 8.631687729486643423e-01 8.650892818535305118e-01 8.619453717589677932e-01 8.458981340728518594e-01 8.540039556504532836e-01 8.635654919938942076e-01 8.637684503824428761e-01 8.651271391192558724e-01 8.568419273372814837e-01 8.562181621562603429e-01 8.559747101755463827e-01 8.487559401042094054e-01 8.416948099720710230e-01 8.304326098398954192e-01 8.077823427638594067e-01
8.149146156470805646e-01 8.819090512795968451e-01 9.232390324057156983e-01 9.432154713236344801e-01 9.528275159486765400e-01 7.724169526870587887e-01 8.772210700287701446e-01 9.090161591881352754e-01 9.575505559851998916e-01 7.726851754346968359e-01 8.644518069827618056e-01 7.355265477528782903e-01 7.555256918994911475e-01 7.719071532836775384e-01 7.824386201195061563e-01 7.935638161811520153e-01 8.007785786050469756e-01 8.057542007047667765e-01 8.101898137943628342e-01 8.132214860151359970e-01 8.157567083889257775e-01 8.180996466348857687e-01 8.193830163955189150e-01 8.219769614860552576e-01 8.234923741844156764e-01 8.253476275482514168e-01 8.267221687701694632e-01 8.273095620847258358e-01 8.282112248944649702e-01 8.298458618661406216e-01 8.299864991458569818e-01 8.300219995840054654e-01 8.318080953017008561e-01 8.304471830712548686e-01 8.307717394207716488e-01 8.302258961315739372e-01 8.314668401591072122e-01 8.299973497131906131e-01 8.313553108278013415e-01 8.298963047516564329e-01 8.279251374197590385e-01 8.290048901578925822e-01 8.278326039672735392e-01 8.288692140074698234e-01 8.261183664071236610e-01 8.255660626690394244e-01 8.259381382849501074e-01 8.268726691223831082e-01 8.252444940782379668e-01 8.282813703057740895e-01 8.241052878725065867e-01 8.263560131188597557e-01 8.246791707918261771e-01 8.196303714040137356e-01 8.221968912167170185e-01 8.245068409802053244e-01 8.238296246560111724e-01 8.246027134817089932e-01 8.244840395738662897e-01 8.235451973698493244e-01 8.197887985185556836e-01 8.234450127244531403e-01 8.200559840206554929e-01 8.269059489988122014e-01 8.214251203513525112e-01 8.179302041700561299e-01 8.167441298434587882e-01 8.217883211391910914e-01 8.222754594948165074e-01 8.214189567550622684e-01 8.105179527614182478e-01 8.143341012818221536e-01 8.232794264300481446e-01 8.507457970009553172e-01 8.602765818448003809e-01 8.685116608283637296e-01 8.816542054059244293e-01 8.800104394831036458e-01 8.889119062943640071e-01 8.904741224438798008e-01 8.910602493765105159e-01 8.956970437373175109e-01 8.818071609468487448e-01 8.874754429157151181e-01 8.812778193139042537e-01 8.722949115690625810e-01 8.788975527462024040e-01 8.653242584740193921e-01 8.514288718775777642e-01 8.673696177060804535e-01 8.705379408536383368e-01 8.691879118277798799e-01 8.762403064584314283e-01 8.758629399871113996e-01 8.701220908997359116e-01 8.605625072146154686e-01 8.458469515787703230e-01 8.504907756731659996e-01 8.438759517818108513e-01 8.296109702521182738e-01
8.148509260899290396e-01 8.818690485961311332e-01 9.232135278283523094e-01 9.431969708528374907e-01 9.528122694829556094e-01 7.723264008542932713e-01 8.771751280040992471e-01 9.089819170825604866e-01 9.575370286345307180e-01 7.725905093019014291e-01 8.644320445130900810e-01 7.357548101279717256e-01 7.566554151868366551e-01 7.721527641147873933e-01 7.824144698972402834e-01 7.935869417997025721e-01 8.007619125746266997e-01 8.050248159715038820e-01 8.107520473999855204e-01 8.137582843756157036e-01 8.160260261185872110e-01 8.184970670841003049e-01 8.197629977299265569e-01 8.220279179768914535e-01 8.237027763154093352e-01 8.256402074885376141e-01 8.264687203621948752e-01 8.280075958833413852e-01 8.284993555312395452e-01 8.294500493607877001e-01 8.313262204507188002e-01 8.304149874018126321e-01 8.318796923904269169e-01 8.306378519208194033e-01 8.320786653005570743e-01 8.312541180989516665e-01 8.310593511117061460e-01 8.315529199137040584e-01 8.318390247520774938e-01 8.304171571774049410e-01 8.294389460857958252e-01 8.287127002534354636e-01 8.293085358604075363e-01 8.300999172368920265e-01 8.270292471698773573e-01 8.274655570613647093e-01 8.258276055795282788e-01 8.264582407281291232e-01 8.265372776726326309e-01 8.285322821441831742e-01 8.268827155312800103e-01 8.269040907202289681e-01 8.262892939095629607e-01 8.234439888005106178e-01 8.246406258518579335e-01 8.250852210864106917e-01 8.231552959925357849e-01 8.227511310594984861e-01 8.238656511071325017e-01 8.245986722627506316e-01 8.260173568143419631e-01 8.244272144350970333e-01 8.227161135218841181e-01 8.276628375306274155e-01 8.244647625826579951e-01 8.181746675477935549e-01 8.186538821767499474e-01 8.230107831923914041e-01 8.164806982062934315e-01 8.210550320274719871e-01 8.146832895246870487e-01 8.180573466656534398e-01 8.240194493852137647e-01 8.577459440763182119e-01 8.669220300294533388e-01 8.725567749331268885e-01 8.893200478122399444e-01 8.866452586694569815e-01 8.959993227672176097e-01 8.967679856223138568e-01 9.000722173448124641e-01 9.016371438401066252e-01 8.920601908924690182e-01 8.944765158280310047e-01 8.878199143845963981e-01 8.833736401692691143e-01 8.878766209785357022e-01 8.684225822317531707e-01 8.674170632991818897e-01 8.743364330211156332e-01 8.740020838744840814e-01 8.807886709893167909e-01 8.866690644116067554e-01 8.823462980134212374e-01 8.798801028400631274e-01 8.780044586576057908e-01 8.606199836427184113e-01 8.520360133652172818e-01 8.408420907044169557e-01 8.315821414122186450e-01
8.147912479327026336e-01 8.818313301551585770e-01 9.231893238746873287e-01 9.431793070699855397e-01 9.527976369373116761e-01 7.722416229701009049e-01 8.771316669948276967e-01 9.089493748045925914e-01 9.575238970824144769e-01 7.725015877246511620e-01 8.643946985580567288e-01 7.349663346328977331e-01 7.569133641681017322e-01 7.719876580434190672e-01 7.823395516859857901e-01 7.934398990976312405e-01 8.011756409956189984e-01 8.051890646093067261e-01 8.108719972701573520e-01 8.141112115189658160e-01 8.162310524148714830e-01 8.185626199217664878e-01 8.204401902828241111e-01 8.220357591200735392e-01 8.236143290660540295e-01 8.253518057926078066e-01 8.262167703422239606e-01 8.281292337278476356e-01 8.289244033896628894e-01 8.295901248529572447e-01 8.320523502537474636e-01 8.310904754117869331e-01 8.317836022392326445e-01 8.308091768070826610e-01 8.328309765035619705e-01 8.320406674718057172e-01 8.309937823654922617e-01 8.311797912717776571e-01 8.314135384684694374e-01 8.312788522988358020e-01 8.303644781071349845e-01 8.285519807356561683e-01 8.298055410008409183e-01 8.291493998480615746e-01 8.280755020308703251e-01 8.286123063325664395e-01 8.272054258717667086e-01 8.273383714986873860e-01 8.275472093995942524e-01 8.285614319576374287e-01 8.297074227575564898e-01 8.283079265934520929e-01 8.271005054005956536e-01 8.251571742589206560e-01 8.274809932059914441e-01 8.271209190996883232e-01 8.246207784534923535e-01 8.236191201926043037e-01 8.251039138221986091e-01 8.275364245546102948e-01 8.268475404319679534e-01 8.262116506683517825e-01 8.246598704805399027e-01 8.241544662843678370e-01 8.273638865147191490e-01 8.219148835094229888e-01 8.211311507029936951e-01 8.237646943758178963e-01 8.222319849161051630e-01 8.237712819044176182e-01 8.185957472613627495e-01 8.225030996282494122e-01 8.250786003721857220e-01 8.623753090581057767e-01 8.747060197290376093e-01 8.776106175313103108e-01 8.951392334052337141e-01 8.943540675427592568e-01 9.038800562324075250e-01 9.014580665633213918e-01 9.092974563907111341e-01 9.063929183701868730e-01 9.026648001645779518e-01 8.995411754435842511e-01 8.966837679912935677e-01 8.911247578105805367e-01 8.950779145366839495e-01 8.749486412685820724e-01 8.782978935863333669e-01 8.777502792051697922e-01 8.844165664081654610e-01 8.918891272011827409e-01 8.915041609247336130e-01 8.905169586958368022e-01 8.913072627208284970e-01 8.857608573905894067e-01 8.723946807445622786e-01 8.656850158781455029e-01 8.484588159697794563e-01 8.234700503434443375e-01
8.147353761767518465e-01 8.817958087912852738e-01 9.231663936554096450e-01 9.431624806236091896e-01 9.527836336010419016e-01 7.721623143078439888e-01 8.770906104899646172e-01 9.089185030633099016e-01 9.575112007048579565e-01 7.724181375159808738e-01 8.643515632433276252e-01 7.344624345238608409e-01 7.567389916801178229e-01 7.720488346098166588e-01 7.827859240795986828e-01 7.934992769292203985e-01 8.016932530472667962e-01 8.057721621434938974e-01 8.105146705139281149e-01 8.139145674500399830e-01 8.164282385828957045e-01 8.185095086622337091e-01 8.205393719582424472e-01 8.217075137631650872e-01 8.231523637349463796e-01 8.250583594320113345e-01 8.263284551451075544e-01 8.278473694255689130e-01 8.287430256997943001e-01 8.299016293627279328e-01 8.318274392777853521e-01 8.314839601982282336e-01 8.319073614607580547e-01 8.314861424997611605e-01 8.322782819710475843e-01 8.324823946306811884e-01 8.320925719227580952e-01 8.313201117066233437e-01 8.313357074074393394e-01 8.322183541467410572e-01 8.304946711981947560e-01 8.293915453079104827e-01 8.301132928470479344e-01 8.287550071229563553e-01 8.296512090109827708e-01 8.287825405015804003e-01 8.284465096518968119e-01 8.285400891833721859e-01 8.283481107925494413e-01 8.291943108592592093e-01 8.297562379954681600e-01 8.296981707538987338e-01 8.278307697495536077e-01 8.262964622777617674e-01 8.289091034718106821e-01 8.280032027657519000e-01 8.260295470495272463e-01 8.262460388624623953e-01 8.268779261797802871e-01 8.292109124619310156e-01 8.266828070017591124e-01 8.292413989539330066e-01 8.256188861970301662e-01 8.239590357218928851e-01 8.279541174104271262e-01 8.248137224950358171e-01 8.236966092730130251e-01 8.228092866682515938e-01 8.281058171434266812e-01 8.261933861336145934e-01 8.185360008291617806e-01 8.214519601593907039e-01 8.223786729756908942e-01 8.649048100337243250e-01 8.806414303444940472e-01 8.841169625137094146e-01 9.011010610223585404e-01 9.012118238922431912e-01 9.119532275882101802e-01 9.083450427956843987e-01 9.154601593613200805e-01 9.133669512592106354e-01 9.107201673622332683e-01 9.058278176727321274e-01 9.052148522950855813e-01 8.980990005011447730e-01 9.015468692753206836e-01 8.836890797346683701e-01 8.858253840530559975e-01 8.834136624260661153e-01 8.966080943719413332e-01 8.986495589527287997e-01 8.981926135920828003e-01 9.029818716033672921e-01 8.975062537037845622e-01 8.917910003196025670e-01 8.846119841345636559e-01 8.745443249788522611e-01 8.573273915668770950e-01 8.359524769319909288e-01
8.146830852034803172e-01 8.817623787580235462e-01 9.231446943901472357e-01 9.431464777251751253e-01 9.527702606627499460e-01 7.720881427361528937e-01 8.770518576675210287e-01 9.088892505147156964e-01 9.574989629790411350e-01 7.723398515104845652e-01 8.643078004134088221e-01 7.341784346692686869e-01 7.565074100642256161e-01 7.720802606129980594e-01 7.833103236443563766e-01 7.935374443254958887e-01 8.016918157908625719e-01 8.064791173974832361e-01 8.103026235928204590e-01 8.136075588359045208e-01 8.166402522590111568e-01 8.188510873116175981e-01 8.206616112716713651e-01 8.221007433186592328e-01 8.237047298688093822e-01 8.255799074002415638e-01 8.267384660289728293e-01 8.278564913662337377e-01 8.288828196272401971e-01 8.301783076727801136e-01 8.315584450849136111e-01 8.320878834361546961e-01 8.321437546734139490e-01 8.320852176826284419e-01 8.318153136367094636e-01 8.328194957122788677e-01 8.329141442787941774e-01 8.322495985606632729e-01 8.317367323470574725e-01 8.325522954614441584e-01 8.304773382182705221e-01 8.308718075473489062e-01 8.310051227923797024e-01 8.298346790631736525e-01 8.308324989425106555e-01 8.291098017806359799e-01 8.289999654243047633e-01 8.298098597206213789e-01 8.287318391513565086e-01 8.290648523812451653e-01 8.283840837140178381e-01 8.296602956556643482e-01 8.282168114222302480e-01 8.276151177201611642e-01 8.297622558799016002e-01 8.278830788237078186e-01 8.271302553360977416e-01 8.274450720420758465e-01 8.277214490267567060e-01 8.287713084383572237e-01 8.269663131916352716e-01 8.304087925674674686e-01 8.260362388122470811e-01 8.269059204444486610e-01 8.279997404252370519e-01 8.243713768059225400e-01 8.256101190248049670e-01 8.241521535335692983e-01 8.277935459849985467e-01 8.268581372281936792e-01 8.167066878683514330e-01 8.203094558473786879e-01 8.191916077163948762e-01 8.695498507379708641e-01 8.869840712580299158e-01 8.920189599198071750e-01 9.086541746190134328e-01 9.073770976692245860e-01 9.187421970960453210e-01 9.159442613666917143e-01 9.209288314712023027e-01 9.197477197525699699e-01 9.175534183697899859e-01 9.138452990608156856e-01 9.112936825702359078e-01 9.073634243667236809e-01 9.066415472214902627e-01 8.938240653881611708e-01 8.916172841376950320e-01 8.922784083895903828e-01 9.050907892089736784e-01 9.046186740610139276e-01 9.074890533854768071e-01 9.121742319395982346e-01 9.022040122986105803e-01 9.031041199698386368e-01 8.917668137359876512e-01 8.796536635399841986e-01 8.697083693968116203e-01 8.500005642954122642e-01
