8.980525053478719336e-04 8.439662676023189153e-04 7.905395487842534338e-04 7.245923469177311185e-04 6.589423273005999603e-04 6.151398065011272820e-04 5.827740682155432275e-04 5.657560342236530411e-04 5.427378172512418910e-04 4.988287412643292035e-04 4.451308627088140161e-04 3.901151495327611881e-04 3.370667260913253718e-04 2.956802898048461786e-04 2.587093273944164606e-04 2.282987847189863124e-04 2.017111282649079523e-04 1.796276394912150749e-04 1.509227564812030671e-04 1.356022715699048225e-04 1.218367414180753075e-04 1.094683754193852791e-04 9.835536554301408730e-05 8.837031623647335075e-05 7.939874668195675796e-05 7.133779054068794992e-05 6.409503352140902581e-05 5.758742748878337505e-05 5.174035671640788645e-05 4.648678248314400943e-05 4.176646332063211757e-05 3.752527229454829562e-05 3.371458057946441023e-05 3.029068982461994498e-05 2.721434063332753828e-05 2.445025689295300379e-05 2.196674243512753265e-05 1.973531912405762713e-05 1.773039810091875122e-05 1.592898978663084418e-05 1.431043701393737043e-05 1.285617947908811306e-05 1.154954159520422846e-05 1.037554014436275113e-05 9.320712389713201230e-06 8.372963543391047711e-06 7.521426561003492950e-06 6.756337627547093733e-06 6.068924499418269600e-06 5.451306542308122658e-06 4.896404135970018427e-06 4.397856318154585213e-06 3.949951699899093814e-06 3.547557124982524795e-06 3.186064499983972709e-06 2.861338479924923939e-06 2.569661484987956127e-06 2.307704250147543302e-06 2.072473865512813248e-06 1.861295905079947144e-06 1.671766070048710938e-06 1.501744160477555325e-06 1.349314618740697093e-06 1.212773299559270314e-06 1.090610620747325704e-06 9.814934743521961788e-07 8.842817995553910222e-07 7.979149995516619753e-07 7.215959587834603236e-07 6.545591163067037239e-07 5.964006339304424919e-07 5.465932707411104478e-07 5.051201808956625684e-07 4.719179505934831982e-07 4.474565585169242156e-07 4.327098071813622506e-07 4.299558059909000072e-07 4.417193029344101893e-07 4.755522756566732911e-07 5.449687069425857348e-07 6.837070976980572460e-07 9.936579205515835578e-07 1.954230915547166218e-06 1.228340872464867042e-05 4.357950699741170370e-06 1.366303012159910787e-07 3.368094080347261998e-08 4.698020942466455756e-07 5.632539503253974472e-07 9.594187145088467759e-07 1.482779826391266221e-06 2.694362837230787429e-06 6.102417717349695868e-06 4.082471946296274473e-05 6.941752239030144461e-06 1.385740349257485378e-07 3.287259557861673485e-06 6.863760150941572229e-05 6.625763735085601893e-08 2.039170831384965528e-06
1.072641570701734180e-03 1.008052751545084795e-03 9.442538073743535036e-04 8.655007898128218649e-04 7.870971210747561807e-04 7.347752061223304784e-04 6.961221872626139175e-04 6.758066193275453441e-04 6.483265614645299926e-04 5.958838871452319099e-04 5.317416527826714133e-04 4.660220540425353305e-04 4.026517541717950194e-04 3.532129550842643805e-04 3.090486871958209990e-04 2.727213398772089167e-04 2.409606256477257085e-04 2.145804114415804267e-04 1.802903160138882041e-04 1.619888789746910546e-04 1.455449083100038721e-04 1.307699235228356870e-04 1.174945337620106751e-04 1.055665627898732557e-04 9.484926026791674208e-05 8.521974885948960818e-05 7.656763591563290998e-05 6.879371652094911716e-05 6.180885824766103832e-05 5.553297945175607195e-05 4.989411792402727357e-05 4.482761541410786737e-05 4.027538133713601167e-05 3.618521474661250765e-05 3.251021721413729389e-05 2.920824854048584924e-05 2.624144491960186436e-05 2.357578667902732373e-05 2.118070554502774671e-05 1.902873816502749033e-05 1.709520737107162000e-05 1.535794082021004999e-05 1.379701748555913492e-05 1.239453778698973697e-05 1.113441848440052143e-05 1.000221023488094327e-05 8.984929891814895091e-06 8.070912381862109294e-06 7.249676148251124623e-06 6.511804847277271540e-06 5.848838154936535460e-06 5.253173875473406022e-06 4.717983546230024295e-06 4.237130875296313230e-06 3.805103759292894229e-06 3.416951919390280841e-06 3.068226003256510481e-06 2.754932859019241155e-06 2.473483783055025221e-06 2.220659161862779033e-06 1.993566287748985556e-06 1.789612958632739732e-06 1.606472363852630995e-06 1.442060485415642716e-06 1.294511788389750395e-06 1.162158802800831450e-06 1.043524157507162573e-06 9.372660335639761726e-07 8.422362003484900898e-07 7.573837871741453112e-07 6.818675019672408370e-07 6.148707553372209011e-07 5.558249780756781740e-07 5.042002760547224812e-07 4.597111396962550285e-07 4.222982985320763815e-07 3.924194006315526988e-07 3.706517108566476806e-07 3.594393803216645424e-07 3.634282509194505822e-07 3.946776078647324279e-07 4.902181095942580145e-07 8.254649538522748125e-07 4.597438459796526154e-06 1.672964713874914006e-06 1.056758608954229282e-07 1.235436719335115093e-08 4.180820222338350106e-07 3.035021260693862596e-07 4.230823666843500065e-07 6.030378689284073238e-07 1.036959377280836638e-06 2.278436895766728479e-06 1.500668442566793839e-05 2.570181306522972253e-06 5.160946099230847148e-08 1.240675513302927614e-06 2.519557805036689275e-05 2.729944377540314688e-08 7.872891613781934659e-07
1.329963247329489767e-03 1.249900737314377491e-03 1.170821949577741366e-03 1.073203092283946981e-03 9.760074710287919069e-04 9.111267367752427619e-04 8.632097855467330038e-04 8.380402452951911342e-04 8.039915680629905210e-04 7.389732177376280315e-04 6.594347213996705525e-04 5.779344682488325030e-04 4.993462946377355549e-04 4.380358747733529602e-04 3.832664628952516970e-04 3.382159608114893436e-04 2.988285661650711572e-04 2.661136355452362349e-04 2.235890925110919707e-04 2.008927426945361747e-04 1.804998374931452083e-04 1.621766564652552434e-04 1.457131480510271456e-04 1.309206052989537279e-04 1.176294484319037603e-04 1.056872996932820111e-04 9.495726217234751740e-05 8.531631181569199478e-05 7.665391469954485290e-05 6.887076023821268368e-05 6.187760639097034565e-05 5.559426852273893944e-05 4.994870642598991971e-05 4.487618357424344809e-05 4.031853908952782192e-05 3.622351280978595669e-05 3.254414778197852067e-05 2.923825425068162851e-05 2.626792263128590341e-05 2.359909382744658423e-05 2.120116398641009946e-05 1.904663558691045117e-05 1.711080303285661853e-05 1.537146755389602666e-05 1.380868292347545105e-05 1.240452912797788162e-05 1.114290432051789804e-05 1.000934133759766598e-05 8.990840431138414694e-06 8.075722931907381390e-06 7.253495501463695243e-06 6.514728899945849055e-06 5.850952684896206029e-06 5.254555308812867592e-06 4.718698288139374148e-06 4.237238904366569123e-06 3.804656313853942191e-06 3.415992822862924977e-06 3.066793226224785819e-06 2.753056179281542231e-06 2.471187196056925995e-06 2.217959361035994719e-06 1.990473880766803629e-06 1.786129740866940157e-06 1.602592130810136354e-06 1.437767529354082932e-06 1.289784357309097809e-06 1.156952997002834344e-06 1.037782599829633961e-06 9.309234059806550854e-07 8.352096901241523318e-07 7.495650531756251439e-07 6.730973532086490886e-07 6.049945680324572636e-07 5.446138171114732219e-07 4.914647126420641838e-07 4.453429050050612790e-07 4.061327119835131277e-07 3.746225145690759782e-07 3.526533650596167218e-07 3.455499301500144895e-07 3.703596789410987476e-07 5.091598233282721526e-07 2.265752874194153841e-06 8.700617834567523585e-07 1.114362987266450297e-07 5.814527554464651340e-09 4.696888679023393136e-07 2.504515869665301373e-07 2.781536719627831376e-07 3.495067717242642010e-07 5.420809013740488298e-07 1.116817910425750953e-06 7.098128162181594702e-06 1.236215072925871338e-06 2.515633470197152168e-08 6.226781394300636018e-07 1.187844551932413083e-05 1.617555854882447986e-08 4.141973261775112963e-07
1.675743697608543786e-03 1.574897475732622365e-03 1.475299194997764475e-03 1.352344433940043085e-03 1.229906823394926688e-03 1.148145141058750122e-03 1.087784313761287844e-03 1.056103134356102058e-03 1.013241616483065996e-03 9.313281175461012550e-04 8.310963719423759052e-04 7.283828558184459161e-04 6.293371241057294863e-04 5.520678935765281452e-04 4.830420607950617349e-04 4.262650992032225670e-04 3.766251389453183110e-04 3.353943703844616884e-04 2.818000140908737778e-04 2.531953848942393144e-04 2.274937016895164942e-04 2.044004398118092402e-04 1.836508964064015727e-04 1.650072628699875241e-04 1.482558315922549871e-04 1.332045707812269371e-04 1.196809561386606566e-04 1.075299450036743053e-04 9.661223424854775363e-05 8.680266417497021667e-05 7.798876346630078532e-05 7.006947511625582310e-05 6.295400601082301812e-05 5.656076749392103772e-05 5.081645795409291713e-05 4.565521230048187081e-05 4.101784899227209108e-05 3.685119456197175487e-05 3.310746985363498929e-05 2.974374851032620629e-05 2.672145887463250278e-05 2.400594426906122901e-05 2.156606674470577383e-05 1.937384775855671297e-05 1.740414773848465203e-05 1.563438080102336021e-05 1.404425251308315953e-05 1.261552874407462682e-05 1.133182466585574519e-05 1.017842049850876299e-05 9.142090265850498843e-06 8.210949081452174222e-06 7.374320134332148978e-06 6.622609359994856805e-06 5.947196552201438606e-06 5.340337960354310480e-06 4.795073922313220186e-06 4.305153330001478698e-06 3.864958818546303807e-06 3.469443244221761628e-06 3.114072928202089798e-06 2.794775080393293633e-06 2.507889994704473144e-06 2.250131723644119689e-06 2.018547614311199011e-06 1.810487098316489694e-06 1.623572882403312512e-06 1.455663485939051737e-06 1.304848647264441942e-06 1.169405436173539265e-06 1.047807419234388911e-06 9.386681715557900484e-07 8.407758733647163994e-07 7.530347114698131274e-07 6.744994702845175674e-07 6.043572852578142154e-07 5.419899148305259729e-07 4.868629867398328137e-07 4.389221911601785584e-07 3.986560066881442985e-07 3.682753605459232855e-07 3.557734095602204381e-07 4.012994169446079922e-07 1.250251341922048629e-06 5.336938869409212797e-07 1.312839689051102271e-07 2.886087706796098955e-09 5.691798884234152360e-07 2.568147216612990111e-07 2.353790329472769836e-07 2.543699209565490614e-07 3.356173753593920468e-07 6.091369124856437814e-07 3.566798424117884636e-06 6.463499820734751335e-07 1.355415911213424285e-08 3.568097688131251950e-07 5.921044168398952371e-06 1.212590058989243717e-08 2.593609437280152830e-07
2.113936822437837305e-03 1.986765315487178194e-03 1.861183315776249528e-03 1.706145254858930024e-03 1.551735107498301760e-03 1.448573431941342594e-03 1.372450742327790052e-03 1.332535742835149221e-03 1.278528801699257674e-03 1.175210620374278090e-03 1.048748126210622420e-03 9.191393607567147810e-04 7.941553261635651796e-04 6.966525469904973544e-04 6.095514266832593141e-04 5.379069383198977969e-04 4.752680342206361892e-04 4.232401978162901699e-04 3.556103560025869123e-04 3.195145361900084808e-04 2.870817027019830392e-04 2.579402585950892036e-04 2.317562250808050497e-04 2.082295500945129248e-04 1.870905857765612084e-04 1.680970299823651964e-04 1.510311915466275019e-04 1.356974350314389308e-04 1.219199833054195471e-04 1.095409041695608894e-04 9.841827482850391330e-05 8.842457461137859904e-05 7.944523363650106494e-05 7.137729620327890935e-05 6.412826334312587701e-05 5.761501972412292542e-05 5.176288361809624415e-05 4.650475462878638031e-05 4.178033927047058012e-05 3.753546769357416852e-05 3.372146518216252264e-05 3.029459731502926088e-05 2.721556995187306046e-05 2.444907581832533137e-05 2.196339017818156258e-05 1.973001082845513609e-05 1.772332716729846749e-05 1.592032856226670856e-05 1.430033799579166239e-05 1.284477964329818121e-05 1.153696270110149905e-05 1.036188871302516268e-05 9.306083569364348408e-06 8.357439640416177386e-06 7.505078014456098883e-06 6.739225592570709915e-06 6.051098904584862501e-06 5.432808036042195612e-06 4.877263035817699916e-06 4.378092647737144574e-06 3.929573918673313345e-06 3.526564333298048808e-06 3.164442436186976092e-06 2.839057668370039284e-06 2.546678972554735073e-06 2.283955502485486477e-06 2.047878069397456950e-06 1.835738284671350924e-06 1.645109967220645920e-06 1.473808058843424358e-06 1.319877875532570012e-06 1.181555030165412800e-06 1.057266876971596276e-06 9.455946244115554988e-07 8.452784667566035014e-07 7.551959147479662904e-07 6.743877473916655720e-07 6.019867433232432277e-07 5.374042156883697778e-07 4.803473384795026665e-07 4.313726070089677079e-07 3.938699234372018305e-07 3.870883122357635461e-07 7.809195002030548874e-07 3.941060263374222023e-07 1.611254038992758364e-07 1.437056247860695913e-09 7.069658758338426877e-07 2.948820575713510941e-07 2.398617409868781834e-07 2.286166304608175509e-07 2.510044468393876200e-07 3.723927600511665284e-07 1.831081670299557151e-06 3.631323771508194472e-07 8.095127546754521285e-09 2.378473094098290910e-07 2.980083620774636555e-06 1.120198139996583646e-08 1.969233884941444635e-07
2.666274127903663950e-03 2.505936111585288593e-03 2.347630158971679426e-03 2.152187339803688943e-03 1.957499954561862411e-03 1.827352030194745762e-03 1.731373611221221232e-03 1.681108195785265555e-03 1.613088278516597741e-03 1.482799248166885402e-03 1.323262664198656541e-03 1.159733775381708741e-03 1.002034813587847654e-03 8.790136186866366391e-04 7.691158707536554975e-04 6.787205905538102333e-04 5.996873725024681138e-04 5.340421299495566295e-04 4.487100880879866171e-04 4.031659772418783277e-04 3.622433361235025606e-04 3.254733953007121999e-04 2.924348287046032026e-04 2.627491004019720023e-04 2.360760236125902572e-04 2.121099045019189861e-04 1.905760939048421808e-04 1.712277650437904768e-04 1.538431423779439047e-04 1.382229623720284686e-04 1.241881584241228168e-04 1.115778335957363893e-04 1.002474299545266301e-04 9.006704254739861834e-05 8.091995933426994383e-05 7.270130747644113910e-05 6.531685483580767246e-05 5.868193477975144418e-05 5.272046917267463875e-05 4.736410634050935813e-05 4.255142812268071197e-05 3.822724985363136734e-05 3.434198949747923550e-05 3.085109556815003931e-05 2.771453699176213524e-05 2.489634886863513897e-05 2.236421490995084942e-05 2.008909949667910479e-05 1.804491155520447662e-05 1.620821133711268760e-05 1.455793761889553900e-05 1.307516460706985123e-05 1.174288988262367478e-05 1.054583534826796121e-05 9.470273222836122573e-06 8.503870963878949816e-06 7.635544852257160537e-06 6.855338390547079904e-06 6.154304610635018998e-06 5.524402976946444749e-06 4.958411176183176512e-06 4.449838727317825108e-06 3.992852530471920902e-06 3.582213299560451469e-06 3.213210547587955040e-06 2.881613054586332506e-06 2.583619125300945670e-06 2.315808228559111321e-06 2.075111167798194936e-06 1.858765355645079434e-06 1.664290144685290870e-06 1.489451787936989127e-06 1.332244252287211021e-06 1.190859357777312773e-06 1.063674081526131314e-06 9.492238909538471916e-07 8.462092964033568701e-07 7.534400108576747900e-07 6.699143368019775182e-07 5.948102600495266060e-07 5.277184035559745268e-07 4.695833784136933514e-07 4.290590436855935245e-07 5.888402903449218916e-07 3.582583619479017237e-07 2.010522910743721557e-07 7.158313546102463879e-10 8.864550520955609956e-07 3.575618996355514653e-07 2.742149593462412948e-07 2.425020124449013031e-07 2.308675019101446206e-07 2.726725131251568764e-07 9.817439622644340254e-07 2.330075043074015892e-07 5.731042036005274004e-09 1.944076780049723740e-07 1.524878994855541853e-06 1.209460575588760128e-08 1.836025855969100833e-07
3.362275601990632329e-03 3.160161842276945111e-03 2.960659279142383721e-03 2.714355759976055504e-03 2.468951008174608604e-03 2.304778812822946919e-03 2.183798178052648829e-03 2.120533669711857552e-03 2.034911710296040226e-03 1.870652277370415690e-03 1.669423721616375986e-03 1.463123949362721884e-03 1.264171338630159418e-03 1.108973617674916499e-03 9.703309721797776953e-04 8.562926481880744293e-04 7.565874438120467633e-04 6.737715209010710672e-04 5.661174108814211051e-04 5.086591304888055890e-04 4.570307641873724868e-04 4.106410650412383465e-04 3.689586063583761210e-04 3.315059182386733078e-04 2.978538904949257866e-04 2.676169122027924493e-04 2.404485249937120359e-04 2.160373607237762940e-04 1.941036477078686982e-04 1.743960090673479758e-04 1.566885434965022670e-04 1.407782688159641576e-04 1.264828133306984714e-04 1.136382894545934035e-04 1.020974522542549283e-04 9.172799204452994988e-05 8.241102269764228954e-05 7.403972544041112545e-05 6.651811645727459879e-05 5.975995949668563086e-05 5.368776559966355691e-05 4.823191003823739368e-05 4.332983647296436471e-05 3.892533525317728793e-05 3.496789986043115009e-05 3.141215385025941296e-05 2.821732405973527473e-05 2.534677642409326952e-05 2.276759189850889863e-05 2.045019654553935750e-05 1.836801734451459916e-05 1.649717550086983323e-05 1.481621887282905930e-05 1.330587090537127632e-05 1.194881100649457763e-05 1.072947889443456372e-05 9.633889962400273894e-06 8.649481669478966894e-06 7.764965252663789158e-06 6.970195376325715449e-06 6.256059143799469333e-06 5.614366722906870922e-06 5.037757647878626921e-06 4.519620482015922813e-06 4.054010708089805765e-06 3.635588255643205303e-06 3.259554198473278570e-06 2.921591325445389286e-06 2.617823336191856883e-06 2.344761953444775231e-06 2.099270267703290390e-06 1.878526260408754025e-06 1.679988137967304918e-06 1.501365588925706042e-06 1.340594222756993694e-06 1.195802262405271384e-06 1.065305771697119193e-06 9.475551699639124242e-07 8.411577535597179401e-07 7.448511445372110295e-07 6.575655548034354701e-07 5.788339214268970730e-07 5.117927456945105406e-07 5.455704431535804669e-07 3.828151518679074610e-07 2.525448110374225428e-07 3.567814653438964562e-10 1.115655378003440530e-06 4.439081927946305280e-07 3.318196097771009282e-07 2.830849385570280668e-07 2.485537795322495463e-07 2.458685532535718687e-07 5.773000564197511533e-07 1.818961080369263991e-07 4.999259385368714943e-09 1.926680923770396481e-07 8.112759166109441699e-07 1.424432407480974219e-08 1.993596948246606712e-07
4.239507610146286791e-03 3.984753065815155142e-03 3.733378013293135126e-03 3.423048824275311784e-03 3.113774802801397550e-03 2.906688659744881276e-03 2.754222548521579467e-03 2.674640816158875122e-03 2.566920290052246856e-03 2.359870768506669783e-03 2.106072658576921362e-03 1.845824146583198953e-03 1.594833156825392444e-03 1.399051109810308747e-03 1.224151961601762121e-03 1.080292821550147197e-03 9.545138021991025424e-04 8.500400471811875996e-04 7.142293871893024655e-04 6.417426921747026959e-04 5.766099290657008452e-04 5.180854471736678294e-04 4.654990082785911607e-04 4.182484006792928834e-04 3.757923870951840415e-04 3.376445801034584963e-04 3.033679642671501474e-04 2.725697758581395198e-04 2.448970989384059672e-04 2.200328292078662944e-04 1.976919935372651021e-04 1.776185266991893550e-04 1.595823603325106194e-04 1.433767415329375292e-04 1.288159106450824593e-04 1.157329479654101856e-04 1.039778671968075386e-04 9.341590493524102592e-05 8.392596624381184339e-05 7.539925308337478761e-05 6.773800258758026359e-05 6.085437316015605196e-05 5.466944056567253407e-05 4.911228752504662518e-05 4.411919187635730724e-05 3.963290364899495639e-05 3.560198049725372163e-05 3.198020211136168620e-05 2.872603520314778928e-05 2.580216684167678393e-05 2.317507021457452889e-05 2.081461770750782898e-05 1.869374331259135080e-05 1.678812591118167407e-05 1.507591214498507978e-05 1.353746957450607206e-05 1.215515377888454374e-05 1.091311446164009391e-05 9.797108462182267267e-06 8.794335159924823581e-06 7.893296595352736623e-06 7.083659288006874686e-06 6.356136136217927830e-06 5.702384991255073072e-06 5.114905019947407659e-06 4.586957894709619875e-06 4.112487655717112299e-06 3.686046519455148735e-06 3.302741819714295606e-06 2.958171042279438810e-06 2.648372825133597763e-06 2.369784784105587340e-06 2.119194569497458284e-06 1.893708048049106888e-06 1.690712301955666417e-06 1.507833773421443358e-06 1.342925752107306069e-06 1.194009339008544042e-06 1.059263215340107061e-06 9.369825195251495173e-07 8.255420981083540491e-07 7.235269302638376358e-07 6.310207279411612689e-07 5.901045413370075478e-07 4.485539568032578943e-07 3.180775479583853765e-07 1.780521018775369509e-10 1.406239148850655394e-06 5.564823675082696118e-07 4.116105662276690158e-07 3.457802150696742327e-07 2.923306509534202853e-07 2.613514411537678537e-07 3.991776328680025097e-07 1.737048687111330790e-07 5.196780412513970093e-09 2.168995058281305279e-07 4.697463466968781602e-07 1.746664983329247551e-08 2.354590027653167654e-07
5.345562861582660134e-03 5.024430246150904215e-03 4.707714371615888231e-03 4.316772038791115255e-03 3.927049453052325854e-03 3.665807022708698730e-03 3.473682588947169317e-03 3.373629074549427346e-03 3.238180671198492844e-03 2.977222134745253438e-03 2.657112490092201733e-03 2.328784621563957397e-03 2.012120492166268298e-03 1.765127312962387575e-03 1.544477294895076286e-03 1.362989377614187095e-03 1.204309100702226701e-03 1.072506010045014713e-03 9.011636976147932620e-04 8.097119221271756838e-04 7.275368321679284061e-04 6.536980667862312506e-04 5.873503228168806952e-04 5.277340539897183757e-04 4.741665878098941158e-04 4.260344098829259340e-04 3.827862618917364642e-04 3.439266888996689591e-04 3.090104889936638364e-04 2.776376257301706521e-04 2.494485883727905803e-04 2.241203281986482872e-04 2.013625881161564836e-04 1.809145214917424582e-04 1.625417637810304611e-04 1.460337169411883855e-04 1.312011449131346126e-04 1.178740162275621035e-04 1.058995433791903000e-04 9.514045278013039239e-05 8.547339319623772154e-05 7.678753060950043808e-05 6.898328179258258152e-05 6.197116580524132906e-05 5.567077981179109614e-05 5.000988704798495330e-05 4.492357839280278567e-05 4.035353357412707273e-05 3.624734615652745371e-05 3.255793477322064812e-05 2.924299524439235700e-05 2.626451240123113353e-05 2.358833413157328905e-05 2.118377178741112077e-05 1.902325049763757349e-05 1.708199771819456566e-05 1.533774938985979014e-05 1.377050524464803323e-05 1.236229291825561605e-05 1.109696019865764363e-05 9.959998604750105222e-06 8.938368936853637069e-06 8.020352316592395083e-06 7.195422175175157349e-06 6.454113463602072703e-06 5.787923215624349817e-06 5.189209293626656944e-06 4.651097168071175466e-06 4.167412181494475113e-06 3.732598451252199876e-06 3.341655672365097720e-06 2.990087815171475809e-06 2.673838777632017105e-06 2.389254450213915080e-06 2.133033662073360338e-06 1.902175450565958897e-06 1.693960043186067310e-06 1.505878567050149987e-06 1.335600903630531500e-06 1.180920004560880790e-06 1.039648126609647147e-06 9.095887609469061083e-07 7.889194917102443851e-07 6.957124038652500409e-07 5.488544039389704644e-07 4.010817813529869426e-07 8.910563415316938596e-11 1.773745580027192952e-06 7.003954862280868437e-07 5.158750045183135093e-07 4.306472629636068912e-07 3.582845941807569812e-07 3.054608884700892853e-07 3.398374025194009772e-07 1.914153030166142711e-07 6.004578654160064537e-09 2.606544210352544024e-07 3.170716156846528683e-07 2.178836286189242892e-08 2.891087731651560412e-07
6.740218176466519426e-03 6.335330643753266100e-03 5.936290035729797909e-03 5.443859889691620400e-03 4.952815791073381449e-03 4.623208614272724878e-03 4.381136417958954657e-03 4.255423775581701658e-03 4.085221938537728428e-03 3.756358907349073052e-03 3.352596820949771926e-03 2.938344868739489486e-03 2.538788031496080639e-03 2.227168074018454850e-03 1.948780764284744216e-03 1.719807623142321877e-03 1.519607167887213322e-03 1.353314887143959198e-03 1.137129359299526724e-03 1.021742081077213265e-03 9.180574079335778771e-04 8.248894578439121793e-04 7.411721515308491862e-04 6.659475047022029486e-04 5.983544420571469073e-04 5.376190799695893582e-04 4.830460322771370140e-04 4.340102801311731141e-04 3.899501780856202710e-04 3.503610422567127658e-04 3.147893019699248658e-04 2.828273770674025103e-04 2.541090505032252752e-04 2.283052050541900893e-04 2.051201307521259109e-04 1.842881002793933043e-04 1.655703364644358776e-04 1.487522912714928341e-04 1.336411728075301297e-04 1.200637630675558033e-04 1.078644102496598416e-04 9.690325617421170301e-05 8.705463862432347795e-05 7.820564240067304912e-05 7.025480717893409341e-05 6.311097683050542393e-05 5.669224157634777136e-05 5.092500583285600586e-05 4.574313650936967756e-05 4.108722012145117874e-05 3.690387147125816247e-05 3.314511766296077719e-05 2.976786061572332719e-05 2.673337284935291014e-05 2.400685621647330513e-05 2.155704889457872779e-05 1.935585460265619632e-05 1.737803380214597332e-05 1.560090605528639755e-05 1.400408782741605018e-05 1.256926989712810235e-05 1.127999716724162292e-05 1.012148071746352166e-05 9.080436246432064626e-06 8.144919012298541502e-06 7.304198352397973602e-06 6.548629839027550383e-06 5.869537835911783967e-06 5.259129628264191777e-06 4.710393518199186817e-06 4.217018390553246803e-06 3.773329925663747266e-06 3.374208105725565344e-06 3.015040442406410954e-06 2.691658897690928030e-06 2.400273379028297055e-06 2.137446134947128019e-06 1.900005139161535669e-06 1.684993952923953960e-06 1.489599564014420317e-06 1.310992874429850386e-06 1.146197398549731177e-06 9.919537294424995004e-07 8.536358876539187744e-07 6.841086018463244143e-07 5.060174428564199378e-07 4.484817837565235946e-11 2.238082357418698194e-06 8.829911371772358103e-07 6.492762195445824663e-07 5.406453377500467084e-07 4.468775594523757081e-07 3.733804676765998322e-07 3.473171398627878267e-07 2.277404063945067236e-07 7.302492342912180088e-09 3.224518417264650997e-07 2.629400607775493026e-07 2.737118318553327569e-08 3.608665610898572193e-07
8.498129158311149012e-03 7.987497312368058155e-03 7.484732587577027849e-03 6.864596586087391879e-03 6.246009712836717888e-03 5.830106702345204395e-03 5.525160879306920993e-03 5.367337785680885605e-03 5.153653858840734001e-03 4.739317287716084300e-03 4.230067856844508221e-03 3.707403732848519023e-03 3.203253675490472675e-03 2.810109346374490159e-03 2.458886763714844374e-03 2.170015040158897006e-03 1.917439314196951175e-03 1.707640130456469264e-03 1.434881977562156921e-03 1.289298012595503770e-03 1.158475969832482508e-03 1.040920565593271303e-03 9.352874602780418415e-04 8.403685295172861128e-04 7.550777853723893498e-04 6.784391438505345392e-04 6.095754778256996928e-04 5.476983771603170835e-04 4.920993388687294832e-04 4.421416887650618109e-04 3.972532117026072941e-04 3.569196955176070791e-04 3.206790983621160161e-04 2.881161741991220232e-04 2.588578174377953824e-04 2.325687448526730840e-04 2.089476716099267065e-04 1.877238798111267491e-04 1.686540995661786136e-04 1.515197565905148725e-04 1.361244398036924336e-04 1.222916653765219856e-04 1.098628613276030178e-04 9.869553963431469408e-05 8.866166609603440567e-05 7.964620861815336760e-05 7.154580256444658868e-05 6.426757466556373786e-05 5.772806839878154582e-05 5.185230665112437195e-05 4.657291942029447674e-05 4.182936656385700215e-05 3.756725958155512516e-05 3.373772537939874456e-05 3.029684944447494024e-05 2.720517992043889691e-05 2.442725972034873817e-05 2.193123684462869454e-05 1.968848879357467876e-05 1.767329167687835425e-05 1.586253933968024182e-05 1.423546547402274138e-05 1.277340645171688905e-05 1.145959744053571824e-05 1.027896409758785089e-05 9.217964220429609922e-06 8.264426378476377039e-06 7.407401798405026135e-06 6.637055804997024411e-06 5.944539435829116096e-06 5.321887595570588315e-06 4.761939032180905292e-06 4.258231588125080480e-06 3.804943722851482178e-06 3.396814321350368818e-06 3.029058785356867084e-06 2.697335922127743648e-06 2.397639673800550267e-06 2.126231081110724205e-06 1.879546275137211932e-06 1.653980957122413223e-06 1.445676979500918145e-06 1.250043410084531371e-06 1.065186982818234233e-06 8.591066133716117939e-07 6.385312709608524060e-07 2.282548025594533191e-11 2.824316305746214815e-06 1.113901234134655863e-06 8.185251230899058258e-07 6.808965027663030104e-07 5.613423532011157260e-07 4.651868259698220947e-07 3.977347761535460719e-07 2.805328509625879877e-07 9.078928651234405951e-09 4.037091773833036760e-07 2.635569513795156165e-07 3.448042910160394078e-08 4.534360160601357557e-07
1.071284878090812513e-02 1.006856952478067321e-02 9.435087882722931196e-03 8.654335395720197041e-03 7.875297242165579109e-03 7.350472812393085351e-03 6.966430848194246628e-03 6.768497183147355843e-03 6.500528111906193722e-03 5.978702136485348866e-03 5.336505273793476674e-03 4.677122198654137114e-03 4.041065572327717272e-03 3.545144845058913977e-03 3.102097582505449098e-03 2.737717599471421043e-03 2.419116115165890080e-03 2.154469777590425645e-03 1.810386063743421115e-03 1.626730081524648854e-03 1.461691348663842144e-03 1.313385024976372346e-03 1.180116358663907969e-03 1.060362172084194790e-03 9.527531548966746734e-04 8.560584760274596739e-04 7.691720087762342296e-04 6.910994411314998502e-04 6.209471845848997225e-04 5.579122011827889957e-04 5.012727207873705253e-04 4.503801080798560535e-04 4.046515135979522658e-04 3.635631008040753347e-04 3.266441788788223026e-04 2.934717597401668922e-04 2.636657374253641032e-04 2.368845618641067584e-04 2.128213062839681864e-04 1.912001965221550885e-04 1.717734174665296444e-04 1.543182931850539750e-04 1.386347450445547249e-04 1.245429861930344093e-04 1.118814653756852349e-04 1.005050357275861329e-04 9.028327115876105639e-05 8.109898270984206470e-05 7.284686286387996991e-05 6.543230302323411562e-05 5.877029299935437412e-05 5.278444039769586524e-05 4.740611493120458139e-05 4.257364568435835023e-05 3.823161855631239251e-05 3.433025053509921595e-05 3.082479934268557024e-05 2.767507174036292983e-05 2.484494962671513822e-05 2.230197251089769452e-05 2.001698311563807818e-05 1.796377672162552833e-05 1.611880190954039578e-05 1.446090329085225636e-05 1.297105865352112012e-05 1.163217915188924956e-05 1.042890566697394243e-05 9.347421953333446355e-06 8.375317557754786125e-06 7.501425920973944616e-06 6.715695692531300535e-06 6.009089987957413182e-06 5.373453887279150298e-06 4.801440917918361146e-06 4.286411569793564932e-06 3.822327422845091092e-06 3.403708965402545560e-06 3.025499486823868417e-06 2.682976850969855334e-06 2.371636925255184229e-06 2.086914538162005945e-06 1.823890422714089225e-06 1.576533617807427951e-06 1.338137603435699855e-06 1.081997969846687270e-06 8.057322894029836482e-07 1.186427585147497091e-11 3.563937285293273221e-06 1.405416857183157721e-06 1.032468588740839838e-06 8.585279856866596417e-07 7.070557791440040392e-07 5.840239046157854732e-07 4.817066324963306041e-07 3.505828641320240804e-07 1.138865827200314626e-08 5.078358472822697555e-07 2.986051351137995443e-07 4.348001495278243064e-08 5.712068528604538733e-07
1.350292210751940537e-02 1.268934347121376122e-02 1.189093399258507773e-02 1.090815456561241605e-02 9.927292943177082329e-03 9.264924911697645232e-03 8.781390720123781815e-03 8.533427949391757597e-03 8.197827102546925357e-03 7.540912108471352869e-03 6.731198914398840369e-03 5.899430469410536261e-03 5.097060296101508375e-03 4.471620068057692229e-03 3.912851318184585626e-03 3.453325122487327283e-03 3.051524464692708261e-03 2.717763660939932768e-03 2.283789603462173506e-03 2.052151164537364524e-03 1.843985961724944065e-03 1.656919028836955146e-03 1.488814639142499755e-03 1.337753056221966438e-03 1.202008283939737460e-03 1.080028725325456185e-03 9.704198631728197131e-04 8.719280464512598351e-04 7.834265365884614252e-04 7.039027048563629031e-04 6.324463468213103274e-04 5.682394423914070413e-04 5.105469010245001962e-04 4.587080304168170142e-04 4.121291452329411899e-04 3.702767089137547966e-04 3.326712589377552845e-04 2.988819544239335762e-04 2.685216192161316300e-04 2.412423668150357760e-04 2.167315742036005565e-04 1.947083265391647737e-04 1.749202120904055804e-04 1.571404149922435889e-04 1.411651222630026271e-04 1.268112144147644834e-04 1.139141420719043380e-04 1.023260547228449442e-04 9.191409078040526184e-05 8.255888601512489304e-05 7.415318537667527966e-05 6.660060601752434972e-05 5.981455788374697769e-05 5.371723106721051200e-05 4.823870952030623132e-05 4.331618167510246909e-05 3.889319567716596006e-05 3.491903906860853262e-05 3.134814091612163854e-05 2.813954504870638020e-05 2.525646294665976368e-05 2.266583133145136876e-05 2.033793461033909069e-05 1.824608028817734939e-05 1.636626732725352974e-05 1.467693405421555814e-05 1.315870122033604898e-05 1.179413627255412953e-05 1.056758035202041533e-05 9.464944078038363623e-06 8.473545100759138850e-06 7.581981110388394972e-06 6.779962497722922400e-06 6.058219730805772352e-06 5.408375165792530802e-06 4.822809466086058594e-06 4.294608185071471661e-06 3.817390289448260743e-06 3.385195661818475696e-06 2.992337783208587446e-06 2.633048130868268833e-06 2.301094596265758033e-06 1.988749319923608096e-06 1.685401520665530938e-06 1.364164484188517262e-06 1.016620538064480277e-06 6.407544136483911959e-12 4.496777217813098822e-06 1.773181296439363338e-06 1.302506713732770237e-06 1.082903808548016432e-06 8.914813526869248409e-07 7.354028489868123777e-07 5.977433592073330849e-07 4.406459476393952943e-07 1.433587085236602059e-08 6.399644826003965676e-07 3.598548448981480291e-07 5.484566996873163409e-08 7.202317158471807135e-07
1.702027975437232776e-02 1.599134250496348636e-02 1.498427876061851800e-02 1.374709610425313595e-02 1.251218396439344842e-02 1.167588585577609972e-02 1.106710771978248499e-02 1.075679026098175228e-02 1.033707074527599745e-02 9.510393734184798692e-03 8.489528628216929523e-03 7.440318711279085562e-03 6.428190254379062378e-03 5.639512773269351499e-03 4.934892438751194849e-03 4.355470020490618925e-03 3.848826375957398963e-03 3.427969542219230781e-03 2.880701437128931411e-03 2.588586483091500322e-03 2.326060661615811202e-03 2.090132547343978488e-03 1.878111624850863342e-03 1.687579125255193619e-03 1.516360094184400964e-03 1.362499104464130360e-03 1.224238498871004508e-03 1.099998011158439225e-03 9.883572239481198517e-04 8.880394674384735343e-04 7.978971179898303569e-04 7.168987127097201182e-04 6.441173006402523167e-04 5.787197015696499223e-04 5.199571989124537105e-04 4.671569017423677175e-04 4.197140924589484972e-04 3.770853573664789508e-04 3.387823405369003106e-04 3.043662302657650933e-04 2.734426845042944344e-04 2.456573493775951423e-04 2.206918188001515872e-04 1.982599691918999129e-04 1.781046901664571074e-04 1.599949725979037986e-04 1.437232310276914497e-04 1.291029439037223259e-04 1.159664971154021406e-04 1.041633028643519637e-04 9.355804883122743345e-05 8.402913799325087754e-05 7.546732714610138810e-05 6.777444958023150104e-05 6.086229712529568869e-05 5.465162440434866961e-05 4.907120934207562116e-05 4.405707065124889801e-05 3.955171361297856543e-05 3.550346555523358746e-05 3.186591180922086731e-05 2.859733757771655772e-05 2.566025162601704172e-05 2.302097678889616634e-05 2.064923156959486453e-05 1.851781210222426302e-05 1.660226798809246273e-05 1.488060490479200745e-05 1.333306632078431279e-05 1.194187587437930253e-05 1.069103238083886325e-05 9.566149674344022612e-06 8.554245403358698798e-06 7.643624238909933625e-06 6.823716071626429941e-06 6.084907477531117488e-06 5.418474226667058117e-06 4.816365060654165294e-06 4.271059171105627425e-06 3.775380212416025417e-06 3.322045892306398657e-06 2.903180647517256549e-06 2.508975410123542280e-06 2.124973051931624174e-06 1.720639291035399839e-06 1.282660492859003068e-06 3.691121069434477557e-12 5.673557758570306922e-06 2.237162824224114942e-06 1.643261579239914534e-06 1.366123298658226927e-06 1.124456016219928822e-06 9.271129249507764447e-07 7.491675538241924873e-07 5.551137952603475947e-07 1.807079745750138262e-08 8.070431975172628599e-07 4.456100888233575619e-07 6.919092806937760090e-08 9.084693500300119185e-07
2.146072274408257485e-02 2.015608146093810296e-02 1.888385734105923336e-02 1.732557743257435307e-02 1.577034519880039093e-02 1.471359196156916092e-02 1.394688462298785542e-02 1.355883952818670579e-02 1.303463668196621662e-02 1.199454347553654751e-02 1.070729623631993567e-02 9.383587809679043087e-03 8.106732171213177490e-03 7.112245055719205837e-03 6.223730349585647990e-03 5.493180997205921422e-03 4.854384404131496279e-03 4.323742587663445026e-03 3.633641004788850260e-03 3.265279418355269102e-03 2.934210659880645816e-03 2.636668069293405647e-03 2.369263228265216115e-03 2.128949418802623429e-03 1.912986592886973657e-03 1.718910903302480917e-03 1.544507395891037919e-03 1.387784415428057168e-03 1.246951569147905069e-03 1.120399490698904908e-03 1.006681355847200603e-03 9.044966774057678401e-04 8.126766506380971337e-04 7.301706358422203847e-04 6.560344436989813113e-04 5.894194595974680366e-04 5.295630071687816662e-04 4.757796960880759734e-04 4.274535534072654904e-04 3.840310768642221911e-04 3.450148401650677123e-04 3.099578450290642741e-04 2.784584285306249758e-04 2.501556427035180703e-04 2.247251329367428590e-04 2.018754666226677658e-04 1.813447569455435213e-04 1.628976872571086807e-04 1.463227916073263737e-04 1.314300823968977971e-04 1.180488422005319352e-04 1.060256559577254089e-04 9.522269373149220488e-05 8.551609952732974979e-05 7.679458109874988565e-05 6.895815387418250601e-05 6.191695579745059349e-05 5.559026018844753021e-05 4.990552426108408663e-05 4.479755078662954655e-05 4.020777650982149327e-05 3.608356800108437196e-05 3.237762073544478734e-05 2.904744246203152657e-05 2.605482532207155410e-05 2.336544459257622542e-05 2.094844969552175324e-05 1.877608898420961308e-05 1.682343432437844854e-05 1.506805606305208761e-05 1.348976436338751461e-05 1.207040716129386508e-05 1.079360363941061410e-05 9.644596903219640984e-06 8.610049788588938958e-06 7.677832216069474034e-06 6.836935984633111189e-06 6.077202013486713198e-06 5.389140220355374783e-06 4.763694790459277960e-06 4.191674987490710788e-06 3.663137330048904102e-06 3.165675618581723906e-06 2.680515754218009102e-06 2.170816826756385049e-06 1.618440312333124875e-06 2.339157384070059651e-12 7.158811942815278829e-06 2.822790782893255235e-06 2.073388954496243441e-06 1.723667296500695429e-06 1.418660508193703904e-06 1.169447332285833322e-06 9.427978232453483235e-07 7.000122553827747782e-07 2.279330090727121800e-08 1.018116684079134902e-06 5.580742147243848599e-07 8.730022581216167595e-08 1.146170340886604753e-06
2.707694804657391832e-02 2.541625668813476957e-02 2.380489957793548855e-02 2.183993495421512193e-02 1.987983047657294888e-02 1.854278680500733717e-02 1.757642961369925913e-02 1.709139273925057781e-02 1.643757199749491110e-02 1.512903188890216133e-02 1.350537809114119893e-02 1.183483340008939337e-02 1.022366477219656747e-02 8.969636688117666595e-03 7.849215898521931870e-03 6.928160821856174309e-03 6.122780288972779275e-03 5.453749715549318505e-03 4.583561117063091744e-03 4.119064483981587851e-03 3.701563092753662985e-03 3.326315818396926010e-03 2.989056660804196870e-03 2.685949011793940366e-03 2.413541768881849632e-03 2.168731150687965275e-03 1.948726456665986076e-03 1.751017951752531282e-03 1.573349207900090301e-03 1.413691691228101573e-03 1.270221537668314148e-03 1.141299186289194707e-03 1.025450954128679726e-03 9.213520337009024853e-04 8.278117550881102221e-04 7.437598984742460444e-04 6.682345635658459805e-04 6.003712754830415861e-04 5.393930748554311974e-04 4.846017676359041463e-04 4.353698684601537924e-04 3.911334838796709209e-04 3.513858943442607695e-04 3.156717305201695912e-04 2.835817777241762187e-04 2.547483474728585995e-04 2.288410206160429981e-04 2.055628952740570726e-04 1.846471574592781694e-04 1.658540892773234098e-04 1.489682839297869362e-04 1.337961637421916444e-04 1.201638141457761266e-04 1.079149513040498815e-04 9.690914321109251077e-05 8.702022515130561646e-05 7.813480454295736915e-05 7.015101558562565815e-05 6.297731883822462471e-05 5.653144352155173134e-05 5.073948973157135279e-05 4.553504000026270185e-05 4.085840109472765630e-05 3.665595215624470516e-05 3.287947863087306208e-05 2.948566596948179079e-05 2.643558355979787621e-05 2.369421127393579924e-05 2.123009193588547755e-05 1.901492118546767646e-05 1.702322107118489693e-05 1.523208511646885141e-05 1.362084197454330737e-05 1.217086954430864977e-05 1.086533728263035970e-05 9.688937867510506686e-06 8.627779654767201678e-06 7.669042510571840427e-06 6.800750369003466087e-06 6.011474990121010593e-06 5.289617248823817498e-06 4.622626029060289989e-06 3.994830949603532779e-06 3.382275395613972256e-06 2.739308127586873254e-06 2.042374152177170881e-06 1.666434862690006556e-12 9.033993528586268406e-06 3.562173506779388678e-06 2.616461558407010295e-06 2.175118231633984997e-06 1.790181462877552090e-06 1.475586093440544333e-06 1.188513035407775310e-06 8.831623443061445552e-07 2.875994470420611550e-08 1.284701547097488790e-06 7.021698836423937505e-07 1.101655559328683899e-07 1.446334059848898764e-06
3.419675206469431628e-02 3.207106701986297409e-02 3.002220841696521050e-02 2.753961734029401059e-02 2.506598804060365324e-02 2.337116486823968484e-02 2.215150958811160781e-02 2.154515094225877350e-02 2.073069085992663638e-02 1.908423748003431827e-02 1.703525606671931619e-02 1.492610854016328086e-02 1.289257180373259287e-02 1.131130374325859528e-02 9.898495303681762239e-03 8.737395415269952337e-03 7.722127218689923446e-03 6.878737632262097064e-03 5.781594404909417770e-03 5.195943405293923165e-03 4.669498906218288135e-03 4.196296134580056701e-03 3.770966651442480850e-03 3.388681183867113533e-03 3.045094707313269512e-03 2.736298648615732593e-03 2.458778003109097186e-03 2.209371079652864504e-03 1.985234822735854054e-03 1.783812929710643829e-03 1.602806697058973282e-03 1.440149445222750103e-03 1.293983370833124260e-03 1.162638175551001163e-03 1.044612536949698130e-03 9.385568923278326137e-04 8.432581766617709826e-04 7.576261123109914123e-04 6.806807337143994802e-04 6.115413698197248163e-04 5.494164970713314149e-04 4.935947746363682654e-04 4.434369583234374387e-04 3.983685620043736129e-04 3.578733096391835769e-04 3.214873013168806468e-04 2.887936468777262144e-04 2.594177354831961693e-04 2.330229115216516896e-04 2.093067020083413281e-04 1.879973043860843946e-04 1.688504562671782662e-04 1.516467035208091726e-04 1.361888367143520781e-04 1.222996471819407991e-04 1.098199281743311766e-04 9.860658864957722698e-05 8.853108218105877538e-05 7.947789246409798299e-05 7.134319885277759868e-05 6.403374363604128286e-05 5.746571105414977055e-05 5.156377063212045508e-05 4.626025467424691562e-05 4.149431780356528312e-05 3.721129810369023806e-05 3.336206591353996974e-05 2.990242639265642874e-05 2.679268097977920580e-05 2.399710983946445948e-05 2.148355996193263785e-05 1.922312346832553490e-05 1.718971314958772068e-05 1.535982790466944856e-05 1.371222754064400099e-05 1.222759413966224981e-05 1.088839633395344395e-05 9.678454986208635797e-06 8.582656086807688428e-06 7.586576883108492664e-06 6.675578645892049803e-06 5.833820180972962065e-06 5.041518031587675489e-06 4.268306832089406523e-06 3.456992120625732780e-06 2.577518242798774294e-06 1.331702036593782679e-12 1.140108816187616212e-05 4.495517887968444713e-06 3.302006111749959306e-06 2.745015188949894948e-06 2.259199972855353151e-06 1.862123633295373939e-06 1.499307350155166237e-06 1.114462144491319751e-06 3.629409430614271195e-08 1.621266501767446127e-06 8.851129675927670292e-07 1.390298656467283245e-07 1.825266323290554365e-06
4.325192237796291611e-02 4.051050125860743839e-02 3.789076977493737591e-02 3.474464588149771965e-02 3.161627866870411058e-02 2.946226122388234669e-02 2.791949856049481468e-02 2.716063439016543068e-02 2.614708651630488073e-02 2.407466863573682822e-02 2.148699888679374281e-02 1.882256094875013608e-02 1.625513670621356321e-02 1.426142174536719487e-02 1.248013344020212911e-02 1.101678949181706876e-02 9.737288986609714259e-03 8.674411042159560492e-03 7.291483446509031650e-03 6.553278470567589289e-03 5.889631986251104429e-03 5.293044815184715091e-03 4.756765523566271539e-03 4.274719034609031527e-03 3.841437985237454184e-03 3.452002972319628046e-03 3.101988915705618504e-03 2.787414664076376999e-03 2.504699571912652207e-03 2.250623548307213208e-03 2.022290501999362590e-03 1.817096261405450703e-03 1.632699524050781979e-03 1.466995019809722890e-03 1.318090236654528933e-03 1.184283783911270265e-03 1.064046205230184975e-03 9.560027364502468811e-04 8.589176110340991351e-04 7.716801960406622848e-04 6.932922193912455970e-04 6.228564830013207706e-04 5.595666798725942599e-04 5.026981505016210302e-04 4.515996337164597443e-04 4.056859159067350879e-04 3.644310681754881170e-04 3.273624842600360296e-04 2.940554298129065009e-04 2.641282864744219053e-04 2.372381236363739195e-04 2.130767514311472362e-04 1.913672757941014364e-04 1.718608654903538892e-04 1.543339220865056350e-04 1.385855588785431236e-04 1.244352217041663072e-04 1.117207072006971402e-04 1.002962523184736809e-04 9.003085088219454067e-05 8.080682462273069380e-05 7.251840893697060269e-05 6.507054593183776692e-05 5.837784671147415471e-05 5.236353096255997057e-05 4.695862090823478026e-05 4.210111965145477559e-05 3.773525734988651524e-05 3.381093788158172678e-05 3.028308579059550495e-05 2.711112654187321385e-05 2.425858060871501364e-05 2.169252785348685714e-05 1.938331155734456695e-05 1.730412805311765548e-05 1.543059940735974525e-05 1.374060215051860245e-05 1.221371920985905506e-05 1.083087757331578891e-05 9.573876486362900654e-06 8.424242472815403541e-06 7.361984085919544644e-06 6.362132119329203356e-06 5.386301616615897491e-06 4.362524600672022846e-06 3.252712244785528775e-06 1.165112605806372254e-12 1.438766263182859641e-05 5.673117683991724630e-06 4.166960947559693093e-06 3.464062134566388138e-06 2.850978428896852029e-06 2.349862274398623753e-06 1.891744958719007368e-06 1.406344862434998733e-06 4.580131483429207798e-08 2.045933622129680281e-06 1.116452607066723487e-06 1.754482960280622401e-07 2.303377286646964425e-06
5.482510886563660146e-02 5.125514669990797328e-02 4.787969626712697963e-02 4.387434160096227026e-02 3.990452684426555596e-02 3.715643082085449272e-02 3.519803357206299776e-02 3.424571003427832883e-02 3.298486445684216395e-02 3.037380851686044894e-02 2.710166236971311982e-02 2.373260754727508567e-02 2.048947241482701812e-02 1.797590951036708712e-02 1.573030433517135299e-02 1.388661210920714983e-02 1.227469464045736862e-02 1.093573371748295803e-02 9.193209615278833888e-03 8.263066973935638201e-03 7.426763340475323570e-03 6.674877830103629998e-03 5.998926270557893708e-03 5.391272096966068759e-03 4.845040619744103369e-03 4.354044402122298624e-03 3.912716254582450717e-03 3.516046228408614173e-03 3.159527316675583408e-03 2.839105460540381626e-03 2.551133774349782345e-03 2.292332358872528272e-03 2.059751888081023941e-03 1.850739948036702210e-03 1.662911835345865386e-03 1.494123392923413837e-03 1.342446912219453581e-03 1.206149469274350608e-03 1.083673196838630089e-03 9.736178523802208485e-04 8.747247518455647649e-04 7.858625689125513106e-04 7.060145196126197840e-04 6.342667259734166649e-04 5.697978293234398162e-04 5.118697330325209420e-04 4.598190837404298294e-04 4.130497602236109732e-04 3.710260052727895239e-04 3.332664324236791977e-04 2.993384447143537341e-04 2.688532594478725240e-04 2.414615654915083266e-04 2.168494472601017271e-04 1.947348164879733785e-04 1.748642333266465490e-04 1.570099060607966764e-04 1.409671919718094959e-04 1.265521878471115270e-04 1.135996067523514406e-04 1.019609757140780074e-04 9.150285184518128613e-05 8.210529990154400196e-05 7.366058329485245112e-05 6.607182638560294449e-05 5.925199767369779833e-05 5.312287324363998642e-05 4.761408575965091525e-05 4.266242640281235697e-05 3.821102096187231081e-05 3.420867410777396380e-05 3.060935728424502039e-05 2.737153292475043054e-05 2.445778104242808993e-05 2.183428146902286133e-05 1.947027469366534454e-05 1.733784577893745973e-05 1.541123283556501220e-05 1.366636982484177027e-05 1.208029125270624444e-05 1.062968740046201760e-05 9.289332911872330220e-06 8.027720124651610556e-06 6.796382708640036952e-06 5.504616186792057805e-06 4.104286156335614782e-06 1.082184969892398808e-12 1.815441532060600705e-05 7.158328611496483552e-06 5.257859814037967623e-06 4.370941598676140942e-06 3.597349449883960588e-06 2.965029541953963972e-06 2.386848246300340154e-06 1.774498991930884928e-06 5.779309917399609376e-08 2.581543381219994259e-06 1.408481466002110218e-06 2.213800635855778097e-07 2.906384572583567767e-06
6.972093197170138590e-02 6.501762088031592945e-02 6.062518448004922816e-02 5.549233513195860057e-02 5.042879906260081674e-02 4.690334932467261908e-02 4.440366730123986722e-02 4.320232068299492689e-02 4.163255719115626502e-02 3.833637950901842839e-02 3.418948207061806022e-02 2.992251639267487148e-02 2.582181615285815066e-02 2.265241987517097738e-02 1.982132772736841519e-02 1.749897455476614669e-02 1.546893342975712467e-02 1.378281244192581557e-02 1.158795075385157976e-02 1.041641411120292418e-02 9.362916590337912875e-03 8.415631856530549418e-03 7.563906302403063976e-03 6.798147710605771318e-03 6.109718154528607885e-03 5.490840836928357650e-03 4.934516443986573103e-03 4.434444445831836785e-03 3.984955277260828974e-03 3.580947855864268035e-03 3.217832335718068693e-03 2.891479832153841245e-03 2.598176839518318362e-03 2.334583062696964691e-03 2.097694823802110503e-03 1.884810997104440682e-03 1.693502776522174845e-03 1.521586483653573690e-03 1.367098793466185952e-03 1.228274835659719710e-03 1.103528002072468603e-03 9.914320934111670296e-04 8.907052021994940096e-04 8.001950737011224264e-04 7.188660356288853383e-04 6.457873464000630278e-04 5.801224699200025143e-04 5.211196173722826459e-04 4.681030968156876695e-04 4.204657637085826142e-04 3.776619890021749165e-04 3.392013899365235209e-04 3.046433573677339332e-04 2.735919183495408931e-04 2.456912383749669851e-04 2.206216140132631403e-04 1.980956902612188088e-04 1.778553096406104716e-04 1.596684739824276509e-04 1.433266670313904795e-04 1.286425816578167663e-04 1.154478701154276472e-04 1.035912239562989995e-04 9.293672311395363651e-05 8.336214863172927171e-05 7.475770016578495863e-05 6.702468849784536575e-05 6.007433592495559842e-05 5.382689572707739242e-05 4.821061282053530536e-05 4.316089657066227603e-05 3.861967477593736671e-05 3.453454112953515445e-05 3.085828415919202115e-05 2.754823403064845871e-05 2.456558233686236529e-05 2.187510950335056688e-05 1.944431232626782710e-05 1.724282714547881079e-05 1.524167877194722707e-05 1.341145762386073917e-05 1.172033701926894225e-05 1.012856325193565090e-05 8.574970779689860103e-06 6.945171132896037095e-06 5.178405406425699877e-06 1.040901563520856018e-12 2.290554929511647052e-05 9.031656208938965488e-06 6.633833693397061994e-06 5.514809269069758850e-06 4.538767104870672532e-06 3.740963903333949389e-06 3.011409038940721616e-06 2.238873064066857138e-06 7.291978361141596363e-08 3.257124943898541096e-06 1.776952702562146804e-06 2.793148168330659870e-07 3.666970408425661178e-06
8.906165753168655830e-02 8.278812849180065825e-02 7.700627193676315430e-02 7.037217058925908375e-02 6.386688174170715437e-02 5.930911969360038588e-02 5.609305210358556115e-02 5.456474335313075963e-02 5.260560103750935856e-02 4.842980901649937553e-02 4.315466031508992384e-02 3.773542171115299576e-02 3.254115473013973608e-02 2.854258216691454159e-02 2.497193679274659420e-02 2.204674035527980427e-02 1.949056779136856821e-02 1.736784746941958182e-02 1.460391653819302984e-02 1.312879670647420886e-02 1.180208756585483625e-02 1.060895056232001067e-02 9.536015652051917785e-03 8.571241637665408600e-03 7.703782071994359423e-03 6.923868803927132019e-03 6.222707511329896891e-03 5.592379413223764854e-03 5.025756611359700858e-03 4.516424066437498518e-03 4.058608078238959589e-03 3.647113461906053341e-03 3.277266556671513172e-03 2.944862462839215218e-03 2.646119241567620236e-03 2.377635244900315643e-03 2.136351228988990839e-03 1.919516259548412511e-03 1.724656630706111228e-03 1.549548380793974028e-03 1.392191934960555029e-03 1.250789677632316776e-03 1.123725697802179218e-03 1.009547384439626145e-03 9.069489891244699158e-04 8.147569685400330363e-04 7.319164879065368856e-04 6.574795163197328296e-04 5.905939359079991459e-04 5.304940355847132969e-04 4.764916542611624477e-04 4.279682834232759301e-04 3.843681723063926275e-04 3.451918541536420307e-04 3.099904779596431145e-04 2.783607576786883021e-04 2.499402039398713202e-04 2.244031519945232495e-04 2.014569311797216860e-04 1.808384890814477913e-04 1.623115257531867800e-04 1.456636566615518804e-04 1.307039912727041915e-04 1.172610510191316152e-04 1.051806412133158620e-04 9.432423351574620925e-05 8.456731675355793146e-05 7.579788375060056535e-05 6.791532066246206735e-05 6.082909587099842623e-05 5.445771651058984360e-05 4.872791354345776233e-05 4.357356622309152344e-05 3.893510785619511133e-05 3.475870173026853307e-05 3.099538294572217438e-05 2.760071452747237645e-05 2.453368666020235844e-05 2.175598892037743215e-05 1.923106265288510033e-05 1.692180101740561963e-05 1.478804732819088593e-05 1.277964277313597213e-05 1.081940507642654325e-05 8.763033847309877115e-06 6.533867563776764360e-06 1.020353320654257503e-12 2.890114299692520377e-05 1.139563045951069507e-05 8.370190813407883158e-06 6.958269687114065467e-06 5.726755040658681960e-06 4.720130140528327893e-06 3.799588185199409164e-06 2.824879822940110979e-06 9.200995401172277048e-08 4.109652163497255795e-06 2.241995581465487641e-06 3.524233537723163980e-07 4.626759175863175845e-06
1.143898767777814102e-01 1.059352543218748388e-01 9.824109427917543380e-02 8.958615307707933073e-02 8.115409780879707935e-02 7.520201624344281799e-02 7.102061581832289083e-02 6.905371031964001316e-02 6.659916734900499236e-02 6.127948430478060565e-02 5.452944458548691226e-02 4.761580072620170967e-02 4.101675318304107837e-02 3.596610677336995604e-02 3.145866939998836348e-02 2.777320516025316016e-02 2.455450584924610824e-02 2.188252379935536410e-02 1.840249285065762366e-02 1.654559777364182638e-02 1.487523522603395425e-02 1.337278862304741231e-02 1.202148338810476655e-02 1.080621018572467881e-02 9.713356025939175534e-03 8.730658082955112045e-03 7.847072873463412784e-03 7.052653325593889397e-03 6.338443029649521582e-03 5.696378803634872395e-03 5.119201377487660361e-03 4.600376946183979028e-03 4.134025980262283177e-03 3.714857274456744018e-03 3.338110689250406351e-03 2.999503762280002726e-03 2.695184282887027379e-03 2.421687589638008616e-03 2.175897617128768214e-03 1.955012435861042900e-03 1.756512437921334832e-03 1.578132187315676093e-03 1.417834985361554698e-03 1.273789748468954781e-03 1.144350349773305079e-03 1.028037191466844641e-03 9.235202296460592701e-04 8.296039975631486684e-04 7.452138997958319142e-04 6.693842466353325726e-04 6.012471024408768110e-04 5.400223399652613740e-04 4.850089560539559350e-04 4.355769156945146986e-04 3.911600099795011008e-04 3.512494912153006242e-04 3.153880629082142246e-04 2.831648731353602114e-04 2.542106854425088980e-04 2.281936226348511908e-04 2.048155534781550820e-04 1.838085150961477413e-04 1.649316593831088478e-04 1.479686272946631031e-04 1.327248647341060424e-04 1.190255824384202132e-04 1.067136757385817551e-04 9.564781578680774967e-05 8.570104856375135294e-05 7.675914085575056742e-05 6.871926386417453255e-05 6.148896514603327556e-05 5.498481164321628050e-05 4.913164000636307253e-05 4.386151685775566323e-05 3.911265600792621116e-05 3.482898459721764649e-05 3.095875414565314959e-05 2.745362225346508988e-05 2.426745686591727979e-05 2.135343405223364286e-05 1.866088124511167110e-05 1.612650426194223499e-05 1.365290514081911028e-05 1.105800991768310933e-05 8.245103486340126284e-06 1.010128297373006132e-12 3.647042547701224622e-05 1.438003539240405083e-05 1.056225750199561223e-05 8.780569010446832192e-06 7.226533741751958234e-06 5.956283621459105227e-06 4.794646477581636079e-06 3.564690628446351034e-06 1.161128442111765159e-07 5.185928574006755378e-06 2.829122807866233896e-06 4.447193303521824618e-07 5.838439376168167785e-06
1.477104472731671780e-01 1.362766958133985740e-01 1.259774756583231792e-01 1.146089919364761400e-01 1.035857563977738288e-01 9.572019722788049911e-02 9.021828749719176810e-02 8.765459411579581972e-02 8.457006774353431622e-02 7.774087174156089908e-02 6.902706508397164764e-02 6.014522173706805808e-02 5.172178111521486682e-02 4.532880527453952979e-02 3.962964633648823759e-02 3.498340303253508199e-02 3.092953727244314791e-02 2.756629618026500833e-02 2.318498733353095004e-02 2.084815182650938750e-02 1.874571460988060795e-02 1.685430428334671465e-02 1.515286982144780498e-02 1.362245300738715997e-02 1.224597313485543612e-02 1.100804181889730379e-02 9.894798088132627720e-03 8.893753966249645301e-03 7.993661989957030409e-03 7.184393331957937556e-03 6.456826176920771147e-03 5.802747755235942821e-03 5.214765450829441165e-03 4.686224421281195811e-03 4.211136081334329768e-03 3.784111372603613053e-03 3.400301464962441483e-03 3.055344334876587600e-03 2.745316002066662629e-03 2.466687371806447569e-03 2.216284361808196473e-03 1.991252606614333630e-03 1.789025548925943189e-03 1.607295416057186220e-03 1.443987277918623103e-03 1.297235897027082486e-03 1.165364392648472443e-03 1.046865411011196770e-03 9.403838865030540554e-04 8.447019882448235416e-04 7.587250852495631840e-04 6.814692263148675391e-04 6.120502058609765365e-04 5.496732918471675068e-04 4.936242293080340569e-04 4.432612214770186064e-04 3.980073562240544582e-04 3.573442966162065850e-04 3.208061938598813587e-04 2.879743218366433047e-04 2.584725218568473281e-04 2.319626915821550953e-04 2.081409345043578989e-04 1.867342488051766073e-04 1.674971420460679003e-04 1.502090581748442800e-04 1.346717535926094018e-04 1.207068893542397270e-04 1.081542639716510918e-04 9.686972674069660352e-05 8.672351701575157091e-05 7.759896724922678323e-05 6.939079086528473096e-05 6.200413645881265839e-05 5.535327588613843473e-05 4.936023798839535667e-05 4.395426120948417047e-05 3.907004087729026490e-05 3.464657040991060293e-05 3.062563238824079164e-05 2.694813605048236289e-05 2.355013356016300708e-05 2.035174866481305150e-05 1.723006510010291665e-05 1.395531793426280899e-05 1.040550036036110643e-05 1.005040731132904612e-12 4.602647582316565485e-05 1.814769751830424196e-05 1.332962949742103974e-05 1.108112911091203131e-05 9.119928967144488009e-06 7.516866965139814962e-06 6.050868373935942924e-06 4.498669564593302470e-06 1.465453964347249961e-07 6.544674398731386565e-06 3.570358706638682821e-06 5.612382551699620160e-07 7.368112333947726926e-06
1.913037476541774307e-01 1.759842484258139772e-01 1.622773920323343499e-01 1.473794015929424939e-01 1.329213081230849747e-01 1.224064305522718776e-01 1.150916024665745441e-01 1.117228078499756666e-01 1.078671547983274387e-01 9.902573985502587106e-02 8.763618254374791472e-02 7.610434227524498496e-02 6.527226252789691818e-02 5.715106161703211590e-02 4.992537411052520163e-02 4.406060344150181107e-02 3.895186817883524583e-02 3.471791684231975011e-02 2.920177285456485375e-02 2.626186566444276352e-02 2.361652430720220450e-02 2.123635152112457111e-02 1.909489832378282251e-02 1.716836242545688798e-02 1.543530780187674263e-02 1.387642600203076518e-02 1.247432552606003546e-02 1.121333604884479189e-02 1.007934128808431890e-02 9.059625838744969281e-03 8.142735253726426925e-03 7.318353482594749417e-03 6.577191783309528812e-03 5.910885810143495962e-03 5.311906323799400406e-03 4.773475846677329056e-03 4.289494591462062953e-03 3.854473705454163155e-03 3.463474300223900234e-03 3.112053469513728719e-03 2.796214377863765442e-03 2.512362059617473040e-03 2.257263435826384768e-03 2.028010924122808020e-03 1.821989896504385689e-03 1.636849626284608058e-03 1.470476496085510636e-03 1.320970344415596173e-03 1.186622800422996353e-03 1.065898360076664901e-03 9.574167345315053859e-04 8.599370989445991129e-04 7.723443335873310476e-04 6.936360931883595602e-04 6.229114799540646369e-04 5.593609453337022256e-04 5.022567497889791378e-04 4.509450144924318990e-04 4.048380510657578800e-04 3.634075997569163842e-04 3.261790883067752040e-04 2.927259451727434302e-04 2.626647451716337262e-04 2.356510348611736783e-04 2.113750635902829703e-04 1.895585390218208744e-04 1.699513178962593378e-04 1.523283691439743898e-04 1.364875450793790357e-04 1.222469491832242963e-04 1.094428411947044691e-04 9.792800108874385632e-05 8.756956900293866677e-05 7.824785211546484332e-05 6.985466942870817138e-05 6.229162786615418637e-05 5.546943172624109485e-05 4.930567100350659299e-05 4.372335917944755181e-05 3.864902913338074146e-05 3.400811130084149890e-05 2.971990645860906515e-05 2.568361427660079512e-05 2.174411929577673187e-05 1.761147609207955244e-05 1.313179617849498626e-05 1.002509011154361292e-12 5.808566191515987347e-05 2.290213869406710750e-05 1.682179259586967409e-05 1.398422009375518220e-05 1.150921727289529248e-05 9.486179423404445015e-06 7.636110614525127606e-06 5.677270425554875634e-06 1.849545865949283453e-07 8.259286173495419814e-06 4.505739658882638383e-06 7.082741410600385045e-07 9.298397340865140686e-06
2.471010201139455797e-01 2.270858743954292380e-01 2.092593107063384084e-01 1.901361466401317035e-01 1.713761463989887657e-01 1.572217138099768485e-01 1.474667921091865341e-01 1.430689855325257553e-01 1.384092042961636571e-01 1.269224791609896985e-01 1.117996710826580503e-01 9.659026958835829901e-02 8.249873353064982040e-02 7.211862356528236928e-02 6.291467263544582578e-02 5.549402391079073793e-02 4.904731088926651827e-02 4.371397470873635005e-02 3.676661580025093745e-02 3.306881018855602899e-02 2.974144652284388401e-02 2.674738862928160640e-02 2.405330559178098584e-02 2.162925388365479970e-02 1.944829911560898641e-02 1.748619924661002148e-02 1.572112922780888669e-02 1.413342845091122325e-02 1.270538697835105896e-02 1.142105112889504719e-02 1.026604685402503908e-02 9.227425640807992643e-03 8.293525238219310106e-03 7.453840860547560065e-03 6.698913607048456557e-03 6.020226352710907405e-03 5.410111260781531352e-03 4.861666429987560045e-03 4.368679739751229335e-03 3.925561410525011709e-03 3.527281606953445569e-03 3.169315158960570641e-03 2.847591528469701604e-03 2.558449242937906737e-03 2.298595126093190208e-03 2.065067881827966842e-03 1.855204489660249251e-03 1.666610524989910061e-03 1.497132958817382021e-03 1.344836391876217752e-03 1.207980873985409860e-03 1.085002104513462179e-03 9.744941327979101580e-04 8.751930924313988192e-04 7.859629496569703246e-04 7.057827945695224411e-04 6.337348302559256972e-04 5.689943654387546361e-04 5.108201539006967029e-04 4.585458767746606679e-04 4.115729099713393512e-04 3.693631580283753728e-04 3.314329364659249276e-04 2.973477103699293813e-04 2.667167127921012343e-04 2.391888548390160756e-04 2.144485532927354980e-04 1.922119012527186881e-04 1.722238578948445404e-04 1.542549288154675894e-04 1.380985240109220476e-04 1.235688946159759242e-04 1.104984081812723497e-04 9.873604387732092327e-05 8.814530448854660362e-05 7.860204162007067513e-05 6.999358471700985575e-05 6.221595062481486847e-05 5.517199878167836601e-05 4.876902879510811663e-05 4.291294868522667436e-05 3.750193163254185588e-05 3.240878686451282279e-05 2.743778845548362305e-05 2.222308949626102242e-05 1.657064006025497243e-05 1.001248844489409337e-12 7.329665853509826257e-05 2.889899921485070282e-05 2.122651236370618326e-05 1.764593484239086746e-05 1.452286625155304558e-05 1.197010815518355713e-05 9.635609615733619002e-06 7.163868860607602401e-06 2.334105198989091363e-07 1.042195616712155965e-05 5.685559074330781421e-06 8.937327458719414346e-07 1.173306653408100546e-05
3.156615375615580144e-01 2.904920568865709818e-01 2.681680008311365104e-01 2.446997594108236695e-01 2.212027240848193910e-01 2.022289917726492470e-01 1.893612279389761677e-01 1.837959688052523965e-01 1.787639910237857066e-01 1.641207045028351130e-01 1.437476396022037972e-01 1.232425610382589798e-01 1.045807056043088906e-01 9.117452187973035249e-02 7.935717354167765025e-02 6.992537298885877217e-02 6.176737662066485168e-02 5.503828080253712202e-02 4.627854409449470852e-02 4.162665636866783037e-02 3.744159343324328371e-02 3.367604607959814866e-02 3.028774668351038452e-02 2.723885414827433363e-02 2.449541704774459150e-02 2.202693395217818900e-02 1.980597969693297447e-02 1.780786989167384288e-02 1.601038074755697579e-02 1.439349767302826669e-02 1.293918919180154191e-02 1.163121112417157474e-02 1.045493064037622544e-02 9.397164238211968765e-03 8.446037815087716061e-03 7.590856356538236427e-03 6.821988335780885919e-03 6.130761611821706342e-03 5.509368339143620903e-03 4.950780776852327369e-03 4.448673360054203677e-03 3.997353648113213635e-03 3.591699795211032286e-03 3.227103569019188368e-03 2.899419343035000013e-03 2.604918512317109212e-03 2.340247397768159716e-03 2.102390050964913267e-03 1.888634144533314282e-03 1.696541159010155064e-03 1.523918539850751099e-03 1.368794833188434912e-03 1.229397954578156016e-03 1.104134745084819251e-03 9.915730540625666400e-04 8.904257567018534396e-04 7.995356426397172466e-04 7.178628242567441226e-04 6.444725761991561969e-04 5.785246115047464359e-04 5.192639748087758602e-04 4.660120159581199401e-04 4.181586836009800389e-04 3.751558967361640117e-04 3.365107628154024666e-04 3.017804239554904792e-04 2.705667979125862886e-04 2.425117508388182806e-04 2.172935549981027271e-04 1.946227031523700235e-04 1.742385773540622719e-04 1.559068475187603935e-04 1.394160351197965377e-04 1.245756157409170812e-04 1.112133855938753183e-04 9.917271835759806160e-05 8.831146685456534365e-05 7.849844288146962264e-05 6.961109002492372186e-05 6.153245287867328990e-05 5.414381949732255416e-05 4.731671853639863993e-05 4.089067747181361645e-05 3.461875594460282648e-05 2.803938892806879439e-05 2.090795486406842092e-05 1.000621517659559969e-12 9.248185953442677207e-05 3.646233646223962497e-05 2.678180463491232864e-05 2.226414039237124351e-05 1.832372486938795030e-05 1.510287912463234137e-05 1.215741546066349914e-05 9.038803735993054085e-06 2.945394303089141196e-07 1.314955016086470111e-05 7.173573090997399743e-06 1.127635578438223193e-06 1.480365754212172093e-05
3.948728355989088445e-01 3.648750659297481103e-01 3.381386734689214579e-01 3.110838196716829152e-01 2.834723172451895645e-01 2.585976098336206785e-01 2.420550588022787886e-01 2.353054695774290106e-01 2.314530185130241613e-01 2.143600251419710834e-01 1.870467684459716506e-01 1.586760621817943917e-01 1.333023972674881874e-01 1.156864757085073470e-01 1.003113969275023498e-01 8.822541750847524844e-02 7.784584204088396131e-02 6.932607513860870874e-02 5.825260741400461323e-02 5.239463239132754330e-02 4.712758716471920906e-02 4.239028944559556505e-02 3.812850892706095424e-02 3.429399523096612890e-02 3.084366453372994199e-02 2.773895118516695596e-02 2.494527238403285163e-02 2.243156208591497863e-02 2.016988920717202594e-02 1.813512219757943550e-02 1.630463244211692239e-02 1.465804046024020944e-02 1.317699026369069208e-02 1.184494329857153916e-02 1.064700151015680364e-02 9.569743317722425105e-03 8.601078573014156806e-03 7.730118236027841601e-03 6.947055492605865544e-03 6.243060604147322376e-03 5.610183595882951846e-03 5.041268050668295739e-03 4.529873030408236058e-03 4.070201895367890794e-03 3.657038561945486280e-03 3.285690513085725781e-03 2.951936130914438634e-03 2.651978141040097717e-03 2.382400889317392093e-03 2.140132986524783624e-03 1.922412395108444522e-03 1.726755236511868423e-03 1.550928519706843344e-03 1.392924468283842504e-03 1.250938013459322248e-03 1.123346710194749907e-03 1.008691737746066856e-03 9.056620667573435802e-04 8.130791606904031214e-04 7.298834815087390949e-04 6.551230288122871599e-04 5.879419751311278910e-04 5.275709620481802611e-04 4.733187527074943939e-04 4.245636878798486570e-04 3.807471936588909174e-04 3.413671545192613452e-04 3.059718295561458237e-04 2.741553885944193855e-04 2.455526356624971500e-04 2.198348095709811855e-04 1.967063045494457988e-04 1.759003370351806816e-04 1.571765535078315293e-04 1.403177093651493759e-04 1.251262091300525572e-04 1.114227216473372969e-04 9.904173955695044535e-05 8.782864375320207186e-05 7.763588003882104305e-05 6.831367677705827194e-05 5.969994842263863451e-05 5.159223465527248422e-05 4.367898440550690921e-05 3.537788240047044487e-05 2.638062895295779467e-05 1.000309263970556669e-12 1.166890926912894248e-04 4.600496715521310963e-05 3.379087544293998293e-05 2.809089791990623846e-05 2.311924566921638816e-05 1.905548293081091763e-05 1.533917475878672309e-05 1.140442165845636698e-05 3.716902071356023233e-07 1.659094350238379093e-05 9.051002743629703491e-06 1.422748931826229492e-06 1.867772493978326647e-05
4.785361248743446039e-01 4.457550448154020128e-01 4.154122488405802005e-01 3.861157880827518762e-01 3.562039114226591696e-01 3.250357762936682549e-01 3.043924756930002085e-01 2.960177608650729764e-01 2.959159769983752963e-01 2.808198129857303882e-01 2.469957416250783133e-01 2.072430551806412335e-01 1.715516647540561157e-01 1.477643278914284319e-01 1.273305434025613081e-01 1.116254178376332867e-01 9.829038362446833321e-02 8.743193416055435041e-02 7.336256586660264145e-02 6.596808802103119873e-02 5.932798121587630480e-02 5.336114072221069538e-02 4.799658761698628873e-02 4.317181917160455712e-02 3.883148451467816065e-02 3.492635787412155107e-02 3.141251804307720885e-02 2.825066033831982390e-02 2.540554661792601698e-02 2.284553609916840228e-02 2.054218070062747981e-02 1.846988507733637527e-02 1.660560953437997811e-02 1.492860263816614928e-02 1.342017385829514728e-02 1.206348468015752337e-02 1.084336503443094832e-02 9.746149133061163608e-03 8.759526223016261826e-03 7.872408902828186353e-03 7.074811424358219865e-03 6.357741998779783792e-03 5.713105299219455209e-03 5.133613579373365668e-03 4.612707075681704572e-03 4.144482826259748669e-03 3.723628846166576137e-03 3.345365921789946340e-03 3.005394159819545392e-03 2.699846236256936427e-03 2.425243665328475143e-03 2.178457708881548476e-03 1.956675187400180177e-03 1.757366270266297196e-03 1.578256228019945476e-03 1.417300215120216155e-03 1.272659398996079435e-03 1.142681065580285118e-03 1.025879384182684304e-03 9.209184362209010431e-04 8.265977992675403773e-04 7.418382442397022285e-04 6.656695211233637803e-04 5.972198504874996153e-04 5.357051626870075640e-04 4.804209218538008259e-04 4.307337770843723112e-04 3.860738965128790315e-04 3.459293432236374192e-04 3.098394242746196274e-04 2.773893974154487585e-04 2.482063376392858894e-04 2.219536732051973925e-04 1.983281700741356041e-04 1.770557436855092705e-04 1.578870952983376633e-04 1.405959661277903232e-04 1.249735355721046885e-04 1.108247181409636827e-04 9.796334001134911033e-05 8.620042741500392406e-05 7.533146785957084250e-05 6.510100482292432609e-05 5.511593782345037076e-05 4.464155358143344848e-05 3.328937391765385804e-05 1.000153880022122833e-12 1.472484961372399581e-04 5.805081494919239320e-05 4.263853283562924374e-05 3.544610642108322147e-05 2.917271430617833202e-05 2.404493119751903928e-05 1.935558263590570483e-05 1.439061968972200461e-05 4.691185087451686017e-07 2.093508029644764780e-05 1.142093136853655351e-05 1.795274899133207251e-06 2.356790119708077996e-05
5.564558783642929995e-01 5.256337974064447804e-01 4.942350080609388963e-01 4.639770709034501950e-01 4.335948054537258067e-01 3.970717227417582817e-01 3.717257562652545588e-01 3.595543623643742137e-01 3.635551582062965803e-01 3.589691826491777649e-01 3.277768380571097762e-01 2.756213484051323603e-01 2.242345066768423323e-01 1.908774939752656830e-01 1.628435346346301105e-01 1.419644707206980938e-01 1.245474893706850772e-01 1.105466273118458215e-01 9.250709558313023606e-02 8.312977796691431442e-02 7.472954924565138046e-02 6.719481716579137065e-02 6.042973408536848196e-02 5.435122739395212982e-02 4.888669418629532082e-02 4.397225585549312948e-02 3.955140544957402859e-02 3.557391719602290281e-02 3.199499775533417439e-02 2.877458735190310465e-02 2.587677614899795697e-02 2.326932593512093597e-02 2.092326246241126703e-02 1.881251673521280865e-02 1.691362462865369717e-02 1.520545516766041647e-02 1.366897429974504342e-02 1.228703548998873532e-02 1.104419063593162220e-02 9.926524053087120575e-03 8.921499598821162197e-03 8.017825737353460533e-03 7.205333584120708797e-03 6.474865832746696907e-03 5.818177343290378660e-03 5.227846265920327827e-03 4.697191826311425400e-03 4.220201620347990672e-03 3.791464809886136052e-03 3.406113679085726563e-03 3.059768919766479162e-03 2.748490698184968741e-03 2.468735842298661054e-03 2.217317472622159624e-03 1.991369585160346605e-03 1.788315418893137582e-03 1.605837489428625815e-03 1.441852612050598765e-03 1.294487734335601639e-03 1.162058606191566446e-03 1.043051658471120212e-03 9.361060117840089073e-04 8.399981099361327917e-04 7.536284971267053628e-04 6.760082698541156933e-04 6.062487844727676564e-04 5.435511421265685171e-04 4.871965315249772595e-04 4.365391450639362889e-04 3.909977967192056615e-04 3.500492510612839676e-04 3.132230141719566374e-04 2.800944442887591491e-04 2.502809509190989114e-04 2.234367133485311578e-04 1.992471770315248816e-04 1.774268527816773376e-04 1.577122497570421797e-04 1.398572040187482789e-04 1.236267930310823156e-04 1.087825577732635333e-04 9.506642878247151154e-05 8.215605011800276966e-05 6.955537946086977016e-05 5.633734211023799234e-05 4.201255742485465077e-05 1.000076571852255417e-12 1.858337160214732810e-04 7.325891563716273867e-05 5.380881454324020716e-05 4.473215727685106620e-05 3.681531137730839008e-05 3.034419938591610905e-05 2.442638794102815772e-05 1.816080057160840799e-05 5.921864258425645435e-07 2.641963025664898978e-05 1.441302884849813027e-05 2.265593603216612735e-06 2.974162335440857968e-05
6.184057308610351189e-01 5.947435264097663543e-01 5.675864190587083247e-01 5.390941333579412076e-01 5.094641021217204413e-01 4.702313418556157143e-01 4.393759001255449492e-01 4.187907703056271691e-01 4.191138888149251174e-01 4.280422365473601221e-01 4.182617120153809265e-01 3.678771680768014862e-01 2.989194415362136370e-01 2.508545090627415930e-01 2.108969091022093456e-01 1.821821255324584110e-01 1.588270609604000294e-01 1.404226392461388473e-01 1.169290276908505344e-01 1.049399856825273952e-01 9.424606861197100394e-02 8.468585953200855054e-02 7.612405992501274088e-02 6.844595444848325383e-02 6.155319550971178472e-02 5.536065923072296807e-02 4.979406535182592797e-02 4.478812315578598741e-02 4.028512302958572183e-02 3.623381782122461758e-02 3.258852141939653363e-02 2.930839108792564901e-02 2.635683489830135257e-02 2.370100621629236959e-02 2.131138937458533847e-02 1.916143376692135136e-02 1.722724111145081463e-02 1.548729226714657195e-02 1.392220352468567963e-02 1.251451451674726566e-02 1.124849433599655994e-02 1.010997128562613444e-02 9.086179597557754797e-03 8.165620198546155381e-03 7.337936324268334171e-03 6.593802450347826041e-03 5.924821590044320081e-03 5.323434508344761402e-03 4.782836286477279777e-03 4.296903331206497478e-03 3.860124991846541030e-03 3.467542377952218674e-03 3.114694814312256831e-03 2.797569305900723773e-03 2.512556185184925545e-03 2.256409478619813939e-03 2.026209328348450595e-03 1.819330668098828943e-03 1.633412887426028163e-03 1.466333047548951324e-03 1.316183121991005905e-03 1.181247382446444808e-03 1.059983080034951342e-03 9.510038183037539290e-04 8.530625051220817748e-04 7.650384034693639328e-04 6.859238942164119215e-04 6.148123153734688304e-04 5.508890435783042041e-04 4.934209336029599709e-04 4.417479137567343239e-04 3.952764234210469916e-04 3.534707282288869577e-04 3.158481307407714827e-04 2.819723114332619543e-04 2.514463882356656257e-04 2.239101429479902936e-04 1.990311062781450699e-04 1.764986652437964946e-04 1.560163857471837665e-04 1.372833658416559128e-04 1.199739536566992484e-04 1.036813734683009072e-04 8.777968400090920388e-05 7.109909894943082075e-05 5.302340362387423595e-05 1.000038106860957464e-12 2.345380050830811556e-04 9.245322609956047846e-05 6.790687607261302391e-05 5.645213081916885980e-05 4.646108990272643214e-05 3.829457344010996127e-05 3.082633444443695376e-05 2.291926930744625913e-05 7.476123819071402748e-07 3.334173847987507479e-05 1.818941873617434062e-05 2.859184836750531043e-06 3.753320484933269524e-05
6.630350436810330539e-01 6.464790788057644955e-01 6.270460479416027910e-01 6.049184711642865420e-01 5.791611144220809582e-01 5.419748059166943355e-01 5.076967845060569307e-01 4.766263841969163861e-01 4.611473972406802124e-01 4.660178316338886573e-01 4.796484481695842961e-01 4.630661629285167669e-01 3.983148478318183638e-01 3.352848458915006491e-01 2.781453529020491700e-01 2.372103909637156838e-01 2.047369216946359760e-01 1.798238089299155906e-01 1.484445461688512491e-01 1.329091625776882557e-01 1.191488478423920055e-01 1.069165652705444530e-01 9.601056746076719328e-02 8.626420735712361787e-02 7.753810621921652935e-02 6.971430310567180988e-02 6.269187181584112700e-02 5.638358450424978824e-02 5.071342105128976568e-02 4.561465023700165405e-02 4.102833389114305535e-02 3.690216956550671640e-02 3.318956712823122046e-02 2.984888927597069072e-02 2.684284523000960571e-02 2.413797241847977226e-02 2.170420399315205889e-02 1.951449927878719584e-02 1.754452039031592636e-02 1.577235483874405222e-02 1.417826523372808963e-02 1.274447150443325932e-02 1.145495628220952362e-02 1.029528910444517213e-02 9.252469997852572417e-03 8.314790215933417702e-03 7.471703699786937276e-03 6.713713609669485528e-03 6.032268099977178798e-03 5.419669194202171927e-03 4.868987382366658269e-03 4.373985200042600913e-03 3.929050340961351070e-03 3.529132475125051644e-03 3.169687779586045483e-03 2.846629346862924494e-03 2.556280120739898732e-03 2.295333663608506783e-03 2.060816122971595183e-03 1.850052636803136514e-03 1.660638781564197997e-03 1.490412175023784298e-03 1.337428212016460692e-03 1.199939176134212160e-03 1.076372803910427729e-03 9.653160063881606424e-04 8.654982164124770498e-04 7.757760848282362802e-04 6.951222597565730795e-04 6.226120882657670179e-04 5.574130330140293198e-04 4.987764090977925713e-04 4.460264398340340773e-04 3.985542248376538316e-04 3.558093469411943688e-04 3.172911221633481038e-04 2.825451058343910415e-04 2.511518486400213961e-04 2.227194652020713294e-04 1.968739499674676693e-04 1.732356518465799590e-04 1.513936857202698920e-04 1.308348064386969094e-04 1.107692492775224616e-04 8.972116632829715420e-05 6.691516678647740273e-05 1.000018964365355714e-12 2.959855815313756997e-04 1.166662221932993608e-04 8.569100319352852065e-05 7.123640995279391386e-05 5.862888110950556975e-05 4.832370806373174291e-05 3.889970132341571810e-05 2.892205254797297018e-05 9.438377883078959828e-07 4.207374802200526003e-05 2.295326002561507916e-05 3.607976012641540456e-06 4.736148798595722132e-05
6.979478475978918572e-01 6.843667299316105179e-01 6.701721206569657419e-01 6.554832185965066005e-01 6.369367237232532730e-01 6.061188001462238795e-01 5.750985321999432243e-01 5.403478454519964336e-01 5.073737441422355721e-01 4.879029692825577191e-01 4.949143274877483845e-01 5.068757932017036172e-01 4.910388739790595980e-01 4.390246424955564497e-01 3.710969430882255504e-01 3.144437533038196841e-01 2.682138372115929759e-01 2.333309980571262043e-01 1.898688947298138863e-01 1.693251767413684050e-01 1.513153666150376941e-01 1.354455575905996745e-01 1.213987502177909378e-01 1.089189038782542585e-01 9.779730653936404006e-02 8.786188421963075923e-02 7.896904644752612834e-02 7.099749627063046964e-02 6.384363281823254854e-02 5.741807662382064636e-02 5.164302696684808236e-02 4.645026408731045553e-02 4.177960377830127608e-02 3.757767173738978117e-02 3.379695173744572817e-02 3.039500211688581435e-02 2.733382105799423561e-02 2.457931977318443886e-02 2.210087390702885485e-02 1.987094680815135184e-02 1.786475657408548995e-02 1.605999063147009118e-02 1.443655393925222588e-02 1.297634385779180242e-02 1.166305135218273677e-02 1.048198502245440214e-02 9.419909383330732355e-03 8.464902545924088764e-03 7.606225753509129536e-03 6.834209495230813766e-03 6.140146822086024227e-03 5.516197922135349443e-03 4.955306627547113700e-03 4.451121498886836080e-03 3.997926535613070993e-03 3.590579205562002742e-03 3.224451577229009089e-03 2.895381250937792937e-03 2.599623736649778628e-03 2.333810371570778450e-03 2.094912547980117001e-03 1.880206094952607560e-03 1.687240837028075764e-03 1.513814381443095687e-03 1.357945190371840846e-03 1.217852137700534739e-03 1.091933577086737998e-03 9.787480974651817465e-04 8.770004175863887119e-04 7.855246505312768598e-04 7.032709852285078068e-04 6.292952886777269982e-04 5.627453208876589128e-04 5.028531425325112299e-04 4.489245406100316350e-04 4.003280009141286697e-04 3.564903092748400015e-04 3.168823737068412897e-04 2.810098548453973557e-04 2.484009533937234183e-04 2.185767348254555591e-04 1.910188517408398516e-04 1.650798200525864881e-04 1.397633291099320389e-04 1.132077120629273006e-04 8.443813695765281318e-05 1.000009436415209955e-12 3.734953039947067413e-04 1.472029375976962099e-04 1.081196325370487260e-04 8.988177111025457680e-05 7.397447083052146894e-05 6.097215221823463799e-05 4.908166213730994702e-05 3.649279294307695819e-05 1.191567667924067288e-06 5.308629435288038752e-05 2.896135352813439555e-05 4.552322073925498207e-06 5.975576651907776345e-05
7.287431546296860851e-01 7.164495182599526224e-01 7.036374152260697068e-01 6.924441867747754831e-01 6.797837268051003523e-01 6.547098882720774338e-01 6.314642443852166442e-01 6.037324797630660989e-01 5.697258491525702961e-01 5.290363404135907111e-01 4.966508256258269638e-01 4.999806152782954594e-01 5.215999908528394791e-01 5.132329946531152265e-01 4.739181178183556331e-01 4.157516502020073834e-01 3.562608098063783091e-01 3.078994847269028723e-01 2.456684450403679443e-01 2.178157441871492739e-01 1.936781304790612113e-01 1.726541097727034291e-01 1.542402098509654818e-01 1.380277717754363476e-01 1.236878691948773840e-01 1.109550787965639523e-01 9.961345028686108272e-02 8.948528466885542765e-02 8.042259479848544446e-02 7.230064071956421312e-02 6.501306070512481716e-02 5.846823737117404912e-02 5.258654836266438148e-02 4.729825027133003484e-02 4.254187430981705431e-02 3.826295380145321168e-02 3.441302474232476455e-02 3.094882319841007340e-02 2.783162437445743653e-02 2.502670260268250943e-02 2.250286779625764594e-02 2.023207661130028978e-02 1.818909622294936912e-02 1.635120871991622288e-02 1.469795342178717434e-02 1.321090111960033717e-02 1.187344834371842871e-02 1.067063738651960816e-02 9.588992066055854538e-03 8.616374834889485232e-03 7.741853202052020010e-03 6.955580430205389811e-03 6.248691267947111341e-03 5.613203399247593088e-03 5.041930942524159437e-03 4.528407081604397637e-03 4.066810512233771588e-03 3.651904148067206587e-03 3.278975566146047956e-03 2.943784359533898384e-03 2.642517378812373006e-03 2.371744109441225462e-03 2.128378526319789615e-03 1.909646238189965017e-03 1.713050694382406425e-03 1.536347538952952119e-03 1.377518323524868455e-03 1.234746327169453746e-03 1.106398840653247508e-03 9.910061192746897393e-04 8.872446336505404900e-04 7.939239950175219166e-04 7.099695999401476557e-04 6.344130799803434327e-04 5.663789846300736324e-04 5.050708880879841616e-04 4.497658545266054828e-04 3.997965644620931746e-04 3.545395042950203628e-04 3.133995678331423355e-04 2.757726274312926598e-04 2.410048230532945573e-04 2.082793887554919255e-04 1.763395593233627382e-04 1.428372433184348870e-04 1.065481000378195236e-04 1.000004694359779598e-12 4.712950081755987002e-04 1.857246705752841969e-04 1.364128082574878834e-04 1.134024773436578289e-04 9.333265628516970280e-05 7.692802131503821445e-05 6.192620581527729967e-05 4.604353112896483741e-05 1.504484751534216915e-06 6.697849266408531705e-05 3.654062231535824091e-05 5.743593389899161896e-06 7.538964579315985315e-05
7.538398158928220072e-01 7.443439726108100896e-01 7.336137102584547875e-01 7.237085627185083636e-01 7.128137492002687425e-01 6.893001358075329099e-01 6.698824041226888459e-01 6.488526427702673294e-01 6.262336821935506892e-01 5.925853609105520281e-01 5.376094370477392248e-01 4.975324327415067693e-01 4.977763066208170106e-01 5.244336222593506402e-01 5.296648303209485764e-01 5.064272238342134580e-01 4.607332617706566547e-01 4.069969825438354838e-01 3.220453176571435039e-01 2.839360916798936429e-01 2.508829255721549689e-01 2.223239995498909050e-01 1.975923024118517723e-01 1.760710394368157072e-01 1.572394380456579588e-01 1.406734207653680679e-01 1.260315569281035275e-01 1.130385838794483594e-01 1.014709140984784708e-01 9.114496418525823429e-02 8.190814871969354094e-02 7.363210727678093370e-02 6.620761526580741518e-02 5.954073580254429926e-02 5.354994849002877449e-02 4.816393950948931468e-02 4.331991225578808030e-02 3.896227283425338084e-02 3.504158480881657683e-02 3.151374088796399242e-02 2.833927674850263492e-02 2.548281126220283688e-02 2.291257566533253312e-02 2.060000970456866282e-02 1.851941648693419470e-02 1.664766504365293442e-02 1.496392322005865583e-02 1.344942640491176428e-02 1.208726832532394831e-02 1.086222015478868590e-02 9.760562238942666405e-03 8.769934314455067950e-03 7.879204938069841319e-03 7.078348232900230283e-03 6.358335829420307291e-03 5.711040269695722912e-03 5.129143143449796383e-03 4.606058582950947611e-03 4.135858856063317525e-03 3.713208572580144282e-03 3.333308749952137388e-03 2.991840972871052332e-03 2.684919650045866548e-03 2.409050881549679862e-03 2.161090092263980370e-03 1.938209895556400504e-03 1.737867111536171719e-03 1.557772411149983653e-03 1.395868087467153290e-03 1.250301603702838691e-03 1.119404544072603652e-03 1.001676184961394463e-03 8.957616543913187119e-04 8.004399267050438770e-04 7.146070577096817842e-04 6.372586860403071669e-04 5.674830733293666956e-04 5.044385743447542215e-04 4.473387521722782707e-04 3.954329644837955952e-04 3.479591558099593427e-04 3.040925106109767335e-04 2.628027010395512478e-04 2.225043946696796105e-04 1.802360174762879545e-04 1.344616409539047778e-04 1.000002334915073628e-12 5.947661774169414259e-04 2.343441567554577806e-04 1.721220432002110168e-04 1.430883596750471610e-04 1.177650578176829142e-04 9.706641733321272857e-05 7.813788589328314344e-05 5.809834765401278105e-05 1.900079672294108030e-06 8.451225920272298559e-05 4.610685433954239785e-05 7.247117963304725690e-06 9.511948159106572748e-05
7.739299300486935929e-01 7.661324372798173910e-01 7.577762885442896890e-01 7.507600830079510512e-01 7.421873557854673509e-01 7.197943436058487077e-01 7.004670016174781022e-01 6.789285138181904156e-01 6.569413816641161974e-01 6.320951269188213040e-01 5.966370548449118072e-01 5.431048478820391656e-01 4.987866647929100616e-01 5.040077998759939781e-01 5.183250699387556004e-01 5.370399316297913561e-01 5.327285645684157744e-01 5.034830540223916850e-01 4.211622211408947436e-01 3.732955626326699416e-01 3.291946278264600845e-01 2.901704877102898039e-01 2.562699648665623942e-01 2.269775443125600922e-01 2.016279539333517279e-01 1.795898202162207191e-01 1.603246799845948201e-01 1.433923664446458690e-01 1.284382331181966319e-01 1.151766499553540102e-01 1.033759713719333700e-01 9.284637733108153101e-02 8.343046085531484468e-02 7.499606849824226595e-02 6.743096564314456087e-02 6.063880013676216374e-02 5.453607221063481308e-02 4.904983415467741026e-02 4.411591612180568861e-02 3.967755982680514631e-02 3.568432764574025473e-02 3.209123958308487956e-02 2.885807095216573123e-02 2.594876879494475985e-02 2.333096637594504752e-02 2.097557462099499184e-02 1.885642344523335082e-02 1.694995624048028712e-02 1.523495761735566695e-02 1.369232046290301021e-02 1.230483131032563716e-02 1.105698054974926792e-02 9.934797799347612826e-03 8.925697065732849517e-03 8.018341349805460649e-03 7.202521831671891868e-03 6.469043046203620632e-03 5.809627375561252603e-03 5.216822115161243688e-03 4.683917304785710674e-03 4.204875893207881202e-03 3.774263928308624338e-03 3.387190867265602208e-03 3.039258143034337823e-03 2.726506104564230606e-03 2.445373795857594054e-03 2.192657616588893424e-03 1.965473248653251768e-03 1.761227795083356766e-03 1.577586560384062250e-03 1.412446618359628836e-03 1.263916186033269429e-03 1.130287152488460012e-03 1.010019999135549056e-03 9.017227034959516890e-04 8.041287065157268731e-04 7.160881669949461159e-04 6.365395662123505367e-04 5.644909516857945803e-04 4.989954632660194202e-04 4.390917907964704222e-04 3.837394117253130430e-04 3.316385239249006818e-04 2.807892317050364353e-04 2.274561493448495149e-04 1.697152667621224800e-04 1.000001161295193106e-12 7.507056727978848442e-04 2.957266962267678686e-04 2.172045256239213168e-04 1.805665128446652321e-04 1.486109104820595669e-04 1.224913118198571428e-04 9.860556183943612217e-05 7.331850687145820874e-05 2.400566000136828277e-06 1.066487776354571257e-04 5.818462556330202982e-05 9.145307511393310600e-06 1.200251174327379759e-04
7.906282690518912082e-01 7.842860564334157569e-01 7.774987373049487838e-01 7.722594538324861757e-01 7.659304834779451232e-01 7.459712543281789010e-01 7.289502629007171830e-01 7.086482931235000837e-01 6.843701485676108032e-01 6.510876881355577295e-01 6.121988163088919466e-01 5.813267295927381229e-01 5.503753164285001276e-01 5.205007292879050285e-01 5.067371650200872546e-01 5.187979378584438583e-01 5.358255520821105788e-01 5.447735073569671682e-01 5.198873517268232103e-01 4.775439810078961345e-01 4.296655444193626661e-01 3.814280102201299538e-01 3.365236674692423380e-01 2.965823245277612874e-01 2.618149267269516689e-01 2.317654823565113986e-01 2.057761447788775400e-01 1.832026954168705923e-01 1.634889612421849270e-01 1.461782212202126230e-01 1.309020393512355662e-01 1.173638658659315742e-01 1.053236097731244519e-01 9.458490836528481160e-02 8.498527956475197820e-02 7.638860661197754975e-02 6.867950676208930960e-02 6.175910767632340065e-02 5.554185586061725910e-02 4.995311135595307400e-02 4.492728731530219038e-02 4.040641939016104828e-02 3.633903978951349284e-02 3.267927381198829778e-02 2.938611164906683101e-02 2.642281365234736001e-02 2.375640415106020087e-02 2.135725017464833869e-02 1.919869453345304094e-02 1.725674698820559017e-02 1.550980434267472050e-02 1.393840575037949212e-02 1.252502230777659091e-02 1.125386066463732009e-02 1.011069217588268787e-02 9.082701047042670423e-03 8.158340372246988478e-03 7.327212667824426449e-03 6.579953694763548272e-03 5.908129817648047170e-03 5.304150840868487350e-03 4.761182790380241378e-03 4.273073355947529760e-03 3.834287648836427320e-03 3.439841820584886405e-03 3.085252788696648055e-03 2.766486481143201528e-03 2.479910135609322483e-03 2.222257423998143938e-03 1.990586772748409450e-03 1.782248203905719081e-03 1.594857467117303694e-03 1.426261509625697610e-03 1.274519553872241256e-03 1.137876566864688341e-03 1.014735531715356106e-03 9.036464687426689485e-04 8.032706564402355282e-04 7.123570039853685098e-04 6.297112042699560142e-04 5.541206396764274556e-04 4.842727055888992665e-04 4.185276866855061183e-04 3.543628011806759402e-04 2.870670389630832018e-04 2.142349628186161715e-04 1.000000577579176725e-12 9.476338037329925124e-04 3.732083557563115441e-04 2.741098255963870731e-04 2.278733855352987729e-04 1.875464187770178068e-04 1.545844977143477725e-04 1.244418456799114983e-04 9.253187554627442346e-05 3.033990460116007303e-06 1.345911206821833622e-04 7.343059747331384527e-05 1.154131133883394902e-05 1.514573713184854775e-04
8.046856543193652289e-01 7.996902272608997775e-01 7.940951555254209815e-01 7.900369700569680464e-01 7.852709879134791571e-01 7.671841788241907656e-01 7.526567243311107491e-01 7.357768368790060798e-01 7.149889833753864110e-01 6.767336889892969776e-01 6.152480187349838037e-01 5.749800746260911311e-01 5.695229138989046369e-01 5.685765245788484412e-01 5.419720851271077056e-01 5.192058821591004625e-01 5.236890139401575439e-01 5.355716246985642304e-01 5.705350546472961470e-01 5.554520908325728534e-01 5.263752615632437681e-01 4.854746162016872479e-01 4.380977392042538221e-01 3.896069296888530764e-01 3.439644453125944024e-01 3.031214039776044533e-01 2.674792839185937132e-01 2.366571006768062035e-01 2.100114695286426636e-01 1.868880360034440302e-01 1.667135424064993821e-01 1.490144948853246165e-01 1.334083115181474433e-01 1.195871374694742056e-01 1.073020777307392704e-01 9.634996986118368745e-02 8.656304626016009252e-02 7.780106721322364860e-02 6.994538886491624696e-02 6.289453231311251113e-02 5.656082726049506404e-02 5.086788462217826934e-02 4.574866222855211717e-02 4.114396187502748770e-02 3.700125551260199930e-02 3.327375684709592968e-02 2.991965940567990409e-02 2.690152036811532116e-02 2.418574019462866806e-02 2.174213451663104327e-02 1.954355576116292501e-02 1.756556828008365087e-02 1.578617290660554520e-02 1.418555339418042273e-02 1.274585781353696108e-02 1.145100568937962651e-02 1.028650622582770978e-02 9.239308070462696337e-03 8.297653612101477463e-03 7.450950515440994161e-03 6.689662816974042969e-03 6.005201936950929978e-03 5.389833581256665319e-03 4.836597560359369788e-03 4.339224818487378600e-03 3.892074671015415682e-03 3.490070086602416275e-03 3.128637997959204508e-03 2.803665710585419388e-03 2.511448668308491772e-03 2.248648906714167516e-03 2.012262654358269297e-03 1.799576969394228515e-03 1.608146026214083606e-03 1.435757778397235085e-03 1.280399086035715001e-03 1.140241950894058326e-03 1.013598453075753233e-03 8.988910018100829775e-04 7.946134701749327364e-04 6.992365079356168507e-04 6.111045569765008456e-04 5.281494309531623715e-04 4.471893010271014838e-04 3.622840825259661932e-04 2.704343731928807388e-04 1.000000287233601339e-12 1.196229074848278659e-03 4.709622236667639376e-04 3.459018337322717187e-04 2.875561666405440924e-04 2.366682371180938956e-04 1.950744445625633532e-04 1.570385954375779565e-04 1.167743263289825303e-04 3.835822635521266434e-06 1.698442004816754728e-04 9.266629601503885297e-05 1.456415594645840862e-05 1.911047444170683443e-04
8.163865025391287000e-01 8.122850611958327693e-01 8.079489193946134407e-01 8.054962066271788013e-01 8.020460344602350355e-01 7.851074217303460889e-01 7.719237603861767161e-01 7.575580164828210616e-01 7.423951059117473994e-01 7.112220963833597587e-01 6.349588726895152302e-01 5.541427244990387857e-01 5.449741333974204016e-01 5.731611168985962790e-01 5.742794795619466930e-01 5.653838201002080455e-01 5.502081616499753247e-01 5.338324855111596934e-01 5.764253605320764917e-01 5.767048282280687888e-01 5.719159839630548747e-01 5.583782964684227412e-01 5.320960845010895834e-01 4.931275094320330399e-01 4.464332995686885464e-01 3.977888497864964235e-01 3.514763491996287792e-01 3.097558385587240726e-01 2.732377625155802403e-01 2.416318731234847195e-01 2.143169150706958626e-01 1.906313957745071341e-01 1.699859251711378638e-01 1.518902752577792337e-01 1.359474219393138061e-01 1.218378997192197805e-01 1.093037159027014787e-01 9.813466999393036239e-02 8.815753339911316933e-02 7.922780853466865336e-02 7.122349187492163503e-02 6.404041297051221715e-02 5.758872769107975520e-02 5.179025737126837642e-02 4.657646355318920822e-02 4.188689152683112982e-02 3.766793819940168764e-02 3.387188544528214884e-02 3.045611232454412121e-02 2.738246467572701126e-02 2.461671638115615207e-02 2.212811833157866254e-02 1.988902376358379562e-02 1.787455093921829982e-02 1.606229651562018565e-02 1.443208584254855771e-02 1.296574023641474012e-02 1.164688591829953802e-02 1.046076991324289621e-02 9.394098407563831674e-03 8.434900172747115607e-03 7.572390102968448028e-03 6.796852843302858029e-03 6.099542686698177819e-03 5.472579900716831834e-03 4.908872434726348558e-03 4.402035072636752838e-03 3.946314826783514293e-03 3.536536532630649501e-03 3.168037466279249002e-03 2.836615358844304761e-03 2.538487879315967123e-03 2.270238236134736708e-03 2.028785505413252446e-03 1.811342784004101947e-03 1.615373369526904111e-03 1.438573529764922750e-03 1.278815777905037247e-03 1.134111439625089084e-03 1.002561709640691599e-03 8.822382981529759737e-04 7.710536225629357251e-04 6.663997175064452364e-04 5.642646087008890404e-04 4.571610162720669552e-04 3.413618030671644035e-04 1.000000142800511022e-12 1.509978778859566396e-03 5.942466739581506695e-04 4.364408377516096902e-04 3.628241776723970121e-04 2.986181313730374006e-04 2.461391272323559809e-04 1.981497984958551059e-04 1.473515959940758884e-04 4.851357102774251928e-06 2.143042963644155796e-04 1.169270735038201506e-04 1.837642063081011546e-05 2.410929589987402164e-04
8.260749970101772810e-01 8.229273314179601506e-01 8.197626415422355484e-01 8.183162209327379255e-01 8.158400914150132355e-01 8.003348466665036742e-01 7.892115641221695288e-01 7.776892473365335512e-01 7.683795351181945676e-01 7.444804417647636896e-01 6.573560349521466728e-01 5.539559690448555562e-01 5.124450590863043331e-01 5.342544675278652067e-01 5.574461997441964023e-01 5.860619278685703648e-01 5.899869886768801530e-01 5.762344780065467020e-01 5.857822728805769374e-01 5.763211859964335604e-01 5.757123386719916747e-01 5.774971518754589139e-01 5.741184689645920658e-01 5.614837250315348749e-01 5.372182747719195239e-01 5.004088676788697176e-01 4.546942675094809427e-01 4.060102541633444639e-01 3.590832209766158245e-01 3.165040609102610092e-01 2.791052843971785768e-01 2.467018328305902730e-01 2.187022722597705138e-01 1.944409232106378005e-01 1.733129846514207817e-01 1.548114266247865023e-01 1.385244267767757331e-01 1.241205279869470324e-01 1.113323228099991485e-01 9.994231741298245653e-02 8.977162995368177800e-02 8.067134591674390842e-02 7.251599180773125874e-02 6.519862641036842932e-02 5.862715946069944201e-02 5.272157912261946772e-02 4.741182098330816441e-02 4.263614021297063017e-02 3.833983025131510597e-02 3.447422635684854741e-02 3.099588629416422103e-02 2.786592515015184207e-02 2.504947709404576478e-02 2.251522577776110187e-02 2.023501359267274383e-02 1.818350782541421420e-02 1.633789533330128746e-02 1.467763448578946958e-02 1.318421911155767332e-02 1.184097282480049348e-02 1.063287625691900114e-02 9.546395264438459899e-03 8.569334905800245206e-03 7.690714154701434359e-03 6.900636215817781104e-03 6.190190812767887643e-03 5.551353212802470280e-03 4.976891032982465497e-03 4.460296409231699621e-03 3.995704239775996029e-03 3.577827217770026842e-03 3.201905235946809949e-03 2.863637218085983340e-03 2.559144051377407712e-03 2.284916113952976079e-03 2.037758262327564376e-03 1.814768300224612772e-03 1.613265617348350403e-03 1.430744120949715807e-03 1.264810633410542659e-03 1.113034495202696716e-03 9.727840016970475340e-04 8.407713131038670835e-04 7.119390289705344963e-04 5.768529845128839628e-04 4.309021804419702192e-04 1.000000070961765665e-12 1.906072873319233528e-03 7.497444282960073801e-04 5.506321237086816544e-04 4.577555867528651642e-04 3.767532107567272449e-04 3.105464646380107154e-04 2.500047980854494122e-04 1.859238506207890854e-04 6.139097242461788138e-06 2.703813270072253196e-04 1.475290096326430751e-04 2.318472200109887140e-05 3.041205926021527963e-04
8.341995847467762459e-01 8.318694413997186343e-01 8.295191725349331247e-01 8.289358115306578734e-01 8.276580879609342078e-01 8.132758461418455598e-01 8.033959276516026149e-01 7.936814691660640797e-01 7.889241061309411052e-01 7.788160149487888262e-01 7.193311480347196474e-01 5.575020002854050860e-01 4.476184900925894161e-01 5.185380695322896472e-01 5.165903438280654569e-01 5.515877631279875182e-01 5.857181713613270890e-01 6.053657721412145643e-01 6.281842650999154287e-01 6.072418368265660726e-01 5.889369538030946316e-01 5.773504138168531474e-01 5.747159016172895818e-01 5.768937387596384525e-01 5.759422553695874303e-01 5.651304210532012151e-01 5.423131345572976825e-01 5.073837953934768885e-01 4.628924887201545380e-01 4.143342351875020646e-01 3.668478928473033474e-01 3.234197785501662370e-01 2.851268801163809874e-01 2.519042794331605717e-01 2.231984274936250623e-01 1.983424067070966301e-01 1.767165084134874886e-01 1.577965433981234622e-01 1.411553422886474563e-01 1.264489294295711441e-01 1.134000535849647717e-01 1.017835765639350382e-01 9.141470992860765976e-02 8.213993717486062218e-02 7.383016064515776633e-02 6.637556706778192928e-02 5.968174830289048327e-02 5.366679133315100519e-02 4.825905069735139663e-02 4.339545813149400105e-02 3.902018363033300102e-02 3.508358247547362779e-02 3.154136747823069187e-02 2.835391403163287083e-02 2.548569714500001360e-02 2.290482306565458717e-02 2.058261284387483819e-02 1.849326905004321925e-02 1.661356524389374228e-02 1.492257884484386732e-02 1.340146888022927113e-02 1.203325725041263540e-02 1.080264388254567436e-02 9.695848895464622558e-03 8.700449757157495412e-03 7.805258976926266259e-03 7.000197812172802639e-03 6.276179789647787916e-03 5.625026135415556357e-03 5.039363588837424829e-03 4.512543275263578360e-03 4.038577597219159335e-03 3.612054887224619253e-03 3.228093169861979538e-03 2.882274432700544006e-03 2.570575622761850625e-03 2.289341790674962428e-03 2.035196366868499956e-03 1.804982017689485841e-03 1.595683148568635343e-03 1.404236439194143623e-03 1.227324807211065908e-03 1.060803986498565265e-03 8.982999613121569115e-04 7.279291192604994687e-04 5.440193741827185252e-04 1.000000035245106661e-12 2.406478010236033031e-03 9.459642928041151399e-04 6.947203235284775706e-04 5.775421738360928805e-04 4.753475339751114565e-04 3.918206929249743700e-04 3.154425006857549882e-04 2.346060782043334135e-04 7.775048605788137176e-06 3.411437088476645626e-04 1.861482476011015080e-04 2.925214121555399762e-05 3.836189157423745746e-04
8.410118886358477486e-01 8.392972637454123586e-01 8.375698583187483059e-01 8.378074629810213780e-01 8.375432026585249989e-01 8.238372060466326863e-01 8.148385624970304608e-01 8.063001376611762527e-01 8.038490711842871672e-01 8.045506857163376990e-01 7.797907321053967333e-01 6.304289096259992897e-01 4.032750094300313615e-01 4.514335986830494418e-01 4.712427398472336937e-01 5.300058114229688755e-01 5.514675894414150514e-01 5.791569181468113614e-01 6.593357506546316804e-01 6.527604941804223682e-01 6.335616138039487089e-01 6.100634030672242858e-01 5.915350310303213455e-01 5.792536926878064651e-01 5.746692820927554735e-01 5.756419610603937809e-01 5.762719072744232340e-01 5.684301674651515146e-01 5.476194386889084997e-01 5.142548175680510258e-01 4.710123293199728334e-01 4.227654926287866544e-01 3.748030848615479527e-01 3.305400405454130830e-01 2.913373388602694125e-01 2.572695510772179950e-01 2.278309656953101392e-01 2.023571795143843388e-01 1.802143046611300592e-01 1.608605911181300030e-01 1.438528497889330349e-01 1.288339187253933760e-01 1.155161719417839294e-01 1.036664217987033759e-01 9.309364731610579591e-02 8.363950511278475664e-02 7.517111158563107021e-02 6.757564344478574070e-02 6.075626714968488523e-02 5.462909864113359854e-02 4.912086563057126848e-02 4.416711904841917613e-02 3.971086412586718323e-02 3.570145611291278276e-02 3.209373160136905212e-02 2.884730816251378921e-02 2.592598418145731012e-02 2.329726775881907005e-02 2.093195134534946850e-02 1.880375282738399809e-02 1.688902122429229713e-02 1.516645236986317521e-02 1.361685095038603355e-02 1.222292899568388699e-02 1.096909965187061950e-02 9.841322958827464912e-03 8.826947199976857908e-03 7.914562918409733666e-03 7.093897260893989622e-03 6.355686170118321487e-03 5.691573063419828535e-03 5.094030145697304307e-03 4.556251613136909177e-03 4.072096041535209175e-03 3.636004122761252091e-03 3.242912180983550333e-03 2.888218736474464001e-03 2.567671755646639548e-03 2.277294384987293367e-03 2.013287508079593478e-03 1.771791123862961328e-03 1.548624882134702705e-03 1.338565732157904944e-03 1.133581682551157996e-03 9.187085586471541035e-04 6.870211810147641663e-04 1.000000017497136200e-12 3.039116297116058012e-03 1.193670924360648112e-03 8.766038725937765281e-04 7.287508365267737548e-04 5.998075745495568553e-04 4.944202726065389858e-04 3.980550246698535857e-04 2.960758473040725806e-04 9.857876619043158959e-06 4.304732768230040371e-04 2.349059862428936013e-04 3.691152980730228399e-05 4.839211593624760731e-04
8.467117943309858674e-01 8.454743064571375033e-01 8.442730622559592168e-01 8.451739962618260993e-01 8.456264893640751401e-01 8.324413124757815696e-01 8.241918984952628646e-01 8.162783290700814653e-01 8.141107750108502739e-01 8.179132699510589521e-01 8.138830889600836560e-01 7.436158194394115739e-01 4.560760645441815364e-01 3.832829314129084231e-01 4.019740499886159113e-01 4.434516109815051510e-01 5.189727981872173102e-01 5.649675178612498794e-01 6.524880933011681927e-01 6.598379036628447825e-01 6.593354540708057376e-01 6.534087722865820069e-01 6.387850248475249737e-01 6.146542101819487680e-01 5.937377460910628901e-01 5.810348880830915608e-01 5.756507803746242491e-01 5.752113342733153889e-01 5.756420902309985488e-01 5.703518613617973854e-01 5.525754719534509141e-01 5.210818734924711482e-01 4.790296986908292864e-01 4.312257682946951665e-01 3.829046589986379590e-01 3.378439280547546053e-01 2.977265791237728165e-01 2.627924627088784604e-01 2.325965901953622739e-01 2.064825130337076542e-01 1.838037240375412218e-01 1.640008392273580584e-01 1.466141084126348082e-01 1.312725862397021159e-01 1.176777257706575763e-01 1.055878819079549419e-01 9.480549677456832913e-02 8.516714985003998040e-02 7.653598033614544827e-02 6.879602707220910940e-02 6.184794520352607239e-02 5.560578749355716416e-02 4.999458911582368992e-02 4.494848560960069961e-02 4.040927180976829070e-02 3.632527601068464423e-02 3.265043400278523633e-02 2.934357787852472782e-02 2.636781940875490213e-02 2.369004305465310586e-02 2.128049845783160782e-02 1.911241815245475970e-02 1.716170229302335648e-02 1.540665518466837434e-02 1.382771987802207392e-02 1.240728084209264011e-02 1.112946278654180186e-02 9.979946491143856444e-03 8.945836048749437192e-03 8.015498575859335284e-03 7.178437433630472861e-03 6.425194010016511449e-03 5.747214068600842510e-03 5.136775989722770427e-03 4.586887871778928989e-03 4.091179211241658190e-03 3.643859342298488759e-03 3.239575834370914554e-03 2.873321308005456071e-03 2.540310985817424705e-03 2.235682263376669119e-03 1.954168093168304719e-03 1.689187344151061795e-03 1.430621597037205674e-03 1.159636377698720520e-03 8.678620836640224935e-04 1.000000008682028316e-12 3.839218805862875707e-03 1.506362708280025364e-03 1.106184062903792925e-03 9.196138888410193470e-04 7.569115087868949704e-04 6.239356025883002711e-04 5.023475360199715660e-04 3.736936388899554542e-04 1.251545130295589576e-05 5.432374827988921363e-04 2.964631558041378855e-04 4.658032736183377164e-05 6.104483054738315401e-04
8.514880428666296019e-01 8.506412462584345135e-01 8.498803548132154440e-01 8.512812664993031353e-01 8.522657514237176324e-01 8.395670203919942676e-01 8.318858244380312739e-01 8.243054307444969142e-01 8.217929665786183335e-01 8.239388858718051933e-01 8.259435482369832382e-01 8.075741108016070147e-01 6.116796192977370650e-01 4.534071549731301665e-01 3.438858611303106660e-01 3.247296312664902929e-01 4.666726879069971745e-01 5.087255295873998051e-01 6.510522644517997559e-01 6.574922324832991327e-01 6.541544933233274239e-01 6.580218402031935421e-01 6.605824334183275637e-01 6.535595783330793163e-01 6.413133558945308677e-01 6.201837687855046299e-01 5.968509421373591195e-01 5.822725822943872753e-01 5.765976895443786221e-01 5.759023839466220762e-01 5.755828833431602121e-01 5.711763396743527732e-01 5.564283528654018207e-01 5.275635087863984607e-01 4.868950241312985372e-01 4.396152028887925223e-01 3.910568438997643614e-01 3.452625567252440852e-01 3.042443287128598906e-01 2.684346598850089194e-01 2.374646776505042189e-01 2.106929228304872392e-01 1.874628739785302034e-01 1.671980851863568707e-01 1.494220115806036975e-01 1.337495222009779106e-01 1.198707539778451486e-01 1.075352419253271519e-01 9.653860211272363712e-02 8.671213659960139153e-02 7.791486983436378411e-02 7.002756581355117083e-02 6.294827193336251236e-02 5.658892581419484868e-02 5.087280789459636132e-02 4.573260237703290210e-02 4.110886250685429066e-02 3.694885577396813531e-02 3.320560630836603966e-02 2.983713082297122232e-02 2.680583899625677696e-02 2.407799328435801869e-02 2.162327239303551626e-02 1.941441337691340863e-02 1.742686061110275408e-02 1.563850673259463073e-02 1.402943303587407889e-02 1.258167409950654986e-02 1.127904895863355433e-02 1.010695880187625906e-02 9.052227537667283455e-03 8.102978720235602325e-03 7.248468053654992006e-03 6.478993892380934504e-03 5.785768518178161998e-03 5.160782514153390045e-03 4.596753158320319825e-03 4.086946693412131688e-03 3.625061500092763810e-03 3.205074338094923616e-03 2.820862296658879689e-03 2.465791898310527690e-03 2.131574260937133675e-03 1.805468664742827800e-03 1.463786455815416785e-03 1.096553617080131245e-03 1.000000004305113379e-12 4.851165293900982708e-03 1.900908246218465736e-03 1.395829474200982207e-03 1.160415345292091721e-03 9.551277165534947673e-04 7.873523082173150122e-04 6.339512681108892865e-04 4.716635972371012865e-04 1.591426107765926817e-05 6.855187186931322200e-04 3.741466883113768677e-04 5.878032840524728778e-05 7.699545648492677223e-04
8.554990325892293246e-01 8.549831774435282528e-01 8.545861894616809673e-01 8.563833312297847167e-01 8.577869038524704726e-01 8.455215253892568450e-01 8.382813063471338255e-01 8.310708902216897842e-01 8.286745043720642467e-01 8.291444152999857264e-01 8.268254512140577051e-01 8.206788382276629656e-01 7.317026872779801572e-01 6.231138188094811348e-01 4.199257527827512937e-01 2.651425483975110020e-01 3.845175405177252426e-01 3.929102712006898313e-01 6.382840322227588681e-01 6.385819107042792764e-01 6.459387497476665185e-01 6.535189104319167885e-01 6.580336287334305201e-01 6.572273132850735555e-01 6.612891523530369797e-01 6.557269441488311479e-01 6.422656764347353109e-01 6.242241240341621644e-01 6.012354267667830987e-01 5.837572274615991930e-01 5.768053990631843986e-01 5.765434163563130099e-01 5.766339278540941748e-01 5.722496488538033610e-01 5.592815317561709021e-01 5.332947528950526817e-01 4.944925141517009792e-01 4.478850387634848440e-01 3.991902748462446415e-01 3.527350292086766648e-01 3.108425977810715946e-01 2.741578198018909118e-01 2.424038808095967945e-01 2.149621489637712490e-01 1.911692489847705567e-01 1.704326755396034232e-01 1.522591845073214822e-01 1.362492018499643909e-01 1.220812299144639484e-01 1.094957243443033940e-01 9.828127985136597689e-02 8.826372545451792451e-02 7.929783153682670727e-02 7.126100933254167491e-02 6.404861185758900510e-02 5.757041166881733674e-02 5.174789306805911704e-02 4.651224600026830636e-02 4.180276937719308583e-02 3.756563396767124280e-02 3.375293494658679339e-02 3.032187811254112228e-02 2.723413819247787887e-02 2.445534539056223519e-02 2.195460119253443698e-02 1.970412412951259504e-02 1.767890477869019095e-02 1.585639800291871113e-02 1.421630346289133422e-02 1.274030708965247054e-02 1.141187845819514012e-02 1.021611518188356681e-02 9.139532177282068057e-03 8.169949519458005391e-03 7.296331160983552527e-03 6.508615022912124168e-03 5.797648873804917176e-03 5.154967351337117268e-03 4.572645590078432479e-03 4.043106295186307993e-03 3.558644333968273739e-03 3.110910228998378137e-03 2.689470446766259633e-03 2.278293336207523872e-03 1.847614651797065350e-03 1.385782872724594314e-03 1.000000002132614175e-12 6.131259259523970037e-03 2.398497184100682050e-03 1.761069529036393124e-03 1.464067815744783240e-03 1.205090531409790762e-03 9.934446208151228447e-04 7.999419315754524975e-04 5.952741042203824528e-04 2.027396534463002888e-05 8.649569295110138981e-04 4.721383264844460710e-04 7.416725295271284950e-05 9.708928609245322944e-04
8.588725522663122058e-01 8.586405733242981064e-01 8.585459992040136434e-01 8.606752049340886668e-01 8.624219524615523991e-01 8.505287530459421097e-01 8.436662587890889631e-01 8.368768239635218098e-01 8.350263258057285531e-01 8.360652819420789639e-01 8.303505199888089328e-01 8.111993562928910828e-01 7.665839373943482693e-01 7.321913101131489743e-01 6.068045453142835166e-01 3.630824752486603857e-01 3.475841102946533034e-01 2.815656522523553584e-01 5.710481453783428085e-01 5.918605558826722790e-01 6.377396786740678891e-01 6.436435146053043344e-01 6.473888878728295548e-01 6.477534494525420961e-01 6.565921718807786744e-01 6.587022099647710238e-01 6.608135867017250753e-01 6.589174656069586300e-01 6.448179159054356901e-01 6.263326038954113439e-01 6.055145545510189908e-01 5.863447180264415026e-01 5.768493871932098838e-01 5.761486731599552158e-01 5.776521641905810744e-01 5.742534233718502579e-01 5.621123586410896600e-01 5.383134011067359781e-01 5.016961840759451841e-01 4.560414740341691142e-01 4.073151342807332376e-01 3.602595496102837802e-01 3.175176956049275412e-01 2.799580641378988655e-01 2.474103234529777262e-01 2.192863998039506213e-01 1.949192192129912959e-01 1.737011336134415274e-01 1.551222300961889178e-01 1.387682680333206520e-01 1.243058520978454762e-01 1.114660586486932586e-01 1.000302322726943638e-01 8.981858671578378528e-02 8.068149442267966154e-02 7.249292565171630565e-02 6.514546856768407834e-02 5.854666365012520246e-02 5.261617406127293978e-02 4.728364408400562852e-02 4.248709237232312780e-02 3.817159579871297337e-02 3.428827743584003662e-02 3.079351811681447712e-02 2.764824899414979401e-02 2.481743861542105856e-02 2.226961348354316444e-02 1.997644066050339659e-02 1.791243186041115501e-02 1.605460571182946994e-02 1.438222517283179597e-02 1.287659734912911975e-02 1.152080612635053222e-02 1.029957015447470654e-02 9.199039880193056462e-03 8.206584180886314014e-03 7.310710371324433653e-03 6.500784415107742353e-03 5.766847548081279438e-03 5.099374337553241703e-03 4.488675250178552484e-03 3.924247978185890426e-03 3.392968602379397777e-03 2.874680946106435500e-03 2.332032456393927367e-03 1.751804874231702473e-03 1.000000001054959395e-12 7.751746953776964856e-03 3.025989860264947581e-03 2.221578006970344101e-03 1.846930640643826499e-03 1.520275132137759036e-03 1.253333677433549499e-03 1.009291974321032976e-03 7.512402759343135084e-04 2.588949007615127336e-05 1.091235876650997316e-03 5.957429926107773348e-04 9.357281475878033168e-05 1.223929628228363764e-03
8.617126095101579342e-01 8.617218031149369573e-01 8.618835357593450652e-01 8.642944534051199001e-01 8.663325268024962833e-01 8.547494988779054115e-01 8.482166632863985534e-01 8.418066487662356767e-01 8.404606854097891322e-01 8.428454391070298035e-01 8.418197679840524472e-01 8.113899871399328223e-01 7.471774738629265444e-01 7.623411497269012571e-01 7.058270849672837466e-01 5.468899795894116567e-01 4.767729295997285011e-01 2.914826216752026689e-01 4.613873234183415439e-01 5.499507402786608656e-01 5.946499759012038311e-01 5.849171489529587653e-01 6.208554834075890039e-01 6.484047563895327659e-01 6.501989672887334981e-01 6.483112501978912645e-01 6.511225504362824212e-01 6.593345775260168740e-01 6.603238081359015244e-01 6.604354851690261707e-01 6.495379664388324370e-01 6.290154483578038747e-01 6.084728506827888905e-01 5.896416655938301332e-01 5.777818384280569708e-01 5.752243619450359002e-01 5.774037036900028230e-01 5.762517668322106879e-01 5.655509635476320129e-01 5.431778947652847744e-01 5.085303814786693577e-01 4.640964377214775172e-01 4.154900530896489252e-01 3.678875384013744476e-01 3.243106729219663587e-01 2.858683694606522496e-01 2.525104001422868727e-01 2.236869047060846827e-01 1.987299711972276284e-01 1.770174839305777570e-01 1.580227159987077912e-01 1.413162948162895172e-01 1.265524901427276805e-01 1.134526784167330105e-01 1.017906550379547720e-01 9.138081777337843381e-02 8.206898530571676842e-02 7.372555306066444492e-02 6.624027683549715828e-02 5.951837360340721250e-02 5.347763312663014051e-02 4.804614288199227090e-02 4.316057580465285093e-02 3.876488862830364951e-02 3.480921475586683939e-02 3.124906771198429981e-02 2.804463348369345965e-02 2.516017390411975571e-02 2.256360587530991529e-02 2.022604424137232002e-02 1.812145029182211931e-02 1.622636638992591002e-02 1.451957139194252552e-02 1.298189711023139958e-02 1.159597047447304650e-02 1.034594405621359729e-02 9.217395237778511913e-03 8.196974658586052981e-03 7.272176207145933206e-03 6.431033590705375301e-03 5.661369972148047255e-03 4.949984044173001349e-03 4.280379763807182388e-03 3.627237889865078928e-03 2.943749220700300328e-03 2.215589084198482835e-03 1.000000000520962813e-12 9.806046953021717652e-03 3.817590249129904252e-03 2.802388776770149779e-03 2.329821222309063668e-03 1.917832285790930808e-03 1.581178756826263476e-03 1.273431541283581974e-03 9.481310456801072184e-04 3.316284178349899049e-05 1.376685377739952920e-03 7.517222242304666836e-04 1.180571164714884849e-04 1.542570113050779077e-03
8.641019583642163271e-01 8.643165006083451951e-01 8.646976241469336300e-01 8.673467315428975422e-01 8.696367980703039180e-01 8.583063794687356696e-01 8.520584598209643978e-01 8.459580807987130413e-01 8.449550759064949901e-01 8.478764759475752033e-01 8.518879500531227889e-01 8.335735726958608538e-01 7.276481768264692063e-01 7.371370060662911783e-01 7.138057114485268917e-01 6.642898403425541165e-01 6.235075823617546309e-01 4.608655890818052492e-01 3.466556784307200378e-01 4.796216580196179247e-01 5.136374006548621862e-01 5.093628557829321668e-01 5.861446636330941429e-01 6.043610993449175517e-01 6.035498863521971957e-01 6.399223889245437835e-01 6.529297645224818591e-01 6.542046276913885405e-01 6.486774779855637441e-01 6.561374137654326644e-01 6.607487311846603761e-01 6.600267090234133160e-01 6.534455206544358408e-01 6.340307074252515829e-01 6.111272931786676521e-01 5.925192929967626476e-01 5.797288376530007614e-01 5.750416623500274049e-01 5.762515977294625502e-01 5.769339697488093943e-01 5.689528106053031165e-01 5.482934570947473052e-01 5.152041993471985215e-01 4.720426872762185644e-01 4.237365739438028744e-01 3.756604141338401037e-01 3.312615459262068796e-01 2.919236927413660920e-01 2.577331759363075125e-01 2.281872454021652286e-01 2.026205640077198555e-01 1.803971273462678659e-01 1.609730323553682785e-01 1.439032360579225178e-01 1.288290866154855885e-01 1.154618168898767644e-01 1.035673232225284845e-01 9.295390230190268832e-02 8.346264884359554104e-02 7.496020552134186055e-02 6.733338472922624496e-02 6.048503296451206851e-02 5.433095981793169271e-02 4.879764506755604470e-02 4.382038042757277485e-02 3.934193905929796176e-02 3.531145480986448010e-02 3.168351106292414260e-02 2.841750013907344899e-02 2.547697210306720458e-02 2.282914090975191393e-02 2.044451593397436651e-02 1.829644594131136018e-02 1.636087355977591806e-02 1.461600200312399706e-02 1.304195087514461657e-02 1.162062640756953563e-02 1.033527818440078613e-02 9.170209653962537247e-03 8.110397122946410089e-03 7.140547593982526919e-03 6.244078359744878980e-03 5.400270883756295992e-03 4.577352406603837215e-03 3.716762100607340358e-03 2.804155738263176302e-03 1.000000000256739596e-12 1.241502346586072399e-02 4.816675762824971889e-03 3.535217685362870843e-03 2.939114537491326670e-03 2.419496783231170171e-03 1.994930961242033247e-03 1.606862214069564943e-03 1.196841192254079114e-03 4.264758435556710196e-05 1.736938524415891942e-03 9.486601896596713645e-04 1.489665207373203125e-04 1.943813999286296470e-03
8.661099173762119019e-01 8.664999241490082271e-01 8.670690409566196299e-01 8.699218187902795218e-01 8.724274144271793041e-01 8.613055710409606158e-01 8.552975491514355211e-01 8.494560864658202703e-01 8.487247284435940342e-01 8.518398832360031259e-01 8.567807588045511791e-01 8.514333829585480906e-01 7.645757105208961235e-01 7.243825519052962125e-01 6.689393574593978098e-01 6.776721098341179639e-01 6.918470668875628116e-01 6.214055653455251571e-01 3.401745437222722379e-01 4.294725754834528009e-01 4.304949426008435331e-01 4.188083319394834692e-01 5.169640072115727625e-01 5.110891285393770467e-01 5.553773197960725216e-01 6.120410397776168132e-01 6.121383165656614223e-01 6.271746015930178553e-01 6.489883913929849202e-01 6.558549496321557370e-01 6.534507897343676541e-01 6.527336096297876589e-01 6.602957177205360795e-01 6.597997685765457643e-01 6.545391190642392276e-01 6.395516272760495280e-01 6.153999418172980684e-01 5.948291156697095294e-01 5.817832508738558506e-01 5.760073736442349324e-01 5.756516572319818614e-01 5.764322400979963179e-01 5.711674112879838727e-01 5.532689385754102629e-01 5.218545069432679595e-01 4.798657588446085809e-01 4.319914055395580599e-01 3.835476076440045845e-01 3.383575975739516184e-01 2.981184920672736438e-01 2.630758435366571946e-01 2.327851359102980633e-01 2.065882662587746332e-01 1.838366761565567720e-01 1.639691414613188847e-01 1.465244541551158353e-01 1.311304946094158375e-01 1.174878574708036472e-01 1.053542078676982935e-01 9.453142306069123313e-02 8.485566501734263800e-02 7.618971492112702748e-02 6.841727132608296791e-02 6.143872142895300675e-02 5.516783271399846450e-02 4.952938551615091584e-02 4.445726977809617841e-02 3.989299057133451759e-02 3.578461754457210736e-02 3.208579512366310782e-02 2.875500309405566723e-02 2.575501180456392022e-02 2.305225360787188996e-02 2.061647690702572006e-02 1.842030273123757000e-02 1.643877631314050874e-02 1.464919395957052679e-02 1.303054019385101354e-02 1.156312078166108620e-02 1.022808282250375553e-02 9.006231652152793532e-03 7.876752583910290664e-03 6.813647840143882348e-03 5.777096467112936666e-03 4.693993542192033928e-03 3.552140132128793221e-03 1.000000000126217927e-12 1.573468049016181480e-02 6.077769231227454945e-03 4.459873969444501721e-03 3.707916642960309029e-03 3.052558307767795978e-03 2.517140874749491334e-03 2.027817987933740792e-03 1.511107187788983614e-03 5.511242575901134958e-05 2.191637018203240316e-03 1.197359791713702029e-03 1.879970270624617239e-04 2.448816054575269578e-03
8.677951908803483994e-01 8.683357438999645961e-01 8.690662303034731861e-01 8.720946733183265742e-01 8.747844948094779527e-01 8.638351844710497884e-01 8.580286469294506890e-01 8.524087968931149950e-01 8.519169845929818186e-01 8.552510350395281513e-01 8.602349543436437207e-01 8.585457414726812564e-01 8.023277134380348841e-01 7.600212388380179762e-01 6.179071401207867353e-01 6.171927364653477799e-01 6.852980739875295102e-01 6.353708608441110961e-01 4.911017962661513581e-01 4.946986997875681413e-01 4.294421699407836024e-01 3.598306592133201365e-01 4.396892454252744886e-01 3.961093236413359975e-01 4.949061616446156497e-01 5.466904564618666473e-01 5.327135680590812106e-01 5.920466773988281028e-01 6.275807193925104777e-01 6.225114640566251634e-01 6.418391793633312359e-01 6.527009626008735133e-01 6.578622434623651039e-01 6.535937374028857327e-01 6.584632374649681541e-01 6.608838826072208628e-01 6.545340476083374437e-01 6.426647909529936697e-01 6.210119743239337353e-01 5.978114221197234901e-01 5.833048586118116940e-01 5.772455697150286058e-01 5.762769146818120802e-01 5.761976912115721605e-01 5.721230053967837348e-01 5.572925485030397752e-01 5.282579073939607239e-01 4.875268387673076798e-01 4.401462059999837750e-01 3.914485040112588576e-01 3.455249379262179121e-01 3.043968719365215958e-01 2.684940791978840391e-01 2.374438619651770277e-01 2.106014815272070073e-01 1.873081048098573231e-01 1.669856617854885983e-01 1.491565589031507988e-01 1.334348978253250551e-01 1.195102299249303779e-01 1.071316956488303218e-01 9.609458375946741682e-02 8.622988046743304547e-02 7.739637476881454370e-02 6.947456111334421314e-02 6.236224459716858265e-02 5.597112149564584943e-02 5.022416555493226104e-02 4.505378471232836940e-02 4.040020698642431823e-02 3.621029124226782248e-02 3.243666070396654388e-02 2.903678710558633969e-02 2.597246906571405028e-02 2.320921587303792499e-02 2.071564445674730151e-02 1.846323536809918453e-02 1.642560904560352170e-02 1.457805443602248202e-02 1.289692067452133384e-02 1.135813028467627314e-02 9.935578890503027685e-03 8.596682360196996817e-03 7.291615375055823627e-03 5.929375110762732069e-03 4.503871834680222945e-03 1.000000000061861215e-12 1.996689971072132530e-02 7.669012850247656360e-03 5.626016453935543844e-03 4.677523971482734806e-03 3.851069916949679747e-03 3.175966058097108406e-03 2.559093141512448159e-03 1.908161002431680740e-03 7.163734995375703192e-05 2.765312128377305986e-03 1.511340759553849843e-03 2.372750675471201130e-04 3.083666472444928763e-03
8.692071664036639111e-01 8.698774904635367955e-01 8.707470522206709473e-01 8.739275568954709694e-01 8.767761801185195436e-01 8.659684331158176152e-01 8.603321927782180412e-01 8.549020129139518476e-01 8.546190197934759869e-01 8.581751507696746550e-01 8.636855119205320008e-01 8.633953959585525251e-01 8.186400454950968353e-01 7.930655162834664429e-01 6.444894090952393295e-01 5.735937990391681840e-01 6.018546930445464183e-01 5.959323721056669632e-01 6.587536621641362222e-01 6.371199625909897968e-01 5.518881856525202911e-01 4.460648999205742427e-01 4.515040162406846469e-01 3.526387960150778600e-01 4.270880132526015394e-01 4.592243854122709523e-01 4.298299798836145991e-01 5.403116066743398616e-01 5.578151138590460301e-01 5.640650193036735871e-01 6.206112875704117293e-01 6.356473788466648900e-01 6.381978937650792938e-01 6.469855009076250774e-01 6.551801679567542669e-01 6.579475140626994678e-01 6.574052608231907291e-01 6.617439672716345367e-01 6.562160355539004009e-01 6.436883750382653702e-01 6.255668946152928012e-01 6.021627365883284178e-01 5.848633987740425866e-01 5.778634842810655980e-01 5.772387553943149063e-01 5.771395593935471080e-01 5.730387856569205685e-01 5.602185943441345684e-01 5.339811837112681259e-01 4.949156557812762758e-01 4.481228992827538393e-01 3.992621553881357532e-01 3.526746578952804079e-01 3.106857617387425163e-01 2.739273365542424510e-01 2.421123124385357872e-01 2.146161495122984042e-01 1.907725874658046938e-01 1.699877554422391801e-01 1.517677732196864859e-01 1.357128498716839438e-01 1.215013853233205543e-01 1.088737255663219800e-01 9.761842341356087582e-02 8.756118423956234242e-02 7.855665581195797609e-02 7.048209828271141675e-02 6.323260585031095782e-02 5.671770951559176183e-02 5.085857225940373233e-02 4.558594269043829417e-02 4.083867533764021923e-02 3.656230497474794588e-02 3.270819886412172639e-02 2.923264915222040586e-02 2.609602375729056997e-02 2.326239687811436710e-02 2.069859874664842572e-02 1.837359651328960772e-02 1.625771418432585269e-02 1.432076025528286091e-02 1.253002443491919339e-02 1.084472441127855118e-02 9.202648245726755688e-03 7.490929299106550629e-03 5.716489452695297860e-03 1.000000000030197727e-12 2.537620845290406574e-02 9.675809819612569279e-03 7.095728045888457028e-03 5.899561356485521872e-03 4.857619089874738380e-03 4.006648813137349795e-03 3.229258635269475521e-03 2.409695731641401002e-03 9.376548856720853451e-05 3.488677347291435551e-03 1.907572747693441840e-03 2.994776951473874398e-04 3.880506437021438281e-03
8.703869432634419034e-01 8.711695301953262804e-01 8.721594436930545369e-01 8.754721726673234672e-01 8.784583244208665764e-01 8.677664216727051238e-01 8.622739504805350119e-01 8.570061192277178552e-01 8.569058999835682533e-01 8.606558230658529762e-01 8.664022889177914744e-01 8.693360526898958884e-01 8.313400961499353148e-01 8.102689510099774228e-01 6.989226038150382347e-01 6.108808214713276064e-01 5.506886198173573943e-01 5.739918036190665429e-01 7.140744250884321076e-01 7.252714574878693643e-01 6.759015133545531739e-01 5.808845142567099495e-01 5.490460059137092230e-01 4.591285402210849020e-01 4.413039675474003110e-01 4.196465330412164074e-01 3.357650249877252580e-01 4.602674837097973093e-01 4.559512615652230871e-01 5.050951767659024316e-01 5.722453905684430353e-01 5.655615698602748376e-01 5.958929820750189510e-01 6.392697705392638152e-01 6.416468811270930050e-01 6.470568297062715413e-01 6.493805374388909035e-01 6.580162669078839510e-01 6.587960019327735450e-01 6.615083064026131554e-01 6.593845498531163418e-01 6.457185228340163174e-01 6.279843716380412166e-01 6.067572157819058898e-01 5.874267865497921903e-01 5.781397942887598340e-01 5.773799738561835593e-01 5.784831611300603749e-01 5.749030825801281219e-01 5.628975720398891047e-01 5.389304754850247070e-01 5.018898117501005007e-01 4.559002424448708179e-01 4.069552776105863634e-01 3.597619458268572767e-01 3.169419968812379751e-01 2.793365022864872094e-01 2.467553875834228305e-01 2.186006676975824348e-01 1.942013055504836216e-01 1.729486639803363979e-01 1.543329592584310184e-01 1.379403735788324592e-01 1.234380588783458577e-01 1.105574707517253813e-01 9.908025239338255630e-02 8.882679996643631781e-02 7.964746295472664717e-02 7.141615475897515608e-02 6.402525976884926306e-02 5.738192637818119446e-02 5.140539186315432746e-02 4.602460932474387867e-02 4.117677099727048984e-02 3.680587818046753695e-02 3.286147260749690269e-02 2.929803117701580348e-02 2.607367741109157047e-02 2.314933971835233389e-02 2.048773127723916773e-02 1.805098148591392088e-02 1.579812531915143411e-02 1.367819363007563571e-02 1.161370383614593327e-02 9.465320566969637195e-03 7.264608470337843849e-03 1.000000000014665068e-12 3.231641080790990939e-02 1.220617907152640909e-02 8.947279357381366510e-03 7.439104711781932208e-03 6.125914982356559478e-03 5.053677158603737257e-03 4.074444676997687927e-03 3.043289839102607079e-03 1.237455467057776287e-04 4.400519828209691238e-03 2.407551982539551418e-03 3.780116204904311540e-04 4.879102196385807534e-03
8.713685317835589972e-01 8.722485022137206334e-01 8.733428932226290353e-01 8.767710996462914075e-01 8.798768511909540457e-01 8.692791411417121195e-01 8.639081273865267807e-01 8.587791583411144014e-01 8.588390800276722858e-01 8.627517719809384422e-01 8.687339700187858282e-01 8.732526700994825974e-01 8.457985991673484527e-01 8.259657912387943224e-01 7.144004475591734238e-01 6.437853517192777542e-01 6.125658507199917002e-01 5.870118478323823608e-01 6.809596862280700158e-01 7.321881979315819633e-01 7.314774519599355207e-01 6.558957696318302721e-01 6.235665396288191387e-01 6.050524966682553352e-01 5.657101709726504168e-01 5.103483807605218026e-01 3.750503125026620754e-01 4.389079958611789567e-01 3.824448054492058935e-01 4.286364881437214058e-01 4.879807409700904208e-01 4.579809528963741938e-01 5.550548222474095406e-01 5.917095208576091947e-01 5.825824443763116811e-01 6.246368071393867405e-01 6.488605357974889243e-01 6.498817012879344324e-01 6.482810086110191161e-01 6.530133101407746832e-01 6.602943688714519865e-01 6.611199265825418170e-01 6.614169353936062423e-01 6.501410472539749241e-01 6.303549398434107331e-01 6.101316575930043618e-01 5.908905562815733870e-01 5.791134420732619859e-01 5.768286362706932513e-01 5.788798765898709453e-01 5.771823512765181796e-01 5.661679025122782205e-01 5.435830719911481923e-01 5.084325054140860223e-01 4.634807941227071515e-01 4.145565387263838719e-01 3.667990472714652839e-01 3.231668295126063906e-01 2.847170975453005015e-01 2.513652034455672313e-01 2.225449351112169238e-01 1.975827566035490979e-01 1.758557533664776573e-01 1.568383314748545698e-01 1.401025623761684991e-01 1.253041064085784195e-01 1.121654642925144635e-01 1.004611406795936634e-01 9.000606031146783648e-02 8.064626324772876387e-02 7.225203292791172738e-02 6.471289553975261011e-02 5.793344448932880725e-02 5.183062912246989146e-02 4.633134650458328035e-02 4.137041604311777337e-02 3.688951426007592432e-02 3.283534627833292058e-02 2.915844439682608452e-02 2.581179229454848983e-02 2.274780300697053226e-02 1.991516124076317396e-02 1.725024492095741241e-02 1.465682629704035365e-02 1.196388034086792208e-02 9.246753081389433304e-03 1.000000000007076050e-12 4.127163330211365555e-02 1.539778441136161434e-02 1.127999450813517088e-02 9.378708771453619225e-03 7.724126946293607271e-03 6.373580068924196429e-03 5.140658539206612726e-03 3.844288329137576527e-03 1.649142639861977293e-04 5.550152834378585358e-03 3.038708915207921808e-03 4.772545381487297155e-04 6.128689612742845710e-03
8.721804559887257335e-01 8.731450871121231305e-01 8.743303989724886538e-01 8.778598216125718112e-01 8.810699622302400336e-01 8.705481253008042763e-01 8.652796531273481140e-01 8.602694794609313522e-01 8.604700341104412065e-01 8.645280461770913361e-01 8.707018282383882646e-01 8.758200961731353873e-01 8.561405995778798017e-01 8.367586390373136229e-01 7.318214681441895797e-01 6.467658621075947911e-01 6.506276458963795584e-01 6.462092861396205867e-01 6.524862073900231652e-01 6.922237663577277544e-01 6.965181092016071718e-01 6.987917644150112295e-01 6.554920828981120051e-01 6.956832602709699387e-01 6.869787392334698595e-01 6.590045574927763106e-01 5.620201390945401831e-01 5.339501900420864366e-01 4.359125602530374288e-01 3.978216493915318064e-01 4.230735973506697389e-01 3.430289225904623041e-01 4.822839195803069190e-01 5.061584770209207607e-01 5.153619594499971868e-01 5.893081433007408831e-01 5.994889668665938087e-01 6.053127762207617391e-01 6.428654557414404946e-01 6.532798745367239812e-01 6.539859104358999309e-01 6.496040258779539611e-01 6.579393536595705694e-01 6.617116088074914693e-01 6.614816072281798354e-01 6.545483967930195712e-01 6.349456004235864981e-01 6.128167083231121914e-01 5.941797670603836679e-01 5.811986748074257081e-01 5.767656329905477275e-01 5.782528709565795122e-01 5.785471340394350293e-01 5.697413228511484240e-01 5.484561657133099066e-01 5.147247135258875561e-01 4.708578976365946911e-01 4.220798968847920829e-01 3.738026986516788663e-01 3.293688085046329039e-01 2.900710012358569956e-01 2.559387624843899034e-01 2.264421826985794917e-01 2.009070340745858219e-01 1.786965212716876417e-01 1.592689765427580395e-01 1.421822097206299207e-01 1.270799987724987035e-01 1.136756063904357655e-01 1.017363307350535179e-01 9.107122555124316787e-02 8.152181117719237147e-02 7.295451032711737505e-02 6.525552822292765565e-02 5.832657496341777520e-02 5.208142338859431120e-02 4.644393025784148560e-02 4.134528907964606093e-02 3.672220819727635421e-02 3.251497160530764791e-02 2.866352525147458988e-02 2.510347509879594027e-02 2.175545543640932181e-02 1.850032634928060540e-02 1.512965669506028017e-02 1.179342098322423878e-02 1.000000000003386452e-12 5.291931437698825513e-02 1.942609634293300178e-02 1.421971123655674761e-02 1.182290004911391336e-02 9.738608952688219272e-03 8.038060015542206060e-03 6.486409040258953561e-03 4.857999551333203048e-03 2.222913980418144645e-04 7.000181105653394305e-03 3.836020169484676175e-03 6.028493791295585049e-04 7.689575775552257540e-03
8.728471509273334483e-01 8.738855214955338901e-01 8.751501223566046095e-01 8.787685350981093713e-01 8.820700841301000183e-01 8.716086350952038098e-01 8.664265994301293405e-01 8.615180573866261238e-01 8.618424008233873668e-01 8.660303594586002962e-01 8.723296989939420820e-01 8.783547895644130410e-01 8.631527320794024627e-01 8.519323976143005073e-01 7.339605808535277776e-01 6.887210238982763855e-01 6.536910155090177588e-01 6.558273201684915454e-01 6.843939010336677065e-01 6.763513373943630391e-01 6.457820062698040875e-01 6.720091922564753739e-01 6.622409837206835181e-01 6.928793386951910271e-01 7.159717135185125203e-01 7.370008702680314050e-01 6.770905212600926149e-01 6.313588968210372965e-01 5.529617359811059840e-01 4.725402356406936955e-01 4.718465180301611439e-01 3.271671230230345229e-01 4.328755804581219668e-01 4.213236884917229141e-01 4.330735519379406706e-01 5.170468063224462618e-01 5.019066081799897772e-01 5.621738501443438452e-01 6.131549091800290174e-01 6.085412371890339678e-01 6.301125872726205390e-01 6.516890317324928183e-01 6.570522344207302412e-01 6.533443667067170280e-01 6.544179917305162908e-01 6.618519758800422981e-01 6.613093346773446513e-01 6.564208623539772303e-01 6.407217418550444910e-01 6.167931737699016148e-01 5.968373257083070538e-01 5.836999651331870043e-01 5.779140623680979472e-01 5.778730369204487793e-01 5.787000587462050039e-01 5.725392924621471868e-01 5.533992751850450587e-01 5.209404668463748500e-01 4.780077345619197504e-01 4.294568796514200426e-01 3.807214436341201935e-01 3.355043745684298528e-01 2.953584719124487390e-01 2.604383784996153750e-01 2.302558034064446368e-01 2.041377824528612106e-01 1.814343388548587399e-01 1.615874829952651526e-01 1.441404533744633509e-01 1.287250557670792106e-01 1.150447795972564663e-01 1.028594404465141832e-01 9.197192708349460899e-02 8.221866012949656521e-02 7.346180093097187669e-02 6.558313374579985422e-02 5.848027499228405923e-02 5.206228405371417928e-02 4.624671539997238928e-02 4.095672751924175903e-02 3.611589208019416741e-02 3.164305003537357108e-02 2.743914316671454065e-02 2.335713558347445040e-02 1.914525646177865983e-02 1.507677475896271151e-02 1.000000000001605268e-12 6.823253575135725113e-02 2.451357589800456580e-02 1.792455609832759034e-02 1.490286756658974580e-02 1.227777984413972942e-02 1.013727660928220170e-02 8.185501398312795482e-03 6.142146588954892905e-03 3.035007423281280083e-04 8.829434299651195070e-03 4.843756144403089589e-03 7.620585302717745434e-04 9.633953197918244948e-03
8.733898196095734034e-01 8.744925432276580146e-01 8.758264394259531738e-01 8.795233366818349108e-01 8.829051888006198556e-01 8.724910846904191386e-01 8.673817937922621013e-01 8.625601981760628867e-01 8.629937605849813398e-01 8.672972463515803421e-01 8.737025916718975660e-01 8.803540397728905065e-01 8.720224792090106591e-01 8.608157480807385742e-01 7.583606562054159284e-01 7.021377360009399826e-01 6.334249980209958331e-01 6.686349893315153281e-01 7.057080134160734763e-01 6.972279730597881198e-01 6.565269110175585565e-01 6.437282997021860353e-01 6.562487340160241267e-01 6.504897964601743521e-01 6.953731237447353664e-01 7.235976837063273770e-01 7.142612696754504498e-01 6.833078376367247575e-01 6.220584164635982738e-01 6.095099872729329293e-01 6.152503493597023532e-01 4.891279342397369390e-01 5.025059282864414723e-01 4.240403557261418488e-01 3.771329876891791333e-01 4.383371883210614994e-01 3.823491381399396483e-01 5.017899980946143312e-01 5.442699569306966856e-01 5.343175647479183610e-01 5.982683596202238441e-01 6.262333701822959675e-01 6.224148256396322410e-01 6.445413910277346670e-01 6.555325885301183098e-01 6.591049045172112653e-01 6.545513014605193192e-01 6.604691112797343999e-01 6.624342237653445542e-01 6.566892556909232903e-01 6.447080173310765216e-01 6.224151084556266422e-01 5.998582065961600707e-01 5.858346173626620690e-01 5.797377867242834437e-01 5.787457412516695543e-01 5.788073076226164515e-01 5.741572307126682206e-01 5.577061895402941616e-01 5.269570949664292847e-01 4.848686538297287130e-01 4.365437309376442587e-01 3.874129362447488178e-01 3.414493711524093644e-01 3.004708979841658190e-01 2.647676506521409734e-01 2.338985122314317933e-01 2.071940927832353618e-01 1.839922080600300547e-01 1.637191356408691512e-01 1.459032014040485270e-01 1.301641101209584928e-01 1.161953531812796314e-01 1.037486364167270886e-01 9.262027287083675342e-02 8.264027700043725944e-02 7.366511002165415656e-02 6.557029571022299219e-02 5.824537542157480485e-02 5.158932724786082641e-02 4.550343799203263040e-02 3.988453546907121811e-02 3.460864994498542846e-02 2.949485865506899090e-02 2.424238457300337962e-02 1.932278744412487329e-02 1.000000000000768797e-12 8.866297592869215594e-02 3.094146541888381091e-02 2.259183880610025549e-02 1.878195394154048153e-02 1.547663549865610499e-02 1.278367757341553924e-02 1.033034260820685397e-02 7.769890729103054623e-03 4.202016431362618951e-04 1.113643790044830176e-02 6.117583372347513287e-03 9.642416121283573470e-04 1.204568380439785709e-02
8.738267716419422237e-01 8.749857752300875813e-01 8.763803731309639522e-01 8.801467126267847885e-01 8.835993508539713437e-01 8.732216307245909137e-01 8.681734513114500729e-01 8.634262357609202576e-01 8.639563949045034885e-01 8.683630542248319539e-01 8.748710461149322715e-01 8.817036228893115890e-01 8.804770087376367904e-01 8.666424439289470705e-01 7.822401680354000852e-01 7.000734956169946122e-01 6.440975256855518971e-01 6.796162338795711522e-01 7.072499155914614422e-01 7.069036134082254952e-01 6.836004300270552836e-01 6.744325978927966370e-01 6.845530320288975012e-01 6.599035885507220645e-01 6.726649409979867933e-01 6.674156136044683274e-01 6.902695037135351264e-01 6.865022118282738672e-01 6.688061531351041644e-01 6.878919068875914977e-01 7.196850460276409400e-01 6.646531882424586701e-01 6.408956339192581897e-01 5.429820774594494859e-01 4.391743531302622627e-01 4.491395027577043120e-01 3.349022070470105694e-01 4.347899137269131686e-01 4.563406213001599543e-01 4.425946724364180906e-01 5.434829441420290230e-01 5.498169290833196943e-01 5.695997895544192557e-01 6.252822523021378531e-01 6.338192197445222664e-01 6.401713638005963602e-01 6.502667990113701890e-01 6.584503115809011708e-01 6.591658864634237780e-01 6.595484007572598451e-01 6.638160029200578238e-01 6.581396736993788688e-01 6.463303345004379752e-01 6.276507570650945445e-01 6.042003765933763315e-01 5.878457049993949246e-01 5.812884723246155572e-01 5.804705132108060051e-01 5.800544307669136534e-01 5.754816716060373594e-01 5.610405904889499418e-01 5.324088622701576012e-01 4.913125872689553253e-01 4.431842968249558590e-01 3.936915736960139300e-01 3.470264586673187379e-01 3.052475028455896577e-01 2.687819840292050566e-01 2.372387254329635098e-01 2.099542390863415875e-01 1.862548512075122842e-01 1.655518158794860029e-01 1.473588724801202232e-01 1.312832578458304478e-01 1.170082865067481326e-01 1.042761576394392459e-01 9.287502531573824105e-02 8.262640144190203095e-02 7.337627432432922148e-02 6.498747232748602887e-02 5.732943558666803857e-02 5.026900142272423128e-02 4.365001202335010849e-02 3.725028416796454661e-02 3.071532485901725534e-02 2.482765833760376337e-02 1.000000002324622061e-12 1.164967980189013652e-01 3.906799274186786158e-02 2.846816247843174386e-02 2.366356151779882774e-02 1.950318096508843815e-02 1.611744216207270514e-02 1.303664955054607659e-02 9.834200122163766489e-03 5.903265867185058776e-04 1.404438603193806576e-02 7.727578672379570128e-03 1.221598580390989780e-03 1.501893559319331800e-02
8.741735926819984570e-01 8.753819104521314287e-01 8.768297944804471777e-01 8.806577589041784115e-01 8.841729912473003106e-01 8.738224436150305863e-01 8.688254687709052737e-01 8.641418493704245973e-01 8.647576267269178052e-01 8.692567464718696790e-01 8.758578853391522090e-01 8.827735223020329869e-01 8.856884547913276284e-01 8.753082921242610892e-01 7.853975027814913412e-01 7.203432613665371465e-01 6.685961097344776949e-01 6.807093782985128572e-01 7.177757580083649058e-01 7.162463361127067163e-01 6.903573581519839575e-01 6.924316252322462173e-01 7.070606617145134276e-01 6.885984507548228439e-01 6.704795287475545651e-01 6.494627172649664049e-01 6.469041289610465428e-01 6.588758447062811330e-01 6.892620921915399990e-01 6.759410763576948478e-01 7.304775946863230063e-01 7.255499297790186652e-01 7.207699834495041591e-01 6.591859706408104147e-01 5.584271599194927660e-01 5.625244689637600715e-01 4.452557472175047715e-01 4.564085727664905501e-01 4.178806155744141382e-01 3.578725688191322085e-01 4.611112962572512242e-01 4.395315506200334066e-01 5.163003447813682145e-01 5.738870240343525442e-01 5.638073227207920368e-01 6.038807160990312672e-01 6.422647066902368307e-01 6.418717428934141989e-01 6.491190723406933261e-01 6.536471371542476039e-01 6.613892774147273057e-01 6.610277993998631141e-01 6.643849549792066878e-01 6.614828630544898891e-01 6.482078055032832742e-01 6.309135116788108233e-01 6.092077032362399613e-01 5.906555127703109198e-01 5.824790780471531537e-01 5.819453461282374507e-01 5.822733162663342732e-01 5.776492837057360941e-01 5.639628038282177291e-01 5.371236965534177399e-01 4.971852052332861871e-01 4.492573177915183957e-01 3.993953000999999059e-01 3.520582993182835851e-01 3.095145411330097462e-01 2.723174453792358563e-01 2.401221364210580911e-01 2.122706201953322436e-01 1.880781733166671243e-01 1.669410083567157421e-01 1.483586383533302966e-01 1.319245584076346178e-01 1.173103826491753154e-01 1.042466037805830914e-01 9.250763845449318235e-02 8.189894718249372818e-02 7.224173407078840481e-02 6.335986810265170632e-02 5.505411662205507428e-02 4.705145691699536004e-02 3.894071836083703997e-02 3.198000827767004395e-02 1.000071055677096043e-12 1.555733627872621927e-01 4.935840725418865621e-02 3.586526962978815736e-02 2.980329395559581235e-02 2.456818118446640539e-02 2.031467877900054037e-02 1.645052555697364832e-02 1.245445185467015936e-02 8.415713988699598984e-04 1.770868366882201103e-02 9.762774195529955179e-03 1.550394484435907482e-03 1.865464131235932549e-02
8.744434538316956385e-01 8.756950380644866749e-01 8.771897678631844775e-01 8.810725473912157657e-01 8.846432673236451771e-01 8.743121464437896284e-01 8.693579056607491085e-01 8.647285826392308028e-01 8.654203664958238784e-01 8.700025457022608766e-01 8.766877737994155373e-01 8.836568628493022270e-01 8.887972677918722919e-01 8.825397715238696428e-01 7.877909047862973191e-01 7.374118368540553137e-01 6.719237099028856353e-01 7.013263916231029516e-01 7.275704077910934986e-01 7.157040434266881412e-01 6.984426975809897575e-01 6.901987798446082012e-01 6.952451354971252995e-01 6.684858597851462969e-01 6.755854807217841485e-01 6.740098592335229677e-01 6.721133663215110854e-01 6.737673881797568987e-01 6.769949720626368128e-01 6.397975072500762250e-01 6.787582905347976370e-01 7.070940076372774774e-01 7.133992142084953914e-01 7.263784760233114035e-01 6.557365913635964105e-01 6.679197151897185991e-01 6.146317280166443409e-01 5.884259130533708859e-01 5.101408211423139605e-01 3.969631519619605253e-01 4.367359054050788392e-01 3.613195585577410052e-01 4.421047330459734193e-01 4.889403476354019507e-01 4.646024167875509869e-01 5.631778467882602168e-01 5.892947606210439115e-01 5.854414222224560982e-01 6.321035219061276189e-01 6.509927730583644490e-01 6.523076594878723933e-01 6.514382749585972965e-01 6.581024965900771351e-01 6.637247078858052873e-01 6.647458691026297828e-01 6.645850846123620981e-01 6.524307309270084287e-01 6.334980872792468354e-01 6.134568522156844672e-01 5.945208582866905456e-01 5.841470991434469795e-01 5.828732234228383158e-01 5.843574211260742501e-01 5.807348626029362748e-01 5.673165963529245293e-01 5.413847259109498822e-01 5.024169650893243189e-01 4.546676247561716733e-01 4.043935755694144651e-01 3.563827987700559086e-01 3.130985990377236905e-01 2.751987986295583721e-01 2.423744098907403832e-01 2.139679059447393561e-01 1.892822558912861941e-01 1.676966501738189341e-01 1.486947853252359453e-01 1.318542209562749701e-01 1.168284765336526088e-01 1.033277085374341708e-01 9.109585034791088665e-02 7.989152010846123364e-02 6.945487866364602469e-02 5.944848532825416920e-02 4.940382384396062310e-02 4.128699486837193733e-02 1.486536010104367781e-12 2.124686085194790186e-01 6.243359880357732261e-02 4.518339275297324209e-02 3.752619066432797551e-02 3.093868058380439684e-02 2.559867533816225296e-02 2.075817770568367387e-02 1.578568242898376051e-02 1.216742105177660025e-03 2.232748378300397282e-02 1.233746421750259864e-02 1.972976693281430945e-03 2.305119069995766740e-02
8.746475896111680637e-01 8.759371553675348032e-01 8.774730996220087009e-01 8.814047132074517288e-01 8.850247048130703842e-01 8.747065052246796313e-01 8.697877314993442965e-01 8.652046499005243696e-01 8.659639601255900709e-01 8.706208736964251571e-01 8.773824125079209280e-01 8.844091556675022225e-01 8.906228825768002233e-01 8.881069142938223804e-01 7.977771835640448117e-01 7.478308326214313517e-01 6.870374398415989292e-01 7.140102880235510430e-01 7.239992133602038971e-01 6.759302316556816681e-01 7.265210454945769669e-01 7.168496231435628196e-01 7.136142606966096036e-01 6.566784961064655590e-01 6.913205399940908213e-01 7.017783050721728699e-01 7.039729999222531509e-01 7.110293837203687239e-01 7.014517935091098000e-01 6.587860488840443507e-01 6.466563769910906867e-01 6.647660376995413456e-01 6.542297350721631988e-01 7.154969031092393017e-01 7.036910720645445094e-01 6.992540399098921000e-01 6.992205406717211247e-01 7.050731158728027470e-01 6.511110429831377111e-01 5.556783832726402972e-01 5.171210105737109597e-01 4.223985749149575808e-01 4.172840752097199402e-01 4.227695281474211919e-01 3.557718660608898964e-01 4.875595472259638408e-01 4.969093654628635170e-01 5.287081725769571250e-01 5.958996505528445509e-01 5.976935127214895171e-01 6.134991162070615456e-01 6.495964232814196437e-01 6.563927532642043206e-01 6.566786733481178029e-01 6.548023501449480310e-01 6.635090019905669489e-01 6.660532236660060557e-01 6.660767089339371116e-01 6.576901254106727324e-01 6.378089139424399923e-01 6.168679745748323340e-01 5.987150273169947745e-01 5.869787415263510999e-01 5.840952465624725809e-01 5.858211253392319184e-01 5.838469792064636676e-01 5.712632274889956063e-01 5.456050520958037886e-01 5.070426018601424945e-01 4.592873564494708849e-01 4.085125036646009566e-01 3.597938444516661227e-01 3.157772929407141604e-01 2.771960681640052715e-01 2.437593853243313624e-01 2.147994134234676722e-01 1.896015624654226184e-01 1.675244843276292306e-01 1.480282458330383910e-01 1.306647024602103080e-01 1.150500031759910530e-01 1.008385196024902120e-01 8.768001006789197249e-02 7.515131745429440291e-02 6.272759657042631387e-02 5.339542993837871621e-02 7.601801685285439051e-10 2.929040110190255231e-01 7.914908314935803491e-02 5.694362525217762372e-02 4.724896252734906571e-02 3.895460568577781973e-02 3.225340249841849444e-02 2.619758340392010568e-02 2.003015569596916512e-02 1.781632168509349494e-03 2.815487250782868628e-02 1.559894940644855621e-02 2.521137083017158803e-03 2.828178663477994362e-02
8.747957576113722933e-01 8.761186699952775436e-01 8.776908860007484048e-01 8.816660534516668202e-01 8.853298513966645356e-01 8.750191336845188905e-01 8.701295888705536941e-01 8.655857606871137921e-01 8.664050835571451836e-01 8.711293132548774132e-01 8.779601283427352909e-01 8.850563537952400583e-01 8.921147877241951685e-01 8.923995943136493469e-01 8.148316464482341370e-01 7.523791614968744490e-01 6.808355887587234090e-01 6.989705256579513692e-01 7.212476072854377973e-01 6.992916088675663611e-01 7.417537396797619920e-01 6.952450069527559284e-01 7.281852669704247383e-01 6.849669184028037705e-01 7.174700720818539823e-01 7.210809616477561468e-01 6.954630269205328563e-01 6.897757924515852679e-01 7.013614450253586874e-01 6.818594140586503594e-01 6.805650545203871804e-01 6.852141484068958732e-01 6.603740472227047631e-01 6.719330289994245309e-01 6.768732935972856524e-01 6.802074744553099350e-01 6.648321638253517074e-01 7.357338407850227968e-01 7.177884148371527218e-01 6.498054220067585041e-01 5.921955333528587939e-01 5.600349926235621556e-01 5.074536336228824274e-01 4.697660609322987790e-01 3.340364094513234017e-01 4.357160792334124344e-01 4.057935272724898512e-01 4.536280672049831653e-01 5.218426881147093521e-01 5.021392233946816441e-01 5.759592706098223269e-01 6.172988834741302000e-01 6.102606963055133837e-01 6.392595659086354187e-01 6.584800200197565845e-01 6.620712841937758109e-01 6.574907569225141302e-01 6.613864979104058239e-01 6.677509035591243647e-01 6.670004264231041979e-01 6.613955644176555682e-01 6.439334355740687910e-01 6.209780067926987668e-01 6.026291437742582469e-01 5.907767173175996200e-01 5.865723028256274452e-01 5.874219534934870257e-01 5.864334178171194401e-01 5.752121913449259605e-01 5.497945905028600588e-01 5.110222868050506850e-01 4.628655160871870677e-01 4.114195922307711806e-01 3.619311610875982632e-01 3.171802940114372138e-01 2.779323366188218292e-01 2.438865475005705663e-01 2.143498181539043312e-01 1.885759605009061923e-01 1.658905809688714372e-01 1.457077583259838161e-01 1.275135202561588355e-01 1.108165245308293800e-01 9.507199757071561896e-02 7.969783075605005318e-02 6.909056339222062471e-02 2.799929885952801381e-07 3.606650621166709869e-01 1.007341116962052058e-01 7.183469396122929562e-02 5.950880214876863583e-02 4.904840885152218777e-02 4.063866745606978248e-02 3.307139310368177598e-02 2.545076820763694098e-02 2.635984419872401240e-03 3.551683628208582300e-02 1.973638003849618322e-02 3.242000764598098033e-03 3.434647181543995509e-02
8.748965117258289403e-01 8.762487066370627797e-01 8.778528561503576855e-01 8.818669121144440126e-01 8.855697059903421264e-01 8.752619514867856498e-01 8.703962922677976888e-01 8.658856642918396629e-01 8.667583418958088037e-01 8.715432689892024243e-01 8.784369762224062406e-01 8.855961659450733992e-01 8.935444526715778935e-01 8.958462143002087208e-01 8.335509460130937631e-01 7.574982412806136045e-01 6.946265852446310562e-01 6.737603936060215792e-01 7.351224590537122072e-01 7.286450933098630456e-01 7.205176221891957944e-01 6.890519386646694056e-01 7.441865438094819041e-01 6.908885698299065403e-01 7.202719495267448924e-01 7.152600531452972810e-01 7.206635791088952248e-01 6.799308371043587540e-01 6.965031431921718807e-01 6.587921716068584344e-01 6.942037550260883316e-01 7.151096736885943494e-01 7.067561617255375683e-01 6.790637310241159907e-01 6.504593111698592223e-01 6.499396563499337809e-01 6.216587171953513735e-01 7.078578007753845158e-01 6.661130941148640794e-01 6.975495523976370515e-01 6.402913682276081264e-01 6.650674004166057252e-01 6.428313970652149711e-01 6.174118339175704850e-01 4.986482045353885506e-01 5.008167885113551376e-01 4.096656454705201456e-01 3.953077631392310498e-01 4.409861011306928091e-01 3.834821595668353456e-01 5.145322786955767169e-01 5.440269599567011394e-01 5.470103447512894013e-01 6.115154165165931355e-01 6.284877065011045261e-01 6.307336921630445348e-01 6.538946026832959113e-01 6.634644586286468915e-01 6.647533823919666851e-01 6.618089498032615481e-01 6.685328622647237484e-01 6.690843064645167759e-01 6.633973273996652820e-01 6.496268732819410197e-01 6.267085808903553046e-01 6.066956237128231511e-01 5.949407878080508194e-01 5.904562780786393184e-01 5.902847342520840535e-01 5.890310981697555182e-01 5.786871780223703521e-01 5.535007604302972783e-01 5.140239748584651824e-01 4.649242203398916140e-01 4.125269634388045725e-01 3.621714224275470184e-01 3.166723886718093572e-01 2.767593835822401149e-01 2.420732148366052106e-01 2.118664927437306222e-01 1.853301902326346950e-01 1.617102785371609674e-01 1.402994979809698006e-01 1.203722374248592936e-01 1.012772725345062741e-01 8.925056397662911589e-02 2.582062814101016024e-05 3.159413030377229425e-01 1.290688208796452741e-01 9.079142502026364692e-02 7.500693492186955025e-02 6.177167971403743629e-02 5.120895824950751768e-02 4.176215968160895686e-02 3.238692995147157000e-02 3.928087952075236602e-03 4.483296214370562083e-02 2.499141117763725023e-02 4.209015466442220764e-03 4.108351548014289173e-02
8.749572956178206518e-01 8.763352150572448762e-01 8.779674960533826455e-01 8.820163229531506888e-01 8.857538822219634955e-01 8.754453596495954670e-01 8.705990210833346454e-01 8.661163619052755225e-01 8.670365046693947475e-01 8.718762307212452045e-01 8.788271056328065267e-01 8.860399026301026826e-01 8.945902627509182414e-01 8.979032491167500130e-01 8.467413385338468101e-01 7.654756442001462435e-01 7.181756076455196869e-01 6.859171535665502528e-01 7.545751676762484372e-01 7.280846546343708869e-01 7.000462443144169766e-01 7.124192428125734056e-01 7.310916293727447446e-01 6.870362205689726220e-01 7.322316603226556309e-01 7.124369036689350843e-01 7.333681092598438589e-01 6.971498331543533045e-01 7.176776648870889508e-01 6.769070968885220196e-01 6.956537867806924513e-01 7.200712602317156374e-01 7.094387964937671764e-01 6.913494333438416906e-01 6.750801286051563155e-01 6.744150425274362259e-01 6.527882296783298344e-01 6.740994314252546360e-01 6.152333261094944383e-01 6.884728666360595550e-01 6.627786665373858188e-01 7.057195601592015644e-01 6.905521443657987035e-01 7.242754084151986627e-01 6.582921051360194342e-01 6.196130221318441045e-01 5.227553566599920654e-01 4.317697671493711531e-01 4.439986515863388883e-01 3.181859504399157657e-01 4.452668346226178464e-01 4.527304026332045206e-01 4.709466015998912680e-01 5.545264822302470309e-01 5.486051275026373464e-01 5.881321283410443357e-01 6.370051774007093881e-01 6.379378190009000749e-01 6.507329297144081037e-01 6.614322620643656725e-01 6.683890858216231523e-01 6.668331198232546608e-01 6.696367024444085381e-01 6.723944186336946460e-01 6.658590696493618122e-01 6.535566484559377498e-01 6.331019089561142899e-01 6.117631888860296518e-01 5.993676967618845053e-01 5.952859473681155755e-01 5.948668277647574110e-01 5.926667471111677354e-01 5.819150456277569772e-01 5.562323943184015462e-01 5.153875630869915181e-01 4.646609804483134987e-01 4.109000237247594223e-01 3.595180480465804962e-01 3.132159685244734204e-01 2.725739770474364665e-01 2.370931462208358820e-01 2.058993756597860825e-01 1.780344352260810337e-01 1.525199314745358525e-01 1.286019159319183869e-01 1.147375277279226308e-01 6.399896692694248069e-04 1.350676445595168085e-01 1.672914665688927660e-01 1.151456563830947910e-01 9.468716078297557959e-02 7.783949901970223240e-02 6.454241533719967672e-02 5.275391956631778761e-02 4.127537155526510987e-02 5.875354464320661080e-03 5.665167020061102204e-02 3.167309358132778391e-02 5.543914712064911855e-03 4.802854440863351532e-02
8.749844941809770127e-01 8.763850218973409101e-01 8.780421006511740512e-01 8.821220613153218926e-01 8.858906613368978666e-01 8.755783041877184258e-01 8.707473891678481070e-01 8.662881792221291954e-01 8.672505758334124737e-01 8.721398404895985834e-01 8.791427652795739123e-01 8.864047484012058664e-01 8.951998647323501368e-01 8.989618474988719798e-01 8.567071468431608494e-01 7.696214342436187295e-01 7.300205614535040244e-01 7.206443674377086550e-01 7.482803370065318482e-01 7.269317055637044556e-01 7.166426747605537662e-01 7.381174082161823247e-01 7.100385682921382946e-01 7.093342388836821888e-01 7.405630668960803131e-01 7.146129336887834249e-01 7.275881949001653526e-01 7.236040256385614100e-01 7.295564523091569997e-01 7.178131385287591648e-01 6.851157495129306385e-01 7.246169073244979053e-01 7.088346388687195576e-01 6.802619413051792518e-01 6.875791517286348187e-01 6.868757444354754993e-01 6.922585104794146682e-01 6.786979131390982189e-01 6.415232031237350085e-01 6.459218920016517318e-01 6.574412311051440749e-01 6.860938949382350271e-01 6.772692595427655116e-01 7.382700918564091275e-01 7.164233827119383946e-01 6.900606615955570122e-01 6.150274440005800702e-01 5.560677710035444310e-01 5.654162169462286780e-01 4.228038141578971953e-01 4.657581314547724616e-01 4.105214325704876210e-01 3.925880829849221487e-01 4.701196993905627508e-01 4.337544025267330849e-01 5.401730166442946235e-01 5.827862576968646513e-01 5.756202660947284944e-01 6.252484374174610560e-01 6.522201576460999739e-01 6.523920922110095777e-01 6.607990191205094233e-01 6.676873831917955471e-01 6.728220705354297504e-01 6.727843700714440933e-01 6.760438475544787718e-01 6.704083769851023611e-01 6.570255807231546452e-01 6.388074476146440306e-01 6.179396281743755326e-01 6.046048197196450813e-01 6.008604170223718066e-01 6.009490318634397310e-01 5.978996317169993358e-01 5.854116656549461783e-01 5.576353051767551916e-01 5.141293713104382324e-01 4.607842346843894488e-01 4.050662593588590932e-01 3.523716226010860098e-01 3.050641205867432593e-01 2.633796899560127969e-01 2.265292567208834762e-01 1.933461137895872428e-01 1.629458276738743328e-01 1.462119584408102524e-01 4.858126563996688699e-03 2.265362176906750291e-02 2.211273613300141216e-01 1.469321046394583830e-01 1.198877985098811133e-01 9.821133898821043928e-02 8.139029065844471944e-02 6.666597274802844864e-02 5.267870555265830035e-02 8.800136548384988530e-03 7.171249346481471665e-02 4.018041708449143073e-02 7.464013477754941756e-03 5.424640053332130396e-02
8.749835574920177272e-01 8.764039537190632112e-01 8.780828955899463439e-01 8.821907620923500337e-01 8.859871077447748489e-01 8.756684107366592418e-01 8.708495884186555624e-01 8.664099148226427349e-01 8.674099357847606662e-01 8.723440247244323986e-01 8.793943975654395784e-01 8.867014261514659657e-01 8.956000726492342467e-01 8.998842796472232841e-01 8.665804485896922982e-01 7.720389339870356027e-01 7.369770682138291340e-01 7.250838080517887363e-01 7.355926678644645333e-01 7.414243940928602061e-01 7.497420710561421009e-01 7.516631360624684843e-01 7.229178673841647473e-01 7.399786279966689140e-01 7.318556056661373876e-01 7.166098490303198787e-01 7.486455506897163881e-01 7.428188853844622797e-01 7.233070255122237002e-01 7.232094255531010818e-01 6.762631849472963141e-01 7.301469532271572804e-01 7.203484660791956706e-01 6.895114075342474447e-01 6.792591440187620844e-01 6.729745543523381057e-01 6.883807256289062870e-01 6.946345809738269095e-01 6.748646524463516316e-01 6.664201430769173262e-01 6.706032900358500637e-01 6.704717700975015848e-01 6.687127780282289269e-01 6.866095827909962646e-01 7.077338971650138921e-01 6.993500434346827666e-01 6.708655343037629448e-01 6.713604101654743195e-01 6.937308379398738900e-01 6.170714587719982047e-01 5.953686996527615127e-01 4.962409104639262658e-01 4.036899384793229406e-01 4.350116551767614914e-01 3.414678925451957725e-01 4.657771031729413536e-01 4.975352609538210569e-01 4.986272997157068509e-01 5.849933983492050515e-01 5.940050050239330526e-01 6.079051178023380242e-01 6.530065717943203119e-01 6.619717408158677374e-01 6.659278621005780829e-01 6.674604050053175586e-01 6.754173662996704186e-01 6.780977029468240325e-01 6.800464169534399250e-01 6.764903155879344876e-01 6.621192350095522761e-01 6.439790874310356017e-01 6.247330282043015437e-01 6.112774468585537857e-01 6.076893129925808879e-01 6.084140686555941091e-01 6.046000949494874099e-01 5.891017549352011162e-01 5.568818234010572965e-01 5.085004046128053234e-01 4.510076467315842774e-01 3.924480250620770994e-01 3.378520415086777029e-01 2.888592577125030370e-01 2.450401856907944431e-01 2.056177040742835360e-01 1.838596421177222384e-01 1.667496000049207075e-02 3.263315692342894786e-02 3.003130826376778084e-01 1.894991049041390707e-01 1.526347828901726267e-01 1.242368592792876120e-01 1.027593433145277402e-01 8.430333769274590827e-02 6.732067824785974153e-02 1.321197654100524609e-02 9.105581153633306168e-02 5.103478106826210559e-02 1.038720450141287707e-02 5.829688713296579672e-02
8.749591895629522664e-01 8.763970329559458428e-01 8.780952405901553126e-01 8.822281291707920747e-01 8.860492858251394210e-01 8.757222246559717149e-01 8.709126460445613116e-01 8.664891128764159456e-01 8.675226221919621894e-01 8.724972803943676913e-01 8.795909290588632690e-01 8.869390570530668594e-01 8.958916728393738760e-01 9.005757254922426291e-01 8.742025882212267618e-01 7.829842612099889854e-01 7.383042403750081917e-01 7.066134527414196231e-01 7.509656933581692062e-01 7.563491064444064493e-01 7.633584180936103802e-01 7.392633622753363998e-01 7.353144719048692046e-01 7.574901795605406551e-01 7.398396440063469415e-01 7.357514913680730517e-01 7.580862341695823181e-01 7.401802948564181195e-01 7.363168504659352021e-01 7.420221713085595194e-01 7.089946069190918854e-01 7.152054673570255039e-01 6.991154220172322020e-01 7.283230169764320916e-01 6.897027877377460703e-01 7.098350204138154096e-01 6.996616200025137511e-01 7.078300476177218359e-01 6.971647644023672985e-01 6.956402347369984307e-01 7.091381846681036327e-01 6.999284844860074184e-01 6.697813694691239217e-01 6.438746997492775792e-01 6.381378112419991977e-01 6.604274515174637372e-01 6.986973072572115750e-01 6.805369712811437655e-01 7.332716418513102186e-01 7.165167983371804050e-01 7.045931130011267030e-01 6.256556729048872167e-01 5.151664538801050686e-01 5.177875031307500597e-01 3.880684561166247715e-01 4.391333561995361401e-01 4.255809695275396543e-01 4.063906615193774163e-01 5.079798198545454335e-01 4.939293154589857182e-01 5.665819586950882059e-01 6.166256333752028196e-01 6.117923197493259080e-01 6.438253584031944365e-01 6.701064002745089621e-01 6.732287321874043107e-01 6.729209630754019456e-01 6.769474108841845306e-01 6.837335078676416433e-01 6.850896063805556047e-01 6.828563239926397355e-01 6.693209622111571111e-01 6.500173181795030342e-01 6.320877737899989190e-01 6.198061474958304062e-01 6.167560972466145097e-01 6.177535346359399604e-01 6.122709865287880859e-01 5.915176378276560953e-01 5.512320002492667737e-01 4.945476034152772593e-01 4.306573738839234999e-01 3.678299163320710163e-01 3.098843189272365017e-01 2.577188556706916933e-01 2.270409822626412166e-01 4.333240471842252084e-02 1.012485600524553192e-01 4.048812008682384778e-01 2.485282115887866849e-01 1.961844230108961973e-01 1.579098677402487050e-01 1.300416845267296506e-01 1.067240599544938134e-01 8.611729829665136504e-02 2.001452875004986962e-02 1.162115870828746150e-01 6.492128241971206748e-02 1.516671786187492703e-02 5.875783710232650864e-02
8.749155103400932942e-01 8.763686543918848271e-01 8.780838214112399731e-01 8.822391442243072701e-01 8.860824864626813957e-01 8.757454544999420110e-01 8.709426875694686876e-01 8.665323475066756265e-01 8.675956372704872743e-01 8.726070056990689050e-01 8.797401254748529187e-01 8.871257597749938606e-01 8.961283510377278105e-01 9.010758356358048449e-01 8.811189449701271048e-01 7.929150846184348511e-01 7.400482084429519380e-01 7.095706756319780650e-01 7.433202622559573758e-01 7.633814120488693344e-01 7.525167671857451168e-01 7.360779217083017745e-01 7.333052377409143840e-01 7.641231585625607448e-01 7.414961502859402920e-01 7.462771103637547698e-01 7.502078751223271169e-01 7.349380262207297898e-01 7.499583174255792795e-01 7.513155538659141985e-01 7.309347695483161544e-01 7.168800951762802631e-01 7.142205247048361016e-01 7.310744426080094671e-01 6.915571149800006090e-01 7.261948376269968808e-01 7.165661623351964327e-01 7.285376305702297994e-01 7.108835194992501050e-01 6.849814326435612610e-01 6.979847279553232919e-01 6.952779856111760415e-01 6.648719975298380547e-01 6.559463577286103186e-01 6.161344359464542286e-01 6.651188306859600052e-01 6.799676169991165642e-01 6.065621682560214945e-01 6.992530939351054853e-01 7.177999305685759390e-01 7.298610120759119191e-01 7.152146330625528403e-01 6.269438394265418601e-01 6.387994153659586338e-01 5.542696391211817675e-01 5.354085541121740288e-01 4.591748471501557183e-01 3.723613190785677318e-01 4.438428818813933696e-01 3.856818472550482269e-01 4.984722087565003346e-01 5.441992941964531871e-01 5.405745585188184155e-01 6.146837245972772701e-01 6.343264581971408411e-01 6.385958667241712350e-01 6.706292807923135424e-01 6.813304295148947531e-01 6.830701801357986769e-01 6.819281507585284174e-01 6.891245617573552584e-01 6.917662244312062780e-01 6.894485747995676705e-01 6.776345493735701497e-01 6.578810115259340341e-01 6.408074133768375535e-01 6.308249463331176976e-01 6.292307395197183073e-01 6.297092874476780677e-01 6.194938038271597947e-01 5.879749726511986907e-01 5.329567762601582492e-01 4.628048911835153656e-01 3.892725441311156720e-01 3.196960500477323275e-01 2.739886175279595548e-01 1.035566894897231444e-01 1.443688709118682578e-01 4.692756781160771218e-01 3.317639899180232499e-01 2.558281980892810337e-01 2.022835900586870128e-01 1.652101426199067968e-01 1.353188824079809005e-01 1.101794455453774385e-01 3.093234947188037293e-02 1.495094797422961974e-01 8.273385203762580187e-02 2.362805290806075514e-02 5.567670817530597643e-02
8.748561274729526049e-01 8.763226708654500152e-01 8.780527506871451671e-01 8.822281855424241037e-01 8.860913643796617389e-01 8.757431152023842369e-01 8.709450936375288110e-01 8.665453964788445429e-01 8.676351453586917950e-01 8.726797246196509317e-01 8.798488445925571888e-01 8.872687095208452446e-01 8.963122072255156336e-01 9.013745521843608000e-01 8.866212643269136828e-01 8.027327234288652580e-01 7.440778488288428694e-01 7.124015578877415100e-01 7.434972620128107446e-01 7.529307018678632613e-01 7.407082805365376998e-01 7.538714278047676798e-01 7.358401073643155987e-01 7.526944649850456637e-01 7.385498589509553735e-01 7.421788896297185634e-01 7.519028920075964129e-01 7.344722591738134243e-01 7.523039700403044705e-01 7.343445332757029265e-01 7.344578621131362395e-01 7.434930680397012770e-01 7.165545664932642111e-01 7.083288433790279059e-01 7.140052902097654419e-01 7.318856718111609316e-01 7.169246358491916382e-01 7.173886933779489716e-01 7.259768039864853417e-01 7.103745386535902373e-01 6.962279285592187783e-01 6.798761556220185298e-01 6.342128585129027663e-01 6.873349155522753273e-01 6.716620527664770579e-01 7.090474148684083877e-01 6.930167954458523738e-01 6.154576128563153947e-01 6.511273660821305098e-01 6.757954088226284517e-01 6.846983233181749284e-01 7.297616133329863919e-01 6.983203042359736878e-01 6.966728963745424386e-01 6.845574305946374727e-01 6.721719934674161845e-01 5.975628867516279419e-01 4.883984452018766964e-01 4.807931057218096660e-01 3.723650225515946488e-01 4.373690252970528491e-01 4.596368869981702354e-01 4.479685356902673443e-01 5.542277891126865530e-01 5.552938918313059524e-01 6.005825119771466269e-01 6.498415911723359750e-01 6.514062006582087561e-01 6.710705593703630845e-01 6.877551056078862191e-01 6.931128838408497916e-01 6.920780763885552300e-01 6.965168310464121548e-01 7.003788427382583448e-01 6.973086100978311830e-01 6.864345543172529762e-01 6.675788598744489821e-01 6.521982377457915536e-01 6.457941386136857309e-01 6.464313059560718999e-01 6.434344851833948553e-01 6.192910605681362091e-01 5.631305472329254380e-01 4.813567998879219600e-01 3.907474453732349140e-01 3.218675671998022514e-01 2.125776605437140476e-01 2.217252579529064016e-01 4.457020419481478313e-01 4.355692195109401310e-01 3.384428289255944633e-01 2.619633033359968777e-01 2.110812673394679151e-01 1.718926124556718615e-01 1.407514665465509907e-01 4.943592766891437978e-02 1.944833006399413755e-01 1.056167635639191082e-01 3.972824243955781071e-02 5.207314553452835337e-02
8.747841444067409045e-01 8.762624081693007883e-01 8.780055902888267427e-01 8.821990597457911587e-01 8.860799795080346319e-01 8.757195697602455642e-01 8.709245471157637253e-01 8.665332953932833870e-01 8.676465387724703326e-01 8.727211669031917918e-01 8.799231317346165593e-01 8.873742511163100755e-01 8.964489972011957519e-01 9.015630362164820388e-01 8.916804919474914382e-01 8.097186844485856350e-01 7.357650177373273870e-01 7.192799850084139468e-01 7.465794487134179702e-01 7.541180990577857068e-01 7.469979608071504185e-01 7.553516406498289593e-01 7.511602428384063224e-01 7.501028805532041766e-01 7.417320614008855451e-01 7.421644002993381672e-01 7.567658983706526676e-01 7.389216677484704565e-01 7.468802206358936546e-01 7.266594473474718985e-01 7.337299464462714305e-01 7.551154866326951209e-01 7.050083743248599655e-01 7.126292503322211314e-01 7.402409286504797459e-01 7.293582610124709209e-01 7.096335729189734431e-01 7.175439026530876507e-01 7.390352710012584314e-01 6.913719559587955255e-01 6.878892439205314124e-01 6.771924469283987502e-01 6.689202913374607817e-01 7.177387691952775706e-01 7.030819555279254063e-01 7.028225057044891200e-01 7.032695586368860052e-01 6.758212524461609805e-01 6.703818963242346163e-01 6.756971444781698644e-01 6.598329251796349881e-01 6.871855762997330919e-01 6.982789880294488771e-01 6.956692304305744923e-01 6.902442669197100811e-01 7.353855303545639988e-01 7.069594665538450062e-01 6.085385133581248107e-01 5.765243042110391736e-01 4.938259488323945567e-01 4.739120297451531738e-01 4.350428133456368807e-01 3.663910355496567961e-01 4.762818621863542101e-01 4.481687124242632603e-01 5.468750252066030271e-01 5.956135958296658872e-01 5.953802482498620208e-01 6.506388653542072298e-01 6.726965060140803754e-01 6.781601159174702742e-01 6.944007405810068700e-01 7.025944015204782511e-01 7.054233138790541036e-01 7.078643450827590833e-01 7.115959244754244128e-01 7.075726080297765064e-01 6.963341378474898757e-01 6.794091491840326125e-01 6.683255755958512623e-01 6.674114932380382781e-01 6.677899731414456141e-01 6.459071290783867658e-01 5.775715451256600019e-01 4.683827273857030238e-01 3.674365982452555413e-01 3.270863777984019949e-01 3.270996775155191605e-01 3.909845397365774300e-01 5.157736654685526334e-01 4.416982788775210000e-01 3.425004992270022641e-01 2.714934989907719642e-01 2.187111122279771502e-01 1.790491404381170382e-01 8.259898301789281305e-02 2.557458187626837631e-01 1.349917073918468768e-01 7.134066708194833351e-02 5.353639952611348451e-02
8.747021823189388146e-01 8.761906866166531138e-01 8.779453724176524698e-01 8.821550218456991610e-01 8.860518163591730723e-01 8.756785526254459162e-01 8.708850582270402096e-01 8.665003634195225235e-01 8.676344614071278549e-01 8.727362888816977415e-01 8.799682378951830808e-01 8.874479188386151796e-01 8.965516261233736905e-01 9.017047192660340160e-01 8.961511806405364489e-01 8.168152766553876676e-01 7.220130517963473382e-01 7.340290394398236717e-01 7.450086139221628878e-01 7.554405465101778905e-01 7.593472719707924368e-01 7.464767755576300345e-01 7.628078295113875917e-01 7.647170308978259445e-01 7.444352567198636583e-01 7.518429453956863018e-01 7.494068079839377727e-01 7.483695629527717941e-01 7.499257049578613721e-01 7.425314242164678946e-01 7.417250136724534704e-01 7.554173722110978373e-01 6.987649172116898733e-01 7.421612639817464219e-01 7.467310136705922474e-01 7.150983262254337891e-01 7.138468527490561266e-01 7.288200870758019256e-01 7.232899625400623922e-01 6.736240399011831359e-01 7.029904143623088020e-01 6.785558114070785463e-01 7.206094889376016832e-01 7.174861430648641347e-01 7.156205145150562608e-01 6.860263803569743857e-01 6.944902411595830216e-01 6.742389002298702083e-01 6.930070857033842069e-01 7.096283354245908059e-01 6.963358731545699065e-01 6.717650593078396959e-01 6.571411653603531633e-01 6.631705252866149092e-01 6.446468837610040969e-01 7.276288557757888409e-01 7.276852315252141379e-01 6.820742491753881698e-01 6.427749759261172091e-01 6.384182232844741733e-01 6.095268963074005342e-01 5.433664658907899625e-01 4.266091513320522388e-01 4.598607346525029338e-01 3.778457877946658772e-01 4.714319254620732980e-01 5.145792385344736264e-01 5.200726258106379563e-01 6.101372309592218990e-01 6.177374595482660879e-01 6.494779602043382338e-01 6.885399350968901544e-01 6.945894138475176005e-01 7.060511148947085092e-01 7.139982826675309591e-01 7.203455136357225230e-01 7.235453521468856453e-01 7.263642163096639681e-01 7.208835098638052274e-01 7.086988664648320446e-01 6.959110897161671083e-01 6.937060789002068573e-01 6.953680861197181207e-01 6.621876482767995453e-01 5.485268284486134460e-01 4.080069073828753168e-01 3.855482061817376849e-01 4.155541021190369277e-01 3.599831392547039877e-01 5.238373158055290579e-01 5.288008454373956946e-01 4.433650561099493070e-01 3.505428362043238599e-01 2.783823787179344755e-01 2.259720831453552459e-01 1.422172699991151035e-01 3.353756707616229460e-01 1.725457400615229009e-01 1.297479372543210441e-01 6.517719294632559612e-02
8.746124598131680417e-01 8.761098984259740874e-01 8.778746742195615571e-01 8.820988448360630452e-01 8.860098490493227841e-01 8.756232458956745290e-01 8.708300444978430699e-01 8.664502844154573502e-01 8.676028831695490329e-01 8.727293379351247493e-01 8.799886729428628707e-01 8.874944736018660629e-01 8.966266156093589679e-01 9.018029285459839839e-01 8.995509419164513520e-01 8.265334718948018633e-01 7.198070093083619447e-01 7.426209080414887254e-01 7.491634024725545293e-01 7.501364454373022905e-01 7.648701440740992563e-01 7.525946164667238758e-01 7.636230495426808984e-01 7.699436985995491423e-01 7.501209394258476770e-01 7.546506514731874393e-01 7.384534866773284634e-01 7.544210396899850846e-01 7.542031867111108623e-01 7.540882980012602044e-01 7.502926602512338672e-01 7.572202028555974351e-01 7.017629493138703989e-01 7.592003928077377672e-01 7.422334985690806075e-01 6.948823208918771810e-01 7.360877892109518594e-01 7.286689247356240573e-01 7.023650174441489202e-01 7.070525651299103265e-01 7.274710423570205364e-01 6.877240040190500947e-01 7.313397519182055495e-01 7.019280967434067264e-01 7.367809387339081528e-01 7.008363078046578876e-01 7.088960955988463652e-01 6.683583077756768409e-01 6.841260146064838121e-01 7.211457388527541257e-01 7.156765645569094225e-01 6.925586458835525372e-01 6.681540826960423729e-01 6.632075293110626379e-01 6.457744825014628542e-01 6.893518774259432824e-01 6.769564806923389355e-01 7.112297985744119311e-01 6.717495098254395725e-01 7.028387188808139507e-01 7.119301167154949983e-01 6.786468695067995327e-01 5.775947980118291136e-01 5.314981727831260550e-01 4.358163969444737718e-01 4.434114871728593310e-01 4.454237024625993246e-01 4.232934583626344893e-01 5.378786687797788568e-01 5.283941234186497748e-01 6.146396155732968269e-01 6.532490111342115213e-01 6.612997308491328496e-01 7.006109877719317591e-01 7.157846316842562118e-01 7.238134280324177716e-01 7.304398939502505517e-01 7.384883689973835708e-01 7.436935887409775736e-01 7.451926286946010114e-01 7.373656648251895041e-01 7.263621338408078332e-01 7.250024043796712281e-01 7.218091376691706529e-01 6.261858273888613047e-01 4.420645742228309638e-01 3.990818277667007585e-01 4.604560163992491573e-01 3.857414608357578878e-01 5.030131631393630620e-01 5.556732901347558595e-01 5.399411645622769207e-01 4.481396157056122265e-01 3.531859221264077586e-01 2.816880786475961518e-01 2.356969342442256921e-01 4.215817639754722568e-01 2.201141108097035004e-01 2.181667333276577359e-01 9.019957493923140557e-02
8.745169003684215570e-01 8.760221160933391316e-01 8.777957268619096531e-01 8.820329276705467514e-01 8.859566486130513452e-01 8.755563997215045635e-01 8.707624583288439135e-01 8.663862400491121329e-01 8.675552322898226754e-01 8.727039809269753201e-01 8.799883286947312033e-01 8.875180210521096402e-01 8.966764746785943485e-01 9.018735565764288697e-01 9.023610756013261680e-01 8.351804345547041430e-01 7.303833547988093366e-01 7.418629940808146861e-01 7.541071437469460959e-01 7.595987207999026491e-01 7.682426676716985758e-01 7.608316068418096156e-01 7.638535643064209291e-01 7.577520600190148503e-01 7.652692746873586138e-01 7.508054164775032069e-01 7.391709414499137987e-01 7.544605705464395573e-01 7.457684924572561824e-01 7.484418038334066381e-01 7.496711465509491301e-01 7.536291492704985107e-01 7.192102743538918430e-01 7.514172445140280265e-01 7.448613101258588776e-01 6.857946858767793863e-01 7.592084026694220222e-01 7.342808082469444164e-01 7.183410987608609410e-01 7.203711081214426715e-01 7.045251105692478255e-01 7.173075201947963775e-01 7.523217487627797961e-01 7.044390003149644253e-01 7.295363212006431564e-01 7.101935596196337075e-01 7.344072004548060084e-01 7.120362148632899402e-01 6.803649005673367833e-01 7.228945178531902549e-01 7.083151789410283561e-01 6.877146762814021486e-01 6.932775373118235107e-01 6.912456096539094652e-01 6.920176736053212929e-01 6.823189765200469159e-01 6.463300102328223273e-01 6.680591681919855196e-01 6.729705160750777404e-01 6.687123825987455472e-01 7.322853356963882066e-01 7.184976649752411459e-01 6.721297943329880287e-01 6.076991404814920950e-01 5.760670476750716640e-01 5.367878700729816766e-01 4.819260592348648675e-01 3.869889639666061476e-01 4.743717534847640693e-01 4.251267687394073569e-01 5.491202717851212389e-01 5.882954908090959334e-01 6.191196561891963990e-01 6.786560896683215827e-01 6.890507865038176805e-01 7.179174401937145067e-01 7.384481175374018047e-01 7.471925137109616255e-01 7.539221691779739443e-01 7.629915163949309020e-01 7.692233951391933555e-01 7.670946995959074810e-01 7.582359270503842286e-01 7.590211715614508803e-01 6.962601116496079934e-01 4.693259784995612027e-01 4.244984557108897882e-01 4.602473284026381006e-01 3.860880254901965514e-01 5.216518151063905817e-01 5.471962467322073476e-01 5.927065302685623482e-01 5.494035298152836200e-01 4.430432437281563995e-01 3.451407093975861207e-01 3.425521340278008253e-01 4.857839432464390317e-01 2.793139177237645154e-01 3.154376528404295721e-01 1.321360714298032424e-01
8.744172027868200026e-01 8.759291678822368477e-01 8.777104963628720169e-01 8.819593815771703538e-01 8.858944750533712664e-01 8.754804315757173105e-01 8.706848936849371778e-01 8.663110245101006690e-01 8.674945178860042905e-01 8.726634341972933084e-01 8.799706159425197960e-01 8.875221556003098922e-01 8.967046342287203764e-01 9.019201182287355234e-01 9.042900699804028442e-01 8.447704745696664741e-01 7.434945206994465483e-01 7.364556666277766173e-01 7.561634022422066836e-01 7.641507196206102082e-01 7.703193490279146571e-01 7.642662469418985971e-01 7.674156557325250150e-01 7.501101560644781729e-01 7.724920715341965227e-01 7.595891188480017320e-01 7.465967942903573018e-01 7.585482513784604919e-01 7.530789150236568696e-01 7.434822787401520472e-01 7.558837309378599878e-01 7.583031943545840425e-01 7.407788671138996195e-01 7.334626977710944074e-01 7.520167587716519719e-01 7.111963047228871959e-01 7.573960686472168691e-01 7.445974379481065109e-01 7.331206389621270914e-01 7.368534524284164888e-01 7.182156738416655140e-01 7.435420087972102188e-01 7.510670752077793777e-01 7.134081404601470000e-01 7.457364559701622486e-01 7.261374951419442558e-01 7.285607652792596145e-01 7.183672160855851807e-01 6.801379360248878125e-01 7.357317891018161360e-01 7.243131448578631337e-01 6.819843155720164418e-01 6.825448014929925700e-01 6.730713804177460569e-01 7.002379436407807356e-01 7.019683741253881504e-01 6.716463778886617719e-01 6.564976869020048289e-01 6.482367535396271752e-01 6.226630876428741468e-01 6.889073893973685081e-01 6.579405674884900579e-01 7.210765069388547222e-01 6.641210547811946530e-01 6.880367848978301559e-01 6.710978775921425665e-01 6.220983680231285673e-01 5.018988438604459201e-01 4.937648581625412314e-01 3.917819927713773187e-01 4.798106194691018622e-01 5.053224311441300021e-01 5.496524896771416424e-01 6.310161555783597720e-01 6.427123717457738916e-01 7.031986138294623601e-01 7.246177641437675510e-01 7.460397332677400906e-01 7.656420204503390226e-01 7.766939182607198733e-01 7.857526673617685198e-01 7.957277496674582951e-01 7.972375845228429903e-01 7.899356515934371492e-01 7.542967402272717781e-01 4.904013097870101867e-01 4.728276592900135800e-01 5.199287550187919882e-01 3.023698111446218029e-01 5.701404815197441689e-01 5.673604934954744605e-01 6.045839666894485820e-01 6.237316204944524101e-01 5.415067431487707861e-01 4.136959576856232834e-01 4.208795549467999053e-01 5.153254749625775233e-01 3.507250375235733131e-01 3.878584144810671708e-01 1.952055299180698311e-01
8.743148457284596331e-01 8.758326484022405101e-01 8.776207008025953549e-01 8.818800556129483548e-01 8.858253112824483466e-01 8.753974592705395796e-01 8.705996233043152843e-01 8.662270878938963525e-01 8.674233843382420650e-01 8.726105309668986676e-01 8.799385457416025735e-01 8.875100552614220151e-01 8.967146344752713327e-01 9.019462382589975569e-01 9.056521933517434064e-01 8.550435950903092497e-01 7.379046684569232628e-01 7.276573206095354740e-01 7.635498946789067709e-01 7.657017046098425483e-01 7.723056830321972654e-01 7.671288742621711343e-01 7.729912067966170364e-01 7.582984124257605707e-01 7.699555737549657053e-01 7.649625296935956831e-01 7.519636784616424707e-01 7.565283939131283164e-01 7.634612707869827819e-01 7.540229990348331635e-01 7.569281302203240136e-01 7.659401976086457342e-01 7.496327555100996687e-01 7.401872025500093599e-01 7.528509422310695198e-01 7.344303512906789067e-01 7.521220594005063598e-01 7.535982667809204560e-01 7.497133309372663312e-01 7.263006509092195806e-01 7.421554171753387275e-01 7.513603624519002988e-01 7.413141459882288675e-01 7.164403781911222735e-01 7.612203948053654079e-01 7.363334409614852305e-01 7.338227618260213525e-01 7.259392442213873364e-01 7.039862552185731648e-01 7.252558547212208939e-01 7.070386143070345186e-01 7.189018129087575426e-01 6.888419141231518772e-01 6.968264576682798861e-01 7.031477543348298997e-01 7.103601850284891883e-01 6.960997300563909196e-01 6.932793957973805155e-01 6.465519579408075534e-01 6.595618544200304578e-01 6.198555680703548010e-01 6.318244805954612575e-01 6.965565248608370785e-01 6.857704368426426056e-01 7.084033768679089960e-01 7.302432618988247137e-01 7.149872109148379673e-01 6.287849652541036560e-01 5.777798959693435377e-01 4.936814607144248135e-01 4.885452336043534793e-01 4.562405626707223827e-01 4.568942006728325400e-01 5.611143342571188741e-01 5.680365035482839442e-01 6.687487820342769007e-01 6.904205260903824026e-01 7.370240130884734286e-01 7.642114802414836650e-01 7.847488475913458883e-01 8.012893025947082082e-01 8.146977050714935276e-01 8.261156317458819842e-01 8.244522791418357199e-01 7.976216491250931462e-01 5.063965912715727713e-01 4.947630892767229116e-01 5.814047175987712146e-01 2.360925228284539990e-01 5.699738792565911538e-01 6.171908026671271141e-01 6.250333954897373534e-01 6.584406290086458613e-01 6.327658466578910401e-01 4.833897753884014992e-01 4.588591917111658480e-01 5.406965655826965200e-01 4.325909870670803792e-01 4.275130721671322465e-01 2.799184159659834914e-01
8.742110607286522894e-01 8.757338951476348887e-01 8.775277908160284968e-01 8.817965226754910235e-01 8.857508546259073023e-01 8.753092886058176925e-01 8.705085871782544116e-01 8.661365270128080773e-01 8.673441088662141585e-01 8.725477278200022280e-01 8.798947458702491842e-01 8.874845079909170487e-01 8.967094714920075260e-01 9.019554141385510704e-01 9.066475291643243395e-01 8.634630102479625702e-01 7.363737015135987107e-01 7.378049586910422342e-01 7.694963046409630802e-01 7.641617485786743602e-01 7.758228910883604446e-01 7.712225026230531411e-01 7.753711517280589272e-01 7.645695306364506116e-01 7.641010514219341854e-01 7.667680276559618591e-01 7.593450343725590690e-01 7.599676443624322486e-01 7.672864095498319603e-01 7.687151894577155531e-01 7.612779151225406160e-01 7.653696258841444777e-01 7.540166420009880577e-01 7.588483837646424757e-01 7.527166582392376126e-01 7.481217959922479288e-01 7.475898972933854303e-01 7.584958685294576064e-01 7.586839536598247724e-01 7.370339266692080837e-01 7.478970284215321618e-01 7.610724330320838282e-01 7.286813998536388892e-01 7.359828526022581530e-01 7.538978131575689856e-01 7.335639706238026303e-01 7.513947529986605423e-01 7.434394677505639093e-01 7.256786397092210850e-01 7.023762131517162777e-01 7.090697454046147596e-01 7.350091822574390532e-01 6.938099280316990525e-01 7.265500396889800205e-01 7.206461773541903426e-01 7.274650192869570597e-01 6.999910880573346761e-01 6.936064846725725763e-01 6.622072312358040502e-01 6.842316209086233281e-01 6.414671433895815511e-01 6.584090883959560214e-01 6.592099015375298965e-01 6.705876884061818810e-01 6.699487800569904339e-01 7.213896958878986965e-01 6.922188188525436603e-01 7.121909209326341417e-01 6.537903392503947586e-01 6.432116716688122127e-01 6.085621590935014202e-01 5.248318909277940314e-01 4.203870470568807360e-01 5.000021029330268263e-01 4.676674029948150180e-01 6.116433862097279128e-01 6.304278151402623598e-01 7.147395149829111061e-01 7.486424269547692356e-01 7.844781374301083021e-01 8.113320499392324692e-01 8.310127678386208805e-01 8.468950425038698215e-01 8.557835327248104473e-01 8.274498563969036047e-01 5.186441635178520304e-01 5.136498501427082530e-01 5.950773991109611361e-01 2.513519777990272375e-01 5.409900755076318957e-01 6.285799277368805393e-01 6.711866038526859146e-01 6.827163944006003904e-01 6.993469206153603013e-01 5.500527360308056224e-01 4.854386663976045790e-01 5.921025423364936202e-01 5.197103188053530110e-01 4.555796633967777454e-01 3.721250710354886970e-01
8.741068334324842981e-01 8.756339898863205740e-01 8.774329511556772099e-01 8.817100812612713723e-01 8.856725188429357409e-01 8.752174158297413298e-01 8.704133953791051148e-01 8.660410884466775983e-01 8.672586045121452036e-01 8.724771076302741957e-01 8.798414638118804421e-01 8.874479150483709500e-01 8.966916803621045595e-01 9.019504977524159806e-01 9.072508524998987856e-01 8.708328326840096834e-01 7.462293392861760744e-01 7.482771138302802827e-01 7.700824669788167709e-01 7.651409498187382585e-01 7.771534021378035950e-01 7.735470926631298205e-01 7.749797983916427713e-01 7.633291873847848352e-01 7.592346518003677547e-01 7.698343163347254325e-01 7.680536943750906342e-01 7.691563101511188494e-01 7.678601709531543973e-01 7.732898136259790389e-01 7.638066348069842970e-01 7.630995918270175871e-01 7.584051851983523163e-01 7.705774344020179800e-01 7.596370648483048438e-01 7.537009554490007313e-01 7.453044023829283882e-01 7.554776092597095261e-01 7.583252410401688515e-01 7.594590970392798290e-01 7.480741579478521475e-01 7.582425735670111910e-01 7.202561651390362307e-01 7.459632878232012043e-01 7.514489511647930442e-01 7.305203267762451214e-01 7.596521461256310337e-01 7.406221480374928223e-01 7.303086423994626930e-01 7.202446479472133234e-01 7.154345448570254007e-01 7.152360818491534378e-01 7.090571889469708955e-01 7.343391470098957763e-01 7.257253639035979864e-01 7.212802535896084555e-01 7.152582338527865291e-01 7.038496979415463928e-01 6.927222059961543055e-01 6.711692384753545904e-01 6.895467223759638165e-01 6.920151403318773875e-01 6.869047873732578857e-01 6.866334103222504481e-01 6.484878104088822592e-01 6.523884419003881385e-01 6.481366765488187909e-01 7.320088913188657065e-01 6.973236528472112061e-01 6.994112175274099785e-01 7.143986700929356726e-01 6.495522853854447387e-01 5.181073468225760870e-01 5.282067850935387998e-01 4.336164751763366687e-01 5.419111255391103610e-01 5.455561544830749288e-01 6.733174531544631192e-01 7.146313695474938443e-01 7.760000933130908329e-01 8.133050475111682776e-01 8.423392608859011643e-01 8.653682011177671329e-01 8.787993870774430949e-01 8.499037922133509948e-01 5.283814840885759923e-01 5.311656256232901718e-01 6.149409645862941032e-01 4.118202529780362053e-01 4.972340689615336040e-01 6.175127012244081559e-01 6.995223912011412359e-01 7.218892764837807619e-01 7.404372725647746512e-01 6.106130423049945799e-01 5.216796516350207247e-01 6.418569235728074363e-01 6.039959934354162119e-01 4.909505521699875086e-01 4.466864575314638541e-01
8.740029583167299165e-01 8.755338121286342368e-01 8.773371526301448897e-01 8.816218044470460757e-01 8.855914803460320783e-01 8.751230808859027377e-01 8.703153838205635040e-01 8.659422254419730791e-01 8.671684734880017453e-01 8.724004271245359154e-01 8.797806074705691870e-01 8.874023253556532209e-01 8.966634427172825994e-01 9.019339476499895758e-01 9.075574947763587197e-01 8.778776011950277791e-01 7.501702420417252215e-01 7.454416311544748153e-01 7.697430794644447571e-01 7.684624116385889714e-01 7.757387331295239052e-01 7.756186976523272714e-01 7.719856397024708050e-01 7.637006571833852009e-01 7.620901458553855923e-01 7.700968148635749522e-01 7.739176362428221712e-01 7.702457437898685422e-01 7.693586613350528181e-01 7.702961449984327968e-01 7.618535406402182630e-01 7.654945932759050775e-01 7.587585711912719910e-01 7.759316142465756405e-01 7.682172154026238875e-01 7.539072828907755763e-01 7.506206771886421159e-01 7.538978219576905060e-01 7.607352455692798499e-01 7.608427424793237082e-01 7.566413032420402640e-01 7.414287720646670632e-01 7.317722255981949919e-01 7.307567831972798800e-01 7.626313899513255112e-01 7.276628947923863278e-01 7.459319606500650623e-01 7.291509558380511180e-01 7.279645104781090614e-01 7.543861638168268824e-01 7.032986358316539732e-01 7.104611730695064020e-01 7.374572396764156323e-01 7.338022894155989961e-01 7.188102278292581859e-01 7.085833918957759048e-01 7.408255125449185741e-01 7.177268762796376045e-01 7.236992466124211321e-01 6.836199344098978781e-01 7.075447833965772260e-01 7.142515878688783237e-01 7.050902684996890324e-01 7.137656821423958853e-01 6.696910484106539663e-01 6.280172770536948113e-01 6.548733323940012507e-01 6.859234143932572136e-01 6.997900335310577313e-01 6.681953155798366906e-01 7.500130797887893941e-01 7.321396881484865116e-01 6.501203408823486019e-01 6.389764873127531386e-01 5.375023081506358213e-01 5.033940906638182389e-01 4.829940558066216916e-01 6.068432040904887526e-01 6.575442298608993319e-01 7.573576375357597978e-01 8.050707297218777647e-01 8.495274745876484346e-01 8.796770153164369388e-01 8.974851910566653546e-01 8.710240429165438947e-01 5.364920903775108885e-01 5.447206102652193405e-01 6.471109486085990792e-01 5.974925358209067783e-01 4.269038714909305088e-01 5.946859721726923675e-01 7.072743247118984389e-01 7.600407493186979169e-01 7.727085559146456006e-01 6.634833136140807497e-01 5.542578291627283660e-01 6.645886630846109533e-01 6.774234200045127219e-01 5.255911897817069356e-01 4.939273283755580835e-01
8.739001153121526144e-01 8.754341156016853809e-01 8.772412281944502732e-01 8.815326140703525493e-01 8.855087506898340344e-01 8.750273490403066567e-01 8.702157002661691232e-01 8.658411871014919381e-01 8.670750946549095062e-01 8.723192000959673065e-01 8.797138227564947899e-01 8.873495077257005370e-01 8.966266424591544659e-01 9.019077568752181806e-01 9.077263270618669555e-01 8.838408561825041865e-01 7.457146974813106954e-01 7.441064994977495406e-01 7.711796033277021900e-01 7.689349145125515816e-01 7.745412031831612198e-01 7.780841499974626707e-01 7.679727903864959071e-01 7.691441802501728375e-01 7.698114103378094208e-01 7.686099045560800258e-01 7.729090461132536172e-01 7.650758579337050280e-01 7.707392706650202374e-01 7.685628409379762216e-01 7.647523048649401689e-01 7.674154594123383522e-01 7.597934339935368264e-01 7.750476755462492040e-01 7.702813210292464019e-01 7.542356337879129180e-01 7.592457992512954279e-01 7.596570148128537481e-01 7.657858284680784111e-01 7.569008028440371572e-01 7.580170750893221454e-01 7.419327147684841028e-01 7.546998347262281470e-01 7.271329966786320709e-01 7.638191206610049910e-01 7.242730812172828436e-01 7.313619547860378267e-01 7.419640648018845930e-01 7.338638441857501249e-01 7.582288778106757166e-01 7.035993808371520108e-01 7.375305786791171991e-01 7.471513101037327020e-01 7.220421253683373397e-01 7.230537100583626087e-01 7.267853170946545482e-01 7.378399333130254423e-01 6.955722641264422412e-01 7.420131728201330157e-01 7.098446894303603871e-01 7.157255549862646671e-01 7.228471778915175339e-01 6.966097602215994833e-01 7.028527398403425774e-01 6.755877836126399361e-01 6.822238571286810549e-01 6.864331588510071969e-01 6.770258033566808331e-01 6.820790039269247762e-01 6.367106715208672441e-01 7.307573410807327585e-01 7.512787540724827906e-01 7.042375739537581891e-01 7.231435318586852956e-01 6.691642127342518620e-01 5.653065907362402331e-01 5.181843362938827191e-01 5.296278491979657943e-01 5.919417619257701935e-01 7.192272055407072928e-01 7.832315263820268658e-01 8.533873836503149679e-01 8.896186437386185419e-01 9.140950570137532649e-01 8.906715172197057218e-01 5.434295889273682567e-01 5.629288633386110297e-01 6.619731485952342620e-01 6.889536521606413055e-01 3.722248805693210705e-01 5.422517907877777432e-01 7.100399918600714955e-01 7.823794694870431776e-01 8.078805820881401756e-01 7.080837036853948607e-01 5.730652596684976396e-01 6.784919866808131195e-01 7.356035063022722253e-01 5.473551937864143957e-01 5.273015102400260279e-01
8.737989142044938484e-01 8.753355744401961624e-01 8.771459209787009215e-01 8.814433302648714275e-01 8.854252277197363075e-01 8.749311667489165778e-01 8.701153638897766163e-01 8.657390816586076898e-01 8.669796893761055889e-01 8.722347650084364412e-01 8.796425623808455940e-01 8.872910207620587908e-01 8.965829359741855908e-01 9.018736742714988930e-01 9.077852334344781449e-01 8.892119312063853087e-01 7.443365280538660755e-01 7.434620350791657506e-01 7.730316077671224306e-01 7.718070711608178147e-01 7.729959163124879851e-01 7.751596637272021306e-01 7.695860209251299544e-01 7.736464762675819840e-01 7.700730147233435519e-01 7.722818027572498911e-01 7.653025058031999173e-01 7.657494037849150725e-01 7.704247197278557557e-01 7.667948044136498886e-01 7.679052052548510643e-01 7.658463148530056941e-01 7.669620214239422085e-01 7.700740213378616250e-01 7.684812223745174364e-01 7.512302430316779578e-01 7.642946866052729993e-01 7.621315323231667715e-01 7.645661514351766996e-01 7.558221891160916694e-01 7.378785337919043785e-01 7.561249721694389692e-01 7.627109367809333795e-01 7.445325768730742810e-01 7.558675088388998597e-01 7.363367043337705198e-01 7.498639639200203044e-01 7.600954833062968374e-01 7.513346860138427896e-01 7.580116691663064676e-01 7.093680619337580096e-01 7.598634981929583976e-01 7.373437780167737543e-01 7.125321148503529489e-01 7.391683332700748066e-01 7.309191153740716151e-01 7.158572459715912828e-01 7.134542672246945161e-01 7.461957139352040080e-01 6.979051484999772015e-01 7.229150163573639931e-01 7.405483635793510544e-01 7.198122491392688893e-01 7.120762117749963593e-01 6.680602044098160608e-01 7.082664969735549265e-01 7.176196062762674188e-01 7.124569335503639911e-01 7.070112208369460083e-01 6.793935745649889446e-01 7.050583770197271782e-01 7.166949337678734100e-01 6.765941989570231074e-01 7.550988762681525301e-01 7.430830765967504359e-01 6.779564379399470875e-01 6.292180640371349831e-01 5.383819971959562523e-01 5.513503940451597307e-01 6.465844707115602219e-01 7.495755831187586038e-01 8.486173908200252969e-01 8.985689802760734590e-01 9.273120737607731812e-01 9.052748846867697541e-01 5.493336394750841789e-01 5.697236338969018377e-01 6.778140919034865153e-01 6.711562336550807029e-01 4.112966420724886718e-01 4.884075415116124752e-01 7.004566909103677741e-01 7.987069389876397807e-01 8.414243808123721413e-01 7.442743983106756556e-01 5.917641701563999268e-01 7.025267187069790253e-01 7.792802011771876591e-01 5.644745703364919542e-01 5.609240023343879944e-01
8.736998841598575538e-01 8.752387752931585219e-01 8.770518792671589958e-01 8.813546702862554705e-01 8.853416982074711061e-01 8.748353623474391938e-01 8.700152670032419433e-01 8.656368803296798919e-01 8.668833303750868025e-01 8.721483001006741231e-01 8.795681077380571589e-01 8.872282412600768220e-01 8.965337880448459584e-01 9.018332530047004081e-01 9.077907645201573894e-01 8.941726645172242138e-01 7.424673524165700256e-01 7.438868688356774506e-01 7.735782262833710288e-01 7.757365780830178803e-01 7.739373002308918004e-01 7.719690777370454837e-01 7.735852934706909378e-01 7.731352419383390462e-01 7.717562293004499585e-01 7.740297392571279245e-01 7.685994407036011999e-01 7.684072436869203715e-01 7.707475315069336474e-01 7.656539931033631285e-01 7.671035022709744577e-01 7.638521333933440127e-01 7.683846775020913844e-01 7.729812919468570520e-01 7.681353858741015728e-01 7.493292984798943790e-01 7.683873541704191457e-01 7.677425177633578901e-01 7.611962528520814786e-01 7.558142517759823820e-01 7.338116982535831667e-01 7.549607729264453670e-01 7.609529070320220079e-01 7.497583474768184653e-01 7.491755659447331128e-01 7.430418309639126306e-01 7.566561148198840403e-01 7.645543923832798239e-01 7.556132328385632979e-01 7.580181461780514107e-01 7.209506322143868218e-01 7.603488506029476568e-01 7.277508067327553842e-01 7.105435159469902784e-01 7.588563717162079003e-01 7.293319094024264260e-01 7.191138542420419943e-01 7.294452179988857310e-01 7.232267724675829346e-01 6.889185975909052351e-01 7.381035344379824892e-01 7.383377797161054801e-01 6.855204272140916766e-01 7.364483524007148230e-01 6.975226488214294474e-01 7.137438596665262036e-01 7.211733118478543814e-01 7.050634063568923526e-01 7.057413200173928702e-01 7.122559571005321333e-01 7.192192996620252465e-01 7.034066808305020624e-01 6.696507018532587008e-01 7.291625341726498677e-01 7.498073895315580106e-01 7.357168896569504790e-01 7.019205918661014509e-01 6.534866349597353574e-01 5.785082423250470507e-01 5.692176856937729568e-01 7.064013805396759382e-01 8.333887634809681311e-01 9.039323429828332035e-01 9.389206804123558792e-01 9.156867037737475012e-01 5.542371701525473648e-01 5.720844542010529166e-01 6.860064802502128245e-01 5.927662386636971537e-01 5.840919766223211518e-01 4.206535050409991316e-01 6.829528811449170345e-01 8.113678495904127486e-01 8.661457596340099707e-01 7.721876191971007719e-01 6.055919429243780128e-01 7.260421982950484576e-01 8.126437802582988645e-01 5.798931922545893514e-01 5.906573156271326397e-01
8.736034367878527940e-01 8.751441821159574586e-01 8.769596233107236349e-01 8.812672185987056039e-01 8.852588111228965051e-01 8.747406145388182397e-01 8.699161425462555997e-01 8.655353849254072696e-01 8.667869131580483444e-01 8.720608004349242881e-01 8.794915524995190470e-01 8.871623541866884288e-01 8.964804692047603218e-01 9.017878461287635039e-01 9.077736376757012948e-01 8.986493047158166103e-01 7.433387610635118214e-01 7.452930067004227555e-01 7.742019081181952256e-01 7.755974697610075186e-01 7.769708748300730994e-01 7.731799812177456710e-01 7.757117425718572656e-01 7.750003209921093594e-01 7.747569060081351822e-01 7.744304922027144267e-01 7.750560304707062587e-01 7.733366230870122315e-01 7.702937164516305835e-01 7.663260965594775875e-01 7.665420806162572820e-01 7.668995141216592426e-01 7.693918853615169251e-01 7.708157153555587060e-01 7.722225024600682941e-01 7.524677338857151954e-01 7.685286944416508392e-01 7.668009493315944836e-01 7.607710412547590284e-01 7.609279946731131172e-01 7.385435059409048986e-01 7.571573304393621751e-01 7.604364203398554789e-01 7.564333760000971907e-01 7.458995664469119102e-01 7.463153054805141684e-01 7.613272300880539190e-01 7.556413979399744241e-01 7.595734633986944706e-01 7.561426236646165977e-01 7.403230577869389650e-01 7.417604803344634012e-01 7.387615554547827257e-01 7.101753165750618324e-01 7.595583416308648861e-01 7.388442824469988457e-01 7.430314883354256494e-01 7.437145879250388614e-01 7.210171919031171939e-01 7.049599024537832603e-01 7.274917857289472378e-01 7.146467216805652001e-01 6.984619834997015664e-01 7.492668746961959059e-01 7.039773035309512261e-01 7.247243132555157841e-01 7.406031279920811672e-01 7.204036449354106475e-01 7.068793472513718035e-01 7.135900097726135538e-01 7.362729933779260660e-01 7.273600671212725466e-01 7.059699335349139959e-01 6.935577327525006552e-01 6.941773486701985352e-01 7.259625624606217409e-01 7.251655606333291537e-01 7.232927541868643395e-01 6.739927550331308304e-01 5.982735654327830943e-01 6.538502831186739916e-01 8.029872348631933443e-01 9.045369814958974519e-01 9.480317292060714829e-01 9.245663331532938400e-01 5.582053155352985074e-01 5.765387245450754872e-01 6.932767921766502806e-01 5.948781816148671631e-01 7.078218300084097026e-01 4.310274775810766235e-01 6.454823904790956135e-01 8.168834145165093652e-01 8.856365463954308792e-01 7.923357608773057281e-01 6.177644024897379627e-01 7.585068746136585105e-01 8.401317244469903578e-01 5.915986969322543088e-01 6.129512791582665265e-01
8.735098520764077445e-01 8.750521223891586375e-01 8.768695319132105981e-01 8.811814142229708047e-01 8.851770657244698581e-01 8.746474387817577689e-01 8.698185498800112825e-01 8.654352133059898255e-01 8.666911421633302082e-01 8.719730653160779887e-01 8.794137916296670410e-01 8.870943433400826361e-01 8.964240484429600864e-01 9.017386007455755470e-01 9.077411513653634856e-01 9.022732352738122019e-01 7.451377344744524178e-01 7.438264075348627324e-01 7.757744451892778503e-01 7.767581886004454317e-01 7.783097845875609488e-01 7.758335684932636811e-01 7.762788006198662050e-01 7.786028140946238407e-01 7.758122214807712247e-01 7.766337181722795524e-01 7.770308403285270948e-01 7.770155201363216912e-01 7.738173596156255885e-01 7.726192641781719495e-01 7.680245591023938667e-01 7.685149786802577543e-01 7.731080166390831288e-01 7.688822888030160119e-01 7.771507710857258333e-01 7.620905792073621177e-01 7.646258394543151704e-01 7.661608858908436348e-01 7.673106393485231713e-01 7.703276923583088909e-01 7.501292438964423104e-01 7.657748919778836205e-01 7.634161930361863524e-01 7.665747487435633500e-01 7.499397104338998421e-01 7.551461118874146505e-01 7.650792190138127058e-01 7.548354101514462844e-01 7.608314594255966012e-01 7.605758698142045526e-01 7.562717486976739956e-01 7.362844143169166022e-01 7.517126915357328354e-01 7.249723390838405113e-01 7.611982613106014206e-01 7.518823253299392606e-01 7.660163116056737387e-01 7.456245748339994650e-01 7.387478235231582646e-01 7.240842037675860876e-01 7.226485208737197796e-01 7.208091442290546214e-01 7.219132898446455338e-01 7.282043970044137504e-01 7.073908803288198044e-01 7.418576263862085574e-01 7.495531521755401938e-01 7.205629464100712367e-01 7.382876030669565104e-01 7.271574221793041248e-01 7.374771508127230257e-01 7.222711517717917973e-01 7.114573619346503675e-01 7.151380147834698331e-01 6.949678363393653191e-01 7.089021891976676759e-01 7.290084203433260246e-01 7.393071144796338201e-01 7.382058171459892071e-01 6.894732281550846054e-01 6.320270000966650148e-01 7.561690385256522040e-01 9.006520833589689579e-01 9.552107924490319535e-01 9.308967959455332064e-01 5.613458589912553309e-01 5.830283156097328945e-01 7.019150284110443616e-01 6.541471408623534822e-01 7.392243966073914763e-01 5.626244183402504540e-01 5.875120548784708019e-01 8.174896188486200366e-01 9.030396734590930841e-01 8.057955519057174998e-01 6.274277351227940391e-01 7.983921672626012045e-01 8.639982082169652688e-01 5.998132771039353939e-01 6.315682423565756043e-01
8.734193105167193938e-01 8.749628188015861063e-01 8.767818735423690280e-01 8.810975805474733358e-01 8.850968401618583004e-01 8.745562197743256272e-01 8.697229088442288703e-01 8.653368343780131200e-01 8.665965643513570127e-01 8.718857292868846809e-01 8.793355491659990975e-01 8.870250160554442598e-01 8.963654142985785223e-01 9.016864774390097592e-01 9.076989160769676213e-01 9.050330298418539643e-01 7.429382607862834442e-01 7.431913517217578757e-01 7.780749718566786211e-01 7.791984891967789206e-01 7.784602369371360631e-01 7.779711045086898924e-01 7.765239717783128937e-01 7.791027249621651496e-01 7.769384448813768662e-01 7.774218595151619615e-01 7.770987865800247363e-01 7.760792319000366923e-01 7.785411419163925650e-01 7.787457508949258145e-01 7.708662996282586999e-01 7.708619536806148309e-01 7.760864556234781109e-01 7.708549708531629019e-01 7.795508598594518279e-01 7.681144370439940694e-01 7.635047384289076478e-01 7.703062636000193031e-01 7.702720736808208457e-01 7.767377101846474341e-01 7.632040716952387394e-01 7.700647266003208813e-01 7.628625694688837555e-01 7.684215812502490639e-01 7.548850626031796685e-01 7.648754453774347928e-01 7.592201354314318529e-01 7.663682260225453957e-01 7.613214307863386265e-01 7.618383543123926627e-01 7.609900125687963923e-01 7.532653542202482067e-01 7.553246394303431144e-01 7.504507296398514882e-01 7.608399490927489905e-01 7.603053423591297211e-01 7.712366463171802522e-01 7.374087582177012434e-01 7.446520353011650828e-01 7.429925187571815304e-01 7.340238600284199055e-01 7.425188994488924887e-01 7.240454677633952896e-01 7.171799150112810883e-01 7.281869634430188087e-01 7.355774766814153764e-01 7.306321023038112594e-01 7.136776764802713613e-01 7.545271982501980945e-01 7.396943069793274761e-01 7.232133151531029425e-01 7.264164144302271975e-01 7.005323795202689219e-01 7.385552065638344432e-01 7.422307136182024756e-01 7.253389769935426612e-01 7.342291194363096407e-01 7.355641004229644953e-01 7.650225381179321937e-01 7.485115950630401027e-01 6.822677339079213921e-01 7.002399757303451322e-01 8.920074161155027159e-01 9.612452667001745166e-01 9.345400108192717381e-01 5.637715492500539050e-01 5.902013070085447843e-01 7.086642970622849536e-01 6.670552293686523582e-01 7.148460335485802286e-01 6.875504467379536244e-01 5.427911410129155900e-01 8.118568121232638823e-01 9.173023233985591052e-01 8.141679686877472122e-01 6.333918283425873375e-01 8.284867162755636949e-01 8.841127227562961544e-01 6.062401644267634282e-01 6.477242034014853989e-01
8.733319491892505004e-01 8.748764452666535352e-01 8.766968621033662812e-01 8.810159797501272427e-01 8.850184446808552208e-01 8.744672712173547913e-01 8.696295626796681777e-01 8.652406333822264539e-01 8.665036334440713306e-01 8.717993234608518716e-01 8.792574356073983299e-01 8.869550567093240634e-01 8.963053234651910950e-01 9.016322963216859554e-01 9.076523683031294532e-01 9.071922404722607691e-01 7.392168211724995386e-01 7.463046085527641482e-01 7.800512331653076670e-01 7.791756205663593615e-01 7.789089320780325787e-01 7.795712262739643572e-01 7.776116071211243153e-01 7.770581150820046190e-01 7.783745731466160667e-01 7.758415483737349794e-01 7.769133455151625567e-01 7.747858860495645539e-01 7.780658500956505463e-01 7.787072849687785014e-01 7.730287248816222201e-01 7.766409132491105538e-01 7.769537835492814626e-01 7.723071367203052651e-01 7.790136722920545376e-01 7.679909010445253870e-01 7.676383353419142797e-01 7.723739971329127707e-01 7.670309682138684026e-01 7.755268370918750875e-01 7.670215676631041424e-01 7.702853155397696439e-01 7.601786849246906508e-01 7.666323243026488266e-01 7.598225297559862979e-01 7.673892302066014359e-01 7.564079423502458877e-01 7.705835403381445792e-01 7.657948428704005606e-01 7.559374856671658982e-01 7.603436159971893593e-01 7.687043478056814205e-01 7.624307795201393789e-01 7.605264028188831738e-01 7.486497914556552447e-01 7.568304255415815307e-01 7.579389055365752803e-01 7.475784157315676914e-01 7.399395732235475309e-01 7.628603277159706764e-01 7.349521781669405840e-01 7.496992240183243394e-01 7.301541422676178783e-01 7.477347635898317080e-01 7.364628590542058317e-01 7.175317129211454814e-01 7.284506690431822307e-01 7.316946425236767748e-01 7.403768837378622569e-01 7.379874874542028396e-01 7.157901138540559982e-01 7.599668694811648750e-01 7.205933565442139699e-01 7.297667897519092284e-01 7.516650197024618008e-01 7.332586995682288666e-01 7.538121649369690092e-01 7.363441335333023030e-01 7.692569255276273665e-01 7.749947372722367778e-01 7.501986768885642309e-01 6.712110212305437695e-01 8.761039584469951791e-01 9.662178929312159603e-01 9.362437291969264441e-01 5.655793978820448098e-01 5.947624412311941500e-01 7.137111613730978688e-01 6.656920505525992793e-01 6.863376067138891035e-01 7.378337560875226631e-01 5.748809758443345075e-01 7.932976153813812159e-01 9.281877549027729435e-01 8.190477363416783785e-01 6.381379791860255501e-01 8.432370482663879008e-01 9.002578421986945356e-01 6.113128756255047369e-01 6.604360141806180362e-01
8.732478978998169383e-01 8.747931637910242308e-01 8.766146945017682102e-01 8.809368505580390529e-01 8.849421596544184698e-01 8.743808778419803751e-01 8.695388225730763532e-01 8.651469587528575200e-01 8.664127576064499792e-01 8.717143230852202329e-01 8.791799947706155915e-01 8.868850727868732298e-01 8.962444454288938100e-01 9.015767814784917400e-01 9.076036063211635474e-01 9.087830530785505623e-01 7.396203325383517990e-01 7.485613802388535465e-01 7.804836080165771239e-01 7.797016098853390975e-01 7.785476761215374131e-01 7.798837682579248254e-01 7.795190041562479744e-01 7.763065029994666855e-01 7.779555260248752768e-01 7.763917253477377045e-01 7.758926468701481394e-01 7.772873703120407596e-01 7.765395604866245360e-01 7.777351661480779166e-01 7.733272564269242366e-01 7.775103898610346009e-01 7.768068031874426627e-01 7.755030264053687228e-01 7.763560300090205368e-01 7.719535720314301130e-01 7.716818292880164298e-01 7.711015795187402544e-01 7.701711567778216638e-01 7.702171375831345923e-01 7.665669257449652108e-01 7.705846476996951466e-01 7.640547799269722384e-01 7.703293683231775546e-01 7.700639758952904090e-01 7.663654898755216660e-01 7.652768656294643979e-01 7.619472157543374369e-01 7.636674940659036182e-01 7.610880733829421541e-01 7.632997339100785483e-01 7.746781186296817223e-01 7.729995731754124577e-01 7.588022482489954479e-01 7.506537973991823653e-01 7.470954615024064660e-01 7.484678867227712029e-01 7.653897239938846075e-01 7.424185014845696706e-01 7.702630400946830491e-01 7.330719276485637703e-01 7.636066926343467731e-01 7.196673909424688986e-01 7.654487925632299516e-01 7.366996187038844512e-01 7.330838834531169246e-01 7.501085478611805302e-01 7.269709301188083117e-01 7.384854269356649903e-01 7.450718754511829189e-01 7.275229563371800046e-01 7.510290522668044977e-01 7.483607186918063148e-01 7.251788401845949972e-01 7.558946698738834291e-01 7.340574409488986873e-01 7.620863167291397344e-01 7.624757362819044593e-01 7.587937640366784198e-01 7.733652762347464904e-01 7.888944276796122645e-01 7.176267532640504543e-01 8.493004154597629807e-01 9.701908648946244718e-01 9.353895178794062737e-01 5.668526167582376152e-01 5.951898089435480044e-01 7.179142769142647929e-01 6.991824411337381751e-01 7.167343691100818148e-01 7.179719051597889257e-01 6.726983309152625434e-01 7.559012330272584235e-01 9.373195896762855917e-01 8.215455130216358093e-01 6.419891814071841951e-01 8.482282127267578575e-01 9.133222653540807867e-01 6.146079166499386348e-01 6.711282621314039742e-01
8.731672720746003202e-01 8.747131184551153460e-01 8.765355458401223876e-01 8.808604051236137433e-01 8.848682341103999427e-01 8.742972927744742107e-01 8.694509652898975149e-01 8.650561205321732894e-01 8.663243000485366663e-01 8.716311509371801325e-01 8.791037102398119307e-01 8.868156042404115036e-01 8.961833749232220869e-01 9.015205758450571816e-01 9.075534791700975434e-01 9.098572983693746785e-01 7.427951342100302945e-01 7.511860128900138545e-01 7.802046512149823920e-01 7.797765432651260209e-01 7.793081824833849591e-01 7.808009391670901467e-01 7.791508021900295233e-01 7.783044978219126886e-01 7.793360796320277784e-01 7.774571506453269443e-01 7.766580472905993959e-01 7.784670844882140006e-01 7.779610720766473309e-01 7.777850110446433707e-01 7.752203861740217805e-01 7.775659513747966711e-01 7.767922500326578383e-01 7.755933719205800880e-01 7.755380628004040489e-01 7.745243812778874748e-01 7.729598828065220584e-01 7.676687115742424350e-01 7.729055014460245454e-01 7.698297560055805677e-01 7.671646703485179852e-01 7.729505159711873574e-01 7.659819831776967236e-01 7.719215218294929182e-01 7.688292407623374958e-01 7.676933865789745681e-01 7.713823473215252191e-01 7.594976438332643465e-01 7.617484023826270878e-01 7.688943406329153962e-01 7.685038595182273058e-01 7.759138863640306916e-01 7.753055264935941882e-01 7.591409096387445876e-01 7.552829458727969847e-01 7.577952880200300445e-01 7.603848731572173669e-01 7.588049494575493936e-01 7.529575583789305249e-01 7.709227869018893120e-01 7.302644857308943083e-01 7.719443604538075432e-01 7.422273782677375475e-01 7.633915605054109044e-01 7.541294942338692131e-01 7.457981646411879773e-01 7.583380743324612538e-01 7.387315673390647541e-01 7.566222079581321758e-01 7.441521747059101077e-01 7.321950714694660522e-01 7.496645675447818347e-01 7.453211471256422360e-01 7.130114475279060171e-01 7.646747034196619275e-01 7.644212631617923748e-01 7.393378612121266347e-01 7.684236281923813028e-01 7.767576871768815394e-01 7.704532187573270852e-01 7.907345725821585125e-01 7.854395395708575478e-01 8.142168722260620939e-01 9.733218666546521458e-01 9.314027169775064285e-01 5.676660562535555954e-01 5.972379635394878816e-01 7.214269293223471990e-01 7.188514580469296256e-01 7.620658973411404968e-01 6.917396973311528141e-01 7.532376628530853546e-01 7.046771204825864610e-01 9.449792003167583054e-01 8.225674930322065537e-01 6.447066917772568129e-01 8.512528834473370720e-01 9.241379128392360753e-01 6.165302891013626496e-01 6.802062948706206758e-01
8.730901393357353157e-01 8.746364027309578848e-01 8.764595376618820044e-01 8.807867991004726393e-01 8.847968575594524765e-01 8.742167052004611305e-01 8.693661993791534925e-01 8.649683558421255025e-01 8.662385464399398050e-01 8.715501480612484198e-01 8.790289801521937729e-01 8.867471022351745003e-01 8.961226153239553183e-01 9.014642276188339354e-01 9.075026621936268523e-01 9.105557055172659453e-01 7.462486872567564156e-01 7.503125932341662141e-01 7.804482590212020732e-01 7.791901700859147351e-01 7.799614308027331688e-01 7.810166234212266856e-01 7.791101723239918231e-01 7.801817399507824380e-01 7.804446406914852252e-01 7.794206570342481211e-01 7.782553287131583897e-01 7.771054976482806298e-01 7.796153745531697599e-01 7.786582145767493301e-01 7.777147279427855109e-01 7.784547778791253148e-01 7.767442327829003901e-01 7.748508675990249950e-01 7.777730109134269876e-01 7.768163906445604283e-01 7.720194028114006901e-01 7.684160288026220531e-01 7.746195449829293977e-01 7.709701259691010833e-01 7.724778203671990306e-01 7.753957647988524160e-01 7.701286506168402157e-01 7.763483407314956120e-01 7.663598781103528879e-01 7.701285403189970236e-01 7.751471198431693077e-01 7.651982840382783868e-01 7.640573740294961391e-01 7.736729651559197674e-01 7.725442698135944752e-01 7.732825483395113775e-01 7.730780663229549488e-01 7.537553214643973876e-01 7.552150349333560664e-01 7.587054991665566073e-01 7.656868383410578849e-01 7.573691049888920945e-01 7.491715375237428809e-01 7.675004976213464225e-01 7.475197271927480624e-01 7.688566868864137316e-01 7.675259429155056878e-01 7.583661823552652059e-01 7.657393368915680343e-01 7.459695056672234204e-01 7.695365657388776315e-01 7.424311660559406167e-01 7.640280892938813295e-01 7.472321913084206679e-01 7.517884057104521345e-01 7.618949698193057118e-01 7.473003393159606267e-01 7.491416997371914688e-01 7.660961736676356049e-01 7.737760923152861015e-01 7.643219451890996829e-01 7.609336529609023181e-01 7.679613874267072759e-01 7.863142169078101151e-01 7.812462454175426174e-01 8.164052650538139444e-01 7.932629504166474055e-01 9.755997859646228232e-01 9.241512300651865131e-01 5.680875853719834501e-01 5.981172214085579419e-01 7.242552298044463432e-01 7.452733740060457635e-01 7.785286732432796786e-01 7.209474836640370476e-01 7.870322147716898309e-01 6.909608167535385981e-01 9.508583378555445220e-01 8.234429044060644909e-01 6.463713608416481460e-01 8.567373635008309618e-01 9.329393776770444902e-01 6.175035235467831729e-01 6.876766794928517168e-01
8.730164979329790853e-01 8.745630380717275276e-01 8.763867167921545187e-01 8.807161112525188074e-01 8.847281403283239198e-01 8.741392180639034892e-01 8.692846417106906420e-01 8.648838045957680798e-01 8.661556812547643869e-01 8.714715515590938377e-01 8.789560968823789677e-01 8.866799107316729600e-01 8.960625625820101137e-01 9.014081756004793666e-01 9.074516649013165681e-01 9.109818255810261389e-01 7.466706336258925880e-01 7.490582522251957309e-01 7.808512799898741363e-01 7.802519678127852742e-01 7.805005200319466985e-01 7.810033076910918304e-01 7.801312068956933743e-01 7.803929732210861392e-01 7.803336955992682400e-01 7.815127035139021183e-01 7.784996637149623755e-01 7.777946594685681836e-01 7.796650232407296155e-01 7.793184741408210048e-01 7.797254600402447888e-01 7.797876190858393786e-01 7.774377556737992467e-01 7.748792205539551947e-01 7.794128991806881235e-01 7.789561701759967205e-01 7.713759659392164236e-01 7.722923880333736335e-01 7.764569914401829864e-01 7.735203820477062342e-01 7.752182832680053481e-01 7.759508763139927323e-01 7.733475442417142576e-01 7.794985655811709213e-01 7.669164427460766209e-01 7.719287281080180474e-01 7.773441598644502681e-01 7.678187044815094620e-01 7.685284924468679391e-01 7.738687644446573533e-01 7.724357454635243370e-01 7.737969505923750768e-01 7.722144049632412299e-01 7.587277667230599709e-01 7.594383587070145936e-01 7.575488826557545963e-01 7.683631638031108713e-01 7.595934360190668144e-01 7.507693178677031787e-01 7.632870264280777750e-01 7.549262805553211830e-01 7.722159175053351365e-01 7.711699146073333067e-01 7.626280020309841312e-01 7.730605394483301973e-01 7.359381796886241833e-01 7.816002192343206589e-01 7.411921435629764687e-01 7.653922260142191902e-01 7.456417919004225681e-01 7.729993540558558474e-01 7.672274695963091640e-01 7.563904469110086515e-01 7.742660195380726140e-01 7.620941215882395259e-01 7.708694821298494038e-01 7.750160616729051544e-01 7.770334131501549502e-01 7.665928049256653942e-01 7.947076497425734631e-01 7.975914573748231762e-01 8.230833646911319690e-01 8.166027607059236360e-01 9.769874049527802473e-01 9.144850440643422784e-01 5.681778970686185426e-01 5.969734369427058818e-01 7.265867057849570987e-01 7.712315682010153495e-01 7.958547846953307747e-01 7.543142417987989123e-01 7.814079213368693155e-01 7.376966287241755182e-01 9.551082296336672606e-01 8.252148062803896789e-01 6.470746214515885608e-01 8.630098414166361698e-01 9.400943112240147670e-01 6.177738475466200141e-01 6.937721070345892471e-01
8.729462904769738074e-01 8.744929875449775070e-01 8.763170688263318686e-01 8.806483565303467875e-01 8.846621262603980851e-01 8.740648623398655781e-01 8.692063324390129075e-01 8.648025249204165377e-01 8.660758027806624293e-01 8.713955087376851205e-01 8.788852600847911756e-01 8.866142784564220447e-01 8.960035158824545265e-01 9.013527591330899869e-01 9.074008667128686811e-01 9.112114039514462860e-01 7.464798043311186015e-01 7.487215744241015880e-01 7.816819308644724629e-01 7.819381268895542192e-01 7.810293144281987843e-01 7.819051734500184203e-01 7.815857187729997602e-01 7.810175967884097625e-01 7.803615389999102314e-01 7.825870872729250305e-01 7.782771919882645051e-01 7.790591846011380994e-01 7.796370953122088165e-01 7.795898439153619019e-01 7.804829201320383492e-01 7.803621164631814322e-01 7.790078272166500728e-01 7.762008462138253462e-01 7.785828126405310856e-01 7.792533649338099222e-01 7.730551358544824891e-01 7.745884690495420388e-01 7.780346530223314350e-01 7.750339762935021248e-01 7.745780195272299329e-01 7.767486996898199658e-01 7.742333909643039913e-01 7.786993371713425427e-01 7.691358288693258549e-01 7.745187099743304771e-01 7.752856638755161178e-01 7.685054104625286264e-01 7.724567370055744897e-01 7.725096034334784090e-01 7.732012289493672696e-01 7.727413492521456595e-01 7.734353982143881145e-01 7.701324335201783500e-01 7.672677139372120481e-01 7.659556125976345609e-01 7.749379298855580966e-01 7.638998593554356953e-01 7.631911744966581868e-01 7.571677892252279829e-01 7.545267533799329129e-01 7.736904611755269778e-01 7.708978240173067764e-01 7.697224390434317387e-01 7.710056569580050478e-01 7.440774813226601614e-01 7.805490201665670202e-01 7.553774787516683853e-01 7.604717888444082474e-01 7.501138459936509406e-01 7.827187584934145459e-01 7.640398392847390641e-01 7.703758969232974430e-01 7.717477861206888390e-01 7.707583796020722744e-01 7.704121898068410079e-01 7.712575462935420401e-01 7.908061664308719818e-01 7.795535247118039468e-01 7.982036261417528866e-01 8.167737318376211419e-01 8.334719734115003664e-01 8.544532956666590628e-01 9.775079159318929012e-01 9.059098532222450428e-01 5.679902289289627815e-01 5.944268538617571984e-01 7.285488016788117527e-01 7.864913835414027998e-01 8.107181490146820879e-01 7.694831313407927142e-01 7.760345862846592668e-01 8.026297362948876524e-01 9.579836739989772143e-01 8.278990467809884679e-01 6.469678659252391384e-01 8.677404212806629769e-01 9.459364055342515121e-01 6.175193509389601543e-01 6.987805896646396286e-01
8.728794422030062838e-01 8.744261941948382466e-01 8.762505564819010884e-01 8.805835236866024207e-01 8.845988296788396266e-01 8.739936384191006047e-01 8.691312786200436902e-01 8.647245385349328073e-01 8.659989680834931924e-01 8.713221204407660681e-01 8.788166176900913396e-01 8.865503975512343260e-01 8.959457132204561303e-01 9.012982521305749062e-01 9.073505847900893428e-01 9.113140666809329549e-01 7.475622397908270322e-01 7.491564782518600474e-01 7.826955968454343271e-01 7.823528364147580572e-01 7.818683449232549654e-01 7.831187118804936453e-01 7.822944839684448093e-01 7.826514573149958576e-01 7.808273767537858845e-01 7.821814632499790587e-01 7.794945610262528080e-01 7.789429796810984907e-01 7.807414119029060240e-01 7.794411780527549238e-01 7.797911592948638670e-01 7.801274783438452154e-01 7.807148900824403270e-01 7.783633572750459084e-01 7.778519501322954666e-01 7.781336793731059576e-01 7.750884919387154293e-01 7.756388672686377328e-01 7.789778357702225042e-01 7.748635224601334581e-01 7.748743692703604635e-01 7.790140898039684680e-01 7.751272678925587023e-01 7.771736633350625478e-01 7.727284924746693484e-01 7.771286374614981840e-01 7.732049228693415044e-01 7.731684123728631564e-01 7.751469124370881092e-01 7.716092607089078959e-01 7.756892429986397275e-01 7.695634250491459882e-01 7.757326479253342510e-01 7.735604130511114507e-01 7.698571532753520907e-01 7.733428620804370102e-01 7.781672400211583351e-01 7.716768152864091901e-01 7.697262821510622022e-01 7.569297703855171200e-01 7.656701898718841770e-01 7.659757297767579853e-01 7.747696094996945337e-01 7.740808338390636756e-01 7.577168362210251473e-01 7.608790784115849748e-01 7.756284077424583367e-01 7.737161911857994845e-01 7.509708532490581012e-01 7.667347957913037693e-01 7.855286825915901439e-01 7.620618490196265915e-01 7.887612101000558429e-01 7.734712403352849153e-01 7.861394658790233914e-01 7.681451377234260747e-01 7.934725766472360275e-01 7.866760606871562311e-01 7.886547656557439945e-01 8.080034547806244083e-01 8.202165068716098517e-01 8.558474181299454697e-01 8.764353082291194141e-01 9.771166186332290726e-01 9.040007607730937700e-01 5.675708916156504413e-01 5.913005975982043028e-01 7.301721895757550262e-01 7.961847347435095923e-01 8.178324460929941031e-01 7.826508684250562675e-01 7.968048989172521468e-01 8.492297495956140363e-01 9.595560087149251904e-01 8.307167567474598169e-01 6.462750428923207391e-01 8.711011271677460144e-01 9.506847153852567844e-01 6.168751033955044427e-01 7.029100286283941346e-01
8.728158914634092103e-01 8.743626119551074494e-01 8.761871508744795145e-01 8.805216064164373968e-01 8.845382664513704585e-01 8.739255506263337026e-01 8.690594907368468514e-01 8.646498690474717641e-01 8.659252316387427983e-01 8.712514791335549402e-01 8.787503029072691874e-01 8.864884394215176711e-01 8.958893655123716382e-01 9.012448965468773387e-01 9.073010952882019087e-01 9.113410549682975370e-01 7.471500632479636250e-01 7.514225268797083412e-01 7.826849748647424221e-01 7.824042142033805769e-01 7.829536067517059994e-01 7.837276845170478845e-01 7.816828790906876767e-01 7.832812284141223991e-01 7.807154982985446967e-01 7.811580696410543867e-01 7.813813061046653852e-01 7.802730848217063198e-01 7.818444112035224380e-01 7.792640818815682602e-01 7.794443283067282735e-01 7.805936531750211627e-01 7.815222361230755865e-01 7.795440482706110785e-01 7.792308919262107558e-01 7.777574622037257690e-01 7.759426237719291297e-01 7.771161642353014987e-01 7.791764469611944799e-01 7.769407555132337162e-01 7.759230973134926268e-01 7.800292369916731472e-01 7.762346299609239608e-01 7.763504553023119481e-01 7.760312380531277920e-01 7.766947592196624672e-01 7.757090969393429791e-01 7.779722175187804289e-01 7.764172865095974041e-01 7.717620159549527514e-01 7.760106946964396846e-01 7.722493043127420798e-01 7.777301569023006289e-01 7.749399365052487276e-01 7.693714524950339140e-01 7.755018946024949678e-01 7.785673254149745315e-01 7.720628730875357393e-01 7.699173129664995674e-01 7.683747981934281324e-01 7.749117368004434514e-01 7.661928744496298016e-01 7.722649711265693329e-01 7.788418502377968400e-01 7.556911186246264567e-01 7.576900338928911349e-01 7.757903735507678533e-01 7.781782547014518547e-01 7.584826979720481477e-01 7.723879478546549215e-01 7.809708027728852198e-01 7.682674706614078808e-01 7.950291836854116445e-01 7.725032832106186742e-01 7.906982182237771717e-01 7.699505828056768530e-01 8.043293119597585417e-01 7.968438731903124683e-01 8.043215133810511785e-01 8.199478860917854828e-01 8.261947627734269606e-01 8.665345324218646228e-01 8.845755460416200311e-01 9.755791872067175463e-01 9.096809572506274755e-01 5.669605662918395517e-01 5.889236255168081025e-01 7.315039276112124123e-01 8.075745774792666420e-01 8.386210722859581690e-01 7.980814663120491259e-01 8.094248521061525592e-01 8.685286717652741517e-01 9.598273554563352405e-01 8.329089412924075564e-01 6.451661313316647828e-01 8.740101356880783934e-01 9.545445234916494215e-01 6.159395055400040953e-01 7.063146849369595914e-01
8.727555896543284231e-01 8.743022060642718918e-01 8.761268324677862207e-01 8.804626049805546195e-01 8.844804562784934765e-01 8.738606093576496425e-01 8.689909851379753469e-01 8.645785448906735393e-01 8.658546492111528492e-01 8.711836738880476272e-01 8.786864403647245414e-01 8.864285619559617579e-01 8.958346649035953124e-01 9.011929115893473341e-01 9.072526466608668017e-01 9.113273287581772353e-01 7.463352802863524316e-01 7.521831494926657369e-01 7.819805822136153273e-01 7.827533959244736828e-01 7.826434317972933430e-01 7.840020491437850181e-01 7.817711829801203827e-01 7.830898027332814371e-01 7.803090667566516814e-01 7.812301720010844663e-01 7.821847107420952794e-01 7.821779848403335178e-01 7.819400722243422530e-01 7.801438753316937147e-01 7.805464128249679501e-01 7.816855317860013086e-01 7.807078512977921880e-01 7.800491670906429809e-01 7.805836605906911752e-01 7.793410103384715848e-01 7.787506670315990087e-01 7.769876903607075835e-01 7.789153231376420017e-01 7.793203638303531910e-01 7.775436057818571056e-01 7.792046530847641650e-01 7.781547235719978861e-01 7.761274994355787937e-01 7.779620407553772266e-01 7.752551463812654697e-01 7.770091731214217035e-01 7.785690026200244862e-01 7.751946330334891222e-01 7.761716452278657474e-01 7.786270684375325990e-01 7.743224291465330422e-01 7.779151617273566410e-01 7.762312698725796212e-01 7.733578414938458989e-01 7.769852962606774716e-01 7.801852333436822828e-01 7.731003462785486224e-01 7.720079404375953525e-01 7.750748177817757822e-01 7.792649841437051528e-01 7.733560819438014544e-01 7.699109933987549059e-01 7.799307693393738861e-01 7.641902991488480623e-01 7.674267122823686949e-01 7.688670323779910332e-01 7.733662497205634478e-01 7.805751070869436647e-01 7.726751240176708002e-01 7.735768896723712595e-01 7.841737522388476656e-01 7.906274304886664606e-01 7.725511433215265233e-01 7.947835358699265607e-01 7.731124534097050249e-01 7.999358502566951135e-01 8.116514521328436205e-01 8.067645132364612559e-01 8.307459915854310539e-01 8.395294633711717358e-01 8.607944594023586582e-01 8.887273399195745327e-01 9.724922938671072270e-01 9.167795758401104944e-01 5.661955000536033067e-01 5.864866152135278510e-01 7.325870374675326202e-01 8.213088225367325412e-01 8.548350125338872729e-01 8.098233818256544980e-01 8.171568873688674906e-01 8.727720919721742021e-01 9.588371531142667603e-01 8.343195801856678750e-01 6.437529783680434603e-01 8.764938967765675271e-01 9.576865277721919867e-01 6.147990264263015758e-01 7.091013445285009320e-01
8.726984767763735773e-01 8.742449288840271615e-01 8.760695672569559500e-01 8.804065033387395989e-01 8.844254007218206315e-01 8.737988061264548856e-01 8.689257578242037816e-01 8.645105722707140394e-01 8.657872516844175026e-01 8.711187660189867454e-01 8.786251240561248066e-01 8.863708897528482789e-01 8.957817677642662124e-01 9.011424783752710610e-01 9.072054470971647744e-01 9.112959652530857602e-01 7.475367959446787003e-01 7.518198589552026467e-01 7.812849515053380545e-01 7.833501627298614656e-01 7.826228010861817630e-01 7.837982501288299764e-01 7.825384638505934465e-01 7.829265765778201658e-01 7.812285739286539687e-01 7.811482869463338696e-01 7.827979134315645737e-01 7.830705668109730899e-01 7.820499323896681343e-01 7.804233828872662038e-01 7.807940086060102258e-01 7.822512982782593438e-01 7.803431489082250927e-01 7.816525074189009104e-01 7.811713578860280949e-01 7.813749030802550344e-01 7.807894380046039862e-01 7.778251613081368365e-01 7.786781418704189495e-01 7.806612897572788867e-01 7.790146900311145650e-01 7.789785711452080763e-01 7.774379051219987291e-01 7.761364913854025271e-01 7.778186554100957606e-01 7.769479981227179755e-01 7.777363525447378301e-01 7.765811184146544921e-01 7.732490687412962860e-01 7.798452503302968353e-01 7.786029815404670318e-01 7.777257749829197264e-01 7.798657175045041745e-01 7.778817730919100892e-01 7.756695400180786404e-01 7.786632857053241707e-01 7.781574602526607487e-01 7.768429441020160420e-01 7.735468040682010882e-01 7.792646101541191861e-01 7.823090052768391089e-01 7.755111985947230613e-01 7.719663348735233965e-01 7.792707983200919397e-01 7.713096592590110712e-01 7.759739281392253885e-01 7.697983095107870932e-01 7.660172708990496959e-01 7.867596311700416623e-01 7.807848938112693649e-01 7.834574669818284987e-01 7.883626649925321583e-01 7.844976187316254901e-01 7.814497118937414610e-01 7.942507038858576118e-01 7.787953603749578901e-01 7.985593191009644487e-01 8.180517853052341470e-01 8.117389079782336703e-01 8.279112999823626806e-01 8.478058339602838611e-01 8.682786964344813008e-01 9.037589943005700510e-01 9.675348934741232476e-01 9.195804751570481050e-01 5.653079015977247046e-01 5.835871283572217072e-01 7.334594102516658332e-01 8.324177395162491999e-01 8.632987955959862125e-01 8.180328386949673458e-01 8.412691890445779253e-01 8.837583767201091511e-01 9.567245738505972819e-01 8.353445268691042092e-01 6.421193633747179774e-01 8.786104662439474522e-01 9.602516886493374093e-01 6.135183112102129410e-01 7.113579100817808420e-01
8.726444592176958448e-01 8.741906976819482367e-01 8.760152846291824336e-01 8.803532475729687334e-01 8.843730621447061235e-01 8.737400898205106570e-01 8.688637593908560275e-01 8.644459090795286738e-01 8.657230193183047540e-01 8.710567644777992280e-01 8.785663943205459514e-01 8.863154927031041685e-01 8.957307753256977811e-01 9.010937216861031329e-01 9.071596475632319745e-01 9.112576835788368523e-01 7.478373855666866632e-01 7.526935094361842937e-01 7.823260219059458009e-01 7.836388336781107133e-01 7.828731241295004972e-01 7.835947804008813744e-01 7.835483303605342842e-01 7.834145422979748030e-01 7.826031707429533801e-01 7.820870497458767279e-01 7.822856623597935766e-01 7.835185771367624286e-01 7.825355452037955351e-01 7.811939646013960070e-01 7.815204843884580033e-01 7.820299637539911419e-01 7.807771095749270751e-01 7.829410341131305406e-01 7.818177715753433787e-01 7.814125951184989205e-01 7.818673624506145003e-01 7.805206905343341495e-01 7.793858593020791536e-01 7.818309990960780054e-01 7.802857790526280812e-01 7.795264376990689303e-01 7.783153282091150871e-01 7.774280646305232745e-01 7.781506566328516561e-01 7.788585016348873458e-01 7.795081047731390322e-01 7.765131909302233071e-01 7.733413699148015130e-01 7.811695372516498370e-01 7.774227748413785610e-01 7.789668673567875512e-01 7.814869200958991513e-01 7.790762988133694833e-01 7.776624409877794797e-01 7.795168905006824023e-01 7.771762104835698848e-01 7.771174488805070446e-01 7.768334127752450913e-01 7.782809960797643090e-01 7.822531291580757662e-01 7.747066584480609697e-01 7.732607667706020704e-01 7.813108239294579427e-01 7.782903294883263268e-01 7.783199705101346844e-01 7.726287893068778390e-01 7.702354387014604953e-01 7.829648461609383103e-01 7.858433508114739396e-01 7.875819766778390241e-01 7.909755222873342539e-01 7.868079834907431014e-01 7.918312285737969525e-01 7.907350469692348005e-01 7.874526766007123868e-01 8.041378742747148367e-01 8.212079333653488078e-01 8.205409957806100163e-01 8.252494795893561275e-01 8.497907422460689864e-01 8.742355143064300949e-01 9.143229503910430545e-01 9.614711731010882056e-01 9.174971261703748215e-01 5.643257249160584799e-01 5.804014929937303391e-01 7.341530328699862329e-01 8.384757399444278114e-01 8.704093934410054301e-01 8.320721182108995473e-01 8.523759295847875839e-01 8.968399353353423420e-01 9.544632829272688967e-01 8.362842963885138703e-01 6.403393558950710718e-01 8.804102290991454582e-01 9.623591064053969024e-01 6.121432022852104637e-01 7.131677759975098008e-01
8.725934112325205438e-01 8.741393960798454765e-01 8.759638787795680503e-01 8.803027472608608850e-01 8.843233650496580278e-01 8.736843681559449681e-01 8.688048965093934095e-01 8.643844663644196791e-01 8.656618831329122576e-01 8.709976271360061473e-01 8.785102390183151533e-01 8.862623870726353825e-01 8.956817346551022574e-01 9.010467108819052440e-01 9.071153425955230665e-01 9.112170612236404343e-01 7.479973687449726905e-01 7.531093581954652061e-01 7.835787828346209016e-01 7.837157036659744280e-01 7.829298507932807016e-01 7.830853901821599461e-01 7.841937901769178154e-01 7.835891167979208705e-01 7.835242783834666103e-01 7.831084941162891333e-01 7.818967867384455372e-01 7.834546402793417519e-01 7.826825787106100885e-01 7.823569650596167158e-01 7.818277487378024748e-01 7.821310074598806228e-01 7.816556468703578231e-01 7.825388926195065986e-01 7.817309183345058088e-01 7.810366894065335908e-01 7.824988057426459642e-01 7.817778193947593213e-01 7.805600763252422691e-01 7.817009725817936072e-01 7.816514523040067886e-01 7.800262369194360668e-01 7.811890653552643338e-01 7.795398919763421031e-01 7.801536900202089564e-01 7.785857727554608143e-01 7.810710718201245850e-01 7.784400645336512214e-01 7.763521732197451453e-01 7.811306465995826454e-01 7.789714164601176938e-01 7.779794540127789038e-01 7.809845270926562000e-01 7.780274624829373042e-01 7.798218965006373793e-01 7.805124085494689057e-01 7.787771746376387361e-01 7.786468980338089318e-01 7.788004896661606669e-01 7.764449288473725952e-01 7.818613725602605591e-01 7.785635305600201450e-01 7.734622886154134402e-01 7.820559711181372942e-01 7.819893468884009380e-01 7.794355809779772715e-01 7.750457524090629269e-01 7.803366279412553563e-01 7.820335753000728918e-01 7.873786000866360713e-01 7.858806046588830974e-01 7.950168392268178730e-01 7.917905199052104326e-01 7.969647123505820829e-01 7.928664492588247681e-01 8.012020796122045763e-01 8.121838641552500127e-01 8.214409907170979741e-01 8.264275519377620727e-01 8.322709536933990959e-01 8.531952797769321029e-01 8.800898362335320968e-01 9.148297587908340578e-01 9.577340108001906049e-01 9.144464630718064369e-01 5.632726150708786683e-01 5.770197268394476886e-01 7.346949107152791481e-01 8.436030851647247086e-01 8.783706359425684784e-01 8.489559801670850669e-01 8.580331663412315013e-01 9.026025070178682608e-01 9.541369196630903327e-01 8.371161577289203404e-01 6.384776519202280953e-01 8.819325910493327481e-01 9.641075527328630823e-01 6.107056531146219935e-01 7.146042402846994879e-01
8.725451983070490192e-01 8.740908975743018061e-01 8.759152323258293515e-01 8.802548987574316808e-01 8.842762190755576457e-01 8.736315333612162393e-01 8.687490590373977417e-01 8.643261366152613645e-01 8.656037531258592432e-01 8.709412882102969267e-01 8.784566197403111953e-01 8.862115604666309654e-01 8.956346619238042539e-01 9.010014823663342609e-01 9.070725916620508977e-01 9.111764673185026586e-01 7.491472227709332632e-01 7.529596846895774132e-01 7.838789282794274005e-01 7.838844156339631608e-01 7.827922998764429430e-01 7.826735781389840829e-01 7.841606661860355265e-01 7.833874586970592802e-01 7.838349704821920838e-01 7.833803703254418327e-01 7.823786616190152587e-01 7.833025005441360822e-01 7.826860058681697208e-01 7.828660541879097767e-01 7.813114373226739406e-01 7.824997115175310602e-01 7.824813792239498911e-01 7.817233747852184722e-01 7.815212422567566763e-01 7.818090738970027154e-01 7.831122483417337632e-01 7.816322373843376248e-01 7.807883414493193008e-01 7.810560564772279779e-01 7.817184330394012504e-01 7.808572371003326129e-01 7.823756510620623050e-01 7.808798800125278383e-01 7.816501853163606572e-01 7.784338985947425460e-01 7.807032246271534692e-01 7.798997891436185714e-01 7.801814052846550718e-01 7.808963620404369976e-01 7.808493986259514852e-01 7.780248426795389749e-01 7.799740514706606787e-01 7.771707544552659552e-01 7.806220422062537523e-01 7.817028867705263506e-01 7.800435396708211844e-01 7.822491504835802356e-01 7.792400347324754950e-01 7.793810125769089492e-01 7.826690505598902226e-01 7.835936455882595020e-01 7.748874281350588422e-01 7.814267642829831884e-01 7.825219178893424443e-01 7.798855037208135554e-01 7.783285870764821146e-01 7.864708273328515631e-01 7.827328588882501714e-01 7.906950499116601749e-01 7.881626478366163813e-01 7.949863918299966414e-01 7.944397054421235005e-01 7.986521651721175674e-01 7.996804692656465097e-01 8.106593788106880583e-01 8.144557640257560349e-01 8.186977867747421422e-01 8.281662241121277024e-01 8.409188571125888467e-01 8.610217808242093263e-01 8.882825580176157976e-01 9.163601407409179833e-01 9.598576314225886197e-01 9.138347385604785877e-01 5.621685189679921368e-01 5.735378667233749228e-01 7.351080073017147720e-01 8.496310834423962399e-01 8.852496769862131520e-01 8.619485471112475761e-01 8.736857954874120979e-01 9.097731653641623062e-01 9.576240295687714621e-01 8.377602818973477472e-01 6.365843692624054695e-01 8.832241977743966466e-01 9.655756155476831193e-01 6.092279065235032265e-01 7.157278606706412027e-01
8.724997012930165718e-01 8.740450899896550219e-01 8.758692410294945940e-01 8.802096097674301234e-01 8.842315434665793950e-01 8.735814894216553661e-01 8.686961488628981432e-01 8.642708240212134685e-01 8.655485487683057810e-01 8.708876882727031310e-01 8.784055008930161668e-01 8.861629999264046820e-01 8.955895690407231768e-01 9.009580656367903728e-01 9.070314443356742862e-01 9.111368885944663987e-01 7.494815232301881291e-01 7.533749372050709825e-01 7.839441738152638228e-01 7.837976786536415830e-01 7.828926914644783741e-01 7.832971772035638436e-01 7.839026552249644952e-01 7.835489197631374525e-01 7.834922042458356550e-01 7.835916346703460933e-01 7.826136763459176082e-01 7.837619282329230108e-01 7.831683656061402266e-01 7.831599923815029118e-01 7.816892959697810950e-01 7.824977197043745392e-01 7.827422272527326808e-01 7.818136781865708818e-01 7.823564569950252068e-01 7.823442577782140361e-01 7.838029053212166586e-01 7.827140982134278557e-01 7.803372593315852646e-01 7.818549593612907911e-01 7.812251658791535824e-01 7.819920997674830732e-01 7.819117532750070598e-01 7.816610358532903868e-01 7.819812289244851833e-01 7.797566119849171917e-01 7.799400287563114098e-01 7.807089781501351800e-01 7.815362951796864799e-01 7.809172281034505447e-01 7.810142728383363542e-01 7.789916776426499823e-01 7.809074705155069074e-01 7.793753813854502610e-01 7.816384761704571194e-01 7.823795617269748703e-01 7.809643872703287970e-01 7.822451480312213601e-01 7.815306507846588868e-01 7.832325831405050343e-01 7.830223632441066783e-01 7.837757261911260098e-01 7.776224772722302170e-01 7.839009954575388850e-01 7.859567644635335748e-01 7.813880227867683326e-01 7.803807571263444709e-01 7.899778497211883410e-01 7.828765394105796638e-01 7.929468438367756056e-01 7.910671070016741524e-01 7.947675855660132349e-01 7.981515613291308986e-01 8.018146308013288648e-01 8.038252025235284037e-01 8.095833588565508609e-01 8.125943657459362424e-01 8.211927872738262746e-01 8.304415102604673082e-01 8.456277669356904170e-01 8.692490599320243927e-01 8.887087990887168054e-01 9.233437118380036779e-01 9.652490747610730226e-01 9.139894515948668863e-01 5.610306981038892804e-01 5.700523594673728711e-01 7.354117199885922274e-01 8.538216304097108189e-01 8.899332112792776028e-01 8.704492517174311494e-01 8.872348413704941317e-01 9.223713410354360542e-01 9.640820231782429861e-01 8.382419439786003013e-01 6.346956492328951205e-01 8.843185977833936118e-01 9.668230932765909946e-01 6.077264339024780471e-01 7.165881758368917165e-01
8.724568215241056413e-01 8.740018808684340001e-01 8.758258194672777774e-01 8.801668052580734480e-01 8.841892732316510850e-01 8.735341587862733848e-01 8.686460870896792752e-01 8.642184521798121910e-01 8.654962071650105226e-01 8.708367827624042823e-01 8.783568584821432879e-01 8.861167009346510026e-01 8.955464727757682653e-01 9.009164926419438446e-01 9.069919498479791509e-01 9.110987000284433979e-01 7.492871049226859093e-01 7.523633064842920604e-01 7.835646334446701999e-01 7.834939269275380536e-01 7.835985135542782309e-01 7.841605979801622439e-01 7.839339736168353667e-01 7.835222114719102571e-01 7.832519036444289817e-01 7.835140551168657819e-01 7.830513163849338598e-01 7.838604398617516900e-01 7.836553174878005956e-01 7.837399706479055705e-01 7.826215363637846201e-01 7.827608420121976440e-01 7.826538446988130504e-01 7.821844643374159523e-01 7.828292049777754169e-01 7.819004697442901719e-01 7.836044936767374569e-01 7.834586168969549513e-01 7.808795370091602406e-01 7.823662645791500392e-01 7.828654974923596743e-01 7.826590506593547047e-01 7.819580003985540095e-01 7.829089093642479513e-01 7.831350512861174895e-01 7.807569523167174896e-01 7.814308481045814103e-01 7.820096093485728872e-01 7.807896726867304960e-01 7.808737898453848025e-01 7.820841958538594652e-01 7.794750986467727794e-01 7.836672653549470180e-01 7.817881389610107368e-01 7.831076356496717850e-01 7.830198190485319065e-01 7.819187665578042346e-01 7.814868705713567953e-01 7.821548517454381955e-01 7.844265695200465238e-01 7.842538367264542121e-01 7.840189782406317143e-01 7.819985562502920207e-01 7.862534372312245390e-01 7.893367355426613718e-01 7.855196566316241524e-01 7.845609925184918731e-01 7.909816465379445605e-01 7.861150036021543608e-01 7.939487451834179588e-01 7.966887238623596712e-01 7.980299098991932016e-01 8.022950168087320533e-01 8.057705676893686109e-01 8.064285287564053606e-01 8.102951495273525984e-01 8.205672564548667225e-01 8.308123374439559949e-01 8.379981157017254434e-01 8.501406047090360740e-01 8.740936752444333768e-01 8.895255301538264048e-01 9.275503407019062285e-01 9.691958806071406807e-01 9.131482260248339200e-01 5.598744436587037576e-01 5.665058434978822444e-01 7.356226340676476072e-01 8.564033574263096860e-01 8.933589226775500158e-01 8.769850185158778455e-01 8.944606136496020543e-01 9.289260117374539272e-01 9.706577026351328463e-01 8.385976607933725013e-01 6.328383479699620784e-01 8.852427208285768012e-01 9.678937273662513441e-01 6.062145387112456429e-01 7.172259635558054791e-01
8.724164658220900925e-01 8.739611825420589009e-01 8.757848862230308562e-01 8.801264131063946117e-01 8.841493452146391707e-01 8.734894666296031396e-01 8.685987974637608966e-01 8.641689469089910425e-01 8.654466662255936305e-01 8.707885260574365072e-01 8.783106653865259128e-01 8.860726538878674896e-01 8.955053827292966950e-01 9.008767865983497991e-01 9.069541469684186952e-01 9.110620469707493285e-01 7.496197436230029876e-01 7.520657061228225304e-01 7.837162894870006724e-01 7.841520332765774537e-01 7.837837953966227955e-01 7.843295619995093171e-01 7.842051419110059873e-01 7.836732565383670579e-01 7.840009326663942568e-01 7.840275329205060872e-01 7.837772364969436412e-01 7.836580192607723871e-01 7.840052869493459031e-01 7.839085712923831162e-01 7.837384335934056701e-01 7.827585003478337855e-01 7.826038809229394211e-01 7.829388040845267627e-01 7.831719511660424349e-01 7.816632847239624038e-01 7.833713922331879687e-01 7.827833679044009507e-01 7.820536807922855438e-01 7.822331729307857584e-01 7.827039833389006773e-01 7.840519360310874708e-01 7.816845987281508812e-01 7.832482311023802879e-01 7.835464504020820398e-01 7.824527144135143830e-01 7.828790829020199071e-01 7.833099328061547961e-01 7.823919009930547785e-01 7.814115383079989208e-01 7.816082310649876685e-01 7.805197526171987477e-01 7.842374622505353665e-01 7.833594508346365393e-01 7.821995846237993488e-01 7.826670453185483600e-01 7.819568995348424867e-01 7.814757370004532522e-01 7.816617726716206249e-01 7.843632843591756831e-01 7.841125229361103344e-01 7.866375609974350924e-01 7.850868475723434825e-01 7.868883424987610509e-01 7.872210974409932227e-01 7.864268875286848370e-01 7.874021113050537757e-01 7.908539920199416651e-01 7.916812496990638381e-01 7.959145568074571520e-01 7.984660703930543946e-01 8.019519305537484710e-01 8.055314381597320494e-01 8.073570235011331420e-01 8.122408716584035293e-01 8.151278878248794380e-01 8.271327921812348105e-01 8.357137210158186447e-01 8.432168861851557784e-01 8.573157512028611871e-01 8.759637251868591656e-01 8.959656661165097402e-01 9.333816010081555925e-01 9.705053888105896753e-01 9.135854116336432629e-01 5.587131041389072905e-01 5.630913354025781636e-01 7.357551642084633192e-01 8.588664628619221419e-01 8.964764708684448413e-01 8.840918283905851993e-01 9.014856261621329026e-01 9.357900074223752807e-01 9.756423399325754309e-01 8.388417326448619482e-01 6.310312315588358922e-01 8.860198534362802025e-01 9.688189131763644824e-01 6.047034285025616462e-01 7.176766903504835371e-01
8.723785277584586995e-01 8.739228932965630303e-01 8.757463450144327144e-01 8.800883455708200520e-01 8.841116798745566330e-01 8.734473203860840806e-01 8.685541847312572283e-01 8.641222136287608491e-01 8.653998421500822547e-01 8.707428497083883334e-01 8.782668707141974007e-01 8.860308246045208724e-01 8.954662833724096327e-01 9.008389448016307366e-01 9.069180478356780872e-01 9.110269765947879295e-01 7.496355454110636973e-01 7.532496208358784306e-01 7.841522456525519269e-01 7.846671067450997628e-01 7.840264865415597084e-01 7.840000656923089561e-01 7.846865032845631305e-01 7.839790298687213665e-01 7.843247910252603150e-01 7.841482993286298386e-01 7.840895855691266680e-01 7.838376275977678720e-01 7.839532267973082780e-01 7.838456489175208430e-01 7.841876746504475859e-01 7.824282393174102346e-01 7.831414454178153850e-01 7.836969649936542659e-01 7.828634629531567857e-01 7.828628921887004211e-01 7.833309626949985782e-01 7.830044047153397191e-01 7.835820959163923849e-01 7.825425763621087771e-01 7.829538570972234268e-01 7.846962481511337018e-01 7.819902852724890385e-01 7.832158598435065011e-01 7.837280538331841129e-01 7.836288490003811003e-01 7.839557834339018205e-01 7.840265944223172578e-01 7.832272908565962588e-01 7.816512526294263630e-01 7.825791740448665434e-01 7.834054049861928215e-01 7.832751019164135853e-01 7.838619804110313893e-01 7.830343639077440576e-01 7.835658177687556680e-01 7.826497954565723170e-01 7.845683808572112561e-01 7.831214288992328632e-01 7.839233751260306082e-01 7.840171842699703575e-01 7.884630613050352954e-01 7.854796274028411629e-01 7.882663871802025879e-01 7.861687013186252626e-01 7.889108673415575756e-01 7.904706046262589547e-01 7.936148955997985865e-01 7.968603656332866603e-01 7.999337047253425315e-01 7.992053654110093941e-01 8.033754168629450021e-01 8.080496870337706694e-01 8.103927059033642077e-01 8.149400815774183737e-01 8.223169666770671071e-01 8.299610884476321671e-01 8.384860193720187205e-01 8.502192404655801727e-01 8.633178585330182342e-01 8.810689407212398683e-01 9.028646055219032851e-01 9.406085380735629276e-01 9.716297552543693428e-01 9.138339084283826352e-01 5.575577157479305601e-01 5.598513424665039206e-01 7.358218983778417321e-01 8.605552014553868867e-01 8.990258987651028599e-01 8.929943609832005080e-01 9.093989297462822252e-01 9.426166190879734508e-01 9.792172105785450498e-01 8.389885197354796098e-01 6.292858949718702632e-01 8.866703914200374514e-01 9.696215990380475658e-01 6.032023051577793948e-01 7.179710385267390471e-01
8.723428826910590850e-01 8.738868923520837217e-01 8.757100796298075140e-01 8.800524942936091000e-01 8.840761763459501488e-01 8.734076041854141881e-01 8.685121287174000226e-01 8.640781311185670166e-01 8.653556231475214577e-01 8.706996563060749317e-01 8.782253939310786794e-01 8.859911487331820767e-01 8.954291288436836416e-01 9.008029336043322788e-01 9.068836331809251305e-01 9.109934864901401141e-01 7.494569250765944490e-01 7.536415219068907101e-01 7.844520830071811668e-01 7.847322427358576213e-01 7.841424244413580658e-01 7.839384799611480714e-01 7.847528833265593473e-01 7.840307027472266377e-01 7.844099403321144193e-01 7.840662153064631434e-01 7.843092734704723012e-01 7.841285029469239332e-01 7.838796234331433244e-01 7.838738772929592091e-01 7.841115742800119914e-01 7.831866123450326178e-01 7.834276951094596431e-01 7.842497717810855695e-01 7.830097295119127221e-01 7.839197858450958067e-01 7.839567385587860038e-01 7.839761658130728339e-01 7.841936156695109572e-01 7.829307919091543777e-01 7.837992381778580153e-01 7.847371479100181402e-01 7.826371709827255607e-01 7.832685378286656785e-01 7.841862459143091879e-01 7.833883509670035439e-01 7.847566150884854874e-01 7.839422621882397024e-01 7.836055771041184892e-01 7.825042944718932914e-01 7.839246684496403716e-01 7.850428241058045042e-01 7.835222939711629087e-01 7.843329240573700956e-01 7.853373807920913663e-01 7.841940653467179834e-01 7.830544335244612464e-01 7.868384143850490897e-01 7.855846011502403137e-01 7.838454154165412913e-01 7.858707554601851442e-01 7.888784052230752852e-01 7.869423174853429348e-01 7.901664501816759723e-01 7.881816058783416290e-01 7.922939784026300503e-01 7.923104000479264108e-01 7.963428393009136519e-01 7.978616210114907181e-01 8.019526651550993313e-01 8.027238805724027371e-01 8.047892406096366358e-01 8.104578798802207773e-01 8.121743404376063902e-01 8.165222664537262753e-01 8.259757323695808839e-01 8.331259426898073306e-01 8.439161948962141668e-01 8.568992989520971548e-01 8.692403489129221228e-01 8.887545140247756770e-01 9.102281805609243603e-01 9.461934340384198228e-01 9.753926600625965060e-01 9.136483622099824675e-01 5.564168734683645479e-01 5.568231538380464807e-01 7.358337127113075971e-01 8.613674991434422390e-01 9.007129861520790648e-01 9.006752628851648623e-01 9.160838509673793206e-01 9.475053800878884269e-01 9.820803747564242903e-01 8.390527437583755743e-01 6.276082072371671483e-01 8.872121312545678817e-01 9.703194033308957245e-01 6.017183934594907413e-01 7.181351510318659814e-01
