7.628008150000000345e-18 7.659746240000000417e-18 6.401901899999999959e-18 5.012923379999999622e-18 3.865057250000000019e-18 2.990396260000000073e-18 2.338191439999999826e-18 1.851837780000000145e-18 1.486017769999999996e-18 1.207566029999999920e-18 9.928748149999999706e-19 8.252186949999999870e-19 6.926860080000000040e-19 5.867119710000000212e-19 5.010674479999999809e-19 4.311670929999999773e-19 3.735949860000000176e-19 3.257765279999999881e-19 2.857496980000000063e-19 2.520033909999999800e-19 2.233622880000000141e-19 1.989037210000000099e-19 1.778969780000000062e-19 1.597586259999999884e-19 1.440193050000000109e-19 1.302986530000000061e-19 1.182864139999999895e-19 1.077279249999999960e-19 9.841296680000000471e-20 9.016708119999999455e-20 8.284485250000000510e-20 7.632457549999999601e-20 7.050411909999999497e-20 6.529761819999999550e-20 6.063293989999999891e-20 5.644960969999999837e-20 5.269731809999999779e-20 4.933472869999999989e-20 4.632861870000000099e-20 4.365329679999999882e-20 4.129027449999999748e-20 3.922808089999999785e-20 3.746230879999999939e-20 3.599579829999999854e-20 3.483893449999999986e-20 3.401005759999999846e-20 3.353601850000000246e-20 3.345279629999999902e-20 3.380611549999999762e-20 3.465223079999999700e-20 3.605869639999999913e-20 3.810517030000000187e-20 4.088417729999999909e-20 4.450198739999999753e-20 4.907939809999999992e-20 5.475258399999999679e-20 6.167372050000000025e-20 7.001184330000000106e-20 7.995346209999999474e-20 9.170322020000000291e-20 1.054844429999999950e-19 1.215396120000000070e-19 1.401308709999999895e-19 1.615403219999999994e-19 1.860704270000000055e-19 2.140441760000000006e-19 2.458051720000000052e-19 2.817178900000000229e-19 3.221675650000000222e-19 3.675602379999999857e-19 4.183226319999999986e-19 4.749018640000000097e-19 5.377654710000000097e-19 6.074009990000000043e-19 6.843155609999999602e-19 7.690358640000000117e-19 8.621074349999999798e-19 9.640944099999999794e-19 1.075578809999999953e-18 1.197160610000000010e-18 1.329456779999999912e-18 1.473100620000000025e-18 1.628741990000000070e-18 1.797045739999999878e-18 1.978692329999999910e-18 2.174376179999999827e-18 2.384805550000000039e-18 2.610702780000000151e-18 2.852802000000000129e-18 3.111850569999999861e-18 3.388606799999999819e-18 3.683840999999999625e-18 3.998332999999999816e-18 4.332874619999999804e-18 4.688265320000000311e-18 5.065315339999999940e-18 5.464843159999999925e-18 5.887675139999999720e-18 6.334645910000000302e-18 6.806597119999999777e-18
1.081335079999999978e-17 1.085771579999999946e-17 9.074613030000000480e-18 7.105726309999999859e-18 5.478638049999999635e-18 4.238820459999999812e-18 3.314333010000000107e-18 2.624936910000000084e-18 2.106395160000000075e-18 1.711696110000000048e-18 1.407376670000000041e-18 1.169728310000000000e-18 9.818666960000000762e-19 8.316514199999999968e-19 7.102528429999999735e-19 6.111713389999999654e-19 5.295649569999999853e-19 4.617842790000000245e-19 4.050481670000000026e-19 3.572146910000000166e-19 3.166179070000000076e-19 2.819499400000000216e-19 2.521750050000000096e-19 2.264662060000000227e-19 2.041581660000000037e-19 1.847118090000000047e-19 1.676873590000000039e-19 1.527238689999999910e-19 1.395233459999999888e-19 1.278385539999999908e-19 1.174633819999999917e-19 1.082253450000000044e-19 9.997969859999999443e-20 9.260476300000000197e-20 8.599831060000000148e-20 8.007466989999999855e-20 7.476254190000000276e-20 7.000338399999999454e-20 6.575013119999999878e-20 6.196641319999999751e-20 5.862607690000000465e-20 5.571289549999999812e-20 5.322069719999999699e-20 5.115356959999999945e-20 4.952629529999999789e-20 4.836495959999999813e-20 4.770771940000000209e-20 4.760567570000000000e-20 4.812376539999999975e-20 4.934186309999999997e-20 5.135587990000000165e-20 5.427890679999999886e-20 5.824230390000000203e-20 6.339691870000000129e-20 6.991424889999999458e-20 7.798758340000000068e-20 8.783296489999999412e-20 9.969033399999999433e-20 1.138244599999999960e-19 1.305258690000000110e-19 1.501115810000000108e-19 1.729258289999999917e-19 1.993407689999999995e-19 2.297569110000000035e-19 2.646036779999999843e-19 3.043395740000000087e-19 3.494524789999999860e-19 4.004598740000000199e-19 4.579087310000000118e-19 5.223755689999999829e-19 5.944662720000000265e-19 6.748157529999999648e-19 7.640879279999999887e-19 8.629749409999999578e-19 9.721971609999999923e-19 1.092502309999999923e-18 1.224665299999999954e-18 1.369486940000000005e-18 1.527794319999999967e-18 1.700439009999999934e-18 1.888297410000000114e-18 2.092269189999999925e-18 2.313276959999999979e-18 2.552265370000000097e-18 2.810200339999999903e-18 3.088068710000000068e-18 3.386876339999999853e-18 3.707648909999999643e-18 4.051430139999999828e-18 4.419280250000000062e-18 4.812277479999999847e-18 5.231514949999999647e-18 5.678101909999999892e-18 6.153161239999999893e-18 6.657830340000000129e-18 7.193259390000000293e-18 7.760610159999999613e-18 8.361058090000000368e-18 8.995788509999999650e-18 9.665995889999999368e-18
1.532907450000000047e-17 1.539090790000000058e-17 1.286316810000000010e-17 1.007224659999999951e-17 7.765860280000000601e-18 6.008437310000000336e-18 4.697992969999999865e-18 3.720788260000000108e-18 2.985766319999999830e-18 2.426289479999999906e-18 1.994923889999999994e-18 1.658063379999999972e-18 1.391774599999999941e-18 1.178848799999999941e-18 1.006770210000000057e-18 8.663257459999999976e-19 7.506520850000000184e-19 6.545762459999999943e-19 5.741560409999999631e-19 5.063554580000000284e-19 4.488130010000000094e-19 3.996748789999999808e-19 3.574729260000000182e-19 3.210350000000000216e-19 2.894180890000000188e-19 2.618580330000000049e-19 2.377315269999999894e-19 2.165269330000000048e-19 1.978219619999999910e-19 1.812661880000000059e-19 1.665674730000000057e-19 1.534814110000000025e-19 1.418028740000000025e-19 1.313594349999999981e-19 1.220062320000000029e-19 1.136219039999999970e-19 1.061054619999999945e-19 9.937398270000000085e-20 9.336082550000000426e-20 8.801453099999999742e-20 8.329809580000000107e-20 7.918865609999999953e-20 7.567753929999999600e-20 7.277067160000000510e-20 7.048915880000000481e-20 6.887012079999999475e-20 6.796782830000000167e-20 6.785490520000000440e-20 6.862362739999999594e-20 7.038748019999999890e-20 7.328269639999999578e-20 7.746991689999999477e-20 8.313569700000000363e-20 9.049429569999999804e-20 9.978925320000000092e-20 1.112950829999999953e-19 1.253186120000000092e-19 1.422005930000000048e-19 1.623170439999999968e-19 1.860805599999999991e-19 2.139414119999999954e-19 2.463884629999999786e-19 2.839502960000000132e-19 3.271957630000000023e-19 3.767347570000000168e-19 4.332185780000000118e-19 4.973402240000000030e-19 5.698346429999999991e-19 6.514789200000000412e-19 7.430919649999999839e-19 8.455344579999999705e-19 9.597084920000000476e-19 1.086557050000000071e-18 1.227063610000000019e-18 1.382251479999999977e-18 1.553183280000000083e-18 1.740959590000000095e-18 1.946718910000000031e-18 2.171635519999999839e-18 2.416920210000000022e-18 2.683817899999999969e-18 2.973607180000000055e-18 3.287599150000000085e-18 3.627136110000000196e-18 3.993590770000000127e-18 4.388365199999999893e-18 4.812889600000000167e-18 5.268621449999999920e-18 5.757043060000000160e-18 6.279662800000000084e-18 6.838011779999999834e-18 7.433644690000000273e-18 8.068137719999999475e-18 8.743086490000000648e-18 9.460107320000000130e-18 1.022083559999999960e-17 1.102692389999999966e-17 1.188003990000000004e-17 1.278186939999999960e-17 1.373411229999999998e-17
2.173095120000000102e-17 2.181684230000000011e-17 1.823344130000000008e-17 1.427725480000000140e-17 1.100796160000000023e-17 8.516836049999999590e-18 6.659303129999999838e-18 5.274134190000000058e-18 4.232256369999999789e-18 3.439210609999999955e-18 2.827760139999999929e-18 2.350269099999999875e-18 1.972812109999999845e-18 1.670996340000000052e-18 1.427080940000000032e-18 1.228006589999999986e-18 1.064044610000000032e-18 9.278626589999999986e-19 8.138727760000000087e-19 7.177714489999999530e-19 6.362114919999999770e-19 5.665651600000000037e-19 5.067514710000000375e-19 4.551090339999999889e-19 4.103012040000000093e-19 3.712448889999999931e-19 3.370566349999999941e-19 3.070113159999999977e-19 2.805104390000000202e-19 2.570573099999999843e-19 2.362380269999999923e-19 2.177061820000000121e-19 2.011711389999999961e-19 1.863885820000000011e-19 1.731533300000000097e-19 1.612934339999999891e-19 1.506659080000000040e-19 1.411533179999999926e-19 1.326613910000000086e-19 1.251173230000000077e-19 1.184688459999999942e-19 1.126837390000000118e-19 1.077499419999999987e-19 1.036760779999999991e-19 1.004923309999999980e-19 9.825162140000000137e-20 9.703120679999999670e-20 9.693440729999999517e-20 9.809245369999999442e-20 1.006666850000000016e-19 1.048507450000000052e-19 1.108729629999999898e-19 1.189984479999999920e-19 1.295316759999999996e-19 1.428187429999999945e-19 1.592497160000000046e-19 1.792605850000000109e-19 2.033355479999999946e-19 2.320089370000000028e-19 2.658670419999999854e-19 3.055496359999999855e-19 3.517515239999999951e-19 4.052237880000000036e-19 4.667748140000000041e-19 5.372714369999999895e-19 6.176392200000000425e-19 7.088630760000000451e-19 8.119876310000000352e-19 9.281172229999999870e-19 1.058416060000000071e-18 1.204107380000000013e-18 1.366473520000000009e-18 1.546854939999999946e-18 1.746649770000000151e-18 1.967313019999999900e-18 2.210354810000000038e-18 2.477340379999999977e-18 2.769888110000000179e-18 3.089667860000000074e-18 3.438401209999999972e-18 3.817857910000000256e-18 4.229856719999999615e-18 4.676261280000000006e-18 5.158980720000000157e-18 5.679967609999999810e-18 6.241215860000000278e-18 6.844758269999999712e-18 7.492668160000000150e-18 8.187054850000000688e-18 8.930061570000000248e-18 9.723868750000000546e-18 1.057068499999999992e-17 1.147275189999999944e-17 1.243234179999999995e-17 1.345175170000000018e-17 1.453330860000000120e-17 1.567936069999999925e-17 1.689228209999999904e-17 1.817447160000000109e-17 1.952834629999999990e-17
3.080696879999999991e-17 3.092583799999999911e-17 2.584581249999999931e-17 2.023781240000000069e-17 1.560359099999999893e-17 1.207244629999999938e-17 9.439422850000000494e-18 7.475970699999999946e-18 5.999130699999999722e-18 4.875005900000000377e-18 4.008289770000000236e-18 3.331458540000000117e-18 2.796424469999999937e-18 2.368610799999999827e-18 2.022870190000000022e-18 1.740691580000000079e-18 1.508284950000000084e-18 1.315256780000000018e-18 1.153686379999999925e-18 1.017473929999999979e-18 9.018747119999999211e-19 8.031643019999999856e-19 7.183930750000000357e-19 6.452061509999999743e-19 5.817089240000000392e-19 5.263664050000000412e-19 4.779264500000000251e-19 4.353613900000000155e-19 3.978230029999999890e-19 3.646075399999999989e-19 3.351283739999999893e-19 3.088947540000000230e-19 2.854948740000000119e-19 2.645826889999999915e-19 2.458675719999999911e-19 2.291060749999999791e-19 2.140957069999999942e-19 2.006703590000000098e-19 1.886966479999999923e-19 1.780717069999999952e-19 1.687218129999999969e-19 1.606016649999999947e-19 1.536945779999999941e-19 1.480132560000000045e-19 1.436009580000000050e-19 1.405333199999999928e-19 1.389204469999999963e-19 1.389095390000000007e-19 1.406873959999999953e-19 1.444836250000000078e-19 1.505737290000000053e-19 1.592824929999999909e-19 1.709869959999999976e-19 1.861202520000000060e-19 2.051744219999999951e-19 2.287042469999999950e-19 2.573296329999999786e-19 2.917392089999999978e-19 3.326926890000000185e-19 3.810238440000000037e-19 4.376424949999999985e-19 5.035366849999999882e-19 5.797744589999999574e-19 6.675055449999999966e-19 7.679627009999999753e-19 8.824623340000000367e-19 1.012405270000000006e-18 1.159277400000000042e-18 1.324649619999999966e-18 1.510177649999999917e-18 1.717601969999999952e-18 1.948746529999999957e-18 2.205518699999999820e-18 2.489907529999999985e-18 2.803982630000000015e-18 3.149893429999999813e-18 3.529866710000000111e-18 3.946205319999999963e-18 4.401286180000000021e-18 4.897558150000000364e-18 5.437540410000000265e-18 6.023821219999999850e-18 6.659053740000000223e-18 7.345954449999999712e-18 8.087302659999999387e-18 8.885935620000000417e-18 9.744748439999999573e-18 1.066669169999999999e-17 1.165476799999999924e-17 1.271202890000000068e-17 1.384157629999999946e-17 1.504655600000000118e-17 1.633016160000000108e-17 1.769562340000000125e-17 1.914621530000000071e-17 2.068524600000000057e-17 2.231606400000000008e-17 2.404204749999999957e-17 2.586660779999999905e-17 2.779318919999999941e-17
4.367433559999999805e-17 4.383822660000000047e-17 3.663638190000000088e-17 2.868685189999999785e-17 2.211783019999999956e-17 1.711246439999999962e-17 1.338019070000000072e-17 1.059703229999999941e-17 8.503640860000000009e-18 6.910218859999999645e-18 5.681669950000000161e-18 4.722280650000000027e-18 3.963886719999999635e-18 3.357476890000000188e-18 2.867405259999999878e-18 2.467432819999999845e-18 2.138012899999999890e-18 1.864413200000000137e-18 1.635406169999999949e-18 1.442345940000000004e-18 1.278507209999999969e-18 1.138610909999999932e-18 1.018476159999999910e-18 9.147653909999999455e-19 8.247934209999999947e-19 7.463846089999999745e-19 6.777644450000000075e-19 6.174766269999999950e-19 5.643191060000000198e-19 5.172947150000000047e-19 4.755723449999999539e-19 4.384567509999999726e-19 4.053646929999999843e-19 3.758060399999999955e-19 3.493693220000000208e-19 3.257099139999999763e-19 3.045413800000000127e-19 2.856287739999999996e-19 2.687836289999999821e-19 2.538607739999999812e-19 2.407563719999999835e-19 2.294069880000000194e-19 2.197897469999999894e-19 2.119235950000000041e-19 2.058708180000000009e-19 2.017397099999999951e-19 1.996875909999999964e-19 1.999244619999999958e-19 2.027166359999999960e-19 2.083912760000000058e-19 2.173408270000000106e-19 2.300278129999999935e-19 2.469890739999999860e-19 2.688411180000000190e-19 2.962845409999999834e-19 3.301089380000000126e-19 3.711967310000000067e-19 4.205280250000000084e-19 4.791841779999999689e-19 5.483519869999999733e-19 6.293264549999999874e-19 7.235138400000000171e-19 8.324346570000000463e-19 9.577254300000000076e-19 1.101141070000000053e-18 1.264555669999999967e-18 1.449963549999999910e-18 1.659480229999999958e-18 1.895342310000000113e-18 2.159907549999999974e-18 2.455653979999999916e-18 2.785179369999999935e-18 3.151199759999999851e-18 3.556547830000000350e-18 4.004171659999999632e-18 4.497132840000000075e-18 5.038602779999999766e-18 5.631861679999999872e-18 6.280296009999999923e-18 6.987394810000000236e-18 7.756747230000000372e-18 8.592039169999999269e-18 9.497052520000000725e-18 1.047565849999999989e-17 1.153181590000000001e-17 1.266956980000000070e-17 1.389304430000000128e-17 1.520644500000000059e-17 1.661404829999999895e-17 1.812020859999999865e-17 1.972934289999999887e-17 2.144593789999999878e-17 2.327453969999999972e-17 2.521975910000000082e-17 2.728625819999999916e-17 2.947875500000000258e-17 3.180202410000000021e-17 3.426087469999999789e-17 3.686017729999999757e-17 3.960483529999999701e-17
6.191695040000000560e-17 6.214210900000000486e-17 5.193207310000000245e-17 4.066330559999999998e-17 3.135168049999999732e-17 2.425660660000000035e-17 1.896615790000000011e-17 1.502107710000000022e-17 1.205373629999999988e-17 9.795097269999999556e-18 8.053661230000000024e-18 6.693755210000000115e-18 5.618759139999999664e-18 4.759199370000000236e-18 4.064549220000000004e-18 3.497616589999999960e-18 3.030693600000000102e-18 2.642898509999999861e-18 2.318317179999999900e-18 2.044694309999999810e-18 1.812497690000000027e-18 1.614244830000000024e-18 1.444009920000000046e-18 1.297062629999999909e-18 1.169597399999999961e-18 1.058530930000000091e-18 9.613484809999999179e-19 8.759866470000000025e-19 8.007420589999999810e-19 7.342021509999999705e-19 6.751895869999999631e-19 6.227197109999999530e-19 5.759665329999999752e-19 5.342363560000000363e-19 4.969467960000000300e-19 4.636103320000000057e-19 4.338220069999999998e-19 4.072498889999999992e-19 3.836279890000000174e-19 3.627518120000000217e-19 3.444755399999999796e-19 3.287106409999999980e-19 3.154263790000000146e-19 3.046512660000000208e-19 2.964755680000000156e-19 2.910548719999999782e-19 2.886145340000000099e-19 2.894548459999999871e-19 2.939562079999999777e-19 3.025855630000000148e-19 3.159028870000000216e-19 3.345677000000000193e-19 3.593455589999999894e-19 3.911152919999999904e-19 4.308755380000000007e-19 4.797516749999999806e-19 5.390013300000000110e-19 6.100212479999999997e-19 6.943525700000000003e-19 7.936865190000000422e-19 9.098685850000000409e-19 1.044903130000000076e-18 1.200956960000000069e-18 1.380362820000000051e-18 1.585621789999999969e-18 1.819405060000000082e-18 2.084555729999999935e-18 2.384089619999999816e-18 2.721195090000000089e-18 3.099233580000000118e-18 3.521738830000000122e-18 3.992414110000000048e-18 4.515133110000000325e-18 5.093935379999999727e-18 5.733025459999999790e-18 6.436769219999999850e-18 7.209691330000000143e-18 8.056470330000000373e-18 8.981937369999999283e-18 9.991069599999999834e-18 1.108898729999999997e-17 1.228095199999999992e-17 1.357235629999999990e-17 1.496872649999999971e-17 1.647571229999999932e-17 1.809908400000000112e-17 1.984472959999999952e-17 2.171864939999999866e-17 2.372695130000000067e-17 2.587584239999999872e-17 2.817163420000000156e-17 3.062073069999999819e-17 3.322961869999999947e-17 3.600487909999999694e-17 3.895316920000000217e-17 4.208122879999999958e-17 4.539586060000000091e-17 4.890394349999999709e-17 5.261242250000000113e-17 5.652829880000000262e-17
8.778005590000000128e-17 8.808862730000000173e-17 7.361378059999999875e-17 5.763982440000000582e-17 4.444052990000000204e-17 3.438331059999999860e-17 2.688416569999999900e-17 2.129208060000000081e-17 1.708593499999999921e-17 1.388436719999999985e-17 1.141592960000000012e-17 9.488308389999999982e-18 7.964544919999999994e-18 6.746164130000000288e-18 5.761544580000000219e-18 4.957967979999999789e-18 4.296160209999999739e-18 3.746522270000000138e-18 3.286497550000000079e-18 2.898714870000000143e-18 2.569663870000000059e-18 2.288738859999999874e-18 2.047542090000000135e-18 1.839368849999999888e-18 1.658826139999999967e-18 1.501545089999999996e-18 1.363962199999999948e-18 1.243153919999999919e-18 1.136707459999999955e-18 1.042621869999999915e-18 9.592299679999999551e-19 8.851376430000000461e-19 8.191757789999999574e-19 7.603628759999999650e-19 7.078752670000000315e-19 6.610239120000000294e-19 6.192368670000000248e-19 5.820458449999999598e-19 5.490760799999999619e-19 5.200402309999999843e-19 4.947342949999999654e-19 4.730356929999999707e-19 4.549038419999999848e-19 4.403827379999999886e-19 4.296039800000000158e-19 4.227922249999999975e-19 4.202714180000000174e-19 4.224722620000000223e-19 4.299394539999999941e-19 4.433410979999999707e-19 4.634777759999999946e-19 4.912919819999999843e-19 5.278773020000000035e-19 5.744888780000000292e-19 6.325525620000000419e-19 7.036752059999999635e-19 7.896520490000000434e-19 8.924769060000000664e-19 1.014349660000000096e-18 1.157684450000000052e-18 1.325115630000000002e-18 1.519504009999999941e-18 1.743943019999999987e-18 2.001762610000000129e-18 2.296533380000000088e-18 2.632069059999999859e-18 3.012429039999999885e-18 3.441919210000000064e-18 3.925093189999999749e-18 4.466750489999999616e-18 5.071938580000000284e-18 5.745947259999999918e-18 6.494309140000000370e-18 7.322795039999999725e-18 8.237411129999999884e-18 9.244395990000000423e-18 1.035021490000000056e-17 1.156155310000000042e-17 1.288531329999999982e-17 1.432861119999999947e-17 1.589876539999999919e-17 1.760329349999999871e-17 1.944990799999999920e-17 2.144650529999999943e-17 2.360116520000000138e-17 2.592213640000000117e-17 2.841783960000000028e-17 3.109685590000000079e-17 3.396791380000000093e-17 3.703989709999999843e-17 4.032182550000000283e-17 4.382285760000000158e-17 4.755227410000000158e-17 5.151948529999999701e-17 5.573401349999999513e-17 6.020550050000000269e-17 6.494367040000000146e-17 6.995836360000000260e-17 7.525951930000000046e-17 8.085714310000000503e-17
1.244458030000000070e-16 1.248686040000000055e-16 1.043475840000000056e-16 8.170385840000000231e-17 6.299377409999999449e-17 4.873773320000000080e-17 3.810779389999999784e-17 3.018111399999999969e-17 2.421899139999999866e-17 1.968085019999999884e-17 1.618191590000000117e-17 1.344958699999999986e-17 1.128972830000000077e-17 9.562751339999999742e-18 8.167138830000000071e-18 7.028162409999999381e-18 6.090155310000000134e-18 5.311162520000000267e-18 4.659211850000000284e-18 4.109682260000000251e-18 3.643425369999999998e-18 3.245409840000000083e-18 2.903733789999999831e-18 2.608896429999999840e-18 2.353255640000000144e-18 2.130620800000000141e-18 1.935943640000000141e-18 1.765083070000000144e-18 1.614621709999999908e-18 1.481726250000000070e-18 1.364036749999999992e-18 1.259580389999999998e-18 1.166703410000000000e-18 1.084018120000000038e-18 1.010360690000000032e-18 9.447586500000000523e-19 8.864051930000000806e-19 8.346409030000000407e-19 7.889393810000000046e-19 7.488982040000000034e-19 7.142334939999999696e-19 6.847771790000000314e-19 6.604779729999999611e-19 6.414048430000000337e-19 6.277515539999999601e-19 6.198446899999999835e-19 6.181520719999999841e-19 6.232938779999999787e-19 6.360529320000000313e-19 6.573880399999999795e-19 6.884470180000000135e-19 7.305803409999999751e-19 7.853541729999999915e-19 8.545653059999999646e-19 9.402545479999999434e-19 1.044721050000000081e-18 1.170533359999999911e-18 1.320543800000000056e-18 1.497899290000000049e-18 1.706053090000000087e-18 1.948773419999999956e-18 2.230152960000000174e-18 2.554616210000000094e-18 2.926927110000000026e-18 3.352193890000000091e-18 3.835873069999999816e-18 4.383772700000000124e-18 5.002054640000000358e-18 5.697234179999999868e-18 6.476181890000000265e-18 7.346120710000000482e-18 8.314623480000000732e-18 9.389610030000000654e-18 1.057934220000000075e-17 1.189242119999999980e-17 1.333778030000000023e-17 1.492467589999999938e-17 1.666268660000000001e-17 1.856169799999999982e-17 2.063190109999999874e-17 2.288378290000000009e-17 2.532811649999999894e-17 2.797594979999999860e-17 3.083859689999999964e-17 3.392763999999999706e-17 3.725490119999999922e-17 4.083244739999999726e-17 4.467257719999999882e-17 4.878780739999999836e-17 5.319086660000000003e-17 5.789468869999999544e-17 6.291239939999999565e-17 6.825731630000000231e-17 7.394291899999999653e-17 7.998286610000000609e-17 8.639096819999999687e-17 9.318118789999999616e-17 1.003676209999999964e-16 1.079645140000000014e-16 1.159862330000000100e-16
1.764228549999999940e-16 1.770044089999999919e-16 1.479124000000000081e-16 1.158142060000000044e-16 8.929263830000000166e-17 6.908483439999999820e-17 5.401706119999999878e-17 4.278114600000000022e-17 3.432998070000000024e-17 2.789729810000000008e-17 2.293768530000000015e-17 1.906473470000000011e-17 1.600326640000000150e-17 1.355542059999999995e-17 1.157729760000000011e-17 9.962977720000000095e-18 8.633555369999999344e-18 7.529563729999999412e-18 6.605687770000000196e-18 5.827030809999999990e-18 5.166454300000000019e-18 4.602656270000000116e-18 4.118770909999999758e-18 3.701334629999999892e-18 3.339520869999999906e-18 3.024559030000000101e-18 2.749299170000000190e-18 2.507876370000000187e-18 2.295453079999999929e-18 2.108019129999999921e-18 1.942235380000000157e-18 1.795312179999999808e-18 1.664912329999999951e-18 1.549076129999999951e-18 1.446161419999999915e-18 1.354797460000000040e-18 1.273849149999999919e-18 1.202390570000000047e-18 1.139684799999999939e-18 1.085171210000000053e-18 1.038458050000000008e-18 9.993183460000000136e-19 9.676916119999999411e-19 9.436885879999999550e-19 9.275984779999999195e-19 9.198993909999999831e-19 9.212717870000000287e-19 9.326134669999999740e-19 9.550544630000000448e-19 9.899767879999999919e-19 1.039032220000000020e-18 1.104162869999999948e-18 1.187619079999999974e-18 1.291981459999999988e-18 1.420179879999999908e-18 1.575513959999999986e-18 1.761669709999999843e-18 1.982738900000000049e-18 2.243236269999999924e-18 2.548115400000000055e-18 2.902781289999999913e-18 3.313104230000000189e-18 3.785431600000000346e-18 4.326596729999999652e-18 4.943928240000000128e-18 5.645254150000000272e-18 6.438907890000000105e-18 7.333730369999999406e-18 8.339072449999999915e-18 9.464794130000000590e-18 1.072126250000000069e-17 1.211934909999999951e-17 1.367042359999999980e-17 1.538634850000000129e-17 1.727947540000000115e-17 1.936263219999999956e-17 2.164911660000000068e-17 2.415268460000000042e-17 2.688754219999999999e-17 2.986832719999999842e-17 3.311011419999999779e-17 3.662837480000000207e-17 4.043899730000000146e-17 4.455824100000000070e-17 4.900275189999999927e-17 5.378953029999999917e-17 5.893591720000000415e-17 6.445959770000000609e-17 7.037857129999999619e-17 7.671114840000000139e-17 8.347591090000000469e-17 9.069175149999999819e-17 9.837780790000000387e-17 1.065534759999999987e-16 1.152383959999999880e-16 1.244524199999999891e-16 1.342156529999999936e-16 1.445483429999999897e-16 1.554709919999999989e-16 1.670042580000000094e-16
2.500965629999999989e-16 2.509049760000000059e-16 2.096642130000000047e-16 1.641646860000000035e-16 1.265705849999999970e-16 9.792633930000000015e-17 7.656807269999999820e-17 6.064143129999999994e-17 4.866214209999999926e-17 3.954403749999999792e-17 3.251400490000000148e-17 2.702432310000000030e-17 2.268493200000000147e-17 1.921537750000000120e-17 1.641169019999999982e-17 1.412373510000000009e-17 1.223967410000000045e-17 1.067522079999999973e-17 9.366148710000000716e-18 8.263000790000000205e-18 7.327316409999999415e-18 6.528909280000000133e-18 5.843881309999999776e-18 5.253158550000000341e-18 4.741402990000000243e-18 4.296194120000000333e-18 3.907407649999999756e-18 3.566740760000000080e-18 3.267348940000000192e-18 3.003559600000000104e-18 2.770652629999999978e-18 2.564686930000000122e-18 2.382363920000000114e-18 2.220919970000000073e-18 2.078042509999999975e-18 1.951804619999999808e-18 1.840613970000000103e-18 1.743175810000000084e-18 1.658464040000000056e-18 1.585703789999999997e-18 1.524360689999999955e-18 1.474135320000000027e-18 1.434966040000000038e-18 1.407035880000000057e-18 1.390782709999999962e-18 1.386915020000000071e-18 1.396430590000000023e-18 1.420638240000000096e-18 1.461180020000000076e-18 1.520058320000000049e-18 1.599662980000000039e-18 1.702799990000000019e-18 1.832717499999999816e-18 1.993137390000000084e-18 2.188283559999999810e-18 2.422910450000000087e-18 2.702327720000000138e-18 3.032428409999999947e-18 3.419713339999999827e-18 3.871314039999999995e-18 4.395012840000000190e-18 4.999260420000000201e-18 5.693195060000000098e-18 6.486653999999999658e-18 7.390189579999999767e-18 8.415072150000000427e-18 9.573301200000000081e-18 1.087761119999999988e-17 1.234146770000000067e-17 1.397907439999999877e-17 1.580536679999999899e-17 1.783600590000000097e-17 2.008737810000000027e-17 2.257657790000000003e-17 2.532140969999999998e-17 2.834036249999999810e-17 3.165261210000000284e-17 3.527798919999999829e-17 3.923698149999999754e-17 4.355070849999999708e-17 4.824090200000000246e-17 5.332989579999999960e-17 5.884059950000000360e-17 6.479648519999999613e-17 7.122156760000000483e-17 7.814037759999999429e-17 8.557795549999999808e-17 9.355982490000000318e-17 1.021119659999999953e-16 1.112608079999999950e-16 1.210332000000000071e-16 1.314563769999999968e-16 1.425580010000000032e-16 1.543660769999999883e-16 1.669089279999999903e-16 1.802152720000000010e-16 1.943140700000000028e-16 2.092346340000000086e-16 2.250064940000000020e-16 2.416594789999999915e-16
3.545050470000000101e-16 3.556514259999999806e-16 2.971937650000000157e-16 2.326993529999999928e-16 1.794106839999999956e-16 1.388082260000000003e-16 1.085334879999999961e-16 8.595796230000000105e-17 6.897775090000000479e-17 5.605322579999999572e-17 4.608854499999999745e-17 3.830733299999999729e-17 3.215669930000000258e-17 2.723911549999999951e-17 2.326547049999999973e-17 2.002296719999999891e-17 1.735308790000000134e-17 1.513637619999999927e-17 1.328180249999999924e-17 1.171928229999999974e-17 1.039431350000000057e-17 9.264125900000000638e-18 8.294860480000000693e-18 7.459500699999999293e-18 6.736326059999999851e-18 6.107750269999999759e-18 5.559444499999999708e-18 5.079662789999999649e-18 4.658726289999999932e-18 4.288619630000000230e-18 3.962677379999999733e-18 3.675340479999999716e-18 3.421961199999999809e-18 3.198650970000000159e-18 3.002163109999999970e-18 2.829797699999999886e-18 2.679331479999999934e-18 2.548964300000000013e-18 2.437279200000000028e-18 2.343217180000000052e-18 2.266062530000000079e-18 2.205435769999999876e-18 2.161297210000000069e-18 2.133957650000000152e-18 2.124093310000000045e-18 2.132768779999999825e-18 2.161463470000000069e-18 2.212104090000000076e-18 2.287095659999999956e-18 2.389362479999999825e-18 2.522384910000000015e-18 2.690243020000000105e-18 2.897653390000000056e-18 3.150015439999999844e-18 3.453450730000000153e-18 3.814847379999999650e-18 4.241893019999999857e-18 4.743117740000000129e-18 5.327929059999999780e-18 6.006645220000000274e-18 6.790524169999999654e-18 7.691790389999999878e-18 8.723662629999999935e-18 9.900372549999999870e-18 1.123718240000000023e-17 1.275039940000000018e-17 1.445738500000000098e-17 1.637656149999999912e-17 1.852741969999999874e-17 2.093051329999999919e-17 2.360746500000000028e-17 2.658094610000000112e-17 2.987468000000000072e-17 3.351342769999999814e-17 3.752296730000000173e-17 4.193009299999999726e-17 4.676257469999999971e-17 5.204915549999999819e-17 5.781952119999999480e-17 6.410428719999999509e-17 7.093494619999999679e-17 7.834389049999999419e-17 8.636433300000000589e-17 9.503030720000000088e-17 1.043766469999999968e-16 1.144389289999999925e-16 1.252534880000000119e-16 1.368573239999999881e-16 1.492881539999999982e-16 1.625842950000000118e-16 1.767847100000000002e-16 1.919289570000000002e-16 2.080571130000000096e-16 2.252098349999999954e-16 2.434282430000000239e-16 2.627539609999999769e-16 2.832290239999999778e-16 3.048959679999999808e-16 3.277976209999999765e-16 3.519772619999999922e-16
5.024318329999999870e-16 5.041086940000000390e-16 4.212580459999999927e-16 3.298425970000000170e-16 2.543087520000000026e-16 1.967565419999999879e-16 1.538433120000000112e-16 1.218434530000000033e-16 9.777477330000000356e-17 7.945499260000000461e-17 6.533077770000000549e-17 5.430168739999999848e-17 4.558402440000000253e-17 3.861433289999999840e-17 3.298283099999999860e-17 2.838790890000000112e-17 2.460489760000000003e-17 2.146449479999999860e-17 1.883770830000000149e-17 1.662521690000000048e-17 1.474980330000000121e-17 1.315087470000000005e-17 1.178047470000000001e-17 1.060034599999999963e-17 9.579739149999999254e-18 8.693769980000000150e-18 7.922169290000000417e-18 7.248335549999999997e-18 6.658595480000000256e-18 6.141637789999999731e-18 5.688066540000000297e-18 5.290055760000000374e-18 4.941074049999999650e-18 4.635668219999999961e-18 4.369298279999999677e-18 4.138201379999999909e-18 3.939293399999999972e-18 3.770094430000000076e-18 3.628670120000000001e-18 3.513598539999999828e-18 3.423949740000000031e-18 3.359274350000000186e-18 3.319611869999999884e-18 3.305505130000000191e-18 3.318023269999999966e-18 3.358793350000000042e-18 3.430042140000000111e-18 3.534640779999999849e-18 3.676151529999999972e-18 3.858885240000000316e-18 4.087958430000000375e-18 4.369352869999999789e-18 4.709973030000000107e-18 5.117710619999999808e-18 5.601504150000000023e-18 6.171401819999999661e-18 6.838611489999999849e-18 7.615564039999999928e-18 8.515961720000000121e-18 9.554831080000000330e-18 1.074856189999999960e-17 1.211495260000000035e-17 1.367324259999999948e-17 1.544414859999999997e-17 1.744988619999999984e-17 1.971419550000000088e-17 2.226235020000000008e-17 2.512117410000000081e-17 2.831904770000000005e-17 3.188590349999999824e-17 3.585323039999999896e-17 4.025406289999999823e-17 4.512295719999999811e-17 5.049599820000000182e-17 5.641075979999999590e-17 6.290629150000000275e-17 7.002308219999999565e-17 7.780304670000000471e-17 8.628946979999999829e-17 9.552701260000000608e-17 1.055616200000000002e-16 1.164405340000000072e-16 1.282122410000000025e-16 1.409263899999999886e-16 1.546338189999999929e-16 1.693864720000000113e-16 1.852373710000000035e-16 2.022405379999999955e-16 2.204510180000000117e-16 2.399247819999999788e-16 2.607187000000000115e-16 2.828905280000000111e-16 3.064987659999999961e-16 3.316027839999999764e-16 3.582625910000000243e-16 3.865389589999999860e-16 4.164932730000000016e-16 4.481875259999999639e-16 4.816843439999999570e-16 5.170468049999999741e-16
7.119425210000000470e-16 7.144981779999999672e-16 5.970996240000000278e-16 4.675333879999999682e-16 3.604712290000000234e-16 2.788949149999999846e-16 2.180679310000000092e-16 1.727099249999999889e-16 1.385940719999999964e-16 1.126271389999999954e-16 9.260744220000000110e-17 7.697518450000000224e-17 6.461957440000000598e-17 5.474196260000000292e-17 4.676155230000000086e-17 4.025087659999999775e-17 3.489152380000000244e-17 3.044357179999999774e-17 2.672423690000000145e-17 2.359280079999999998e-17 2.093987370000000123e-17 1.867963580000000044e-17 1.674418699999999926e-17 1.507937349999999989e-17 1.364169140000000026e-17 1.239595079999999935e-17 1.131351049999999942e-17 1.037093000000000002e-17 9.548923360000000209e-18 8.831558420000000423e-18 8.205622580000000134e-18 7.660130049999999983e-18 7.185937179999999580e-18 6.775434739999999882e-18 6.422310100000000254e-18 6.121360699999999725e-18 5.868350960000000018e-18 5.659908070000000140e-18 5.493441690000000306e-18 5.367095640000000356e-18 5.279718900000000050e-18 5.230855270000000081e-18 5.220750850000000174e-18 5.250380050000000152e-18 5.321477869999999644e-18 5.436588329999999849e-18 5.599122700000000363e-18 5.813429069999999895e-18 6.084858869999999788e-18 6.419850479999999760e-18 6.826014359999999624e-18 7.312221190000000204e-18 7.888683359999999866e-18 8.567051700000000280e-18 9.360505679999999520e-18 1.028384020000000049e-17 1.135354690000000024e-17 1.258789810000000048e-17 1.400702979999999944e-17 1.563301049999999866e-17 1.748990690000000046e-17 1.960384299999999945e-17 2.200306050000000122e-17 2.471796330000000133e-17 2.778115529999999984e-17 3.122747099999999841e-17 3.509401100000000064e-17 3.942014239999999837e-17 4.424752220000000058e-17 4.962009660000000127e-17 5.558410189999999699e-17 6.218804729999999591e-17 6.948268839999999910e-17 7.752102440000000138e-17 8.635825810000000459e-17 9.605176940000000515e-17 1.066610749999999954e-16 1.182477710000000006e-16 1.308754970000000058e-16 1.446099120000000030e-16 1.595185919999999988e-16 1.756709940000000013e-16 1.931384279999999909e-16 2.119939499999999982e-16 2.323123380000000052e-16 2.541700240000000217e-16 2.776449860000000205e-16 3.028167400000000033e-16 3.297662579999999758e-16 3.585758600000000068e-16 3.893292969999999764e-16 4.221114309999999789e-16 4.570084210000000131e-16 4.941075639999999814e-16 5.334970840000000038e-16 5.752664500000000256e-16 6.195058159999999672e-16 6.663064510000000414e-16 7.157602049999999817e-16 7.679599330000000309e-16
1.008542539999999952e-15 1.012621639999999976e-15 8.463146630000000481e-16 6.626906260000000316e-16 5.109458910000000198e-16 3.953197529999999877e-16 3.091025720000000039e-16 2.448111559999999873e-16 1.964547469999999907e-16 1.596492200000000081e-16 1.312739470000000054e-16 1.091180929999999944e-16 9.160728160000000193e-17 7.760956580000000069e-17 6.630178850000000591e-17 5.707812250000000040e-17 4.948736059999999798e-17 4.318952840000000303e-17 3.792565540000000201e-17 3.349640430000000079e-17 2.974685739999999954e-17 2.655550689999999943e-17 2.382625430000000145e-17 2.148249589999999951e-17 1.946272769999999940e-17 1.771723760000000135e-17 1.620560970000000108e-17 1.489480140000000144e-17 1.375767289999999927e-17 1.277184150000000064e-17 1.191878920000000012e-17 1.118316839999999949e-17 1.055224630000000033e-17 1.001547720000000009e-17 9.564166640000000446e-18 9.191200830000000716e-18 8.890853209999999977e-18 8.658632180000000355e-18 8.491169460000000634e-18 8.386155569999999469e-18 8.342299279999999542e-18 8.359314389999999439e-18 8.437935430000000012e-18 8.579953239999999237e-18 8.788268750000000687e-18 9.066962439999999318e-18 9.421381210000000549e-18 9.858242589999999475e-18 1.038573240000000003e-17 1.101362939999999952e-17 1.175343000000000017e-17 1.261848139999999968e-17 1.362409980000000050e-17 1.478771630000000142e-17 1.612900949999999867e-17 1.767003700000000116e-17 1.943534800000000133e-17 2.145212849999999923e-17 2.375030260000000061e-17 2.636264980000000118e-17 2.932490269999999754e-17 3.267582790000000275e-17 3.645733369999999693e-17 4.071451799999999748e-17 4.549574099999999744e-17 5.085267190000000306e-17 5.684033120000000363e-17 6.351711470000000300e-17 7.094480619999999652e-17 7.918859409999999966e-17 8.831707480000000345e-17 9.840221299999999996e-17 1.095193290000000052e-16 1.217470760000000100e-16 1.351673870000000025e-16 1.498654470000000039e-16 1.659296120000000021e-16 1.834513220000000016e-16 2.025251140000000065e-16 2.232484509999999820e-16 2.457217430000000187e-16 2.700481589999999864e-16 2.963336029999999776e-16 3.246866020000000167e-16 3.552182749999999966e-16 3.880421250000000024e-16 4.232739839999999759e-16 4.610320390000000266e-16 5.014364640000000441e-16 5.446096800000000463e-16 5.906758850000000168e-16 6.397611790000000308e-16 6.919934660000000161e-16 7.475022879999999607e-16 8.064187229999999901e-16 8.688752799999999920e-16 9.350058949999999323e-16 1.004945720000000071e-15 1.078831030000000031e-15 1.156799349999999903e-15
1.428205330000000041e-15 1.435005210000000094e-15 1.199497860000000056e-15 9.392887049999999614e-16 7.242237580000000356e-16 5.603405109999999768e-16 4.381375860000000165e-16 3.470112930000000160e-16 2.784715310000000072e-16 2.263046510000000197e-16 1.860877920000000007e-16 1.546874730000000015e-16 1.298723190000000096e-16 1.100380699999999992e-16 9.401814249999999900e-17 8.095402250000000445e-17 7.020635229999999801e-17 6.129346799999999535e-17 5.384853470000000140e-17 4.758925900000000298e-17 4.229631889999999843e-17 3.779776660000000141e-17 3.395768649999999732e-17 3.066780720000000150e-17 2.784127809999999720e-17 2.540797910000000058e-17 2.331098200000000131e-17 2.150382730000000147e-17 1.994843649999999923e-17 1.861349439999999879e-17 1.747318289999999900e-17 1.650619060000000047e-17 1.569493819999999881e-17 1.502496649999999996e-17 1.448445529999999879e-17 1.406386040000000071e-17 1.375561979999999963e-17 1.355395399999999979e-17 1.345470559999999979e-17 1.345525149999999937e-17 1.355445280000000034e-17 1.375263210000000050e-17 1.405160820000000002e-17 1.445475460000000136e-17 1.496707050000000080e-17 1.559529770000000025e-17 1.634804690000000089e-17 1.723595249999999911e-17 1.827182420000000000e-17 1.947083069999999869e-17 2.085068879999999945e-17 2.243185770000000080e-17 2.423772539999999877e-17 2.629482100000000024e-17 2.863301569999999721e-17 3.128572770000000190e-17 3.429008410000000267e-17 3.768714279999999853e-17 4.152204479999999862e-17 4.584419909999999921e-17 5.070742560000000289e-17 5.617008329999999695e-17 6.229523000000000498e-17 6.915069780000000306e-17 7.680921240000000152e-17 8.534845589999999644e-17 9.485113990000000531e-17 1.054050379999999995e-16 1.171030199999999934e-16 1.300430890000000048e-16 1.443283129999999886e-16 1.600668869999999893e-16 1.773720210000000117e-16 1.963619699999999902e-16 2.171598850000000084e-16 2.398938390000000179e-16 2.646966309999999774e-16 2.917057860000000004e-16 3.210634450000000056e-16 3.529161190000000121e-16 3.874147649999999981e-16 4.247145220000000168e-16 4.649746070000000384e-16 5.083581520000000183e-16 5.550322090000000443e-16 6.051672950000000240e-16 6.589375819999999961e-16 7.165205230000000196e-16 7.780968000000000458e-16 8.438501149999999750e-16 9.139669730000000511e-16 9.886367389999999044e-16 1.068051370000000020e-15 1.152404950000000046e-15 1.241894189999999986e-15 1.336717619999999990e-15 1.437075890000000023e-15 1.543171319999999947e-15 1.655208050000000085e-15 1.773391589999999920e-15
2.021619460000000000e-15 2.033344729999999960e-15 1.699987610000000075e-15 1.331297879999999946e-15 1.026508850000000000e-15 7.942371189999999706e-16 6.210334400000000274e-16 4.918747849999999702e-16 3.947299000000000246e-16 3.207928709999999783e-16 2.637953090000000036e-16 2.192963140000000116e-16 1.841335150000000044e-16 1.560333690000000080e-16 1.333427589999999897e-16 1.148451870000000013e-16 9.963485110000000252e-17 8.702949869999999673e-17 7.650963399999999420e-17 6.767564949999999420e-17 6.021720009999999612e-17 5.389113450000000064e-17 4.850540459999999821e-17 4.390717369999999765e-17 3.997399940000000067e-17 3.660718570000000136e-17 3.372676420000000136e-17 3.126764220000000028e-17 2.917664869999999876e-17 2.741021779999999881e-17 2.593262840000000051e-17 2.471457839999999951e-17 2.373209800000000121e-17 2.296567870000000076e-17 2.239960759999999965e-17 2.202143059999999917e-17 2.182157380000000058e-17 2.179303440000000152e-17 2.193117850000000131e-17 2.223361400000000095e-17 2.270013059999999849e-17 2.333267399999999948e-17 2.413540970000000028e-17 2.511480809999999941e-17 2.627977290000000138e-17 2.764180520000000025e-17 2.921520860000000009e-17 3.101731749999999897e-17 3.306873209999999897e-17 3.539360920000000045e-17 3.801992419999999740e-17 4.097979810000000115e-17 4.430975920000000211e-17 4.805108060000000149e-17 5.225007110000000127e-17 5.695841290000000287e-17 6.223338340000000268e-17 6.813822210000000047e-17 7.474233949999999553e-17 8.212162430000000559e-17 9.035864250000000087e-17 9.954285539999999798e-17 1.097708439999999953e-16 1.211464640000000069e-16 1.337809920000000103e-16 1.477932339999999960e-16 1.633096730000000048e-16 1.804644720000000012e-16 1.993995500000000030e-16 2.202646450000000054e-16 2.432172519999999780e-16 2.684225700000000118e-16 2.960535260000000244e-16 3.262906969999999858e-16 3.593221489999999771e-16 3.953433370000000113e-16 4.345570449999999946e-16 4.771730990000000349e-16 5.234084459999999634e-16 5.734865689999999831e-16 6.276378080000000384e-16 6.860986989999999642e-16 7.491119679999999597e-16 8.169263789999999854e-16 8.897963589999999286e-16 9.679817350000000852e-16 1.051747680000000005e-15 1.141364400000000068e-15 1.237106760000000090e-15 1.339253960000000095e-15 1.448089750000000073e-15 1.563901709999999920e-15 1.686981100000000050e-15 1.817622590000000066e-15 1.956124549999999893e-15 2.102787670000000023e-15 2.257915609999999820e-15 2.421815000000000088e-15 2.594793950000000181e-15 2.777162899999999821e-15
2.860150740000000007e-15 2.880790819999999870e-15 2.409168589999999917e-15 1.886849749999999930e-15 1.454935050000000035e-15 1.125750730000000067e-15 8.802696730000000232e-16 6.972110830000000054e-16 5.595275189999999757e-16 4.547398549999999961e-16 3.739648340000000136e-16 3.109090019999999799e-16 2.610907859999999950e-16 2.212884690000000021e-16 1.891596889999999881e-16 1.629810369999999885e-16 1.414694840000000084e-16 1.236588959999999934e-16 1.088139289999999997e-16 9.636919499999999807e-17 8.588589830000000371e-17 7.702055370000000256e-17 6.950215029999999622e-17 6.311534320000000483e-17 5.768790679999999985e-17 5.308136439999999934e-17 4.918384159999999804e-17 4.590461969999999817e-17 4.316993410000000091e-17 4.091973820000000036e-17 3.910515540000000102e-17 3.768650090000000268e-17 3.663172320000000246e-17 3.591519289999999814e-17 3.551674989999999975e-17 3.542095580000000189e-17 3.561656080000000016e-17 3.609608410000000061e-17 3.685553510000000111e-17 3.789423570000000100e-17 3.921476999999999799e-17 4.082295799999999811e-17 4.272795830000000115e-17 4.494242010000000043e-17 4.748269170000000193e-17 5.036907559999999883e-17 5.362615219999999857e-17 5.728313750000000547e-17 6.137426040000000436e-17 6.593916579999999845e-17 7.102340819999999758e-17 7.667887520000000490e-17 8.296423020000000268e-17 8.994544930000000409e-17 9.769625739999999637e-17 1.062986249999999978e-16 1.158431899999999926e-16 1.264297260000000103e-16 1.381675640000000095e-16 1.511760050000000026e-16 1.655846580000000050e-16 1.815337980000000049e-16 1.991746620000000038e-16 2.186697339999999901e-16 2.401929479999999860e-16 2.639299340000000230e-16 2.900780529999999878e-16 3.188466270000000001e-16 3.504569699999999826e-16 3.851423869999999870e-16 4.231481729999999769e-16 4.647315620000000148e-16 5.101616970000000207e-16 5.597194240000000362e-16 6.136971810000000274e-16 6.723986820000000207e-16 7.361390230000000050e-16 8.052440999999999968e-16 8.800503970000000391e-16 9.609047739999999042e-16 1.048164310000000069e-15 1.142195549999999916e-15 1.243374590000000088e-15 1.352086189999999943e-15 1.468724109999999981e-15 1.593689840000000096e-15 1.727393250000000057e-15 1.870251080000000170e-15 2.022687570000000179e-15 2.185132819999999956e-15 2.358023680000000132e-15 2.541802729999999909e-15 2.736917399999999984e-15 2.943820440000000097e-15 3.162969039999999976e-15 3.394824199999999846e-15 3.639850500000000078e-15 3.898516569999999918e-15 4.171292520000000319e-15 4.458652260000000365e-15
4.044213019999999750e-15 4.080838299999999777e-15 3.413981120000000104e-15 2.674138070000000054e-15 2.062122669999999982e-15 1.595613879999999999e-15 1.247707699999999936e-15 9.882657390000000409e-16 7.931348640000000234e-16 6.446326779999999564e-16 5.301709450000000217e-16 4.408313889999999830e-16 3.702636180000000245e-16 3.139028400000000140e-16 2.684305639999999827e-16 2.314057479999999839e-16 2.010115989999999995e-16 1.758805550000000088e-16 1.549723409999999993e-16 1.374876480000000060e-16 1.228067539999999906e-16 1.104451289999999945e-16 1.000211049999999945e-16 9.123201950000000161e-17 8.383650869999999658e-17 7.764113110000000581e-17 7.249031710000000459e-17 6.825861989999999884e-17 6.484477270000000451e-17 6.216710970000000415e-17 6.015994600000000515e-17 5.877080530000000042e-17 5.795820289999999530e-17 5.768993829999999648e-17 5.794177179999999830e-17 5.869636569999999987e-17 5.994255630000000296e-17 6.167477839999999486e-17 6.389267460000000492e-17 6.660091020000000030e-17 6.980911370000000514e-17 7.353186319999999507e-17 7.778889199999999526e-17 8.260536619999999543e-17 8.801219580000000186e-17 9.404646519999999431e-17 1.007519749999999996e-16 1.081797989999999940e-16 1.163888650000000110e-16 1.254466379999999962e-16 1.354298610000000090e-16 1.464252489999999926e-16 1.585302230000000036e-16 1.718536540000000096e-16 1.865166550000000073e-16 2.026533470000000033e-16 2.204114459999999971e-16 2.399531050000000169e-16 2.614555129999999919e-16 2.851115549999999787e-16 3.111303420000000164e-16 3.397377679999999921e-16 3.711769580000000138e-16 4.057087439999999990e-16 4.436119600000000161e-16 4.851837019999999914e-16 5.307396749999999816e-16 5.806141919999999570e-16 6.351603079999999551e-16 6.947499229999999731e-16 7.597736780000000065e-16 8.306408480000000287e-16 9.077791859999999998e-16 9.916344939999999629e-16 1.082670949999999927e-15 1.181369979999999910e-15 1.288230489999999942e-15 1.403768010000000092e-15 1.528514470000000045e-15 1.663017689999999975e-15 1.807840840000000053e-15 1.963561500000000027e-15 2.130771730000000192e-15 2.310076750000000052e-15 2.502094669999999946e-15 2.707455899999999969e-15 2.926802490000000094e-15 3.160786450000000079e-15 3.410071000000000029e-15 3.675328050000000062e-15 3.957237979999999956e-15 4.256489210000000012e-15 4.573778860000000148e-15 4.909807840000000391e-15 5.265285550000000024e-15 5.640924760000000093e-15 6.037443749999999863e-15 6.455563779999999639e-15 6.896009469999999910e-15 7.359508439999999837e-15
5.715045219999999724e-15 5.779902110000000316e-15 4.837556360000000321e-15 3.789780409999999752e-15 2.922638899999999900e-15 2.261553829999999939e-15 1.768508129999999959e-15 1.400826789999999913e-15 1.124294469999999957e-15 9.138574939999999614e-16 7.516792719999999918e-16 6.251230740000000079e-16 5.251914499999999958e-16 4.454175689999999722e-16 3.811011659999999775e-16 3.287857119999999872e-16 2.858996390000000170e-16 2.505084590000000133e-16 2.211416020000000026e-16 1.966704230000000066e-16 1.762209959999999951e-16 1.591113140000000010e-16 1.448053780000000091e-16 1.328794719999999883e-16 1.229970190000000012e-16 1.148896430000000044e-16 1.083429719999999987e-16 1.031855729999999997e-16 9.928065229999999745e-17 9.651948369999999438e-17 9.481635199999999910e-17 9.410461270000000242e-17 9.433357629999999455e-17 9.546611890000000035e-17 9.747681630000000310e-17 1.003505149999999996e-16 1.040812709999999951e-16 1.086716739999999981e-16 1.141322629999999897e-16 1.204813969999999973e-16 1.277451549999999899e-16 1.359574700000000063e-16 1.451605229999999907e-16 1.554051220000000006e-16 1.667513530000000107e-16 1.792693219999999911e-16 1.930399199999999918e-16 2.081558449999999979e-16 2.247225259999999901e-16 2.428593010000000135e-16 2.627004129999999937e-16 2.843963939999999852e-16 3.081150109999999964e-16 3.340426630000000240e-16 3.623854970000000196e-16 3.933706239999999865e-16 4.272472039999999813e-16 4.642876629999999839e-16 5.047885440000000100e-16 5.490717969999999782e-16 5.974852879999999924e-16 6.504039359999999795e-16 7.082302410000000481e-16 7.713950230000000399e-16 8.403577979999999745e-16 9.156073579999999453e-16 9.976617690000000801e-16 1.087069059999999905e-15 1.184406590000000073e-15 1.290281899999999988e-15 1.405331630000000003e-15 1.530221879999999902e-15 1.665647729999999973e-15 1.812332659999999922e-15 1.971027879999999989e-15 2.142512450000000131e-15 2.327591690000000112e-15 2.527096539999999818e-15 2.741883130000000122e-15 2.972831749999999912e-15 3.220845319999999921e-15 3.486849030000000026e-15 3.771789009999999883e-15 4.076631509999999866e-15 4.402360569999999907e-15 4.749979080000000093e-15 5.120505170000000134e-15 5.514972230000000149e-15 5.934428869999999882e-15 6.379934320000000322e-15 6.852561340000000021e-15 7.353391169999999948e-15 7.883515210000000033e-15 8.444032489999999620e-15 9.036048380000000068e-15 9.660675039999999935e-15 1.031902630000000063e-14 1.101222109999999950e-14 1.174138099999999972e-14 1.250762729999999977e-14
8.071292249999999843e-15 8.185117389999999650e-15 6.854283779999999933e-15 5.370665770000000131e-15 4.142150349999999609e-15 3.205385910000000152e-15 2.506684319999999951e-15 1.985633270000000085e-15 1.593768930000000056e-15 1.295597350000000073e-15 1.065847599999999992e-15 8.866167560000000106e-16 7.451585479999999886e-16 6.323136419999999889e-16 5.414264769999999875e-16 4.676048030000000281e-16 4.072109310000000141e-16 3.575106110000000234e-16 3.164276070000000230e-16 2.823708210000000111e-16 2.541107050000000224e-16 2.306901640000000074e-16 2.113597209999999930e-16 1.955294829999999985e-16 1.827336999999999878e-16 1.726039139999999996e-16 1.648487049999999931e-16 1.592382630000000022e-16 1.555924750000000030e-16 1.537717379999999996e-16 1.536697500000000108e-16 1.552080280000000066e-16 1.583315539999999974e-16 1.630053360000000067e-16 1.692119840000000100e-16 1.769496030000000034e-16 1.862305299999999991e-16 1.970803599999999989e-16 2.095373160000000089e-16 2.236521150000000092e-16 2.394881100000000173e-16 2.571215099999999993e-16 2.766421519999999919e-16 2.981543529999999885e-16 3.217779430000000100e-16 3.476494799999999840e-16 3.759237040000000063e-16 4.067752910000000050e-16 4.404001699999999864e-16 4.770176159999999645e-16 5.168720510000000009e-16 5.602349500000000297e-16 6.074066380000000170e-16 6.587185180000000133e-16 7.145347600000000271e-16 7.752543169999999773e-16 8.413127220000000008e-16 9.131836789999999885e-16 9.913810199999999630e-16 1.076459550000000025e-15 1.169017380000000089e-15 1.269696140000000008e-15 1.379182559999999992e-15 1.498209220000000084e-15 1.627555280000000026e-15 1.768046919999999968e-15 1.920557629999999828e-15 2.086007940000000123e-15 2.265366319999999843e-15 2.459648149999999980e-15 2.669915189999999885e-15 2.897275350000000064e-15 3.142881660000000000e-15 3.407931609999999849e-15 3.693665889999999877e-15 4.001366700000000373e-15 4.332356679999999864e-15 4.687998709999999890e-15 5.069691240000000318e-15 5.478869569999999903e-15 5.917002859999999983e-15 6.385592080000000112e-15 6.886167800000000035e-15 7.420289829999999758e-15 7.989542559999999592e-15 8.595536189999999937e-15 9.239900409999999258e-15 9.924286939999999946e-15 1.065036270000000008e-14 1.141981420000000050e-14 1.223433640000000057e-14 1.309563840000000023e-14 1.400543819999999939e-14 1.496546110000000140e-14 1.597743509999999964e-14 1.704309740000000006e-14 1.816417770000000047e-14 1.934241410000000032e-14 2.057953450000000091e-14 2.187726520000000068e-14
1.139238899999999990e-14 1.158953419999999964e-14 9.711153969999999323e-15 7.610745190000000142e-15 5.870399530000000180e-15 4.543069260000000017e-15 3.552981760000000078e-15 2.814631829999999812e-15 2.259383730000000161e-15 1.836958240000000095e-15 1.511556229999999942e-15 1.257816819999999976e-15 1.057687289999999931e-15 8.981981840000000915e-16 7.699297090000000026e-16 6.659611790000000424e-16 5.811515289999999877e-16 5.116407229999999953e-16 4.545025800000000183e-16 4.074993449999999849e-16 3.689069099999999777e-16 3.373883640000000241e-16 3.119021220000000023e-16 2.916341320000000032e-16 2.759473730000000167e-16 2.643439480000000110e-16 2.564366039999999821e-16 2.519266299999999988e-16 2.505872589999999762e-16 2.522505669999999933e-16 2.567975460000000195e-16 2.641502159999999935e-16 2.742656420000000033e-16 2.871312520000000049e-16 3.027615240000000147e-16 3.211951320000000018e-16 3.424934579999999985e-16 3.667392730000000120e-16 3.940363389999999879e-16 4.245093019999999870e-16 4.583043289999999624e-16 4.955897130000000445e-16 5.365574140000000375e-16 5.814246440000000209e-16 6.304356640000000163e-16 6.838640670000000302e-16 7.420153140000000110e-16 8.052294890000000439e-16 8.738839980000000419e-16 9.483965329999999818e-16 1.029228460000000043e-15 1.116887689999999914e-15 1.211931989999999990e-15 1.314971850000000009e-15 1.426673900000000055e-15 1.547763720000000049e-15 1.679028620000000042e-15 1.821320310000000123e-15 1.975556969999999854e-15 2.142726329999999883e-15 2.323886559999999812e-15 2.520168230000000010e-15 2.732776470000000049e-15 2.962990280000000001e-15 3.212164930000000016e-15 3.481731470000000008e-15 3.773196779999999651e-15 4.088143960000000277e-15 4.428229799999999813e-15 4.795186920000000283e-15 5.190820340000000142e-15 5.617005390000000175e-15 6.075688560000000186e-15 6.568882379999999926e-15 7.098666339999999708e-15 7.667181299999999843e-15 8.276628280000000064e-15 8.929265479999999277e-15 9.627405279999999255e-15 1.037341090000000050e-14 1.116969219999999987e-14 1.201870300000000048e-14 1.292293859999999957e-14 1.388493080000000044e-14 1.490724290000000069e-14 1.599246820000000044e-14 1.714322689999999967e-14 1.836216149999999911e-14 1.965193009999999981e-14 2.101520929999999949e-14 2.245468080000000129e-14 2.397304159999999926e-14 2.557298520000000070e-14 2.725720849999999970e-14 2.902840859999999975e-14 3.088927230000000305e-14 3.284247599999999792e-14 3.489068979999999901e-14 3.703655969999999696e-14 3.928272159999999997e-14
1.607157259999999890e-14 1.640780580000000024e-14 1.375800720000000020e-14 1.078483090000000039e-14 8.319599960000000537e-15 6.438968280000000097e-15 5.036053449999999633e-15 3.989861880000000167e-15 3.203200779999999924e-15 2.604856490000000128e-15 2.144122029999999852e-15 1.785079799999999847e-15 1.502168150000000049e-15 1.277030490000000075e-15 1.096341740000000064e-15 9.503210979999999878e-16 8.317112860000000442e-16 7.350728729999999670e-16 6.562920330000000490e-16 5.922327840000000325e-16 5.404892880000000223e-16 4.992070200000000241e-16 4.669522700000000102e-16 4.426163519999999881e-16 4.253439999999999948e-16 4.144800349999999761e-16 4.095286770000000021e-16 4.101228709999999922e-16 4.160004590000000014e-16 4.269861850000000087e-16 4.429774789999999922e-16 4.639338150000000300e-16 4.898683229999999770e-16 5.208416710000000135e-16 5.569574090000000346e-16 5.983586849999999649e-16 6.452262889999999923e-16 6.977775889999999909e-16 7.562661670000000003e-16 8.209826610000000147e-16 8.922560360000000701e-16 9.704553889999999191e-16 1.055992589999999955e-15 1.149325670000000071e-15 1.250961889999999974e-15 1.361461779999999915e-15 1.481443999999999939e-15 1.611589339999999944e-15 1.752645739999999970e-15 1.905433650000000015e-15 2.070850290000000061e-15 2.249875790000000154e-15 2.443577610000000193e-15 2.653114930000000132e-15 2.879744310000000142e-15 3.124824190000000194e-15 3.389818019999999891e-15 3.676298329999999710e-15 3.985951129999999810e-15 4.320576570000000312e-15 4.682094470000000301e-15 5.072542779999999682e-15 5.494081010000000141e-15 5.948990219999999623e-15 6.439673440000000146e-15 6.968655249999999987e-15 7.538580530000000219e-15 8.152212699999999507e-15 8.812432529999999841e-15 9.522235129999999981e-15 1.028472569999999938e-14 1.110311790000000004e-14 1.198072789999999972e-14 1.292097349999999996e-14 1.392736300000000022e-14 1.500349800000000050e-14 1.615306060000000051e-14 1.737981329999999969e-14 1.868758989999999885e-14 2.008028989999999957e-14 2.156187419999999870e-14 2.313635599999999946e-14 2.480779589999999968e-14 2.658029709999999898e-14 2.845799289999999788e-14 3.044505089999999705e-14 3.254565199999999789e-14 3.476400080000000071e-14 3.710430200000000265e-14 3.957077040000000217e-14 4.216761079999999955e-14 4.489902100000000261e-14 4.776918880000000207e-14 5.078226789999999794e-14 5.394240219999999829e-14 5.725369449999999651e-14 6.072020060000000076e-14 6.434596240000000593e-14 6.813495759999999953e-14 7.209110969999999778e-14
2.266252069999999879e-14 2.322673609999999994e-14 1.949039409999999923e-14 1.528232599999999991e-14 1.179051310000000020e-14 9.126078660000000418e-15 7.138330349999999319e-15 5.656087489999999635e-15 4.541740260000000267e-15 3.694438379999999637e-15 3.042372300000000151e-15 2.534686380000000035e-15 2.135201079999999870e-15 1.817949330000000010e-15 1.564098220000000039e-15 1.359841519999999948e-15 1.194953320000000015e-15 1.061788519999999914e-15 9.545849560000000369e-16 8.689711539999999673e-16 8.016149879999999732e-16 7.499707010000000282e-16 7.120942989999999955e-16 6.865076040000000043e-16 6.720974559999999999e-16 6.680400089999999831e-16 6.737438759999999909e-16 6.888063989999999825e-16 7.129807720000000001e-16 7.461508469999999911e-16 7.883114350000000221e-16 8.395538579999999609e-16 9.000547750000000295e-16 9.700679770000000128e-16 1.049918939999999904e-15 1.140001000000000003e-15 1.240773250000000050e-15 1.352760530000000019e-15 1.476553869999999995e-15 1.612812779999999964e-15 1.762268560000000001e-15 1.925728350000000135e-15 2.104079600000000136e-15 2.298297269999999992e-15 2.509448190000000112e-15 2.738699770000000150e-15 2.987327020000000112e-15 3.256719709999999850e-15 3.548391269999999830e-15 3.863985999999999833e-15 4.205288189999999679e-15 4.574228209999999711e-15 4.972891889999999890e-15 5.403527680000000088e-15 5.868551310000000037e-15 6.370554700000000090e-15 6.912309769999999746e-15 7.496772670000000048e-15 8.127088849999999508e-15 8.806595619999999962e-15 9.538822570000000184e-15 1.032749659999999971e-14 1.117653619999999987e-14 1.209005529999999993e-14 1.307236029999999924e-14 1.412794369999999989e-14 1.526148560000000022e-14 1.647784689999999910e-14 1.778205909999999944e-14 1.917932469999999858e-14 2.067500869999999932e-14 2.227462529999999968e-14 2.398383449999999985e-14 2.580843490000000028e-14 2.775434399999999896e-14 2.982760120000000034e-14 3.203434900000000292e-14 3.438082339999999783e-14 3.687334320000000233e-14 3.951829840000000190e-14 4.232215029999999761e-14 4.529139039999999769e-14 4.843256799999999999e-14 5.175224939999999928e-14 5.525701419999999741e-14 5.895345919999999944e-14 6.284815740000000209e-14 6.694768839999999459e-14 7.125857789999999796e-14 7.578733780000000414e-14 8.054041920000000342e-14 8.552422549999999779e-14 9.074509259999999829e-14 9.620927509999999584e-14 1.019229600000000062e-13 1.078922379999999961e-13 1.141230940000000083e-13 1.206214220000000040e-13 1.273930100000000012e-13 1.344434949999999886e-13
3.194528860000000150e-14 3.287687909999999808e-14 2.761032639999999979e-14 2.165504439999999856e-14 1.670943250000000017e-14 1.293472589999999941e-14 1.011855220000000070e-14 8.018771970000000373e-15 6.440576800000000009e-15 5.241171369999999681e-15 4.318887169999999973e-15 3.601743760000000140e-15 3.038560440000000134e-15 2.592634440000000074e-15 2.237381199999999864e-15 1.953347129999999806e-15 1.726161980000000067e-15 1.545121720000000035e-15 1.402200149999999960e-15 1.291352129999999981e-15 1.208015939999999996e-15 1.148754769999999910e-15 1.110996050000000029e-15 1.092839369999999941e-15 1.092914220000000072e-15 1.110273110000000026e-15 1.144312080000000070e-15 1.194709690000000097e-15 1.261381349999999952e-15 1.344444360000000014e-15 1.444191699999999994e-15 1.561072620000000063e-15 1.695678220000000098e-15 1.848731570000000079e-15 2.021082020000000126e-15 2.213700489999999970e-15 2.427680070000000024e-15 2.664236889999999849e-15 2.924713709999999874e-15 3.210584369999999803e-15 3.523462449999999822e-15 3.865107479999999868e-15 4.237435209999999762e-15 4.642527869999999718e-15 5.082645339999999918e-15 5.560236820000000377e-15 6.077953520000000241e-15 6.638660530000000379e-15 7.245449529999999519e-15 7.901651030000000721e-15 8.610845459999999917e-15 9.376876649999999254e-15 1.020385949999999941e-14 1.109618919999999951e-14 1.205855419999999952e-14 1.309593570000000034e-14 1.421361939999999854e-14 1.541719729999999865e-14 1.671256820000000044e-14 1.810594249999999967e-14 1.960383729999999996e-14 2.121307450000000055e-14 2.294078119999999940e-14 2.479437549999999883e-14 2.678156569999999944e-14 2.891033900000000208e-14 3.118894239999999869e-14 3.362589339999999880e-14 3.622994039999999873e-14 3.901006170000000076e-14 4.197544609999999768e-14 4.513548549999999934e-14 4.849974450000000027e-14 5.207794709999999787e-14 5.587996290000000119e-14 5.991577680000000167e-14 6.419548870000000161e-14 6.872926979999999991e-14 7.352735910000000224e-14 7.860004960000000451e-14 8.395764150000000136e-14 8.961045470000000596e-14 9.556878940000000031e-14 1.018429180000000030e-13 1.084430530000000023e-13 1.153793449999999946e-13 1.226618630000000035e-13 1.303005560000000111e-13 1.383052739999999985e-13 1.466857370000000079e-13 1.554514839999999944e-13 1.646119359999999971e-13 1.741762930000000007e-13 1.841536229999999880e-13 1.945527479999999990e-13 2.053822879999999963e-13 2.166506580000000110e-13 2.283660459999999826e-13 2.405364049999999876e-13 2.531694199999999991e-13
4.501959450000000070e-14 4.653402499999999947e-14 3.911238669999999952e-14 3.068501200000000164e-14 2.368063729999999868e-14 1.833330310000000095e-14 1.434381180000000033e-14 1.136970209999999976e-14 9.135243560000000655e-15 7.438292670000000722e-15 6.134954599999999987e-15 5.123400330000000323e-15 4.331283489999999812e-15 3.706789399999999743e-15 3.212456939999999902e-15 2.820948790000000036e-15 2.512149580000000083e-15 2.271159180000000157e-15 2.086893520000000032e-15 1.951096559999999921e-15 1.857637490000000006e-15 1.802003729999999816e-15 1.780932299999999911e-15 1.792139390000000079e-15 1.834119829999999944e-15 1.905998830000000022e-15 2.007419589999999865e-15 2.138460040000000035e-15 2.299569090000000176e-15 2.491521789999999979e-15 2.715382649999999876e-15 2.972481920000000182e-15 3.264398700000000188e-15 3.592949010000000314e-15 3.960181840000000054e-15 4.368375910000000142e-15 4.820044370000000125e-15 5.317938810000000006e-15 5.865058140000000230e-15 6.464660059999999608e-15 7.120274999999999920e-15 7.835717140000000763e-15 8.615106039999999609e-15 9.462880140000000417e-15 1.038381420000000024e-14 1.138304029999999963e-14 1.246606589999999940e-14 1.363878979999999934e-14 1.490751900000000147e-14 1.627899069999999976e-14 1.776037849999999956e-14 1.935931239999999978e-14 2.108388670000000091e-14 2.294267169999999982e-14 2.494471539999999884e-14 2.709955370000000085e-14 2.941720689999999722e-14 3.190818170000000220e-14 3.458346419999999737e-14 3.745451620000000172e-14 4.053325399999999976e-14 4.383205430000000038e-14 4.736372090000000184e-14 5.114148109999999872e-14 5.517894830000000130e-14 5.949011900000000453e-14 6.408932489999999979e-14 6.899123340000000323e-14 7.421079270000000568e-14 7.976321559999999451e-14 8.566395210000000275e-14 9.192864839999999653e-14 9.857310009999999713e-14 1.056132650000000029e-13 1.130651769999999955e-13 1.209449480000000054e-13 1.292686929999999902e-13 1.380525740000000060e-13 1.473126630000000119e-13 1.570650079999999962e-13 1.673255040000000066e-13 1.781099820000000011e-13 1.894340530000000027e-13 2.013131549999999962e-13 2.137625199999999905e-13 2.267971100000000058e-13 2.404316439999999983e-13 2.546805270000000187e-13 2.695578410000000184e-13 2.850773550000000110e-13 3.012524580000000030e-13 3.180961619999999995e-13 3.356210979999999792e-13 3.538394889999999946e-13 3.727630999999999912e-13 3.924033410000000224e-13 4.127711090000000133e-13 4.338768390000000100e-13 4.557305600000000182e-13 4.783418129999999797e-13
6.343683850000000340e-14 6.586297800000000312e-14 5.540579049999999810e-14 4.348060000000000054e-14 3.356081079999999703e-14 2.598612720000000137e-14 2.033514690000000126e-14 1.612360249999999988e-14 1.296130070000000008e-14 1.056217309999999965e-14 8.722652960000000107e-15 7.298788039999999979e-15 6.188429069999999635e-15 5.318552489999999959e-15 4.636509280000000207e-15 4.104036410000000179e-15 3.693144119999999943e-15 3.383276169999999925e-15 3.159328919999999804e-15 3.010253870000000048e-15 2.928064570000000060e-15 2.907120840000000040e-15 2.943609529999999810e-15 3.035165320000000028e-15 3.180590510000000183e-15 3.379648119999999947e-15 3.632907369999999783e-15 3.941631399999999862e-15 4.307690660000000267e-15 4.733503870000000193e-15 5.221993269999999686e-15 5.776555060000000233e-15 6.401041960000000019e-15 7.099750540000000145e-15 7.877422500000000456e-15 8.739245489999999394e-15 9.690864139999999903e-15 1.073839229999999933e-14 1.188842839999999929e-14 1.314807909999999982e-14 1.452497520000000126e-14 1.602729989999999916e-14 1.766381159999999909e-14 1.944387000000000094e-14 2.137745989999999931e-14 2.347521490000000138e-14 2.574843960000000082e-14 2.820913630000000135e-14 3.087001749999999872e-14 3.374452209999999993e-14 3.684683110000000141e-14 4.019187600000000015e-14 4.379534050000000288e-14 4.767366379999999704e-14 5.184403389999999935e-14 5.632437740000000083e-14 6.113335609999999899e-14 6.629033669999999379e-14 7.181536989999999456e-14 7.772916430000000265e-14 8.405306479999999631e-14 9.080899279999999836e-14 9.801943869999999856e-14 1.057073809999999966e-13 1.138962650000000092e-13 1.226099569999999960e-13 1.318726759999999953e-13 1.417089369999999922e-13 1.521435290000000106e-13 1.632014159999999988e-13 1.749076820000000098e-13 1.872875359999999919e-13 2.003661589999999996e-13 2.141687299999999992e-13 2.287203089999999974e-13 2.440458049999999968e-13 2.601699509999999809e-13 2.771171960000000096e-13 2.949116650000000246e-13 3.135771270000000063e-13 3.331369469999999826e-13 3.536140839999999915e-13 3.750308979999999957e-13 3.974092920000000214e-13 4.207705690000000007e-13 4.451353839999999824e-13 4.705237939999999591e-13 4.969551789999999502e-13 5.244482149999999509e-13 5.530207370000000380e-13 5.826900380000000200e-13 6.134724889999999850e-13 6.453837030000000440e-13 6.784385339999999585e-13 7.126510210000000095e-13 7.480343379999999580e-13 7.846007910000000497e-13 8.223619809999999821e-13 8.613286410000000377e-13 9.015105290000000375e-13
8.938700749999999746e-14 9.322137649999999451e-14 7.848746880000000313e-14 6.161287840000000129e-14 4.756466080000000153e-14 3.683569090000000025e-14 2.883256780000000024e-14 2.287062479999999920e-14 1.839784019999999995e-14 1.500954410000000058e-14 1.241794180000000045e-14 1.041974619999999965e-14 8.870963349999999482e-15 7.668941440000000067e-15 6.739977959999999893e-15 6.030839430000000100e-15 5.502938429999999728e-15 5.128316090000000385e-15 4.886838429999999834e-15 4.764225749999999691e-15 4.750648240000000312e-15 4.839722639999999999e-15 5.027782170000000224e-15 5.313347469999999911e-15 5.696738719999999788e-15 6.179790180000000147e-15 6.765641779999999705e-15 7.458585889999999532e-15 8.263959209999999634e-15 9.188062839999999935e-15 1.023811010000000020e-14 1.142219359999999968e-14 1.274926550000000060e-14 1.422913370000000105e-14 1.587246230000000113e-14 1.769078619999999878e-14 1.969652129999999900e-14 2.190299979999999958e-14 2.432447719999999931e-14 2.697617819999999921e-14 2.987431329999999949e-14 3.303611110000000011e-14 3.647985569999999713e-14 4.022489329999999738e-14 4.429168479999999944e-14 4.870180590000000315e-14 5.347796379999999710e-14 5.864402790000000048e-14 6.422501959999999544e-14 7.024711219999999970e-14 7.673763429999999657e-14 8.372505979999999977e-14 9.123896029999999897e-14 9.931001200000000584e-14 1.079699349999999987e-13 1.172514639999999941e-13 1.271882850000000109e-13 1.378149850000000004e-13 1.491670009999999879e-13 1.612805209999999962e-13 1.741924480000000015e-13 1.879402400000000122e-13 2.025619529999999927e-13 2.180960349999999877e-13 2.345812619999999834e-13 2.520567030000000075e-13 2.705615679999999805e-13 2.901350760000000168e-13 3.108164500000000029e-13 3.326447729999999768e-13 3.556588619999999864e-13 3.798972310000000018e-13 4.053979370000000059e-13 4.321985750000000015e-13 4.603360879999999828e-13 4.898467159999999883e-13 5.207659930000000450e-13 5.531285610000000123e-13 5.869681910000000261e-13 6.223176269999999972e-13 6.592085820000000409e-13 6.976716839999999693e-13 7.377363689999999606e-13 7.794308280000000194e-13 8.227821089999999714e-13 8.678159639999999763e-13 9.145567329999999686e-13 9.630274010000000699e-13 1.013249599999999920e-12 1.065243810000000072e-12 1.119028590000000043e-12 1.174621600000000012e-12 1.232038670000000069e-12 1.291294550000000046e-12 1.352402239999999973e-12 1.415373459999999913e-12 1.480218509999999955e-12 1.546946270000000015e-12 1.615564340000000036e-12 1.686078689999999992e-12
1.259634619999999956e-13 1.319486379999999884e-13 1.111874539999999952e-13 8.730905270000000565e-14 6.741492540000000310e-14 5.221971330000000165e-14 4.088797100000000225e-14 3.245193960000000098e-14 2.613093759999999980e-14 2.135285860000000147e-14 1.771122179999999878e-14 1.491938590000000117e-14 1.277486709999999979e-14 1.113391690000000064e-14 9.893981790000000361e-15 8.981695119999999289e-15 8.344639949999999857e-15 7.945671340000000146e-15 7.758955630000000158e-15 7.767193869999999993e-15 7.959650769999999739e-15 8.330742679999999672e-15 8.879024559999999636e-15 9.606458149999999847e-15 1.051787240000000022e-14 1.162058219999999959e-14 1.292410489999999943e-14 1.443995850000000072e-14 1.618151920000000123e-14 1.816392189999999919e-14 2.040399879999999966e-14 2.292023550000000029e-14 2.573275250000000102e-14 2.886329820000000215e-14 3.233525240000000055e-14 3.617364319999999926e-14 4.040516900000000036e-14 4.505819880000000178e-14 5.016282600000000019e-14 5.575086159999999860e-14 6.185586849999999697e-14 6.851318150000000126e-14 7.575990750000000446e-14 8.363492870000000495e-14 9.217891609999999459e-14 1.014343159999999959e-13 1.114453039999999945e-13 1.222577950000000005e-13 1.339193779999999972e-13 1.464792509999999875e-13 1.599882200000000002e-13 1.744985449999999917e-13 1.900639070000000097e-13 2.067393160000000076e-13 2.245809329999999906e-13 2.436460859999999871e-13 2.639930100000000200e-13 2.856807669999999949e-13 3.087691779999999900e-13 3.333185239999999754e-13 3.593895199999999818e-13 3.870431259999999897e-13 4.163403559999999824e-13 4.473421690000000225e-13 4.801092250000000181e-13 5.147018339999999783e-13 5.511797069999999884e-13 5.896018270000000125e-13 6.300263590000000230e-13 6.725103329999999631e-13 7.171098029999999518e-13 7.638792480000000066e-13 8.128719049999999776e-13 8.641394350000000489e-13 9.177317109999999944e-13 9.736969259999999916e-13 1.032081430000000039e-12 1.092929350000000098e-12 1.156283079999999997e-12 1.222182620000000006e-12 1.290665819999999962e-12 1.361768339999999933e-12 1.435523580000000013e-12 1.511962429999999981e-12 1.591113529999999930e-12 1.673002990000000070e-12 1.757654570000000061e-12 1.845089839999999995e-12 1.935327329999999907e-12 2.028383969999999915e-12 2.124273409999999823e-12 2.223007589999999978e-12 2.324595589999999807e-12 2.429044809999999947e-12 2.536359360000000023e-12 2.646542059999999806e-12 2.759592900000000016e-12 2.875509940000000018e-12 2.994288839999999812e-12 3.115923319999999973e-12
1.775379969999999946e-13 1.867755900000000117e-13 1.575169570000000057e-13 1.237269699999999966e-13 9.555554859999999869e-14 7.403801829999999952e-14 5.799841940000000588e-14 4.606930879999999781e-14 3.714721600000000089e-14 3.042402079999999995e-14 2.532641899999999886e-14 2.145116530000000109e-14 1.851456469999999998e-14 1.631651260000000007e-14 1.471564230000000139e-14 1.361236500000000007e-14 1.293721189999999990e-14 1.264282990000000039e-14 1.269839949999999991e-14 1.308573490000000044e-14 1.379652010000000037e-14 1.483034749999999895e-14 1.619330819999999918e-14 1.789698460000000151e-14 1.995771069999999971e-14 2.239605430000000152e-14 2.523642850000000081e-14 2.850682609999999696e-14 3.223860929999999802e-14 3.646639129999999790e-14 4.122792939999999870e-14 4.656404390000000010e-14 5.251860419999999873e-14 5.913845800000000089e-14 6.647343810000000237e-14 7.457632470000000477e-14 8.350282540000000011e-14 9.331157539999999605e-14 1.040640690000000062e-13 1.158246679999999979e-13 1.286605100000000006e-13 1.426415410000000051e-13 1.578403209999999984e-13 1.743320520000000096e-13 1.921944460000000068e-13 2.115075960000000031e-13 2.323538770000000171e-13 2.548178410000000226e-13 2.789859000000000118e-13 3.049464160000000173e-13 3.327892969999999826e-13 3.626058330000000187e-13 3.944886139999999777e-13 4.285311800000000073e-13 4.648277749999999772e-13 5.034731309999999721e-13 5.445623880000000032e-13 5.881905209999999664e-13 6.344522890000000488e-13 6.834419100000000362e-13 7.352528420000000031e-13 7.899775129999999945e-13 8.477069960000000408e-13 9.085308459999999785e-13 9.725367210000000680e-13 1.039810380000000047e-12 1.110435199999999917e-12 1.184492169999999934e-12 1.262059360000000091e-12 1.343212330000000061e-12 1.428023169999999980e-12 1.516560970000000067e-12 1.608891509999999967e-12 1.705076730000000011e-12 1.805175259999999958e-12 1.909241640000000110e-12 2.017327059999999846e-12 2.129478229999999957e-12 2.245738320000000081e-12 2.366146119999999911e-12 2.490736570000000148e-12 2.619540649999999935e-12 2.752584619999999971e-12 2.889891669999999831e-12 3.031480229999999894e-12 3.177364620000000106e-12 3.327555680000000182e-12 3.482059689999999950e-12 3.640879700000000364e-12 3.804014399999999778e-12 3.971459009999999633e-12 4.143205309999999870e-12 4.319240710000000169e-12 4.499550039999999687e-12 4.684114210000000007e-12 4.872911100000000316e-12 5.065915140000000230e-12 5.263098550000000031e-12 5.464429689999999712e-12 5.669874290000000328e-12
2.502924629999999787e-13 2.644053319999999884e-13 2.231620920000000073e-13 1.753448999999999893e-13 1.354550019999999889e-13 1.049909809999999962e-13 8.229816160000000302e-14 6.544528240000000502e-14 5.287384640000000133e-14 4.344383200000000018e-14 3.634833860000000034e-14 3.102203620000000256e-14 2.706971779999999882e-14 2.421537429999999970e-14 2.226710200000000050e-14 2.109309909999999891e-14 2.060524700000000064e-14 2.074782130000000092e-14 2.148965959999999988e-14 2.281869319999999945e-14 2.473809699999999915e-14 2.726355449999999943e-14 3.042130350000000009e-14 3.424673129999999764e-14 3.878335509999999848e-14 4.408207130000000256e-14 5.020061719999999935e-14 5.720314360000000061e-14 6.515989330000000043e-14 7.414696029999999971e-14 8.424607989999999653e-14 9.554444909999999966e-14 1.081345569999999959e-13 1.221140160000000057e-13 1.375854320000000120e-13 1.546562490000000070e-13 1.734385069999999884e-13 1.940487429999999965e-13 2.166077510000000052e-13 2.412403499999999900e-13 2.680751939999999991e-13 2.972444610000000020e-13 3.288836220000000251e-13 3.631311560000000076e-13 4.001281189999999991e-13 4.400180310000000096e-13 4.829463110000000162e-13 5.290600859999999662e-13 5.785076189999999561e-13 6.314380439999999567e-13 6.880009259999999940e-13 7.483459920000000017e-13 8.126223220000000488e-13 8.809783959999999589e-13 9.535612319999999075e-13 1.030516379999999905e-12 1.111987129999999990e-12 1.198114309999999975e-12 1.289035720000000042e-12 1.384885909999999910e-12 1.485795859999999902e-12 1.591892200000000054e-12 1.703297440000000079e-12 1.820128900000000011e-12 1.942499549999999996e-12 2.070516069999999858e-12 2.204280380000000032e-12 2.343888100000000137e-12 2.489429019999999824e-12 2.640986600000000095e-12 2.798637410000000078e-12 2.962452550000000022e-12 3.132495569999999857e-12 3.308823700000000148e-12 3.491487050000000013e-12 3.680529409999999608e-12 3.875987199999999925e-12 4.077890370000000077e-12 4.286261880000000070e-12 4.501118229999999735e-12 4.722468509999999797e-12 4.950316629999999765e-12 5.184658259999999726e-12 5.425483849999999820e-12 5.672777790000000246e-12 5.926517519999999613e-12 6.186675739999999933e-12 6.453217730000000388e-12 6.726104479999999786e-12 7.005292179999999816e-12 7.290729649999999369e-12 7.582363560000000132e-12 7.880133179999999521e-12 8.183974330000000231e-12 8.493819360000000368e-12 8.809595410000000202e-12 9.131226159999999942e-12 9.458630929999999221e-12 9.791726460000000381e-12 1.013042509999999968e-11
3.529721819999999828e-13 3.743371440000000076e-13 3.161845239999999900e-13 2.485152930000000185e-13 1.920384020000000051e-13 1.489213749999999966e-13 1.168371629999999970e-13 9.306026409999999655e-14 7.539209869999999877e-14 6.222751940000000196e-14 5.243450730000000298e-14 4.522473909999999752e-14 4.005252210000000067e-14 3.654285470000000169e-14 3.444180299999999993e-14 3.358267439999999868e-14 3.386288650000000133e-14 3.522811039999999799e-14 3.766128030000000042e-14 4.117494920000000157e-14 4.580588839999999803e-14 5.161125909999999781e-14 5.866582719999999793e-14 6.705995080000000281e-14 7.689802839999999448e-14 8.829739099999999629e-14 1.013872960000000048e-13 1.163082350000000072e-13 1.332112049999999987e-13 1.522571940000000124e-13 1.736165600000000098e-13 1.974685059999999945e-13 2.240005600000000049e-13 2.534080530000000187e-13 2.858935149999999859e-13 3.216661419999999818e-13 3.609412570000000197e-13 4.039396039999999889e-13 4.508867510000000210e-13 5.020125480000000194e-13 5.575502620000000484e-13 6.177360599999999785e-13 6.828082479999999576e-13 7.530065439999999551e-13 8.285713700000000159e-13 9.097430919999999421e-13 9.967612670000000667e-13 1.089864090000000021e-12 1.189287380000000017e-12 1.295264030000000020e-12 1.408023220000000094e-12 1.527789720000000097e-12 1.654783409999999972e-12 1.789217969999999922e-12 1.931301260000000061e-12 2.081234060000000010e-12 2.239209039999999878e-12 2.405411370000000090e-12 2.580017150000000118e-12 2.763193970000000093e-12 2.955099060000000144e-12 3.155880719999999849e-12 3.365676229999999937e-12 3.584612419999999953e-12 3.812805969999999640e-12 4.050361170000000150e-12 4.297372350000000038e-12 4.553922340000000106e-12 4.820082270000000054e-12 5.095911110000000159e-12 5.381457870000000116e-12 5.676758979999999791e-12 5.981840020000000057e-12 6.296714890000000051e-12 6.621387029999999660e-12 6.955847790000000352e-12 7.300079810000000507e-12 7.654051869999999712e-12 8.017727109999999631e-12 8.391054339999999472e-12 8.773974599999999448e-12 9.166419359999999744e-12 9.568311419999999416e-12 9.979564919999999305e-12 1.040008360000000071e-11 1.082976680000000079e-11 1.126850260000000019e-11 1.171617399999999923e-11 1.217265700000000065e-11 1.263781959999999933e-11 1.311152580000000078e-11 1.359363229999999982e-11 1.408399180000000028e-11 1.458244979999999860e-11 1.508884860000000068e-11 1.560302930000000041e-11 1.612482199999999989e-11 1.665406009999999988e-11 1.719057190000000143e-11 1.773417870000000154e-11
4.979541089999999745e-13 5.300351630000000505e-13 4.480160819999999793e-13 3.522522170000000121e-13 2.723046939999999863e-13 2.113067610000000066e-13 1.659888319999999907e-13 1.325088859999999939e-13 1.077709089999999984e-13 8.952153660000000101e-14 7.618048990000000030e-14 6.665770500000000622e-14 6.021057809999999668e-14 5.634227010000000112e-14 5.473182669999999996e-14 5.518645299999999752e-14 5.760901469999999768e-14 6.197574729999999707e-14 6.832081689999999436e-14 7.672551829999999438e-14 8.731055020000000425e-14 1.002304519999999999e-13 1.156694230000000101e-13 1.338381449999999876e-13 1.549711829999999903e-13 1.793248299999999885e-13 2.071753279999999897e-13 2.388170770000000011e-13 2.745611359999999907e-13 3.147336720000000082e-13 3.596744759999999981e-13 4.097355049999999991e-13 4.652793449999999981e-13 5.266779309999999582e-13 5.943108419999999560e-13 6.685639460000000148e-13 7.498279339999999774e-13 8.384968069999999618e-13 9.349664059999999564e-13 1.039633010000000085e-12 1.152891690000000034e-12 1.275135049999999926e-12 1.406752100000000040e-12 1.548126099999999958e-12 1.699634139999999985e-12 1.861645170000000048e-12 2.034519250000000070e-12 2.218606159999999858e-12 2.414243930000000108e-12 2.621758279999999985e-12 2.841461660000000121e-12 3.073651790000000079e-12 3.318611440000000077e-12 3.576607110000000072e-12 3.847888590000000393e-12 4.132688549999999803e-12 4.431220580000000350e-12 4.743681580000000183e-12 5.070248910000000390e-12 5.411080440000000175e-12 5.766314509999999750e-12 6.136071690000000214e-12 6.520450410000000064e-12 6.919531790000000247e-12 7.333376089999999681e-12 7.762024530000000514e-12 8.205499649999999923e-12 8.663804049999999409e-12 9.136921250000000123e-12 9.624819170000000670e-12 1.012744399999999939e-11 1.064472820000000060e-11 1.117658479999999997e-11 1.172291000000000058e-11 1.228358729999999982e-11 1.285848080000000001e-11 1.344744189999999938e-11 1.405030950000000025e-11 1.466690660000000062e-11 1.529704310000000059e-11 1.594052149999999927e-11 1.659712470000000056e-11 1.726663260000000020e-11 1.794881259999999962e-11 1.864342009999999980e-11 1.935020549999999882e-11 2.006890830000000140e-11 2.079926339999999991e-11 2.154099819999999856e-11 2.229382999999999892e-11 2.305747950000000134e-11 2.383165190000000043e-11 2.461605750000000020e-11 2.541039950000000057e-11 2.621437440000000083e-11 2.702768219999999905e-11 2.785001569999999884e-11 2.868107310000000046e-11 2.952054229999999824e-11 3.036812120000000196e-11
7.027616339999999723e-13 7.505868760000000178e-13 6.348713870000000089e-13 4.993527290000000201e-13 3.862103509999999959e-13 2.999732080000000113e-13 2.360542319999999842e-13 1.890469929999999921e-13 1.546036930000000029e-13 1.295754000000000095e-13 1.117732950000000061e-13 9.971060440000000350e-14 9.240093359999999860e-14 8.921500560000000053e-14 8.978202300000000523e-14 9.392256399999999797e-14 1.016027269999999988e-13 1.129025599999999971e-13 1.279940639999999932e-13 1.471254079999999938e-13 1.706094169999999896e-13 1.988148280000000022e-13 2.321593440000000094e-13 2.711038589999999941e-13 3.161475529999999757e-13 3.678233660000000042e-13 4.266938090000000121e-13 4.933471710000000240e-13 5.683935849999999939e-13 6.524614830000000207e-13 7.461937430000000384e-13 8.502445709999999609e-13 9.652757110000000996e-13 1.091953349999999921e-12 1.230944709999999976e-12 1.382914939999999955e-12 1.548524219999999921e-12 1.728424699999999906e-12 1.923257559999999910e-12 2.133650889999999929e-12 2.360216620000000042e-12 2.603548239999999861e-12 2.864218840000000145e-12 3.142779220000000180e-12 3.439755419999999816e-12 3.755647269999999854e-12 4.090926380000000392e-12 4.446035990000000337e-12 4.821388949999999714e-12 5.217365600000000300e-12 5.634315060000000226e-12 6.072552180000000299e-12 6.532359290000000162e-12 7.013983579999999853e-12 7.517638419999999920e-12 8.043502499999999633e-12 8.591720219999999953e-12 9.162400009999999496e-12 9.755617319999999812e-12 1.037141550000000008e-11 1.100980070000000061e-11 1.167075030000000030e-11 1.235420710000000007e-11 1.306008339999999936e-11 1.378826220000000012e-11 1.453859430000000021e-11 1.531090529999999914e-11 1.610499059999999996e-11 1.692062289999999910e-11 1.775754540000000017e-11 1.861548070000000137e-11 1.949412679999999962e-11 2.039315940000000159e-11 2.131223840000000157e-11 2.225099969999999943e-11 2.320906140000000087e-11 2.418602989999999842e-11 2.518149400000000026e-11 2.619502360000000046e-11 2.722618309999999958e-11 2.827452159999999907e-11 2.933957590000000296e-11 3.042088109999999813e-11 3.151795489999999698e-11 3.263031160000000025e-11 3.375745860000000144e-11 3.489890670000000251e-11 3.605414580000000304e-11 3.722267979999999774e-11 3.840399870000000242e-11 3.959759949999999812e-11 4.080296859999999855e-11 4.201960650000000295e-11 4.324700320000000124e-11 4.448465550000000023e-11 4.573206400000000243e-11 4.698872539999999841e-11 4.825415070000000316e-11 4.952784709999999716e-11 5.080932899999999735e-11
9.922133639999999446e-13 1.063057630000000001e-12 8.997560730000000142e-13 7.079961620000000345e-13 5.479404909999999540e-13 4.261392939999999779e-13 3.361725769999999795e-13 2.704533369999999974e-13 2.229019239999999963e-13 1.891495990000000096e-13 1.662029349999999965e-13 1.520797650000000049e-13 1.455248820000000121e-13 1.458079670000000055e-13 1.525843660000000012e-13 1.658000989999999989e-13 1.856264839999999895e-13 2.124144229999999932e-13 2.466617410000000146e-13 2.889888310000000032e-13 3.401199949999999756e-13 4.008682220000000171e-13 4.721221790000000297e-13 5.548348779999999620e-13 6.500132459999999573e-13 7.587082550000000482e-13 8.820058940000000400e-13 1.021018119999999910e-12 1.176874460000000043e-12 1.350714250000000037e-12 1.543678489999999999e-12 1.756903219999999916e-12 1.991511990000000122e-12 2.248609939999999933e-12 2.529277999999999959e-12 2.834566569999999906e-12 3.165491310000000105e-12 3.523028440000000012e-12 3.908109950000000370e-12 4.321619879999999685e-12 4.764392870000000261e-12 5.237207369999999912e-12 5.740788490000000075e-12 6.275800190000000005e-12 6.842848339999999838e-12 7.442476319999999662e-12 8.075166399999999348e-12 8.741335779999999816e-12 9.441340940000000700e-12 1.017547239999999943e-11 1.094395929999999934e-11 1.174696710000000032e-11 1.258460090000000003e-11 1.345690310000000032e-11 1.436385820000000032e-11 1.530539059999999840e-11 1.628137210000000134e-11 1.729161259999999955e-11 1.833587619999999904e-11 1.941387159999999967e-11 2.052525859999999892e-11 2.166965569999999951e-11 2.284662739999999886e-11 2.405570530000000122e-11 2.529637610000000108e-11 2.656808799999999979e-11 2.787025820000000020e-11 2.920226910000000123e-11 3.056347539999999870e-11 3.195319700000000069e-11 3.337073329999999698e-11 3.481536589999999936e-11 3.628634199999999979e-11 3.778290179999999911e-11 3.930426469999999906e-11 4.084963620000000306e-11 4.241820780000000000e-11 4.400916440000000078e-11 4.562167659999999838e-11 4.725491869999999759e-11 4.890804430000000095e-11 5.058022059999999947e-11 5.227060100000000203e-11 5.397834960000000109e-11 5.570261959999999895e-11 5.744257850000000295e-11 5.919739000000000531e-11 6.096623210000000325e-11 6.274827880000000464e-11 6.454271839999999651e-11 6.634873899999999808e-11 6.816555649999999939e-11 6.999237990000000265e-11 7.182843899999999623e-11 7.367297049999999509e-11 7.552521800000000204e-11 7.738445999999999801e-11 7.924996080000000097e-11 8.112101270000000630e-11 8.299693569999999626e-11
1.401472899999999942e-12 1.505834410000000058e-12 1.275323920000000064e-12 1.004031280000000087e-12 7.777478749999999779e-13 6.059618410000000155e-13 4.797231949999999861e-13 3.884305800000000136e-13 3.236398780000000066e-13 2.793604380000000177e-13 2.515836120000000054e-13 2.377699550000000201e-13 2.364479599999999808e-13 2.469280209999999854e-13 2.691045899999999783e-13 3.033193000000000140e-13 3.502651729999999852e-13 4.109172580000000064e-13 4.864808640000000091e-13 5.783511690000000149e-13 6.880793679999999950e-13 8.173443479999999784e-13 9.679265850000000243e-13 1.141685049999999925e-12 1.340535000000000003e-12 1.566427429999999991e-12 1.821330199999999989e-12 2.107209809999999835e-12 2.426014900000000082e-12 2.779660620000000007e-12 3.170014599999999969e-12 3.598884649999999967e-12 4.068007220000000324e-12 4.579037669999999872e-12 5.133540730000000214e-12 5.732983969999999700e-12 6.378730879999999764e-12 7.072036100000000399e-12 7.814041080000000556e-12 8.605770609999999215e-12 9.448132380000000456e-12 1.034191220000000037e-11 1.128777710000000014e-11 1.228627270000000066e-11 1.333782559999999941e-11 1.444274470000000020e-11 1.560122170000000062e-11 1.681333369999999992e-11 1.807905039999999841e-11 1.939822960000000122e-11 2.077062649999999952e-11 2.219589789999999875e-11 2.367359950000000094e-11 2.520320060000000023e-11 2.678407839999999898e-11 2.841553209999999979e-11 3.009677920000000006e-11 3.182696469999999739e-11 3.360516380000000074e-11 3.543039129999999717e-11 3.730160279999999769e-11 3.921769509999999878e-11 4.117752319999999863e-11 4.317989020000000102e-11 4.522356449999999938e-11 4.730727270000000179e-11 4.942972070000000115e-11 5.158957640000000073e-11 5.378548649999999804e-11 5.601609109999999970e-11 5.827999190000000306e-11 6.057580130000000200e-11 6.290211409999999959e-11 6.525752159999999366e-11 6.764060150000000004e-11 7.004995200000000440e-11 7.248415760000000063e-11 7.494183049999999540e-11 7.742156220000000606e-11 7.992198569999999956e-11 8.244172709999999383e-11 8.497943319999999612e-11 8.753376500000000249e-11 9.010341079999999568e-11 9.268707330000000553e-11 9.528347559999999607e-11 9.789136860000000559e-11 1.005095099999999987e-10 1.031367139999999953e-10 1.057717870000000043e-10 1.084135840000000045e-10 1.110609799999999992e-10 1.137128790000000019e-10 1.163682070000000001e-10 1.190259280000000032e-10 1.216850369999999933e-10 1.243445349999999947e-10 1.270034910000000063e-10 1.296609629999999885e-10 1.323160469999999880e-10
1.980378750000000176e-12 2.133379410000000087e-12 1.807948969999999956e-12 1.424258609999999916e-12 1.104634719999999968e-12 8.628631120000000161e-13 6.865447340000000396e-13 5.609676679999999723e-13 4.745310050000000132e-13 4.191764390000000033e-13 3.897269059999999854e-13 3.831623869999999856e-13 3.980507330000000185e-13 4.341387819999999855e-13 4.920647769999999925e-13 5.731546960000000495e-13 6.792743450000000369e-13 8.127173520000000167e-13 9.761167570000000069e-13 1.172371769999999953e-12 1.404584889999999974e-12 1.676005249999999928e-12 1.989978280000000025e-12 2.349898269999999883e-12 2.759165939999999843e-12 3.221149479999999803e-12 3.739147449999999615e-12 4.316358470000000083e-12 4.955851270000000220e-12 5.660541050000000234e-12 6.433168229999999767e-12 7.276280270000000490e-12 8.192218599999999195e-12 9.183103930000000005e-12 1.025083490000000066e-11 1.139707339999999956e-11 1.262324969999999938e-11 1.393055549999999979e-11 1.531994840000000106e-11 1.679215450000000067e-11 1.834766539999999968e-11 1.998675360000000029e-11 2.170947449999999895e-11 2.351567030000000149e-11 2.540498369999999876e-11 2.737686469999999962e-11 2.943057599999999849e-11 3.156520880000000067e-11 3.377969089999999792e-11 3.607279059999999976e-11 3.844313410000000155e-11 4.088921909999999880e-11 4.340941150000000138e-11 4.600196609999999707e-11 4.866504070000000162e-11 5.139668899999999981e-11 5.419488820000000009e-11 5.705753920000000241e-11 5.998247730000000116e-11 6.296747850000000499e-11 6.601028060000000047e-11 6.910856610000000364e-11 7.225999659999999589e-11 7.546220590000000068e-11 7.871281400000000121e-11 8.200942009999999455e-11 8.534963009999999774e-11 8.873105030000000224e-11 9.215127969999999852e-11 9.560794519999999638e-11 9.909868070000000320e-11 1.026211550000000045e-10 1.061730499999999966e-10 1.097520749999999981e-10 1.133559840000000049e-10 1.169825490000000105e-10 1.206296040000000052e-10 1.242950190000000002e-10 1.279766710000000044e-10 1.316725339999999984e-10 1.353806100000000051e-10 1.390989269999999976e-10 1.428256120000000126e-10 1.465587930000000035e-10 1.502966640000000006e-10 1.540375049999999931e-10 1.577796089999999974e-10 1.615213239999999904e-10 1.652610959999999927e-10 1.689973579999999980e-10 1.727286510000000106e-10 1.764535459999999875e-10 1.801706839999999908e-10 1.838787180000000120e-10 1.875764130000000038e-10 1.912625339999999963e-10 1.949359150000000016e-10 1.985954460000000121e-10 2.022400720000000070e-10 2.058687660000000072e-10
2.799597790000000164e-12 3.022990709999999911e-12 2.563538360000000144e-12 2.021163620000000073e-12 1.570310400000000029e-12 1.231111570000000050e-12 9.865659720000000999e-13 8.164827320000000085e-13 7.052068349999999512e-13 6.422473769999999507e-13 6.213452600000000435e-13 6.394430339999999961e-13 6.958659449999999841e-13 7.917221569999999921e-13 9.294692839999999792e-13 1.112594830000000009e-12 1.345373029999999923e-12 1.632671970000000036e-12 1.979794149999999961e-12 2.392340670000000026e-12 2.876091289999999973e-12 3.436899640000000142e-12 4.080596970000000230e-12 4.812908749999999619e-12 5.639378720000000380e-12 6.565302990000000338e-12 7.595673219999999280e-12 8.735130669999999902e-12 9.987926279999999946e-12 1.135788859999999938e-11 1.284840719999999937e-11 1.446240870000000043e-11 1.620235890000000102e-11 1.807025020000000099e-11 2.006760900000000099e-11 2.219550579999999859e-11 2.445455989999999909e-11 2.684495850000000070e-11 2.936647109999999960e-11 3.201846770000000047e-11 3.479994070000000005e-11 3.770952649999999956e-11 4.074552850000000192e-11 4.390594140000000305e-11 4.718846490000000308e-11 5.059054219999999948e-11 5.410937320000000113e-11 5.774193279999999689e-11 6.148501150000000486e-11 6.533521639999999546e-11 6.928899119999999987e-11 7.334267220000000020e-11 7.749245000000000106e-11 8.173444560000000569e-11 8.606468320000000020e-11 9.047912419999999908e-11 9.497370249999999772e-11 9.954430339999999574e-11 1.041867910000000064e-10 1.088970440000000062e-10 1.136709270000000053e-10 1.185043310000000036e-10 1.233931710000000016e-10 1.283334270000000051e-10 1.333210760000000119e-10 1.383521909999999973e-10 1.434228850000000118e-10 1.485293419999999980e-10 1.536678420000000057e-10 1.588347090000000065e-10 1.640263760000000030e-10 1.692393450000000050e-10 1.744702019999999934e-10 1.797156730000000039e-10 1.849725229999999980e-10 1.902376309999999900e-10 1.955079989999999939e-10 2.007807120000000010e-10 2.060529389999999989e-10 2.113219599999999943e-10 2.165851800000000079e-10 2.218400740000000103e-10 2.270842260000000026e-10 2.323153199999999920e-10 2.375311609999999976e-10 2.427295860000000049e-10 2.479085829999999898e-10 2.530662350000000156e-10 2.582007110000000009e-10 2.633102620000000025e-10 2.683931969999999941e-10 2.734479859999999843e-10 2.784731059999999923e-10 2.834671659999999840e-10 2.884288640000000222e-10 2.933569500000000186e-10 2.982502300000000205e-10 3.031076219999999851e-10 3.079281270000000012e-10 3.127107739999999930e-10
3.959375800000000037e-12 4.284435220000000096e-12 3.635856590000000191e-12 2.869790560000000033e-12 2.235120080000000159e-12 1.761487009999999970e-12 1.425976090000000033e-12 1.201379600000000048e-12 1.067199060000000080e-12 1.010547980000000056e-12 1.024818029999999983e-12 1.108184069999999916e-12 1.262391229999999979e-12 1.491839309999999917e-12 1.802893769999999919e-12 2.203355340000000071e-12 2.702039979999999893e-12 3.308434259999999985e-12 4.032406789999999864e-12 4.883962590000000326e-12 5.873030790000000039e-12 7.009280309999999651e-12 8.301965890000000793e-12 9.759792800000000362e-12 1.139080499999999995e-11 1.320230209999999959e-11 1.520076250000000058e-11 1.739179979999999935e-11 1.978012369999999884e-11 2.236953499999999915e-11 2.516290819999999882e-11 2.816221210000000022e-11 3.136852579999999942e-11 3.478207309999999961e-11 3.840225010000000114e-11 4.222767970000000069e-11 4.625624880000000307e-11 5.048516470000000204e-11 5.491099940000000266e-11 5.952974919999999758e-11 6.433689689999999643e-11 6.932742570000000476e-11 7.449593029999999453e-11 7.983660950000000318e-11 8.534335740000000533e-11 9.100977610000000095e-11 9.682925289999999523e-11 1.027949740000000033e-10 1.088999720000000033e-10 1.151371710000000044e-10 1.214994079999999883e-10 1.279794740000000004e-10 1.345701469999999947e-10 1.412641950000000099e-10 1.480544300000000065e-10 1.549337190000000094e-10 1.618950110000000002e-10 1.689313130000000068e-10 1.760357690000000007e-10 1.832016619999999882e-10 1.904223719999999993e-10 1.976914470000000061e-10 2.050025980000000034e-10 2.123496799999999919e-10 2.197267649999999874e-10 2.271280390000000071e-10 2.345479370000000244e-10 2.419810189999999752e-10 2.494220939999999840e-10 2.568661389999999884e-10 2.643082699999999865e-10 2.717439050000000086e-10 2.791685769999999772e-10 2.865779839999999807e-10 2.939681280000000249e-10 3.013350679999999866e-10 3.086751410000000197e-10 3.159848219999999827e-10 3.232607789999999944e-10 3.304998500000000000e-10 3.376990630000000158e-10 3.448555889999999921e-10 3.519667340000000151e-10 3.590300829999999767e-10 3.660432240000000098e-10 3.730039890000000001e-10 3.799103249999999839e-10 3.867603739999999872e-10 3.935523019999999983e-10 4.002845280000000156e-10 4.069555249999999785e-10 4.135639049999999904e-10 4.201083930000000067e-10 4.265878480000000215e-10 4.330012180000000221e-10 4.393475859999999767e-10 4.456260919999999833e-10 4.518359850000000157e-10 4.579766010000000006e-10 4.640474389999999914e-10
5.601997599999999988e-12 6.073688430000000288e-12 5.158488649999999791e-12 4.077822280000000030e-12 3.187115939999999852e-12 2.530552590000000159e-12 2.078140179999999809e-12 1.794331289999999946e-12 1.653665270000000017e-12 1.642015079999999931e-12 1.754610239999999990e-12 1.993787950000000159e-12 2.367117350000000202e-12 2.885928259999999887e-12 3.564162850000000061e-12 4.417462060000000099e-12 5.462428249999999979e-12 6.716022700000000239e-12 8.195067019999999791e-12 9.915832909999999506e-12 1.189371080000000028e-11 1.414293510000000032e-11 1.667637380000000134e-11 1.950536609999999948e-11 2.263960550000000053e-11 2.608706310000000150e-11 2.985394919999999755e-11 3.394470819999999842e-11 3.836204269999999710e-11 4.310695199999999854e-11 4.817881160000000089e-11 5.357543920000000132e-11 5.929320920000000069e-11 6.532713260000000124e-11 7.167099550000000574e-11 7.831744970000000515e-11 8.525815469999999602e-11 9.248386080000000580e-11 9.998454840000000201e-11 1.077495250000000064e-10 1.157675340000000027e-10 1.240268579999999929e-10 1.325154009999999995e-10 1.412207709999999908e-10 1.501304080000000056e-10 1.592315860000000002e-10 1.685115520000000121e-10 1.779575239999999910e-10 1.875568029999999927e-10 1.972967900000000015e-10 2.071650210000000084e-10 2.171492849999999890e-10 2.272375199999999984e-10 2.374180020000000156e-10 2.476792100000000137e-10 2.580100020000000103e-10 2.683995249999999764e-10 2.788372869999999817e-10 2.893131010000000070e-10 2.998172269999999873e-10 3.103401980000000089e-10 3.208730229999999931e-10 3.314070129999999972e-10 3.419338700000000001e-10 3.524456559999999821e-10 3.629349039999999946e-10 3.733943990000000022e-10 3.838173109999999784e-10 3.941972580000000001e-10 4.045281330000000252e-10 4.148041910000000008e-10 4.250200189999999880e-10 4.351705379999999953e-10 4.452510029999999785e-10 4.552569990000000190e-10 4.651843350000000174e-10 4.750291829999999614e-10 4.847879879999999893e-10 4.944574190000000071e-10 5.040344810000000115e-10 5.135163409999999761e-10 5.229005010000000228e-10 5.321846299999999628e-10 5.413666739999999933e-10 5.504447449999999551e-10 5.594171239999999866e-10 5.682823659999999581e-10 5.770391389999999539e-10 5.856863880000000304e-10 5.942231149999999605e-10 6.026485419999999801e-10 6.109620029999999763e-10 6.191630539999999769e-10 6.272511950000000295e-10 6.352263159999999542e-10 6.430882490000000159e-10 6.508369949999999503e-10 6.584726100000000481e-10 6.659953140000000486e-10 6.734054430000000425e-10
7.929549379999999352e-12 8.612583740000000505e-12 7.322126409999999646e-12 5.800557950000000103e-12 4.556311490000000375e-12 3.656423689999999913e-12 3.063667160000000068e-12 2.734057340000000165e-12 2.638978009999999871e-12 2.766745599999999984e-12 3.119496630000000100e-12 3.709635460000000220e-12 4.556786810000000273e-12 5.685338479999999856e-12 7.122482730000000364e-12 8.896647309999999398e-12 1.103625350000000036e-11 1.356872430000000002e-11 1.651972480000000097e-11 1.991257160000000036e-11 2.376781410000000063e-11 2.810293140000000090e-11 3.293214660000000125e-11 3.826633799999999995e-11 4.411301190000000035e-11 5.047635570000000277e-11 5.735733759999999744e-11 6.475385510000000172e-11 7.266088429999999448e-11 8.107073349999999781e-11 8.997321639999999610e-11 9.935590540000000146e-11 1.092043679999999963e-10 1.195024079999999951e-10 1.302323249999999905e-10 1.413750919999999914e-10 1.529106290000000127e-10 1.648180200000000001e-10 1.770756460000000044e-10 1.896614250000000092e-10 2.025530020000000021e-10 2.157278239999999986e-10 2.291633690000000127e-10 2.428371949999999754e-10 2.567270839999999985e-10 2.708112069999999986e-10 2.850680800000000072e-10 2.994767209999999968e-10 3.140167019999999881e-10 3.286681759999999948e-10 3.434119660000000168e-10 3.582295289999999932e-10 3.731030759999999754e-10 3.880155359999999771e-10 4.029505339999999999e-10 4.178924429999999861e-10 4.328264410000000002e-10 4.477384019999999917e-10 4.626149190000000212e-10 4.774433629999999651e-10 4.922118819999999869e-10 5.069091809999999706e-10 5.215247119999999534e-10 5.360487610000000276e-10 5.504720010000000243e-10 5.647859959999999590e-10 5.789826950000000116e-10 5.930548829999999915e-10 6.069956759999999831e-10 6.207989119999999579e-10 6.344589299999999888e-10 6.479704550000000488e-10 6.613288810000000510e-10 6.745298759999999504e-10 6.875697229999999600e-10 7.004450350000000051e-10 7.131527590000000102e-10 7.256903969999999935e-10 7.380556719999999656e-10 7.502465870000000467e-10 7.622616980000000493e-10 7.740996180000000196e-10 7.857593460000000063e-10 7.972402739999999689e-10 8.085417890000000509e-10 8.196636699999999503e-10 8.306059169999999774e-10 8.413686970000000282e-10 8.519524530000000289e-10 8.623576299999999972e-10 8.725850040000000191e-10 8.826354090000000463e-10 8.925099549999999569e-10 9.022096399999999781e-10 9.117359090000000328e-10 9.210899819999999723e-10 9.302734690000000409e-10 9.392878699999999931e-10 9.481349040000000004e-10 9.568161820000000428e-10
1.122929179999999953e-11 1.221698959999999980e-11 1.039973840000000016e-11 8.263583390000000073e-12 6.537830169999999676e-12 5.326676600000000135e-12 4.588532679999999808e-12 4.274347800000000202e-12 4.358549550000000389e-12 4.840555039999999606e-12 5.739513899999999875e-12 7.088414920000000260e-12 8.928978219999999322e-12 1.130751479999999929e-11 1.427165159999999979e-11 1.786778879999999864e-11 2.213918109999999961e-11 2.712454569999999951e-11 3.285708860000000293e-11 3.936391840000000044e-11 4.666571989999999994e-11 5.477667280000000231e-11 6.370453469999999441e-11 7.345087040000000066e-11 8.401138809999999925e-11 9.537629019999999538e-11 1.075307690000000005e-10 1.204554510000000075e-10 1.341269179999999978e-10 1.485181559999999902e-10 1.635990929999999959e-10 1.793370730000000079e-10 1.956972919999999944e-10 2.126432919999999894e-10 2.301372840000000021e-10 2.481406470000000008e-10 2.666141470000000197e-10 2.855183590000000026e-10 3.048139520000000118e-10 3.244618189999999805e-10 3.444234900000000224e-10 3.646611619999999962e-10 3.851379220000000032e-10 4.058179899999999907e-10 4.266666189999999790e-10 4.476503889999999854e-10 4.687371600000000423e-10 4.898962350000000136e-10 5.110982749999999909e-10 5.323154139999999797e-10 5.535212839999999578e-10 5.746907950000000339e-10 5.958005759999999708e-10 6.168284770000000490e-10 6.377538499999999814e-10 6.585573750000000406e-10 6.792211789999999969e-10 6.997286080000000464e-10 7.200642300000000179e-10 7.402138900000000312e-10 7.601647090000000383e-10 7.799046960000000383e-10 7.994230830000000192e-10 8.187102110000000080e-10 8.377572519999999492e-10 8.565563259999999986e-10 8.751004920000000073e-10 8.933835889999999926e-10 9.114003440000000188e-10 9.291461490000000110e-10 9.466171180000000910e-10 9.638099210000000039e-10 9.807220590000000325e-10 9.973514239999999681e-10 1.013696569999999945e-09 1.029756500000000093e-09 1.045530660000000052e-09 1.061019050000000031e-09 1.076221889999999973e-09 1.091139960000000047e-09 1.105774249999999905e-09 1.120126099999999933e-09 1.134197289999999996e-09 1.147989589999999914e-09 1.161505339999999976e-09 1.174746740000000058e-09 1.187716700000000095e-09 1.200417649999999951e-09 1.212852819999999952e-09 1.225025080000000063e-09 1.236937889999999980e-09 1.248594450000000102e-09 1.259998219999999921e-09 1.271152849999999978e-09 1.282061900000000002e-09 1.292729029999999961e-09 1.303158029999999988e-09 1.313352759999999907e-09 1.323316899999999980e-09 1.333054439999999991e-09
1.590998169999999899e-11 1.733738330000000007e-11 1.478358930000000042e-11 1.179790030000000022e-11 9.430931730000000517e-12 7.849602910000000544e-12 7.018192449999999806e-12 6.893825349999999658e-12 7.468804220000000015e-12 8.770833889999999437e-12 1.085366430000000048e-11 1.378706180000000025e-11 1.764828729999999856e-11 2.251536979999999950e-11 2.846202090000000125e-11 3.555397639999999745e-11 4.384652709999999769e-11 5.338302369999999816e-11 6.419419860000000045e-11 7.629805809999999782e-11 8.970024029999999763e-11 1.043947219999999996e-10 1.203646769999999906e-10 1.375835279999999992e-10 1.560160199999999978e-10 1.756193250000000014e-10 1.963441220000000052e-10 2.181357180000000055e-10 2.409349659999999993e-10 2.646792780000000201e-10 2.893034149999999862e-10 3.147404000000000146e-10 3.409221789999999950e-10 3.677802229999999757e-10 3.952462519999999870e-10 4.232525720000000231e-10 4.517326510000000120e-10 4.806214319999999900e-10 5.098557689999999657e-10 5.393744340000000337e-10 5.691185860000000448e-10 5.990318800000000496e-10 6.290605810000000416e-10 6.591535099999999646e-10 6.892623139999999849e-10 7.193415309999999541e-10 7.493482499999999616e-10 7.792425040000000388e-10 8.089869330000000224e-10 8.385469540000000014e-10 8.678904820000000466e-10 8.969879839999999956e-10 9.258124269999999661e-10 9.543390520000000315e-10 9.825454889999999057e-10 1.010411419999999944e-09 1.037918529999999934e-09 1.065050599999999941e-09 1.091793099999999965e-09 1.118133360000000021e-09 1.144060400000000000e-09 1.169564669999999960e-09 1.194638170000000039e-09 1.219274130000000064e-09 1.243467109999999997e-09 1.267213110000000010e-09 1.290508699999999920e-09 1.313352090000000024e-09 1.335741849999999950e-09 1.357677749999999913e-09 1.379160230000000013e-09 1.400190740000000092e-09 1.420771060000000013e-09 1.440903729999999925e-09 1.460591870000000078e-09 1.479839029999999949e-09 1.498649199999999941e-09 1.517027060000000017e-09 1.534977260000000003e-09 1.552505120000000024e-09 1.569616100000000002e-09 1.586315750000000049e-09 1.602610160000000000e-09 1.618505550000000058e-09 1.634008150000000057e-09 1.649124389999999898e-09 1.663860830000000059e-09 1.678224230000000047e-09 1.692221360000000035e-09 1.705858900000000002e-09 1.719143719999999946e-09 1.732082809999999985e-09 1.744682949999999924e-09 1.756951030000000057e-09 1.768893919999999967e-09 1.780518509999999948e-09 1.791831460000000098e-09 1.802839539999999968e-09 1.813549529999999983e-09 1.823967979999999955e-09
2.255402120000000035e-11 2.461760139999999963e-11 2.104048709999999928e-11 1.689603319999999887e-11 1.370740669999999936e-11 1.175112260000000000e-11 1.102329600000000061e-11 1.151390699999999924e-11 1.326263230000000052e-11 1.635489140000000000e-11 2.090496700000000143e-11 2.703925799999999929e-11 3.488276680000000099e-11 4.454915259999999934e-11 5.613392389999999779e-11 6.971027920000000368e-11 8.532703020000000231e-11 1.030081849999999942e-10 1.227537239999999939e-10 1.445412259999999961e-10 1.683280320000000032e-10 1.940537180000000053e-10 2.216426349999999991e-10 2.510064660000000095e-10 2.820466640000000109e-10 3.146567450000000037e-10 3.487242440000000060e-10 3.841327529999999760e-10 4.207634240000000149e-10 4.584964909999999906e-10 4.972124930000000445e-10 5.367933879999999801e-10 5.771232940000000208e-10 6.180895799999999723e-10 6.595831100000000103e-10 7.014989699999999686e-10 7.437367940000000059e-10 7.862011039999999490e-10 8.288014160000000130e-10 8.714523549999999696e-10 9.140739830000000084e-10 9.565914730000000707e-10 9.989351569999999800e-10 1.041040699999999970e-09 1.082848589999999963e-09 1.124304430000000022e-09 1.165358369999999973e-09 1.205965219999999927e-09 1.246084009999999978e-09 1.285678119999999949e-09 1.324714889999999934e-09 1.363165140000000021e-09 1.401003540000000075e-09 1.438207999999999921e-09 1.474759429999999924e-09 1.510641829999999949e-09 1.545841900000000098e-09 1.580348739999999998e-09 1.614153919999999941e-09 1.647251219999999927e-09 1.679636430000000023e-09 1.711306989999999989e-09 1.742262219999999900e-09 1.772502920000000011e-09 1.802031409999999902e-09 1.830851140000000054e-09 1.858966760000000086e-09 1.886383940000000030e-09 1.913109450000000056e-09 1.939150839999999884e-09 1.964516109999999996e-09 1.989214350000000145e-09 2.013254900000000167e-09 2.036647739999999851e-09 2.059403309999999796e-09 2.081532499999999915e-09 2.103046180000000035e-09 2.123955900000000114e-09 2.144272980000000122e-09 2.164009639999999901e-09 2.183176969999999843e-09 2.201787639999999934e-09 2.219853189999999881e-09 2.237385830000000102e-09 2.254397340000000135e-09 2.270899690000000155e-09 2.286904890000000103e-09 2.302424919999999993e-09 2.317471099999999794e-09 2.332055439999999859e-09 2.346189019999999916e-09 2.359883400000000177e-09 2.373149900000000195e-09 2.385999179999999895e-09 2.398442330000000083e-09 2.410490029999999944e-09 2.422152699999999988e-09 2.433440559999999832e-09 2.444364039999999824e-09 2.454932479999999798e-09
3.199262039999999806e-11 3.498053579999999748e-11 2.999580099999999924e-11 2.430476309999999929e-11 2.013567780000000043e-11 1.796133899999999930e-11 1.786586680000000066e-11 1.992504079999999934e-11 2.427603430000000077e-11 3.110387990000000170e-11 4.061227739999999880e-11 5.299745019999999943e-11 6.842904019999999830e-11 8.703791160000000037e-11 1.089095549999999970e-10 1.340818839999999928e-10 1.625462130000000017e-10 1.942505050000000020e-10 2.291040269999999942e-10 2.669827409999999911e-10 3.077351430000000091e-10 3.511877459999999826e-10 3.971507009999999780e-10 4.454223100000000006e-10 4.957936279999999500e-10 5.480521590000000478e-10 6.019847949999999812e-10 6.573807609999999763e-10 7.140337210000000367e-10 7.717433359999999763e-10 8.303167600000000249e-10 8.895698070000000088e-10 9.493272829999999822e-10 1.009424100000000081e-09 1.069704990000000037e-09 1.130024959999999960e-09 1.190249570000000049e-09 1.250254229999999921e-09 1.309924499999999947e-09 1.369155460000000099e-09 1.427851730000000041e-09 1.485927049999999945e-09 1.543303599999999944e-09 1.599911869999999965e-09 1.655690249999999974e-09 1.710584120000000053e-09 1.764546290000000091e-09 1.817535459999999951e-09 1.869516990000000004e-09 1.920461349999999814e-09 1.970344549999999839e-09 2.019147069999999977e-09 2.066854240000000020e-09 2.113455190000000141e-09 2.158942800000000057e-09 2.203313749999999866e-09 2.246567149999999948e-09 2.288705669999999994e-09 2.329733740000000094e-09 2.369658469999999868e-09 2.408489409999999877e-09 2.446236990000000056e-09 2.482914100000000129e-09 2.518534710000000082e-09 2.553113939999999856e-09 2.586668209999999804e-09 2.619214849999999990e-09 2.650771600000000032e-09 2.681357360000000164e-09 2.710991429999999921e-09 2.739693360000000158e-09 2.767483349999999870e-09 2.794381389999999804e-09 2.820408350000000077e-09 2.845584430000000099e-09 2.869930290000000086e-09 2.893466580000000003e-09 2.916213709999999987e-09 2.938192129999999939e-09 2.959422259999999834e-09 2.979923860000000014e-09 2.999716699999999835e-09 3.018820529999999801e-09 3.037254449999999797e-09 3.055037560000000121e-09 3.072188280000000110e-09 3.088725280000000008e-09 3.104666080000000107e-09 3.120028460000000201e-09 3.134829729999999851e-09 3.149086550000000068e-09 3.162815790000000109e-09 3.176032990000000128e-09 3.188754370000000003e-09 3.200994800000000006e-09 3.212769830000000133e-09 3.224093440000000207e-09 3.234980060000000195e-09 3.245443469999999858e-09 3.255497209999999956e-09
4.541464079999999848e-11 4.975440550000000289e-11 4.286439610000000239e-11 3.518407790000000006e-11 3.001198249999999894e-11 2.817542029999999928e-11 2.995422310000000216e-11 3.559993969999999929e-11 4.541719780000000114e-11 5.973316289999999713e-11 7.885177929999999422e-11 1.030182050000000011e-10 1.323974539999999937e-10 1.670651119999999939e-10 2.070068560000000117e-10 2.521240990000000245e-10 3.022432859999999790e-10 3.571273829999999808e-10 4.164879830000000064e-10 4.799975419999999867e-10 5.473005380000000000e-10 6.180240760000000027e-10 6.917864610000000409e-10 7.682049439999999531e-10 8.469019930000000496e-10 9.275101240000000306e-10 1.009675790000000035e-09 1.093061970000000036e-09 1.177350659999999914e-09 1.262243860000000007e-09 1.347464140000000056e-09 1.432755139999999984e-09 1.517881489999999952e-09 1.602628249999999935e-09 1.686800370000000001e-09 1.770222080000000078e-09 1.852735740000000001e-09 1.934201020000000201e-09 2.014494130000000137e-09 2.093506039999999876e-09 2.171142820000000166e-09 2.247323219999999921e-09 2.321978389999999941e-09 2.395050819999999844e-09 2.466493450000000096e-09 2.536269189999999877e-09 2.604348740000000185e-09 2.670711649999999878e-09 2.735343949999999798e-09 2.798238969999999803e-09 2.859394940000000073e-09 2.918816079999999968e-09 2.976511040000000179e-09 3.032492259999999872e-09 3.086776830000000111e-09 3.139384090000000197e-09 3.190336439999999824e-09 3.239659209999999953e-09 3.287379480000000036e-09 3.333526119999999844e-09 3.378129329999999907e-09 3.421221080000000158e-09 3.462834019999999838e-09 3.503001670000000202e-09 3.541758000000000168e-09 3.579137650000000190e-09 3.615175270000000147e-09 3.649906160000000123e-09 3.683364949999999910e-09 3.715586730000000103e-09 3.746606139999999917e-09 3.776457810000000383e-09 3.805175289999999787e-09 3.832792749999999591e-09 3.859343069999999854e-09 3.884858659999999990e-09 3.909372380000000381e-09 3.932914880000000044e-09 3.955517249999999956e-09 3.977210120000000286e-09 3.998022359999999980e-09 4.017983279999999944e-09 4.037120860000000329e-09 4.055462630000000315e-09 4.073034799999999820e-09 4.089864000000000219e-09 4.105975119999999686e-09 4.121392560000000209e-09 4.136141209999999960e-09 4.150243260000000389e-09 4.163721370000000282e-09 4.176598180000000403e-09 4.188893679999999847e-09 4.200629619999999755e-09 4.211824669999999958e-09 4.222499240000000179e-09 4.232671099999999963e-09 4.242358459999999984e-09 4.251579089999999787e-09 4.260349849999999618e-09
6.452524629999999497e-11 7.086140010000000506e-11 6.146069070000000153e-11 5.138871619999999858e-11 4.559706779999999681e-11 4.554630980000000274e-11 5.189463789999999990e-11 6.519535609999999633e-11 8.598718959999999822e-11 1.147422089999999983e-10 1.518059149999999913e-10 1.973612659999999981e-10 2.514175810000000150e-10 3.138174999999999867e-10 3.842551829999999913e-10 4.623001980000000197e-10 5.474237169999999500e-10 6.390240560000000478e-10 7.364506780000000170e-10 8.390255159999999674e-10 9.460611180000000776e-10 1.056876030000000073e-09 1.170806559999999992e-09 1.287216110000000070e-09 1.405502160000000064e-09 1.525100710000000099e-09 1.645489079999999905e-09 1.766187749999999984e-09 1.886759860000000004e-09 2.006811379999999965e-09 2.125988939999999845e-09 2.243979220000000185e-09 2.360505789999999805e-09 2.475327049999999858e-09 2.588234070000000000e-09 2.699048099999999912e-09 2.807617920000000112e-09 2.913817410000000017e-09 3.017543769999999945e-09 3.118715060000000080e-09 3.217267559999999880e-09 3.313155080000000172e-09 3.406346090000000086e-09 3.496822610000000178e-09 3.584578859999999929e-09 3.669619280000000091e-09 3.751957409999999771e-09 3.831615030000000038e-09 3.908621430000000055e-09 3.983010809999999969e-09 4.054824030000000234e-09 4.124105059999999645e-09 4.190901850000000252e-09 4.255266360000000256e-09 4.317252330000000408e-09 4.376915270000000041e-09 4.434312029999999906e-09 4.489501659999999801e-09 4.542543670000000333e-09 4.593496689999999843e-09 4.642421559999999692e-09 4.689377329999999679e-09 4.734423959999999726e-09 4.777620520000000135e-09 4.819025620000000397e-09 4.858696559999999754e-09 4.896689719999999966e-09 4.933061959999999966e-09 4.967867450000000148e-09 5.001159929999999611e-09 5.032991800000000168e-09 5.063414130000000399e-09 5.092476659999999779e-09 5.120228689999999964e-09 5.146717270000000233e-09 5.171988169999999958e-09 5.196086230000000363e-09 5.219054970000000100e-09 5.240936569999999712e-09 5.261771019999999703e-09 5.281598709999999879e-09 5.300456960000000226e-09 5.318383509999999704e-09 5.335413890000000045e-09 5.351582289999999904e-09 5.366922019999999808e-09 5.381465940000000141e-09 5.395244249999999776e-09 5.408287600000000212e-09 5.420624389999999748e-09 5.432282619999999865e-09 5.443288930000000122e-09 5.453669960000000077e-09 5.463450140000000405e-09 5.472653440000000143e-09 5.481302969999999875e-09 5.489421359999999702e-09 5.497029499999999830e-09 5.504148250000000127e-09 5.510797599999999685e-09
9.177893170000000561e-11 1.011043119999999997e-10 8.854661450000000106e-11 7.597927150000000171e-11 7.094163449999999947e-11 7.598920099999999833e-11 9.242261119999999758e-11 1.212184939999999926e-10 1.631383359999999877e-10 2.186677370000000114e-10 2.879652909999999912e-10 3.708546529999999824e-10 4.668526680000000107e-10 5.752182060000000164e-10 6.950093830000000244e-10 8.251408999999999831e-10 9.644359759999999322e-10 1.111672309999999897e-09 1.265619500000000067e-09 1.425069949999999903e-09 1.588861379999999976e-09 1.755894539999999982e-09 1.925144709999999922e-09 2.095669189999999971e-09 2.266610900000000176e-09 2.437199110000000192e-09 2.606748369999999893e-09 2.774654950000000056e-09 2.940393260000000064e-09 3.103510779999999926e-09 3.263622479999999825e-09 3.420405509999999830e-09 3.573593420000000203e-09 3.722971040000000101e-09 3.868368739999999714e-09 4.009657490000000179e-09 4.146745170000000172e-09 4.279570920000000312e-09 4.408101880000000215e-09 4.532329620000000171e-09 4.652266130000000031e-09 4.767942490000000109e-09 4.879403990000000118e-09 4.986709269999999890e-09 5.089928919999999759e-09 5.189140670000000019e-09 5.284431559999999629e-09 5.375892180000000336e-09 5.463620669999999675e-09 5.547715620000000287e-09 5.628280509999999922e-09 5.705418799999999960e-09 5.779236640000000326e-09 5.849838840000000349e-09 5.917330179999999847e-09 5.981815929999999786e-09 6.043399559999999732e-09 6.102182760000000005e-09 6.158265449999999867e-09 6.211746669999999620e-09 6.262722780000000038e-09 6.311287490000000222e-09 6.357532279999999885e-09 6.401547289999999803e-09 6.443418689999999817e-09 6.483230399999999876e-09 6.521064580000000363e-09 6.557000280000000008e-09 6.591113880000000327e-09 6.623479099999999675e-09 6.654167879999999642e-09 6.683248619999999699e-09 6.710787930000000234e-09 6.736850189999999766e-09 6.761496250000000323e-09 6.784786509999999650e-09 6.806777810000000316e-09 6.827524770000000377e-09 6.847080240000000135e-09 6.865495279999999985e-09 6.882819199999999765e-09 6.899097740000000157e-09 6.914376630000000354e-09 6.928698950000000358e-09 6.942106000000000098e-09 6.954637750000000405e-09 6.966332400000000220e-09 6.977226350000000394e-09 6.987354689999999871e-09 6.996751180000000146e-09 7.005447779999999663e-09 7.013475580000000225e-09 7.020864779999999880e-09 7.027642469999999982e-09 7.033837070000000163e-09 7.039474340000000195e-09 7.044578700000000089e-09 7.049174579999999690e-09 7.053285069999999908e-09 7.056931479999999924e-09
1.307254030000000126e-10 1.446117669999999977e-10 1.284256589999999977e-10 1.141617769999999949e-10 1.134275800000000016e-10 1.305684170000000051e-10 1.678152479999999922e-10 2.265532760000000128e-10 3.075067419999999995e-10 4.107308939999999988e-10 5.356350919999999565e-10 6.810645939999999749e-10 8.454185680000000135e-10 1.026779329999999957e-09 1.223033560000000002e-09 1.431977310000000064e-09 1.651400239999999937e-09 1.879150169999999795e-09 2.113180739999999922e-09 2.351583370000000185e-09 2.592607460000000063e-09 2.834670719999999996e-09 3.076363389999999916e-09 3.316444900000000089e-09 3.553838559999999999e-09 3.787621769999999609e-09 4.017015610000000348e-09 4.241373470000000161e-09 4.460168230000000092e-09 4.672980219999999871e-09 4.879486149999999673e-09 5.079447089999999931e-09 5.272698280000000403e-09 5.459139359999999868e-09 5.638725490000000410e-09 5.811459309999999727e-09 5.977383030000000357e-09 6.136573469999999986e-09 6.289134549999999977e-09 6.435193709999999761e-09 6.574896179999999642e-09 6.708402279999999936e-09 6.835882970000000382e-09 6.957517669999999939e-09 7.073491569999999904e-09 7.183993839999999864e-09 7.289215449999999978e-09 7.389346909999999601e-09 7.484579180000000708e-09 7.575099659999999345e-09 7.661094869999999216e-09 7.742746000000000344e-09 7.820232460000000196e-09 7.893726560000000595e-09 7.963397049999999912e-09 8.029408250000000566e-09 8.091919130000000789e-09 8.151081589999999371e-09 8.207043930000000573e-09 8.259950060000000473e-09 8.309934959999999416e-09 8.357131879999999346e-09 8.401667809999999551e-09 8.443662660000000040e-09 8.483235450000000369e-09 8.520495419999999960e-09 8.555551819999999723e-09 8.588505020000000718e-09 8.619454480000000568e-09 8.648493479999999562e-09 8.675711700000000147e-09 8.701195320000000349e-09 8.725025149999999291e-09 8.747280230000000001e-09 8.768034300000000508e-09 8.787359280000000246e-09 8.805323579999999351e-09 8.821990250000000549e-09 8.837423240000000238e-09 8.851681170000000230e-09 8.864819989999999335e-09 8.876892999999999654e-09 8.887952599999999693e-09 8.898046740000000675e-09 8.907222519999999416e-09 8.915524320000000467e-09 8.922994790000000055e-09 8.929673889999999997e-09 8.935600699999999848e-09 8.940811650000000798e-09 8.945342239999999273e-09 8.949225359999999307e-09 8.952493860000000618e-09 8.955177039999999311e-09 8.957304229999999275e-09 8.958902950000000681e-09 8.959999849999999617e-09 8.960620689999999992e-09 8.960788559999999407e-09 8.960526540000000585e-09
1.865293060000000011e-10 2.075467710000000004e-10 1.879819219999999915e-10 1.750136010000000028e-10 1.865794599999999890e-10 2.297074200000000108e-10 3.076573159999999762e-10 4.217689250000000010e-10 5.719017480000000113e-10 7.566402499999999608e-10 9.735258160000000638e-10 1.219329970000000039e-09 1.490332079999999920e-09 1.782569199999999929e-09 2.092039870000000191e-09 2.414858310000000198e-09 2.747361670000000111e-09 3.086178869999999916e-09 3.428269450000000023e-09 3.770938229999999982e-09 4.111834869999999832e-09 4.448941219999999793e-09 4.780553289999999972e-09 5.105253999999999956e-09 5.421891380000000129e-09 5.729547500000000371e-09 6.027514490000000359e-09 6.315268309999999967e-09 6.592443920000000128e-09 6.858813959999999666e-09 7.114269170000000315e-09 7.358798460000000030e-09 7.592473319999999429e-09 7.815433629999999593e-09 8.027876140000000375e-09 8.230039760000000012e-09 8.422199829999999586e-09 8.604658319999999899e-09 8.777735869999999931e-09 8.941765550000000471e-09 9.097091970000000364e-09 9.244059740000000108e-09 9.383017920000000794e-09 9.514310230000000815e-09 9.638277730000000367e-09 9.755252609999999627e-09 9.865562590000000163e-09 9.969522100000000794e-09 1.006743839999999921e-08 1.015960649999999995e-08 1.024631310000000011e-08 1.032783010000000034e-08 1.040441949999999978e-08 1.047633359999999944e-08 1.054381199999999961e-08 1.060708320000000034e-08 1.066636560000000009e-08 1.072186610000000032e-08 1.077378279999999964e-08 1.082230480000000044e-08 1.086760899999999954e-08 1.090986499999999973e-08 1.094923529999999987e-08 1.098586999999999983e-08 1.101991650000000026e-08 1.105150989999999958e-08 1.108078159999999996e-08 1.110785420000000078e-08 1.113284489999999969e-08 1.115586470000000065e-08 1.117701750000000038e-08 1.119640289999999919e-08 1.121411589999999925e-08 1.123024430000000043e-08 1.124487350000000015e-08 1.125808340000000074e-08 1.126995030000000004e-08 1.128054450000000062e-08 1.128993429999999942e-08 1.129818549999999923e-08 1.130535839999999942e-08 1.131151080000000021e-08 1.131669779999999931e-08 1.132097170000000017e-08 1.132438049999999988e-08 1.132697220000000052e-08 1.132879119999999968e-08 1.132987840000000049e-08 1.133027539999999965e-08 1.133001780000000026e-08 1.132914379999999958e-08 1.132768629999999985e-08 1.132567729999999968e-08 1.132314780000000067e-08 1.132012710000000060e-08 1.131664269999999995e-08 1.131272140000000065e-08 1.130838710000000039e-08 1.130366470000000049e-08 1.129857539999999944e-08
2.667633060000000003e-10 2.992635030000000212e-10 2.785227329999999797e-10 2.746104180000000173e-10 3.150279760000000175e-10 4.103000720000000102e-10 5.641104810000000427e-10 7.762919199999999858e-10 1.043942930000000040e-09 1.362164829999999987e-09 1.724719590000000051e-09 2.124623139999999978e-09 2.554644049999999823e-09 3.007689649999999870e-09 3.477076629999999827e-09 3.956703850000000189e-09 4.441142120000000169e-09 4.925668759999999864e-09 5.406255890000000409e-09 5.879535529999999884e-09 6.342746770000000130e-09 6.793677619999999794e-09 7.230601449999999874e-09 7.652216640000000200e-09 8.057587489999999455e-09 8.446092709999999601e-09 8.817373500000000416e-09 9.171292169999999200e-09 9.507894920000000754e-09 9.827374470000000008e-09 1.013004439999999964e-08 1.041631140000000043e-08 1.068665689999999983e-08 1.094161290000000033e-08 1.118175419999999987e-08 1.140767920000000062e-08 1.162000179999999974e-08 1.181934279999999991e-08 1.200632129999999996e-08 1.218154909999999969e-08 1.234562939999999950e-08 1.249914570000000008e-08 1.264266819999999957e-08 1.277674500000000063e-08 1.290190180000000045e-08 1.301864570000000020e-08 1.312745729999999922e-08 1.322879670000000025e-08 1.332310080000000029e-08 1.341078360000000062e-08 1.349223750000000058e-08 1.356783399999999949e-08 1.363792279999999964e-08 1.370283530000000078e-08 1.376288329999999975e-08 1.381835890000000031e-08 1.386954020000000013e-08 1.391668560000000051e-08 1.396004020000000018e-08 1.399983329999999943e-08 1.403628059999999920e-08 1.406958459999999953e-08 1.409993630000000007e-08 1.412751339999999959e-08 1.415248450000000052e-08 1.417500609999999983e-08 1.419522720000000035e-08 1.421328649999999996e-08 1.422931370000000030e-08 1.424343130000000072e-08 1.425575570000000028e-08 1.426639339999999983e-08 1.427544570000000024e-08 1.428301029999999956e-08 1.428917430000000074e-08 1.429402369999999976e-08 1.429763770000000036e-08 1.430008999999999957e-08 1.430145160000000017e-08 1.430178729999999965e-08 1.430116110000000021e-08 1.429962990000000015e-08 1.429724960000000073e-08 1.429407170000000017e-08 1.429014599999999947e-08 1.428551769999999979e-08 1.428023030000000011e-08 1.427432480000000027e-08 1.426784109999999975e-08 1.426081389999999969e-08 1.425327769999999950e-08 1.424526630000000003e-08 1.423680999999999935e-08 1.422793619999999960e-08 1.421867420000000017e-08 1.420904900000000078e-08 1.419908549999999942e-08 1.418880569999999980e-08 1.417823279999999940e-08 1.416738549999999921e-08
3.826393370000000079e-10 4.342388949999999804e-10 4.190502669999999956e-10 4.415521840000000100e-10 5.429272589999999552e-10 7.371479540000000293e-10 1.026017269999999977e-09 1.404492190000000012e-09 1.863289970000000160e-09 2.390664110000000001e-09 2.973752579999999906e-09 3.599586409999999905e-09 4.255801930000000250e-09 4.931097750000000173e-09 5.615485850000000344e-09 6.300390880000000193e-09 6.978636780000000344e-09 7.644368690000000720e-09 8.292930789999999820e-09 8.920730820000000826e-09 9.525094489999999772e-09 1.010412910000000047e-08 1.065660000000000061e-08 1.118181459999999927e-08 1.167952050000000038e-08 1.214982339999999956e-08 1.259311059999999952e-08 1.300998950000000032e-08 1.340123390000000047e-08 1.376774250000000024e-08 1.411049940000000066e-08 1.443054920000000054e-08 1.472896740000000027e-08 1.500684729999999928e-08 1.526527700000000033e-08 1.550533569999999836e-08 1.572807660000000154e-08 1.593452300000000023e-08 1.612566440000000049e-08 1.630244920000000025e-08 1.646578340000000044e-08 1.661653219999999895e-08 1.675551610000000088e-08 1.688350790000000114e-08 1.700124310000000090e-08 1.710940719999999865e-08 1.720864870000000095e-08 1.729957689999999853e-08 1.738276009999999885e-08 1.745873129999999974e-08 1.752798790000000096e-08 1.759099359999999977e-08 1.764818339999999917e-08 1.769996240000000092e-08 1.774670369999999988e-08 1.778876069999999950e-08 1.782645849999999919e-08 1.786009920000000097e-08 1.788996859999999997e-08 1.791632799999999843e-08 1.793941880000000052e-08 1.795947209999999883e-08 1.797669570000000005e-08 1.799129019999999864e-08 1.800343340000000164e-08 1.801329750000000110e-08 1.802104070000000110e-08 1.802681030000000063e-08 1.803074129999999971e-08 1.803296180000000113e-08 1.803359059999999975e-08 1.803273970000000147e-08 1.803050859999999998e-08 1.802699679999999887e-08 1.802228940000000045e-08 1.801647359999999942e-08 1.800962580000000030e-08 1.800181870000000143e-08 1.799311810000000064e-08 1.798358970000000067e-08 1.797329219999999872e-08 1.796227879999999852e-08 1.795060459999999943e-08 1.793831390000000069e-08 1.792545490000000112e-08 1.791206829999999880e-08 1.789819309999999954e-08 1.788386860000000099e-08 1.786912840000000063e-08 1.785400449999999872e-08 1.783852710000000158e-08 1.782272639999999899e-08 1.780662910000000112e-08 1.779025819999999875e-08 1.777363860000000147e-08 1.775679339999999845e-08 1.773974210000000087e-08 1.772250609999999901e-08 1.770510140000000127e-08 1.768754569999999841e-08
5.509567250000000189e-10 6.353492180000000351e-10 6.420036719999999544e-10 7.263992189999999888e-10 9.475777940000000054e-10 1.320385130000000047e-09 1.839110529999999953e-09 2.487373860000000097e-09 3.243513679999999953e-09 4.084025119999999778e-09 4.985778010000000154e-09 5.927374590000000362e-09 6.889888659999999900e-09 7.857178020000000644e-09 8.815913329999999335e-09 9.755420469999999204e-09 1.066742610000000066e-08 1.154575189999999995e-08 1.238600330000000026e-08 1.318527070000000054e-08 1.394185030000000029e-08 1.465501049999999958e-08 1.532477970000000083e-08 1.595177500000000058e-08 1.653705790000000137e-08 1.708201220000000094e-08 1.758825440000000009e-08 1.805755189999999973e-08 1.849176459999999883e-08 1.889279840000000108e-08 1.926256670000000101e-08 1.960296280000000162e-08 1.991583790000000073e-08 2.020298420000000057e-08 2.046612829999999897e-08 2.070692059999999924e-08 2.092692949999999842e-08 2.112764009999999843e-08 2.131045379999999931e-08 2.147668889999999944e-08 2.162758150000000077e-08 2.176428640000000084e-08 2.188788350000000143e-08 2.199937649999999990e-08 2.209970160000000020e-08 2.218972560000000072e-08 2.227025320000000153e-08 2.234203219999999949e-08 2.240575190000000091e-08 2.246204819999999839e-08 2.251151440000000073e-08 2.255469229999999866e-08 2.259208289999999970e-08 2.262415320000000049e-08 2.265132609999999854e-08 2.267399600000000046e-08 2.269252520000000096e-08 2.270724759999999896e-08 2.271847070000000149e-08 2.272647669999999924e-08 2.273152690000000106e-08 2.273386099999999899e-08 2.273369759999999984e-08 2.273124269999999980e-08 2.272668280000000042e-08 2.272018840000000145e-08 2.271192119999999985e-08 2.270202340000000124e-08 2.269063509999999899e-08 2.267787559999999970e-08 2.266386190000000096e-08 2.264870069999999874e-08 2.263248610000000153e-08 2.261531049999999907e-08 2.259725559999999921e-08 2.257839960000000040e-08 2.255881170000000156e-08 2.253855770000000048e-08 2.251769969999999877e-08 2.249629110000000022e-08 2.247438319999999967e-08 2.245202780000000040e-08 2.242926560000000049e-08 2.240613920000000029e-08 2.238268420000000123e-08 2.235893959999999918e-08 2.233493569999999884e-08 2.231070439999999882e-08 2.228627239999999933e-08 2.226166449999999836e-08 2.223690739999999947e-08 2.221202240000000116e-08 2.218703090000000034e-08 2.216195229999999987e-08 2.213680439999999883e-08 2.211160319999999899e-08 2.208636469999999884e-08 2.206110490000000017e-08 2.203583450000000143e-08 2.201056759999999884e-08
7.972404400000000259e-10 9.394613979999999208e-10 1.003106380000000069e-09 1.217120629999999943e-09 1.660351190000000090e-09 2.340494239999999915e-09 3.233125990000000108e-09 4.299769430000000078e-09 5.497697850000000296e-09 6.785488169999999815e-09 8.125933699999999815e-09 9.487304280000000563e-09 1.084362639999999938e-08 1.217440189999999943e-08 1.346405479999999993e-08 1.470125440000000045e-08 1.587821789999999995e-08 1.699006089999999983e-08 1.803419640000000095e-08 1.900983550000000165e-08 1.991754669999999951e-08 2.075890219999999940e-08 2.153620039999999944e-08 2.225222850000000137e-08 2.291008450000000014e-08 2.351304930000000100e-08 2.406447309999999988e-08 2.456770079999999928e-08 2.502601860000000119e-08 2.544261509999999965e-08 2.582054210000000134e-08 2.616271290000000022e-08 2.647187889999999985e-08 2.675063369999999982e-08 2.700140730000000051e-08 2.722646819999999878e-08 2.742793009999999839e-08 2.760775610000000145e-08 2.776776320000000151e-08 2.790963370000000047e-08 2.803492189999999916e-08 2.814505960000000070e-08 2.824136300000000113e-08 2.832504719999999902e-08 2.839722240000000085e-08 2.845891170000000024e-08 2.851105309999999840e-08 2.855450280000000026e-08 2.859004770000000023e-08 2.861840539999999877e-08 2.864023510000000086e-08 2.865613349999999985e-08 2.866665310000000146e-08 2.867229120000000043e-08 2.867350620000000062e-08 2.867071560000000110e-08 2.866429760000000002e-08 2.865460050000000086e-08 2.864193859999999960e-08 2.862660149999999921e-08 2.860885040000000024e-08 2.858892500000000134e-08 2.856704380000000103e-08 2.854340230000000041e-08 2.851818339999999989e-08 2.849155049999999862e-08 2.846365450000000002e-08 2.843463240000000145e-08 2.840460490000000003e-08 2.837368920000000002e-08 2.834198650000000060e-08 2.830959110000000040e-08 2.827658639999999953e-08 2.824305409999999923e-08 2.820906180000000118e-08 2.817467500000000145e-08 2.813995080000000005e-08 2.810494590000000016e-08 2.806970830000000054e-08 2.803428069999999991e-08 2.799870379999999966e-08 2.796301499999999848e-08 2.792724629999999996e-08 2.789143139999999995e-08 2.785559520000000142e-08 2.781976429999999961e-08 2.778396180000000024e-08 2.774820729999999963e-08 2.771252029999999902e-08 2.767691849999999911e-08 2.764141630000000117e-08 2.760602950000000031e-08 2.757077059999999886e-08 2.753565020000000020e-08 2.750068080000000005e-08 2.746587140000000126e-08 2.743122879999999941e-08 2.739676400000000128e-08 2.736248029999999968e-08 2.732838839999999966e-08
1.160873949999999960e-09 1.406923240000000099e-09 1.597704409999999973e-09 2.063182069999999816e-09 2.897022620000000081e-09 4.081952110000000044e-09 5.555615519999999783e-09 7.241732100000000228e-09 9.065690420000000165e-09 1.096189890000000002e-08 1.287642530000000053e-08 1.476710130000000001e-08 1.660241009999999874e-08 1.835991450000000116e-08 2.002460599999999912e-08 2.158738970000000015e-08 2.304374470000000076e-08 2.439260169999999921e-08 2.563542799999999838e-08 2.677548140000000113e-08 2.781724539999999902e-08 2.876597270000000053e-08 2.962734590000000061e-08 3.040723940000000243e-08 3.111152579999999865e-08 3.174594809999999687e-08 3.231604500000000077e-08 3.282707789999999678e-08 3.328401730000000266e-08 3.369150649999999807e-08 3.405386549999999690e-08 3.437511249999999956e-08 3.465894240000000102e-08 3.490876209999999707e-08 3.512770520000000062e-08 3.531863870000000244e-08 3.548418800000000233e-08 3.562675490000000160e-08 3.574852770000000134e-08 3.585151020000000172e-08 3.593752139999999692e-08 3.600822039999999803e-08 3.606511360000000214e-08 3.610956869999999693e-08 3.614283980000000000e-08 3.616604969999999869e-08 3.618023209999999992e-08 3.618631439999999822e-08 3.618513840000000054e-08 3.617747519999999957e-08 3.616401049999999716e-08 3.614537289999999850e-08 3.612213109999999791e-08 3.609480000000000237e-08 3.606383460000000141e-08 3.602966100000000016e-08 3.599265239999999848e-08 3.595315330000000195e-08 3.591146580000000266e-08 3.586787400000000017e-08 3.582262309999999986e-08 3.577594040000000304e-08 3.572802849999999820e-08 3.567906500000000225e-08 3.562922050000000009e-08 3.557863690000000220e-08 3.552744589999999929e-08 3.547576810000000003e-08 3.542371019999999705e-08 3.537136449999999829e-08 3.531881990000000064e-08 3.526614730000000189e-08 3.521341799999999996e-08 3.516069210000000243e-08 3.510802319999999990e-08 3.505546079999999988e-08 3.500304050000000050e-08 3.495080849999999993e-08 3.489879320000000061e-08 3.484702299999999836e-08 3.479552999999999844e-08 3.474432830000000039e-08 3.469344280000000057e-08 3.464289119999999965e-08 3.459268780000000053e-08 3.454283969999999722e-08 3.449336819999999816e-08 3.444427320000000165e-08 3.439556549999999790e-08 3.434725570000000023e-08 3.429934030000000255e-08 3.425183339999999777e-08 3.420473149999999968e-08 3.415804170000000225e-08 3.411176049999999942e-08 3.406589139999999726e-08 3.402043449999999745e-08 3.397539319999999778e-08 3.393076039999999763e-08 3.388653979999999984e-08
1.703575280000000092e-09 2.137403809999999893e-09 2.586771690000000034e-09 3.511096519999999804e-09 4.999018089999999940e-09 6.975321210000000076e-09 9.310761939999999349e-09 1.187142559999999924e-08 1.453990169999999993e-08 1.722240130000000083e-08 1.984886739999999869e-08 2.237003290000000003e-08 2.475352189999999931e-08 2.698006619999999866e-08 2.904022089999999991e-08 3.093167319999999705e-08 3.265713739999999999e-08 3.422273310000000074e-08 3.563677000000000287e-08 3.690881909999999676e-08 3.804907679999999680e-08 3.906788490000000087e-08 3.997540430000000045e-08 4.078141199999999868e-08 4.149514870000000141e-08 4.212526149999999734e-08 4.267976189999999757e-08 4.316602190000000288e-08 4.359078079999999932e-08 4.396019189999999788e-08 4.427984380000000327e-08 4.455479900000000303e-08 4.478964039999999726e-08 4.498851780000000185e-08 4.515516139999999819e-08 4.529295340000000234e-08 4.540492780000000207e-08 4.549383089999999765e-08 4.556212830000000081e-08 4.561204039999999806e-08 4.564557800000000171e-08 4.566453529999999806e-08 4.567053940000000121e-08 4.566504690000000233e-08 4.564937229999999858e-08 4.562469510000000033e-08 4.559207770000000216e-08 4.555247200000000143e-08 4.550673439999999983e-08 4.545563569999999822e-08 4.539986159999999846e-08 4.534004109999999922e-08 4.527671750000000330e-08 4.521039540000000280e-08 4.514151540000000252e-08 4.507047890000000136e-08 4.499763760000000061e-08 4.492331129999999963e-08 4.484778059999999853e-08 4.477129780000000329e-08 4.469408670000000255e-08 4.461634620000000178e-08 4.453825749999999921e-08 4.445996989999999776e-08 4.438162189999999691e-08 4.430334140000000268e-08 4.422523149999999997e-08 4.414738440000000162e-08 4.406988199999999900e-08 4.399279870000000260e-08 4.391619510000000194e-08 4.384012800000000191e-08 4.376463639999999839e-08 4.368976650000000279e-08 4.361555029999999885e-08 4.354200910000000164e-08 4.346917490000000149e-08 4.339706189999999964e-08 4.332568789999999843e-08 4.325506349999999795e-08 4.318519590000000048e-08 4.311609200000000327e-08 4.304775559999999760e-08 4.298019360000000056e-08 4.291339910000000168e-08 4.284737189999999758e-08 4.278211560000000264e-08 4.271761969999999864e-08 4.265388040000000090e-08 4.259089440000000010e-08 4.252865079999999773e-08 4.246714979999999716e-08 4.240637710000000210e-08 4.234632559999999871e-08 4.228698809999999793e-08 4.222835770000000253e-08 4.217042000000000129e-08 4.211317160000000306e-08 4.205660179999999946e-08 4.200069980000000029e-08
2.523414369999999899e-09 3.295630879999999911e-09 4.236341939999999826e-09 5.953774359999999784e-09 8.485629980000000520e-09 1.164571279999999996e-08 1.519977209999999894e-08 1.893566190000000137e-08 2.268615340000000137e-08 2.633097469999999955e-08 2.979043680000000101e-08 3.301669340000000197e-08 3.598539419999999757e-08 3.868872509999999993e-08 4.113004690000000175e-08 4.331990409999999768e-08 4.527318609999999925e-08 4.700709510000000085e-08 4.853979259999999995e-08 4.988945790000000295e-08 5.107368040000000196e-08 5.210910100000000269e-08 5.301121319999999916e-08 5.379424190000000116e-08 5.447115109999999872e-08 5.505365760000000121e-08 5.555229880000000268e-08 5.597652829999999910e-08 5.633477329999999676e-08 5.663455480000000093e-08 5.688256269999999846e-08 5.708474759999999693e-08 5.724639959999999691e-08 5.737220829999999773e-08 5.746635170000000114e-08 5.753253520000000047e-08 5.757405219999999670e-08 5.759383370000000101e-08 5.759449100000000044e-08 5.757833680000000262e-08 5.754743879999999999e-08 5.750363739999999686e-08 5.744856680000000132e-08 5.738368709999999740e-08 5.731029870000000257e-08 5.722955979999999892e-08 5.714250049999999882e-08 5.705004469999999736e-08 5.695300590000000073e-08 5.685211590000000068e-08 5.674801780000000203e-08 5.664129429999999696e-08 5.653244980000000069e-08 5.642194270000000052e-08 5.631017069999999914e-08 5.619748930000000234e-08 5.608421820000000120e-08 5.597062719999999900e-08 5.585696529999999902e-08 5.574344189999999852e-08 5.563024530000000293e-08 5.551753900000000316e-08 5.540546509999999984e-08 5.529414789999999786e-08 5.518369050000000194e-08 5.507418520000000017e-08 5.496570670000000145e-08 5.485832230000000243e-08 5.475208549999999866e-08 5.464704239999999986e-08 5.454322500000000300e-08 5.444066529999999844e-08 5.433938449999999955e-08 5.423939699999999767e-08 5.414071679999999728e-08 5.404334760000000121e-08 5.394729290000000231e-08 5.385255259999999887e-08 5.375911980000000030e-08 5.366699089999999882e-08 5.357615150000000308e-08 5.348659829999999713e-08 5.339831330000000171e-08 5.331128249999999912e-08 5.322549159999999969e-08 5.314092280000000106e-08 5.305756190000000200e-08 5.297538760000000069e-08 5.289438220000000308e-08 5.281453139999999963e-08 5.273580680000000115e-08 5.265820140000000209e-08 5.258168300000000213e-08 5.250624110000000287e-08 5.243185440000000248e-08 5.235850509999999861e-08 5.228616830000000151e-08 5.221482979999999673e-08 5.214447189999999683e-08 5.207507310000000322e-08
3.777823830000000403e-09 5.151739919999999888e-09 6.974101300000000144e-09 9.994500340000000037e-09 1.411491279999999966e-08 1.896329489999999885e-08 2.415796630000000117e-08 2.939387220000000065e-08 3.445680720000000019e-08 3.921176629999999730e-08 4.358446049999999794e-08 4.754352290000000054e-08 5.108613269999999927e-08 5.422725739999999912e-08 5.699214260000000085e-08 5.941123860000000170e-08 6.151689289999999486e-08 6.334129670000000478e-08 6.491520570000000364e-08 6.626729740000000586e-08 6.742380520000000617e-08 6.840844689999999805e-08 6.924241090000000582e-08 6.994455499999999577e-08 7.053152019999999516e-08 7.101795059999999523e-08 7.141668590000000098e-08 7.173898809999999591e-08 7.199466270000000048e-08 7.219230719999999421e-08 7.233939669999999587e-08 7.244247510000000531e-08 7.250724109999999780e-08 7.253868970000000059e-08 7.254116949999999368e-08 7.251850320000000283e-08 7.247401610000000446e-08 7.241065699999999888e-08 7.233098390000000079e-08 7.223726329999999981e-08 7.213148479999999489e-08 7.201539630000000555e-08 7.189053970000000547e-08 7.175827930000000440e-08 7.161980160000000500e-08 7.147617959999999530e-08 7.132834410000000069e-08 7.117711929999999604e-08 7.102323000000000063e-08 7.086731559999999661e-08 7.070994459999999479e-08 7.055161429999999655e-08 7.039275829999999451e-08 7.023376719999999738e-08 7.007496090000000622e-08 6.991665199999999825e-08 6.975908209999999755e-08 6.960247839999999714e-08 6.944702590000000636e-08 6.929289500000000011e-08 6.914023490000000611e-08 6.898914510000000148e-08 6.883974630000000318e-08 6.869210269999999529e-08 6.854630640000000221e-08 6.840239309999999725e-08 6.826041239999999625e-08 6.812039999999999898e-08 6.798237710000000560e-08 6.784636499999999808e-08 6.771236370000000288e-08 6.758038750000000306e-08 6.745042210000000234e-08 6.732246759999999578e-08 6.719650260000000634e-08 6.707252000000000032e-08 6.695049849999999575e-08 6.683041679999999742e-08 6.671224639999999458e-08 6.659596610000000035e-08 6.648155449999999795e-08 6.636896899999999699e-08 6.625818830000000224e-08 6.614918390000000297e-08 6.604192039999999782e-08 6.593636930000000253e-08 6.583249499999999911e-08 6.573026919999999346e-08 6.562965640000000236e-08 6.553062799999999354e-08 6.543315579999999442e-08 6.533719699999999796e-08 6.524273029999999572e-08 6.514972029999999957e-08 6.505813129999999649e-08 6.496794919999999355e-08 6.487913140000000034e-08 6.479164940000000612e-08 6.470548190000000245e-08 6.462059329999999783e-08
5.720746540000000013e-09 8.141863180000000772e-09 1.146580249999999981e-08 1.652373169999999845e-08 2.294808430000000015e-08 3.008954509999999903e-08 3.738310279999999767e-08 4.443214510000000201e-08 5.099528620000000292e-08 5.694870710000000021e-08 6.224885139999999937e-08 6.690275000000000660e-08 7.094669739999999944e-08 7.443190950000000363e-08 7.741542159999999745e-08 7.995462430000000128e-08 8.210413679999999583e-08 8.391428709999999675e-08 8.543040759999999560e-08 8.669274369999999354e-08 8.773668009999999902e-08 8.859306180000000111e-08 8.928863339999999863e-08 8.984650889999999445e-08 9.028655510000000186e-08 9.062587480000000014e-08 9.087909089999999360e-08 9.105875880000000416e-08 9.117560750000000092e-08 9.123882449999999925e-08 9.125627540000000510e-08 9.123468910000000119e-08 9.117984229999999427e-08 9.109668750000000301e-08 9.098947369999999551e-08 9.086186030000000338e-08 9.071700899999999721e-08 9.055764139999999752e-08 9.038610220000000232e-08 9.020443769999999388e-08 9.001440299999999402e-08 8.981754009999999798e-08 8.961518460000000136e-08 8.940848770000000057e-08 8.919847260000000414e-08 8.898601319999999781e-08 8.877187699999999959e-08 8.855673880000000622e-08 8.834118860000000063e-08 8.812571649999999512e-08 8.791078440000000293e-08 8.769676900000000351e-08 8.748400400000000564e-08 8.727278100000000301e-08 8.706334140000000308e-08 8.685589849999999610e-08 8.665063689999999789e-08 8.644770590000000477e-08 8.624724050000000352e-08 8.604934010000000266e-08 8.585409009999999963e-08 8.566156849999999946e-08 8.547181809999999593e-08 8.528488850000000485e-08 8.510080819999999726e-08 8.491958429999999362e-08 8.474123090000000007e-08 8.456574819999999353e-08 8.439312890000000309e-08 8.422335900000000444e-08 8.405642399999999792e-08 8.389228869999999879e-08 8.373093150000000014e-08 8.357231709999999571e-08 8.341641690000000614e-08 8.326318830000000132e-08 8.311258879999999912e-08 8.296457570000000083e-08 8.281911329999999342e-08 8.267615209999999584e-08 8.253564939999999613e-08 8.239755540000000159e-08 8.226182760000000363e-08 8.212842319999999523e-08 8.199728539999999797e-08 8.186837159999999498e-08 8.174163210000000184e-08 8.161703139999999566e-08 8.149451960000000188e-08 8.137404710000000471e-08 8.125557120000000540e-08 8.113904220000000633e-08 8.102443159999999675e-08 8.091168270000000657e-08 8.080076699999999856e-08 8.069162759999999927e-08 8.058424329999999532e-08 8.047855720000000001e-08 8.037454080000000258e-08 8.027215159999999447e-08
8.761083409999999788e-09 1.295473679999999968e-08 1.871178230000000082e-08 2.680352649999999928e-08 3.640975520000000117e-08 4.651223760000000280e-08 5.635060770000000182e-08 6.546627420000000341e-08 7.363403400000000037e-08 8.078370679999999649e-08 8.693814379999999688e-08 9.217022519999999649e-08 9.657534149999999757e-08 1.002548299999999988e-07 1.033067179999999960e-07 1.058211369999999991e-07 1.078784000000000033e-07 1.095487009999999978e-07 1.108926000000000040e-07 1.119618890000000013e-07 1.128005990000000066e-07 1.134460280000000045e-07 1.139296369999999952e-07 1.142779310000000005e-07 1.145131989999999950e-07 1.146541420000000011e-07 1.147164709999999943e-07 1.147133369999999945e-07 1.146557759999999992e-07 1.145530320000000037e-07 1.144128560000000006e-07 1.142417570000000035e-07 1.140451790000000006e-07 1.138277029999999999e-07 1.135931949999999961e-07 1.133448889999999946e-07 1.130855270000000024e-07 1.128174180000000045e-07 1.125425229999999942e-07 1.122624909999999974e-07 1.119787429999999939e-07 1.116924649999999979e-07 1.114046810000000048e-07 1.111162579999999967e-07 1.108279480000000015e-07 1.105403770000000003e-07 1.102540920000000053e-07 1.099695479999999996e-07 1.096871569999999952e-07 1.094072390000000016e-07 1.091300850000000024e-07 1.088559429999999972e-07 1.085850129999999968e-07 1.083174649999999958e-07 1.080534349999999979e-07 1.077930419999999980e-07 1.075363870000000051e-07 1.072835259999999975e-07 1.070345229999999954e-07 1.067894219999999997e-07 1.065482350000000010e-07 1.063109780000000044e-07 1.060776640000000041e-07 1.058482720000000033e-07 1.056227959999999934e-07 1.054012059999999981e-07 1.051834669999999963e-07 1.049695580000000043e-07 1.047594300000000033e-07 1.045530310000000032e-07 1.043503200000000008e-07 1.041512410000000047e-07 1.039557489999999973e-07 1.037637670000000037e-07 1.035752600000000028e-07 1.033901500000000028e-07 1.032083790000000051e-07 1.030298900000000014e-07 1.028546140000000062e-07 1.026824850000000050e-07 1.025134470000000063e-07 1.023474349999999996e-07 1.021843799999999991e-07 1.020242240000000061e-07 1.018668949999999978e-07 1.017123449999999986e-07 1.015605089999999977e-07 1.014113170000000057e-07 1.012647179999999966e-07 1.011206410000000040e-07 1.009790439999999946e-07 1.008398699999999999e-07 1.007030480000000006e-07 1.005685349999999994e-07 1.004362670000000026e-07 1.003062100000000057e-07 1.001782979999999945e-07 1.000524820000000029e-07 9.992871949999999595e-08 9.980695380000000344e-08
1.355162830000000015e-08 2.064890839999999907e-08 3.016029379999999778e-08 4.255146989999999758e-08 5.633579649999999867e-08 7.006410389999999631e-08 8.281481460000000120e-08 9.413665940000000507e-08 1.038911889999999977e-07 1.121201760000000039e-07 1.189561159999999939e-07 1.245677049999999961e-07 1.291289349999999936e-07 1.328032369999999876e-07 1.357364570000000086e-07 1.380547729999999982e-07 1.398653350000000129e-07 1.412580699999999959e-07 1.423077979999999881e-07 1.430765480000000061e-07 1.436155369999999951e-07 1.439670290000000073e-07 1.441657959999999965e-07 1.442404600000000009e-07 1.442145529999999912e-07 1.441073889999999896e-07 1.439348410000000037e-07 1.437098830000000068e-07 1.434432160000000120e-07 1.431435379999999929e-07 1.428180100000000119e-07 1.424724590000000042e-07 1.421116450000000049e-07 1.417394910000000038e-07 1.413591660000000087e-07 1.409732700000000012e-07 1.405839209999999881e-07 1.401928389999999885e-07 1.398014289999999901e-07 1.394108439999999934e-07 1.390220350000000069e-07 1.386357410000000115e-07 1.382525880000000016e-07 1.378730870000000044e-07 1.374976650000000071e-07 1.371266190000000019e-07 1.367602349999999939e-07 1.363987250000000109e-07 1.360422600000000116e-07 1.356909680000000102e-07 1.353449619999999931e-07 1.350042990000000084e-07 1.346690509999999994e-07 1.343392459999999885e-07 1.340148829999999984e-07 1.336960049999999998e-07 1.333825710000000029e-07 1.330745790000000003e-07 1.327720009999999964e-07 1.324747809999999997e-07 1.321829050000000126e-07 1.318963000000000083e-07 1.316149109999999991e-07 1.313386949999999878e-07 1.310675660000000067e-07 1.308014820000000092e-07 1.305403430000000031e-07 1.302840929999999971e-07 1.300326319999999989e-07 1.297859170000000115e-07 1.295438209999999977e-07 1.293063010000000132e-07 1.290732570000000129e-07 1.288446040000000061e-07 1.286202430000000043e-07 1.284001170000000125e-07 1.281841119999999876e-07 1.279721719999999913e-07 1.277641809999999999e-07 1.275600710000000048e-07 1.273597550000000082e-07 1.271631479999999928e-07 1.269701779999999887e-07 1.267807330000000130e-07 1.265947559999999914e-07 1.264121750000000068e-07 1.262328769999999934e-07 1.260568180000000033e-07 1.258839150000000002e-07 1.257140810000000125e-07 1.255472449999999946e-07 1.253833520000000114e-07 1.252223140000000087e-07 1.250640620000000007e-07 1.249085389999999924e-07 1.247556720000000102e-07 1.246054069999999905e-07 1.244576710000000127e-07 1.243123930000000045e-07 1.241695460000000003e-07
2.111902829999999948e-08 3.280224089999999723e-08 4.783058930000000304e-08 6.601507610000000526e-08 8.500364860000000183e-08 1.029258310000000004e-07 1.188017440000000051e-07 1.323034700000000012e-07 1.434754039999999891e-07 1.525403949999999917e-07 1.597861110000000045e-07 1.655047439999999965e-07 1.699644509999999940e-07 1.733984049999999888e-07 1.760029849999999897e-07 1.779404500000000083e-07 1.793432029999999885e-07 1.803185230000000050e-07 1.809530229999999965e-07 1.813164230000000063e-07 1.814648269999999985e-07 1.814433690000000073e-07 1.812883280000000005e-07 1.810288809999999911e-07 1.806884460000000129e-07 1.802858519999999963e-07 1.798361640000000090e-07 1.793514740000000013e-07 1.788414039999999896e-07 1.783136129999999902e-07 1.777741969999999876e-07 1.772279459999999932e-07 1.766786260000000099e-07 1.761291910000000064e-07 1.755819450000000025e-07 1.750386219999999886e-07 1.745005850000000120e-07 1.739688430000000005e-07 1.734441209999999901e-07 1.729270020000000045e-07 1.724178420000000116e-07 1.719169090000000042e-07 1.714243609999999996e-07 1.709402970000000127e-07 1.704647450000000128e-07 1.699977049999999999e-07 1.695391350000000069e-07 1.690889630000000109e-07 1.686471189999999962e-07 1.682135179999999986e-07 1.677880589999999957e-07 1.673706150000000033e-07 1.669611010000000044e-07 1.665593890000000109e-07 1.661653780000000007e-07 1.657789429999999968e-07 1.653999669999999982e-07 1.650283389999999993e-07 1.646639300000000088e-07 1.643066410000000115e-07 1.639563289999999916e-07 1.636128959999999907e-07 1.632762119999999872e-07 1.629461649999999984e-07 1.626226260000000063e-07 1.623054830000000016e-07 1.619946199999999871e-07 1.616899250000000065e-07 1.613912559999999946e-07 1.610985120000000087e-07 1.608115529999999908e-07 1.605302909999999923e-07 1.602545860000000083e-07 1.599843239999999958e-07 1.597194059999999928e-07 1.594596880000000063e-07 1.592050580000000005e-07 1.589554300000000076e-07 1.587106619999999891e-07 1.584706550000000092e-07 1.582352949999999985e-07 1.580044819999999914e-07 1.577780890000000036e-07 1.575560299999999878e-07 1.573381920000000107e-07 1.571244750000000005e-07 1.569147659999999974e-07 1.567089920000000013e-07 1.565070280000000087e-07 1.563088009999999931e-07 1.561141969999999908e-07 1.559231460000000128e-07 1.557355489999999909e-07 1.555513190000000068e-07 1.553703729999999974e-07 1.551926229999999878e-07 1.550179999999999922e-07 1.548464179999999900e-07 1.546777919999999904e-07 1.545120649999999984e-07
3.304501920000000192e-08 5.169080810000000279e-08 7.443610170000000657e-08 1.000307180000000003e-07 1.251476080000000107e-07 1.476235379999999906e-07 1.666081030000000084e-07 1.820576609999999893e-07 1.943127189999999875e-07 2.038480889999999920e-07 2.111467839999999888e-07 2.166446789999999923e-07 2.207121809999999928e-07 2.236534869999999908e-07 2.257132790000000104e-07 2.270859200000000003e-07 2.279247579999999935e-07 2.283501890000000007e-07 2.284566849999999878e-07 2.283182989999999928e-07 2.279931120000000047e-07 2.275266699999999906e-07 2.269547679999999886e-07 2.263054599999999883e-07 2.256007720000000031e-07 2.248579139999999933e-07 2.240903139999999911e-07 2.233083759999999910e-07 2.225201569999999971e-07 2.217317669999999918e-07 2.209478959999999942e-07 2.201719839999999894e-07 2.194065589999999890e-07 2.186534539999999984e-07 2.179139070000000084e-07 2.171887129999999914e-07 2.164783270000000095e-07 2.157829900000000107e-07 2.151027159999999927e-07 2.144373919999999956e-07 2.137868190000000123e-07 2.131507129999999919e-07 2.125287469999999922e-07 2.119205929999999883e-07 2.113258689999999971e-07 2.107442469999999937e-07 2.101753579999999894e-07 2.096188469999999934e-07 2.090743860000000072e-07 2.085416639999999877e-07 2.080203529999999893e-07 2.075101830000000120e-07 2.070108710000000084e-07 2.065221449999999979e-07 2.060437650000000097e-07 2.055754890000000131e-07 2.051170900000000052e-07 2.046683390000000022e-07 2.042290390000000044e-07 2.037989900000000008e-07 2.033779649999999886e-07 2.029658080000000107e-07 2.025623050000000055e-07 2.021672999999999895e-07 2.017805940000000083e-07 2.014020170000000012e-07 2.010313980000000097e-07 2.006685519999999979e-07 2.003133370000000066e-07 1.999655840000000051e-07 1.996251200000000010e-07 1.992917759999999902e-07 1.989653950000000120e-07 1.986458360000000048e-07 1.983329270000000064e-07 1.980265270000000084e-07 1.977264649999999992e-07 1.974325979999999894e-07 1.971447860000000007e-07 1.968628709999999893e-07 1.965867109999999959e-07 1.963161790000000099e-07 1.960511179999999910e-07 1.957913870000000103e-07 1.955368699999999909e-07 1.952874130000000095e-07 1.950429009999999932e-07 1.948031920000000090e-07 1.945681729999999912e-07 1.943377300000000028e-07 1.941117200000000014e-07 1.938900450000000022e-07 1.936725769999999908e-07 1.934592149999999978e-07 1.932498460000000105e-07 1.930443569999999894e-07 1.928426489999999990e-07 1.926446340000000112e-07 1.924501869999999962e-07 1.922592500000000081e-07
5.170628369999999936e-08 8.048891689999999531e-08 1.134983589999999936e-07 1.480682389999999929e-07 1.799726160000000029e-07 2.070423480000000004e-07 2.288306010000000013e-07 2.457707349999999760e-07 2.586149320000000081e-07 2.681508700000000083e-07 2.750838919999999822e-07 2.800014730000000155e-07 2.833745330000000080e-07 2.855720709999999774e-07 2.868794410000000223e-07 2.875157749999999963e-07 2.876485039999999846e-07 2.874054699999999828e-07 2.868841309999999887e-07 2.861590080000000174e-07 2.852870010000000091e-07 2.843116250000000013e-07 2.832661610000000184e-07 2.821760460000000064e-07 2.810605789999999862e-07 2.799344830000000023e-07 2.788087269999999812e-07 2.776914979999999750e-07 2.765888209999999754e-07 2.755049589999999879e-07 2.744428399999999932e-07 2.734044530000000064e-07 2.723908779999999747e-07 2.714027119999999993e-07 2.704400400000000177e-07 2.695026919999999957e-07 2.685901849999999812e-07 2.677019209999999754e-07 2.668372189999999961e-07 2.659952540000000154e-07 2.651752310000000080e-07 2.643763819999999938e-07 2.635978830000000014e-07 2.628389380000000020e-07 2.620988650000000099e-07 2.613768969999999955e-07 2.606724080000000174e-07 2.599848019999999783e-07 2.593134239999999903e-07 2.586578199999999947e-07 2.580174229999999994e-07 2.573917749999999841e-07 2.567804530000000026e-07 2.561830569999999802e-07 2.555991610000000129e-07 2.550284529999999747e-07 2.544705640000000093e-07 2.539252079999999793e-07 2.533920449999999748e-07 2.528707910000000243e-07 2.523611899999999934e-07 2.518629290000000172e-07 2.513758090000000091e-07 2.508995180000000019e-07 2.504338570000000150e-07 2.499785980000000154e-07 2.495334569999999787e-07 2.490982349999999772e-07 2.486727059999999851e-07 2.482566690000000144e-07 2.478498689999999872e-07 2.474521069999999758e-07 2.470631839999999993e-07 2.466828729999999755e-07 2.463109749999999766e-07 2.459472910000000219e-07 2.455915930000000255e-07 2.452437400000000054e-07 2.449035039999999814e-07 2.445706850000000221e-07 2.442451149999999947e-07 2.439265640000000176e-07 2.436149200000000023e-07 2.433099270000000259e-07 2.430114709999999927e-07 2.427193520000000240e-07 2.424334009999999833e-07 2.421534189999999958e-07 2.418793200000000142e-07 2.416108490000000135e-07 2.413479479999999950e-07 2.410903619999999866e-07 2.408380339999999933e-07 2.405907649999999815e-07 2.403484420000000177e-07 2.401108930000000074e-07 2.398780050000000172e-07 2.396496370000000119e-07 2.394256739999999980e-07 2.392059739999999898e-07
8.057387650000000603e-08 1.234772779999999905e-07 1.694463380000000026e-07 2.142723900000000130e-07 2.531898530000000022e-07 2.844845429999999794e-07 3.084540770000000051e-07 3.262086069999999835e-07 3.390107959999999919e-07 3.480002990000000186e-07 3.541123870000000156e-07 3.580793480000000048e-07 3.604601199999999983e-07 3.616752910000000111e-07 3.620389180000000237e-07 3.617844299999999771e-07 3.610851420000000192e-07 3.600695780000000252e-07 3.588331479999999755e-07 3.574467369999999835e-07 3.559629819999999836e-07 3.544210190000000104e-07 3.528498099999999855e-07 3.512707559999999844e-07 3.496994910000000211e-07 3.481473239999999848e-07 3.466222719999999992e-07 3.451298769999999980e-07 3.436737469999999930e-07 3.422560719999999875e-07 3.408778749999999868e-07 3.395395250000000058e-07 3.382406819999999758e-07 3.369805770000000191e-07 3.357581870000000245e-07 3.345722920000000135e-07 3.334215529999999992e-07 3.323045229999999738e-07 3.312197800000000198e-07 3.301659600000000070e-07 3.291416420000000217e-07 3.281455179999999777e-07 3.271763659999999952e-07 3.262330209999999773e-07 3.253143459999999818e-07 3.244193749999999986e-07 3.235471130000000182e-07 3.226967350000000125e-07 3.218674180000000137e-07 3.210583939999999886e-07 3.202690100000000039e-07 3.194986110000000127e-07 3.187466580000000187e-07 3.180125249999999745e-07 3.172957859999999759e-07 3.165959010000000229e-07 3.159125009999999944e-07 3.152451029999999913e-07 3.145933079999999956e-07 3.139568039999999873e-07 3.133351640000000056e-07 3.127280759999999775e-07 3.121351989999999894e-07 3.115562210000000215e-07 3.109907989999999941e-07 3.104386219999999967e-07 3.098994340000000005e-07 3.093728939999999863e-07 3.088587159999999754e-07 3.083566470000000029e-07 3.078664009999999843e-07 3.073876660000000054e-07 3.069201849999999810e-07 3.064637039999999955e-07 3.060179380000000209e-07 3.055826029999999801e-07 3.051574989999999944e-07 3.047423149999999946e-07 3.043367940000000012e-07 3.039407369999999807e-07 3.035538330000000225e-07 3.031759089999999754e-07 3.028066539999999819e-07 3.024458690000000084e-07 3.020933550000000211e-07 3.017488269999999921e-07 3.014120859999999937e-07 3.010829060000000000e-07 3.007611160000000260e-07 3.004464299999999873e-07 3.001387090000000149e-07 2.998377510000000112e-07 2.995433020000000079e-07 2.992552200000000191e-07 2.989733330000000034e-07 2.986974149999999879e-07 2.984272949999999876e-07 2.981628600000000161e-07 2.979038529999999882e-07 2.976501890000000190e-07
1.245635700000000048e-07 1.862442219999999947e-07 2.477033550000000218e-07 3.035200679999999893e-07 3.491007309999999742e-07 3.837983799999999822e-07 4.090201459999999927e-07 4.267265870000000174e-07 4.387538010000000053e-07 4.466016889999999747e-07 4.514210729999999764e-07 4.540675889999999781e-07 4.551669689999999822e-07 4.551729659999999781e-07 4.544132819999999979e-07 4.531240729999999752e-07 4.514755010000000020e-07 4.495900610000000007e-07 4.475559759999999800e-07 4.454366829999999819e-07 4.432777419999999977e-07 4.411116950000000182e-07 4.389616210000000117e-07 4.368437199999999809e-07 4.347690210000000169e-07 4.327448549999999784e-07 4.307757140000000136e-07 4.288641549999999746e-07 4.270111159999999820e-07 4.252165409999999912e-07 4.234795479999999792e-07 4.217986599999999882e-07 4.201721139999999755e-07 4.185978639999999837e-07 4.170736930000000176e-07 4.155974120000000245e-07 4.141667770000000171e-07 4.127795710000000000e-07 4.114337460000000085e-07 4.101272849999999787e-07 4.088582559999999963e-07 4.076249520000000101e-07 4.064256419999999877e-07 4.052588450000000096e-07 4.041231420000000105e-07 4.030172250000000104e-07 4.019398720000000233e-07 4.008900309999999918e-07 3.998666500000000173e-07 3.988688489999999781e-07 3.978957470000000136e-07 3.969465749999999811e-07 3.960206240000000089e-07 3.951171830000000057e-07 3.942356839999999759e-07 3.933755009999999781e-07 3.925361230000000113e-07 3.917170090000000191e-07 3.909176769999999998e-07 3.901376719999999972e-07 3.893765669999999975e-07 3.886338789999999956e-07 3.879092389999999765e-07 3.872022209999999830e-07 3.865124259999999972e-07 3.858395129999999996e-07 3.851830289999999882e-07 3.845426589999999850e-07 3.839180349999999785e-07 3.833087590000000073e-07 3.827145179999999948e-07 3.821349139999999795e-07 3.815696349999999943e-07 3.810183100000000170e-07 3.804806279999999782e-07 3.799562190000000179e-07 3.794447710000000104e-07 3.789459129999999861e-07 3.784593900000000260e-07 3.779848040000000098e-07 3.775219000000000183e-07 3.770703359999999757e-07 3.766297990000000169e-07 3.762000060000000155e-07 3.757806160000000051e-07 3.753714000000000018e-07 3.749720179999999901e-07 3.745821859999999985e-07 3.742016759999999940e-07 3.738302040000000052e-07 3.734674580000000120e-07 3.731132379999999772e-07 3.727672319999999866e-07 3.724292410000000066e-07 3.720990380000000077e-07 3.717763380000000151e-07 3.714609139999999992e-07 3.711525949999999751e-07 3.708511260000000236e-07 3.705563070000000015e-07
1.904169689999999971e-07 2.758668810000000096e-07 3.547721690000000261e-07 4.215157220000000245e-07 4.727480699999999817e-07 5.095862430000000290e-07 5.348760510000000043e-07 5.515403809999999800e-07 5.620000819999999565e-07 5.680888079999999642e-07 5.711378320000000411e-07 5.720934839999999686e-07 5.716217400000000444e-07 5.701888309999999937e-07 5.681208110000000114e-07 5.656451089999999789e-07 5.629202629999999622e-07 5.600566059999999706e-07 5.571305910000000394e-07 5.541948549999999972e-07 5.512853250000000436e-07 5.484261010000000390e-07 5.456328720000000382e-07 5.429155860000000227e-07 5.402798139999999783e-07 5.377282259999999555e-07 5.352613930000000139e-07 5.328784030000000215e-07 5.305774379999999480e-07 5.283558269999999513e-07 5.262106129999999985e-07 5.241384999999999920e-07 5.221361900000000384e-07 5.202002169999999528e-07 5.183272829999999477e-07 5.165141490000000264e-07 5.147576869999999592e-07 5.130549430000000420e-07 5.114031860000000032e-07 5.097998609999999977e-07 5.082425220000000464e-07 5.067289520000000483e-07 5.052571049999999930e-07 5.038251629999999561e-07 5.024313619999999972e-07 5.010741689999999554e-07 4.997521049999999712e-07 4.984639189999999535e-07 4.972084180000000218e-07 4.959844089999999777e-07 4.947909820000000141e-07 4.936272260000000029e-07 4.924921770000000469e-07 4.913851509999999944e-07 4.903053540000000355e-07 4.892521020000000185e-07 4.882248280000000040e-07 4.872227919999999549e-07 4.862454260000000340e-07 4.852922759999999710e-07 4.843627150000000324e-07 4.834562329999999566e-07 4.825723180000000037e-07 4.817105150000000056e-07 4.808703120000000107e-07 4.800512559999999642e-07 4.792528330000000131e-07 4.784746469999999914e-07 4.777161850000000500e-07 4.769770500000000194e-07 4.762567579999999966e-07 4.755548559999999796e-07 4.748709729999999990e-07 4.742045969999999974e-07 4.735553600000000165e-07 4.729228069999999937e-07 4.723065100000000178e-07 4.717061019999999750e-07 4.711210980000000119e-07 4.705511570000000031e-07 4.699958249999999958e-07 4.694547329999999751e-07 4.689275100000000244e-07 4.684137589999999743e-07 4.679130540000000263e-07 4.674251099999999937e-07 4.669495010000000253e-07 4.664858859999999958e-07 4.660339239999999917e-07 4.655932739999999936e-07 4.651635659999999829e-07 4.647445169999999918e-07 4.643357839999999936e-07 4.639370270000000256e-07 4.635479910000000098e-07 4.631683620000000247e-07 4.627978569999999968e-07 4.624361620000000045e-07 4.620830230000000264e-07 4.617381819999999738e-07
2.870833099999999902e-07 4.010673820000000099e-07 4.983380679999999806e-07 5.749440109999999769e-07 6.301380610000000104e-07 6.674786160000000009e-07 6.914771119999999482e-07 7.060395999999999664e-07 7.141222230000000086e-07 7.178323360000000196e-07 7.186301330000000293e-07 7.175140130000000226e-07 7.151624000000000300e-07 7.120349889999999962e-07 7.084424280000000291e-07 7.045941289999999810e-07 7.006304939999999865e-07 6.966447470000000373e-07 6.926979949999999818e-07 6.888293460000000178e-07 6.850630139999999959e-07 6.814129850000000400e-07 6.778862479999999858e-07 6.744853070000000227e-07 6.712094200000000001e-07 6.680558609999999822e-07 6.650207070000000320e-07 6.620990119999999956e-07 6.592857179999999481e-07 6.565753100000000009e-07 6.539623880000000473e-07 6.514416099999999792e-07 6.490078589999999754e-07 6.466562469999999864e-07 6.443820550000000466e-07 6.421810210000000480e-07 6.400489949999999714e-07 6.379822819999999657e-07 6.359773009999999581e-07 6.340309260000000440e-07 6.321401999999999790e-07 6.303023950000000316e-07 6.285150680000000219e-07 6.267759999999999474e-07 6.250830890000000181e-07 6.234345729999999834e-07 6.218287470000000111e-07 6.202640180000000401e-07 6.187390229999999966e-07 6.172524540000000063e-07 6.158031739999999681e-07 6.143901029999999876e-07 6.130121619999999626e-07 6.116684399999999764e-07 6.103581430000000077e-07 6.090804160000000253e-07 6.078345220000000028e-07 6.066196650000000173e-07 6.054351620000000265e-07 6.042803309999999916e-07 6.031546039999999698e-07 6.020572980000000247e-07 6.009877890000000101e-07 5.999454519999999884e-07 5.989297730000000008e-07 5.979401860000000058e-07 5.969760079999999610e-07 5.960367840000000160e-07 5.951219460000000161e-07 5.942308690000000235e-07 5.933630399999999772e-07 5.925179490000000389e-07 5.916950270000000504e-07 5.908937619999999543e-07 5.901135860000000196e-07 5.893540449999999758e-07 5.886145119999999837e-07 5.878945899999999796e-07 5.871937110000000207e-07 5.865113620000000460e-07 5.858470330000000055e-07 5.852003260000000435e-07 5.845706709999999983e-07 5.839576150000000265e-07 5.833607019999999563e-07 5.827794780000000467e-07 5.822134880000000235e-07 5.816622770000000362e-07 5.811254480000000211e-07 5.806024890000000268e-07 5.800931149999999723e-07 5.795968150000000157e-07 5.791132479999999788e-07 5.786419590000000110e-07 5.781826640000000351e-07 5.777349659999999873e-07 5.772984650000000049e-07 5.768728220000000228e-07 5.764576939999999614e-07 5.760527979999999588e-07
4.260681689999999784e-07 5.723517230000000164e-07 6.874175820000000140e-07 7.716967049999999670e-07 8.285272200000000484e-07 8.644470309999999651e-07 8.857037409999999616e-07 8.970984599999999784e-07 9.020125159999999832e-07 9.027374400000000267e-07 9.008002169999999595e-07 8.972108389999999979e-07 8.926351140000000418e-07 8.875103959999999915e-07 8.821227770000000286e-07 8.766575090000000329e-07 8.712326580000000070e-07 8.659217199999999536e-07 8.607681819999999675e-07 8.557959180000000424e-07 8.510159550000000504e-07 8.464306799999999683e-07 8.420373089999999675e-07 8.378297030000000133e-07 8.337999020000000301e-07 8.299388699999999564e-07 8.262371129999999753e-07 8.226852510000000481e-07 8.192740780000000261e-07 8.159946110000000403e-07 8.128385500000000520e-07 8.097979959999999951e-07 8.068656140000000493e-07 8.040346420000000377e-07 8.012987680000000393e-07 7.986521379999999947e-07 7.960896369999999838e-07 7.936062619999999637e-07 7.911977490000000310e-07 7.888599499999999619e-07 7.865893389999999890e-07 7.843825640000000232e-07 7.822366680000000317e-07 7.801488659999999705e-07 7.781167709999999687e-07 7.761381650000000275e-07 7.742109460000000391e-07 7.723333509999999610e-07 7.705036749999999612e-07 7.687204399999999722e-07 7.669821680000000323e-07 7.652875519999999533e-07 7.636355120000000525e-07 7.620248540000000222e-07 7.604545539999999595e-07 7.589236469999999638e-07 7.574312240000000198e-07 7.559763729999999957e-07 7.545582999999999758e-07 7.531760960000000510e-07 7.518290769999999635e-07 7.505165060000000044e-07 7.492375290000000404e-07 7.479914640000000329e-07 7.467776870000000476e-07 7.455953439999999512e-07 7.444438670000000127e-07 7.433225159999999830e-07 7.422306110000000423e-07 7.411675260000000374e-07 7.401325210000000368e-07 7.391250279999999918e-07 7.381443079999999745e-07 7.371897940000000458e-07 7.362607449999999528e-07 7.353565929999999645e-07 7.344767140000000409e-07 7.336204820000000286e-07 7.327872139999999913e-07 7.319763989999999810e-07 7.311874129999999576e-07 7.304195719999999812e-07 7.296724219999999929e-07 7.289453379999999491e-07 7.282377510000000092e-07 7.275491500000000135e-07 7.268789090000000207e-07 7.262265169999999770e-07 7.255915190000000318e-07 7.249733470000000306e-07 7.243714890000000219e-07 7.237854900000000493e-07 7.232148959999999482e-07 7.226591379999999838e-07 7.221178749999999780e-07 7.215905379999999844e-07 7.210768440000000351e-07 7.205762239999999720e-07 7.200883940000000353e-07 7.196128419999999560e-07
6.217238709999999977e-07 8.021592069999999600e-07 9.325895579999999997e-07 1.021194179999999917e-06 1.076777269999999928e-06 1.109149030000000084e-06 1.126178399999999904e-06 1.133366599999999992e-06 1.134356129999999992e-06 1.131510539999999999e-06 1.126353939999999917e-06 1.119867989999999996e-06 1.112683779999999982e-06 1.105205680000000087e-06 1.097689619999999923e-06 1.090294290000000002e-06 1.083114739999999951e-06 1.076203940000000067e-06 1.069587480000000002e-06 1.063273539999999995e-06 1.057259169999999933e-06 1.051534700000000102e-06 1.046086369999999927e-06 1.040898499999999916e-06 1.035954939999999929e-06 1.031239209999999902e-06 1.026735500000000082e-06 1.022428479999999917e-06 1.018304150000000078e-06 1.014349319999999943e-06 1.010551729999999929e-06 1.006900220000000001e-06 1.003384569999999930e-06 9.999954499999999668e-07 9.967243390000000108e-07 9.935636169999999496e-07 9.905061229999999587e-07 9.875458320000000995e-07 9.846768309999999926e-07 9.818940039999999261e-07 9.791928049999999267e-07 9.765689130000000959e-07 9.740188030000000347e-07 9.715388389999998943e-07 9.691260629999999559e-07 9.667777479999999625e-07 9.644912779999999535e-07 9.622644940000000382e-07 9.600953490000000968e-07 9.579817969999999071e-07 9.559222460000000470e-07 9.539151049999999332e-07 9.519589530000000226e-07 9.500523110000000324e-07 9.481939859999999759e-07 9.463827839999999690e-07 9.446175110000000213e-07 9.428970880000000306e-07 9.412206049999999779e-07 9.395869259999999778e-07 9.379951959999999990e-07 9.364444510000000388e-07 9.349338369999999639e-07 9.334623879999999759e-07 9.320292519999999487e-07 9.306336319999999560e-07 9.292746769999999811e-07 9.279515329999999968e-07 9.266633469999999792e-07 9.254093810000000040e-07 9.241888390000000427e-07 9.230008689999999691e-07 9.218447299999999540e-07 9.207196289999999796e-07 9.196248240000000011e-07 9.185595220000000009e-07 9.175229820000000437e-07 9.165144659999999935e-07 9.155332350000000284e-07 9.145785500000000088e-07 9.136497849999999931e-07 9.127460879999999613e-07 9.118669479999999655e-07 9.110115679999999734e-07 9.101792669999999498e-07 9.093694759999999483e-07 9.085815120000000324e-07 9.078146949999999588e-07 9.070684539999999857e-07 9.063422229999999657e-07 9.056353179999999586e-07 9.049472850000000116e-07 9.042774419999999802e-07 9.036252210000000274e-07 9.029902229999999764e-07 9.023718229999999952e-07 9.017695110000000336e-07 9.011828300000000223e-07 9.006112690000000132e-07 9.000543169999999528e-07
8.914790900000000204e-07 1.105071530000000079e-06 1.246356649999999916e-06 1.334838090000000014e-06 1.385813220000000027e-06 1.412345679999999911e-06 1.423632280000000009e-06 1.425593270000000105e-06 1.421929029999999950e-06 1.414945699999999967e-06 1.406088700000000062e-06 1.396269909999999986e-06 1.386065609999999927e-06 1.375837770000000027e-06 1.365809910000000070e-06 1.356114349999999989e-06 1.346824430000000068e-06 1.337974369999999927e-06 1.329573250000000103e-06 1.321614720000000009e-06 1.314082059999999980e-06 1.306953440000000025e-06 1.300204080000000039e-06 1.293808399999999983e-06 1.287740700000000014e-06 1.281976320000000040e-06 1.276492070000000009e-06 1.271265769999999930e-06 1.266277420000000098e-06 1.261508369999999988e-06 1.256941460000000033e-06 1.252561450000000006e-06 1.248354119999999995e-06 1.244306760000000055e-06 1.240407869999999977e-06 1.236647109999999945e-06 1.233015149999999995e-06 1.229503709999999950e-06 1.226105040000000072e-06 1.222812559999999998e-06 1.219620230000000052e-06 1.216522379999999995e-06 1.213514340000000039e-06 1.210591559999999984e-06 1.207750190000000053e-06 1.204986689999999897e-06 1.202297880000000052e-06 1.199680700000000005e-06 1.197132629999999932e-06 1.194651299999999918e-06 1.192234549999999964e-06 1.189880320000000007e-06 1.187586690000000072e-06 1.185352060000000071e-06 1.183174729999999979e-06 1.181053339999999944e-06 1.178986390000000032e-06 1.176972550000000075e-06 1.175010540000000091e-06 1.173099120000000026e-06 1.171237160000000019e-06 1.169423509999999920e-06 1.167657049999999902e-06 1.165936740000000003e-06 1.164261449999999937e-06 1.162630160000000027e-06 1.161041949999999899e-06 1.159495809999999915e-06 1.157990599999999961e-06 1.156525510000000065e-06 1.155099649999999961e-06 1.153711879999999963e-06 1.152361279999999909e-06 1.151047170000000084e-06 1.149768310000000015e-06 1.148524119999999927e-06 1.147313469999999956e-06 1.146135669999999928e-06 1.144989709999999991e-06 1.143874779999999960e-06 1.142790099999999970e-06 1.141734860000000047e-06 1.140708150000000067e-06 1.139709299999999928e-06 1.138737500000000081e-06 1.137791860000000050e-06 1.136871790000000023e-06 1.135976500000000100e-06 1.135105209999999993e-06 1.134257330000000102e-06 1.133432079999999927e-06 1.132628769999999930e-06 1.131846829999999950e-06 1.131085580000000059e-06 1.130344459999999922e-06 1.129622659999999987e-06 1.128919849999999906e-06 1.128235229999999952e-06 1.127568339999999939e-06 1.126918619999999953e-06
1.256045040000000034e-06 1.498151959999999915e-06 1.643690780000000047e-06 1.726646589999999932e-06 1.769255500000000089e-06 1.787487920000000052e-06 1.791439670000000027e-06 1.787117180000000072e-06 1.778055780000000072e-06 1.766363879999999989e-06 1.753325360000000100e-06 1.739735809999999928e-06 1.726092590000000098e-06 1.712704720000000105e-06 1.699759759999999945e-06 1.687364600000000053e-06 1.675573120000000003e-06 1.664403610000000073e-06 1.653851649999999900e-06 1.643897799999999904e-06 1.634514090000000056e-06 1.625667210000000015e-06 1.617321910000000026e-06 1.609442390000000032e-06 1.601993740000000028e-06 1.594942319999999959e-06 1.588256279999999909e-06 1.581906300000000033e-06 1.575864870000000067e-06 1.570107089999999895e-06 1.564609870000000037e-06 1.559352540000000052e-06 1.554315990000000076e-06 1.549483160000000056e-06 1.544838820000000016e-06 1.540368769999999901e-06 1.536060840000000034e-06 1.531903650000000005e-06 1.527887089999999984e-06 1.524002409999999995e-06 1.520241310000000000e-06 1.516596850000000023e-06 1.513062329999999900e-06 1.509631939999999943e-06 1.506300690000000050e-06 1.503063800000000034e-06 1.499917180000000094e-06 1.496856839999999944e-06 1.493879609999999942e-06 1.490982189999999978e-06 1.488161840000000063e-06 1.485415960000000085e-06 1.482742160000000055e-06 1.480138169999999997e-06 1.477602150000000013e-06 1.475132189999999952e-06 1.472726239999999999e-06 1.470382930000000056e-06 1.468100550000000060e-06 1.465877519999999998e-06 1.463712469999999982e-06 1.461603919999999938e-06 1.459550499999999977e-06 1.457551090000000062e-06 1.455604209999999904e-06 1.453708709999999991e-06 1.451863340000000024e-06 1.450066859999999952e-06 1.448318240000000062e-06 1.446616120000000079e-06 1.444959590000000091e-06 1.443347400000000009e-06 1.441778519999999909e-06 1.440251819999999928e-06 1.438766159999999952e-06 1.437320630000000071e-06 1.435914099999999995e-06 1.434545649999999988e-06 1.433214149999999973e-06 1.431918580000000064e-06 1.430658240000000049e-06 1.429431899999999913e-06 1.428238759999999932e-06 1.427077789999999968e-06 1.425948199999999910e-06 1.424849070000000018e-06 1.423779510000000030e-06 1.422738709999999973e-06 1.421725759999999932e-06 1.420739859999999971e-06 1.419780350000000024e-06 1.418846299999999895e-06 1.417937030000000082e-06 1.417051750000000048e-06 1.416189890000000055e-06 1.415350539999999978e-06 1.414533020000000104e-06 1.413736870000000033e-06 1.412961180000000066e-06 1.412205620000000064e-06
1.739680560000000044e-06 2.001498839999999838e-06 2.142816360000000103e-06 2.214124609999999812e-06 2.244299820000000035e-06 2.251579189999999863e-06 2.246453279999999936e-06 2.234673959999999951e-06 2.219389900000000084e-06 2.202369390000000004e-06 2.184644469999999969e-06 2.166839069999999795e-06 2.149339479999999968e-06 2.132384909999999799e-06 2.116119280000000008e-06 2.100622400000000208e-06 2.085929509999999908e-06 2.072045620000000128e-06 2.058955489999999795e-06 2.046630240000000027e-06 2.035032140000000119e-06 2.024119340000000090e-06 2.013846820000000108e-06 2.004169799999999942e-06 1.995044160000000058e-06 1.986427379999999953e-06 1.978279440000000143e-06 1.970562149999999949e-06 1.963240720000000014e-06 1.956282630000000109e-06 1.949657870000000005e-06 1.943339609999999998e-06 1.937303069999999983e-06 1.931525730000000007e-06 1.925987139999999793e-06 1.920669089999999987e-06 1.915555460000000136e-06 1.910631000000000190e-06 1.905882529999999983e-06 1.901298329999999989e-06 1.896867500000000055e-06 1.892580710000000005e-06 1.888429320000000051e-06 1.884405719999999904e-06 1.880502959999999975e-06 1.876715030000000063e-06 1.873036350000000043e-06 1.869461930000000025e-06 1.865987309999999925e-06 1.862608540000000025e-06 1.859321740000000014e-06 1.856123730000000005e-06 1.853011440000000083e-06 1.849981910000000099e-06 1.847032649999999915e-06 1.844161259999999929e-06 1.841365359999999981e-06 1.838643020000000055e-06 1.835992180000000091e-06 1.833410809999999925e-06 1.830897300000000069e-06 1.828449849999999924e-06 1.826066860000000037e-06 1.823746629999999960e-06 1.821487670000000006e-06 1.819288399999999947e-06 1.817147560000000085e-06 1.815063460000000006e-06 1.813034939999999950e-06 1.811060429999999938e-06 1.809138780000000034e-06 1.807268519999999988e-06 1.805448509999999899e-06 1.803677260000000081e-06 1.801953659999999895e-06 1.800276550000000003e-06 1.798644579999999956e-06 1.797056600000000027e-06 1.795511589999999907e-06 1.794008090000000015e-06 1.792545279999999919e-06 1.791121919999999990e-06 1.789736869999999906e-06 1.788389230000000001e-06 1.787077849999999916e-06 1.785801599999999997e-06 1.784559689999999921e-06 1.783350969999999963e-06 1.782174650000000010e-06 1.781029599999999986e-06 1.779915120000000105e-06 1.778830099999999940e-06 1.777773719999999905e-06 1.776745190000000099e-06 1.775743730000000022e-06 1.774768409999999900e-06 1.773818550000000019e-06 1.772893259999999903e-06 1.771991829999999942e-06 1.771113600000000071e-06
2.370637959999999857e-06 2.639092600000000117e-06 2.766259740000000165e-06 2.819384240000000066e-06 2.832871359999999886e-06 2.826354150000000072e-06 2.810197660000000198e-06 2.789590550000000176e-06 2.767096249999999892e-06 2.744008499999999818e-06 2.721013059999999809e-06 2.698498969999999946e-06 2.676699980000000066e-06 2.655759770000000018e-06 2.635764299999999914e-06 2.616758820000000207e-06 2.598758329999999830e-06 2.581755329999999952e-06 2.565725479999999948e-06 2.550632870000000210e-06 2.536433390000000183e-06 2.523078139999999935e-06 2.510515059999999931e-06 2.498691629999999814e-06 2.487555779999999801e-06 2.477056799999999960e-06 2.467145800000000183e-06 2.457777099999999938e-06 2.448907249999999795e-06 2.440496249999999919e-06 2.432506560000000083e-06 2.424904319999999857e-06 2.417657919999999983e-06 2.410738719999999909e-06 2.404120779999999981e-06 2.397780459999999996e-06 2.391696850000000123e-06 2.385850390000000137e-06 2.380224029999999810e-06 2.374802080000000038e-06 2.369570669999999845e-06 2.364517510000000179e-06 2.359631249999999889e-06 2.354902109999999922e-06 2.350320760000000102e-06 2.345879239999999929e-06 2.341570510000000126e-06 2.337387970000000042e-06 2.333325710000000052e-06 2.329378729999999804e-06 2.325542029999999798e-06 2.321811050000000007e-06 2.318182400000000206e-06 2.314651970000000096e-06 2.311216580000000001e-06 2.307873270000000194e-06 2.304619329999999951e-06 2.301451559999999946e-06 2.298367919999999979e-06 2.295365900000000049e-06 2.292443240000000006e-06 2.289597889999999825e-06 2.286827790000000080e-06 2.284131140000000171e-06 2.281505890000000073e-06 2.278950210000000135e-06 2.276462509999999884e-06 2.274040980000000166e-06 2.271683799999999885e-06 2.269389600000000211e-06 2.267156789999999824e-06 2.264983550000000169e-06 2.262868749999999899e-06 2.260810560000000211e-06 2.258807629999999809e-06 2.256858580000000038e-06 2.254961829999999826e-06 2.253116240000000120e-06 2.251320439999999974e-06 2.249572840000000184e-06 2.247872089999999876e-06 2.246217260000000125e-06 2.244607000000000056e-06 2.243039939999999994e-06 2.241514949999999863e-06 2.240030650000000162e-06 2.238586149999999993e-06 2.237180300000000055e-06 2.235811729999999824e-06 2.234479550000000096e-06 2.233182840000000075e-06 2.231920230000000084e-06 2.230691050000000022e-06 2.229493929999999791e-06 2.228328189999999889e-06 2.227192909999999942e-06 2.226087190000000074e-06 2.225009889999999962e-06 2.223960339999999927e-06 2.222937839999999972e-06
3.181931789999999887e-06 3.439994319999999823e-06 3.542162180000000181e-06 3.570477249999999799e-06 3.562988469999999913e-06 3.539691310000000206e-06 3.510329859999999983e-06 3.479275619999999951e-06 3.448347799999999839e-06 3.418249890000000077e-06 3.389234279999999930e-06 3.361388279999999960e-06 3.334745089999999897e-06 3.309320849999999844e-06 3.285122379999999976e-06 3.262148310000000194e-06 3.240387059999999996e-06 3.219815429999999928e-06 3.200401120000000136e-06 3.182101640000000013e-06 3.164868529999999951e-06 3.148648150000000192e-06 3.133382959999999955e-06 3.119014990000000077e-06 3.105484890000000201e-06 3.092735140000000044e-06 3.080708889999999847e-06 3.069352719999999801e-06 3.058614990000000198e-06 3.048447519999999908e-06 3.038805520000000145e-06 3.029646900000000058e-06 3.020933260000000112e-06 3.012629119999999929e-06 3.004701740000000176e-06 2.997122010000000078e-06 2.989862650000000203e-06 2.982899790000000147e-06 2.976210909999999959e-06 2.969776460000000084e-06 2.963578709999999945e-06 2.957601510000000039e-06 2.951830080000000114e-06 2.946251929999999968e-06 2.940855439999999801e-06 2.935629940000000083e-06 2.930566099999999792e-06 2.925655509999999972e-06 2.920890670000000099e-06 2.916264979999999949e-06 2.911771620000000192e-06 2.907405590000000056e-06 2.903161430000000063e-06 2.899034830000000037e-06 2.895021229999999954e-06 2.891116990000000163e-06 2.887318029999999838e-06 2.883621619999999877e-06 2.880024109999999957e-06 2.876522790000000200e-06 2.873114910000000159e-06 2.869797750000000132e-06 2.866568820000000192e-06 2.863425829999999867e-06 2.860366519999999853e-06 2.857388380000000151e-06 2.854489819999999862e-06 2.851668340000000084e-06 2.848922120000000143e-06 2.846249339999999789e-06 2.843647740000000143e-06 2.841115930000000184e-06 2.838651879999999962e-06 2.836253770000000073e-06 2.833920010000000044e-06 2.831649000000000000e-06 2.829438700000000165e-06 2.827287740000000015e-06 2.825194769999999947e-06 2.823157730000000113e-06 2.821175490000000012e-06 2.819246450000000195e-06 2.817368799999999811e-06 2.815541620000000183e-06 2.813763329999999815e-06 2.812032330000000102e-06 2.810347719999999898e-06 2.808707679999999799e-06 2.807111060000000081e-06 2.805556960000000021e-06 2.804043789999999991e-06 2.802570179999999893e-06 2.801135449999999802e-06 2.799738239999999864e-06 2.798377410000000182e-06 2.797051820000000007e-06 2.795760340000000110e-06 2.794502279999999896e-06 2.793276510000000134e-06 2.792081659999999879e-06
4.212562540000000184e-06 4.439918479999999743e-06 4.505816830000000402e-06 4.502850970000000353e-06 4.470199199999999632e-06 4.427078689999999921e-06 4.382151930000000061e-06 4.338770400000000061e-06 4.297896790000000391e-06 4.259557500000000256e-06 4.223500580000000291e-06 4.189453190000000107e-06 4.157203419999999895e-06 4.126604840000000206e-06 4.097562400000000354e-06 4.070011979999999831e-06 4.043905389999999799e-06 4.019198059999999730e-06 3.995846330000000064e-06 3.973801090000000322e-06 3.953009129999999973e-06 3.933412700000000227e-06 3.914949960000000378e-06 3.897558139999999945e-06 3.881171779999999911e-06 3.865727189999999846e-06 3.851160269999999738e-06 3.837409169999999903e-06 3.824415669999999635e-06 3.812122489999999945e-06 3.800476630000000006e-06 3.789428319999999907e-06 3.778931159999999891e-06 3.768942180000000151e-06 3.759421590000000133e-06 3.750333010000000006e-06 3.741643240000000039e-06 3.733322270000000004e-06 3.725342140000000118e-06 3.717678060000000032e-06 3.710307739999999990e-06 3.703210270000000164e-06 3.696367910000000152e-06 3.689763619999999976e-06 3.683382829999999935e-06 3.677212129999999875e-06 3.671239480000000169e-06 3.665453729999999968e-06 3.659845560000000192e-06 3.654405870000000018e-06 3.649126710000000043e-06 3.644001029999999891e-06 3.639022219999999937e-06 3.634184169999999829e-06 3.629481629999999791e-06 3.624909370000000122e-06 3.620463079999999799e-06 3.616137969999999869e-06 3.611930650000000105e-06 3.607837239999999986e-06 3.603854110000000106e-06 3.599978070000000119e-06 3.596206170000000122e-06 3.592535220000000191e-06 3.588962500000000199e-06 3.585485500000000147e-06 3.582101270000000135e-06 3.578807760000000136e-06 3.575602250000000025e-06 3.572482460000000002e-06 3.569446109999999842e-06 3.566491160000000193e-06 3.563615339999999809e-06 3.560816370000000158e-06 3.558092659999999921e-06 3.555441710000000194e-06 3.552861699999999879e-06 3.550351040000000197e-06 3.547907450000000078e-06 3.545529350000000142e-06 3.543214920000000141e-06 3.540962099999999800e-06 3.538769530000000118e-06 3.536635399999999820e-06 3.534558120000000129e-06 3.532536080000000073e-06 3.530567479999999900e-06 3.528650949999999934e-06 3.526784889999999877e-06 3.524967950000000126e-06 3.523198760000000157e-06 3.521475720000000096e-06 3.519797699999999868e-06 3.518163109999999845e-06 3.516570810000000128e-06 3.515019669999999794e-06 3.513508089999999815e-06 3.512035160000000066e-06 3.510599530000000098e-06 3.509200270000000136e-06
5.509284160000000059e-06 5.683176369999999689e-06 5.701402189999999851e-06 5.660874190000000058e-06 5.598987169999999929e-06 5.532980139999999751e-06 5.469977170000000126e-06 5.412138309999999662e-06 5.359485389999999831e-06 5.311315360000000106e-06 5.266825609999999639e-06 5.225345379999999627e-06 5.186382170000000345e-06 5.149602200000000147e-06 5.114786750000000145e-06 5.081792549999999647e-06 5.050523669999999857e-06 5.020906430000000317e-06 4.992878529999999920e-06 4.966381770000000153e-06 4.941354289999999812e-06 4.917732890000000032e-06 4.895450729999999755e-06 4.874439129999999721e-06 4.854626699999999942e-06 4.835941580000000210e-06 4.818313299999999640e-06 4.801671819999999967e-06 4.785949839999999735e-06 4.771081419999999881e-06 4.757004719999999698e-06 4.743661520000000174e-06 4.730996349999999782e-06 4.718957829999999756e-06 4.707498650000000218e-06 4.696574710000000013e-06 4.686144620000000407e-06 4.676172010000000121e-06 4.666622769999999726e-06 4.657465979999999713e-06 4.648672979999999880e-06 4.640219229999999724e-06 4.632080619999999665e-06 4.624237140000000175e-06 4.616669680000000328e-06 4.609360530000000046e-06 4.602295579999999601e-06 4.595459809999999990e-06 4.588841419999999912e-06 4.582429030000000014e-06 4.576212180000000047e-06 4.570181769999999610e-06 4.564329170000000221e-06 4.558646650000000309e-06 4.553127839999999849e-06 4.547765460000000384e-06 4.542554050000000320e-06 4.537487709999999854e-06 4.532562339999999783e-06 4.527772490000000031e-06 4.523113600000000150e-06 4.518582050000000137e-06 4.514173720000000294e-06 4.509884999999999597e-06 4.505712240000000262e-06 4.501652259999999648e-06 4.497701870000000372e-06 4.493857430000000240e-06 4.490117129999999676e-06 4.486476880000000147e-06 4.482934859999999711e-06 4.479487870000000312e-06 4.476133200000000378e-06 4.472868570000000109e-06 4.469692160000000103e-06 4.466600329999999861e-06 4.463591269999999804e-06 4.460663149999999861e-06 4.457813250000000327e-06 4.455039289999999709e-06 4.452339450000000298e-06 4.449711470000000249e-06 4.447153509999999664e-06 4.444663319999999910e-06 4.442239060000000242e-06 4.439878920000000235e-06 4.437581079999999639e-06 4.435343270000000172e-06 4.433164580000000017e-06 4.431042269999999822e-06 4.428975440000000133e-06 4.426962279999999679e-06 4.425001409999999806e-06 4.423090559999999692e-06 4.421228370000000332e-06 4.419414379999999635e-06 4.417645869999999592e-06 4.415921920000000254e-06 4.414241629999999626e-06 4.412603180000000001e-06
7.128970540000000129e-06 7.224989989999999758e-06 7.183941310000000086e-06 7.099485169999999738e-06 7.004206959999999623e-06 6.912137450000000392e-06 6.828371169999999948e-06 6.753681189999999978e-06 6.687072069999999585e-06 6.627077710000000290e-06 6.572327040000000416e-06 6.521735940000000101e-06 6.474519070000000368e-06 6.430140729999999795e-06 6.388244400000000219e-06 6.348597249999999637e-06 6.311042849999999596e-06 6.275467969999999953e-06 6.241784830000000347e-06 6.209916140000000142e-06 6.179787309999999603e-06 6.151324210000000238e-06 6.124450920000000239e-06 6.099088749999999822e-06 6.075157220000000119e-06 6.052575830000000072e-06 6.031264090000000142e-06 6.011141519999999769e-06 5.992130810000000360e-06 5.974156470000000186e-06 5.957145729999999760e-06 5.941030850000000266e-06 5.925745880000000275e-06 5.911230800000000175e-06 5.897427399999999934e-06 5.884283840000000390e-06 5.871750549999999818e-06 5.859782960000000228e-06 5.848338789999999869e-06 5.837380740000000233e-06 5.826874260000000290e-06 5.816787509999999738e-06 5.807091380000000342e-06 5.797760419999999780e-06 5.788770979999999717e-06 5.780101670000000277e-06 5.771732499999999885e-06 5.763646639999999959e-06 5.755828170000000348e-06 5.748262080000000177e-06 5.740936099999999619e-06 5.733837500000000140e-06 5.726956259999999699e-06 5.720281930000000411e-06 5.713805420000000005e-06 5.707519450000000027e-06 5.701415379999999628e-06 5.695486380000000078e-06 5.689726090000000330e-06 5.684129060000000307e-06 5.678688470000000257e-06 5.673400210000000305e-06 5.668258379999999803e-06 5.663258890000000219e-06 5.658396729999999684e-06 5.653668270000000065e-06 5.649069409999999620e-06 5.644596059999999816e-06 5.640244580000000156e-06 5.636011789999999691e-06 5.631893599999999891e-06 5.627887280000000382e-06 5.623989179999999993e-06 5.620196589999999694e-06 5.616506309999999735e-06 5.612915169999999841e-06 5.609420900000000034e-06 5.606020299999999720e-06 5.602711099999999769e-06 5.599490120000000080e-06 5.596355089999999831e-06 5.593303739999999893e-06 5.590333330000000067e-06 5.587441590000000378e-06 5.584625800000000276e-06 5.581884580000000261e-06 5.579215209999999783e-06 5.576615419999999714e-06 5.574083389999999805e-06 5.571616840000000255e-06 5.569213949999999967e-06 5.566873369999999763e-06 5.564592360000000290e-06 5.562369099999999605e-06 5.560202680000000125e-06 5.558090379999999607e-06 5.556031279999999795e-06 5.554023119999999690e-06 5.552064980000000191e-06 5.550155040000000202e-06
9.141603190000000627e-06 9.134235370000000760e-06 9.021647200000000274e-06 8.886211620000000796e-06 8.752846040000000435e-06 8.631144740000000341e-06 8.523595169999999220e-06 8.429316949999999780e-06 8.346189130000000828e-06 8.271946170000000776e-06 8.204648110000000428e-06 8.142802470000000056e-06 8.085337869999999848e-06 8.031515789999999990e-06 7.980839650000000359e-06 7.932975679999999981e-06 7.887697390000000791e-06 7.844841090000000448e-06 7.804282180000000126e-06 7.765913319999999664e-06 7.729637220000000413e-06 7.695359270000000742e-06 7.662986720000000262e-06 7.632424059999999582e-06 7.603577159999999660e-06 7.576350979999999634e-06 7.550650480000000337e-06 7.526382429999999636e-06 7.503455890000000110e-06 7.481782629999999976e-06 7.461277160000000193e-06 7.441859910000000324e-06 7.423453099999999861e-06 7.405984889999999938e-06 7.389387970000000123e-06 7.373598690000000129e-06 7.358558830000000100e-06 7.344213830000000325e-06 7.330513649999999701e-06 7.317412839999999591e-06 7.304868630000000063e-06 7.292842840000000265e-06 7.281300439999999967e-06 7.270208700000000085e-06 7.259538960000000417e-06 7.249264850000000385e-06 7.239361369999999935e-06 7.229807579999999763e-06 7.220583029999999591e-06 7.211669530000000138e-06 7.203050700000000007e-06 7.194711090000000118e-06 7.186637500000000020e-06 7.178817210000000160e-06 7.171238389999999762e-06 7.163891039999999823e-06 7.156764700000000092e-06 7.149850260000000344e-06 7.143140010000000351e-06 7.136626210000000414e-06 7.130301129999999807e-06 7.124157949999999627e-06 7.118190750000000420e-06 7.112393180000000117e-06 7.106759769999999839e-06 7.101284609999999959e-06 7.095963159999999678e-06 7.090790399999999845e-06 7.085761810000000156e-06 7.080872359999999941e-06 7.076117980000000319e-06 7.071495020000000119e-06 7.066998930000000412e-06 7.062626079999999677e-06 7.058372829999999956e-06 7.054235539999999904e-06 7.050210120000000143e-06 7.046294290000000025e-06 7.042483960000000172e-06 7.038775949999999637e-06 7.035167529999999740e-06 7.031655059999999982e-06 7.028236720000000113e-06 7.024908429999999735e-06 7.021668349999999794e-06 7.018513319999999840e-06 7.015441040000000423e-06 7.012448350000000245e-06 7.009533869999999805e-06 7.006693979999999948e-06 7.003927289999999656e-06 7.001230640000000170e-06 6.998602660000000122e-06 6.996041069999999710e-06 6.993543589999999981e-06 6.991107969999999762e-06 6.988732819999999728e-06 6.986415879999999727e-06 6.984155330000000357e-06 6.981949349999999675e-06
1.163392879999999998e-05 1.149677150000000015e-05 1.129894739999999951e-05 1.110396349999999921e-05 1.092661570000000033e-05 1.077085199999999918e-05 1.063586210000000026e-05 1.051873460000000076e-05 1.041604539999999940e-05 1.032467300000000075e-05 1.024209910000000028e-05 1.016643730000000082e-05 1.009633979999999975e-05 1.003087439999999943e-05 9.969400709999999189e-06 9.911479539999999783e-06 9.856802539999999697e-06 9.805141420000000266e-06 9.756317920000000715e-06 9.710181080000000622e-06 9.666596269999999297e-06 9.625437090000000704e-06 9.586580749999999669e-06 9.549908099999999985e-06 9.515300010000000015e-06 9.482639140000000588e-06 9.451811820000000815e-06 9.422704350000000331e-06 9.395210329999999417e-06 9.369223330000000575e-06 9.344644239999999827e-06 9.321375729999999227e-06 9.299328669999999236e-06 9.278417559999999292e-06 9.258561479999999780e-06 9.239686729999999746e-06 9.221723299999999549e-06 9.204606610000000825e-06 9.188277550000000700e-06 9.172680620000000712e-06 9.157766730000000029e-06 9.143487659999999492e-06 9.129801579999999618e-06 9.116670299999999727e-06 9.104057429999999740e-06 9.091931129999999354e-06 9.080261409999999684e-06 9.069021869999999830e-06 9.058187970000000137e-06 9.047736060000000576e-06 9.037646120000000099e-06 9.027899069999999798e-06 9.018477610000000019e-06 9.009366290000000836e-06 9.000550560000000077e-06 8.992015860000000831e-06 8.983751289999999557e-06 8.975744089999999943e-06 8.967983379999999792e-06 8.960460039999999901e-06 8.953164980000000544e-06 8.946088199999999326e-06 8.939221519999999185e-06 8.932558560000000272e-06 8.926091140000000441e-06 8.919812899999999493e-06 8.913716559999999817e-06 8.907795749999999695e-06 8.902045010000000073e-06 8.896457980000000749e-06 8.891030120000000079e-06 8.885755959999999182e-06 8.880629139999999554e-06 8.875646929999999972e-06 8.870803869999999689e-06 8.866094499999999651e-06 8.861515200000000703e-06 8.857062309999999309e-06 8.852731300000000423e-06 8.848517609999999363e-06 8.844418519999999815e-06 8.840429470000000484e-06 8.836546840000000520e-06 8.832768799999999850e-06 8.829089889999999419e-06 8.825508300000000497e-06 8.822020389999999198e-06 8.818623429999999382e-06 8.815313780000000551e-06 8.812089620000000762e-06 8.808947309999999516e-06 8.805884140000000323e-06 8.802898260000000072e-06 8.799986970000000405e-06 8.797147530000000275e-06 8.794378119999999433e-06 8.791676010000000046e-06 8.789038469999999200e-06 8.786464600000000829e-06 8.783951670000000325e-06
1.471389350000000041e-05 1.441962650000000081e-05 1.412056280000000054e-05 1.385507860000000000e-05 1.362591679999999938e-05 1.343021090000000076e-05 1.326305119999999928e-05 1.311900090000000039e-05 1.299307590000000041e-05 1.288118349999999945e-05 1.278019229999999965e-05 1.268781490000000015e-05 1.260243059999999986e-05 1.252290889999999966e-05 1.244845769999999978e-05 1.237851759999999962e-05 1.231268020000000004e-05 1.225063170000000029e-05 1.219212029999999922e-05 1.213693299999999922e-05 1.208487990000000047e-05 1.203578539999999958e-05 1.198948390000000062e-05 1.194581820000000084e-05 1.190463349999999946e-05 1.186578450000000006e-05 1.182912819999999976e-05 1.179452740000000061e-05 1.176185009999999982e-05 1.173097190000000013e-05 1.170177260000000006e-05 1.167413940000000037e-05 1.164796410000000076e-05 1.162314859999999984e-05 1.159959809999999933e-05 1.157722549999999963e-05 1.155594780000000036e-05 1.153569059999999930e-05 1.151638479999999947e-05 1.149796390000000062e-05 1.148036969999999916e-05 1.146354769999999941e-05 1.144744600000000072e-05 1.143202009999999963e-05 1.141722710000000019e-05 1.140302810000000063e-05 1.138938659999999942e-05 1.137627080000000062e-05 1.136365149999999997e-05 1.135149890000000032e-05 1.133979000000000040e-05 1.132849960000000028e-05 1.131760750000000038e-05 1.130709279999999984e-05 1.129693830000000065e-05 1.128712669999999976e-05 1.127764150000000043e-05 1.126846839999999949e-05 1.125959439999999975e-05 1.125100609999999919e-05 1.124269060000000058e-05 1.123463879999999927e-05 1.122683809999999953e-05 1.121928019999999963e-05 1.121195419999999943e-05 1.120485190000000050e-05 1.119796529999999925e-05 1.119128499999999970e-05 1.118480490000000046e-05 1.117851659999999986e-05 1.117241389999999998e-05 1.116648850000000079e-05 1.116073689999999932e-05 1.115514989999999947e-05 1.114972380000000010e-05 1.114445150000000044e-05 1.113932829999999997e-05 1.113434880000000027e-05 1.112950850000000068e-05 1.112480189999999947e-05 1.112022439999999942e-05 1.111577149999999990e-05 1.111143959999999969e-05 1.110722409999999990e-05 1.110312039999999993e-05 1.109912500000000023e-05 1.109523419999999964e-05 1.109144430000000041e-05 1.108775179999999960e-05 1.108415380000000066e-05 1.108064680000000062e-05 1.107722710000000006e-05 1.107389290000000005e-05 1.107063960000000001e-05 1.106746640000000043e-05 1.106436870000000070e-05 1.106134549999999975e-05 1.105839329999999970e-05 1.105550930000000056e-05 1.105269259999999949e-05
1.851610250000000065e-05 1.803638219999999961e-05 1.761704699999999945e-05 1.726700789999999945e-05 1.697559309999999968e-05 1.673201949999999838e-05 1.652639549999999921e-05 1.635017539999999945e-05 1.619647990000000021e-05 1.606006659999999889e-05 1.593710659999999965e-05 1.582486039999999854e-05 1.572139810000000110e-05 1.562535910000000065e-05 1.553576660000000121e-05 1.545190750000000076e-05 1.537324170000000054e-05 1.529933980000000059e-05 1.522984709999999961e-05 1.516446350000000040e-05 1.510292079999999992e-05 1.504497689999999959e-05 1.499040539999999977e-05 1.493899710000000052e-05 1.489055279999999924e-05 1.484488529999999957e-05 1.480181619999999979e-05 1.476117809999999998e-05 1.472281019999999961e-05 1.468656410000000077e-05 1.465229619999999922e-05 1.461987359999999951e-05 1.458917179999999936e-05 1.456007340000000065e-05 1.453247110000000082e-05 1.450626219999999960e-05 1.448135299999999972e-05 1.445765699999999953e-05 1.443509249999999955e-05 1.441358469999999950e-05 1.439306649999999949e-05 1.437347240000000036e-05 1.435474499999999973e-05 1.433683059999999972e-05 1.431967940000000012e-05 1.430324480000000043e-05 1.428748510000000059e-05 1.427236200000000015e-05 1.425783920000000084e-05 1.424388299999999943e-05 1.423046340000000060e-05 1.421755219999999944e-05 1.420512220000000065e-05 1.419314960000000004e-05 1.418161169999999955e-05 1.417048769999999996e-05 1.415975749999999993e-05 1.414940199999999921e-05 1.413940479999999930e-05 1.412974959999999993e-05 1.412042090000000037e-05 1.411140419999999925e-05 1.410268669999999928e-05 1.409425480000000025e-05 1.408609750000000037e-05 1.407820220000000052e-05 1.407055880000000006e-05 1.406315640000000054e-05 1.405598600000000065e-05 1.404903739999999980e-05 1.404230259999999948e-05 1.403577329999999965e-05 1.402943959999999953e-05 1.402329600000000079e-05 1.401733429999999994e-05 1.401154620000000032e-05 1.400592650000000001e-05 1.400046859999999964e-05 1.399516530000000019e-05 1.399001119999999986e-05 1.398500080000000029e-05 1.398012859999999976e-05 1.397538929999999979e-05 1.397077809999999989e-05 1.396628890000000040e-05 1.396191869999999975e-05 1.395766229999999940e-05 1.395351500000000052e-05 1.394947409999999966e-05 1.394553420000000011e-05 1.394169160000000073e-05 1.393794449999999921e-05 1.393428740000000060e-05 1.393071759999999977e-05 1.392723150000000059e-05 1.392382730000000077e-05 1.392050039999999972e-05 1.391724979999999973e-05 1.391407110000000010e-05 1.391096250000000022e-05
2.320869130000000044e-05 2.251417389999999929e-05 2.195213350000000110e-05 2.149996180000000032e-05 2.113276610000000062e-05 2.083083200000000141e-05 2.057841079999999956e-05 2.036322260000000164e-05 2.017609589999999893e-05 2.001040589999999883e-05 1.986146159999999911e-05 1.972596149999999852e-05 1.960157349999999967e-05 1.948662610000000014e-05 1.937988599999999892e-05 1.928042549999999899e-05 1.918751150000000031e-05 1.910055470000000013e-05 1.901906030000000098e-05 1.894260819999999895e-05 1.887082179999999927e-05 1.880337000000000154e-05 1.873994920000000052e-05 1.868028079999999949e-05 1.862411230000000112e-05 1.857120510000000131e-05 1.852133759999999920e-05 1.847430389999999963e-05 1.842991330000000159e-05 1.838798559999999939e-05 1.834835709999999934e-05 1.831086959999999930e-05 1.827537929999999857e-05 1.824175519999999884e-05 1.820987020000000109e-05 1.817960770000000165e-05 1.815086579999999975e-05 1.812354090000000076e-05 1.809754389999999953e-05 1.807278929999999887e-05 1.804919880000000065e-05 1.802670160000000043e-05 1.800523020000000028e-05 1.798472289999999873e-05 1.796512150000000065e-05 1.794637320000000086e-05 1.792843069999999929e-05 1.791124850000000158e-05 1.789478120000000144e-05 1.787899419999999955e-05 1.786384749999999990e-05 1.784930829999999870e-05 1.783534390000000058e-05 1.782192700000000010e-05 1.780902679999999904e-05 1.779661940000000007e-05 1.778468140000000045e-05 1.777318719999999882e-05 1.776211870000000108e-05 1.775145210000000136e-05 1.774116940000000045e-05 1.773125400000000166e-05 1.772168800000000060e-05 1.771245480000000061e-05 1.770353989999999862e-05 1.769492879999999836e-05 1.768660700000000019e-05 1.767856339999999897e-05 1.767078360000000009e-05 1.766325480000000114e-05 1.765596970000000149e-05 1.764891569999999863e-05 1.764208170000000099e-05 1.763545879999999874e-05 1.762903780000000086e-05 1.762281139999999992e-05 1.761676870000000085e-05 1.761090430000000016e-05 1.760520720000000115e-05 1.759967379999999922e-05 1.759429689999999875e-05 1.758906729999999856e-05 1.758397959999999854e-05 1.757902830000000033e-05 1.757420979999999936e-05 1.756951499999999944e-05 1.756494020000000115e-05 1.756048190000000152e-05 1.755613270000000166e-05 1.755188900000000037e-05 1.754774890000000050e-05 1.754370349999999899e-05 1.753975449999999988e-05 1.753589280000000025e-05 1.753211840000000007e-05 1.752842580000000102e-05 1.752481329999999902e-05 1.752127720000000143e-05 1.751781560000000091e-05 1.751442319999999900e-05
2.900219440000000162e-05 2.806272639999999905e-05 2.733221300000000122e-05 2.675675569999999917e-05 2.629692790000000058e-05 2.592324740000000110e-05 2.561329349999999977e-05 2.535045500000000088e-05 2.512285030000000103e-05 2.492217029999999942e-05 2.474263419999999877e-05 2.458019120000000084e-05 2.443194530000000023e-05 2.429577219999999864e-05 2.417006540000000159e-05 2.405357549999999919e-05 2.394530200000000142e-05 2.384442269999999969e-05 2.375025180000000076e-05 2.366219629999999908e-05 2.357974699999999913e-05 2.350245449999999956e-05 2.342991499999999843e-05 2.336176839999999939e-05 2.329769270000000162e-05 2.323738770000000119e-05 2.318058249999999839e-05 2.312703150000000016e-05 2.307650720000000075e-05 2.302879689999999898e-05 2.298370959999999910e-05 2.294106710000000097e-05 2.290070550000000086e-05 2.286247220000000002e-05 2.282622880000000122e-05 2.279184630000000156e-05 2.275920449999999952e-05 2.272819440000000037e-05 2.269871399999999831e-05 2.267067069999999880e-05 2.264397340000000129e-05 2.261854570000000140e-05 2.259430950000000082e-05 2.257119739999999988e-05 2.254914400000000103e-05 2.252809100000000074e-05 2.250797840000000159e-05 2.248875719999999948e-05 2.247037809999999895e-05 2.245279570000000048e-05 2.243596460000000118e-05 2.241984839999999944e-05 2.240440879999999990e-05 2.238960949999999921e-05 2.237541590000000145e-05 2.236180079999999944e-05 2.234873139999999956e-05 2.233618030000000151e-05 2.232412230000000027e-05 2.231253169999999962e-05 2.230138490000000033e-05 2.229066009999999872e-05 2.228033739999999839e-05 2.227039479999999919e-05 2.226081599999999913e-05 2.225158100000000023e-05 2.224267149999999835e-05 2.223407499999999938e-05 2.222577500000000151e-05 2.221775499999999951e-05 2.221000430000000158e-05 2.220250829999999965e-05 2.219525409999999985e-05 2.218823100000000024e-05 2.218142619999999841e-05 2.217483049999999996e-05 2.216843499999999843e-05 2.216222669999999835e-05 2.215619860000000058e-05 2.215034329999999944e-05 2.214465169999999878e-05 2.213911469999999904e-05 2.213372499999999957e-05 2.212847720000000028e-05 2.212336400000000051e-05 2.211837820000000124e-05 2.211351600000000141e-05 2.210877030000000024e-05 2.210413550000000113e-05 2.209960620000000060e-05 2.209517880000000083e-05 2.209084780000000007e-05 2.208660949999999889e-05 2.208245859999999881e-05 2.207839319999999929e-05 2.207440779999999858e-05 2.207049870000000064e-05 2.206666429999999966e-05 2.206290080000000134e-05 2.205920460000000108e-05
3.616109829999999774e-05 3.494589330000000266e-05 3.401828870000000099e-05 3.329516040000000303e-05 3.272262980000000297e-05 3.226083210000000033e-05 3.188002669999999872e-05 3.155874580000000258e-05 3.128199019999999885e-05 3.103942070000000232e-05 3.082387410000000195e-05 3.063029360000000097e-05 3.045499029999999976e-05 3.029518479999999999e-05 3.014873250000000044e-05 3.001392720000000116e-05 2.988938469999999963e-05 2.977396429999999955e-05 2.966670950000000108e-05 2.956681059999999989e-05 2.947357460000000036e-05 2.938639949999999901e-05 2.930476149999999903e-05 2.922819840000000008e-05 2.915629739999999888e-05 2.908869649999999858e-05 2.902506459999999879e-05 2.896510519999999841e-05 2.890855099999999894e-05 2.885516009999999998e-05 2.880471039999999929e-05 2.875700010000000091e-05 2.871184729999999848e-05 2.866907930000000038e-05 2.862854669999999915e-05 2.859010420000000007e-05 2.855362069999999979e-05 2.851897810000000063e-05 2.848606530000000065e-05 2.845477680000000126e-05 2.842502000000000115e-05 2.839670379999999976e-05 2.836974820000000167e-05 2.834407500000000018e-05 2.831961500000000008e-05 2.829629740000000034e-05 2.827406390000000082e-05 2.825285080000000126e-05 2.823260729999999864e-05 2.821328049999999971e-05 2.819481779999999916e-05 2.817717900000000109e-05 2.816031519999999963e-05 2.814418800000000119e-05 2.812875750000000120e-05 2.811398739999999971e-05 2.809984290000000091e-05 2.808628959999999862e-05 2.807329839999999865e-05 2.806083829999999951e-05 2.804888029999999850e-05 2.803740059999999991e-05 2.802637029999999928e-05 2.801576919999999873e-05 2.800557010000000123e-05 2.799575670000000144e-05 2.798630340000000136e-05 2.797719389999999903e-05 2.796840999999999875e-05 2.795993350000000141e-05 2.795174620000000112e-05 2.794383540000000053e-05 2.793618480000000106e-05 2.792877969999999979e-05 2.792160739999999936e-05 2.791465700000000130e-05 2.790791399999999919e-05 2.790136930000000024e-05 2.789501009999999868e-05 2.788882739999999999e-05 2.788281379999999848e-05 2.787695669999999844e-05 2.787125049999999987e-05 2.786568620000000148e-05 2.786025470000000031e-05 2.785495239999999855e-05 2.784976820000000127e-05 2.784470049999999926e-05 2.783974010000000150e-05 2.783488160000000111e-05 2.783012129999999865e-05 2.782545380000000078e-05 2.782087359999999899e-05 2.781637519999999832e-05 2.781195870000000039e-05 2.780761499999999888e-05 2.780334399999999893e-05 2.779914030000000044e-05 2.779500390000000002e-05 2.779092759999999865e-05
4.501883090000000326e-05 4.349620579999999856e-05 4.234074000000000214e-05 4.144306509999999886e-05 4.073503440000000159e-05 4.016601449999999761e-05 3.969850880000000090e-05 3.930580349999999854e-05 3.896939960000000020e-05 3.867658960000000122e-05 3.841849680000000011e-05 3.818873299999999939e-05 3.798254329999999670e-05 3.779625690000000006e-05 3.762698179999999826e-05 3.747239320000000131e-05 3.733057749999999978e-05 3.719996680000000282e-05 3.707925499999999944e-05 3.696733980000000048e-05 3.686329000000000260e-05 3.676631599999999773e-05 3.667573399999999819e-05 3.659095089999999680e-05 3.651145739999999979e-05 3.643680250000000002e-05 3.636658949999999968e-05 3.630046560000000310e-05 3.623811430000000100e-05 3.617926269999999830e-05 3.612365250000000117e-05 3.607105830000000089e-05 3.602127980000000229e-05 3.597412429999999881e-05 3.592942809999999674e-05 3.588703480000000304e-05 3.584680600000000016e-05 3.580860719999999698e-05 3.577232200000000326e-05 3.573784119999999726e-05 3.570505939999999898e-05 3.567388190000000329e-05 3.564421789999999761e-05 3.561599079999999798e-05 3.558911700000000100e-05 3.556352749999999778e-05 3.553915299999999824e-05 3.551592450000000026e-05 3.549378739999999976e-05 3.547267620000000096e-05 3.545254369999999866e-05 3.543333150000000124e-05 3.541499609999999957e-05 3.539748650000000091e-05 3.538076270000000247e-05 3.536477740000000080e-05 3.534949430000000273e-05 3.533487320000000217e-05 3.532087789999999741e-05 3.530747560000000162e-05 3.529462990000000302e-05 3.528231540000000010e-05 3.527049920000000101e-05 3.525915239999999790e-05 3.524824930000000129e-05 3.523776829999999722e-05 3.522768019999999664e-05 3.521796320000000264e-05 3.520859539999999973e-05 3.519956229999999842e-05 3.519083839999999895e-05 3.518240560000000046e-05 3.517425280000000123e-05 3.516635480000000302e-05 3.515870410000000192e-05 3.515128259999999706e-05 3.514407579999999896e-05 3.513707269999999735e-05 3.513026240000000056e-05 3.512363039999999876e-05 3.511716570000000202e-05 3.511086110000000116e-05 3.510470559999999949e-05 3.509869200000000138e-05 3.509280940000000158e-05 3.508705049999999946e-05 3.508140800000000115e-05 3.507587830000000206e-05 3.507045039999999870e-05 3.506511710000000223e-05 3.505987839999999910e-05 3.505472710000000046e-05 3.504965570000000239e-05 3.504466079999999680e-05 3.503974220000000074e-05 3.503488919999999871e-05 3.503010160000000098e-05 3.502537219999999837e-05 3.502070470000000050e-05 3.501609170000000170e-05
5.599674840000000317e-05 5.413290999999999871e-05 5.271725970000000000e-05 5.161671649999999842e-05 5.074857470000000074e-05 5.005109410000000114e-05 4.947882920000000055e-05 4.899957639999999833e-05 4.859109690000000325e-05 4.823797640000000210e-05 4.792929759999999673e-05 4.765701310000000179e-05 4.741499649999999963e-05 4.719843490000000279e-05 4.700346110000000314e-05 4.682693180000000154e-05 4.666627500000000239e-05 4.651935889999999669e-05 4.638442259999999909e-05 4.625999650000000137e-05 4.614485080000000207e-05 4.603794149999999863e-05 4.593839180000000209e-05 4.584544879999999731e-05 4.575847560000000032e-05 4.567690850000000300e-05 4.560027080000000194e-05 4.552814060000000111e-05 4.546015039999999852e-05 4.539597650000000282e-05 4.533532770000000124e-05 4.527795319999999710e-05 4.522361999999999986e-05 4.517213160000000186e-05 4.512329540000000155e-05 4.507695119999999804e-05 4.503294259999999827e-05 4.499113859999999713e-05 4.495140459999999851e-05 4.491362419999999858e-05 4.487769550000000337e-05 4.484351300000000075e-05 4.481098589999999847e-05 4.478002299999999774e-05 4.475054080000000017e-05 4.472246660000000080e-05 4.469572739999999996e-05 4.467024699999999989e-05 4.464596710000000047e-05 4.462281869999999955e-05 4.460074710000000160e-05 4.457969040000000187e-05 4.455960150000000018e-05 4.454042570000000097e-05 4.452211210000000299e-05 4.450461350000000103e-05 4.448788970000000260e-05 4.447189350000000247e-05 4.445658489999999787e-05 4.444193110000000193e-05 4.442788850000000051e-05 4.441442429999999998e-05 4.440150220000000037e-05 4.438909670000000193e-05 4.437717139999999968e-05 4.436570449999999670e-05 4.435466329999999762e-05 4.434402219999999766e-05 4.433375939999999990e-05 4.432384960000000109e-05 4.431427439999999885e-05 4.430501210000000129e-05 4.429604089999999793e-05 4.428734249999999821e-05 4.427890239999999908e-05 4.427070230000000318e-05 4.426272789999999719e-05 4.425496079999999906e-05 4.424739379999999961e-05 4.424001240000000258e-05 4.423280190000000164e-05 4.422575510000000118e-05 4.421885749999999814e-05 4.421210179999999866e-05 4.420547699999999926e-05 4.419897960000000037e-05 4.419259490000000245e-05 4.418631580000000135e-05 4.418014210000000057e-05 4.417405940000000209e-05 4.416806769999999914e-05 4.416215959999999959e-05 4.415632790000000106e-05 4.415056899999999894e-05 4.414487919999999718e-05 4.413925489999999798e-05 4.413369239999999848e-05 4.412818450000000308e-05 4.412273119999999822e-05 4.411732880000000139e-05
6.962764020000000329e-05 6.738403320000000416e-05 6.567427039999999328e-05 6.434209349999999393e-05 6.328857850000000034e-05 6.244022370000000316e-05 6.174350709999999330e-05 6.116073929999999348e-05 6.066581410000000104e-05 6.024040699999999923e-05 5.987126129999999864e-05 5.954839070000000120e-05 5.926400629999999830e-05 5.901187979999999864e-05 5.878695810000000150e-05 5.858510120000000185e-05 5.840290400000000044e-05 5.823755050000000084e-05 5.808671629999999928e-05 5.794846579999999968e-05 5.782119840000000228e-05 5.770356069999999941e-05 5.759442500000000042e-05 5.749283810000000176e-05 5.739799239999999954e-05 5.730920019999999999e-05 5.722586869999999741e-05 5.714749199999999939e-05 5.707363379999999829e-05 5.700391189999999938e-05 5.693799179999999753e-05 5.687558589999999813e-05 5.681643959999999662e-05 5.676032009999999896e-05 5.670703469999999858e-05 5.665639760000000335e-05 5.660824540000000075e-05 5.656243589999999927e-05 5.651883110000000145e-05 5.647730719999999782e-05 5.643775880000000161e-05 5.640007659999999960e-05 5.636416240000000067e-05 5.632992910000000181e-05 5.629728549999999748e-05 5.626615529999999846e-05 5.623646209999999697e-05 5.620812949999999877e-05 5.618109569999999738e-05 5.615528790000000315e-05 5.613064419999999778e-05 5.610711010000000255e-05 5.608462379999999741e-05 5.606313060000000034e-05 5.604257599999999873e-05 5.602291639999999875e-05 5.600409709999999805e-05 5.598607460000000106e-05 5.596880149999999929e-05 5.595224140000000133e-05 5.593635429999999759e-05 5.592109660000000102e-05 5.590643199999999809e-05 5.589233110000000330e-05 5.587875779999999960e-05 5.586567930000000017e-05 5.585306640000000240e-05 5.584089010000000021e-05 5.582912849999999844e-05 5.581774890000000170e-05 5.580673309999999735e-05 5.579605200000000136e-05 5.578569109999999715e-05 5.577562839999999808e-05 5.576584229999999694e-05 5.575631439999999815e-05 5.574703029999999689e-05 5.573797530000000041e-05 5.572913139999999933e-05 5.572048390000000086e-05 5.571202560000000262e-05 5.570373829999999873e-05 5.569561109999999750e-05 5.568763300000000222e-05 5.567980040000000154e-05 5.567209520000000137e-05 5.566451360000000063e-05 5.565704850000000194e-05 5.564968890000000182e-05 5.564243109999999744e-05 5.563526789999999995e-05 5.562818839999999733e-05 5.562119620000000096e-05 5.561427680000000101e-05 5.560743380000000206e-05 5.560065620000000065e-05 5.559394049999999719e-05 5.558729030000000306e-05 5.558069460000000122e-05 5.557414989999999888e-05
8.658428849999999554e-05 8.391322630000000080e-05 8.187238560000000096e-05 8.027970760000000536e-05 7.901594650000000070e-05 7.799419109999999975e-05 7.715255919999999487e-05 7.644799919999999767e-05 7.585060669999999948e-05 7.533908500000000409e-05 7.489766719999999911e-05 7.451418790000000113e-05 7.417895540000000586e-05 7.388411180000000258e-05 7.362321049999999542e-05 7.339093280000000274e-05 7.318289859999999774e-05 7.299547720000000301e-05 7.282566369999999634e-05 7.267097679999999645e-05 7.252935029999999514e-05 7.239905969999999849e-05 7.227867169999999824e-05 7.216697850000000668e-05 7.206295410000000353e-05 7.196575460000000524e-05 7.187464509999999930e-05 7.178901429999999973e-05 7.170832400000000492e-05 7.163212289999999944e-05 7.156002540000000077e-05 7.149168959999999812e-05 7.142683169999999794e-05 7.136518249999999441e-05 7.130653100000000394e-05 7.125067350000000293e-05 7.119743530000000097e-05 7.114666370000000107e-05 7.109820579999999619e-05 7.105194530000000111e-05 7.100776569999999344e-05 7.096555050000000501e-05 7.092521259999999897e-05 7.088664279999999423e-05 7.084976820000000292e-05 7.081450170000000172e-05 7.078076310000000211e-05 7.074848689999999475e-05 7.071759320000000617e-05 7.068801639999999493e-05 7.065969839999999803e-05 7.063257360000000111e-05 7.060658390000000052e-05 7.058167099999999611e-05 7.055777679999999778e-05 7.053485750000000165e-05 7.051286230000000470e-05 7.049173289999999324e-05 7.047143300000000118e-05 7.045191160000000192e-05 7.043312510000000162e-05 7.041504429999999770e-05 7.039761840000000070e-05 7.038081089999999383e-05 7.036459279999999811e-05 7.034892770000000177e-05 7.033378640000000222e-05 7.031912539999999711e-05 7.030493729999999432e-05 7.029117109999999434e-05 7.027781979999999805e-05 7.026484670000000571e-05 7.025223020000000336e-05 7.023995570000000324e-05 7.022799400000000278e-05 7.021633060000000571e-05 7.020494380000000657e-05 7.019381879999999404e-05 7.018294129999999543e-05 7.017228930000000379e-05 7.016185550000000491e-05 7.015161829999999837e-05 7.014157020000000059e-05 7.013169670000000174e-05 7.012199789999999330e-05 7.011244449999999475e-05 7.010304400000000324e-05 7.009377439999999826e-05 7.008463579999999837e-05 7.007562090000000294e-05 7.006671509999999711e-05 7.005791849999999947e-05 7.004922370000000434e-05 7.004062350000000254e-05 7.003211789999999408e-05 7.002369239999999624e-05 7.001534690000000400e-05 7.000708140000000380e-05 6.999888859999999500e-05 6.999076140000000054e-05
1.077141500000000028e-04 1.045527529999999976e-04 1.021373830000000025e-04 1.002540010000000021e-04 9.875572139999999762e-05 9.753878840000000227e-05 9.653201410000000673e-05 9.568699899999999774e-05 9.497020070000000214e-05 9.435744139999999744e-05 9.383037829999999661e-05 9.337453959999999478e-05 9.297816719999999651e-05 9.263158430000000031e-05 9.232679440000000177e-05 9.205715470000000564e-05 9.181717179999999924e-05 9.160227639999999618e-05 9.140871410000000108e-05 9.123334169999999950e-05 9.107355440000000223e-05 9.092719849999999831e-05 9.079246230000000617e-05 9.066783239999999338e-05 9.055205010000000484e-05 9.044403119999999804e-05 9.034289540000000479e-05 9.024787870000000145e-05 9.015832619999999465e-05 9.007370680000000051e-05 8.999354760000000315e-05 8.991745560000000083e-05 8.984508170000000070e-05 8.977614200000000419e-05 8.971037460000000612e-05 8.964756130000000017e-05 8.958751279999999464e-05 8.953006180000000480e-05 8.947504830000000591e-05 8.942234130000000641e-05 8.937182429999999749e-05 8.932338099999999391e-05 8.927690939999999666e-05 8.923231509999999536e-05 8.918951060000000080e-05 8.914841599999999888e-05 8.910895850000000672e-05 8.907105080000000453e-05 8.903463460000000571e-05 8.899964450000000596e-05 8.896600049999999968e-05 8.893365879999999655e-05 8.890254679999999663e-05 8.887261360000000545e-05 8.884380799999999992e-05 8.881606479999999931e-05 8.878934019999999976e-05 8.876358329999999323e-05 8.873875049999999944e-05 8.871478350000000469e-05 8.869165319999999786e-05 8.866930880000000305e-05 8.864771369999999845e-05 8.862682439999999525e-05 8.860660449999999523e-05 8.858701770000000522e-05 8.856803470000000405e-05 8.854961919999999854e-05 8.853174219999999613e-05 8.851437449999999426e-05 8.849747969999999470e-05 8.848104330000000118e-05 8.846503620000000260e-05 8.844942930000000139e-05 8.843420069999999560e-05 8.841933599999999400e-05 8.840481309999999814e-05 8.839061049999999908e-05 8.837670609999999838e-05 8.836308550000000479e-05 8.834974140000000412e-05 8.833664469999999880e-05 8.832379540000000239e-05 8.831117159999999939e-05 8.829875879999999353e-05 8.828654969999999772e-05 8.827453710000000278e-05 8.826269910000000677e-05 8.825103580000000117e-05 8.823953979999999385e-05 8.822819649999999708e-05 8.821699880000000670e-05 8.820594669999999560e-05 8.819502549999999814e-05 8.818422790000000010e-05 8.817355409999999799e-05 8.816299669999999968e-05 8.815254840000000453e-05 8.814220930000000401e-05 8.813197200000000601e-05
1.340821909999999903e-04 1.303450409999999985e-04 1.274994279999999908e-04 1.252904189999999942e-04 1.235326780000000106e-04 1.220996490000000065e-04 1.209086189999999950e-04 1.199052570000000011e-04 1.190524419999999936e-04 1.183231729999999985e-04 1.176965519999999960e-04 1.171557310000000054e-04 1.166867949999999952e-04 1.162781259999999984e-04 1.159200619999999977e-04 1.156045329999999977e-04 1.153248299999999995e-04 1.150753810000000008e-04 1.148515730000000028e-04 1.146495489999999946e-04 1.144661149999999994e-04 1.142985999999999969e-04 1.141447939999999954e-04 1.140028330000000025e-04 1.138711449999999978e-04 1.137484290000000028e-04 1.136335779999999955e-04 1.135256679999999954e-04 1.134239209999999941e-04 1.133276669999999989e-04 1.132363540000000065e-04 1.131495010000000009e-04 1.130667149999999937e-04 1.129876469999999974e-04 1.129120059999999954e-04 1.128395449999999991e-04 1.127700380000000034e-04 1.127033030000000038e-04 1.126391730000000035e-04 1.125775020000000030e-04 1.125181589999999974e-04 1.124610280000000028e-04 1.124060069999999932e-04 1.123530020000000054e-04 1.123019170000000028e-04 1.122526739999999990e-04 1.122051909999999963e-04 1.121594029999999970e-04 1.121152310000000051e-04 1.120726159999999987e-04 1.120314849999999986e-04 1.119917870000000052e-04 1.119534499999999945e-04 1.119164299999999933e-04 1.118806609999999942e-04 1.118460929999999938e-04 1.118126820000000051e-04 1.117803619999999939e-04 1.117490969999999955e-04 1.117188289999999977e-04 1.116895289999999944e-04 1.116611380000000046e-04 1.116336129999999968e-04 1.116069250000000055e-04 1.115810300000000032e-04 1.115558919999999984e-04 1.115314659999999946e-04 1.115077250000000048e-04 1.114846380000000038e-04 1.114621699999999961e-04 1.114402839999999937e-04 1.114189650000000026e-04 1.113981779999999999e-04 1.113778929999999971e-04 1.113580949999999999e-04 1.113387550000000022e-04 1.113198449999999940e-04 1.113013499999999944e-04 1.112832539999999997e-04 1.112655299999999958e-04 1.112481620000000060e-04 1.112311290000000057e-04 1.112144239999999959e-04 1.111980309999999997e-04 1.111819219999999936e-04 1.111661040000000038e-04 1.111505479999999970e-04 1.111352470000000013e-04 1.111201849999999994e-04 1.111053639999999966e-04 1.110907610000000037e-04 1.110763700000000039e-04 1.110621890000000053e-04 1.110481969999999968e-04 1.110344020000000008e-04 1.110207810000000007e-04 1.110073350000000060e-04 1.109940570000000041e-04 1.109809450000000030e-04 1.109679869999999964e-04
1.670246859999999884e-04 1.625964510000000001e-04 1.592453770000000089e-04 1.566655560000000062e-04 1.546195419999999939e-04 1.529491419999999904e-04 1.515559559999999967e-04 1.503781239999999950e-04 1.493743619999999867e-04 1.485146640000000113e-04 1.477754849999999870e-04 1.471375580000000040e-04 1.465846869999999972e-04 1.461033100000000016e-04 1.456819740000000010e-04 1.453111470000000005e-04 1.449828560000000104e-04 1.446904930000000075e-04 1.444285299999999899e-04 1.441923809999999864e-04 1.439782209999999939e-04 1.437828469999999901e-04 1.436035959999999907e-04 1.434382280000000016e-04 1.432848800000000131e-04 1.431419509999999986e-04 1.430081169999999902e-04 1.428822870000000104e-04 1.427634999999999961e-04 1.426509839999999963e-04 1.425440420000000043e-04 1.424421210000000070e-04 1.423447679999999987e-04 1.422515490000000058e-04 1.421621269999999925e-04 1.420762270000000007e-04 1.419935869999999929e-04 1.419140029999999984e-04 1.418372699999999960e-04 1.417632449999999878e-04 1.416917659999999979e-04 1.416227310000000000e-04 1.415560109999999946e-04 1.414915170000000122e-04 1.414291469999999994e-04 1.413688150000000018e-04 1.413104329999999916e-04 1.412539419999999876e-04 1.411992710000000025e-04 1.411463310000000125e-04 1.410950789999999995e-04 1.410454420000000115e-04 1.409973630000000051e-04 1.409507820000000032e-04 1.409056570000000110e-04 1.408618990000000046e-04 1.408194950000000089e-04 1.407783569999999961e-04 1.407384550000000047e-04 1.406997470000000128e-04 1.406621740000000122e-04 1.406256779999999907e-04 1.405902289999999869e-04 1.405558000000000003e-04 1.405223160000000052e-04 1.404897630000000034e-04 1.404580830000000098e-04 1.404272629999999951e-04 1.403972420000000132e-04 1.403679930000000095e-04 1.403394999999999935e-04 1.403117060000000035e-04 1.402845959999999908e-04 1.402581399999999940e-04 1.402322959999999913e-04 1.402070479999999923e-04 1.401823829999999948e-04 1.401582559999999889e-04 1.401346670000000016e-04 1.401115589999999897e-04 1.400889450000000096e-04 1.400667819999999893e-04 1.400450710000000060e-04 1.400237819999999899e-04 1.400029000000000009e-04 1.399823959999999922e-04 1.399622709999999871e-04 1.399425089999999951e-04 1.399230969999999870e-04 1.399040050000000012e-04 1.398852470000000090e-04 1.398667960000000098e-04 1.398486349999999902e-04 1.398307500000000063e-04 1.398131569999999939e-04 1.397958259999999917e-04 1.397787420000000055e-04 1.397619050000000081e-04 1.397453159999999955e-04 1.397289600000000006e-04
2.082176800000000091e-04 2.029478350000000044e-04 1.989899029999999986e-04 1.959773070000000040e-04 1.936051700000000124e-04 1.916725889999999950e-04 1.900591600000000019e-04 1.886922839999999920e-04 1.875249290000000036e-04 1.865233060000000135e-04 1.856608140000000080e-04 1.849154510000000011e-04 1.842686760000000008e-04 1.837048039999999874e-04 1.832106500000000074e-04 1.827751690000000134e-04 1.823891220000000053e-04 1.820448520000000046e-04 1.817359440000000030e-04 1.814571009999999972e-04 1.812038540000000092e-04 1.809725070000000084e-04 1.807599329999999940e-04 1.805635399999999961e-04 1.803811320000000076e-04 1.802108599999999899e-04 1.800511820000000058e-04 1.799007880000000044e-04 1.797585569999999926e-04 1.796235879999999929e-04 1.794950800000000074e-04 1.793723789999999930e-04 1.792549160000000009e-04 1.791422259999999917e-04 1.790339009999999964e-04 1.789296219999999887e-04 1.788290829999999987e-04 1.787320219999999891e-04 1.786382489999999872e-04 1.785475760000000125e-04 1.784598130000000110e-04 1.783748590000000067e-04 1.782925679999999868e-04 1.782128089999999868e-04 1.781355090000000003e-04 1.780605669999999971e-04 1.779878800000000093e-04 1.779173759999999995e-04 1.778489679999999899e-04 1.777826109999999977e-04 1.777182039999999929e-04 1.776556889999999903e-04 1.775950220000000032e-04 1.775361159999999997e-04 1.774789129999999947e-04 1.774233680000000053e-04 1.773694089999999942e-04 1.773169929999999974e-04 1.772660620000000029e-04 1.772165560000000064e-04 1.771684330000000132e-04 1.771216480000000133e-04 1.770761299999999922e-04 1.770318489999999885e-04 1.769887599999999924e-04 1.769468220000000049e-04 1.769059889999999931e-04 1.768662039999999950e-04 1.768274379999999909e-04 1.767896609999999923e-04 1.767528300000000083e-04 1.767169009999999981e-04 1.766818599999999903e-04 1.766476489999999999e-04 1.766142520000000095e-04 1.765816269999999973e-04 1.765497580000000000e-04 1.765186029999999957e-04 1.764881449999999982e-04 1.764583580000000029e-04 1.764292100000000021e-04 1.764006739999999954e-04 1.763727489999999867e-04 1.763453769999999909e-04 1.763185720000000063e-04 1.762923060000000093e-04 1.762665339999999899e-04 1.762412719999999927e-04 1.762164900000000019e-04 1.761921589999999979e-04 1.761682800000000039e-04 1.761448220000000082e-04 1.761218010000000010e-04 1.760991580000000013e-04 1.760769229999999976e-04 1.760550510000000071e-04 1.760335439999999947e-04 1.760123999999999955e-04 1.759915759999999916e-04 1.759711010000000026e-04
2.597637650000000193e-04 2.534663649999999938e-04 2.487708409999999921e-04 2.452409830000000057e-04 2.424895939999999867e-04 2.402609679999999880e-04 2.384049439999999986e-04 2.368334679999999873e-04 2.354908789999999945e-04 2.343377999999999911e-04 2.333435259999999906e-04 2.324827069999999950e-04 2.317340550000000115e-04 2.310796119999999952e-04 2.305043160000000120e-04 2.299955960000000133e-04 2.295429879999999880e-04 2.291378040000000113e-04 2.287728279999999960e-04 2.284420769999999964e-04 2.281405180000000115e-04 2.278640020000000045e-04 2.276089940000000059e-04 2.273725839999999883e-04 2.271522970000000021e-04 2.269460239999999908e-04 2.267520469999999885e-04 2.265688669999999948e-04 2.263952339999999899e-04 2.262300989999999914e-04 2.260725599999999984e-04 2.259218600000000000e-04 2.257773590000000056e-04 2.256385199999999926e-04 2.255048890000000133e-04 2.253760470000000071e-04 2.252516569999999925e-04 2.251314580000000095e-04 2.250151739999999955e-04 2.249026000000000107e-04 2.247935339999999947e-04 2.246878139999999987e-04 2.245853100000000000e-04 2.244858479999999891e-04 2.243893399999999925e-04 2.242956689999999896e-04 2.242047190000000104e-04 2.241164039999999919e-04 2.240306349999999916e-04 2.239473250000000048e-04 2.238663869999999996e-04 2.237877489999999926e-04 2.237113370000000086e-04 2.236370779999999868e-04 2.235649009999999940e-04 2.234947310000000048e-04 2.234265269999999933e-04 2.233601989999999936e-04 2.232956899999999898e-04 2.232329569999999910e-04 2.231719259999999946e-04 2.231125400000000117e-04 2.230547400000000070e-04 2.229984819999999935e-04 2.229437090000000094e-04 2.228903609999999963e-04 2.228384110000000077e-04 2.227877990000000125e-04 2.227384679999999944e-04 2.226903889999999879e-04 2.226435030000000121e-04 2.225977809999999930e-04 2.225531789999999981e-04 2.225096540000000094e-04 2.224671630000000090e-04 2.224256900000000066e-04 2.223851920000000115e-04 2.223456099999999882e-04 2.223069460000000103e-04 2.222691550000000134e-04 2.222321930000000108e-04 2.221960600000000025e-04 2.221606989999999995e-04 2.221261090000000056e-04 2.220922470000000030e-04 2.220590830000000032e-04 2.220266180000000022e-04 2.219948069999999900e-04 2.219636229999999931e-04 2.219330779999999909e-04 2.219031159999999901e-04 2.218737499999999931e-04 2.218449230000000107e-04 2.218166630000000124e-04 2.217889120000000132e-04 2.217616710000000089e-04 2.217349250000000055e-04 2.217086590000000084e-04 2.216828579999999965e-04 2.216574940000000003e-04
3.243016249999999801e-04 3.167621620000000038e-04 3.111715199999999884e-04 3.070142699999999902e-04 3.038085710000000246e-04 3.012335220000000088e-04 2.991014920000000074e-04 2.973032820000000211e-04 2.957705869999999811e-04 2.944555889999999764e-04 2.933214130000000091e-04 2.923381689999999806e-04 2.914810029999999981e-04 2.907291929999999752e-04 2.900655670000000064e-04 2.894758949999999770e-04 2.889485040000000179e-04 2.884737039999999797e-04 2.880435200000000160e-04 2.876513460000000143e-04 2.872917099999999931e-04 2.869600429999999945e-04 2.866525320000000215e-04 2.863660050000000094e-04 2.860977549999999870e-04 2.858455120000000260e-04 2.856073839999999885e-04 2.853817709999999794e-04 2.851673049999999899e-04 2.849628220000000088e-04 2.847673309999999847e-04 2.845799899999999750e-04 2.844001280000000046e-04 2.842271060000000249e-04 2.840603990000000194e-04 2.838995719999999915e-04 2.837442440000000001e-04 2.835940690000000181e-04 2.834487529999999735e-04 2.833080359999999836e-04 2.831717139999999962e-04 2.830395530000000249e-04 2.829113800000000018e-04 2.827870480000000265e-04 2.826663839999999771e-04 2.825492410000000074e-04 2.824355319999999770e-04 2.823250829999999849e-04 2.822178359999999919e-04 2.821136149999999964e-04 2.820123920000000019e-04 2.819140209999999955e-04 2.818184439999999922e-04 2.817255440000000256e-04 2.816352350000000059e-04 2.815474290000000135e-04 2.814620680000000093e-04 2.813790339999999767e-04 2.812983000000000237e-04 2.812197780000000140e-04 2.811433509999999815e-04 2.810690199999999763e-04 2.809966679999999781e-04 2.809262370000000018e-04 2.808576680000000121e-04 2.807909040000000200e-04 2.807258569999999975e-04 2.806625269999999989e-04 2.806007979999999998e-04 2.805406400000000117e-04 2.804819959999999912e-04 2.804248360000000041e-04 2.803690730000000185e-04 2.803147069999999802e-04 2.802616510000000200e-04 2.802098459999999942e-04 2.801593219999999997e-04 2.801099620000000161e-04 2.800617659999999893e-04 2.800146759999999884e-04 2.799686920000000133e-04 2.799237259999999821e-04 2.798797799999999951e-04 2.798368220000000176e-04 2.797947670000000098e-04 2.797536730000000109e-04 2.797134220000000045e-04 2.796740449999999753e-04 2.796355109999999929e-04 2.795977630000000139e-04 2.795607719999999917e-04 2.795245669999999729e-04 2.794890609999999801e-04 2.794542820000000096e-04 2.794201720000000222e-04 2.793867320000000139e-04 2.793539319999999962e-04 2.793217720000000233e-04 2.792901940000000016e-04 2.792592279999999740e-04
4.051437139999999730e-04 3.961321779999999880e-04 3.894696420000000174e-04 3.845491739999999897e-04 3.807863980000000185e-04 3.777895759999999863e-04 3.753281780000000158e-04 3.732666369999999758e-04 3.715190400000000078e-04 3.700252270000000234e-04 3.687392449999999777e-04 3.676244520000000260e-04 3.666510169999999966e-04 3.657945779999999822e-04 3.650352879999999782e-04 3.643569940000000187e-04 3.637465710000000190e-04 3.631933360000000029e-04 3.626885589999999967e-04 3.622251099999999760e-04 3.617971090000000173e-04 3.613996669999999778e-04 3.610287970000000137e-04 3.606811220000000120e-04 3.603538210000000234e-04 3.600445339999999912e-04 3.597512550000000163e-04 3.594723240000000097e-04 3.592062859999999849e-04 3.589519769999999850e-04 3.587083189999999808e-04 3.584744409999999831e-04 3.582495849999999850e-04 3.580330810000000074e-04 3.578244070000000218e-04 3.576230080000000235e-04 3.574284780000000082e-04 3.572404380000000269e-04 3.570585400000000063e-04 3.568824899999999828e-04 3.567120000000000230e-04 3.565468069999999851e-04 3.563867360000000264e-04 3.562315539999999937e-04 3.560810579999999933e-04 3.559350730000000198e-04 3.557934540000000020e-04 3.556560259999999888e-04 3.555226139999999747e-04 3.553931309999999819e-04 3.552674020000000051e-04 3.551453120000000159e-04 3.550267429999999979e-04 3.549115499999999884e-04 3.547996750000000023e-04 3.546909429999999799e-04 3.545852669999999978e-04 3.544825890000000168e-04 3.543827329999999810e-04 3.542856719999999985e-04 3.541912590000000061e-04 3.540994660000000072e-04 3.540101459999999930e-04 3.539232419999999743e-04 3.538386659999999775e-04 3.537563610000000135e-04 3.536762380000000043e-04 3.535982100000000265e-04 3.535222199999999825e-04 3.534481800000000072e-04 3.533760609999999996e-04 3.533057749999999860e-04 3.532372649999999774e-04 3.531704709999999967e-04 3.531053080000000040e-04 3.530417740000000074e-04 3.529797830000000252e-04 3.529193050000000147e-04 3.528602829999999868e-04 3.528026280000000261e-04 3.527463410000000201e-04 3.526913929999999763e-04 3.526376970000000255e-04 3.525851929999999738e-04 3.525339130000000186e-04 3.524837960000000241e-04 3.524347560000000087e-04 3.523868220000000192e-04 3.523399059999999736e-04 3.522940100000000263e-04 3.522491019999999802e-04 3.522051270000000006e-04 3.521620819999999913e-04 3.521199110000000133e-04 3.520786120000000204e-04 3.520381580000000120e-04 3.519985180000000037e-04 3.519596360000000024e-04 3.519215390000000085e-04 3.518841990000000255e-04
5.064488510000000150e-04 4.957329949999999576e-04 4.878111939999999792e-04 4.819672900000000087e-04 4.775127159999999898e-04 4.739864380000000099e-04 4.711140349999999848e-04 4.687297620000000224e-04 4.667252070000000143e-04 4.650229239999999881e-04 4.635639490000000094e-04 4.623018610000000062e-04 4.611996700000000064e-04 4.602278639999999731e-04 4.593630439999999999e-04 4.585864370000000191e-04 4.578832300000000230e-04 4.572414909999999847e-04 4.566517019999999892e-04 4.561061210000000180e-04 4.555985220000000123e-04 4.551238090000000059e-04 4.546777929999999864e-04 4.542570100000000257e-04 4.538586069999999773e-04 4.534801989999999927e-04 4.531197479999999754e-04 4.527756249999999837e-04 4.524463149999999995e-04 4.521306550000000080e-04 4.518275960000000266e-04 4.515362090000000269e-04 4.512557639999999985e-04 4.509855350000000233e-04 4.507249099999999990e-04 4.504733950000000021e-04 4.502305239999999974e-04 4.499958010000000151e-04 4.497689080000000250e-04 4.495494649999999732e-04 4.493371230000000075e-04 4.491316500000000250e-04 4.489326970000000108e-04 4.487399999999999896e-04 4.485533860000000023e-04 4.483725640000000190e-04 4.481973299999999875e-04 4.480274510000000258e-04 4.478627820000000083e-04 4.477031179999999954e-04 4.475482269999999925e-04 4.473979929999999752e-04 4.472522409999999922e-04 4.471107969999999800e-04 4.469735139999999837e-04 4.468402479999999824e-04 4.467108520000000215e-04 4.465851820000000258e-04 4.464631199999999790e-04 4.463445510000000152e-04 4.462293290000000131e-04 4.461173380000000026e-04 4.460084890000000140e-04 4.459026390000000225e-04 4.457996980000000081e-04 4.456995809999999853e-04 4.456021709999999879e-04 4.455074089999999805e-04 4.454151490000000046e-04 4.453253350000000127e-04 4.452378779999999810e-04 4.451527199999999788e-04 4.450697449999999815e-04 4.449888950000000041e-04 4.449101110000000113e-04 4.448333060000000255e-04 4.447584220000000074e-04 4.446853709999999834e-04 4.446141250000000111e-04 4.445446250000000010e-04 4.444767839999999755e-04 4.444105729999999962e-04 4.443459329999999738e-04 4.442828069999999732e-04 4.442211650000000059e-04 4.441609199999999860e-04 4.441020429999999750e-04 4.440445049999999804e-04 4.439882470000000212e-04 4.439332699999999849e-04 4.438794570000000137e-04 4.438268369999999918e-04 4.437753519999999884e-04 4.437249440000000183e-04 4.436756430000000158e-04 4.436273300000000228e-04 4.435800370000000199e-04 4.435337320000000264e-04 4.434883300000000026e-04 4.434438599999999953e-04
6.334392820000000297e-04 6.207880209999999633e-04 6.114109999999999641e-04 6.044587939999999633e-04 5.991434449999999629e-04 5.949439359999999588e-04 5.915459479999999682e-04 5.887516309999999602e-04 5.864255360000000371e-04 5.844673720000000041e-04 5.828003630000000304e-04 5.813642640000000420e-04 5.801121590000000473e-04 5.790074359999999734e-04 5.780216890000000260e-04 5.771326830000000387e-04 5.763231890000000083e-04 5.755798189999999795e-04 5.748919790000000000e-04 5.742512289999999672e-04 5.736509920000000323e-04 5.730858540000000360e-04 5.725515079999999495e-04 5.720444609999999607e-04 5.715618609999999732e-04 5.711012639999999948e-04 5.706607480000000076e-04 5.702386260000000305e-04 5.698335589999999930e-04 5.694443240000000113e-04 5.690699330000000217e-04 5.687093939999999766e-04 5.683620690000000400e-04 5.680272589999999693e-04 5.677042059999999743e-04 5.673925040000000510e-04 5.670915120000000502e-04 5.668008819999999530e-04 5.665200880000000180e-04 5.662487240000000244e-04 5.659864399999999613e-04 5.657328290000000455e-04 5.654876590000000114e-04 5.652504619999999943e-04 5.650210080000000459e-04 5.647989460000000508e-04 5.645841009999999494e-04 5.643760669999999544e-04 5.641746100000000251e-04 5.639795559999999895e-04 5.637906140000000345e-04 5.636075510000000070e-04 5.634301339999999705e-04 5.632581889999999699e-04 5.630914819999999644e-04 5.629298389999999987e-04 5.627730280000000241e-04 5.626209309999999700e-04 5.624733170000000004e-04 5.623300680000000449e-04 5.621910100000000396e-04 5.620559680000000334e-04 5.619248259999999476e-04 5.617974090000000479e-04 5.616736020000000348e-04 5.615532859999999502e-04 5.614362890000000475e-04 5.613225510000000246e-04 5.612119570000000156e-04 5.611043309999999649e-04 5.609996149999999958e-04 5.608976940000000256e-04 5.607984489999999879e-04 5.607018249999999940e-04 5.606077029999999772e-04 5.605160840000000420e-04 5.604267350000000352e-04 5.603396569999999528e-04 5.602547900000000346e-04 5.601720769999999662e-04 5.600913430000000132e-04 5.600126460000000523e-04 5.599358120000000197e-04 5.598608400000000280e-04 5.597876149999999945e-04 5.597161940000000167e-04 5.596464030000000310e-04 5.595782420000000373e-04 5.595115939999999611e-04 5.594465180000000003e-04 5.593828969999999718e-04 5.593206729999999991e-04 5.592598459999999737e-04 5.592003580000000189e-04 5.591421500000000452e-04 5.590852230000000487e-04 5.590295190000000441e-04 5.589749199999999611e-04 5.589215429999999825e-04 5.588692150000000407e-04
7.926726829999999977e-04 7.778393919999999559e-04 7.667912290000000177e-04 7.585163110000000446e-04 7.521368100000000532e-04 7.470859559999999547e-04 7.430163100000000513e-04 7.396976579999999619e-04 7.369624220000000172e-04 7.346819040000000149e-04 7.327557539999999961e-04 7.311056829999999958e-04 7.296713879999999547e-04 7.284067109999999966e-04 7.272764919999999932e-04 7.262540170000000026e-04 7.253189690000000009e-04 7.244558660000000516e-04 7.236526579999999487e-04 7.229002079999999894e-04 7.221911799999999968e-04 7.215199289999999757e-04 7.208820320000000354e-04 7.202738199999999830e-04 7.196923829999999538e-04 7.191353940000000302e-04 7.186009319999999735e-04 7.180874239999999976e-04 7.175935320000000278e-04 7.171180329999999638e-04 7.166600550000000371e-04 7.162186669999999564e-04 7.157931100000000440e-04 7.153826880000000452e-04 7.149867600000000276e-04 7.146047430000000440e-04 7.142361140000000157e-04 7.138802899999999955e-04 7.135368069999999943e-04 7.132052560000000201e-04 7.128850560000000091e-04 7.125757979999999695e-04 7.122771349999999866e-04 7.119885409999999939e-04 7.117097850000000470e-04 7.114403419999999669e-04 7.111798619999999595e-04 7.109281139999999721e-04 7.106846310000000276e-04 7.104491229999999836e-04 7.102212990000000272e-04 7.100008080000000431e-04 7.097874189999999785e-04 7.095808400000000243e-04 7.093807800000000423e-04 7.091870069999999839e-04 7.089992290000000398e-04 7.088172720000000381e-04 7.086409020000000464e-04 7.084698880000000120e-04 7.083039960000000025e-04 7.081431100000000478e-04 7.079869390000000096e-04 7.078353660000000300e-04 7.076882180000000416e-04 7.075453179999999925e-04 7.074064920000000360e-04 7.072715669999999960e-04 7.071404830000000037e-04 7.070130669999999916e-04 7.068891430000000123e-04 7.067685949999999873e-04 7.066513640000000439e-04 7.065372190000000210e-04 7.064261590000000309e-04 7.063180669999999991e-04 7.062127699999999663e-04 7.061102079999999554e-04 7.060102649999999962e-04 7.059128839999999913e-04 7.058180049999999636e-04 7.057254549999999538e-04 7.056351749999999808e-04 7.055471650000000447e-04 7.054613089999999583e-04 7.053774899999999725e-04 7.052957079999999787e-04 7.052158470000000068e-04 7.051378489999999633e-04 7.050617129999999606e-04 7.049872660000000395e-04 7.049145639999999761e-04 7.048434930000000093e-04 7.047740510000000385e-04 7.047061229999999812e-04 7.046397079999999497e-04 7.045747479999999591e-04 7.045111850000000241e-04 7.044489610000000514e-04 7.043880760000000409e-04
9.923845059999999475e-04 9.750649920000000349e-04 9.620821220000000092e-04 9.522300680000000354e-04 9.445501490000000021e-04 9.384426520000000490e-04 9.335323699999999777e-04 9.295547500000000095e-04 9.263050160000000331e-04 9.236196060000000530e-04 9.213689479999999984e-04 9.194519949999999846e-04 9.177915639999999643e-04 9.163293869999999865e-04 9.150219849999999874e-04 9.138368769999999754e-04 9.127497320000000280e-04 9.117423909999999550e-04 9.108012309999999811e-04 9.099157760000000077e-04 9.090779930000000408e-04 9.082818289999999807e-04 9.075223929999999637e-04 9.067959620000000127e-04 9.060995649999999645e-04 9.054308760000000060e-04 9.047878560000000448e-04 9.041689919999999466e-04 9.035730039999999470e-04 9.029986690000000541e-04 9.024451139999999615e-04 9.019114080000000281e-04 9.013967940000000264e-04 9.009005730000000387e-04 9.004220480000000313e-04 8.999605199999999782e-04 8.995155220000000109e-04 8.990862990000000020e-04 8.986723259999999892e-04 8.982730800000000024e-04 8.978880359999999710e-04 8.975165549999999546e-04 8.971581119999999911e-04 8.968123579999999571e-04 8.964785960000000355e-04 8.961564740000000067e-04 8.958455289999999859e-04 8.955452360000000110e-04 8.952552449999999626e-04 8.949750919999999599e-04 8.947043100000000261e-04 8.944426660000000077e-04 8.941896380000000392e-04 8.939449909999999753e-04 8.937082600000000477e-04 8.934792709999999760e-04 8.932575579999999958e-04 8.930429470000000435e-04 8.928350290000000187e-04 8.926336299999999661e-04 8.924384599999999603e-04 8.922492849999999606e-04 8.920658730000000265e-04 8.918879320000000239e-04 8.917153459999999825e-04 8.915478249999999770e-04 8.913851929999999516e-04 8.912273330000000486e-04 8.910739560000000134e-04 8.909249449999999881e-04 8.907801240000000256e-04 8.906393780000000432e-04 8.905025319999999812e-04 8.903694109999999969e-04 8.902398990000000116e-04 8.901138789999999508e-04 8.899912349999999526e-04 8.898718520000000430e-04 8.897555529999999534e-04 8.896423390000000051e-04 8.895319770000000448e-04 8.894244089999999792e-04 8.893196350000000250e-04 8.892174230000000250e-04 8.891177709999999873e-04 8.890205650000000421e-04 8.889256860000000144e-04 8.888331360000000046e-04 8.887427980000000465e-04 8.886546130000000506e-04 8.885684660000000429e-04 8.884843560000000272e-04 8.884021660000000374e-04 8.883218399999999720e-04 8.882433179999999623e-04 8.881666000000000083e-04 8.880915700000000315e-04 8.880181700000000468e-04 8.879464000000000540e-04 8.878762019999999599e-04
