3.270676360000000001e-03 3.270625599999999866e-03 3.270312449999999982e-03 3.268886590000000172e-03 3.263873980000000022e-03 3.249357449999999963e-03 3.213215389999999911e-03 3.134138419999999911e-03 2.981425260000000049e-03 2.723826559999999869e-03 2.351679140000000057e-03 1.899252300000000030e-03 1.437355879999999923e-03 1.033416720000000051e-03 7.198177629999999699e-04 4.950836879999999645e-04 3.414899980000000198e-04 2.390607990000000107e-04 1.714725510000000082e-04 1.270313510000000042e-04 9.785587459999999784e-05 7.877594179999999739e-05 6.643035889999999630e-05 5.863223490000000164e-05 5.394982140000000026e-05 5.143725499999999987e-05 5.046305159999999693e-05 5.060100370000000168e-05 5.156023329999999985e-05 5.314020379999999757e-05 5.520119160000000100e-05 5.764506570000000024e-05 6.040232980000000157e-05 6.342345299999999823e-05 6.667307029999999639e-05 7.012577409999999915e-05 7.376345459999999652e-05 7.757330599999999444e-05 8.154635730000000637e-05 8.567655459999999601e-05 8.996012910000000383e-05 9.439483260000000348e-05 9.897977719999999748e-05 1.037151449999999955e-04 1.086018379999999982e-04 1.136413479999999970e-04 1.188357059999999943e-04 1.241873980000000042e-04 1.296990959999999886e-04 1.353737170000000010e-04 1.412144189999999997e-04 1.472244769999999899e-04 1.534071629999999892e-04 1.597658270000000015e-04 1.663038269999999989e-04 1.730245569999999992e-04 1.799312160000000134e-04 1.870269769999999938e-04 1.943149399999999946e-04 2.017981310000000134e-04 2.094793739999999875e-04 2.173613320000000097e-04 2.254465359999999956e-04 2.337373590000000039e-04 2.422360559999999960e-04 2.509446350000000257e-04 2.598648719999999894e-04 2.689983809999999973e-04 2.783466189999999740e-04 2.879108360000000202e-04 2.976920219999999750e-04 3.076909340000000118e-04 3.179080959999999885e-04 3.283438269999999857e-04 3.389982159999999729e-04 3.498711159999999955e-04 3.609620620000000141e-04 3.722703550000000029e-04 3.837949480000000255e-04 3.955346469999999740e-04 4.074878819999999961e-04 4.196529330000000257e-04 4.320276779999999766e-04 4.446097010000000160e-04 4.573962940000000140e-04 4.703845190000000009e-04 4.835711149999999967e-04 4.969525619999999718e-04 5.105250749999999801e-04 5.242846090000000299e-04 5.382267989999999988e-04 5.523470460000000489e-04 5.666405779999999495e-04 5.811023289999999938e-04 5.957269459999999959e-04 6.105090720000000025e-04 6.254430630000000144e-04 6.405229800000000187e-04 6.557429439999999795e-04 6.710967279999999506e-04
4.115120039999999729e-03 4.115055779999999760e-03 4.114659500000000282e-03 4.112855529999999947e-03 4.106512760000000095e-03 4.088145219999999615e-03 4.042418669999999804e-03 3.942391840000000064e-03 3.749299330000000190e-03 3.423821410000000166e-03 2.954128199999999944e-03 2.383936430000000144e-03 1.802741320000000088e-03 1.295244550000000053e-03 9.017474950000000256e-04 6.200278880000000209e-04 4.276222609999999935e-04 2.993753880000000209e-04 2.147846829999999904e-04 1.591833570000000071e-04 1.226948809999999911e-04 9.884371680000000025e-05 8.342152429999999451e-05 7.369087689999999488e-05 6.785989539999999660e-05 6.474494149999999418e-05 6.355584630000000632e-05 6.375933299999999475e-05 6.499148729999999524e-05 6.700141240000000457e-05 6.961431789999999954e-05 7.270745120000000395e-05 7.619388630000000569e-05 8.001168319999999497e-05 8.411659659999999898e-05 8.847688879999999990e-05 9.306990979999999890e-05 9.787968159999999496e-05 1.028949990000000006e-04 1.081083320000000039e-04 1.135149720000000034e-04 1.191121630000000067e-04 1.248988260000000021e-04 1.308752400000000131e-04 1.370425449999999976e-04 1.434026639999999965e-04 1.499581849999999958e-04 1.567122819999999979e-04 1.636683009999999956e-04 1.708299820000000067e-04 1.782012839999999869e-04 1.857863830000000007e-04 1.935894249999999884e-04 2.016146319999999933e-04 2.098662369999999876e-04 2.183485780000000119e-04 2.270656699999999879e-04 2.360215590000000116e-04 2.452201440000000075e-04 2.546652690000000114e-04 2.643605400000000071e-04 2.743092770000000102e-04 2.845146810000000236e-04 2.949798069999999832e-04 3.057075079999999816e-04 3.167002869999999918e-04 3.279604429999999891e-04 3.394900120000000237e-04 3.512908590000000161e-04 3.633644959999999960e-04 3.757122899999999766e-04 3.883351459999999735e-04 4.012337299999999820e-04 4.144085110000000254e-04 4.278595149999999997e-04 4.415866569999999736e-04 4.555892960000000147e-04 4.698665579999999832e-04 4.844171640000000025e-04 4.992395989999999463e-04 5.143318559999999736e-04 5.296917520000000252e-04 5.453166670000000535e-04 5.612034580000000404e-04 5.773488080000000128e-04 5.937489330000000204e-04 6.103996999999999895e-04 6.272967440000000146e-04 6.444352329999999962e-04 6.618099870000000327e-04 6.794155339999999798e-04 6.972460539999999997e-04 7.152954929999999966e-04 7.335574479999999687e-04 7.520252259999999885e-04 7.706918989999999832e-04 7.895504240000000146e-04 8.085932349999999571e-04 8.278128809999999848e-04 8.472015620000000399e-04
5.173374429999999698e-03 5.173292940000000055e-03 5.172790959999999660e-03 5.170505960000000220e-03 5.162472839999999660e-03 5.139211660000000265e-03 5.081308540000000103e-03 4.954678470000000411e-03 4.710361360000000011e-03 4.298926800000000062e-03 3.706046849999999806e-03 2.987668379999999964e-03 2.256958050000000115e-03 1.620169149999999914e-03 1.127237220000000106e-03 7.747707999999999852e-04 5.342662919999999552e-04 3.740654209999999752e-04 2.684524220000000187e-04 1.990648599999999960e-04 1.535512419999999893e-04 1.238190450000000115e-04 1.046114629999999983e-04 9.251012669999999951e-05 8.527790490000000093e-05 8.143725430000000275e-05 8.000191879999999929e-05 8.030633759999999803e-05 8.189635259999999571e-05 8.445887220000000543e-05 8.777579929999999950e-05 9.169397529999999972e-05 9.610495179999999429e-05 1.009314659999999944e-04 1.061183500000000002e-04 1.116260319999999991e-04 1.174262800000000029e-04 1.234992230000000080e-04 1.298308930000000049e-04 1.364119670000000042e-04 1.432366120000000030e-04 1.503014500000000007e-04 1.576052020000000124e-04 1.651482449999999952e-04 1.729321229999999866e-04 1.809592650000000117e-04 1.892329890000000125e-04 1.977572969999999897e-04 2.065364820000000011e-04 2.155752740000000116e-04 2.248787059999999953e-04 2.344520329999999876e-04 2.443005210000000075e-04 2.544295570000000236e-04 2.648444790000000111e-04 2.755507300000000132e-04 2.865534629999999853e-04 2.978577980000000143e-04 3.094686540000000149e-04 3.213909220000000133e-04 3.336291119999999864e-04 3.461875020000000245e-04 3.590701959999999921e-04 3.722809200000000169e-04 3.858234270000000105e-04 3.997008319999999942e-04 4.139160739999999880e-04 4.284717719999999895e-04 4.433701979999999732e-04 4.586134159999999860e-04 4.742030580000000119e-04 4.901403439999999466e-04 5.064261499999999760e-04 5.230609680000000315e-04 5.400449149999999709e-04 5.573779340000000219e-04 5.750592099999999717e-04 5.930875780000000302e-04 6.114615239999999586e-04 6.301790709999999587e-04 6.492376559999999720e-04 6.686346610000000511e-04 6.883666500000000478e-04 7.084296670000000485e-04 7.288195190000000025e-04 7.495314929999999853e-04 7.705602910000000248e-04 7.919003260000000025e-04 8.135456590000000139e-04 8.354895980000000191e-04 8.577252160000000498e-04 8.802452360000000186e-04 9.030419169999999570e-04 9.261071100000000094e-04 9.494323749999999647e-04 9.730090390000000009e-04 9.968279630000000981e-04 1.020879830000000080e-03 1.045154989999999909e-03 1.069643649999999901e-03
6.497226660000000008e-03 6.497123280000000230e-03 6.496486719999999826e-03 6.493588909999999624e-03 6.483402570000000413e-03 6.453907580000000331e-03 6.380498410000000169e-03 6.220013830000000084e-03 5.910593549999999981e-03 5.390169099999999811e-03 4.641650239999999678e-03 3.736924149999999809e-03 2.819175599999999924e-03 2.021451249999999932e-03 1.405263199999999980e-03 9.653797019999999472e-04 6.655799810000000019e-04 4.660536069999999783e-04 3.346028099999999949e-04 2.482910060000000150e-04 1.917120969999999887e-04 1.547811839999999907e-04 1.309512449999999972e-04 1.159665629999999940e-04 1.070427529999999958e-04 1.023412109999999987e-04 1.006348389999999941e-04 1.010956480000000063e-04 1.031586729999999983e-04 1.064344979999999933e-04 1.106518679999999959e-04 1.156203139999999999e-04 1.212049900000000018e-04 1.273098459999999911e-04 1.338663130000000050e-04 1.408252429999999990e-04 1.481515939999999965e-04 1.558207149999999981e-04 1.638153039999999943e-04 1.721238219999999869e-04 1.807391530000000040e-04 1.896571480000000087e-04 1.988763249999999868e-04 2.083972790000000004e-04 2.182219909999999941e-04 2.283536159999999921e-04 2.387964050000000032e-04 2.495554800000000253e-04 2.606362399999999791e-04 2.720447370000000226e-04 2.837873469999999945e-04 2.958707629999999850e-04 3.083016489999999832e-04 3.210867869999999946e-04 3.342329870000000213e-04 3.477472060000000201e-04 3.616359029999999860e-04 3.759055979999999957e-04 3.905625199999999877e-04 4.056128670000000241e-04 4.210623740000000114e-04 4.369165109999999935e-04 4.531804299999999839e-04 4.698589039999999926e-04 4.869566759999999868e-04 5.044777060000000266e-04 5.224258060000000047e-04 5.408041760000000366e-04 5.596158439999999491e-04 5.788634300000000069e-04 5.985489120000000041e-04 6.186739770000000303e-04 6.392396170000000247e-04 6.602466459999999874e-04 6.816951790000000009e-04 7.035851009999999827e-04 7.259154229999999815e-04 7.486846879999999645e-04 7.718909180000000292e-04 7.955317269999999516e-04 8.196039129999999496e-04 8.441040989999999645e-04 8.690278629999999933e-04 8.943703720000000489e-04 9.201262730000000535e-04 9.462894520000000430e-04 9.728533910000000413e-04 9.998108730000000461e-04 1.027154389999999917e-03 1.054875550000000011e-03 1.082965640000000014e-03 1.111415209999999957e-03 1.140214500000000025e-03 1.169353259999999974e-03 1.198820769999999923e-03 1.228605980000000006e-03 1.258697480000000061e-03 1.289083159999999907e-03 1.319750910000000010e-03 1.350688399999999982e-03
8.149856699999999399e-03 8.149726319999999954e-03 8.148917929999999199e-03 8.145236409999999372e-03 8.132298479999999427e-03 8.094837889999999606e-03 8.001622740000000414e-03 7.797931789999999579e-03 7.405568379999999742e-03 6.746704220000000057e-03 5.801410879999999853e-03 4.662518860000000077e-03 3.511326850000000017e-03 2.514032409999999908e-03 1.745823189999999971e-03 1.198565240000000085e-03 8.261514010000000361e-04 5.785720420000000112e-04 4.156035140000000181e-04 3.086790680000000165e-04 2.386458219999999981e-04 1.929810099999999882e-04 1.635609949999999944e-04 1.451079729999999932e-04 1.341700549999999949e-04 1.284684259999999958e-04 1.264824530000000055e-04 1.271862420000000071e-04 1.298798890000000064e-04 1.340809829999999926e-04 1.394535499999999923e-04 1.457617180000000067e-04 1.528385470000000125e-04 1.605650900000000114e-04 1.688565680000000046e-04 1.776521389999999995e-04 1.869085389999999944e-04 1.965953120000000110e-04 2.066911840000000002e-04 2.171819940000000056e-04 2.280590419999999877e-04 2.393173639999999949e-04 2.509552580000000248e-04 2.629736259999999968e-04 2.753751179999999743e-04 2.881638359999999922e-04 3.013451929999999969e-04 3.149257100000000067e-04 3.289123709999999790e-04 3.433128000000000243e-04 3.581351189999999979e-04 3.733878259999999874e-04 3.890793599999999909e-04 4.052184229999999856e-04 4.218136019999999746e-04 4.388736850000000251e-04 4.564069390000000093e-04 4.744215979999999856e-04 4.929256390000000092e-04 5.119268900000000259e-04 5.314326259999999687e-04 5.514498330000000038e-04 5.719850309999999910e-04 5.930443880000000039e-04 6.146338419999999511e-04 6.367585159999999619e-04 6.594231239999999569e-04 6.826319729999999648e-04 7.063887899999999470e-04 7.306968909999999890e-04 7.555589550000000112e-04 7.809770180000000098e-04 8.069525360000000215e-04 8.334863810000000314e-04 8.605787879999999678e-04 8.882296969999999622e-04 9.164377700000000482e-04 9.452013760000000210e-04 9.745178980000000378e-04 1.004384249999999961e-03 1.034796589999999964e-03 1.065750490000000068e-03 1.097240370000000017e-03 1.129260289999999911e-03 1.161803139999999972e-03 1.194861370000000009e-03 1.228426820000000103e-03 1.262490169999999981e-03 1.297041889999999992e-03 1.332071379999999992e-03 1.367567569999999979e-03 1.403518369999999906e-03 1.439911660000000064e-03 1.476734180000000094e-03 1.513972410000000027e-03 1.551612279999999922e-03 1.589639110000000107e-03 1.628037890000000060e-03 1.666793020000000101e-03 1.705888659999999987e-03
1.020788960000000058e-02 1.020772290000000054e-02 1.020669379999999959e-02 1.020200830000000079e-02 1.018553789999999959e-02 1.013785690000000052e-02 1.001924279999999966e-02 9.760204700000000427e-03 9.261826049999999713e-03 8.426708169999999956e-03 7.232392209999999842e-03 5.799485370000000313e-03 4.357745869999999667e-03 3.114126159999999841e-03 2.159583379999999858e-03 1.481413380000000000e-03 1.020809979999999896e-03 7.150357120000000151e-04 5.139827259999999853e-04 3.822013099999999899e-04 2.959793200000000019e-04 2.398358480000000099e-04 2.037380619999999893e-04 1.811719850000000119e-04 1.678791599999999941e-04 1.610491450000000127e-04 1.588070300000000014e-04 1.598881500000000084e-04 1.634297810000000066e-04 1.688374320000000049e-04 1.756971029999999901e-04 1.837181919999999970e-04 1.926950790000000070e-04 2.024813579999999941e-04 2.129726340000000077e-04 2.240941250000000014e-04 2.357926569999999988e-04 2.480309340000000037e-04 2.607828939999999899e-04 2.740312780000000201e-04 2.877656369999999960e-04 3.019800639999999938e-04 3.166727260000000194e-04 3.318450179999999738e-04 3.475004629999999830e-04 3.636444160000000081e-04 3.802838330000000099e-04 3.974271239999999940e-04 4.150831080000000122e-04 4.332616230000000020e-04 4.519729410000000096e-04 4.712279480000000132e-04 4.910373250000000514e-04 5.114121009999999645e-04 5.323633089999999565e-04 5.539020059999999728e-04 5.760388449999999470e-04 5.987841290000000182e-04 6.221481020000000197e-04 6.461407169999999712e-04 6.707712889999999486e-04 6.960486639999999498e-04 7.219811090000000098e-04 7.485765960000000411e-04 7.758425779999999702e-04 8.037856899999999563e-04 8.324119839999999946e-04 8.617268760000000192e-04 8.917352530000000185e-04 9.224412499999999496e-04 9.538484740000000364e-04 9.859594280000000353e-04 1.018776089999999957e-03 1.052299509999999943e-03 1.086530160000000059e-03 1.121467790000000003e-03 1.157111020000000084e-03 1.193457630000000066e-03 1.230504359999999965e-03 1.268247489999999901e-03 1.306681779999999994e-03 1.345801869999999978e-03 1.385600889999999983e-03 1.426070810000000001e-03 1.467203019999999960e-03 1.508987860000000078e-03 1.551414720000000034e-03 1.594472090000000064e-03 1.638147630000000039e-03 1.682427939999999941e-03 1.727298830000000094e-03 1.772745160000000061e-03 1.818751099999999996e-03 1.865300230000000023e-03 1.912374980000000092e-03 1.959957650000000023e-03 2.008029489999999927e-03 2.056571420000000150e-03 2.105563410000000062e-03 2.154985680000000205e-03
1.276367160000000008e-02 1.276345830000000063e-02 1.276214510000000038e-02 1.275616329999999972e-02 1.273513769999999948e-02 1.267427489999999914e-02 1.252292189999999923e-02 1.219264599999999969e-02 1.155820209999999966e-02 1.049800870000000032e-02 8.988144809999999360e-03 7.186431440000000045e-03 5.384308749999999581e-03 3.838403150000000048e-03 2.657225119999999993e-03 1.820907110000000075e-03 1.254293600000000062e-03 8.788196720000000014e-04 6.322845580000000399e-04 4.708962510000000261e-04 3.654483300000000248e-04 2.969083729999999976e-04 2.529569030000000055e-04 2.256018780000000124e-04 2.096215030000000003e-04 2.015709469999999934e-04 1.991527679999999874e-04 2.008176230000000028e-04 2.055088120000000062e-04 2.124983149999999990e-04 2.212792310000000055e-04 2.314958549999999906e-04 2.428965529999999994e-04 2.553022349999999854e-04 2.685853400000000010e-04 2.826545389999999820e-04 2.974449600000000199e-04 3.129112009999999826e-04 3.290217429999999920e-04 3.457557469999999957e-04 3.631007570000000005e-04 3.810499620000000085e-04 3.996014999999999789e-04 4.187574959999999856e-04 4.385227509999999810e-04 4.589042510000000230e-04 4.799110170000000066e-04 5.015538770000000333e-04 5.238441520000000238e-04 5.467943269999999637e-04 5.704176149999999655e-04 5.947278109999999847e-04 6.197386539999999834e-04 6.454640530000000037e-04 6.719181550000000039e-04 6.991151019999999622e-04 7.270682249999999534e-04 7.557909700000000263e-04 7.852962590000000468e-04 8.155967229999999592e-04 8.467043519999999926e-04 8.786303220000000504e-04 9.113853450000000472e-04 9.449794889999999772e-04 9.794223590000000583e-04 1.014722509999999933e-03 1.050887630000000000e-03 1.087924699999999901e-03 1.125839999999999914e-03 1.164638900000000048e-03 1.204325819999999990e-03 1.244904360000000099e-03 1.286376849999999955e-03 1.328744929999999946e-03 1.372008930000000052e-03 1.416168989999999931e-03 1.461223119999999947e-03 1.507168400000000056e-03 1.554001240000000075e-03 1.601716389999999950e-03 1.650307680000000048e-03 1.699768009999999899e-03 1.750088529999999955e-03 1.801259350000000052e-03 1.853269519999999927e-03 1.906106479999999893e-03 1.959756720000000157e-03 2.014205790000000128e-03 2.069437879999999879e-03 2.125435970000000199e-03 2.182181459999999948e-03 2.239655699999999923e-03 2.297838219999999952e-03 2.356707820000000179e-03 2.416242380000000085e-03 2.476419090000000177e-03 2.537214199999999944e-03 2.598603020000000031e-03 2.660560419999999805e-03 2.723060550000000208e-03
1.592778229999999851e-02 1.592750849999999968e-02 1.592582459999999922e-02 1.591815989999999931e-02 1.589121859999999969e-02 1.581324450000000034e-02 1.561942319999999954e-02 1.519690639999999975e-02 1.438692859999999955e-02 1.303823659999999926e-02 1.112788640000000016e-02 8.864095429999999803e-03 6.616855510000000176e-03 4.702618809999999788e-03 3.248394469999999791e-03 2.223178279999999882e-03 1.530736219999999977e-03 1.072916199999999999e-03 7.728459310000000519e-04 5.767284889999999822e-04 4.488157869999999773e-04 3.658664060000000142e-04 3.128592509999999940e-04 2.800595829999999843e-04 2.611114760000000099e-04 2.518239199999999876e-04 2.494029179999999860e-04 2.519647819999999943e-04 2.582250749999999732e-04 2.672991540000000115e-04 2.785711260000000114e-04 2.916090020000000117e-04 3.061073079999999773e-04 3.218487249999999887e-04 3.386786270000000142e-04 3.564863870000000139e-04 3.751936890000000225e-04 3.947457879999999981e-04 4.151048779999999766e-04 4.362461620000000003e-04 4.581551469999999753e-04 4.808240919999999877e-04 5.042513949999999877e-04 5.284403449999999520e-04 5.533974619999999572e-04 5.791319420000000124e-04 6.056556590000000510e-04 6.329824100000000205e-04 6.611268619999999697e-04 6.901049640000000290e-04 7.199337120000000485e-04 7.506306870000000343e-04 7.822134070000000272e-04 8.146998010000000524e-04 8.481077380000000493e-04 8.824553219999999943e-04 9.177597240000000137e-04 9.540379399999999576e-04 9.913066170000000947e-04 1.029581759999999898e-03 1.068878919999999896e-03 1.109212289999999971e-03 1.150595610000000081e-03 1.193041680000000038e-03 1.236563080000000099e-03 1.281170519999999969e-03 1.326874129999999936e-03 1.373682750000000024e-03 1.421604539999999934e-03 1.470646470000000006e-03 1.520814369999999929e-03 1.572112670000000000e-03 1.624544620000000026e-03 1.678112199999999901e-03 1.732816340000000030e-03 1.788656810000000029e-03 1.845631280000000103e-03 1.903736380000000056e-03 1.962966980000000004e-03 2.023316920000000057e-03 2.084778160000000033e-03 2.147341609999999824e-03 2.210996350000000131e-03 2.275729319999999795e-03 2.341526330000000006e-03 2.408371769999999822e-03 2.476248419999999961e-03 2.545137189999999942e-03 2.615018509999999900e-03 2.685869809999999816e-03 2.757668029999999892e-03 2.830388719999999813e-03 2.904006050000000009e-03 2.978492530000000169e-03 3.053819760000000150e-03 3.129958869999999952e-03 3.206878900000000119e-03 3.284548410000000078e-03 3.362935269999999845e-03 3.442006190000000167e-03
1.983171330000000135e-02 1.983136120000000141e-02 1.982919309999999977e-02 1.981932299999999980e-02 1.978463680000000155e-02 1.968427000000000024e-02 1.943493450000000067e-02 1.889211869999999835e-02 1.785427330000000090e-02 1.613413730000000032e-02 1.371457149999999979e-02 1.087275709999999986e-02 8.078654299999999885e-03 5.719542969999999796e-03 3.940178550000000314e-03 2.692446580000000100e-03 1.852952879999999894e-03 1.299462159999999937e-03 9.374892690000000183e-04 7.013952709999999495e-04 5.477573719999999846e-04 4.484245150000000036e-04 3.852363149999999976e-04 3.464383189999999915e-04 3.243623649999999737e-04 3.139555050000000271e-04 3.118504250000000001e-04 3.157778409999999962e-04 3.241908269999999731e-04 3.360242409999999926e-04 3.505368080000000031e-04 3.672087909999999819e-04 3.856728139999999897e-04 4.056678150000000136e-04 4.270081990000000063e-04 4.495613979999999962e-04 4.732337550000000059e-04 4.979601939999999663e-04 5.236958970000000135e-04 5.504118739999999763e-04 5.780915959999999819e-04 6.067267390000000062e-04 6.363162540000000126e-04 6.668653220000000069e-04 6.983828499999999604e-04 7.308811180000000275e-04 7.643755530000000391e-04 7.988841970000000025e-04 8.344258530000000281e-04 8.710211259999999650e-04 9.086917849999999984e-04 9.474603579999999912e-04 9.873494270000000243e-04 1.028381749999999909e-03 1.070580329999999995e-03 1.113968319999999925e-03 1.158567730000000006e-03 1.204400439999999978e-03 1.251487529999999963e-03 1.299849829999999993e-03 1.349507019999999927e-03 1.400477490000000009e-03 1.452778930000000026e-03 1.506427889999999983e-03 1.561440180000000025e-03 1.617830129999999920e-03 1.675610309999999966e-03 1.734792489999999968e-03 1.795387129999999982e-03 1.857403319999999898e-03 1.920848499999999910e-03 1.985728510000000103e-03 2.052047759999999985e-03 2.119808690000000214e-03 2.189012709999999928e-03 2.259659350000000136e-03 2.331746039999999832e-03 2.405268140000000211e-03 2.480219349999999989e-03 2.556591759999999984e-03 2.634374890000000004e-03 2.713557330000000104e-03 2.794124419999999883e-03 2.876060320000000184e-03 2.959346170000000040e-03 3.043962180000000031e-03 3.129885529999999836e-03 3.217092480000000206e-03 3.305557179999999914e-03 3.395250769999999790e-03 3.486143660000000106e-03 3.578203729999999971e-03 3.671398150000000030e-03 3.765691539999999841e-03 3.861047089999999904e-03 3.957427569999999797e-03 4.054792689999999616e-03 4.153102639999999707e-03 4.252315500000000172e-03 4.352388440000000414e-03
2.463063039999999898e-02 2.463017400000000121e-02 2.462736520000000096e-02 2.461458180000000023e-02 2.456965859999999877e-02 2.443971480000000154e-02 2.411714380000000088e-02 2.341610010000000006e-02 2.208030219999999877e-02 1.987949199999999861e-02 1.681128330000000032e-02 1.324807949999999915e-02 9.786653330000000608e-03 6.896071600000000350e-03 4.735070749999999683e-03 3.229649499999999972e-03 2.221532860000000054e-03 1.559147029999999974e-03 1.127143039999999995e-03 8.460902030000000277e-04 6.637236219999999689e-04 5.462752889999999669e-04 4.720102009999999852e-04 4.268812770000000260e-04 4.017343740000000230e-04 3.905416819999999855e-04 3.892885869999999893e-04 3.952706170000000029e-04 4.066450059999999968e-04 4.221432319999999811e-04 4.408830139999999850e-04 4.622458950000000186e-04 4.857952009999999760e-04 5.112208309999999875e-04 5.383025849999999906e-04 5.668837109999999915e-04 5.968536129999999894e-04 6.281360400000000075e-04 6.606787789999999695e-04 6.944487100000000523e-04 7.294274980000000101e-04 7.656066449999999720e-04 8.029866730000000206e-04 8.415753250000000078e-04 8.813849419999999525e-04 9.224321110000000381e-04 9.647369150000000308e-04 1.008322930000000051e-03 1.053214659999999981e-03 1.099438639999999936e-03 1.147022819999999905e-03 1.195996300000000054e-03 1.246388069999999904e-03 1.298227350000000007e-03 1.351543819999999948e-03 1.406367049999999964e-03 1.462725459999999903e-03 1.520646970000000091e-03 1.580158950000000017e-03 1.641288050000000096e-03 1.704059659999999921e-03 1.768497400000000087e-03 1.834624210000000005e-03 1.902461280000000005e-03 1.972029220000000131e-03 2.043346409999999801e-03 2.116429149999999801e-03 2.191292819999999825e-03 2.267950679999999799e-03 2.346414839999999905e-03 2.426694850000000146e-03 2.508798149999999852e-03 2.592730570000000012e-03 2.678495600000000126e-03 2.766094639999999803e-03 2.855527450000000002e-03 2.946790309999999975e-03 3.039877629999999942e-03 3.134781259999999941e-03 3.231490499999999794e-03 3.329992060000000129e-03 3.430270820000000213e-03 3.532308389999999805e-03 3.636083100000000057e-03 3.741571449999999896e-03 3.848747119999999973e-03 3.957581239999999854e-03 4.068041690000000384e-03 4.180095160000000219e-03 4.293704869999999743e-03 4.408832169999999870e-03 4.525435159999999755e-03 4.643470509999999933e-03 4.762892609999999638e-03 4.883654420000000350e-03 5.005706569999999848e-03 5.128997839999999836e-03 5.253475159999999866e-03 5.379084499999999859e-03 5.505771379999999798e-03
3.050597570000000008e-02 3.050538150000000129e-02 3.050171770000000004e-02 3.048503959999999957e-02 3.042644259999999906e-02 3.025700519999999921e-02 2.983681300000000022e-02 2.892563490000000029e-02 2.719709089999999829e-02 2.437088819999999947e-02 2.047523669999999976e-02 1.601489450000000148e-02 1.174633670000000026e-02 8.229522030000000279e-03 5.628490350000000218e-03 3.830831270000000042e-03 2.633809109999999971e-03 1.850557399999999990e-03 1.341430119999999964e-03 1.011254380000000059e-03 7.978017669999999716e-04 6.610289569999999986e-04 5.752295839999999614e-04 5.238197630000000077e-04 4.960052320000000407e-04 4.846845989999999747e-04 4.851312549999999848e-04 4.941627850000000375e-04 5.096116799999999766e-04 5.299866320000000538e-04 5.542509610000000099e-04 5.816784109999999534e-04 6.117566950000000170e-04 6.441224250000000470e-04 6.785182629999999496e-04 7.147612050000000036e-04 7.527230769999999731e-04 7.923158700000000262e-04 8.334801529999999806e-04 8.761789649999999650e-04 9.203929800000000072e-04 9.661145739999999968e-04 1.013346710000000020e-03 1.062101219999999962e-03 1.112395319999999986e-03 1.164251119999999999e-03 1.217695539999999986e-03 1.272759280000000008e-03 1.329474150000000028e-03 1.387874600000000083e-03 1.447997060000000107e-03 1.509878780000000007e-03 1.573557150000000002e-03 1.639070110000000061e-03 1.706455719999999893e-03 1.775752289999999942e-03 1.846996139999999929e-03 1.920223590000000010e-03 1.995469680000000034e-03 2.072769219999999902e-03 2.152154449999999809e-03 2.233656359999999959e-03 2.317304019999999985e-03 2.403125629999999964e-03 2.491147490000000190e-03 2.581393109999999963e-03 2.673884159999999864e-03 2.768639939999999969e-03 2.865678170000000163e-03 2.965014199999999826e-03 3.066660369999999955e-03 3.170626470000000030e-03 3.276919709999999864e-03 3.385544749999999919e-03 3.496502989999999804e-03 3.609793960000000097e-03 3.725412999999999902e-03 3.843352200000000034e-03 3.963600840000000396e-03 4.086144729999999572e-03 4.210966640000000059e-03 4.338045599999999780e-03 4.467357879999999878e-03 4.598875530000000149e-03 4.732566419999999739e-03 4.868396560000000026e-03 5.006327290000000228e-03 5.146317180000000227e-03 5.288322459999999711e-03 5.432293749999999970e-03 5.578180309999999920e-03 5.725928580000000205e-03 5.875480360000000062e-03 6.026776509999999878e-03 6.179755089999999958e-03 6.334350909999999710e-03 6.490497379999999802e-03 6.648125589999999766e-03 6.807164289999999805e-03 6.967541300000000375e-03
3.766756880000000224e-02 3.766678650000000045e-02 3.766196589999999678e-02 3.764002030000000026e-02 3.756292910000000318e-02 3.734012319999999857e-02 3.678829599999999811e-02 3.559509660000000075e-02 3.334437309999999793e-02 2.970016560000000166e-02 2.474848179999999953e-02 1.917854319999999849e-02 1.394518089999999960e-02 9.703296239999999184e-03 6.606078240000000379e-03 4.485490729999999648e-03 3.082847919999999898e-03 2.169562270000000102e-03 1.578302240000000085e-03 1.196371859999999926e-03 9.506201020000000284e-04 7.941934749999999491e-04 6.971056570000000322e-04 6.400510899999999536e-04 6.104823549999999644e-04 6.001527650000000429e-04 6.035777619999999890e-04 6.170668060000000224e-04 6.381078270000000103e-04 6.649733990000000500e-04 6.964632780000000033e-04 7.317377599999999897e-04 7.702049329999999857e-04 8.114457600000000471e-04 8.551641950000000341e-04 9.011506340000000450e-04 9.492590320000000208e-04 9.993901480000000163e-04 1.051478090000000079e-03 1.105483040000000044e-03 1.161386140000000020e-03 1.219182039999999918e-03 1.278877959999999946e-03 1.340491579999999929e-03 1.404047010000000024e-03 1.469574400000000104e-03 1.537109380000000044e-03 1.606692330000000042e-03 1.678364820000000091e-03 1.752172009999999934e-03 1.828160720000000057e-03 1.906379589999999957e-03 1.986877059999999934e-03 2.069702139999999961e-03 2.154903949999999787e-03 2.242532089999999846e-03 2.332633590000000000e-03 2.425255490000000069e-03 2.520442940000000055e-03 2.618241119999999839e-03 2.718691709999999841e-03 2.821834990000000008e-03 2.927708670000000145e-03 3.036348610000000076e-03 3.147789279999999978e-03 3.262061159999999922e-03 3.379191970000000166e-03 3.499206850000000004e-03 3.622128400000000203e-03 3.747976149999999920e-03 3.876766419999999862e-03 4.008510619999999976e-03 4.143218510000000292e-03 4.280894989999999879e-03 4.421541929999999940e-03 4.565157460000000139e-03 4.711734599999999745e-03 4.861262629999999960e-03 5.013727120000000329e-03 5.169107580000000327e-03 5.327381190000000065e-03 5.488520020000000124e-03 5.652490999999999939e-03 5.819256420000000138e-03 5.988774359999999956e-03 6.160998249999999864e-03 6.335876879999999788e-03 6.513354829999999998e-03 6.693372500000000121e-03 6.875866090000000083e-03 7.060767150000000179e-03 7.248003499999999995e-03 7.437500169999999855e-03 7.629177069999999727e-03 7.822952229999999285e-03 8.018740450000000700e-03 8.216451850000000556e-03 8.415997030000000462e-03 8.617281909999999906e-03 8.820211510000000241e-03
4.635458070000000180e-02 4.635354130000000211e-02 4.634713380000000243e-02 4.631796850000000076e-02 4.621553789999999912e-02 4.591968660000000230e-02 4.518814010000000297e-02 4.361220820000000220e-02 4.066115619999999958e-02 3.594209629999999683e-02 2.964439989999999997e-02 2.271363139999999989e-02 1.634509300000000151e-02 1.128242160000000015e-02 7.641216739999999799e-03 5.175217989999999699e-03 3.556701350000000122e-03 2.508910139999999921e-03 1.833839569999999976e-03 1.399895530000000009e-03 1.122356859999999951e-03 9.472427189999999952e-04 8.401239760000000232e-04 7.788864900000000034e-04 7.491802680000000198e-04 7.415851000000000430e-04 7.498412739999999951e-04 7.697399120000000122e-04 7.984177789999999733e-04 8.339076890000000084e-04 8.748437390000000143e-04 9.202714430000000310e-04 9.695190239999999706e-04 1.022111970000000054e-03 1.077716359999999910e-03 1.136096889999999981e-03 1.197090839999999943e-03 1.260589579999999961e-03 1.326522089999999975e-03 1.394848109999999959e-03 1.465551210000000078e-03 1.538630569999999923e-03 1.614100179999999971e-03 1.691986340000000083e-03 1.772323159999999922e-03 1.855151379999999978e-03 1.940518499999999971e-03 2.028478079999999906e-03 2.119084590000000056e-03 2.212397290000000204e-03 2.308476949999999951e-03 2.407387129999999896e-03 2.509190469999999975e-03 2.613950749999999906e-03 2.721731780000000156e-03 2.832598050000000207e-03 2.946610330000000097e-03 3.063829379999999901e-03 3.184314350000000057e-03 3.308122739999999791e-03 3.435309509999999802e-03 3.565926100000000112e-03 3.700021649999999957e-03 3.837642259999999878e-03 3.978832619999999980e-03 4.123630930000000278e-03 4.272073969999999957e-03 4.424193409999999972e-03 4.580016709999999887e-03 4.739569970000000361e-03 4.902871789999999931e-03 5.069937560000000419e-03 5.240777509999999979e-03 5.415396759999999837e-03 5.593795789999999810e-03 5.775970870000000056e-03 5.961910820000000145e-03 6.151599810000000015e-03 6.345015950000000397e-03 6.542131300000000177e-03 6.742912809999999577e-03 6.947321820000000418e-03 7.155311759999999702e-03 7.366831879999999853e-03 7.581823510000000252e-03 7.800223309999999854e-03 8.021961899999999202e-03 8.246963839999999629e-03 8.475148119999999577e-03 8.706429039999999744e-03 8.940713479999999255e-03 9.177904580000000034e-03 9.417901750000000696e-03 9.660598819999999601e-03 9.905884040000000057e-03 1.015364470000000054e-02 1.040376160000000029e-02 1.065611560000000006e-02 1.091058089999999946e-02 1.116703079999999994e-02
5.683466789999999658e-02 5.683326720000000248e-02 5.682465810000000145e-02 5.678545680000000179e-02 5.664781110000000064e-02 5.625059830000000288e-02 5.527051169999999680e-02 5.316926909999999951e-02 4.927125570000000232e-02 4.313555360000000116e-02 3.512938689999999670e-02 2.655073070000000049e-02 1.887486500000000109e-02 1.290993390000000005e-02 8.693485520000000452e-03 5.873111079999999984e-03 4.038247749999999622e-03 2.858257150000000166e-03 2.102366420000000100e-03 1.619408950000000022e-03 1.312931420000000094e-03 1.121829730000000087e-03 1.007278680000000008e-03 9.444042809999999948e-04 9.170943520000000284e-04 9.147856039999999623e-04 9.304655829999999503e-04 9.594234870000000522e-04 9.984569620000000555e-04 1.045367800000000010e-03 1.098631529999999920e-03 1.157184130000000035e-03 1.220278669999999913e-03 1.287388960000000054e-03 1.358146549999999933e-03 1.432293440000000041e-03 1.509653639999999951e-03 1.590111989999999902e-03 1.673595749999999983e-03 1.760066839999999914e-03 1.849514899999999892e-03 1.941947029999999954e-03 2.037387570000000203e-03 2.135875629999999838e-03 2.237458250000000197e-03 2.342191759999999977e-03 2.450139489999999826e-03 2.561372240000000036e-03 2.675962400000000182e-03 2.793987050000000180e-03 2.915526270000000104e-03 3.040662500000000136e-03 3.169477920000000198e-03 3.302055410000000017e-03 3.438477640000000158e-03 3.578828410000000140e-03 3.723186910000000124e-03 3.871631579999999795e-03 4.024239259999999596e-03 4.181083759999999934e-03 4.342237019999999580e-03 4.507764239999999950e-03 4.677728750000000393e-03 4.852190150000000417e-03 5.031204319999999647e-03 5.214821550000000097e-03 5.403085610000000344e-03 5.596037019999999806e-03 5.793710700000000331e-03 5.996135530000000144e-03 6.203335709999999691e-03 6.415326610000000006e-03 6.632118489999999991e-03 6.853715520000000332e-03 7.080113980000000279e-03 7.311305029999999594e-03 7.547269579999999964e-03 7.787981999999999717e-03 8.033409709999999801e-03 8.283510799999999411e-03 8.538237770000000129e-03 8.797532880000000222e-03 9.061331860000000626e-03 9.329561139999999544e-03 9.602140639999999505e-03 9.878980000000000747e-03 1.015998329999999970e-02 1.044504719999999991e-02 1.073405979999999919e-02 1.102690209999999948e-02 1.132345010000000013e-02 1.162356980000000053e-02 1.192712500000000023e-02 1.223397160000000081e-02 1.254396139999999944e-02 1.285694069999999967e-02 1.317275130000000044e-02 1.349123099999999936e-02 1.381221409999999934e-02 1.413553390000000035e-02
6.940014660000000390e-02 6.939824669999999918e-02 6.938652689999999512e-02 6.933317329999999501e-02 6.914590299999999468e-02 6.860604879999999961e-02 6.727775190000000183e-02 6.444758180000000058e-02 5.926020819999999745e-02 5.125656349999999778e-02 4.110005130000000256e-02 3.056284969999999851e-02 2.142455240000000136e-02 1.450553350000000075e-02 9.708980100000000335e-03 6.544549949999999873e-03 4.505980760000000140e-03 3.204858399999999802e-03 2.377037890000000160e-03 1.852131570000000024e-03 1.522454429999999925e-03 1.320204119999999906e-03 1.202473070000000064e-03 1.141847340000000030e-03 1.120603410000000060e-03 1.127138269999999973e-03 1.153757449999999983e-03 1.195297110000000107e-03 1.248250129999999925e-03 1.310212189999999943e-03 1.379517609999999974e-03 1.455006769999999967e-03 1.535867339999999947e-03 1.621529810000000042e-03 1.711598250000000024e-03 1.805797920000000055e-03 1.903944650000000084e-03 2.005921679999999804e-03 2.111659389999999848e-03 2.221126810000000149e-03 2.334324410000000131e-03 2.451271980000000079e-03 2.572009110000000095e-03 2.696592360000000122e-03 2.825088800000000178e-03 2.957573859999999832e-03 3.094133460000000110e-03 3.234861190000000008e-03 3.379852980000000017e-03 3.529210340000000015e-03 3.683038059999999784e-03 3.841444150000000116e-03 4.004535269999999827e-03 4.172420129999999949e-03 4.345205609999999719e-03 4.523000679999999996e-03 4.705907310000000121e-03 4.894027950000000120e-03 5.087460860000000279e-03 5.286301020000000114e-03 5.490640179999999905e-03 5.700561679999999708e-03 5.916146100000000199e-03 6.137467459999999646e-03 6.364596539999999719e-03 6.597593889999999600e-03 6.836514450000000069e-03 7.081405730000000370e-03 7.332307750000000186e-03 7.589254059999999899e-03 7.852268410000000018e-03 8.121366609999999819e-03 8.396553810000000409e-03 8.677828130000000625e-03 8.965176530000000532e-03 9.258579459999999317e-03 9.558003400000000815e-03 9.863406419999999966e-03 1.017473640000000033e-02 1.049192900000000053e-02 1.081491080000000077e-02 1.114359870000000002e-02 1.147789689999999946e-02 1.181770019999999963e-02 1.216289310000000061e-02 1.251334880000000080e-02 1.286893059999999998e-02 1.322949399999999963e-02 1.359488439999999992e-02 1.396493610000000031e-02 1.433947780000000005e-02 1.471832770000000047e-02 1.510129779999999991e-02 1.548819430000000080e-02 1.587881520000000019e-02 1.627295280000000052e-02 1.667039660000000159e-02 1.707093050000000126e-02 1.747433099999999920e-02 1.788037639999999831e-02
8.436019720000000055e-02 8.435757459999999874e-02 8.434139940000000280e-02 8.426779510000000084e-02 8.400955050000000202e-02 8.326618369999999603e-02 8.144375680000000284e-02 7.759203019999999507e-02 7.064069809999999616e-02 6.018258259999999943e-02 4.735837500000000116e-02 3.455521169999999781e-02 2.384468539999999928e-02 1.596826869999999968e-02 1.062346160000000005e-02 7.149844899999999691e-03 4.936044100000000143e-03 3.535099089999999954e-03 2.651010870000000078e-03 2.095845299999999928e-03 1.751994250000000076e-03 1.545876959999999915e-03 1.431124399999999901e-03 1.378195710000000010e-03 1.368030909999999947e-03 1.388170520000000076e-03 1.430362699999999931e-03 1.489075129999999992e-03 1.560555309999999991e-03 1.642234160000000023e-03 1.732335079999999892e-03 1.829624530000000015e-03 1.933242190000000055e-03 2.042588079999999810e-03 2.157249490000000183e-03 2.276943999999999930e-03 2.401486970000000012e-03 2.530767580000000024e-03 2.664725990000000114e-03 2.803344750000000187e-03 2.946642230000000133e-03 3.094657319999999812e-03 3.247451970000000184e-03 3.405107420000000155e-03 3.567716109999999850e-03 3.735382340000000141e-03 3.908220209999999604e-03 4.086354749999999980e-03 4.269912370000000096e-03 4.459027200000000024e-03 4.653836599999999941e-03 4.854481199999999969e-03 5.061100239999999709e-03 5.273833870000000333e-03 5.492822270000000291e-03 5.718204660000000134e-03 5.950113289999999638e-03 6.188678090000000048e-03 6.434025240000000243e-03 6.686275359999999633e-03 6.945542059999999622e-03 7.211931520000000075e-03 7.485542450000000347e-03 7.766465190000000282e-03 8.054784500000000333e-03 8.350572549999999220e-03 8.653891270000000149e-03 8.964792830000000226e-03 9.283320980000000708e-03 9.609506469999999287e-03 9.943368839999999417e-03 1.028491559999999971e-02 1.063414009999999986e-02 1.099102570000000043e-02 1.135554159999999958e-02 1.172764410000000021e-02 1.210727540000000081e-02 1.249436379999999992e-02 1.288882270000000010e-02 1.329055430000000010e-02 1.369944399999999986e-02 1.411536619999999992e-02 1.453817919999999923e-02 1.496772839999999972e-02 1.540384529999999988e-02 1.584634929999999969e-02 1.629504559999999866e-02 1.674973030000000140e-02 1.721018740000000019e-02 1.767618580000000078e-02 1.814748910000000062e-02 1.862384939999999975e-02 1.910500970000000159e-02 1.959070560000000100e-02 2.008066509999999888e-02 2.057461069999999906e-02 2.107225919999999864e-02 2.157332190000000108e-02 2.207750829999999970e-02 2.258452210000000057e-02
1.020277140000000055e-01 1.020240339999999996e-01 1.020013990000000065e-01 1.018983799999999967e-01 1.015371979999999952e-01 1.004994359999999975e-01 9.796743839999999537e-02 9.267216179999999970e-02 8.330409229999999332e-02 6.964994970000000507e-02 5.359059570000000022e-02 3.826408829999999872e-02 2.595371750000000088e-02 1.718484420000000040e-02 1.136896480000000077e-02 7.649001669999999815e-03 5.305589179999999593e-03 3.836890679999999804e-03 2.919206860000000178e-03 2.350246070000000000e-03 2.004665560000000023e-03 1.804544589999999967e-03 1.700987219999999930e-03 1.662933500000000073e-03 1.670384779999999937e-03 1.710288930000000100e-03 1.774012580000000009e-03 1.855775949999999936e-03 1.951663520000000056e-03 2.059000310000000129e-03 2.175940669999999830e-03 2.301208209999999928e-03 2.433917490000000062e-03 2.573456620000000132e-03 2.719410700000000035e-03 2.871501729999999947e-03 3.029555780000000101e-03 3.193477870000000114e-03 3.363226539999999987e-03 3.538807619999999841e-03 3.720265579999999794e-03 3.907667010000000045e-03 4.101105499999999592e-03 4.300696310000000182e-03 4.506567030000000265e-03 4.718858280000000002e-03 4.937723740000000278e-03 5.163328719999999740e-03 5.395840849999999911e-03 5.635435230000000219e-03 5.882290660000000053e-03 6.136591079999999948e-03 6.398516239999999834e-03 6.668247280000000159e-03 6.945963020000000231e-03 7.231841329999999686e-03 7.526050789999999720e-03 7.828754369999999657e-03 8.140109479999999356e-03 8.460265579999999216e-03 8.789362389999999525e-03 9.127526539999999966e-03 9.474876340000000507e-03 9.831516070000000801e-03 1.019754070000000040e-02 1.057302949999999915e-02 1.095804480000000039e-02 1.135263780000000076e-02 1.175684389999999933e-02 1.217068269999999931e-02 1.259415780000000019e-02 1.302725260000000065e-02 1.346993819999999994e-02 1.392216330000000009e-02 1.438386269999999967e-02 1.485495359999999994e-02 1.533533259999999947e-02 1.582487670000000055e-02 1.632344910000000163e-02 1.683089139999999900e-02 1.734702659999999910e-02 1.787166479999999918e-02 1.840459369999999928e-02 1.894558409999999929e-02 1.949439570000000010e-02 2.005076410000000003e-02 2.061441909999999975e-02 2.118506660000000000e-02 2.176240830000000098e-02 2.234612409999999980e-02 2.293588969999999991e-02 2.353136800000000042e-02 2.413220890000000035e-02 2.473805839999999867e-02 2.534855160000000149e-02 2.596332319999999916e-02 2.658199519999999982e-02 2.720419320000000071e-02 2.782953339999999845e-02 2.845763600000000143e-02
1.226998339999999937e-01 1.226946119999999946e-01 1.226624469999999939e-01 1.225161250000000035e-01 1.220035329999999973e-01 1.205344130000000069e-01 1.169726249999999967e-01 1.096259730000000016e-01 9.695786979999999888e-02 7.921161499999999911e-02 5.936017629999999767e-02 4.137164730000000151e-02 2.755649950000000140e-02 1.804410669999999967e-02 1.188371419999999928e-02 8.008295670000000269e-03 5.597187210000000024e-03 4.102728800000000203e-03 3.180522700000000102e-03 2.618626690000000045e-03 2.286980159999999884e-03 2.105233489999999968e-03 2.023176059999999988e-03 2.009005050000000139e-03 2.042285400000000157e-03 2.109703379999999882e-03 2.202464969999999925e-03 2.314692360000000001e-03 2.442410449999999830e-03 2.582911399999999937e-03 2.734332109999999903e-03 2.895392240000000013e-03 3.065210530000000121e-03 3.243185349999999894e-03 3.428918539999999994e-03 3.622152139999999885e-03 3.822736209999999784e-03 4.030604380000000347e-03 4.245745950000000095e-03 4.468200260000000125e-03 4.698049739999999794e-03 4.935401029999999731e-03 5.180388690000000025e-03 5.433174780000000169e-03 5.693932999999999980e-03 5.962853320000000186e-03 6.240139250000000318e-03 6.526009180000000298e-03 6.820681969999999907e-03 7.124385329999999988e-03 7.437351630000000116e-03 7.759816479999999926e-03 8.092009460000000598e-03 8.434161540000000359e-03 8.786497639999999928e-03 9.149240330000000740e-03 9.522598239999999215e-03 9.906770659999999604e-03 1.030194849999999974e-02 1.070830969999999986e-02 1.112601719999999940e-02 1.155521439999999955e-02 1.199603169999999969e-02 1.244858090000000063e-02 1.291295790000000082e-02 1.338923350000000012e-02 1.387746169999999959e-02 1.437767319999999974e-02 1.488987729999999982e-02 1.541406290000000082e-02 1.595019550000000008e-02 1.649821359999999876e-02 1.705803720000000079e-02 1.762956010000000032e-02 1.821265180000000011e-02 1.880716350000000148e-02 1.941291239999999932e-02 2.002970130000000099e-02 2.065730470000000027e-02 2.129547669999999962e-02 2.194394919999999999e-02 2.260242960000000134e-02 2.327060699999999871e-02 2.394814790000000110e-02 2.463470209999999924e-02 2.532990090000000055e-02 2.603335489999999974e-02 2.674466370000000079e-02 2.746340820000000085e-02 2.818915989999999996e-02 2.892147189999999882e-02 2.965989520000000129e-02 3.040396420000000127e-02 3.115321139999999850e-02 3.190715980000000118e-02 3.266532719999999668e-02 3.342723470000000252e-02 3.419239069999999853e-02 3.496031460000000035e-02 3.573051840000000118e-02
1.466314940000000011e-01 1.466239689999999929e-01 1.465775820000000118e-01 1.463666259999999997e-01 1.456284220000000074e-01 1.435197890000000087e-01 1.384506229999999949e-01 1.281835590000000025e-01 1.110543979999999986e-01 8.821047099999999863e-02 6.412898749999999815e-02 4.354253410000000213e-02 2.847396209999999983e-02 1.845634729999999848e-02 1.212398339999999977e-02 8.207650860000000395e-03 5.803612530000000144e-03 4.332957789999999573e-03 3.440192669999999828e-03 2.909690610000000097e-03 2.610331870000000016e-03 2.461590569999999936e-03 2.413346429999999824e-03 2.433941470000000086e-03 2.503077729999999938e-03 2.607552799999999799e-03 2.738661600000000078e-03 2.890596630000000136e-03 3.059440289999999785e-03 3.242532719999999952e-03 3.438053889999999856e-03 3.644762330000000158e-03 3.861814739999999951e-03 4.088645800000000399e-03 4.324896259999999777e-03 4.570346789999999750e-03 4.824887029999999806e-03 5.088495559999999668e-03 5.361204970000000083e-03 5.643104200000000417e-03 5.934326440000000161e-03 6.235030949999999586e-03 6.545409089999999937e-03 6.865681610000000379e-03 7.196083199999999888e-03 7.536866239999999613e-03 7.888297549999999381e-03 8.250661189999999520e-03 8.624238890000000129e-03 9.009324949999999652e-03 9.406212719999999458e-03 9.815200229999999568e-03 1.023657530000000003e-02 1.067062279999999967e-02 1.111762040000000007e-02 1.157783530000000040e-02 1.205151619999999917e-02 1.253889870000000038e-02 1.304019990000000045e-02 1.355561890000000005e-02 1.408533009999999967e-02 1.462948420000000083e-02 1.518820690000000084e-02 1.576159889999999980e-02 1.634973290000000037e-02 1.695265249999999835e-02 1.757037079999999862e-02 1.820287290000000002e-02 1.885011229999999927e-02 1.951201069999999871e-02 2.018846389999999838e-02 2.087932829999999962e-02 2.158443260000000169e-02 2.230357750000000125e-02 2.303652839999999896e-02 2.378302440000000170e-02 2.454276940000000087e-02 2.531544490000000106e-02 2.610069890000000017e-02 2.689815499999999998e-02 2.770740730000000041e-02 2.852802720000000014e-02 2.935956420000000039e-02 3.020154309999999870e-02 3.105346490000000098e-02 3.191481530000000316e-02 3.278506550000000186e-02 3.366366030000000203e-02 3.455004099999999662e-02 3.544363379999999897e-02 3.634385019999999966e-02 3.725009779999999965e-02 3.816178070000000172e-02 3.907828409999999919e-02 3.999900819999999829e-02 4.092334210000000277e-02 4.185068229999999723e-02 4.278041789999999928e-02 4.371194910000000128e-02 4.464468359999999858e-02
1.740021109999999871e-01 1.739910990000000102e-01 1.739231940000000032e-01 1.736145620000000001e-01 1.725362089999999959e-01 1.694698329999999864e-01 1.621817050000000093e-01 1.477717910000000134e-01 1.247274059999999990e-01 9.579344839999999472e-02 6.732016059999999802e-02 4.448206350000000198e-02 2.857971559999999966e-02 1.837362539999999947e-02 1.207537300000000036e-02 8.247249760000000332e-03 5.932006049999999885e-03 4.538614300000000379e-03 3.711895550000000182e-03 3.239243760000000156e-03 2.992452819999999805e-03 2.893215279999999945e-03 2.892971739999999903e-03 2.961132909999999833e-03 3.078126349999999942e-03 3.231246259999999947e-03 3.412131919999999898e-03 3.615219609999999976e-03 3.836767750000000081e-03 4.074251279999999836e-03 4.325952850000000169e-03 4.590716679999999779e-03 4.867773040000000426e-03 5.156621339999999630e-03 5.456964489999999689e-03 5.768641359999999996e-03 6.091602609999999945e-03 6.425885949999999777e-03 6.771586369999999834e-03 7.128855679999999799e-03 7.497895039999999921e-03 7.878932170000000137e-03 8.272228759999999959e-03 8.678080510000000039e-03 9.096797559999999713e-03 9.528706779999999987e-03 9.974154639999999877e-03 1.043349879999999966e-02 1.090709869999999942e-02 1.139532029999999925e-02 1.189852880000000050e-02 1.241708549999999932e-02 1.295134149999999963e-02 1.350163669999999982e-02 1.406829339999999921e-02 1.465162170000000076e-02 1.525189910000000065e-02 1.586938460000000134e-02 1.650430259999999955e-02 1.715685609999999944e-02 1.782720540000000062e-02 1.851548069999999976e-02 1.922177149999999834e-02 1.994613190000000050e-02 2.068857849999999887e-02 2.144908350000000047e-02 2.222757599999999889e-02 2.302395180000000111e-02 2.383805630000000036e-02 2.466970120000000141e-02 2.551865390000000039e-02 2.638463859999999953e-02 2.726734239999999837e-02 2.816641519999999940e-02 2.908146379999999864e-02 3.001206550000000070e-02 3.095775840000000029e-02 3.191804510000000039e-02 3.289239480000000215e-02 3.388025609999999882e-02 3.488103669999999962e-02 3.589412570000000136e-02 3.691888599999999798e-02 3.795465829999999929e-02 3.900076450000000000e-02 4.005650799999999762e-02 4.112116989999999722e-02 4.219403490000000340e-02 4.327435789999999755e-02 4.436140510000000092e-02 4.545442009999999672e-02 4.655265439999999727e-02 4.765535149999999831e-02 4.876176270000000257e-02 4.987113549999999673e-02 5.098272489999999824e-02 5.209580059999999874e-02 5.320963640000000300e-02 5.432351309999999822e-02 5.543672670000000108e-02
2.048772719999999992e-01 2.048608959999999868e-01 2.047601039999999983e-01 2.043021919999999936e-01 2.027055620000000058e-01 1.981935950000000002e-01 1.876337529999999865e-01 1.674111189999999971e-01 1.367699059999999966e-01 1.009964500000000015e-01 6.842556599999999323e-02 4.400582980000000005e-02 2.783429810000000171e-02 1.780549619999999972e-02 1.176039689999999922e-02 8.151609449999999701e-03 6.006407549999999602e-03 4.743243099999999886e-03 4.019234330000000417e-03 3.631525669999999956e-03 3.458697809999999959e-03 3.426953449999999880e-03 3.490684090000000048e-03 3.621233629999999828e-03 3.800305999999999823e-03 4.016050139999999616e-03 4.260685759999999732e-03 4.529056140000000362e-03 4.817707000000000066e-03 5.124327260000000397e-03 5.447362080000000412e-03 5.785785150000000154e-03 6.138934290000000113e-03 6.506403439999999989e-03 6.887980269999999933e-03 7.283585609999999703e-03 7.693246469999999795e-03 8.117080670000000400e-03 8.555261419999999825e-03 9.008020159999999624e-03 9.475640949999999257e-03 9.958435780000000209e-03 1.045675199999999971e-02 1.097097059999999936e-02 1.150149110000000044e-02 1.204872780000000067e-02 1.261311019999999949e-02 1.319508250000000008e-02 1.379508249999999991e-02 1.441354960000000053e-02 1.505091880000000021e-02 1.570761199999999927e-02 1.638403160000000136e-02 1.708055849999999889e-02 1.779754830000000038e-02 1.853532529999999887e-02 1.929417250000000153e-02 2.007433770000000006e-02 2.087602579999999972e-02 2.169939499999999979e-02 2.254455539999999925e-02 2.341156080000000167e-02 2.430041689999999990e-02 2.521107720000000108e-02 2.614343909999999882e-02 2.709734440000000077e-02 2.807257880000000108e-02 2.906887420000000069e-02 3.008591009999999830e-02 3.112331219999999940e-02 3.218065950000000008e-02 3.325747329999999974e-02 3.435322639999999900e-02 3.546736019999999906e-02 3.659925239999999719e-02 3.774825860000000088e-02 3.891368209999999939e-02 4.009480029999999695e-02 4.129084200000000121e-02 4.250102859999999733e-02 4.372453319999999866e-02 4.496052119999999902e-02 4.620812459999999733e-02 4.746646809999999911e-02 4.873464999999999742e-02 5.001176520000000236e-02 5.129689719999999675e-02 5.258912219999999776e-02 5.388752370000000208e-02 5.519116670000000224e-02 5.649913470000000187e-02 5.781050769999999950e-02 5.912438410000000338e-02 6.043985860000000016e-02 6.175605210000000012e-02 6.307208540000000530e-02 6.438712030000000308e-02 6.570030749999999919e-02 6.701084969999999974e-02 6.831794230000000356e-02
2.391689419999999955e-01 2.391443249999999909e-01 2.389926910000000071e-01 2.383043920000000038e-01 2.359113989999999939e-01 2.292068600000000123e-01 2.138420639999999984e-01 1.856352390000000074e-01 1.457056700000000093e-01 1.029186770000000001e-01 6.713894750000000411e-02 4.209956530000000252e-02 2.630538119999999841e-02 1.682473160000000009e-02 1.123983599999999958e-02 7.969895379999999627e-03 6.067988929999999607e-03 4.983316179999999936e-03 4.396384579999999993e-03 4.120075610000000117e-03 4.043108779999999604e-03 4.098142960000000432e-03 4.243688189999999909e-03 4.453741479999999593e-03 4.711739250000000247e-03 5.006981080000000306e-03 5.332465280000000390e-03 5.683574359999999694e-03 6.057237269999999826e-03 6.451423750000000006e-03 6.864790800000000227e-03 7.296481169999999815e-03 7.745970510000000156e-03 8.212972429999999824e-03 8.697382170000000218e-03 9.199218820000000518e-03 9.718607179999999915e-03 1.025575769999999970e-02 1.081093590000000056e-02 1.138446849999999975e-02 1.197673380000000010e-02 1.258813590000000017e-02 1.321911899999999966e-02 1.387015639999999994e-02 1.454173869999999917e-02 1.523436790000000027e-02 1.594856009999999838e-02 1.668483210000000147e-02 1.744369789999999920e-02 1.822565120000000163e-02 1.903118009999999957e-02 1.986074449999999936e-02 2.071476540000000144e-02 2.159363220000000069e-02 2.249769119999999942e-02 2.342723869999999847e-02 2.438251119999999827e-02 2.536369299999999966e-02 2.637090159999999975e-02 2.740418910000000027e-02 2.846354250000000113e-02 2.954887230000000087e-02 3.066002019999999884e-02 3.179676089999999844e-02 3.295878690000000194e-02 3.414573519999999918e-02 3.535715860000000071e-02 3.659254690000000171e-02 3.785132239999999815e-02 3.913285579999999791e-02 4.043644670000000330e-02 4.176133499999999665e-02 4.310671989999999981e-02 4.447174069999999813e-02 4.585549609999999693e-02 4.725704709999999781e-02 4.867540669999999986e-02 5.010956529999999881e-02 5.155847969999999975e-02 5.302108080000000195e-02 5.449628079999999791e-02 5.598298089999999977e-02 5.748005960000000109e-02 5.898639559999999810e-02 6.050086019999999926e-02 6.202232089999999698e-02 6.354965270000000055e-02 6.508173050000000404e-02 6.661744420000000055e-02 6.815570590000000206e-02 6.969542060000000205e-02 7.123552260000000358e-02 7.277497650000000484e-02 7.431275399999999476e-02 7.584786420000000362e-02 7.737933099999999564e-02 7.890622320000000023e-02 8.042762430000000018e-02 8.194266259999999358e-02 8.345048870000000563e-02
2.766007779999999916e-01 2.765632869999999910e-01 2.763324380000000136e-01 2.752856909999999990e-01 2.716614600000000213e-01 2.616283600000000042e-01 2.392878679999999869e-01 2.004938129999999930e-01 1.500087979999999988e-01 1.009661929999999957e-01 6.347019230000000567e-02 3.894467280000000337e-02 2.416495789999999894e-02 1.556021070000000034e-02 1.060708429999999980e-02 7.772285490000000081e-03 6.173018829999999887e-03 5.307329819999999712e-03 4.887998099999999770e-03 4.748221020000000306e-03 4.789345900000000281e-03 4.951898469999999573e-03 5.199341100000000153e-03 5.508834029999999660e-03 5.865865849999999694e-03 6.261096340000000225e-03 6.688440680000000242e-03 7.143915170000000002e-03 7.624898570000000070e-03 8.129690769999999705e-03 8.657196540000000259e-03 9.206755089999999267e-03 9.778003210000000417e-03 1.037079100000000073e-02 1.098513700000000072e-02 1.162117160000000066e-02 1.227912490000000051e-02 1.295930990000000033e-02 1.366209240000000082e-02 1.438789350000000029e-02 1.513718810000000067e-02 1.591047270000000083e-02 1.670827899999999949e-02 1.753116589999999947e-02 1.837970129999999883e-02 1.925445719999999833e-02 2.015600910000000037e-02 2.108492699999999984e-02 2.204175289999999940e-02 2.302700839999999999e-02 2.404117960000000040e-02 2.508470969999999911e-02 2.615798449999999845e-02 2.726133730000000061e-02 2.839503059999999926e-02 2.955925649999999877e-02 3.075412469999999968e-02 3.197966890000000090e-02 3.323582559999999769e-02 3.452245520000000317e-02 3.583931550000000327e-02 3.718608250000000198e-02 3.856233130000000231e-02 3.996755560000000290e-02 4.140115529999999905e-02 4.286244510000000035e-02 4.435066509999999879e-02 4.586496200000000217e-02 4.740442339999999949e-02 4.896806179999999703e-02 5.055482690000000223e-02 5.216360460000000338e-02 5.379324409999999834e-02 5.544252689999999706e-02 5.711020900000000206e-02 5.879500879999999957e-02 6.049560760000000093e-02 6.221067909999999923e-02 6.393886360000000657e-02 6.567879020000000345e-02 6.742909549999999419e-02 6.918839370000000322e-02 7.095532860000000608e-02 7.272852209999999817e-02 7.450662550000000661e-02 7.628829780000000171e-02 7.807222749999999378e-02 7.985711839999999617e-02 8.164170380000000671e-02 8.342473949999999749e-02 8.520501849999999322e-02 8.698136360000000011e-02 8.875264230000000365e-02 9.051775930000000026e-02 9.227564929999999832e-02 9.402529149999999669e-02 9.576570989999999561e-02 9.749597309999999406e-02 9.921518710000000463e-02 1.009225100000000069e-01
3.166865110000000039e-01 3.166288139999999807e-01 3.162736589999999848e-01 3.146659430000000035e-01 3.091315330000000139e-01 2.940669360000000010e-01 2.618188859999999729e-01 2.097287029999999886e-01 1.484833510000000134e-01 9.508507700000000396e-02 5.778647960000000278e-02 3.489428010000000108e-02 2.166246059999999904e-02 1.417860389999999957e-02 9.977011940000000620e-03 7.643500339999999629e-03 6.389311980000000370e-03 5.774124060000000030e-03 5.548751910000000037e-03 5.569485950000000428e-03 5.751722489999999688e-03 6.044629030000000028e-03 6.417062129999999767e-03 6.849610249999999768e-03 7.329979450000000292e-03 7.850294000000000716e-03 8.405455390000000221e-03 8.992164400000000543e-03 9.608278979999999164e-03 1.025245429999999992e-02 1.092385870000000050e-02 1.162203960000000001e-02 1.234680229999999927e-02 1.309813559999999967e-02 1.387618300000000027e-02 1.468118369999999936e-02 1.551346850000000048e-02 1.637344430000000142e-02 1.726156100000000165e-02 1.817832139999999916e-02 1.912427319999999986e-02 2.009997889999999912e-02 2.110602890000000051e-02 2.214302500000000021e-02 2.321157230000000030e-02 2.431226339999999903e-02 2.544567179999999984e-02 2.661235819999999835e-02 2.781282549999999909e-02 2.904753759999999935e-02 3.031689859999999945e-02 3.162124379999999707e-02 3.296083209999999680e-02 3.433582560000000145e-02 3.574630250000000037e-02 3.719224410000000064e-02 3.867351640000000340e-02 4.018987720000000152e-02 4.174097999999999697e-02 4.332635919999999752e-02 4.494544119999999837e-02 4.659754039999999820e-02 4.828185959999999749e-02 4.999749729999999892e-02 5.174345899999999859e-02 5.351864550000000331e-02 5.532187599999999900e-02 5.715188010000000346e-02 5.900732060000000306e-02 6.088679279999999888e-02 6.278882919999999312e-02 6.471191349999999565e-02 6.665448100000000153e-02 6.861493740000000618e-02 7.059166579999999469e-02 7.258301229999999937e-02 7.458733019999999603e-02 7.660295809999999317e-02 7.862823459999999931e-02 8.066150549999999420e-02 8.270113169999999958e-02 8.474549650000000323e-02 8.679300550000000614e-02 8.884209390000000206e-02 9.089122709999999938e-02 9.293890740000000650e-02 9.498367459999999818e-02 9.702411290000000077e-02 9.905886649999999516e-02 1.010866170000000036e-01 1.031060810000000022e-01 1.051160470000000041e-01 1.071153509999999975e-01 1.091028750000000019e-01 1.110775690000000010e-01 1.130384279999999964e-01 1.149845050000000007e-01 1.169149059999999990e-01 1.188287880000000046e-01 1.207253630000000022e-01
3.587310309999999780e-01 3.586414159999999907e-01 3.580903109999999945e-01 3.556010430000000055e-01 3.471032980000000046e-01 3.245177269999999781e-01 2.786960900000000074e-01 2.112069880000000122e-01 1.407108310000000084e-01 8.586705479999999502e-02 5.074952170000000123e-02 3.040501099999999915e-02 1.908206189999999899e-02 1.286038200000000006e-02 9.472682140000000806e-03 7.675535510000000387e-03 6.792468020000000210e-03 6.451267749999999718e-03 6.443140099999999579e-03 6.648344920000000269e-03 6.996663749999999793e-03 7.446037140000000276e-03 7.970768959999999237e-03 8.554895410000000824e-03 9.188346559999999510e-03 9.864713069999999501e-03 1.057988129999999985e-02 1.133122760000000034e-02 1.211708690000000074e-02 1.293645709999999976e-02 1.378875970000000006e-02 1.467373410000000038e-02 1.559133730000000079e-02 1.654167850000000037e-02 1.752499860000000104e-02 1.854161550000000061e-02 1.959192749999999830e-02 2.067639309999999911e-02 2.179550380000000107e-02 2.294979059999999876e-02 2.413981590000000010e-02 2.536614430000000073e-02 2.662934549999999845e-02 2.792999150000000097e-02 2.926863169999999875e-02 3.064578030000000147e-02 3.206191580000000013e-02 3.351746869999999712e-02 3.501278909999999689e-02 3.654816369999999703e-02 3.812378639999999819e-02 3.973974660000000048e-02 4.139603299999999875e-02 4.309251900000000274e-02 4.482894760000000201e-02 4.660494250000000310e-02 4.841998959999999769e-02 5.027344820000000103e-02 5.216454339999999912e-02 5.409236249999999774e-02 5.605587360000000019e-02 5.805392189999999952e-02 6.008522210000000197e-02 6.214839590000000025e-02 6.424194569999999715e-02 6.636429580000000050e-02 6.851378079999999315e-02 7.068864260000000399e-02 7.288708539999999569e-02 7.510724659999999664e-02 7.734722639999999649e-02 7.960508019999999740e-02 8.187884839999999553e-02 8.416654910000000156e-02 8.646621559999999318e-02 8.877586569999999788e-02 9.109354020000000329e-02 9.341729429999999501e-02 9.574522080000000268e-02 9.807542710000000108e-02 1.004060729999999985e-01 1.027353780000000022e-01 1.050615830000000001e-01 1.073830050000000036e-01 1.096979980000000049e-01 1.120049949999999961e-01 1.143024789999999985e-01 1.165890100000000068e-01 1.188632030000000006e-01 1.211237389999999942e-01 1.233693730000000044e-01 1.255989369999999938e-01 1.278112979999999899e-01 1.300054190000000109e-01 1.321803480000000031e-01 1.343351299999999970e-01 1.364689619999999992e-01 1.385810379999999897e-01 1.406706269999999925e-01 1.427371050000000030e-01
4.018612500000000032e-01 4.017211500000000268e-01 4.008598919999999954e-01 3.969829380000000074e-01 3.839071390000000084e-01 3.503073159999999797e-01 2.868914599999999870e-01 2.035936419999999913e-01 1.273553970000000091e-01 7.444544140000000643e-02 4.316710680000000050e-02 2.594889889999999963e-02 1.669812570000000010e-02 1.177736369999999970e-02 9.213827549999999492e-03 7.961846890000000634e-03 7.463279649999999751e-03 7.414435970000000063e-03 7.646128539999999876e-03 8.061772210000000063e-03 8.604914879999999919e-03 9.241842659999999210e-03 9.952017109999999195e-03 1.072272470000000012e-02 1.154598689999999928e-02 1.241675759999999983e-02 1.333183519999999941e-02 1.428920959999999997e-02 1.528763579999999934e-02 1.632640510000000003e-02 1.740513739999999948e-02 1.852371540000000150e-02 1.968218570000000028e-02 2.088071589999999922e-02 2.211957609999999977e-02 2.339909410000000009e-02 2.471964810000000165e-02 2.608166639999999828e-02 2.748558300000000093e-02 2.893185239999999936e-02 3.042094219999999863e-02 3.195329379999999747e-02 3.352933749999999907e-02 3.514947000000000210e-02 3.681404519999999930e-02 3.852335359999999737e-02 4.027761519999999845e-02 4.207697509999999697e-02 4.392147059999999825e-02 4.581103470000000288e-02 4.774548859999999673e-02 4.972451549999999665e-02 5.174766480000000252e-02 5.381435159999999746e-02 5.592383439999999706e-02 5.807523430000000042e-02 6.026751920000000123e-02 6.249950080000000324e-02 6.476985659999999478e-02 6.707713009999999310e-02 6.941972670000000345e-02 7.179593289999999794e-02 7.420390840000000432e-02 7.664173840000000626e-02 7.910738139999999585e-02 8.159875119999999982e-02 8.411367240000000578e-02 8.664992450000000290e-02 8.920525009999999422e-02 9.177735450000000517e-02 9.436392779999999703e-02 9.696266060000000020e-02 9.957125040000000538e-02 1.021874170000000026e-01 1.048088890000000023e-01 1.074334460000000019e-01 1.100589109999999954e-01 1.126831549999999932e-01 1.153041050000000040e-01 1.179197579999999995e-01 1.205281760000000008e-01 1.231275049999999982e-01 1.257159409999999977e-01 1.282917859999999910e-01 1.308534150000000007e-01 1.333992780000000100e-01 1.359279160000000097e-01 1.384379420000000083e-01 1.409280750000000138e-01 1.433971079999999954e-01 1.458438930000000022e-01 1.482673880000000000e-01 1.506666239999999990e-01 1.530407219999999902e-01 1.553888469999999966e-01 1.577102689999999863e-01 1.600043180000000065e-01 1.622703819999999908e-01 1.645079399999999914e-01 1.667165009999999892e-01
4.450885949999999758e-01 4.448682669999999839e-01 4.435153600000000251e-01 4.374554159999999858e-01 4.173736869999999932e-01 3.681691879999999806e-01 2.837482089999999735e-01 1.870358880000000112e-01 1.101081299999999985e-01 6.220825390000000316e-02 3.581923249999999920e-02 2.193608509999999887e-02 1.474182029999999977e-02 1.107771880000000056e-02 9.310075080000000669e-03 8.594687099999999760e-03 8.487357759999999626e-03 8.748438210000000770e-03 9.245128369999999415e-03 9.901893329999999702e-03 1.067471040000000058e-02 1.153735539999999928e-02 1.247389240000000045e-02 1.347449239999999951e-02 1.453300289999999960e-02 1.564555620000000064e-02 1.680970559999999878e-02 1.802393240000000132e-02 1.928729189999999968e-02 2.059925909999999957e-02 2.195954509999999832e-02 2.336805689999999977e-02 2.482482050000000065e-02 2.632993650000000144e-02 2.788357619999999940e-02 2.948593529999999838e-02 3.113723360000000134e-02 3.283770750000000044e-02 3.458758070000000212e-02 3.638705610000000229e-02 3.823632750000000025e-02 4.013553630000000344e-02 4.208477959999999685e-02 4.408408700000000097e-02 4.613341759999999708e-02 4.823263729999999888e-02 5.038151519999999745e-02 5.257970470000000035e-02 5.482673269999999849e-02 5.712199579999999860e-02 5.946474890000000291e-02 6.185409800000000319e-02 6.428898869999999377e-02 6.676821410000000068e-02 6.929042189999999601e-02 7.185408470000000103e-02 7.445754860000000641e-02 7.709898799999999330e-02 7.977645839999999988e-02 8.248788120000000168e-02 8.523107319999999321e-02 8.800372480000000219e-02 9.080345180000000405e-02 9.362778809999999785e-02 9.647420789999999746e-02 9.934012590000000642e-02 1.022229489999999935e-01 1.051200330000000016e-01 1.080287550000000041e-01 1.109464839999999980e-01 1.138706210000000052e-01 1.167985950000000051e-01 1.197278799999999949e-01 1.226560029999999996e-01 1.255805640000000056e-01 1.284992249999999947e-01 1.314097200000000076e-01 1.343098879999999884e-01 1.371976440000000075e-01 1.400709749999999865e-01 1.429280189999999895e-01 1.457669729999999941e-01 1.485861240000000139e-01 1.513838919999999921e-01 1.541587710000000000e-01 1.569093759999999893e-01 1.596344110000000038e-01 1.623326840000000049e-01 1.650030909999999906e-01 1.676446050000000021e-01 1.702563320000000102e-01 1.728374360000000109e-01 1.753871740000000068e-01 1.779048890000000105e-01 1.803899850000000027e-01 1.828419569999999994e-01 1.852603849999999996e-01 1.876448840000000118e-01 1.899951549999999989e-01 1.923109590000000035e-01
4.873965679999999745e-01 4.870486860000000084e-01 4.849160020000000126e-01 4.754331110000000193e-01 4.448054730000000068e-01 3.745811580000000252e-01 2.679581639999999987e-01 1.634462479999999884e-01 9.123232959999999503e-02 5.045945939999999658e-02 2.932449620000000118e-02 1.866973749999999849e-02 1.338598040000000058e-02 1.088116599999999941e-02 9.860224089999999539e-03 9.666297580000000195e-03 9.957396429999999451e-03 1.055017859999999967e-02 1.134345399999999934e-02 1.227982440000000008e-02 1.332589799999999922e-02 1.446181260000000031e-02 1.567549630000000110e-02 1.695949399999999857e-02 1.830911819999999843e-02 1.972139070000000077e-02 2.119438720000000123e-02 2.272686360000000100e-02 2.431798909999999952e-02 2.596722729999999951e-02 2.767419070000000023e-02 2.943862230000000163e-02 3.126032279999999691e-02 3.313913200000000170e-02 3.507490459999999810e-02 3.706749160000000209e-02 3.911673279999999808e-02 4.122244189999999670e-02 4.338439549999999895e-02 4.560232160000000229e-02 4.787589610000000245e-02 5.020471289999999670e-02 5.258830259999999757e-02 5.502609540000000243e-02 5.751741679999999857e-02 6.006149200000000105e-02 6.265740840000000311e-02 6.530412289999999731e-02 6.800047310000000012e-02 7.074512539999999738e-02 7.353660459999999954e-02 7.637329399999999435e-02 7.925341280000000599e-02 8.217503130000000655e-02 8.513607830000000098e-02 8.813434840000000658e-02 9.116748719999999417e-02 9.423302860000000447e-02 9.732841700000000040e-02 1.004509630000000042e-01 1.035979320000000037e-01 1.067665069999999966e-01 1.099538060000000012e-01 1.131569520000000051e-01 1.163730030000000026e-01 1.195990519999999974e-01 1.228321720000000034e-01 1.260695010000000005e-01 1.293081640000000032e-01 1.325453970000000092e-01 1.357784569999999913e-01 1.390046920000000130e-01 1.422215400000000074e-01 1.454265120000000078e-01 1.486172530000000047e-01 1.517914680000000127e-01 1.549470129999999946e-01 1.580818300000000065e-01 1.611939820000000134e-01 1.642816659999999929e-01 1.673431690000000138e-01 1.703769119999999915e-01 1.733814330000000015e-01 1.763553919999999997e-01 1.792975370000000068e-01 1.822067500000000007e-01 1.850820179999999870e-01 1.879224029999999879e-01 1.907271150000000026e-01 1.934954379999999918e-01 1.962267159999999955e-01 1.989204440000000018e-01 2.015761580000000053e-01 2.041934880000000063e-01 2.067721339999999963e-01 2.093118579999999895e-01 2.118125260000000010e-01 2.142740190000000100e-01 2.166963219999999968e-01 2.190794349999999890e-01
5.278387070000000181e-01 5.272879000000000316e-01 5.239190460000000549e-01 5.091035959999999916e-01 4.630109370000000113e-01 3.665105100000000116e-01 2.404792309999999878e-01 1.360742749999999945e-01 7.292915880000000461e-02 4.017262910000000270e-02 2.408166419999999835e-02 1.633819749999999849e-02 1.274802069999999947e-02 1.128370690000000086e-02 1.095708739999999917e-02 1.127364209999999999e-02 1.197785510000000039e-02 1.293335479999999961e-02 1.406506729999999934e-02 1.533044780000000079e-02 1.670472140000000064e-02 1.817309669999999863e-02 1.972650360000000047e-02 2.135924440000000132e-02 2.306761969999999995e-02 2.484915409999999963e-02 2.670210599999999976e-02 2.862519770000000047e-02 3.061740849999999847e-02 3.267789630000000195e-02 3.480589390000000255e-02 3.700068589999999658e-02 3.926155719999999821e-02 4.158778490000000078e-02 4.397862400000000088e-02 4.643328120000000253e-02 4.895091800000000298e-02 5.153064799999999834e-02 5.417149889999999662e-02 5.687243859999999845e-02 5.963235719999999962e-02 6.245004390000000183e-02 6.532419470000000450e-02 6.825340539999999456e-02 7.123614849999999887e-02 7.427079229999999921e-02 7.735556359999999632e-02 8.048857750000000533e-02 8.366779979999999783e-02 8.689107000000000081e-02 9.015610809999999309e-02 9.346048530000000687e-02 9.680165350000000113e-02 1.001769450000000033e-01 1.035836039999999958e-01 1.070187459999999979e-01 1.104794219999999938e-01 1.139625910000000020e-01 1.174651679999999948e-01 1.209840249999999950e-01 1.245159950000000043e-01 1.280579119999999960e-01 1.316065939999999934e-01 1.351589109999999927e-01 1.387117360000000021e-01 1.422620270000000131e-01 1.458067449999999876e-01 1.493429990000000041e-01 1.528679430000000061e-01 1.563788349999999938e-01 1.598730240000000025e-01 1.633480190000000110e-01 1.668013929999999923e-01 1.702308800000000011e-01 1.736343350000000008e-01 1.770097320000000030e-01 1.803551909999999980e-01 1.836689709999999864e-01 1.869494319999999987e-01 1.901950990000000064e-01 1.934046150000000019e-01 1.965767290000000056e-01 1.997103689999999987e-01 2.028045209999999876e-01 2.058583200000000113e-01 2.088710069999999974e-01 2.118419109999999939e-01 2.147704960000000052e-01 2.176563139999999896e-01 2.204989790000000116e-01 2.232982219999999907e-01 2.260538490000000011e-01 2.287657260000000026e-01 2.314338240000000102e-01 2.340581419999999968e-01 2.366387839999999909e-01 2.391758559999999922e-01 2.416695799999999950e-01 2.441201659999999996e-01 2.465279250000000089e-01
5.656263230000000419e-01 5.647525190000000084e-01 5.594276190000000426e-01 5.363931060000000084e-01 4.685038630000000204e-01 3.425686660000000217e-01 2.047473340000000031e-01 1.085085939999999999e-01 5.683930959999999866e-02 3.190507370000000148e-02 2.028232439999999928e-02 1.503579409999999950e-02 1.290573549999999951e-02 1.236905249999999991e-02 1.269624199999999994e-02 1.352564250000000065e-02 1.467133129999999980e-02 1.603430510000000003e-02 1.756004239999999980e-02 1.921753400000000139e-02 2.098854819999999843e-02 2.286199670000000142e-02 2.483084429999999829e-02 2.689042130000000169e-02 2.903742720000000027e-02 3.126937899999999992e-02 3.358425200000000194e-02 3.598029540000000082e-02 3.845588490000000081e-02 4.100947080000000300e-02 4.363950710000000233e-02 4.634442550000000133e-02 4.912263149999999967e-02 5.197245999999999810e-02 5.489221219999999846e-02 5.788009990000000243e-02 6.093427540000000142e-02 6.405282019999999910e-02 6.723374129999999671e-02 7.047495989999999488e-02 7.377431539999999843e-02 7.712955030000000212e-02 8.053833990000000553e-02 8.399825539999999924e-02 8.750677110000000536e-02 9.106125680000000389e-02 9.465900809999999721e-02 9.829720109999999511e-02 1.019729300000000033e-01 1.056832000000000049e-01 1.094249340000000015e-01 1.131949569999999988e-01 1.169900600000000068e-01 1.208069400000000015e-01 1.246422749999999968e-01 1.284926829999999964e-01 1.323547959999999968e-01 1.362251790000000018e-01 1.401004790000000000e-01 1.439773139999999951e-01 1.478523459999999956e-01 1.517222970000000060e-01 1.555839780000000117e-01 1.594342139999999908e-01 1.632699970000000000e-01 1.670883599999999913e-01 1.708864870000000036e-01 1.746616659999999932e-01 1.784112900000000002e-01 1.821329439999999911e-01 1.858242900000000031e-01 1.894831660000000084e-01 1.931075750000000035e-01 1.966955960000000003e-01 2.002455290000000054e-01 2.037557809999999969e-01 2.072249049999999870e-01 2.106516059999999912e-01 2.140347210000000111e-01 2.173732070000000127e-01 2.206661699999999948e-01 2.239128499999999966e-01 2.271125609999999906e-01 2.302647830000000007e-01 2.333690820000000055e-01 2.364251019999999981e-01 2.394326479999999979e-01 2.423915269999999955e-01 2.453017229999999993e-01 2.481632229999999883e-01 2.509761449999999838e-01 2.537406380000000183e-01 2.564569409999999938e-01 2.591253519999999755e-01 2.617461380000000171e-01 2.643197769999999780e-01 2.668466270000000029e-01 2.693271640000000078e-01 2.717619539999999723e-01 2.741514440000000219e-01
6.001880760000000148e-01 5.988003610000000032e-01 5.903899070000000471e-01 5.548974869999999671e-01 4.580445890000000020e-01 3.041801450000000129e-01 1.657770719999999975e-01 8.366286009999999995e-02 4.385861750000000225e-02 2.584916729999999982e-02 1.796695220000000051e-02 1.479833950000000037e-02 1.391918210000000003e-02 1.422313790000000015e-02 1.518660410000000072e-02 1.655154119999999868e-02 1.818556340000000021e-02 2.001804110000000164e-02 2.200979180000000104e-02 2.413815630000000143e-02 2.638939209999999896e-02 2.875469069999999835e-02 3.122798729999999925e-02 3.380478549999999666e-02 3.648145500000000291e-02 3.925485160000000140e-02 4.212206970000000050e-02 4.508033770000000051e-02 4.812688749999999988e-02 5.125897010000000226e-02 5.447376889999999694e-02 5.776843059999999669e-02 6.114003429999999989e-02 6.458560380000000212e-02 6.810209159999999762e-02 7.168639450000000024e-02 7.533535360000000181e-02 7.904575769999999668e-02 8.281433579999999961e-02 8.663777259999999591e-02 9.051270040000000683e-02 9.443570669999999667e-02 9.840332720000000144e-02 1.024120669999999955e-01 1.064583810000000047e-01 1.105386839999999982e-01 1.146493779999999962e-01 1.187868039999999958e-01 1.229473050000000067e-01 1.271271850000000037e-01 1.313227710000000048e-01 1.355303529999999923e-01 1.397462489999999891e-01 1.439668090000000011e-01 1.481883969999999995e-01 1.524074229999999863e-01 1.566203389999999973e-01 1.608237030000000123e-01 1.650141179999999874e-01 1.691882759999999986e-01 1.733430179999999876e-01 1.774752290000000121e-01 1.815819740000000071e-01 1.856604069999999995e-01 1.897078450000000138e-01 1.937217410000000029e-01 1.976996960000000081e-01 2.016394589999999931e-01 2.055389430000000017e-01 2.093962279999999898e-01 2.132095099999999910e-01 2.169771940000000121e-01 2.206978199999999890e-01 2.243700469999999891e-01 2.279927429999999977e-01 2.315648650000000086e-01 2.350855619999999979e-01 2.385540750000000043e-01 2.419697939999999881e-01 2.453322259999999866e-01 2.486410290000000134e-01 2.518959049999999755e-01 2.550967339999999917e-01 2.582434710000000022e-01 2.613361180000000061e-01 2.643747929999999968e-01 2.673597629999999725e-01 2.702912390000000165e-01 2.731695769999999968e-01 2.759951950000000265e-01 2.787685690000000216e-01 2.814901770000000081e-01 2.841606139999999781e-01 2.867804469999999939e-01 2.893503310000000162e-01 2.918709219999999771e-01 2.943429350000000277e-01 2.967670559999999735e-01 2.991440590000000177e-01 3.014746899999999896e-01
6.311902400000000135e-01 6.289850470000000193e-01 6.157319549999999975e-01 5.618337389999999987e-01 4.296784399999999948e-01 2.559334039999999755e-01 1.285365820000000103e-01 6.324616069999999812e-02 3.423319379999999884e-02 2.195266079999999911e-02 1.709401610000000141e-02 1.564076730000000040e-02 1.585286669999999912e-02 1.694864969999999860e-02 1.856088449999999945e-02 2.050893570000000138e-02 2.269978450000000036e-02 2.508321960000000142e-02 2.763068119999999989e-02 3.032488189999999958e-02 3.315453599999999834e-02 3.611162300000000241e-02 3.918986769999999870e-02 4.238395770000000229e-02 4.568906870000000175e-02 4.910062999999999928e-02 5.261415240000000271e-02 5.622518440000000284e-02 5.992924420000000224e-02 6.372182819999999692e-02 6.759838009999999398e-02 7.155431060000000398e-02 7.558500769999999813e-02 7.968582959999999382e-02 8.385212720000000119e-02 8.807923639999999665e-02 9.236250819999999861e-02 9.669731560000000004e-02 1.010790319999999992e-01 1.055030750000000017e-01 1.099648849999999983e-01 1.144599389999999967e-01 1.189837599999999940e-01 1.235319079999999958e-01 1.281000079999999874e-01 1.326837240000000029e-01 1.372787950000000090e-01 1.418810189999999971e-01 1.464862530000000107e-01 1.510904279999999988e-01 1.556895970000000129e-01 1.602798549999999989e-01 1.648574319999999982e-01 1.694186480000000050e-01 1.739599259999999870e-01 1.784778240000000071e-01 1.829690340000000026e-01 1.874303820000000065e-01 1.918588280000000090e-01 1.962514820000000049e-01 2.006056159999999866e-01 2.049186679999999983e-01 2.091882230000000065e-01 2.134120459999999941e-01 2.175880520000000040e-01 2.217143480000000055e-01 2.257891890000000013e-01 2.298110130000000084e-01 2.337784169999999884e-01 2.376901509999999884e-01 2.415451409999999910e-01 2.453424479999999908e-01 2.490812990000000060e-01 2.527610659999999787e-01 2.563812140000000239e-01 2.599414290000000016e-01 2.634414139999999849e-01 2.668810779999999938e-01 2.702603940000000149e-01 2.735794480000000028e-01 2.768384520000000126e-01 2.800376419999999755e-01 2.831774060000000204e-01 2.862581610000000110e-01 2.892804150000000130e-01 2.922447320000000071e-01 2.951517699999999800e-01 2.980021540000000191e-01 3.007966280000000103e-01 3.035359679999999893e-01 3.062209490000000200e-01 3.088524040000000248e-01 3.114311989999999919e-01 3.139582280000000059e-01 3.164343239999999891e-01 3.188604709999999787e-01 3.212375339999999913e-01 3.235664959999999812e-01 3.258482220000000207e-01 3.280837240000000210e-01
6.585180760000000078e-01 6.550135019999999697e-01 6.342208980000000329e-01 5.541617869999999613e-01 3.841194210000000164e-01 2.044551669999999932e-01 9.656122329999999865e-02 4.780494419999999772e-02 2.778815290000000160e-02 2.004590440000000168e-02 1.760143039999999964e-02 1.758911650000000160e-02 1.879452729999999891e-02 2.067734300000000081e-02 2.298424580000000064e-02 2.558995219999999834e-02 2.842887120000000059e-02 3.146434950000000230e-02 3.467423099999999980e-02 3.804378580000000037e-02 4.156216609999999895e-02 4.522055760000000257e-02 4.901120440000000106e-02 5.292689059999999834e-02 5.696065720000000054e-02 6.110567229999999683e-02 6.535514439999999536e-02 6.970231979999999550e-02 7.414044440000000513e-02 7.866282019999999708e-02 8.326277140000000465e-02 8.793367450000000307e-02 9.266900270000000273e-02 9.746231140000000126e-02 1.023072530000000008e-01 1.071976129999999972e-01 1.121273039999999971e-01 1.170903739999999971e-01 1.220810120000000026e-01 1.270935679999999901e-01 1.321225609999999995e-01 1.371626260000000097e-01 1.422086210000000073e-01 1.472554949999999863e-01 1.522984500000000019e-01 1.573327780000000065e-01 1.623539780000000099e-01 1.673577129999999913e-01 1.723398270000000010e-01 1.772963260000000041e-01 1.822233950000000102e-01 1.871173979999999903e-01 1.919748629999999956e-01 1.967925279999999943e-01 2.015673070000000011e-01 2.062962650000000064e-01 2.109767049999999866e-01 2.156060790000000060e-01 2.201820310000000003e-01 2.247024179999999871e-01 2.291652560000000116e-01 2.335687579999999874e-01 2.379113140000000126e-01 2.421914940000000072e-01 2.464080449999999922e-01 2.505598960000000042e-01 2.546460930000000178e-01 2.586659490000000061e-01 2.626188099999999803e-01 2.665042879999999781e-01 2.703220250000000213e-01 2.740718719999999942e-01 2.777537700000000109e-01 2.813678379999999812e-01 2.849142550000000051e-01 2.883933189999999813e-01 2.918054159999999841e-01 2.951510250000000113e-01 2.984307709999999836e-01 3.016452490000000042e-01 3.047952059999999852e-01 3.078814149999999916e-01 3.109047110000000003e-01 3.138659599999999994e-01 3.167661430000000000e-01 3.196061849999999871e-01 3.223870690000000261e-01 3.251098689999999958e-01 3.277756270000000138e-01 3.303853569999999906e-01 3.329402209999999807e-01 3.354412620000000178e-01 3.378895820000000216e-01 3.402863139999999786e-01 3.426325319999999897e-01 3.449293669999999867e-01 3.471778930000000152e-01 3.493792119999999946e-01 3.515344260000000109e-01 3.536446089999999987e-01
6.822270750000000161e-01 6.766601199999999761e-01 6.442781690000000117e-01 5.291222930000000213e-01 3.257086280000000000e-01 1.562173520000000038e-01 7.147894800000000048e-02 3.709395599999999737e-02 2.415896390000000019e-02 1.994167079999999842e-02 1.945135560000000111e-02 2.070361559999999920e-02 2.286873570000000008e-02 2.557867210000000155e-02 2.865967529999999958e-02 3.202396629999999800e-02 3.562349079999999751e-02 3.942927720000000136e-02 4.342174900000000254e-02 4.758606110000000028e-02 5.190979319999999841e-02 5.638175830000000111e-02 6.099140270000000252e-02 6.572854520000000200e-02 7.058318700000000556e-02 7.554550470000000184e-02 8.060581980000000590e-02 8.575461060000000302e-02 9.098254140000000545e-02 9.628047789999999440e-02 1.016395090000000029e-01 1.070509929999999971e-01 1.125065459999999989e-01 1.179980860000000020e-01 1.235178039999999949e-01 1.290582120000000055e-01 1.346121580000000095e-01 1.401727349999999928e-01 1.457334309999999966e-01 1.512879729999999923e-01 1.568304450000000128e-01 1.623552289999999898e-01 1.678569609999999990e-01 1.733306350000000107e-01 1.787714659999999900e-01 1.841750000000000054e-01 1.895370190000000010e-01 1.948536040000000136e-01 2.001210599999999895e-01 2.053359600000000118e-01 2.104951589999999872e-01 2.155956920000000054e-01 2.206348629999999866e-01 2.256102259999999970e-01 2.305195329999999987e-01 2.353607570000000038e-01 2.401320929999999909e-01 2.448319640000000130e-01 2.494589540000000105e-01 2.540118690000000012e-01 2.584896979999999900e-01 2.628916499999999767e-01 2.672170400000000168e-01 2.714653910000000003e-01 2.756364049999999732e-01 2.797299329999999862e-01 2.837459440000000277e-01 2.876845299999999939e-01 2.915459870000000064e-01 2.953306439999999755e-01 2.990390359999999803e-01 3.026717309999999994e-01 3.062293830000000217e-01 3.097127969999999841e-01 3.131228690000000259e-01 3.164604309999999865e-01 3.197265859999999793e-01 3.229222889999999735e-01 3.260487020000000236e-01 3.291069870000000175e-01 3.320982749999999983e-01 3.350238200000000277e-01 3.378849030000000142e-01 3.406827150000000248e-01 3.434186280000000036e-01 3.460938630000000016e-01 3.487097920000000184e-01 3.512677249999999751e-01 3.537689150000000171e-01 3.562147319999999784e-01 3.586064580000000168e-01 3.609454040000000252e-01 3.632328209999999835e-01 3.654700220000000055e-01 3.676582569999999883e-01 3.697987790000000219e-01 3.718927799999999784e-01 3.739415110000000042e-01 3.759461049999999749e-01 3.779077829999999971e-01
7.024784090000000258e-01 6.936465499999999729e-01 6.438034179999999607e-01 4.853998420000000258e-01 2.618477940000000226e-01 1.156389639999999969e-01 5.336343119999999857e-02 3.049338240000000130e-02 2.296063120000000138e-02 2.149880679999999905e-02 2.265759180000000150e-02 2.509258309999999950e-02 2.824455130000000022e-02 3.186354410000000192e-02 3.582851220000000253e-02 4.007493699999999798e-02 4.456415030000000083e-02 4.926974330000000180e-02 5.417127530000000191e-02 5.925129729999999845e-02 6.449391690000000343e-02 6.988410650000000113e-02 7.540740819999999789e-02 8.104977010000000148e-02 8.679755779999999421e-02 9.263752399999999887e-02 9.855683889999999892e-02 1.045431490000000019e-01 1.105845649999999958e-01 1.166697369999999956e-01 1.227878180000000069e-01 1.289285119999999951e-01 1.350820809999999927e-01 1.412393150000000042e-01 1.473915729999999980e-01 1.535307320000000031e-01 1.596491630000000106e-01 1.657398190000000104e-01 1.717960829999999883e-01 1.778118310000000035e-01 1.837814000000000114e-01 1.896995459999999967e-01 1.955614840000000076e-01 2.013627889999999865e-01 2.070994379999999968e-01 2.127677500000000055e-01 2.183644180000000046e-01 2.238864299999999974e-01 2.293311359999999910e-01 2.346961499999999923e-01 2.399793570000000043e-01 2.451789380000000129e-01 2.502933139999999890e-01 2.553212049999999955e-01 2.602614460000000074e-01 2.651132350000000026e-01 2.698758840000000103e-01 2.745488879999999909e-01 2.791320380000000267e-01 2.836252149999999861e-01 2.880284790000000039e-01 2.923420669999999832e-01 2.965663370000000132e-01 3.007017969999999929e-01 3.047491310000000064e-01 3.087090550000000100e-01 3.125824629999999771e-01 3.163703079999999890e-01 3.200736639999999800e-01 3.236936630000000203e-01 3.272315259999999948e-01 3.306885059999999932e-01 3.340660040000000275e-01 3.373653589999999758e-01 3.405880330000000122e-01 3.437355160000000187e-01 3.468092680000000039e-01 3.498108690000000243e-01 3.527418379999999742e-01 3.556037249999999816e-01 3.583981390000000045e-01 3.611266309999999757e-01 3.637907799999999803e-01 3.663921649999999919e-01 3.689323660000000116e-01 3.714128729999999767e-01 3.738352950000000119e-01 3.762011530000000104e-01 3.785119060000000091e-01 3.807690739999999852e-01 3.829740879999999903e-01 3.851284380000000174e-01 3.872334960000000104e-01 3.892906309999999981e-01 3.913012739999999767e-01 3.932666779999999807e-01 3.951881830000000262e-01 3.970670700000000219e-01 3.989045319999999784e-01 4.007018509999999978e-01
7.194682359999999832e-01 7.054920199999999975e-01 6.301453110000000413e-01 4.246962369999999765e-01 2.006787359999999965e-01 8.450116959999999511e-02 4.141307250000000190e-02 2.731806599999999849e-02 2.388527429999999854e-02 2.465475350000000121e-02 2.729846719999999907e-02 3.091789220000000157e-02 3.513670709999999753e-02 3.978187960000000023e-02 4.476432870000000147e-02 5.003144219999999809e-02 5.554717029999999695e-02 6.128329040000000255e-02 6.721549479999999743e-02 7.332158090000000239e-02 7.958066460000000342e-02 8.597283070000000249e-02 9.247899060000000504e-02 9.908089790000000618e-02 1.057611329999999933e-01 1.125031560000000069e-01 1.192913059999999997e-01 1.261108519999999955e-01 1.329479660000000008e-01 1.397897750000000050e-01 1.466242969999999868e-01 1.534404309999999882e-01 1.602279689999999979e-01 1.669775099999999957e-01 1.736804839999999961e-01 1.803290690000000085e-01 1.869161430000000068e-01 1.934353109999999987e-01 1.998807790000000084e-01 2.062474039999999953e-01 2.125305680000000030e-01 2.187261879999999881e-01 2.248307019999999934e-01 2.308409959999999927e-01 2.367543579999999981e-01 2.425684929999999961e-01 2.482814939999999915e-01 2.538917660000000187e-01 2.593980730000000068e-01 2.647994160000000097e-01 2.700951400000000113e-01 2.752847669999999858e-01 2.803681490000000109e-01 2.853452559999999916e-01 2.902163269999999962e-01 2.949817779999999723e-01 2.996421750000000106e-01 3.041982950000000074e-01 3.086510000000000087e-01 3.130013349999999916e-01 3.172504010000000152e-01 3.213995099999999994e-01 3.254499730000000035e-01 3.294032809999999922e-01 3.332609530000000264e-01 3.370245700000000233e-01 3.406958279999999784e-01 3.442764280000000232e-01 3.477681280000000097e-01 3.511727749999999926e-01 3.544921879999999859e-01 3.577282430000000013e-01 3.608828190000000213e-01 3.639577929999999739e-01 3.669550719999999933e-01 3.698766230000000155e-01 3.727242649999999990e-01 3.754999940000000036e-01 3.782055970000000045e-01 3.808430139999999797e-01 3.834140899999999852e-01 3.859206740000000191e-01 3.883645239999999887e-01 3.907474579999999920e-01 3.930712339999999916e-01 3.953375820000000207e-01 3.975481989999999910e-01 3.997047249999999829e-01 4.018087980000000226e-01 4.038620290000000113e-01 4.058659370000000099e-01 4.078220730000000072e-01 4.097318950000000126e-01 4.115968640000000067e-01 4.134183819999999732e-01 4.151977900000000110e-01 4.169364870000000223e-01 4.186356960000000016e-01 4.202967289999999800e-01 4.219207759999999974e-01
7.333580849999999929e-01 7.113395329999999683e-01 6.004582050000000226e-01 3.526989819999999942e-01 1.483834529999999985e-01 6.253949550000000024e-02 3.454511240000000122e-02 2.699050310000000036e-02 2.674427810000000114e-02 2.943596990000000094e-02 3.351851930000000063e-02 3.839248049999999940e-02 4.379944880000000151e-02 4.961247369999999962e-02 5.575848740000000081e-02 6.218779089999999787e-02 6.886145470000000490e-02 7.574593279999999873e-02 8.281075949999999741e-02 9.002755580000000590e-02 9.736964110000000117e-02 1.048118769999999977e-01 1.123306750000000048e-01 1.199039519999999942e-01 1.275111730000000054e-01 1.351333710000000021e-01 1.427530499999999924e-01 1.503542210000000101e-01 1.579223280000000007e-01 1.654441949999999883e-01 1.729079480000000058e-01 1.803029630000000105e-01 1.876197759999999881e-01 1.948500129999999886e-01 2.019862980000000086e-01 2.090222089999999866e-01 2.159521580000000052e-01 2.227713910000000130e-01 2.294758259999999939e-01 2.360621089999999922e-01 2.425274400000000108e-01 2.488695830000000053e-01 2.550868090000000254e-01 2.611778379999999955e-01 2.671418190000000026e-01 2.729782459999999800e-01 2.786869699999999783e-01 2.842680810000000058e-01 2.897220850000000181e-01 2.950495779999999790e-01 3.002514539999999732e-01 3.053288160000000029e-01 3.102829160000000197e-01 3.151151839999999926e-01 3.198271389999999825e-01 3.244205419999999784e-01 3.288971479999999725e-01 3.332588670000000142e-01 3.375076650000000122e-01 3.416456580000000187e-01 3.456749020000000061e-01 3.495976330000000187e-01 3.534160550000000067e-01 3.571324350000000258e-01 3.607490660000000071e-01 3.642682429999999916e-01 3.676922919999999761e-01 3.710235949999999838e-01 3.742644489999999990e-01 3.774172069999999768e-01 3.804841640000000136e-01 3.834676739999999806e-01 3.863700330000000016e-01 3.891934750000000109e-01 3.919402659999999816e-01 3.946126400000000145e-01 3.972127739999999907e-01 3.997428120000000029e-01 4.022049010000000036e-01 4.046010970000000206e-01 4.069334569999999984e-01 4.092039760000000248e-01 4.114145929999999951e-01 4.135672750000000120e-01 4.156638089999999952e-01 4.177060719999999838e-01 4.196958239999999951e-01 4.216347930000000077e-01 4.235246779999999878e-01 4.253671170000000168e-01 4.271636899999999848e-01 4.289159180000000071e-01 4.306253489999999906e-01 4.322934150000000142e-01 4.339215459999999913e-01 4.355110819999999938e-01 4.370633959999999929e-01 4.385797080000000125e-01 4.400613010000000158e-01 4.415093959999999984e-01
7.442042829999999665e-01 7.097727660000000549e-01 5.527240039999999910e-01 2.781224849999999749e-01 1.078514009999999995e-01 4.843991620000000220e-02 3.175804019999999700e-02 2.911010010000000120e-02 3.147548440000000336e-02 3.595381980000000172e-02 4.152101650000000060e-02 4.776968429999999682e-02 5.451188979999999767e-02 6.164383519999999672e-02 6.909636410000000173e-02 7.681585100000000443e-02 8.475646380000000091e-02 9.287708249999999943e-02 1.011399550000000036e-01 1.095102280000000011e-01 1.179557219999999990e-01 1.264468880000000073e-01 1.349567319999999959e-01 1.434607210000000133e-01 1.519367689999999993e-01 1.603651050000000078e-01 1.687281280000000050e-01 1.770102980000000104e-01 1.851980239999999889e-01 1.932794750000000061e-01 2.012444879999999992e-01 2.090843619999999958e-01 2.167917789999999900e-01 2.243606750000000094e-01 2.317860720000000097e-01 2.390640079999999945e-01 2.461913970000000063e-01 2.531659900000000074e-01 2.599862219999999891e-01 2.666511540000000013e-01 2.731603980000000265e-01 2.795140740000000013e-01 2.857126890000000197e-01 2.917571959999999964e-01 2.976488469999999942e-01 3.033891320000000058e-01 3.089798389999999784e-01 3.144229649999999987e-01 3.197206559999999920e-01 3.248752650000000242e-01 3.298892379999999735e-01 3.347651360000000187e-01 3.395056719999999806e-01 3.441135289999999736e-01 3.485915359999999796e-01 3.529425259999999787e-01 3.571694200000000152e-01 3.612751069999999842e-01 3.652625079999999858e-01 3.691346050000000045e-01 3.728943169999999752e-01 3.765445649999999977e-01 3.800882999999999901e-01 3.835284110000000135e-01 3.868678210000000006e-01 3.901093010000000194e-01 3.932557700000000045e-01 3.963099420000000261e-01 3.992746169999999983e-01 4.021525080000000196e-01 4.049462380000000139e-01 4.076584580000000013e-01 4.102917309999999929e-01 4.128485619999999745e-01 4.153314229999999774e-01 4.177427590000000190e-01 4.200848939999999865e-01 4.223601519999999887e-01 4.245707690000000145e-01 4.267189499999999858e-01 4.288068119999999817e-01 4.308364390000000155e-01 4.328098599999999907e-01 4.347290400000000110e-01 4.365958569999999761e-01 4.384122189999999919e-01 4.401798550000000088e-01 4.419005810000000145e-01 4.435760380000000058e-01 4.452078340000000245e-01 4.467976390000000242e-01 4.483468829999999739e-01 4.498571459999999855e-01 4.513297680000000200e-01 4.527661800000000181e-01 4.541677239999999949e-01 4.555356799999999984e-01 4.568713010000000074e-01 4.581757490000000210e-01 4.594502149999999951e-01
7.518804070000000284e-01 6.986740830000000013e-01 4.874370690000000006e-01 2.097935230000000095e-01 7.909975199999999540e-02 4.064507409999999765e-02 3.228962419999999861e-02 3.346083309999999672e-02 3.813078250000000169e-02 4.439032820000000240e-02 5.155189710000000064e-02 5.932368710000000128e-02 6.755406410000000528e-02 7.614572349999999823e-02 8.502481130000000276e-02 9.412929420000000491e-02 1.034044249999999943e-01 1.128009709999999999e-01 1.222744139999999979e-01 1.317846629999999963e-01 1.412958059999999960e-01 1.507759389999999977e-01 1.601969000000000032e-01 1.695340870000000000e-01 1.787662359999999950e-01 1.878750620000000093e-01 1.968450989999999956e-01 2.056633979999999973e-01 2.143192590000000119e-01 2.228040400000000087e-01 2.311108709999999955e-01 2.392345220000000050e-01 2.471711040000000026e-01 2.549180090000000010e-01 2.624736730000000184e-01 2.698374689999999965e-01 2.770095770000000068e-01 2.839908600000000116e-01 2.907826900000000103e-01 2.973870639999999788e-01 3.038063049999999987e-01 3.100430969999999897e-01 3.161004190000000214e-01 3.219814899999999813e-01 3.276897069999999967e-01 3.332286480000000162e-01 3.386019769999999984e-01 3.438134190000000090e-01 3.488668500000000061e-01 3.537661140000000204e-01 3.585150839999999839e-01 3.631176649999999784e-01 3.675777319999999904e-01 3.718991879999999917e-01 3.760858480000000004e-01 3.801415559999999916e-01 3.840700690000000139e-01 3.878751100000000229e-01 3.915603759999999878e-01 3.951294120000000132e-01 3.985858560000000161e-01 4.019331629999999822e-01 4.051747920000000058e-01 4.083140789999999964e-01 4.113543330000000164e-01 4.142987430000000248e-01 4.171505269999999932e-01 4.199127260000000139e-01 4.225883779999999867e-01 4.251804049999999835e-01 4.276916379999999851e-01 4.301249380000000122e-01 4.324829880000000126e-01 4.347684379999999793e-01 4.369838540000000049e-01 4.391317370000000220e-01 4.412145319999999926e-01 4.432345930000000100e-01 4.451942150000000042e-01 4.470956329999999923e-01 4.489409630000000262e-01 4.507322910000000071e-01 4.524716730000000187e-01 4.541610480000000116e-01 4.558022919999999978e-01 4.573972820000000161e-01 4.589477180000000045e-01 4.604553279999999971e-01 4.619218110000000155e-01 4.633487159999999938e-01 4.647375639999999919e-01 4.660898749999999868e-01 4.674070479999999916e-01 4.686904849999999900e-01 4.699415270000000255e-01 4.711614250000000226e-01 4.723514019999999758e-01 4.735126789999999919e-01 4.746463890000000019e-01 4.757536050000000238e-01
7.559814449999999741e-01 6.752543450000000336e-01 4.091480969999999884e-01 1.536992490000000100e-01 6.054041529999999727e-02 3.779964150000000161e-02 3.564850609999999781e-02 3.998827559999999781e-02 4.685257379999999833e-02 5.497553200000000057e-02 6.387491519999999312e-02 7.332088050000000468e-02 8.317423610000000689e-02 9.333305059999999487e-02 1.037138549999999937e-01 1.142446619999999968e-01 1.248622759999999943e-01 1.355110260000000066e-01 1.461421850000000078e-01 1.567133960000000048e-01 1.671881819999999907e-01 1.775355789999999989e-01 1.877295230000000092e-01 1.977484230000000065e-01 2.075746800000000114e-01 2.171942590000000006e-01 2.265962209999999866e-01 2.357723270000000038e-01 2.447167339999999913e-01 2.534255979999999742e-01 2.618968190000000029e-01 2.701297699999999913e-01 2.781250769999999983e-01 2.858844099999999777e-01 2.934102419999999878e-01 3.007058499999999968e-01 3.077749909999999978e-01 3.146219250000000245e-01 3.212513029999999881e-01 3.276679809999999970e-01 3.338770870000000168e-01 3.398838339999999958e-01 3.456935580000000119e-01 3.513116840000000130e-01 3.567435740000000077e-01 3.619946540000000268e-01 3.670702869999999951e-01 3.719757499999999939e-01 3.767162860000000113e-01 3.812970820000000094e-01 3.857231740000000020e-01 3.899995390000000062e-01 3.941310049999999787e-01 3.981223700000000032e-01 4.019782539999999793e-01 4.057031870000000207e-01 4.093015790000000265e-01 4.127777519999999978e-01 4.161358769999999874e-01 4.193800690000000220e-01 4.225142299999999906e-01 4.255422649999999751e-01 4.284679000000000126e-01 4.312947690000000223e-01 4.340264500000000081e-01 4.366663399999999862e-01 4.392177760000000042e-01 4.416839779999999771e-01 4.440681040000000190e-01 4.463731939999999732e-01 4.486021700000000223e-01 4.507579210000000058e-01 4.528431589999999951e-01 4.548605680000000206e-01 4.568127989999999916e-01 4.587022660000000251e-01 4.605314429999999848e-01 4.623026849999999910e-01 4.640182259999999781e-01 4.656802420000000220e-01 4.672908780000000206e-01 4.688521330000000042e-01 4.703660009999999780e-01 4.718343910000000196e-01 4.732591210000000048e-01 4.746419490000000074e-01 4.759846030000000061e-01 4.772886929999999861e-01 4.785557990000000039e-01 4.797874690000000220e-01 4.809851350000000081e-01 4.821502570000000265e-01 4.832841460000000255e-01 4.843881429999999932e-01 4.854634700000000080e-01 4.865113790000000216e-01 4.875329729999999806e-01 4.885294439999999794e-01 4.895018039999999848e-01 4.904510970000000025e-01
7.557018399999999581e-01 6.365004180000000122e-01 3.263177279999999736e-01 1.119481920000000019e-01 5.013268440000000215e-02 3.891078380000000114e-02 4.158414529999999998e-02 4.876300690000000271e-02 5.784257500000000024e-02 6.795673069999999538e-02 7.873839139999999626e-02 8.998344090000000295e-02 1.015501169999999953e-01 1.133263409999999971e-01 1.252182870000000114e-01 1.371458919999999915e-01 1.490408029999999995e-01 1.608451310000000023e-01 1.725103410000000115e-01 1.839963500000000030e-01 1.952705829999999976e-01 2.063070680000000101e-01 2.170855999999999897e-01 2.275910080000000113e-01 2.378123400000000109e-01 2.477423400000000053e-01 2.573768200000000062e-01 2.667140960000000116e-01 2.757546599999999848e-01 2.845007480000000255e-01 2.929559350000000006e-01 3.011249899999999813e-01 3.090135459999999723e-01 3.166278900000000229e-01 3.239748780000000217e-01 3.310616909999999913e-01 3.378957209999999822e-01 3.444845970000000035e-01 3.508359189999999961e-01 3.569574059999999771e-01 3.628566559999999996e-01 3.685411809999999955e-01 3.740183409999999764e-01 3.792954680000000245e-01 3.843795959999999901e-01 3.892776370000000097e-01 3.939962980000000226e-01 3.985421659999999755e-01 4.029214979999999890e-01 4.071404639999999797e-01 4.112049939999999904e-01 4.151208100000000067e-01 4.188934559999999974e-01 4.225282969999999971e-01 4.260304870000000133e-01 4.294050629999999757e-01 4.326567949999999829e-01 4.357903900000000275e-01 4.388102890000000200e-01 4.417208730000000139e-01 4.445262850000000210e-01 4.472305770000000180e-01 4.498376550000000029e-01 4.523512720000000265e-01 4.547750649999999784e-01 4.571124910000000097e-01 4.593670069999999939e-01 4.615418020000000010e-01 4.636400339999999787e-01 4.656647740000000035e-01 4.676189119999999977e-01 4.695052800000000248e-01 4.713265899999999897e-01 4.730854930000000236e-01 4.747844929999999741e-01 4.764260650000000097e-01 4.780125319999999900e-01 4.795461890000000116e-01 4.810291830000000268e-01 4.824636580000000174e-01 4.838515820000000023e-01 4.851949810000000252e-01 4.864957030000000016e-01 4.877555370000000168e-01 4.889762400000000064e-01 4.901594819999999797e-01 4.913069010000000181e-01 4.924200479999999991e-01 4.935003519999999755e-01 4.945493340000000071e-01 4.955683049999999867e-01 4.965586069999999852e-01 4.975215199999999949e-01 4.984582960000000229e-01 4.993700389999999878e-01 5.002579090000000006e-01 5.011230709999999755e-01 5.019664169999999981e-01 5.027890210000000026e-01 5.035918350000000432e-01
7.496873739999999620e-01 5.803244709999999529e-01 2.487011849999999913e-01 8.368078619999999579e-02 4.605109990000000320e-02 4.334984719999999958e-02 5.003294719999999696e-02 5.993751440000000263e-02 7.132403549999999370e-02 8.356052640000000142e-02 9.633555259999999898e-02 1.094488279999999980e-01 1.227494179999999990e-01 1.361154760000000130e-01 1.494465769999999971e-01 1.626600619999999942e-01 1.756885950000000030e-01 1.884782760000000001e-01 2.009867879999999996e-01 2.131818380000000124e-01 2.250396309999999900e-01 2.365435509999999908e-01 2.476829289999999961e-01 2.584520579999999845e-01 2.688491940000000135e-01 2.788758869999999890e-01 2.885362209999999816e-01 2.978363629999999929e-01 3.067839740000000148e-01 3.153878749999999842e-01 3.236578110000000175e-01 3.316040639999999762e-01 3.392372129999999819e-01 3.465681970000000223e-01 3.536078930000000065e-01 3.603671489999999977e-01 3.668567240000000229e-01 3.730871080000000006e-01 3.790686129999999987e-01 3.848112519999999925e-01 3.903246519999999942e-01 3.956182599999999994e-01 4.007010460000000052e-01 4.055817130000000104e-01 4.102686050000000084e-01 4.147697989999999946e-01 4.190929230000000061e-01 4.232453700000000096e-01 4.272342319999999916e-01 4.310662450000000145e-01 4.347479340000000025e-01 4.382854700000000103e-01 4.416848420000000219e-01 4.449516829999999867e-01 4.480915070000000000e-01 4.511095290000000091e-01 4.540107549999999881e-01 4.567999839999999923e-01 4.594818350000000051e-01 4.620607199999999803e-01 4.645408690000000229e-01 4.669263359999999974e-01 4.692210560000000252e-01 4.714287819999999907e-01 4.735530909999999816e-01 4.755974410000000097e-01 4.775651690000000116e-01 4.794594649999999736e-01 4.812833959999999744e-01 4.830399450000000261e-01 4.847318829999999745e-01 4.863619800000000271e-01 4.879328609999999955e-01 4.894470570000000187e-01 4.909069540000000065e-01 4.923149050000000249e-01 4.936731460000000071e-01 4.949838520000000019e-01 4.962490500000000249e-01 4.974707959999999929e-01 4.986509379999999880e-01 4.997913540000000210e-01 5.008938309999999561e-01 5.019600389999999690e-01 5.029915569999999780e-01 5.039900539999999651e-01 5.049570199999999787e-01 5.058938259999999909e-01 5.068019630000000220e-01 5.076826810000000245e-01 5.085372919999999741e-01 5.093670489999999607e-01 5.101731419999999684e-01 5.109566450000000426e-01 5.117186310000000349e-01 5.124602320000000155e-01 5.131824019999999820e-01 5.138860939999999600e-01 5.145722029999999503e-01 5.152416829999999504e-01
7.358946200000000548e-01 5.073806640000000368e-01 1.837967189999999973e-01 6.664597989999999916e-02 4.693296549999999984e-02 5.078670009999999846e-02 6.105747820000000103e-02 7.369892299999999952e-02 8.749847859999999866e-02 1.019502129999999979e-01 1.167630179999999962e-01 1.317314209999999874e-01 1.466969700000000099e-01 1.615343539999999911e-01 1.761446889999999932e-01 1.904512939999999932e-01 2.043961290000000097e-01 2.179367690000000024e-01 2.310437110000000127e-01 2.436980609999999936e-01 2.558894749999999774e-01 2.676143939999999777e-01 2.788746650000000216e-01 2.896762789999999810e-01 3.000283539999999971e-01 3.099423649999999975e-01 3.194314240000000193e-01 3.285098370000000267e-01 3.371925949999999839e-01 3.454950749999999848e-01 3.534328339999999735e-01 3.610212800000000000e-01 3.682756420000000142e-01 3.752107619999999755e-01 3.818410629999999806e-01 3.881805540000000110e-01 3.942426150000000185e-01 4.000401499999999833e-01 4.055854979999999887e-01 4.108903999999999890e-01 4.159661230000000209e-01 4.208233060000000081e-01 4.254721399999999987e-01 4.299223119999999732e-01 4.341829720000000004e-01 4.382628199999999974e-01 4.421702029999999839e-01 4.459129270000000145e-01 4.494985040000000209e-01 4.529340270000000168e-01 4.562262300000000104e-01 4.593815210000000149e-01 4.624060090000000067e-01 4.653055369999999913e-01 4.680856170000000094e-01 4.707514640000000083e-01 4.733081760000000249e-01 4.757605200000000201e-01 4.781130250000000248e-01 4.803701040000000200e-01 4.825358989999999904e-01 4.846143720000000155e-01 4.866093989999999980e-01 4.885245559999999987e-01 4.903633589999999987e-01 4.921291469999999890e-01 4.938251080000000126e-01 4.954543109999999806e-01 4.970196780000000203e-01 4.985240100000000174e-01 4.999700490000000275e-01 5.013603570000000342e-01 5.026974079999999567e-01 5.039836170000000504e-01 5.052212480000000117e-01 5.064124460000000161e-01 5.075594190000000117e-01 5.086640719999999671e-01 5.097283719999999851e-01 5.107542870000000290e-01 5.117434859999999697e-01 5.126976970000000078e-01 5.136185880000000425e-01 5.145077110000000342e-01 5.153666730000000529e-01 5.161967870000000458e-01 5.169995429999999503e-01 5.177762510000000207e-01 5.185281630000000419e-01 5.192565919999999613e-01 5.199626680000000167e-01 5.206474660000000032e-01 5.213121769999999877e-01 5.219577549999999677e-01 5.225852730000000168e-01 5.231955649999999736e-01 5.237897040000000226e-01 5.243684650000000058e-01 5.249326829999999555e-01 5.254832510000000401e-01
7.115571499999999716e-01 4.226348699999999958e-01 1.349184509999999948e-01 5.841697009999999995e-02 5.188650270000000342e-02 6.110437209999999841e-02 7.478465139999999900e-02 9.021879730000000042e-02 1.064998729999999949e-01 1.231835559999999996e-01 1.399841759999999879e-01 1.566938760000000097e-01 1.731561120000000009e-01 1.892535089999999864e-01 2.049002799999999902e-01 2.200361339999999943e-01 2.346213759999999926e-01 2.486326399999999881e-01 2.620593010000000223e-01 2.749005560000000181e-01 2.871630490000000036e-01 2.988588509999999809e-01 3.100039660000000197e-01 3.206171389999999954e-01 3.307188449999999835e-01 3.403305710000000261e-01 3.494742809999999977e-01 3.581719990000000187e-01 3.664454520000000048e-01 3.743158580000000013e-01 3.818037510000000245e-01 3.889289499999999955e-01 3.957104089999999852e-01 4.021661280000000116e-01 4.083133640000000120e-01 4.141682979999999903e-01 4.197463989999999923e-01 4.250622090000000242e-01 4.301294090000000181e-01 4.349609910000000190e-01 4.395691159999999820e-01 4.439652860000000145e-01 4.481603209999999726e-01 4.521644120000000155e-01 4.559871260000000204e-01 4.596375520000000048e-01 4.631241859999999932e-01 4.664550720000000261e-01 4.696378110000000161e-01 4.726795850000000132e-01 4.755870999999999849e-01 4.783668220000000249e-01 4.810247719999999894e-01 4.835667310000000274e-01 4.859980939999999916e-01 4.883240460000000116e-01 4.905494449999999729e-01 4.926789999999999781e-01 4.947170909999999977e-01 4.966679509999999964e-01 4.985355730000000096e-01 5.003237719999999999e-01 5.020362139999999807e-01 5.036762949999999961e-01 5.052474139999999503e-01 5.067526700000000162e-01 5.081951019999999541e-01 5.095776319999999471e-01 5.109029409999999993e-01 5.121737720000000271e-01 5.133926269999999903e-01 5.145618920000000207e-01 5.156838299999999542e-01 5.167608259999999509e-01 5.177948470000000025e-01 5.187879800000000374e-01 5.197422499999999612e-01 5.206593870000000290e-01 5.215413570000000387e-01 5.223897100000000071e-01 5.232061740000000238e-01 5.239923600000000459e-01 5.247497559999999561e-01 5.254797940000000001e-01 5.261838439999999562e-01 5.268632770000000187e-01 5.275194050000000523e-01 5.281533600000000162e-01 5.287663940000000284e-01 5.293596390000000484e-01 5.299341079999999593e-01 5.304908750000000284e-01 5.310309530000000278e-01 5.315552350000000148e-01 5.320646759999999587e-01 5.325601100000000310e-01 5.330423709999999593e-01 5.335122350000000013e-01 5.339705350000000239e-01 5.344179869999999832e-01
6.734729409999999916e-01 3.350307639999999809e-01 1.016991960000000056e-01 5.699106679999999675e-02 6.039895859999999672e-02 7.431335749999999629e-02 9.134481849999999403e-02 1.096029429999999943e-01 1.283515239999999946e-01 1.471781279999999914e-01 1.658051909999999907e-01 1.840355840000000021e-01 2.017301770000000105e-01 2.187944350000000093e-01 2.351685320000000134e-01 2.508192060000000168e-01 2.657334510000000094e-01 2.799130980000000268e-01 2.933708729999999765e-01 3.061270709999999728e-01 3.182071149999999848e-01 3.296396140000000252e-01 3.404549660000000255e-01 3.506844639999999735e-01 3.603592219999999791e-01 3.695099649999999958e-01 3.781664670000000061e-01 3.863573370000000229e-01 3.941098749999999984e-01 4.014500080000000248e-01 4.084022339999999751e-01 4.149895909999999910e-01 4.212337729999999780e-01 4.271550479999999816e-01 4.327724869999999835e-01 4.381038250000000023e-01 4.431657199999999852e-01 4.479736690000000188e-01 4.525421559999999732e-01 4.568847120000000261e-01 4.610140030000000055e-01 4.649418590000000129e-01 4.686792790000000042e-01 4.722366029999999770e-01 4.756235180000000229e-01 4.788490830000000087e-01 4.819217319999999916e-01 4.848494830000000255e-01 4.876398149999999765e-01 4.902997310000000164e-01 4.928358199999999800e-01 4.952543380000000162e-01 4.975611569999999761e-01 4.997618200000000233e-01 5.018615130000000368e-01 5.038652420000000465e-01 5.057776569999999916e-01 5.076031090000000523e-01 5.093459489999999645e-01 5.110100509999999652e-01 5.125992299999999613e-01 5.141171220000000375e-01 5.155671240000000433e-01 5.169524549999999774e-01 5.182762149999999846e-01 5.195414419999999645e-01 5.207508210000000304e-01 5.219072099999999548e-01 5.230130549999999490e-01 5.240707989999999761e-01 5.250828859999999709e-01 5.260514619999999697e-01 5.269786720000000368e-01 5.278666020000000181e-01 5.287172199999999878e-01 5.295323730000000007e-01 5.303138490000000038e-01 5.310634370000000271e-01 5.317826869999999762e-01 5.324731470000000355e-01 5.331364870000000478e-01 5.337739590000000200e-01 5.343871119999999975e-01 5.349771380000000187e-01 5.355454090000000278e-01 5.360930560000000122e-01 5.366213319999999509e-01 5.371312499999999490e-01 5.376239419999999658e-01 5.381003619999999987e-01 5.385615830000000104e-01 5.390084979999999470e-01 5.394420030000000033e-01 5.398629310000000459e-01 5.402721169999999962e-01 5.406703349999999464e-01 5.410583620000000149e-01 5.414369110000000207e-01 5.418065789999999549e-01 5.421681400000000206e-01
6.189126969999999561e-01 2.545617519999999745e-01 8.180173490000000602e-02 6.094338369999999921e-02 7.221843299999999854e-02 9.047176690000000021e-02 1.108142730000000048e-01 1.318463239999999870e-01 1.529328530000000075e-01 1.736916300000000135e-01 1.938701720000000073e-01 2.133025380000000137e-01 2.318859849999999889e-01 2.495644690000000110e-01 2.663161459999999758e-01 2.821436520000000225e-01 2.970665690000000025e-01 3.111158909999999778e-01 3.243296439999999725e-01 3.367501199999999861e-01 3.484213349999999987e-01 3.593877260000000184e-01 3.696930110000000158e-01 3.793794509999999787e-01 3.884873990000000110e-01 3.970551190000000119e-01 4.051186440000000277e-01 4.127116200000000013e-01 4.198654889999999806e-01 4.266095460000000061e-01 4.329709409999999981e-01 4.389748279999999836e-01 4.446446000000000009e-01 4.500018060000000042e-01 4.550664719999999996e-01 4.598571359999999997e-01 4.643909039999999933e-01 4.686836899999999861e-01 4.727501570000000042e-01 4.766039850000000078e-01 4.802578390000000197e-01 4.837234320000000087e-01 4.870117310000000033e-01 4.901328679999999993e-01 4.930963520000000155e-01 4.959109720000000054e-01 4.985849860000000078e-01 5.011261110000000407e-01 5.035415290000000432e-01 5.058379170000000258e-01 5.080217719999999826e-01 5.100988149999999832e-01 5.120748280000000374e-01 5.139548779999999484e-01 5.157440899999999884e-01 5.174469950000000207e-01 5.190680030000000000e-01 5.206112859999999509e-01 5.220808390000000188e-01 5.234803559999999800e-01 5.248133539999999542e-01 5.260831120000000194e-01 5.272929069999999774e-01 5.284457799999999761e-01 5.295444729999999600e-01 5.305918459999999781e-01 5.315904620000000413e-01 5.325427059999999768e-01 5.334510799999999664e-01 5.343177909999999864e-01 5.351449849999999619e-01 5.359346870000000207e-01 5.366888640000000432e-01 5.374093650000000277e-01 5.380980370000000290e-01 5.387566089999999974e-01 5.393866299999999780e-01 5.399897099999999561e-01 5.405673380000000083e-01 5.411209460000000471e-01 5.416519050000000446e-01 5.421614649999999536e-01 5.426509980000000510e-01 5.431215759999999948e-01 5.435744519999999858e-01 5.440106390000000181e-01 5.444312690000000510e-01 5.448372360000000025e-01 5.452295539999999496e-01 5.456091760000000290e-01 5.459769370000000510e-01 5.463336709999999652e-01 5.466801519999999748e-01 5.470172760000000522e-01 5.473455790000000265e-01 5.476659539999999549e-01 5.479788780000000026e-01 5.482851859999999800e-01 5.485852959999999445e-01 5.488799210000000484e-01
5.472857359999999671e-01 1.885650010000000099e-01 7.244283710000000431e-02 6.935914610000000480e-02 8.723978699999999920e-02 1.096138210000000002e-01 1.331655380000000000e-01 1.567998230000000048e-01 1.799630369999999924e-01 2.023228260000000112e-01 2.236783210000000133e-01 2.439186570000000109e-01 2.629961670000000029e-01 2.809067670000000017e-01 2.976756689999999761e-01 3.133467140000000262e-01 3.279749450000000177e-01 3.416211610000000065e-01 3.543483909999999848e-01 3.662194010000000000e-01 3.772950769999999787e-01 3.876334730000000062e-01 3.972893359999999929e-01 4.063137769999999871e-01 4.147542120000000110e-01 4.226544199999999751e-01 4.300547539999999835e-01 4.369923470000000032e-01 4.435012039999999822e-01 4.496125280000000113e-01 4.553549590000000036e-01 4.607546929999999930e-01 4.658357799999999771e-01 4.706202749999999768e-01 4.751284120000000000e-01 4.793788190000000116e-01 4.833885729999999881e-01 4.871733779999999903e-01 4.907477800000000223e-01 4.941250979999999848e-01 4.973177309999999851e-01 5.003370050000000013e-01 5.031935570000000135e-01 5.058971639999999548e-01 5.084568860000000523e-01 5.108811260000000187e-01 5.131777520000000425e-01 5.153541560000000077e-01 5.174170139999999529e-01 5.193728800000000367e-01 5.212275389999999620e-01 5.229866499999999974e-01 5.246554610000000451e-01 5.262387990000000348e-01 5.277414320000000103e-01 5.291675329999999677e-01 5.305213330000000393e-01 5.318065880000000245e-01 5.330269930000000045e-01 5.341860059999999910e-01 5.352868440000000394e-01 5.363326069999999612e-01 5.373262760000000471e-01 5.382705330000000510e-01 5.391681189999999457e-01 5.400214199999999742e-01 5.408328770000000452e-01 5.416047569999999922e-01 5.423392059999999626e-01 5.430383090000000523e-01 5.437039139999999549e-01 5.443380479999999633e-01 5.449423190000000083e-01 5.455185169999999806e-01 5.460683109999999729e-01 5.465931299999999826e-01 5.470944639999999470e-01 5.475738049999999690e-01 5.480324629999999697e-01 5.484716889999999845e-01 5.488927359999999922e-01 5.492967960000000316e-01 5.496849419999999542e-01 5.500583049999999696e-01 5.504178400000000471e-01 5.507645610000000413e-01 5.510994200000000065e-01 5.514232519999999749e-01 5.517369509999999755e-01 5.520413520000000407e-01 5.523371700000000439e-01 5.526252390000000458e-01 5.529061560000000375e-01 5.531806350000000316e-01 5.534493329999999878e-01 5.537128449999999535e-01 5.539718270000000278e-01 5.542266959999999631e-01 5.544781090000000523e-01 5.547265409999999619e-01
4.619771839999999852e-01 1.399227829999999950e-01 7.121557739999999359e-02 8.169048280000000550e-02 1.054048540000000062e-01 1.316901890000000130e-01 1.582317050000000003e-01 1.841556430000000077e-01 2.090064140000000015e-01 2.325348849999999967e-01 2.546217439999999832e-01 2.752336559999999932e-01 2.943929140000000055e-01 3.121563199999999871e-01 3.286004069999999833e-01 3.438115119999999858e-01 3.578791920000000126e-01 3.708921370000000106e-01 3.829354050000000065e-01 3.940892220000000168e-01 4.044281539999999842e-01 4.140208960000000271e-01 4.229302699999999970e-01 4.312136169999999935e-01 4.389230310000000190e-01 4.461057780000000084e-01 4.528046550000000003e-01 4.590585529999999803e-01 4.649026689999999906e-01 4.703688919999999829e-01 4.754862189999999877e-01 4.802809949999999883e-01 4.847771819999999732e-01 4.889965359999999817e-01 4.929590229999999962e-01 4.966827630000000271e-01 5.001844170000000478e-01 5.034791229999999729e-01 5.065808889999999787e-01 5.095025899999999774e-01 5.122559669999999787e-01 5.148518680000000458e-01 5.173003080000000420e-01 5.196106430000000387e-01 5.217913389999999652e-01 5.238504410000000000e-01 5.257952209999999793e-01 5.276325939999999548e-01 5.293689369999999839e-01 5.310102110000000097e-01 5.325619579999999464e-01 5.340293649999999781e-01 5.354172590000000342e-01 5.367301700000000064e-01 5.379724500000000464e-01 5.391480920000000232e-01 5.402607919999999897e-01 5.413141249999999793e-01 5.423115490000000039e-01 5.432560440000000490e-01 5.441507700000000058e-01 5.449984070000000180e-01 5.458016989999999735e-01 5.465631480000000542e-01 5.472851399999999478e-01 5.479699970000000420e-01 5.486198070000000149e-01 5.492367150000000420e-01 5.498225690000000387e-01 5.503792170000000317e-01 5.509085059999999645e-01 5.514120460000000445e-01 5.518915060000000317e-01 5.523483160000000058e-01 5.527839660000000155e-01 5.531998280000000046e-01 5.535972120000000052e-01 5.539774299999999929e-01 5.543416140000000381e-01 5.546908969999999606e-01 5.550264120000000245e-01 5.553491710000000303e-01 5.556601880000000548e-01 5.559603570000000161e-01 5.562506320000000226e-01 5.565318470000000239e-01 5.568047760000000013e-01 5.570702549999999587e-01 5.573290589999999600e-01 5.575818420000000497e-01 5.578292609999999652e-01 5.580719709999999445e-01 5.583105680000000071e-01 5.585457090000000013e-01 5.587778690000000381e-01 5.590076449999999975e-01 5.592354539999999652e-01 5.594618319999999922e-01 5.596871380000000284e-01 5.599119070000000420e-01
3.708080349999999803e-01 1.078009379999999989e-01 7.633563879999999413e-02 9.760710599999999904e-02 1.266207839999999862e-01 1.565250159999999890e-01 1.856906859999999937e-01 2.134551849999999917e-01 2.395002099999999912e-01 2.636976839999999878e-01 2.860369979999999868e-01 3.065787549999999806e-01 3.254236580000000045e-01 3.426921070000000236e-01 3.585111799999999849e-01 3.730067610000000200e-01 3.862990139999999961e-01 3.984999359999999990e-01 4.097123149999999936e-01 4.200296399999999819e-01 4.295362529999999790e-01 4.383080010000000026e-01 4.464128319999999817e-01 4.539116919999999777e-01 4.608590009999999904e-01 4.673035139999999754e-01 4.732889530000000122e-01 4.788544180000000039e-01 4.840351339999999780e-01 4.888627229999999990e-01 4.933656750000000035e-01 4.975696800000000142e-01 5.014979840000000078e-01 5.051717159999999929e-01 5.086100099999999458e-01 5.118301509999999555e-01 5.148479940000000310e-01 5.176780819999999839e-01 5.203335289999999613e-01 5.228264929999999477e-01 5.251681209999999878e-01 5.273684859999999697e-01 5.294371249999999529e-01 5.313826200000000277e-01 5.332130189999999548e-01 5.349356530000000109e-01 5.365574360000000542e-01 5.380847450000000309e-01 5.395234230000000020e-01 5.408790110000000206e-01 5.421566370000000523e-01 5.433611270000000548e-01 5.444968340000000406e-01 5.455680489999999994e-01 5.465786459999999458e-01 5.475323199999999613e-01 5.484324099999999813e-01 5.492823119999999948e-01 5.500850080000000419e-01 5.508432979999999812e-01 5.515599850000000304e-01 5.522376300000000349e-01 5.528786180000000439e-01 5.534851549999999509e-01 5.540595050000000077e-01 5.546036960000000349e-01 5.551195740000000045e-01 5.556091069999999910e-01 5.560739040000000077e-01 5.565157530000000019e-01 5.569360850000000251e-01 5.573364499999999833e-01 5.577182769999999845e-01 5.580828789999999762e-01 5.584315659999999903e-01 5.587654709999999580e-01 5.590858459999999974e-01 5.593937639999999600e-01 5.596902369999999793e-01 5.599762799999999929e-01 5.602528450000000548e-01 5.605208280000000265e-01 5.607811209999999935e-01 5.610344409999999948e-01 5.612816210000000083e-01 5.615233779999999619e-01 5.617604259999999794e-01 5.619934199999999658e-01 5.622230169999999916e-01 5.624498129999999652e-01 5.626743440000000485e-01 5.628971459999999594e-01 5.631187560000000536e-01 5.633396510000000523e-01 5.635602469999999586e-01 5.637810829999999607e-01 5.640024540000000419e-01 5.642248389999999780e-01 5.644485350000000290e-01 5.646739600000000303e-01
2.838416699999999904e-01 8.950021119999999886e-02 8.658453820000000523e-02 1.168674900000000044e-01 1.507001069999999998e-01 1.837947819999999899e-01 2.150730190000000042e-01 2.441192269999999942e-01 2.707999939999999883e-01 2.951417860000000171e-01 3.172612189999999832e-01 3.373204470000000232e-01 3.554991479999999870e-01 3.719778060000000219e-01 3.869286479999999862e-01 4.005108769999999874e-01 4.128690059999999828e-01 4.241325260000000097e-01 4.344167110000000109e-01 4.438236649999999783e-01 4.524436000000000013e-01 4.603561460000000216e-01 4.676315489999999797e-01 4.743318859999999804e-01 4.805120529999999945e-01 4.862206880000000120e-01 4.915009140000000110e-01 4.963911180000000201e-01 5.009255409999999742e-01 5.051347609999999877e-01 5.090461969999999781e-01 5.126843450000000413e-01 5.160714389999999652e-01 5.192275050000000336e-01 5.221704839999999903e-01 5.249167679999999780e-01 5.274813179999999768e-01 5.298776630000000543e-01 5.321180819999999922e-01 5.342139009999999910e-01 5.361754890000000051e-01 5.380122659999999613e-01 5.397329929999999942e-01 5.413456559999999529e-01 5.428577660000000193e-01 5.442759990000000103e-01 5.456067319999999832e-01 5.468558669999999955e-01 5.480288269999999962e-01 5.491306190000000420e-01 5.501659509999999864e-01 5.511391759999999529e-01 5.520544050000000258e-01 5.529153940000000045e-01 5.537258390000000530e-01 5.544888970000000361e-01 5.552077890000000071e-01 5.558854939999999800e-01 5.565246339999999625e-01 5.571278929999999852e-01 5.576975939999999632e-01 5.582361820000000252e-01 5.587456819999999658e-01 5.592281820000000181e-01 5.596855880000000116e-01 5.601197479999999729e-01 5.605323309999999948e-01 5.609249469999999516e-01 5.612991449999999993e-01 5.616563559999999677e-01 5.619979499999999684e-01 5.623252389999999767e-01 5.626394150000000316e-01 5.629417300000000290e-01 5.632331969999999632e-01 5.635148290000000504e-01 5.637877580000000277e-01 5.640527610000000136e-01 5.643108489999999478e-01 5.645628569999999735e-01 5.648094420000000504e-01 5.650515560000000104e-01 5.652897359999999871e-01 5.655248170000000130e-01 5.657573339999999451e-01 5.659878849999999684e-01 5.662171240000000161e-01 5.664455889999999716e-01 5.666737560000000284e-01 5.669020409999999677e-01 5.671310419999999741e-01 5.673611160000000542e-01 5.675926799999999606e-01 5.678260920000000045e-01 5.680617690000000497e-01 5.683000089999999949e-01 5.685411099999999607e-01 5.687854289999999535e-01 5.690332059999999581e-01 5.692847370000000407e-01
2.095567879999999938e-01 8.199260379999999404e-02 1.011461020000000016e-01 1.392196270000000125e-01 1.773258450000000097e-01 2.130317989999999939e-01 2.457921060000000102e-01 2.754950820000000022e-01 3.022348579999999951e-01 3.262141350000000162e-01 3.476833109999999949e-01 3.669038410000000083e-01 3.841274980000000117e-01 3.995864089999999758e-01 4.134890139999999881e-01 4.260195789999999816e-01 4.373396039999999929e-01 4.475899039999999829e-01 4.568927879999999941e-01 4.653546809999999923e-01 4.730679389999999929e-01 4.801131189999999771e-01 4.865603450000000052e-01 4.924709500000000184e-01 4.978986979999999729e-01 5.028908250000000413e-01 5.074890260000000097e-01 5.117300150000000381e-01 5.156465169999999709e-01 5.192674990000000212e-01 5.226188899999999471e-01 5.257238749999999516e-01 5.286031960000000529e-01 5.312755110000000336e-01 5.337577460000000329e-01 5.360651610000000122e-01 5.382115240000000522e-01 5.402094130000000272e-01 5.420702099999999968e-01 5.438044669999999581e-01 5.454215999999999509e-01 5.469303730000000252e-01 5.483388300000000548e-01 5.496543649999999781e-01 5.508837100000000264e-01 5.520331259999999851e-01 5.531083350000000065e-01 5.541148190000000362e-01 5.550574059999999754e-01 5.559407469999999574e-01 5.567690730000000032e-01 5.575463769999999819e-01 5.582762959999999497e-01 5.589623449999999716e-01 5.596076250000000529e-01 5.602151749999999542e-01 5.607877970000000323e-01 5.613281129999999619e-01 5.618385080000000142e-01 5.623213649999999619e-01 5.627788310000000349e-01 5.632128119999999516e-01 5.636252760000000084e-01 5.640180110000000413e-01 5.643926860000000323e-01 5.647508500000000264e-01 5.650939940000000439e-01 5.654234889999999458e-01 5.657407049999999549e-01 5.660468339999999987e-01 5.663430090000000083e-01 5.666304229999999942e-01 5.669100280000000103e-01 5.671827790000000258e-01 5.674496890000000349e-01 5.677115320000000187e-01 5.679692029999999781e-01 5.682234170000000084e-01 5.684748889999999832e-01 5.687243939999999665e-01 5.689724680000000090e-01 5.692197079999999909e-01 5.694667700000000110e-01 5.697141890000000375e-01 5.699623820000000451e-01 5.702119469999999968e-01 5.704631810000000414e-01 5.707166190000000361e-01 5.709725620000000168e-01 5.712314840000000116e-01 5.714936259999999768e-01 5.717593429999999755e-01 5.720289349999999606e-01 5.723026989999999703e-01 5.725808740000000174e-01 5.728636980000000323e-01 5.731514100000000278e-01 5.734441279999999974e-01 5.737422110000000020e-01 5.740456579999999587e-01
1.521983000000000086e-01 8.269476150000000525e-02 1.194353030000000065e-01 1.643343120000000102e-01 2.060441229999999957e-01 2.436515989999999965e-01 2.771916389999999897e-01 3.069121240000000084e-01 3.331620100000000084e-01 3.563259540000000003e-01 3.767822379999999916e-01 3.948804140000000129e-01 4.109320340000000016e-01 4.252087179999999855e-01 4.379446510000000181e-01 4.493403140000000184e-01 4.595667720000000123e-01 4.687700870000000020e-01 4.770750400000000058e-01 4.845883850000000104e-01 4.914018510000000006e-01 4.975943859999999996e-01 5.032342079999999607e-01 5.083805919999999645e-01 5.130849480000000407e-01 5.173923369999999800e-01 5.213422180000000239e-01 5.249693389999999793e-01 5.283043379999999845e-01 5.313743950000000549e-01 5.342037680000000233e-01 5.368139149999999749e-01 5.392242069999999554e-01 5.414519309999999974e-01 5.435127020000000142e-01 5.454205269999999883e-01 5.471881629999999497e-01 5.488271710000000025e-01 5.503480429999999535e-01 5.517603159999999729e-01 5.530726910000000052e-01 5.542932149999999503e-01 5.554291609999999491e-01 5.564872029999999858e-01 5.574735400000000451e-01 5.583938360000000323e-01 5.592533349999999626e-01 5.600568649999999593e-01 5.608088369999999490e-01 5.615134240000000387e-01 5.621743799999999736e-01 5.627953409999999490e-01 5.633795259999999638e-01 5.639299749999999722e-01 5.644495489999999949e-01 5.649408700000000394e-01 5.654064420000000091e-01 5.658484700000000478e-01 5.662690999999999697e-01 5.666704179999999536e-01 5.670541519999999780e-01 5.674220920000000445e-01 5.677759049999999696e-01 5.681170229999999988e-01 5.684468750000000181e-01 5.687667730000000033e-01 5.690780279999999580e-01 5.693817140000000387e-01 5.696789030000000142e-01 5.699706669999999864e-01 5.702579620000000071e-01 5.705416199999999716e-01 5.708225369999999632e-01 5.711013670000000264e-01 5.713789460000000542e-01 5.716559289999999516e-01 5.719329709999999567e-01 5.722105499999999845e-01 5.724893810000000194e-01 5.727698799999999535e-01 5.730525260000000065e-01 5.733377929999999845e-01 5.736261009999999994e-01 5.739178059999999748e-01 5.742133259999999684e-01 5.745129589999999897e-01 5.748170019999999658e-01 5.751257539999999890e-01 5.754394529999999897e-01 5.757583979999999491e-01 5.760827659999999684e-01 5.764127369999999528e-01 5.767485500000000265e-01 5.770903830000000401e-01 5.774383539999999870e-01 5.777925849999999697e-01 5.781531930000000097e-01 5.785203580000000123e-01 5.788940790000000058e-01 5.792745350000000348e-01
1.118019970000000002e-01 8.966195579999999832e-02 1.409592480000000092e-01 1.917722520000000042e-01 2.362830340000000029e-01 2.749982770000000132e-01 3.086007829999999896e-01 3.377355040000000197e-01 3.630121649999999978e-01 3.849869069999999893e-01 4.041492640000000081e-01 4.209195079999999978e-01 4.356530900000000206e-01 4.486480649999999848e-01 4.601535800000000065e-01 4.703777430000000148e-01 4.794947800000000093e-01 4.876508410000000016e-01 4.949691889999999761e-01 5.015541319999999859e-01 5.074943899999999619e-01 5.128656630000000272e-01 5.177330369999999515e-01 5.221526029999999929e-01 5.261729360000000355e-01 5.298362970000000116e-01 5.331795219999999613e-01 5.362350940000000232e-01 5.390315060000000491e-01 5.415938500000000433e-01 5.439445969999999742e-01 5.461036559999999929e-01 5.480886699999999445e-01 5.499156710000000503e-01 5.515989660000000239e-01 5.531513089999999799e-01 5.545844439999999542e-01 5.559087990000000090e-01 5.571340320000000013e-01 5.582687849999999896e-01 5.593209270000000233e-01 5.602976680000000265e-01 5.612056850000000097e-01 5.620509390000000272e-01 5.628389719999999929e-01 5.635748510000000433e-01 5.642633440000000000e-01 5.649085640000000019e-01 5.655146239999999658e-01 5.660850410000000110e-01 5.666232110000000155e-01 5.671322939999999813e-01 5.676150319999999638e-01 5.680741670000000187e-01 5.685121419999999981e-01 5.689311620000000458e-01 5.693333750000000304e-01 5.697206259999999522e-01 5.700948240000000000e-01 5.704575179999999968e-01 5.708103780000000071e-01 5.711547139999999523e-01 5.714919569999999949e-01 5.718231799999999865e-01 5.721496940000000420e-01 5.724724530000000478e-01 5.727924110000000013e-01 5.731105210000000394e-01 5.734276179999999723e-01 5.737444160000000348e-01 5.740617510000000090e-01 5.743801589999999457e-01 5.747002960000000549e-01 5.750227570000000510e-01 5.753480199999999600e-01 5.756766199999999722e-01 5.760089160000000374e-01 5.763453250000000194e-01 5.766863230000000007e-01 5.770321489999999942e-01 5.773831609999999781e-01 5.777395960000000219e-01 5.781016949999999710e-01 5.784698129999999994e-01 5.788440110000000471e-01 5.792245860000000413e-01 5.796116590000000013e-01 5.800054070000000284e-01 5.804059510000000310e-01 5.808133479999999516e-01 5.812278389999999684e-01 5.816493630000000303e-01 5.820780399999999632e-01 5.825139280000000142e-01 5.829571489999999523e-01 5.834075810000000084e-01 5.838654039999999767e-01 5.843305589999999716e-01 5.848031040000000180e-01 5.852829219999999832e-01
8.590872589999999642e-02 1.014995280000000055e-01 1.652220040000000056e-01 2.209829389999999893e-01 2.673923369999999800e-01 3.063988089999999942e-01 3.393873570000000006e-01 3.674094079999999929e-01 3.913198110000000174e-01 4.118223489999999765e-01 4.294939039999999819e-01 4.448049960000000080e-01 4.581384960000000062e-01 4.698060150000000212e-01 4.800620380000000242e-01 4.891151189999999871e-01 4.971371290000000109e-01 5.042706129999999787e-01 5.106343030000000116e-01 5.163279769999999935e-01 5.214357969999999787e-01 5.260292290000000426e-01 5.301693680000000297e-01 5.339086060000000078e-01 5.372921819999999515e-01 5.403593780000000013e-01 5.431442859999999762e-01 5.456768870000000549e-01 5.479834080000000052e-01 5.500870350000000020e-01 5.520082710000000503e-01 5.537652969999999897e-01 5.553744440000000226e-01 5.568501949999999923e-01 5.582054850000000012e-01 5.594520570000000026e-01 5.606003999999999987e-01 5.616601110000000174e-01 5.626397130000000413e-01 5.635470150000000400e-01 5.643890499999999477e-01 5.651723149999999807e-01 5.659027100000000310e-01 5.665854809999999464e-01 5.672255160000000407e-01 5.678272840000000432e-01 5.683948989999999535e-01 5.689319969999999671e-01 5.694420930000000380e-01 5.699282289999999529e-01 5.703932640000000109e-01 5.708398820000000207e-01 5.712704659999999768e-01 5.716872219999999949e-01 5.720921159999999839e-01 5.724870560000000497e-01 5.728737710000000316e-01 5.732537509999999781e-01 5.736284849999999658e-01 5.739992259999999735e-01 5.743672250000000368e-01 5.747335550000000071e-01 5.750991699999999929e-01 5.754650239999999917e-01 5.758320089999999780e-01 5.762007829999999942e-01 5.765721200000000213e-01 5.769466760000000471e-01 5.773248669999999638e-01 5.777074100000000323e-01 5.780946019999999574e-01 5.784869790000000123e-01 5.788849000000000355e-01 5.792887209999999509e-01 5.796986819999999652e-01 5.801150800000000052e-01 5.805382129999999696e-01 5.809682010000000174e-01 5.814052819999999677e-01 5.818496349999999762e-01 5.823013780000000361e-01 5.827605719999999767e-01 5.832273959999999535e-01 5.837019089999999633e-01 5.841841100000000342e-01 5.846741199999999639e-01 5.851719380000000026e-01 5.856776240000000078e-01 5.861910580000000426e-01 5.867123600000000438e-01 5.872415300000000116e-01 5.877783890000000122e-01 5.883230569999999826e-01 5.888754130000000142e-01 5.894353989999999710e-01 5.900029540000000239e-01 5.905780790000000335e-01 5.911606550000000349e-01 5.917506219999999484e-01 5.923478599999999483e-01
7.132197919999999636e-02 1.171916130000000000e-01 1.916736960000000045e-01 2.513304049999999790e-01 2.986951170000000100e-01 3.372161089999999861e-01 3.690002560000000265e-01 3.954849539999999997e-01 4.177368879999999729e-01 4.365750549999999897e-01 4.526368980000000097e-01 4.664224089999999823e-01 4.783266190000000084e-01 4.886636440000000081e-01 4.976853729999999865e-01 5.055952070000000464e-01 5.125588770000000238e-01 5.187122819999999690e-01 5.241680149999999871e-01 5.290198329999999949e-01 5.333464740000000148e-01 5.372146370000000504e-01 5.406809449999999684e-01 5.437937969999999677e-01 5.465949770000000374e-01 5.491206650000000078e-01 5.514020920000000103e-01 5.534667970000000103e-01 5.553387400000000529e-01 5.570390219999999948e-01 5.585863589999999768e-01 5.599972009999999445e-01 5.612863900000000239e-01 5.624669190000000096e-01 5.635505320000000484e-01 5.645476579999999522e-01 5.654678340000000025e-01 5.663193460000000012e-01 5.671100019999999464e-01 5.678465369999999846e-01 5.685351490000000174e-01 5.691816210000000265e-01 5.697908400000000206e-01 5.703675750000000155e-01 5.709158779999999878e-01 5.714395639999999554e-01 5.719421510000000097e-01 5.724266169999999709e-01 5.728958849999999936e-01 5.733524559999999548e-01 5.737987159999999864e-01 5.742367510000000452e-01 5.746684069999999922e-01 5.750954750000000226e-01 5.755195020000000161e-01 5.759419199999999961e-01 5.763639210000000013e-01 5.767866969999999593e-01 5.772113199999999722e-01 5.776386860000000123e-01 5.780695679999999781e-01 5.785047410000000445e-01 5.789448619999999490e-01 5.793905849999999580e-01 5.798422690000000213e-01 5.803005100000000471e-01 5.807656650000000420e-01 5.812380310000000438e-01 5.817179080000000058e-01 5.822056530000000452e-01 5.827013250000000477e-01 5.832052229999999948e-01 5.837174649999999909e-01 5.842381119999999761e-01 5.847673420000000233e-01 5.853051540000000497e-01 5.858515499999999987e-01 5.864066479999999748e-01 5.869703889999999813e-01 5.875427130000000497e-01 5.881237390000000342e-01 5.887132290000000046e-01 5.893113020000000368e-01 5.899177789999999755e-01 5.905326010000000458e-01 5.911556479999999780e-01 5.917869209999999658e-01 5.924262399999999928e-01 5.930734869999999548e-01 5.937286019999999942e-01 5.943914059999999555e-01 5.950617790000000129e-01 5.957396630000000304e-01 5.964248180000000232e-01 5.971171859999999665e-01 5.978166459999999516e-01 5.985229610000000200e-01 5.992360119999999846e-01 5.999557380000000162e-01 6.006819009999999626e-01
6.513870509999999947e-02 1.359421610000000058e-01 2.196985330000000014e-01 2.821367679999999822e-01 3.295407590000000164e-01 3.668919210000000097e-01 3.969962000000000213e-01 4.216312770000000265e-01 4.420314129999999841e-01 4.590952400000000155e-01 4.734945600000000088e-01 4.857403929999999925e-01 4.962270559999999997e-01 5.052625539999999749e-01 5.130901930000000277e-01 5.199044940000000503e-01 5.258621570000000522e-01 5.310911539999999542e-01 5.356965070000000440e-01 5.397654769999999935e-01 5.433709030000000162e-01 5.465742350000000194e-01 5.494276289999999729e-01 5.519754890000000414e-01 5.542560220000000148e-01 5.563021900000000297e-01 5.581424830000000226e-01 5.598018769999999478e-01 5.613020659999999884e-01 5.626621840000000097e-01 5.638989810000000213e-01 5.650272370000000155e-01 5.660601849999999935e-01 5.670094490000000542e-01 5.678853990000000129e-01 5.686972139999999509e-01 5.694531200000000348e-01 5.701605680000000342e-01 5.708261129999999683e-01 5.714555980000000091e-01 5.720543270000000291e-01 5.726270679999999613e-01 5.731780530000000207e-01 5.737110380000000065e-01 5.742294789999999871e-01 5.747364160000000277e-01 5.752345920000000445e-01 5.757264490000000290e-01 5.762141939999999574e-01 5.766996739999999955e-01 5.771847369999999477e-01 5.776708720000000019e-01 5.781594509999999909e-01 5.786516670000000362e-01 5.791485910000000459e-01 5.796511170000000490e-01 5.801600810000000497e-01 5.806761379999999528e-01 5.811999439999999684e-01 5.817320350000000362e-01 5.822727079999999722e-01 5.828225019999999645e-01 5.833815930000000316e-01 5.839502810000000155e-01 5.845286849999999923e-01 5.851169819999999522e-01 5.857152340000000290e-01 5.863235589999999942e-01 5.869418979999999619e-01 5.875702499999999606e-01 5.882086749999999586e-01 5.888569949999999942e-01 5.895151499999999878e-01 5.901830789999999993e-01 5.908606650000000071e-01 5.915476680000000265e-01 5.922440890000000291e-01 5.929496290000000336e-01 5.936642290000000433e-01 5.943876500000000451e-01 5.951197740000000458e-01 5.958603019999999528e-01 5.966091749999999916e-01 5.973660950000000414e-01 5.981308819999999749e-01 5.989033580000000523e-01 5.996832850000000104e-01 6.004704830000000548e-01 6.012647749999999736e-01 6.020659210000000039e-01 6.028737429999999620e-01 6.036880019999999458e-01 6.045084600000000252e-01 6.053350570000000097e-01 6.061674950000000006e-01 6.070055370000000394e-01 6.078490610000000238e-01 6.086978910000000464e-01 6.095517870000000116e-01 6.104105709999999574e-01
6.510666760000000108e-02 1.570613090000000100e-01 2.486328780000000016e-01 3.127327560000000006e-01 3.593497869999999761e-01 3.949745299999999903e-01 4.230499569999999765e-01 4.456323979999999851e-01 4.640754160000000184e-01 4.793234769999999978e-01 4.920598270000000052e-01 5.027915240000000452e-01 5.119025109999999490e-01 5.196884870000000323e-01 5.263803599999999916e-01 5.321610570000000484e-01 5.371772649999999594e-01 5.415477159999999568e-01 5.453695650000000006e-01 5.487232210000000387e-01 5.516755580000000103e-01 5.542827839999999728e-01 5.565924639999999535e-01 5.586449500000000290e-01 5.604749319999999813e-01 5.621121529999999478e-01 5.635823610000000317e-01 5.649077890000000490e-01 5.661079879999999509e-01 5.671999450000000387e-01 5.681983830000000291e-01 5.691164730000000116e-01 5.699656610000000123e-01 5.707560779999999445e-01 5.714966649999999593e-01 5.721952319999999981e-01 5.728587510000000549e-01 5.734934809999999716e-01 5.741048460000000020e-01 5.746976139999999678e-01 5.752760770000000523e-01 5.758439899999999723e-01 5.764046309999999451e-01 5.769610400000000361e-01 5.775156620000000407e-01 5.780708190000000135e-01 5.786284210000000039e-01 5.791902540000000155e-01 5.797576899999999922e-01 5.803321000000000174e-01 5.809145570000000536e-01 5.815058950000000504e-01 5.821070080000000369e-01 5.827184319999999529e-01 5.833407640000000116e-01 5.839744209999999658e-01 5.846197010000000471e-01 5.852768419999999638e-01 5.859459639999999858e-01 5.866271849999999954e-01 5.873205660000000439e-01 5.880261060000000484e-01 5.887436870000000155e-01 5.894731880000000368e-01 5.902144910000000078e-01 5.909674759999999916e-01 5.917318459999999503e-01 5.925074820000000297e-01 5.932940840000000549e-01 5.940914149999999561e-01 5.948991780000000285e-01 5.957171319999999826e-01 5.965449210000000058e-01 5.973823670000000252e-01 5.982290510000000117e-01 5.990847350000000349e-01 5.999490619999999774e-01 6.008217930000000484e-01 6.017025710000000194e-01 6.025911569999999884e-01 6.034871339999999806e-01 6.043903229999999516e-01 6.053003670000000058e-01 6.062169670000000510e-01 6.071398850000000458e-01 6.080688239999999523e-01 6.090034250000000426e-01 6.099435690000000188e-01 6.108888390000000168e-01 6.118391159999999607e-01 6.127940419999999833e-01 6.137533779999999606e-01 6.147169470000000135e-01 6.156844500000000497e-01 6.166557070000000529e-01 6.176304219999999567e-01 6.186084750000000465e-01 6.195895670000000077e-01 6.205735209999999613e-01 6.215601560000000303e-01
6.961155680000000179e-02 1.799007649999999903e-01 2.778017819999999971e-01 3.425048889999999790e-01 3.876445000000000030e-01 4.211297039999999936e-01 4.469504950000000032e-01 4.673738179999999964e-01 4.838270250000000217e-01 4.972712990000000000e-01 5.083833340000000200e-01 5.176553130000000058e-01 5.254542229999999980e-01 5.320594309999999716e-01 5.376873610000000303e-01 5.425081849999999761e-01 5.466575620000000413e-01 5.502449870000000187e-01 5.533595089999999717e-01 5.560746189999999922e-01 5.584512950000000142e-01 5.605403780000000058e-01 5.623849629999999600e-01 5.640214089999999736e-01 5.654807090000000258e-01 5.667893889999999768e-01 5.679702159999999722e-01 5.690429809999999478e-01 5.700246690000000394e-01 5.709299450000000498e-01 5.717716219999999794e-01 5.725609059999999806e-01 5.733073950000000529e-01 5.740196109999999852e-01 5.747048850000000542e-01 5.753695370000000420e-01 5.760192280000000498e-01 5.766587850000000071e-01 5.772923229999999961e-01 5.779235360000000155e-01 5.785555839999999561e-01 5.791910890000000478e-01 5.798323749999999555e-01 5.804813500000000071e-01 5.811397430000000419e-01 5.818088049999999845e-01 5.824897890000000356e-01 5.831835269999999793e-01 5.838907359999999658e-01 5.846120719999999826e-01 5.853478309999999851e-01 5.860983730000000058e-01 5.868638750000000348e-01 5.876442790000000471e-01 5.884397030000000361e-01 5.892499690000000401e-01 5.900749560000000393e-01 5.909144880000000155e-01 5.917681460000000504e-01 5.926357509999999884e-01 5.935168859999999658e-01 5.944112539999999445e-01 5.953183770000000097e-01 5.962378980000000439e-01 5.971693399999999929e-01 5.981122850000000213e-01 5.990662570000000464e-01 6.000308389999999825e-01 6.010055539999999974e-01 6.019899850000000052e-01 6.029835940000000116e-01 6.039859650000000135e-01 6.049966810000000361e-01 6.060153249999999936e-01 6.070413590000000026e-01 6.080744270000000284e-01 6.091141700000000103e-01 6.101600529999999800e-01 6.112117769999999561e-01 6.122689839999999606e-01 6.133311989999999936e-01 6.143981219999999910e-01 6.154693959999999464e-01 6.165446639999999645e-01 6.176236269999999529e-01 6.187059879999999845e-01 6.197913290000000019e-01 6.208794709999999606e-01 6.219701170000000445e-01 6.230629090000000536e-01 6.241576669999999716e-01 6.252540949999999542e-01 6.263520120000000135e-01 6.274510620000000038e-01 6.285511259999999600e-01 6.296519040000000400e-01 6.307532790000000000e-01 6.318549509999999980e-01 6.329568620000000090e-01 6.340586540000000548e-01
7.753199339999999884e-02 2.038306739999999895e-01 3.065625129999999809e-01 3.709313870000000013e-01 4.140634240000000132e-01 4.451375900000000274e-01 4.685870109999999977e-01 4.868240360000000155e-01 5.013108849999999839e-01 5.130029919999999910e-01 5.225577350000000232e-01 5.304453369999999612e-01 5.370119810000000271e-01 5.425186159999999536e-01 5.471661690000000355e-01 5.511115789999999626e-01 5.544794199999999451e-01 5.573696489999999670e-01 5.598635669999999509e-01 5.620275740000000297e-01 5.639167430000000536e-01 5.655767919999999949e-01 5.670459869999999736e-01 5.683566330000000555e-01 5.695359709999999742e-01 5.706072450000000407e-01 5.715901260000000317e-01 5.725014210000000103e-01 5.733556149999999851e-01 5.741649269999999916e-01 5.749399659999999690e-01 5.756897330000000368e-01 5.764218570000000375e-01 5.771430130000000380e-01 5.778587459999999787e-01 5.785738230000000426e-01 5.792922379999999594e-01 5.800173280000000542e-01 5.807518959999999897e-01 5.814983249999999826e-01 5.822584629999999484e-01 5.830337410000000498e-01 5.838254689999999858e-01 5.846344829999999826e-01 5.854614379999999452e-01 5.863067509999999594e-01 5.871707800000000033e-01 5.880534649999999974e-01 5.889549259999999897e-01 5.898748639999999988e-01 5.908130999999999799e-01 5.917692180000000413e-01 5.927428009999999858e-01 5.937334300000000065e-01 5.947405099999999445e-01 5.957634450000000026e-01 5.968016980000000471e-01 5.978546139999999509e-01 5.989214779999999516e-01 6.000016929999999471e-01 6.010946040000000323e-01 6.021995540000000258e-01 6.033158299999999974e-01 6.044427159999999910e-01 6.055796740000000122e-01 6.067259910000000200e-01 6.078810690000000516e-01 6.090442539999999516e-01 6.102149489999999510e-01 6.113925580000000304e-01 6.125765439999999451e-01 6.137663129999999523e-01 6.149613860000000543e-01 6.161611080000000129e-01 6.173651810000000406e-01 6.185729500000000103e-01 6.197840570000000548e-01 6.209980250000000090e-01 6.222143770000000407e-01 6.234328150000000290e-01 6.246529219999999993e-01 6.258742809999999768e-01 6.270965929999999799e-01 6.283194420000000058e-01 6.295425890000000413e-01 6.307657359999999658e-01 6.319885250000000232e-01 6.332107190000000330e-01 6.344320180000000420e-01 6.356522439999999774e-01 6.368710990000000516e-01 6.380884049999999696e-01 6.393039820000000484e-01 6.405175330000000278e-01 6.417289379999999710e-01 6.429379579999999761e-01 6.441445350000000181e-01 6.453483700000000045e-01 6.465494630000000464e-01 6.477475169999999949e-01
8.808487650000000613e-02 2.282462869999999922e-01 3.343447150000000145e-01 3.976028859999999887e-01 4.383608399999999738e-01 4.668794569999999977e-01 4.879304170000000052e-01 5.040150880000000555e-01 5.166006090000000439e-01 5.266209840000000142e-01 5.347065930000000078e-01 5.413014889999999690e-01 5.467293260000000155e-01 5.512321000000000026e-01 5.549947619999999748e-01 5.581610799999999761e-01 5.608446000000000264e-01 5.631359820000000349e-01 5.651082990000000361e-01 5.668212769999999567e-01 5.683236720000000020e-01 5.696560139999999883e-01 5.708516240000000019e-01 5.719385150000000362e-01 5.729399920000000090e-01 5.738756059999999826e-01 5.747616290000000516e-01 5.756119490000000116e-01 5.764378909999999800e-01 5.772492289999999748e-01 5.780539510000000103e-01 5.788586740000000175e-01 5.796689390000000497e-01 5.804892179999999735e-01 5.813232059999999812e-01 5.821738239999999509e-01 5.830432770000000264e-01 5.839334130000000123e-01 5.848454830000000548e-01 5.857804420000000123e-01 5.867388249999999639e-01 5.877208710000000336e-01 5.887266399999999678e-01 5.897559519999999722e-01 5.908085109999999807e-01 5.918837789999999988e-01 5.929812190000000038e-01 5.940999980000000180e-01 5.952394600000000535e-01 5.963987109999999703e-01 5.975768569999999613e-01 5.987730030000000259e-01 5.999861359999999477e-01 6.012153630000000026e-01 6.024596690000000310e-01 6.037181019999999787e-01 6.049897669999999561e-01 6.062735919999999723e-01 6.075686810000000548e-01 6.088741420000000071e-01 6.101891400000000187e-01 6.115126610000000129e-01 6.128439900000000051e-01 6.141822340000000491e-01 6.155266169999999981e-01 6.168764230000000071e-01 6.182309390000000349e-01 6.195893879999999632e-01 6.209511760000000491e-01 6.223156450000000284e-01 6.236821409999999677e-01 6.250501870000000348e-01 6.264191869999999884e-01 6.277886029999999451e-01 6.291579600000000161e-01 6.305267810000000361e-01 6.318947080000000271e-01 6.332612039999999665e-01 6.346259709999999554e-01 6.359886529999999594e-01 6.373488309999999490e-01 6.387062070000000258e-01 6.400605440000000090e-01 6.414114829999999490e-01 6.427587869999999981e-01 6.441022749999999464e-01 6.454415919999999529e-01 6.467766169999999981e-01 6.481071710000000374e-01 6.494329570000000329e-01 6.507539749999999845e-01 6.520698670000000252e-01 6.533806319999999612e-01 6.546861529999999929e-01 6.559861900000000245e-01 6.572806839999999484e-01 6.585695740000000464e-01 6.598526839999999671e-01 6.611300110000000174e-01 6.624014379999999536e-01
1.007065469999999935e-01 2.525920870000000207e-01 3.606806989999999935e-01 4.222286339999999916e-01 4.603959619999999919e-01 4.863193330000000203e-01 5.050138830000000523e-01 5.190253849999999503e-01 5.298051240000000162e-01 5.382562279999999477e-01 5.449777839999999651e-01 5.503864880000000070e-01 5.547828670000000129e-01 5.583900210000000142e-01 5.613770479999999896e-01 5.638746620000000265e-01 5.659852619999999890e-01 5.677902099999999619e-01 5.693543549999999787e-01 5.707302090000000439e-01 5.719602110000000517e-01 5.730791090000000310e-01 5.741151570000000426e-01 5.750916000000000361e-01 5.760273339999999465e-01 5.769379730000000484e-01 5.778360959999999658e-01 5.787320729999999580e-01 5.796341299999999697e-01 5.805490020000000362e-01 5.814818739999999542e-01 5.824367999999999768e-01 5.834169390000000233e-01 5.844244360000000471e-01 5.854609610000000020e-01 5.865274670000000246e-01 5.876244309999999471e-01 5.887518529999999917e-01 5.899096129999999993e-01 5.910971160000000335e-01 5.923135280000000336e-01 5.935580729999999638e-01 5.948295590000000077e-01 5.961268539999999838e-01 5.974486469999999994e-01 5.987936259999999677e-01 6.001604200000000278e-01 6.015475390000000200e-01 6.029537320000000200e-01 6.043775080000000077e-01 6.058174370000000142e-01 6.072722080000000355e-01 6.087404490000000168e-01 6.102208500000000369e-01 6.117122170000000025e-01 6.132131809999999961e-01 6.147226690000000549e-01 6.162394879999999464e-01 6.177625060000000445e-01 6.192908289999999871e-01 6.208232639999999858e-01 6.223590369999999483e-01 6.238971349999999916e-01 6.254367830000000517e-01 6.269770860000000168e-01 6.285173889999999819e-01 6.300569179999999658e-01 6.315950160000000091e-01 6.331310270000000129e-01 6.346644160000000090e-01 6.361946459999999748e-01 6.377211210000000019e-01 6.392434240000000045e-01 6.407611370000000361e-01 6.422737840000000142e-01 6.437810659999999574e-01 6.452825070000000052e-01 6.467779280000000020e-01 6.482669709999999696e-01 6.497493389999999813e-01 6.512248520000000207e-01 6.526932720000000465e-01 6.541543600000000458e-01 6.556078789999999490e-01 6.570538280000000064e-01 6.584919099999999581e-01 6.599220630000000032e-01 6.613441110000000123e-01 6.627580520000000419e-01 6.641637089999999910e-01 6.655610199999999477e-01 6.669499279999999697e-01 6.683303710000000342e-01 6.697023509999999735e-01 6.710657479999999619e-01 6.724205610000000277e-01 6.737667320000000348e-01 6.751043199999999800e-01 6.764333249999999742e-01 6.777536269999999696e-01
1.149778659999999980e-01 2.763927279999999764e-01 3.852230910000000175e-01 4.446308909999999726e-01 4.801163079999999916e-01 5.034854410000000335e-01 5.199163559999999684e-01 5.319669249999999794e-01 5.410597919999999839e-01 5.480625630000000026e-01 5.535417799999999833e-01 5.578864810000000451e-01 5.613745449999999471e-01 5.642102359999999761e-01 5.665470959999999723e-01 5.685026050000000497e-01 5.701680180000000542e-01 5.716147419999999535e-01 5.728991629999999891e-01 5.740661620000000465e-01 5.751512650000000226e-01 5.761829019999999968e-01 5.771837829999999503e-01 5.781717299999999948e-01 5.791609880000000432e-01 5.801625849999999529e-01 5.811851620000000329e-01 5.822351569999999477e-01 5.833173390000000458e-01 5.844352250000000026e-01 5.855909590000000220e-01 5.867858529999999684e-01 5.880205040000000549e-01 5.892947910000000400e-01 5.906081199999999587e-01 5.919595960000000323e-01 5.933477879999999871e-01 5.947712659999999651e-01 5.962282420000000194e-01 5.977168680000000123e-01 5.992351769999999522e-01 6.007811429999999620e-01 6.023526790000000020e-01 6.039478780000000491e-01 6.055645349999999594e-01 6.072007419999999600e-01 6.088544729999999516e-01 6.105238800000000188e-01 6.122071150000000239e-01 6.139023300000000516e-01 6.156078579999999523e-01 6.173220870000000193e-01 6.190434099999999606e-01 6.207703949999999748e-01 6.225016709999999787e-01 6.242358089999999748e-01 6.259716149999999812e-01 6.277078990000000136e-01 6.294436450000000516e-01 6.311777229999999683e-01 6.329092979999999535e-01 6.346373560000000413e-01 6.363610629999999491e-01 6.380797620000000503e-01 6.397927399999999709e-01 6.414992210000000084e-01 6.431987289999999691e-01 6.448906660000000013e-01 6.465744970000000258e-01 6.482498650000000362e-01 6.499162320000000381e-01 6.515733599999999903e-01 6.532207730000000323e-01 6.548582910000000368e-01 6.564855579999999691e-01 6.581023929999999522e-01 6.597085599999999994e-01 6.613039370000000083e-01 6.628882289999999955e-01 6.644614340000000174e-01 6.660234329999999980e-01 6.675740479999999755e-01 6.691132189999999813e-01 6.706410050000000123e-01 6.721571680000000271e-01 6.736618880000000420e-01 6.751549839999999580e-01 6.766365170000000484e-01 6.781065459999999767e-01 6.795650119999999683e-01 6.810119150000000232e-01 6.824473739999999955e-01 6.838713880000000245e-01 6.852840190000000220e-01 6.866853240000000413e-01 6.880753040000000542e-01 6.894540789999999975e-01 6.908217070000000071e-01 6.921782490000000232e-01 6.935237650000000142e-01
1.305860279999999929e-01 2.992811200000000116e-01 4.077502789999999933e-01 4.647326469999999987e-01 4.975402649999999816e-01 5.184541940000000348e-01 5.327504280000000536e-01 5.429775119999999955e-01 5.505226250000000432e-01 5.562163589999999935e-01 5.605927710000000452e-01 5.640140179999999503e-01 5.667353870000000349e-01 5.689424870000000523e-01 5.707730650000000239e-01 5.723311309999999930e-01 5.736959579999999503e-01 5.749286409999999625e-01 5.760762099999999775e-01 5.771751400000000309e-01 5.782533880000000348e-01 5.793324709999999600e-01 5.804286600000000407e-01 5.815541149999999826e-01 5.827177169999999684e-01 5.839256050000000142e-01 5.851819520000000052e-01 5.864892010000000155e-01 5.878483650000000393e-01 5.892595050000000168e-01 5.907217259999999470e-01 5.922336580000000517e-01 5.937932729999999548e-01 5.953981879999999949e-01 5.970458389999999671e-01 5.987334850000000097e-01 6.004581450000000542e-01 6.022168399999999755e-01 6.040066480000000348e-01 6.058245899999999962e-01 6.076676850000000130e-01 6.095331910000000297e-01 6.114182470000000258e-01 6.133203510000000414e-01 6.152368190000000459e-01 6.171653870000000097e-01 6.191036699999999948e-01 6.210494640000000510e-01 6.230008599999999896e-01 6.249557730000000477e-01 6.269125939999999897e-01 6.288695340000000078e-01 6.308250429999999742e-01 6.327776910000000310e-01 6.347261669999999523e-01 6.366692189999999529e-01 6.386057139999999910e-01 6.405345799999999645e-01 6.424549219999999838e-01 6.443658469999999916e-01 6.462665199999999555e-01 6.481563449999999671e-01 6.500346059999999593e-01 6.519007679999999638e-01 6.537542339999999896e-01 6.555946470000000303e-01 6.574215289999999490e-01 6.592346430000000090e-01 6.610335710000000420e-01 6.628180740000000348e-01 6.645879749999999975e-01 6.663430930000000529e-01 6.680832509999999891e-01 6.698083280000000084e-01 6.715182659999999748e-01 6.732129449999999515e-01 6.748924259999999897e-01 6.765565869999999871e-01 6.782054899999999664e-01 6.798391339999999561e-01 6.814575790000000355e-01 6.830608839999999793e-01 6.846490499999999813e-01 6.862222550000000032e-01 6.877804990000000451e-01 6.893239620000000123e-01 6.908527020000000407e-01 6.923667789999999878e-01 6.938664319999999774e-01 6.953517200000000065e-01 6.968227620000000400e-01 6.982796789999999865e-01 6.997226479999999471e-01 7.011518479999999665e-01 7.025672790000000445e-01 7.039692400000000516e-01 7.053577899999999845e-01 7.067331079999999988e-01 7.080952529999999800e-01 7.094445230000000491e-01
1.473107929999999954e-01 3.210179510000000236e-01 4.281621279999999752e-01 4.825424549999999813e-01 5.127419229999999883e-01 5.313389299999999871e-01 5.436558719999999845e-01 5.522180199999999761e-01 5.583742860000000530e-01 5.629183049999999522e-01 5.663523080000000265e-01 5.690115690000000503e-01 5.711290239999999852e-01 5.728709699999999794e-01 5.743587020000000543e-01 5.756817459999999942e-01 5.769066809999999768e-01 5.780830380000000490e-01 5.792475940000000323e-01 5.804274680000000020e-01 5.816422700000000168e-01 5.829058289999999865e-01 5.842274429999999574e-01 5.856129530000000472e-01 5.870655780000000323e-01 5.885863900000000148e-01 5.901747939999999470e-01 5.918291810000000375e-01 5.935467479999999574e-01 5.953243369999999812e-01 5.971581940000000310e-01 5.990442040000000246e-01 6.009781360000000516e-01 6.029556990000000116e-01 6.049726610000000226e-01 6.070246700000000439e-01 6.091075540000000510e-01 6.112173800000000323e-01 6.133502130000000330e-01 6.155024169999999684e-01 6.176704760000000238e-01 6.198511119999999819e-01 6.220412849999999993e-01 6.242380140000000077e-01 6.264386769999999993e-01 6.286407710000000426e-01 6.308419109999999774e-01 6.330400710000000375e-01 6.352332830000000374e-01 6.374196410000000368e-01 6.395976540000000155e-01 6.417657730000000393e-01 6.439226270000000252e-01 6.460670229999999625e-01 6.481978889999999716e-01 6.503142119999999471e-01 6.524151559999999961e-01 6.545000079999999665e-01 6.565679909999999619e-01 6.586185100000000459e-01 6.606511470000000497e-01 6.626654269999999736e-01 6.646609900000000071e-01 6.666375399999999729e-01 6.685947780000000007e-01 6.705325250000000459e-01 6.724506620000000323e-01 6.743491289999999916e-01 6.762277479999999619e-01 6.780865790000000226e-01 6.799255610000000116e-01 6.817448139999999768e-01 6.835443380000000291e-01 6.853242520000000226e-01 6.870846149999999541e-01 6.888255479999999542e-01 6.905472870000000096e-01 6.922498940000000323e-01 6.939335469999999839e-01 6.955984229999999657e-01 6.972448230000000136e-01 6.988728050000000414e-01 7.004826069999999794e-01 7.020744679999999516e-01 7.036486269999999710e-01 7.052052619999999994e-01 7.067445519999999703e-01 7.082667950000000046e-01 7.097722290000000323e-01 7.112609739999999903e-01 7.127333279999999993e-01 7.141895289999999896e-01 7.156297560000000058e-01 7.170542479999999497e-01 7.184632420000000019e-01 7.198569179999999568e-01 7.212355139999999665e-01 7.225992079999999929e-01 7.239482400000000206e-01 7.252828479999999800e-01
1.650215690000000068e-01 3.414978089999999855e-01 4.464689199999999913e-01 4.981402750000000212e-01 5.258404020000000401e-01 5.422843099999999916e-01 5.527982710000000077e-01 5.598744150000000142e-01 5.648221970000000258e-01 5.683984159999999619e-01 5.710734130000000297e-01 5.731553440000000110e-01 5.748535390000000245e-01 5.763140919999999445e-01 5.776404139999999909e-01 5.789060000000000317e-01 5.801633000000000484e-01 5.814492110000000213e-01 5.827891229999999645e-01 5.841998459999999671e-01 5.856917499999999555e-01 5.872704979999999741e-01 5.889379380000000497e-01 5.906935330000000484e-01 5.925346019999999658e-01 5.944570300000000529e-01 5.964558720000000536e-01 5.985254650000000343e-01 6.006598469999999690e-01 6.028527620000000420e-01 6.050980089999999922e-01 6.073894499999999974e-01 6.097211240000000032e-01 6.120872499999999716e-01 6.144824030000000104e-01 6.169012780000000529e-01 6.193391080000000271e-01 6.217913029999999619e-01 6.242536309999999755e-01 6.267222169999999704e-01 6.291933659999999762e-01 6.316638589999999942e-01 6.341306570000000420e-01 6.365910169999999813e-01 6.390423769999999948e-01 6.414825920000000181e-01 6.439095740000000401e-01 6.463214760000000059e-01 6.487168070000000064e-01 6.510940189999999683e-01 6.534519199999999639e-01 6.557893750000000077e-01 6.581054929999999858e-01 6.603993179999999574e-01 6.626703139999999825e-01 6.649177069999999690e-01 6.671411400000000214e-01 6.693401930000000277e-01 6.715145110000000361e-01 6.736639140000000303e-01 6.757882240000000484e-01 6.778872609999999632e-01 6.799610259999999684e-01 6.820095779999999497e-01 6.840329170000000181e-01 6.860311030000000310e-01 6.880043150000000329e-01 6.899527309999999858e-01 6.918764710000000484e-01 6.937757129999999606e-01 6.956508160000000052e-01 6.975019569999999502e-01 6.993293760000000026e-01 7.011334299999999464e-01 7.029143570000000452e-01 7.046725150000000548e-01 7.064081429999999884e-01 7.081215979999999632e-01 7.098131779999999891e-01 7.114831809999999646e-01 7.131320239999999755e-01 7.147600050000000316e-01 7.163673640000000065e-01 7.179545760000000110e-01 7.195218209999999504e-01 7.210695150000000497e-01 7.225978969999999890e-01 7.241073850000000478e-01 7.255982159999999626e-01 7.270706890000000477e-01 7.285251619999999484e-01 7.299619320000000355e-01 7.313812379999999891e-01 7.327833769999999580e-01 7.341686490000000065e-01 7.355373499999999787e-01 7.368897199999999703e-01 7.382260560000000194e-01 7.395465970000000278e-01 7.408515810000000368e-01
1.836736650000000137e-01 3.607415259999999790e-01 4.627760349999999745e-01 5.116657019999999445e-01 5.369942189999999949e-01 5.514656310000000117e-01 5.603717569999999704e-01 5.661624069999999787e-01 5.701054930000000187e-01 5.729203219999999819e-01 5.750440959999999491e-01 5.767558809999999703e-01 5.782398579999999955e-01 5.796195859999999644e-01 5.809785130000000297e-01 5.823726649999999561e-01 5.838386420000000188e-01 5.853993299999999955e-01 5.870676639999999891e-01 5.888496640000000504e-01 5.907459259999999768e-01 5.927536490000000491e-01 5.948675270000000070e-01 5.970804690000000026e-01 5.993844270000000529e-01 6.017707589999999884e-01 6.042305230000000194e-01 6.067548990000000142e-01 6.093351839999999742e-01 6.119630339999999613e-01 6.146304009999999929e-01 6.173299549999999858e-01 6.200546030000000375e-01 6.227979660000000361e-01 6.255540250000000135e-01 6.283174160000000175e-01 6.310830710000000510e-01 6.338465810000000200e-01 6.366038320000000361e-01 6.393511889999999864e-01 6.420854329999999832e-01 6.448036430000000374e-01 6.475033159999999954e-01 6.501820680000000019e-01 6.528380510000000303e-01 6.554695369999999910e-01 6.580749750000000065e-01 6.606531740000000097e-01 6.632030009999999587e-01 6.657236810000000116e-01 6.682143210000000000e-01 6.706745029999999774e-01 6.731036310000000356e-01 6.755014660000000504e-01 6.778677109999999839e-01 6.802023050000000071e-01 6.825051309999999871e-01 6.847761869999999806e-01 6.870156530000000039e-01 6.892235880000000536e-01 6.914001699999999806e-01 6.935457590000000394e-01 6.956605319999999981e-01 6.977447869999999774e-01 6.997989420000000349e-01 7.018233539999999548e-01 7.038183810000000484e-01 7.057845000000000368e-01 7.077220079999999580e-01 7.096314430000000284e-01 7.115131620000000323e-01 7.133677010000000207e-01 7.151954769999999684e-01 7.169969080000000439e-01 7.187725310000000478e-01 7.205227020000000149e-01 7.222479579999999677e-01 7.239487770000000433e-01 7.256255150000000542e-01 7.272786500000000265e-01 7.289086580000000426e-01 7.305158969999999696e-01 7.321009040000000523e-01 7.336640359999999639e-01 7.352056500000000439e-01 7.367262239999999851e-01 7.382261749999999845e-01 7.397058610000000201e-01 7.411656380000000155e-01 7.426058650000000316e-01 7.440269590000000433e-01 7.454292769999999457e-01 7.468131180000000535e-01 7.481788400000000117e-01 7.495267989999999658e-01 7.508572340000000400e-01 7.521705629999999587e-01 7.534670230000000135e-01 7.547469140000000465e-01 7.560105320000000129e-01
2.032952759999999970e-01 3.788752559999999936e-01 4.772664309999999910e-01 5.233094099999999749e-01 5.463992949999999515e-01 5.590913889999999942e-01 5.666039590000000459e-01 5.713330509999999807e-01 5.745005610000000207e-01 5.767850879999999458e-01 5.785877109999999490e-01 5.801556709999999839e-01 5.816447139999999516e-01 5.831532480000000129e-01 5.847426060000000536e-01 5.864492059999999451e-01 5.882924800000000065e-01 5.902804729999999722e-01 5.924131870000000077e-01 5.946853760000000433e-01 5.970882770000000006e-01 5.996111629999999471e-01 6.022419329999999515e-01 6.049680710000000516e-01 6.077769990000000400e-01 6.106564399999999670e-01 6.135947109999999594e-01 6.165807250000000517e-01 6.196042299999999781e-01 6.226557489999999806e-01 6.257265210000000355e-01 6.288087959999999477e-01 6.318954230000000116e-01 6.349800230000000045e-01 6.380569929999999612e-01 6.411212680000000219e-01 6.441684960000000348e-01 6.471946840000000201e-01 6.501966120000000071e-01 6.531712410000000135e-01 6.561161279999999651e-01 6.590291259999999651e-01 6.619084480000000381e-01 6.647526620000000497e-01 6.675604579999999677e-01 6.703308820000000168e-01 6.730632189999999904e-01 6.757568720000000084e-01 6.784113649999999884e-01 6.810265779999999936e-01 6.836022729999999825e-01 6.861385110000000065e-01 6.886353490000000077e-01 6.910929679999999742e-01 6.935117240000000516e-01 6.958917980000000059e-01 6.982336639999999761e-01 7.005376819999999949e-01 7.028044460000000271e-01 7.050343749999999909e-01 7.072280050000000484e-01 7.093859310000000251e-01 7.115087509999999948e-01 7.135970590000000335e-01 7.156513930000000245e-01 7.176724669999999806e-01 7.196608190000000072e-01 7.216171030000000375e-01 7.235419749999999484e-01 7.254360319999999529e-01 7.272998689999999877e-01 7.291340830000000439e-01 7.309393880000000232e-01 7.327162619999999515e-01 7.344653610000000388e-01 7.361872200000000310e-01 7.378824349999999477e-01 7.395516039999999736e-01 7.411952019999999974e-01 7.428138260000000104e-01 7.444080109999999806e-01 7.459781770000000201e-01 7.475249769999999794e-01 7.490487099999999510e-01 7.505500320000000336e-01 7.520293000000000117e-01 7.534870510000000188e-01 7.549236419999999503e-01 7.563395499999999716e-01 7.577351329999999496e-01 7.591108680000000497e-01 7.604671720000000246e-01 7.618043420000000232e-01 7.631227369999999954e-01 7.644228339999999955e-01 7.657049299999999503e-01 7.669692639999999839e-01 7.682163119999999568e-01 7.694463729999999613e-01 7.706596260000000420e-01
2.239611599999999925e-01 3.960992400000000191e-01 4.901816250000000097e-01 5.333066579999999890e-01 5.542902349999999645e-01 5.654081109999999910e-01 5.717619059999999864e-01 5.756777520000000425e-01 5.783232449999999858e-01 5.803301929999999942e-01 5.820588469999999903e-01 5.837200280000000019e-01 5.854375360000000361e-01 5.872818229999999806e-01 5.892898439999999516e-01 5.914769770000000149e-01 5.938449500000000381e-01 5.963864920000000458e-01 5.990892049999999580e-01 6.019374130000000322e-01 6.049139500000000336e-01 6.080013509999999677e-01 6.111822719999999709e-01 6.144401430000000497e-01 6.177594659999999793e-01 6.211257580000000278e-01 6.245260240000000129e-01 6.279483439999999916e-01 6.313821080000000530e-01 6.348180169999999567e-01 6.382476089999999935e-01 6.416637299999999877e-01 6.450599430000000245e-01 6.484309430000000374e-01 6.517719029999999858e-01 6.550789479999999942e-01 6.583486800000000194e-01 6.615783570000000058e-01 6.647655959999999586e-01 6.679086690000000104e-01 6.710060239999999787e-01 6.740564700000000187e-01 6.770593520000000032e-01 6.800138949999999793e-01 6.829199190000000419e-01 6.857771870000000103e-01 6.885857579999999922e-01 6.913457509999999528e-01 6.940574649999999846e-01 6.967212560000000110e-01 6.993377210000000233e-01 7.019073959999999612e-01 7.044308190000000414e-01 7.069087619999999683e-01 7.093418839999999781e-01 7.117309569999999974e-01 7.140767569999999509e-01 7.163801189999999819e-01 7.186418770000000400e-01 7.208628649999999638e-01 7.230438590000000110e-01 7.251856920000000484e-01 7.272892589999999657e-01 7.293553950000000174e-01 7.313848729999999909e-01 7.333785299999999729e-01 7.353371979999999697e-01 7.372616530000000168e-01 7.391526699999999561e-01 7.410110829999999593e-01 7.428375480000000142e-01 7.446328399999999625e-01 7.463976740000000110e-01 7.481328250000000013e-01 7.498388889999999529e-01 7.515166399999999580e-01 7.531666160000000110e-01 7.547895310000000135e-01 7.563859819999999567e-01 7.579565639999999993e-01 7.595018740000000212e-01 7.610225080000000419e-01 7.625190020000000013e-01 7.639918919999999503e-01 7.654416560000000258e-01 7.668688890000000535e-01 7.682740089999999800e-01 7.696574929999999704e-01 7.710198759999999929e-01 7.723615169999999974e-01 7.736828919999999554e-01 7.749844190000000355e-01 7.762665149999999903e-01 7.775295380000000200e-01 7.787738440000000484e-01 7.799999119999999619e-01 7.812079790000000523e-01 7.823984619999999612e-01 7.835717199999999716e-01 7.847279910000000136e-01
2.457536459999999923e-01 4.126510620000000129e-01 5.018020269999999838e-01 5.419316290000000258e-01 5.609418750000000342e-01 5.707042220000000388e-01 5.761553050000000065e-01 5.795291660000000400e-01 5.819261070000000258e-01 5.839225649999999490e-01 5.858309860000000535e-01 5.878207680000000490e-01 5.899800060000000013e-01 5.923489330000000219e-01 5.949387550000000413e-01 5.977437500000000181e-01 6.007480619999999716e-01 6.039307120000000362e-01 6.072679760000000426e-01 6.107358929999999742e-01 6.143108010000000174e-01 6.179705859999999884e-01 6.216948030000000180e-01 6.254647970000000168e-01 6.292639970000000194e-01 6.330776209999999793e-01 6.368929150000000039e-01 6.406986120000000007e-01 6.444851759999999929e-01 6.482443209999999567e-01 6.519691939999999741e-01 6.556538939999999593e-01 6.592937110000000045e-01 6.628846529999999904e-01 6.664235590000000542e-01 6.699079279999999859e-01 6.733358499999999580e-01 6.767058969999999452e-01 6.800170540000000097e-01 6.832687259999999929e-01 6.864605550000000278e-01 6.895926000000000000e-01 6.926649209999999890e-01 6.956779960000000207e-01 6.986322999999999839e-01 7.015284899999999491e-01 7.043673990000000051e-01 7.071498630000000452e-01 7.098767759999999871e-01 7.125491499999999645e-01 7.151681180000000193e-01 7.177346350000000097e-01 7.202498320000000342e-01 7.227148410000000522e-01 7.251307369999999697e-01 7.274986509999999962e-01 7.298197149999999800e-01 7.320950630000000459e-01 7.343257669999999626e-01 7.365128990000000542e-01 7.386575340000000045e-01 7.407607440000000265e-01 7.428236010000000000e-01 7.448470590000000335e-01 7.468321319999999819e-01 7.487798329999999503e-01 7.506909969999999710e-01 7.525666359999999555e-01 7.544076440000000439e-01 7.562149169999999865e-01 7.579892280000000149e-01 7.597314120000000504e-01 7.614423630000000109e-01 7.631227969999999639e-01 7.647734880000000013e-01 7.663951519999999684e-01 7.679885629999999574e-01 7.695543169999999877e-01 7.710930710000000188e-01 7.726055979999999490e-01 7.740924359999999949e-01 7.755541799999999819e-01 7.769914869999999807e-01 7.784048319999999910e-01 7.797948120000000038e-01 7.811619640000000420e-01 7.825068240000000452e-01 7.838298080000000168e-01 7.851315140000000303e-01 7.864122390000000129e-01 7.876725789999999838e-01 7.889129520000000007e-01 7.901336549999999903e-01 7.913352249999999755e-01 7.925180200000000452e-01 7.936823370000000155e-01 7.948286530000000516e-01 7.959573269999999923e-01 7.970685960000000181e-01 7.981628179999999961e-01
2.687158880000000138e-01 4.287672339999999971e-01 5.124276279999999684e-01 5.494913460000000471e-01 5.666692260000000259e-01 5.753111239999999516e-01 5.801353449999999690e-01 5.832557680000000078e-01 5.856885309999999567e-01 5.879431370000000046e-01 5.902764799999999923e-01 5.928118820000000122e-01 5.955989959999999916e-01 5.986466409999999794e-01 6.019409890000000374e-01 6.054564709999999961e-01 6.091620920000000439e-01 6.130253079999999910e-01 6.170144680000000381e-01 6.210997099999999715e-01 6.252540949999999542e-01 6.294534800000000097e-01 6.336765890000000123e-01 6.379052400000000400e-01 6.421236399999999955e-01 6.463186739999999819e-01 6.504791380000000123e-01 6.545958520000000336e-01 6.586613660000000259e-01 6.626695390000000296e-01 6.666156050000000555e-01 6.704958079999999709e-01 6.743074060000000536e-01 6.780483130000000136e-01 6.817171570000000180e-01 6.853131649999999464e-01 6.888359790000000427e-01 6.922856569999999987e-01 6.956624980000000180e-01 6.989671589999999490e-01 7.022004720000000200e-01 7.053633929999999497e-01 7.084571720000000239e-01 7.114830610000000277e-01 7.144422529999999716e-01 7.173362970000000116e-01 7.201665640000000090e-01 7.229345440000000123e-01 7.256417269999999586e-01 7.282896039999999793e-01 7.308797240000000084e-01 7.334134580000000181e-01 7.358923550000000535e-01 7.383179069999999955e-01 7.406914829999999839e-01 7.430144549999999626e-01 7.452882530000000116e-01 7.475142479999999923e-01 7.496936920000000226e-01 7.518278959999999955e-01 7.539180519999999497e-01 7.559654120000000033e-01 7.579711679999999729e-01 7.599364520000000400e-01 7.618623970000000245e-01 7.637500170000000033e-01 7.656004429999999639e-01 7.674145700000000181e-01 7.691934110000000491e-01 7.709379790000000510e-01 7.726491690000000245e-01 7.743278150000000304e-01 7.759748100000000148e-01 7.775909300000000135e-01 7.791770700000000272e-01 7.807338830000000174e-01 7.822622059999999600e-01 7.837626930000000103e-01 7.852361199999999819e-01 7.866830830000000052e-01 7.881042360000000135e-01 7.895002960000000458e-01 7.908717389999999625e-01 7.922191619999999768e-01 7.935432199999999936e-01 7.948443889999999845e-01 7.961232070000000549e-01 7.973802089999999509e-01 7.986158129999999522e-01 7.998305559999999703e-01 8.010248540000000084e-01 8.021991250000000129e-01 8.033538460000000381e-01 8.044894339999999477e-01 8.056062459999999703e-01 8.067047000000000523e-01 8.077850939999999813e-01 8.088478449999999542e-01 8.098933099999999774e-01 8.109217880000000322e-01
2.928050159999999735e-01 4.446490410000000226e-01 5.223588350000000213e-01 5.563171510000000097e-01 5.718234779999999962e-01 5.795986650000000129e-01 5.840866569999999536e-01 5.872489810000000032e-01 5.899975899999999607e-01 5.927628280000000194e-01 5.957390670000000110e-01 5.989999179999999646e-01 6.025561689999999748e-01 6.063867809999999858e-01 6.104554530000000367e-01 6.147202250000000090e-01 6.191389560000000181e-01 6.236717699999999587e-01 6.282824870000000006e-01 6.329395169999999515e-01 6.376153829999999800e-01 6.422870760000000123e-01 6.469351650000000342e-01 6.515437960000000084e-01 6.560999749999999464e-01 6.605934500000000265e-01 6.650160550000000503e-01 6.693615320000000368e-01 6.736252900000000432e-01 6.778038739999999729e-01 6.818951370000000400e-01 6.858976479999999709e-01 6.898108720000000194e-01 6.936347480000000232e-01 6.973698139999999768e-01 7.010169029999999690e-01 7.045772080000000104e-01 7.080522179999999555e-01 7.114434840000000149e-01 7.147527930000000529e-01 7.179819939999999567e-01 7.211330529999999683e-01 7.242078779999999716e-01 7.272085550000000342e-01 7.301370499999999542e-01 7.329953909999999961e-01 7.357855439999999581e-01 7.385094169999999458e-01 7.411690349999999761e-01 7.437662480000000187e-01 7.463028430000000490e-01 7.487807269999999793e-01 7.512015699999999851e-01 7.535671000000000452e-01 7.558790450000000272e-01 7.581388949999999793e-01 7.603482599999999980e-01 7.625086309999999923e-01 7.646214959999999561e-01 7.666882870000000239e-01 7.687102559999999807e-01 7.706888320000000459e-01 7.726252679999999762e-01 7.745206949999999813e-01 7.763764260000000084e-01 7.781935330000000484e-01 7.799730900000000355e-01 7.817162279999999575e-01 7.834239600000000303e-01 7.850971820000000045e-01 7.867369650000000103e-01 7.883441450000000517e-01 7.899196149999999639e-01 7.914642100000000013e-01 7.929788229999999993e-01 7.944642309999999652e-01 7.959211470000000510e-01 7.973502869999999909e-01 7.987523669999999631e-01 8.001281620000000316e-01 8.014782070000000536e-01 8.028032179999999851e-01 8.041037920000000394e-01 8.053804639999999626e-01 8.066338299999999961e-01 8.078644280000000233e-01 8.090728520000000090e-01 8.102595209999999826e-01 8.114249110000000265e-01 8.125696180000000490e-01 8.136940000000000284e-01 8.147985340000000187e-01 8.158835770000000265e-01 8.169496659999999633e-01 8.179970979999999781e-01 8.190262910000000174e-01 8.200376029999999483e-01 8.210313919999999710e-01 8.220080140000000091e-01 8.229678270000000406e-01
3.178559839999999803e-01 4.604364040000000213e-01 5.318798420000000471e-01 5.627536770000000077e-01 5.767816310000000168e-01 5.839625000000000510e-01 5.884101390000000542e-01 5.919001699999999477e-01 5.952206850000000271e-01 5.987119079999999594e-01 6.025012730000000039e-01 6.066124440000000284e-01 6.110200289999999645e-01 6.156772379999999600e-01 6.205304860000000478e-01 6.255272029999999761e-01 6.306189890000000187e-01 6.357634659999999993e-01 6.409246920000000181e-01 6.460726260000000387e-01 6.511828899999999587e-01 6.562358740000000523e-01 6.612161399999999523e-01 6.661119460000000103e-01 6.709143520000000471e-01 6.756169800000000336e-01 6.802153589999999639e-01 6.847066280000000393e-01 6.890894170000000374e-01 6.933631900000000181e-01 6.975283620000000129e-01 7.015860080000000387e-01 7.055375579999999536e-01 7.093850369999999961e-01 7.131305930000000348e-01 7.167766089999999535e-01 7.203257079999999535e-01 7.237804530000000458e-01 7.271436449999999496e-01 7.304178479999999807e-01 7.336059209999999942e-01 7.367104290000000555e-01 7.397341130000000264e-01 7.426794770000000323e-01 7.455490830000000013e-01 7.483454349999999478e-01 7.510708569999999806e-01 7.537276739999999586e-01 7.563182120000000452e-01 7.588445539999999490e-01 7.613088489999999542e-01 7.637131209999999948e-01 7.660592790000000374e-01 7.683492299999999942e-01 7.705847620000000342e-01 7.727676030000000251e-01 7.748994830000000000e-01 7.769820090000000290e-01 7.790166739999999646e-01 7.810050250000000194e-01 7.829484340000000264e-01 7.848483320000000374e-01 7.867060299999999451e-01 7.885227799999999787e-01 7.902997729999999832e-01 7.920382620000000484e-01 7.937393780000000509e-01 7.954041360000000394e-01 7.970336080000000045e-01 7.986288670000000200e-01 8.001908060000000322e-01 8.017203210000000135e-01 8.032183649999999897e-01 8.046858310000000181e-01 8.061234950000000232e-01 8.075321319999999581e-01 8.089125160000000259e-01 8.102654809999999541e-01 8.115915660000000420e-01 8.128916029999999626e-01 8.141661879999999574e-01 8.154159189999999890e-01 8.166414499999999910e-01 8.178433779999999542e-01 8.190222379999999580e-01 8.201786279999999651e-01 8.213129639999999787e-01 8.224259019999999865e-01 8.235177989999999948e-01 8.245891929999999981e-01 8.256404999999999994e-01 8.266721959999999703e-01 8.276847000000000509e-01 8.286783699999999975e-01 8.296536799999999490e-01 8.306109910000000207e-01 8.315506580000000536e-01 8.324729800000000290e-01 8.333784340000000013e-01 8.342671990000000148e-01
3.435663279999999764e-01 4.761940539999999777e-01 5.412447449999999716e-01 5.691436530000000271e-01 5.819292069999999484e-01 5.888021589999999916e-01 5.934959650000000142e-01 5.975700619999999574e-01 6.016724110000000181e-01 6.060470340000000400e-01 6.107544900000000387e-01 6.157727240000000490e-01 6.210463640000000174e-01 6.265100839999999671e-01 6.321002239999999883e-01 6.377599240000000336e-01 6.434406040000000271e-01 6.491023900000000291e-01 6.547133920000000051e-01 6.602486370000000271e-01 6.656891109999999445e-01 6.710206869999999491e-01 6.762333510000000381e-01 6.813203690000000368e-01 6.862775089999999523e-01 6.911025640000000303e-01 6.957950590000000490e-01 7.003556490000000245e-01 7.047859429999999703e-01 7.090882059999999987e-01 7.132653589999999877e-01 7.173205019999999710e-01 7.212570910000000168e-01 7.250786420000000509e-01 7.287889119999999554e-01 7.323914769999999574e-01 7.358900309999999445e-01 7.392882699999999696e-01 7.425895930000000478e-01 7.457975749999999904e-01 7.489154930000000432e-01 7.519466879999999742e-01 7.548941369999999651e-01 7.577610019999999613e-01 7.605501409999999574e-01 7.632643580000000316e-01 7.659063339999999664e-01 7.684785720000000264e-01 7.709836359999999722e-01 7.734237910000000271e-01 7.758013609999999671e-01 7.781184909999999677e-01 7.803772690000000400e-01 7.825796600000000103e-01 7.847275139999999594e-01 7.868227960000000465e-01 7.888671160000000349e-01 7.908621430000000174e-01 7.928096059999999445e-01 7.947109340000000355e-01 7.965675589999999806e-01 7.983809710000000504e-01 8.001525400000000232e-01 8.018834590000000206e-01 8.035750390000000465e-01 8.052284119999999490e-01 8.068448310000000401e-01 8.084252480000000407e-01 8.099707959999999929e-01 8.114824889999999735e-01 8.129612800000000084e-01 8.144081229999999838e-01 8.158238530000000432e-01 8.172093630000000219e-01 8.185654879999999523e-01 8.198929430000000407e-01 8.211926219999999832e-01 8.224651809999999896e-01 8.237113360000000162e-01 8.249317999999999929e-01 8.261271719999999652e-01 8.272980450000000374e-01 8.284451369999999981e-01 8.295689819999999548e-01 8.306700590000000162e-01 8.317490220000000045e-01 8.328064080000000535e-01 8.338425760000000020e-01 8.348581790000000336e-01 8.358535169999999903e-01 8.368291850000000309e-01 8.377855419999999942e-01 8.387230629999999909e-01 8.396420479999999742e-01 8.405430320000000233e-01 8.414263130000000368e-01 8.422922489999999929e-01 8.431411979999999806e-01 8.439735769999999748e-01 8.447896240000000168e-01
3.695100250000000197e-01 4.919126930000000120e-01 5.506684179999999929e-01 5.758109689999999503e-01 5.876355770000000200e-01 5.944905879999999865e-01 5.996891260000000168e-01 6.045525069999999612e-01 6.095803979999999678e-01 6.149216889999999935e-01 6.205763819999999820e-01 6.264856460000000071e-01 6.325735449999999593e-01 6.387654539999999548e-01 6.449956300000000420e-01 6.512096520000000277e-01 6.573641300000000465e-01 6.634259219999999457e-01 6.693702940000000323e-01 6.751794819999999975e-01 6.808415060000000407e-01 6.863487360000000148e-01 6.916970009999999780e-01 6.968848709999999613e-01 7.019127609999999962e-01 7.067827580000000109e-01 7.114978429999999632e-01 7.160619499999999471e-01 7.204793689999999806e-01 7.247548099999999716e-01 7.288931010000000432e-01 7.328991889999999509e-01 7.367781399999999703e-01 7.405347230000000058e-01 7.441737649999999871e-01 7.476999159999999645e-01 7.511177060000000516e-01 7.544314269999999878e-01 7.576452489999999651e-01 7.607632279999999581e-01 7.637890579999999652e-01 7.667264940000000362e-01 7.695789929999999890e-01 7.723498340000000129e-01 7.750421760000000271e-01 7.776589990000000174e-01 7.802032230000000013e-01 7.826775910000000058e-01 7.850846049999999909e-01 7.874268290000000503e-01 7.897065880000000426e-01 7.919261459999999975e-01 7.940876479999999793e-01 7.961931230000000026e-01 7.982444760000000361e-01 8.002436160000000465e-01 8.021923899999999774e-01 8.040923479999999568e-01 8.059452179999999633e-01 8.077525500000000136e-01 8.095157149999999691e-01 8.112362619999999858e-01 8.129155040000000110e-01 8.145546909999999974e-01 8.161551360000000033e-01 8.177179690000000445e-01 8.192443849999999639e-01 8.207354550000000026e-01 8.221921920000000439e-01 8.236156110000000252e-01 8.250067229999999974e-01 8.263664250000000155e-01 8.276956079999999716e-01 8.289950489999999839e-01 8.302657009999999671e-01 8.315082790000000168e-01 8.327234980000000064e-01 8.339121339999999716e-01 8.350749020000000078e-01 8.362124560000000484e-01 8.373253939999999451e-01 8.384144310000000155e-01 8.394801020000000058e-01 8.405229450000000213e-01 8.415436149999999671e-01 8.425425890000000084e-01 8.435203430000000058e-01 8.444774750000000330e-01 8.454144000000000103e-01 8.463315959999999638e-01 8.472294809999999510e-01 8.481085299999999716e-01 8.489691620000000549e-01 8.498117330000000136e-01 8.506366610000000161e-01 8.514443040000000407e-01 8.522350789999999510e-01 8.530092839999999788e-01 8.537672760000000194e-01 8.545093540000000543e-01
3.951818049999999971e-01 5.075246690000000394e-01 5.603231189999999806e-01 5.830421449999999561e-01 5.942254660000000355e-01 6.013390419999999903e-01 6.072525979999999768e-01 6.130407450000000535e-01 6.190580730000000420e-01 6.253682969999999619e-01 6.319233180000000116e-01 6.386404039999999949e-01 6.454346180000000155e-01 6.522315739999999806e-01 6.589709519999999987e-01 6.656064990000000181e-01 6.721042390000000477e-01 6.784403319999999793e-01 6.845991019999999594e-01 6.905711289999999503e-01 6.963517070000000420e-01 7.019398209999999638e-01 7.073370810000000342e-01 7.125468249999999948e-01 7.175738219999999723e-01 7.224236130000000200e-01 7.271023989999999548e-01 7.316166760000000213e-01 7.359728810000000232e-01 7.401776909999999710e-01 7.442374830000000330e-01 7.481586340000000446e-01 7.519471650000000285e-01 7.556089759999999877e-01 7.591496709999999704e-01 7.625746129999999567e-01 7.658888099999999755e-01 7.690972090000000039e-01 7.722042799999999652e-01 7.752144930000000045e-01 7.781318430000000452e-01 7.809603210000000129e-01 7.837036250000000148e-01 7.863651510000000400e-01 7.889482979999999923e-01 7.914562229999999587e-01 7.938917880000000427e-01 7.962579730000000078e-01 7.985572810000000077e-01 8.007923359999999935e-01 8.029655810000000393e-01 8.050792810000000355e-01 8.071355820000000181e-01 8.091365689999999722e-01 8.110842110000000549e-01 8.129804130000000129e-01 8.148269649999999586e-01 8.166254760000000168e-01 8.183777330000000516e-01 8.200851679999999755e-01 8.217492699999999761e-01 8.233714699999999942e-01 8.249531979999999987e-01 8.264955880000000032e-01 8.280000090000000368e-01 8.294676539999999987e-01 8.308995369999999658e-01 8.322967890000000368e-01 8.336604829999999522e-01 8.349916339999999826e-01 8.362911339999999916e-01 8.375599379999999483e-01 8.387988809999999962e-01 8.400087950000000303e-01 8.411905769999999949e-01 8.423449400000000420e-01 8.434726599999999852e-01 8.445743919999999516e-01 8.456509110000000051e-01 8.467028140000000258e-01 8.477307560000000297e-01 8.487353920000000329e-01 8.497172589999999470e-01 8.506768940000000168e-01 8.516149520000000361e-01 8.525319099999999484e-01 8.534282450000000297e-01 8.543044920000000264e-01 8.551610710000000504e-01 8.559985159999999871e-01 8.568172450000000051e-01 8.576176170000000543e-01 8.584001060000000516e-01 8.591651319999999981e-01 8.599129920000000427e-01 8.606441620000000459e-01 8.613589409999999891e-01 8.620576859999999897e-01 8.627406949999999464e-01 8.634083869999999994e-01
4.200648670000000084e-01 5.229316950000000297e-01 5.703396800000000155e-01 5.910698770000000213e-01 6.019502279999999761e-01 6.095640060000000471e-01 6.163362260000000425e-01 6.231034989999999496e-01 6.300914290000000362e-01 6.372965569999999857e-01 6.446402070000000206e-01 6.520303490000000091e-01 6.593844290000000496e-01 6.666368249999999884e-01 6.737385989999999936e-01 6.806554790000000077e-01 6.873651149999999710e-01 6.938542720000000497e-01 7.001166939999999839e-01 7.061510680000000484e-01 7.119597789999999593e-01 7.175475359999999858e-01 7.229210139999999729e-01 7.280876040000000549e-01 7.330555920000000336e-01 7.378333809999999549e-01 7.424295539999999916e-01 7.468525169999999935e-01 7.511104349999999652e-01 7.552112939999999774e-01 7.591626639999999870e-01 7.629717590000000271e-01 7.666454910000000122e-01 7.701903580000000193e-01 7.736124399999999568e-01 7.769176960000000465e-01 7.801114319999999935e-01 7.831988330000000387e-01 7.861848470000000200e-01 7.890739439999999716e-01 7.918704749999999626e-01 7.945784329999999729e-01 7.972016330000000206e-01 7.997437720000000194e-01 8.022081850000000181e-01 8.045980329999999903e-01 8.069164749999999664e-01 8.091662530000000020e-01 8.113501069999999871e-01 8.134706619999999555e-01 8.155303000000000413e-01 8.175312879999999671e-01 8.194759489999999813e-01 8.213662510000000472e-01 8.232041599999999626e-01 8.249916430000000522e-01 8.267303710000000194e-01 8.284221889999999755e-01 8.300685880000000516e-01 8.316711780000000109e-01 8.332313900000000162e-01 8.347507119999999503e-01 8.362303970000000142e-01 8.376717569999999613e-01 8.390760419999999664e-01 8.404444460000000117e-01 8.417779800000000368e-01 8.430778380000000238e-01 8.443449739999999704e-01 8.455803990000000381e-01 8.467850689999999458e-01 8.479598160000000329e-01 8.491055969999999897e-01 8.502231839999999652e-01 8.513134119999999916e-01 8.523770569999999935e-01 8.534147739999999871e-01 8.544273380000000362e-01 8.554154630000000425e-01 8.563796879999999723e-01 8.573207259999999774e-01 8.582391740000000491e-01 8.591356279999999845e-01 8.600106239999999458e-01 8.608646389999999871e-01 8.616983289999999851e-01 8.625120520000000290e-01 8.633064030000000555e-01 8.640818000000000110e-01 8.648387189999999780e-01 8.655775190000000174e-01 8.662987349999999864e-01 8.670026659999999774e-01 8.676897879999999619e-01 8.683604600000000007e-01 8.690149780000000490e-01 8.696538209999999935e-01 8.702772260000000148e-01 8.708855509999999800e-01 8.714791539999999781e-01
4.437068399999999913e-01 5.380378959999999600e-01 5.808128710000000083e-01 6.000590319999999922e-01 6.109650730000000252e-01 6.192637090000000510e-01 6.269596819999999626e-01 6.346788410000000491e-01 6.425447460000000000e-01 6.505107279999999825e-01 6.584865450000000342e-01 6.663846970000000258e-01 6.741349700000000000e-01 6.816862820000000323e-01 6.890046600000000465e-01 6.960696579999999800e-01 7.028708460000000491e-01 7.094054819999999761e-01 7.156759499999999496e-01 7.216880919999999477e-01 7.274501319999999716e-01 7.329717869999999857e-01 7.382634879999999677e-01 7.433358429999999961e-01 7.481997609999999632e-01 7.528657909999999509e-01 7.573440070000000413e-01 7.616443630000000464e-01 7.657760980000000162e-01 7.697480319999999709e-01 7.735685110000000142e-01 7.772454020000000297e-01 7.807859780000000471e-01 7.841972710000000291e-01 7.874856590000000045e-01 7.906572219999999929e-01 7.937176820000000355e-01 7.966722849999999800e-01 7.995260950000000477e-01 8.022838230000000070e-01 8.049497599999999586e-01 8.075281380000000064e-01 8.100227709999999748e-01 8.124373559999999994e-01 8.147752289999999897e-01 8.170397879999999891e-01 8.192339539999999865e-01 8.213607069999999677e-01 8.234227299999999916e-01 8.254225849999999864e-01 8.273627159999999980e-01 8.292453889999999994e-01 8.310729270000000168e-01 8.328472970000000419e-01 8.345704670000000380e-01 8.362443450000000000e-01 8.378706569999999632e-01 8.394511940000000116e-01 8.409875039999999968e-01 8.424810769999999671e-01 8.439334630000000503e-01 8.453460339999999684e-01 8.467200990000000038e-01 8.480569719999999645e-01 8.493577839999999490e-01 8.506237269999999961e-01 8.518559930000000335e-01 8.530554769999999509e-01 8.542233710000000091e-01 8.553605079999999639e-01 8.564679029999999749e-01 8.575463890000000200e-01 8.585968609999999890e-01 8.596201540000000252e-01 8.606169820000000303e-01 8.615881800000000368e-01 8.625344040000000323e-01 8.634563680000000296e-01 8.643547889999999567e-01 8.652302619999999722e-01 8.660833839999999562e-01 8.669148089999999529e-01 8.677250739999999851e-01 8.685147170000000472e-01 8.692842720000000245e-01 8.700343369999999910e-01 8.707652689999999529e-01 8.714776039999999613e-01 8.721718189999999593e-01 8.728483320000000045e-01 8.735075589999999890e-01 8.741499780000000497e-01 8.747758869999999742e-01 8.753857019999999878e-01 8.759798410000000368e-01 8.765586020000000200e-01 8.771224020000000232e-01 8.776715400000000278e-01 8.782063129999999607e-01 8.787270190000000536e-01
4.657850559999999751e-01 5.527798529999999877e-01 5.918066499999999897e-01 6.100975279999999445e-01 6.213156579999999929e-01 6.304097770000000045e-01 6.390145419999999632e-01 6.475872990000000051e-01 6.561838389999999910e-01 6.647397280000000297e-01 6.731706859999999626e-01 6.814047690000000213e-01 6.893901820000000180e-01 6.970939040000000420e-01 7.044976950000000349e-01 7.115947009999999961e-01 7.183856960000000180e-01 7.248769400000000251e-01 7.310780289999999626e-01 7.370006439999999825e-01 7.426576609999999690e-01 7.480623130000000343e-01 7.532278300000000426e-01 7.581672670000000336e-01 7.628930809999999729e-01 7.674172519999999942e-01 7.717511059999999645e-01 7.759052520000000452e-01 7.798897620000000419e-01 7.837139370000000271e-01 7.873865370000000530e-01 7.909157279999999846e-01 7.943091389999999974e-01 7.975739240000000452e-01 8.007166980000000045e-01 8.037436009999999742e-01 8.066604729999999890e-01 8.094727400000000239e-01 8.121854069999999703e-01 8.148032429999999549e-01 8.173306580000000432e-01 8.197718859999999497e-01 8.221306800000000026e-01 8.244108559999999697e-01 8.266158099999999509e-01 8.287487629999999994e-01 8.308128120000000116e-01 8.328108189999999800e-01 8.347455259999999599e-01 8.366194369999999658e-01 8.384350539999999574e-01 8.401947020000000155e-01 8.419005269999999541e-01 8.435545559999999554e-01 8.451587560000000110e-01 8.467150930000000297e-01 8.482251760000000251e-01 8.496908549999999671e-01 8.511135579999999923e-01 8.524949550000000542e-01 8.538364170000000142e-01 8.551393149999999554e-01 8.564050199999999613e-01 8.576347229999999877e-01 8.588296770000000135e-01 8.599910139999999981e-01 8.611198070000000149e-01 8.622170689999999471e-01 8.632839319999999761e-01 8.643211720000000264e-01 8.653298619999999497e-01 8.663108349999999458e-01 8.672648670000000504e-01 8.681927919999999910e-01 8.690954450000000220e-01 8.699734810000000484e-01 8.708276750000000233e-01 8.716586830000000452e-01 8.724671600000000193e-01 8.732537030000000478e-01 8.740189670000000355e-01 8.747634890000000052e-01 8.754879239999999729e-01 8.761926890000000245e-01 8.768783209999999606e-01 8.775454160000000225e-01 8.781943319999999664e-01 8.788256049999999542e-01 8.794397120000000401e-01 8.800369500000000400e-01 8.806178569999999484e-01 8.811828489999999903e-01 8.817321660000000394e-01 8.822663429999999529e-01 8.827856779999999626e-01 8.832904700000000497e-01 8.837811349999999955e-01 8.842579130000000065e-01 8.847212199999999749e-01 8.851712940000000529e-01
4.861460630000000172e-01 5.671450500000000394e-01 6.033561229999999664e-01 6.211920979999999703e-01 6.329373719999999981e-01 6.428561809999999710e-01 6.522837879999999755e-01 6.615609529999999516e-01 6.707109810000000394e-01 6.796743870000000465e-01 6.883856649999999799e-01 6.967955230000000277e-01 7.048732640000000549e-01 7.126040460000000465e-01 7.199847099999999722e-01 7.270202040000000032e-01 7.337207199999999929e-01 7.400997879999999807e-01 7.461724880000000226e-01 7.519549129999999471e-01 7.574631569999999980e-01 7.627128359999999496e-01 7.677192689999999820e-01 7.724968190000000012e-01 7.770591970000000348e-01 7.814190389999999820e-01 7.855884429999999696e-01 7.895784380000000491e-01 7.933994530000000323e-01 7.970610860000000297e-01 8.005723359999999955e-01 8.039414289999999852e-01 8.071762319999999935e-01 8.102838989999999741e-01 8.132711049999999942e-01 8.161440490000000381e-01 8.189086909999999664e-01 8.215703370000000394e-01 8.241341110000000025e-01 8.266047239999999574e-01 8.289866449999999665e-01 8.312840460000000542e-01 8.335008029999999568e-01 8.356406090000000342e-01 8.377068640000000510e-01 8.397028450000000310e-01 8.416315909999999567e-01 8.434959650000000142e-01 8.452986479999999858e-01 8.470422629999999620e-01 8.487292530000000168e-01 8.503618240000000439e-01 8.519421820000000478e-01 8.534724120000000136e-01 8.549543619999999677e-01 8.563899990000000129e-01 8.577809929999999916e-01 8.591290710000000219e-01 8.604357839999999813e-01 8.617026209999999464e-01 8.629310129999999690e-01 8.641223909999999897e-01 8.652779459999999645e-01 8.663989899999999800e-01 8.674867149999999638e-01 8.685421939999999896e-01 8.695665599999999884e-01 8.705608249999999826e-01 8.715259429999999696e-01 8.724628690000000297e-01 8.733725549999999949e-01 8.742557760000000400e-01 8.751133679999999471e-01 8.759461640000000271e-01 8.767548800000000142e-01 8.775402310000000039e-01 8.783029319999999807e-01 8.790436980000000400e-01 8.797631259999999509e-01 8.804617519999999864e-01 8.811402919999999916e-01 8.817992209999999664e-01 8.824391369999999846e-01 8.830605150000000458e-01 8.836639520000000303e-01 8.842498060000000271e-01 8.848186139999999478e-01 8.853707910000000458e-01 8.859067560000000174e-01 8.864270450000000245e-01 8.869318959999999974e-01 8.874217869999999619e-01 8.878970739999999529e-01 8.883581160000000310e-01 8.888052699999999806e-01 8.892388340000000335e-01 8.896591659999999457e-01 8.900666240000000284e-01 8.904613850000000497e-01 8.908438680000000387e-01
5.048118830000000168e-01 5.811738370000000264e-01 6.154649850000000200e-01 6.332687740000000343e-01 6.456667179999999728e-01 6.563627119999999593e-01 6.664755340000000361e-01 6.762815709999999703e-01 6.858028769999999774e-01 6.950012450000000452e-01 7.038378119999999516e-01 7.122879619999999967e-01 7.203419210000000517e-01 7.280012970000000472e-01 7.352756259999999600e-01 7.421795129999999574e-01 7.487303610000000109e-01 7.549470069999999478e-01 7.608486410000000477e-01 7.664542789999999606e-01 7.717820410000000297e-01 7.768493290000000329e-01 7.816724779999999484e-01 7.862668630000000380e-01 7.906466130000000536e-01 7.948250770000000465e-01 7.988144160000000271e-01 8.026260729999999954e-01 8.062704800000000116e-01 8.097575310000000304e-01 8.130961660000000091e-01 8.162947299999999684e-01 8.193610909999999858e-01 8.223023409999999922e-01 8.251252770000000458e-01 8.278361560000000452e-01 8.304407600000000000e-01 8.329444529999999736e-01 8.353523609999999877e-01 8.376691939999999503e-01 8.398994210000000349e-01 8.420471550000000471e-01 8.441162709999999736e-01 8.461104630000000348e-01 8.480330710000000272e-01 8.498874309999999710e-01 8.516764639999999664e-01 8.534031509999999709e-01 8.550700549999999955e-01 8.566798570000000446e-01 8.582348229999999800e-01 8.597373369999999904e-01 8.611894850000000323e-01 8.625933529999999516e-01 8.639507889999999968e-01 8.652636999999999690e-01 8.665337560000000439e-01 8.677626250000000097e-01 8.689519169999999626e-01 8.701030610000000109e-01 8.712174889999999561e-01 8.722965120000000239e-01 8.733414409999999961e-01 8.743534680000000225e-01 8.753337860000000026e-01 8.762835260000000348e-01 8.772036429999999774e-01 8.780952690000000116e-01 8.789592389999999478e-01 8.797965049999999509e-01 8.806080219999999903e-01 8.813945650000000187e-01 8.821569089999999891e-01 8.828958869999999903e-01 8.836122159999999504e-01 8.843065500000000245e-01 8.849796060000000297e-01 8.856319790000000136e-01 8.862643839999999607e-01 8.868772980000000361e-01 8.874713779999999774e-01 8.880470990000000064e-01 8.886050580000000032e-01 8.891456720000000535e-01 8.896694779999999581e-01 8.901769520000000213e-01 8.906685709999999645e-01 8.911446330000000193e-01 8.916056749999999864e-01 8.920520539999999832e-01 8.924841279999999877e-01 8.929023149999999465e-01 8.933069710000000052e-01 8.936983939999999516e-01 8.940768839999999607e-01 8.944428559999999528e-01 8.947966099999999923e-01 8.951383229999999580e-01 8.954684139999999903e-01 8.957871200000000478e-01
5.219549540000000265e-01 5.949447749999999813e-01 6.280995010000000045e-01 6.461809280000000433e-01 6.592640880000000259e-01 6.706295610000000407e-01 6.812619570000000291e-01 6.914190650000000549e-01 7.011442780000000097e-01 7.104299069999999716e-01 7.192659380000000491e-01 7.276513580000000259e-01 7.355945710000000304e-01 7.431107160000000045e-01 7.502194639999999470e-01 7.569425109999999846e-01 7.633025650000000439e-01 7.693220969999999825e-01 7.750231029999999910e-01 7.804262640000000362e-01 7.855512500000000342e-01 7.904163600000000400e-01 7.950386400000000187e-01 7.994337679999999891e-01 8.036164049999999781e-01 8.075999019999999806e-01 8.113967779999999852e-01 8.150184150000000516e-01 8.184754250000000342e-01 8.217776420000000304e-01 8.249339460000000290e-01 8.279528619999999561e-01 8.308421369999999806e-01 8.336088659999999484e-01 8.362598420000000310e-01 8.388012649999999626e-01 8.412389160000000032e-01 8.435782189999999625e-01 8.458241819999999800e-01 8.479815130000000201e-01 8.500546220000000375e-01 8.520476219999999490e-01 8.539644480000000426e-01 8.558086750000000187e-01 8.575836420000000349e-01 8.592926859999999722e-01 8.609387280000000420e-01 8.625246290000000426e-01 8.640530709999999504e-01 8.655265570000000297e-01 8.669474120000000283e-01 8.683180209999999954e-01 8.696403499999999509e-01 8.709165450000000419e-01 8.721483949999999652e-01 8.733378050000000226e-01 8.744863870000000317e-01 8.755958080000000310e-01 8.766675590000000406e-01 8.777031299999999980e-01 8.787039519999999548e-01 8.796712159999999781e-01 8.806062940000000117e-01 8.815103170000000432e-01 8.823844189999999754e-01 8.832296729999999929e-01 8.840471509999999755e-01 8.848377469999999523e-01 8.856024740000000284e-01 8.863421679999999858e-01 8.870577219999999929e-01 8.877499100000000309e-01 8.884195089999999961e-01 8.890672330000000123e-01 8.896938559999999496e-01 8.903000349999999896e-01 8.908863660000000406e-01 8.914535049999999794e-01 8.920020459999999929e-01 8.925325269999999644e-01 8.930455449999999962e-01 8.935415150000000084e-01 8.940210939999999606e-01 8.944846389999999703e-01 8.949326279999999523e-01 8.953655360000000174e-01 8.957837819999999729e-01 8.961877230000000472e-01 8.965778349999999897e-01 8.969544170000000038e-01 8.973178859999999535e-01 8.976685399999999593e-01 8.980067369999999993e-01 8.983328339999999690e-01 8.986470699999999923e-01 8.989498019999999645e-01 8.992412690000000097e-01 8.995218280000000233e-01 8.997916580000000497e-01 9.000510569999999877e-01
5.378523469999999529e-01 6.085504290000000038e-01 6.411845090000000136e-01 6.597254869999999993e-01 6.734458800000000522e-01 6.853361730000000485e-01 6.963185069999999754e-01 7.066655760000000175e-01 7.164547439999999767e-01 7.257116439999999891e-01 7.344531420000000033e-01 7.426983710000000238e-01 7.504703400000000135e-01 7.577947379999999677e-01 7.646982669999999871e-01 7.712079290000000142e-01 7.773499489999999845e-01 7.831492420000000232e-01 7.886294130000000013e-01 7.938125129999999974e-01 7.987189289999999664e-01 8.033674360000000458e-01 8.077755570000000329e-01 8.119592070000000161e-01 8.159331079999999625e-01 8.197109099999999593e-01 8.233050109999999755e-01 8.267269130000000077e-01 8.299872879999999897e-01 8.330957890000000310e-01 8.360615369999999658e-01 8.388928770000000368e-01 8.415975570000000516e-01 8.441827889999999890e-01 8.466551900000000019e-01 8.490209579999999923e-01 8.512858749999999697e-01 8.534553049999999974e-01 8.555343149999999897e-01 8.575275540000000252e-01 8.594393729999999509e-01 8.612738850000000168e-01 8.630349640000000155e-01 8.647261259999999838e-01 8.663508300000000162e-01 8.679122329999999774e-01 8.694132570000000504e-01 8.708567619999999510e-01 8.722453709999999916e-01 8.735815879999999645e-01 8.748676779999999820e-01 8.761059049999999626e-01 8.772984150000000536e-01 8.784470559999999484e-01 8.795537949999999716e-01 8.806203599999999909e-01 8.816484209999999599e-01 8.826395270000000348e-01 8.835952280000000103e-01 8.845168949999999697e-01 8.854058980000000245e-01 8.862635490000000393e-01 8.870909809999999451e-01 8.878893850000000310e-01 8.886598940000000058e-01 8.894034619999999780e-01 8.901211620000000213e-01 8.908138869999999709e-01 8.914825920000000181e-01 8.921279909999999536e-01 8.927510979999999652e-01 8.933525089999999613e-01 8.939330580000000026e-01 8.944934009999999658e-01 8.950342540000000291e-01 8.955562710000000148e-01 8.960599900000000284e-01 8.965460659999999748e-01 8.970150949999999845e-01 8.974674940000000323e-01 8.979038000000000297e-01 8.983246089999999962e-01 8.987303380000000175e-01 8.991213439999999890e-01 8.994982240000000129e-01 8.998612169999999910e-01 9.002108570000000309e-01 9.005475040000000542e-01 9.008714559999999594e-01 9.011831280000000000e-01 9.014827610000000213e-01 9.017708300000000232e-01 9.020475150000000220e-01 9.023131730000000239e-01 9.025681020000000387e-01 9.028125999999999651e-01 9.030468459999999586e-01 9.032711390000000007e-01 9.034857750000000465e-01 9.036909340000000013e-01
5.528310539999999884e-01 6.220717430000000103e-01 6.546065210000000523e-01 6.736681460000000232e-01 6.879209880000000110e-01 7.001798750000000071e-01 7.113575939999999820e-01 7.217614049999999670e-01 7.315070630000000129e-01 7.406509519999999736e-01 7.492326499999999445e-01 7.572872040000000471e-01 7.648485299999999709e-01 7.719497680000000361e-01 7.786228659999999691e-01 7.848982209999999515e-01 7.908042669999999497e-01 7.963677639999999780e-01 8.016132710000000161e-01 8.065636160000000388e-01 8.112396600000000291e-01 8.156605959999999600e-01 8.198441269999999781e-01 8.238063450000000509e-01 8.275621530000000226e-01 8.311252000000000084e-01 8.345079420000000026e-01 8.377218840000000277e-01 8.407777549999999600e-01 8.436852689999999599e-01 8.464534879999999761e-01 8.490907549999999748e-01 8.516047599999999607e-01 8.540027740000000200e-01 8.562913540000000046e-01 8.584766980000000380e-01 8.605645899999999626e-01 8.625603910000000374e-01 8.644689920000000471e-01 8.662950990000000129e-01 8.680430649999999471e-01 8.697168830000000517e-01 8.713204860000000052e-01 8.728572730000000446e-01 8.743306990000000445e-01 8.757438060000000135e-01 8.770996330000000452e-01 8.784008030000000078e-01 8.796499970000000168e-01 8.808496590000000070e-01 8.820019959999999548e-01 8.831092720000000007e-01 8.841734530000000536e-01 8.851965069999999658e-01 8.861802819999999858e-01 8.871263860000000445e-01 8.880364889999999845e-01 8.889122010000000129e-01 8.897548320000000510e-01 8.905658130000000394e-01 8.913464549999999820e-01 8.920980099999999968e-01 8.928215499999999638e-01 8.935182689999999761e-01 8.941891789999999451e-01 8.948352929999999761e-01 8.954575059999999587e-01 8.960567710000000297e-01 8.966339229999999993e-01 8.971897359999999599e-01 8.977250460000000265e-01 8.982405660000000180e-01 8.987368940000000084e-01 8.992148639999999471e-01 8.996750119999999962e-01 9.001179339999999529e-01 9.005442259999999477e-01 9.009544250000000032e-01 9.013490680000000310e-01 9.017286899999999994e-01 9.020937089999999658e-01 9.024446010000000129e-01 9.027817849999999478e-01 9.031057359999999923e-01 9.034168120000000135e-01 9.037154320000000407e-01 9.040018920000000291e-01 9.042766089999999535e-01 9.045398829999999890e-01 9.047920109999999516e-01 9.050333499999999587e-01 9.052642579999999883e-01 9.054848549999999774e-01 9.056955580000000117e-01 9.058966040000000497e-01 9.060881729999999967e-01 9.062705639999999452e-01 9.064440129999999929e-01 9.066087600000000135e-01 9.067649250000000549e-01
5.672180650000000490e-01 6.355611679999999541e-01 6.682273149999999884e-01 6.877749560000000484e-01 7.024264930000000406e-01 7.149070499999999884e-01 7.261523009999999445e-01 7.365117070000000155e-01 7.461369039999999897e-01 7.551103829999999961e-01 7.634893659999999471e-01 7.713208200000000181e-01 7.786464100000000110e-01 7.855045800000000078e-01 7.919306760000000001e-01 7.979574799999999968e-01 8.036150930000000026e-01 8.089313510000000207e-01 8.139315249999999891e-01 8.186390399999999845e-01 8.230751160000000510e-01 8.272593019999999742e-01 8.312094209999999483e-01 8.349418039999999541e-01 8.384714130000000543e-01 8.418119549999999451e-01 8.449761270000000213e-01 8.479753140000000355e-01 8.508203629999999684e-01 8.535209299999999555e-01 8.560861950000000498e-01 8.585244419999999987e-01 8.608434200000000258e-01 8.630502820000000019e-01 8.651515840000000290e-01 8.671536450000000285e-01 8.690620060000000535e-01 8.708820940000000510e-01 8.726187939999999754e-01 8.742767569999999600e-01 8.758602140000000258e-01 8.773732779999999787e-01 8.788195250000000458e-01 8.802026509999999471e-01 8.815257549999999664e-01 8.827919960000000232e-01 8.840042350000000271e-01 8.851652150000000052e-01 8.862773779999999491e-01 8.873431090000000188e-01 8.883646729999999936e-01 8.893441560000000523e-01 8.902835249999999645e-01 8.911846879999999471e-01 8.920493130000000104e-01 8.928791280000000219e-01 8.936756249999999735e-01 8.944402930000000529e-01 8.951745629999999787e-01 8.958796860000000084e-01 8.965569140000000381e-01 8.972073790000000271e-01 8.978322739999999857e-01 8.984326120000000193e-01 8.990093470000000142e-01 8.995634319999999962e-01 9.000957609999999942e-01 9.006071690000000407e-01 9.010984899999999742e-01 9.015704989999999697e-01 9.020238520000000149e-01 9.024592639999999832e-01 9.028773310000000052e-01 9.032787679999999542e-01 9.036641119999999638e-01 9.040339590000000536e-01 9.043887849999999728e-01 9.047291280000000491e-01 9.050554629999999490e-01 9.053682090000000349e-01 9.056679010000000529e-01 9.059548969999999812e-01 9.062296149999999884e-01 9.064924119999999697e-01 9.067437050000000109e-01 9.069837929999999826e-01 9.072129730000000336e-01 9.074316620000000277e-01 9.076400999999999497e-01 9.078385829999999768e-01 9.080274699999999477e-01 9.082068800000000497e-01 9.083771710000000388e-01 9.085386399999999529e-01 9.086914059999999793e-01 9.088357089999999916e-01 9.089718460000000277e-01 9.090999960000000213e-01 9.092203380000000168e-01 9.093330499999999761e-01
5.813013320000000039e-01 6.490371820000000458e-01 6.819037199999999910e-01 7.018408779999999458e-01 7.167539600000000233e-01 7.293322089999999536e-01 7.405476570000000258e-01 7.507905959999999768e-01 7.602431769999999922e-01 7.690083979999999819e-01 7.771567109999999445e-01 7.847436070000000097e-01 7.918164730000000207e-01 7.984172109999999600e-01 8.045838480000000459e-01 8.103507760000000504e-01 8.157493470000000135e-01 8.208082909999999677e-01 8.255535960000000006e-01 8.300090430000000019e-01 8.341963289999999587e-01 8.381353019999999709e-01 8.418440219999999696e-01 8.453389999999999516e-01 8.486353749999999696e-01 8.517469170000000478e-01 8.546863789999999961e-01 8.574654459999999645e-01 8.600947260000000316e-01 8.625841739999999813e-01 8.649427290000000212e-01 8.671788569999999696e-01 8.693001870000000020e-01 8.713139300000000143e-01 8.732267019999999658e-01 8.750444649999999935e-01 8.767730590000000213e-01 8.784176110000000426e-01 8.799831270000000316e-01 8.814740180000000258e-01 8.828945759999999865e-01 8.842487340000000362e-01 8.855401870000000342e-01 8.867722749999999987e-01 8.879482749999999536e-01 8.890711070000000271e-01 8.901435730000000213e-01 8.911683559999999948e-01 8.921477789999999741e-01 8.930842879999999484e-01 8.939798469999999941e-01 8.948366049999999516e-01 8.956564660000000400e-01 8.964411020000000452e-01 8.971922399999999742e-01 8.979114289999999832e-01 8.986002210000000323e-01 8.992599249999999600e-01 8.998918529999999638e-01 9.004973170000000193e-01 9.010773899999999781e-01 9.016332630000000181e-01 9.021658900000000259e-01 9.026762839999999954e-01 9.031654000000000071e-01 9.036340710000000387e-01 9.040830730000000148e-01 9.045132989999999928e-01 9.049254660000000117e-01 9.053202270000000329e-01 9.056982989999999845e-01 9.060602779999999967e-01 9.064067599999999780e-01 9.067383409999999477e-01 9.070554969999999884e-01 9.073588249999999800e-01 9.076487420000000084e-01 9.079257250000000168e-01 9.081902499999999767e-01 9.084426759999999490e-01 9.086834790000000162e-01 9.089129569999999658e-01 9.091315269999999948e-01 9.093394879999999736e-01 9.095372560000000162e-01 9.097250099999999451e-01 9.099031090000000432e-01 9.100719090000000122e-01 9.102315309999999826e-01 9.103823899999999858e-01 9.105246660000000380e-01 9.106585980000000413e-01 9.107844229999999541e-01 9.109023210000000148e-01 9.110125900000000110e-01 9.111153480000000471e-01 9.112108349999999968e-01 9.112991689999999645e-01 9.113805889999999632e-01 9.114553330000000342e-01
5.953038929999999729e-01 6.624875660000000277e-01 6.955066319999999580e-01 7.157087920000000381e-01 7.307605740000000516e-01 7.433400749999999890e-01 7.544561029999999890e-01 7.645334599999999980e-01 7.737783790000000161e-01 7.823094729999999775e-01 7.902071480000000259e-01 7.975331540000000219e-01 8.043389920000000304e-01 8.106696009999999619e-01 8.165648580000000045e-01 8.220606449999999787e-01 8.271894450000000232e-01 8.319807649999999555e-01 8.364613060000000155e-01 8.406553860000000045e-01 8.445851210000000497e-01 8.482707139999999812e-01 8.517304660000000194e-01 8.549811840000000052e-01 8.580381270000000393e-01 8.609153029999999651e-01 8.636254669999999800e-01 8.661804199999999510e-01 8.685907720000000110e-01 8.708664769999999722e-01 8.730166550000000303e-01 8.750495310000000471e-01 8.769728540000000239e-01 8.787936570000000058e-01 8.805185559999999523e-01 8.821535109999999458e-01 8.837041850000000309e-01 8.851757049999999793e-01 8.865728379999999742e-01 8.879000540000000496e-01 8.891615269999999516e-01 8.903610109999999800e-01 8.915020820000000290e-01 8.925881390000000026e-01 8.936220999999999748e-01 8.946070080000000369e-01 8.955454830000000310e-01 8.964400289999999716e-01 8.972929120000000536e-01 8.981064560000000530e-01 8.988826269999999896e-01 8.996233340000000522e-01 9.003304239999999625e-01 9.010055070000000388e-01 9.016501900000000180e-01 9.022659659999999748e-01 9.028542040000000490e-01 9.034161569999999974e-01 9.039531349999999632e-01 9.044662709999999883e-01 9.049565790000000387e-01 9.054251309999999942e-01 9.058729410000000426e-01 9.063007830000000542e-01 9.067096709999999948e-01 9.071002599999999916e-01 9.074733849999999657e-01 9.078297020000000161e-01 9.081699850000000129e-01 9.084947709999999788e-01 9.088047740000000374e-01 9.091004729999999645e-01 9.093824630000000298e-01 9.096511600000000142e-01 9.099072219999999600e-01 9.101509450000000445e-01 9.103828670000000400e-01 9.106033439999999812e-01 9.108127950000000084e-01 9.110115770000000168e-01 9.112001060000000097e-01 9.113786219999999716e-01 9.115474820000000200e-01 9.117070440000000220e-01 9.118575450000000471e-01 9.119992850000000484e-01 9.121325019999999562e-01 9.122574329999999510e-01 9.123743770000000142e-01 9.124835129999999683e-01 9.125850800000000485e-01 9.126793149999999910e-01 9.127663969999999516e-01 9.128464459999999780e-01 9.129197599999999690e-01 9.129864570000000290e-01 9.130466579999999555e-01 9.131006000000000400e-01 9.131484629999999658e-01 9.131903049999999800e-01
6.093671920000000020e-01 6.758742930000000149e-01 7.089298370000000071e-01 7.292712930000000426e-01 7.443621750000000148e-01 7.568728329999999671e-01 7.678413990000000355e-01 7.777193190000000200e-01 7.867314220000000136e-01 7.950082419999999761e-01 8.026379940000000213e-01 8.096875550000000032e-01 8.162119389999999974e-01 8.222586509999999516e-01 8.278692960000000323e-01 8.330813649999999626e-01 8.379284740000000342e-01 8.424409029999999632e-01 8.466462489999999619e-01 8.505693079999999684e-01 8.542327880000000206e-01 8.576571939999999561e-01 8.608611819999999470e-01 8.638617400000000446e-01 8.666743639999999749e-01 8.693131800000000187e-01 8.717910049999999522e-01 8.741196390000000038e-01 8.763098120000000213e-01 8.783714179999999594e-01 8.803134559999999942e-01 8.821442130000000104e-01 8.838713169999999897e-01 8.855016829999999839e-01 8.870418070000000155e-01 8.884976509999999994e-01 8.898745780000000272e-01 8.911776540000000413e-01 8.924115900000000323e-01 8.935806750000000465e-01 8.946889040000000071e-01 8.957399729999999671e-01 8.967372179999999471e-01 8.976839180000000251e-01 8.985829950000000510e-01 8.994371890000000258e-01 9.002490640000000433e-01 9.010209439999999903e-01 9.017550949999999510e-01 9.024535420000000530e-01 9.031181929999999580e-01 9.037508960000000258e-01 9.043532610000000194e-01 9.049269559999999490e-01 9.054732920000000407e-01 9.059937599999999813e-01 9.064896110000000284e-01 9.069620969999999671e-01 9.074122310000000136e-01 9.078411459999999877e-01 9.082497950000000264e-01 9.086391329999999877e-01 9.090101120000000368e-01 9.093633890000000219e-01 9.096998570000000006e-01 9.100202320000000400e-01 9.103251700000000168e-01 9.106153249999999755e-01 9.108913539999999864e-01 9.111537339999999929e-01 9.114030600000000426e-01 9.116398690000000471e-01 9.118645789999999529e-01 9.120777249999999503e-01 9.122797249999999858e-01 9.124708769999999580e-01 9.126517180000000007e-01 9.128224849999999613e-01 9.129835960000000084e-01 9.131354090000000090e-01 9.132781620000000045e-01 9.134122129999999729e-01 9.135377409999999587e-01 9.136551619999999652e-01 9.137645960000000400e-01 9.138663409999999709e-01 9.139606359999999929e-01 9.140477179999999535e-01 9.141277070000000116e-01 9.142008419999999580e-01 9.142673609999999451e-01 9.143274430000000175e-01 9.143811459999999780e-01 9.144287709999999736e-01 9.144704340000000542e-01 9.145061970000000207e-01 9.145363570000000220e-01 9.145609139999999471e-01 9.145801070000000310e-01 9.145939349999999690e-01
6.235385540000000226e-01 6.891332270000000149e-01 7.220855360000000278e-01 7.424578069999999697e-01 7.575136420000000426e-01 7.699068190000000200e-01 7.806947229999999793e-01 7.903484109999999729e-01 7.991070750000000000e-01 8.071111439999999471e-01 8.144555089999999664e-01 8.212118149999999561e-01 8.274385330000000316e-01 8.331856730000000155e-01 8.384970430000000530e-01 8.434115049999999503e-01 8.479639890000000291e-01 8.521857859999999452e-01 8.561053280000000543e-01 8.597480650000000058e-01 8.631371860000000007e-01 8.662936089999999645e-01 8.692362900000000225e-01 8.719823960000000485e-01 8.745475409999999838e-01 8.769459720000000180e-01 8.791905049999999555e-01 8.812929990000000213e-01 8.832640649999999871e-01 8.851134779999999536e-01 8.868501189999999923e-01 8.884822730000000446e-01 8.900173310000000226e-01 8.914620880000000414e-01 8.928228620000000504e-01 8.941054339999999767e-01 8.953149910000000045e-01 8.964565399999999684e-01 8.975344299999999942e-01 8.985528950000000181e-01 8.995156880000000355e-01 9.004263279999999980e-01 9.012880330000000439e-01 9.021039010000000413e-01 9.028766160000000207e-01 9.036087990000000181e-01 9.043028349999999715e-01 9.049609899999999651e-01 9.055852290000000471e-01 9.061775800000000380e-01 9.067397120000000310e-01 9.072733520000000329e-01 9.077799920000000355e-01 9.082611800000000013e-01 9.087181090000000516e-01 9.091521500000000477e-01 9.095644349999999489e-01 9.099560380000000226e-01 9.103279709999999580e-01 9.106812480000000543e-01 9.110167030000000388e-01 9.113352300000000517e-01 9.116376040000000458e-01 9.119245409999999774e-01 9.121966959999999736e-01 9.124548439999999871e-01 9.126994609999999897e-01 9.129311439999999722e-01 9.131505490000000336e-01 9.133580329999999581e-01 9.135541320000000187e-01 9.137393240000000194e-01 9.139140249999999632e-01 9.140785930000000503e-01 9.142334460000000051e-01 9.143788809999999767e-01 9.145153160000000225e-01 9.146430490000000413e-01 9.147623179999999632e-01 9.148734809999999884e-01 9.149767760000000472e-01 9.150725010000000381e-01 9.151607750000000374e-01 9.152419569999999949e-01 9.153162240000000116e-01 9.153836969999999962e-01 9.154447319999999833e-01 9.154993890000000523e-01 9.155479069999999941e-01 9.155904049999999961e-01 9.156271219999999600e-01 9.156581160000000219e-01 9.156836270000000555e-01 9.157037139999999464e-01 9.157185549999999896e-01 9.157282709999999826e-01 9.157329800000000297e-01 9.157327410000000167e-01 9.157277940000000394e-01 9.157181380000000148e-01
6.377603410000000084e-01 7.021672129999999568e-01 7.348895069999999974e-01 7.552126049999999813e-01 7.701838610000000251e-01 7.824277280000000445e-01 7.930116649999999767e-01 8.024212720000000187e-01 8.109076619999999735e-01 8.186203840000000342e-01 8.256608840000000393e-01 8.321058150000000264e-01 8.380173440000000529e-01 8.434482810000000219e-01 8.484447600000000200e-01 8.530474310000000226e-01 8.572925930000000472e-01 8.612126709999999852e-01 8.648368720000000343e-01 8.681914210000000187e-01 8.712998029999999838e-01 8.741834160000000464e-01 8.768614529999999574e-01 8.793511389999999484e-01 8.816682099999999522e-01 8.838268519999999961e-01 8.858398199999999445e-01 8.877188560000000006e-01 8.894744519999999710e-01 8.911162019999999684e-01 8.926529290000000394e-01 8.940924409999999600e-01 8.954420690000000072e-01 8.967084290000000291e-01 8.978975420000000485e-01 8.990149499999999794e-01 9.000656599999999896e-01 9.010543819999999871e-01 9.019852879999999962e-01 9.028623099999999457e-01 9.036890859999999748e-01 9.044688939999999677e-01 9.052047130000000497e-01 9.058994049999999909e-01 9.065555929999999929e-01 9.071756010000000536e-01 9.077616330000000122e-01 9.083158369999999593e-01 9.088400009999999529e-01 9.093358520000000000e-01 9.098051190000000510e-01 9.102492930000000149e-01 9.106697440000000032e-01 9.110677240000000232e-01 9.114445450000000504e-01 9.118012789999999645e-01 9.121390579999999471e-01 9.124587180000000020e-01 9.127612710000000407e-01 9.130475519999999845e-01 9.133183959999999768e-01 9.135744569999999509e-01 9.138164519999999458e-01 9.140451550000000536e-01 9.142609830000000271e-01 9.144646530000000162e-01 9.146566390000000490e-01 9.148374799999999807e-01 9.150075909999999535e-01 9.151675110000000446e-01 9.153175350000000154e-01 9.154580829999999780e-01 9.155895710000000465e-01 9.157122970000000084e-01 9.158266189999999529e-01 9.159328340000000290e-01 9.160312409999999961e-01 9.161220789999999781e-01 9.162056450000000130e-01 9.162821169999999515e-01 9.163517949999999690e-01 9.164148570000000271e-01 9.164714809999999767e-01 9.165219660000000212e-01 9.165663720000000181e-01 9.166049360000000368e-01 9.166378379999999826e-01 9.166651959999999599e-01 9.166871309999999884e-01 9.167038800000000265e-01 9.167155030000000426e-01 9.167221779999999987e-01 9.167239670000000284e-01 9.167209859999999599e-01 9.167134169999999749e-01 9.167013170000000155e-01 9.166848060000000187e-01 9.166639450000000355e-01 9.166388509999999767e-01 9.166096449999999729e-01
6.518667940000000272e-01 7.148387430000000542e-01 7.472449540000000168e-01 7.674741149999999568e-01 7.823349240000000426e-01 7.944114799999999477e-01 8.047755359999999580e-01 8.139246700000000168e-01 8.221214409999999528e-01 8.295245770000000407e-01 8.362426160000000497e-01 8.423578739999999510e-01 8.479368090000000135e-01 8.530354500000000284e-01 8.577024939999999820e-01 8.619806169999999490e-01 8.659075499999999703e-01 8.695169689999999729e-01 8.728387359999999484e-01 8.758997920000000104e-01 8.787240979999999535e-01 8.813331720000000535e-01 8.837463260000000265e-01 8.859808439999999896e-01 8.880523439999999935e-01 8.899748920000000174e-01 8.917611239999999606e-01 8.934224840000000167e-01 8.949692249999999794e-01 8.964107040000000026e-01 8.977553839999999896e-01 8.990108970000000310e-01 9.001842140000000381e-01 9.012815950000000464e-01 9.023088219999999549e-01 9.032711390000000007e-01 9.041732550000000090e-01 9.050195810000000174e-01 9.058141109999999774e-01 9.065604210000000052e-01 9.072618479999999819e-01 9.079215529999999923e-01 9.085422159999999581e-01 9.091265200000000490e-01 9.096767310000000162e-01 9.101951120000000284e-01 9.106836320000000207e-01 9.111441970000000445e-01 9.115784169999999742e-01 9.119880200000000103e-01 9.123743770000000142e-01 9.127387999999999613e-01 9.130826589999999632e-01 9.134070279999999542e-01 9.137130380000000329e-01 9.140017030000000542e-01 9.142738580000000503e-01 9.145304560000000471e-01 9.147722719999999974e-01 9.150000209999999967e-01 9.152144789999999697e-01 9.154162409999999639e-01 9.156059619999999954e-01 9.157841209999999510e-01 9.159513120000000175e-01 9.161080120000000271e-01 9.162546990000000058e-01 9.163917900000000394e-01 9.165196420000000233e-01 9.166387320000000116e-01 9.167493580000000142e-01 9.168518190000000123e-01 9.169465300000000374e-01 9.170336719999999664e-01 9.171136020000000277e-01 9.171864990000000439e-01 9.172526600000000530e-01 9.173123239999999567e-01 9.173656700000000219e-01 9.174129370000000394e-01 9.174543019999999993e-01 9.174899460000000007e-01 9.175200460000000335e-01 9.175447230000000065e-01 9.175641540000000207e-01 9.175785180000000096e-01 9.175879359999999929e-01 9.175924659999999955e-01 9.175923470000000304e-01 9.175875780000000148e-01 9.175783990000000445e-01 9.175648090000000368e-01 9.175469280000000394e-01 9.175248740000000458e-01 9.174987669999999929e-01 9.174686069999999916e-01 9.174345729999999755e-01 9.173966649999999445e-01 9.173550010000000032e-01 9.173097009999999774e-01
6.655969619999999587e-01 7.269709109999999974e-01 7.590346340000000414e-01 7.791642549999999723e-01 7.939120530000000064e-01 8.058162930000000168e-01 8.159515859999999510e-01 8.248277309999999529e-01 8.327197429999999567e-01 8.397966620000000271e-01 8.461754320000000051e-01 8.519446250000000109e-01 8.571757079999999807e-01 8.619284630000000336e-01 8.662545080000000342e-01 8.701984879999999922e-01 8.737998009999999871e-01 8.770931960000000194e-01 8.801094289999999987e-01 8.828757409999999917e-01 8.854163889999999704e-01 8.877530689999999503e-01 8.899049159999999903e-01 8.918892739999999542e-01 8.937214020000000536e-01 8.954150680000000362e-01 8.969826699999999819e-01 8.984352349999999987e-01 8.997826580000000130e-01 9.010339979999999471e-01 9.021972419999999548e-01 9.032796619999999832e-01 9.042878149999999948e-01 9.052277210000000407e-01 9.061046839999999936e-01 9.069235919999999451e-01 9.076889750000000090e-01 9.084047079999999497e-01 9.090746050000000356e-01 9.097018839999999607e-01 9.102897049999999490e-01 9.108407499999999768e-01 9.113577010000000200e-01 9.118427630000000006e-01 9.122981430000000058e-01 9.127258059999999729e-01 9.131275420000000143e-01 9.135050179999999465e-01 9.138597849999999800e-01 9.141931530000000361e-01 9.145065549999999988e-01 9.148010610000000264e-01 9.150778649999999903e-01 9.153379200000000271e-01 9.155821800000000232e-01 9.158115980000000045e-01 9.160269500000000065e-01 9.162288899999999625e-01 9.164182539999999877e-01 9.165956379999999903e-01 9.167616370000000181e-01 9.169167280000000142e-01 9.170616270000000458e-01 9.171966310000000400e-01 9.173222779999999910e-01 9.174389840000000129e-01 9.175471069999999729e-01 9.176470639999999568e-01 9.177391529999999742e-01 9.178236720000000348e-01 9.179010389999999742e-01 9.179713729999999794e-01 9.180350900000000536e-01 9.180923100000000225e-01 9.181433319999999787e-01 9.181883339999999949e-01 9.182275530000000296e-01 9.182611109999999632e-01 9.182893039999999729e-01 9.183121920000000271e-01 9.183299539999999483e-01 9.183428289999999716e-01 9.183508160000000142e-01 9.183541539999999781e-01 9.183529019999999710e-01 9.183471800000000407e-01 9.183371660000000380e-01 9.183229210000000142e-01 9.183045629999999626e-01 9.182820919999999942e-01 9.182557460000000393e-01 9.182255270000000413e-01 9.181915520000000219e-01 9.181538219999999528e-01 9.181124569999999929e-01 9.180675750000000246e-01 9.180191760000000478e-01 9.179673790000000277e-01 9.179121850000000471e-01 9.178537129999999600e-01
6.786336899999999561e-01 7.383649350000000000e-01 7.701272959999999612e-01 7.901917699999999600e-01 8.048468229999999890e-01 8.165864350000000549e-01 8.264912960000000419e-01 8.350866439999999891e-01 8.426623939999999813e-01 8.493998649999999762e-01 8.554257750000000549e-01 8.608362080000000471e-01 8.657082320000000220e-01 8.701058630000000349e-01 8.740837569999999612e-01 8.776888250000000058e-01 8.809619549999999633e-01 8.839389090000000504e-01 8.866510990000000536e-01 8.891260619999999948e-01 8.913881780000000310e-01 8.934589029999999710e-01 8.953573700000000413e-01 8.971004489999999665e-01 8.987030390000000368e-01 9.001784919999999968e-01 9.015387889999999516e-01 9.027943609999999897e-01 9.039548039999999451e-01 9.050285219999999464e-01 9.060231450000000297e-01 9.069454070000000367e-01 9.078015090000000065e-01 9.085969919999999922e-01 9.093366859999999496e-01 9.100252389999999858e-01 9.106666450000000523e-01 9.112645390000000400e-01 9.118222590000000238e-01 9.123429060000000090e-01 9.128292199999999967e-01 9.132836460000000045e-01 9.137084479999999509e-01 9.141058330000000343e-01 9.144775269999999567e-01 9.148254390000000180e-01 9.151510600000000162e-01 9.154558779999999452e-01 9.157412649999999710e-01 9.160084130000000213e-01 9.162584540000000555e-01 9.164924030000000110e-01 9.167112710000000497e-01 9.169159529999999503e-01 9.171072239999999987e-01 9.172858000000000400e-01 9.174524549999999445e-01 9.176078439999999503e-01 9.177524449999999723e-01 9.178869130000000265e-01 9.180117249999999451e-01 9.181273580000000045e-01 9.182342890000000368e-01 9.183328750000000484e-01 9.184234740000000174e-01 9.185065030000000297e-01 9.185822609999999555e-01 9.186510439999999722e-01 9.187132120000000013e-01 9.187688830000000362e-01 9.188184139999999722e-01 9.188620450000000162e-01 9.188998940000000504e-01 9.189322589999999735e-01 9.189592599999999445e-01 9.189811350000000045e-01 9.189980030000000077e-01 9.190101029999999671e-01 9.190174340000000219e-01 9.190202360000000459e-01 9.190186259999999496e-01 9.190126659999999781e-01 9.190025330000000103e-01 9.189882870000000148e-01 9.189701080000000077e-01 9.189479950000000175e-01 9.189220670000000091e-01 9.188924429999999477e-01 9.188591839999999955e-01 9.188222889999999587e-01 9.187819959999999897e-01 9.187381860000000122e-01 9.186910390000000426e-01 9.186406139999999665e-01 9.185869690000000309e-01 9.185300469999999606e-01 9.184700850000000472e-01 9.184069630000000206e-01 9.183408020000000116e-01 9.182717200000000135e-01
6.906645890000000509e-01 7.488328220000000091e-01 7.803983690000000362e-01 8.004679080000000058e-01 8.150703310000000368e-01 8.266643289999999755e-01 8.363441230000000504e-01 8.446557519999999819e-01 8.519078490000000503e-01 8.582969310000000407e-01 8.639609809999999612e-01 8.690047859999999735e-01 8.735117319999999852e-01 8.775503639999999717e-01 8.811784980000000322e-01 8.844453690000000368e-01 8.873932359999999742e-01 8.900586959999999825e-01 8.924735780000000451e-01 8.946655390000000097e-01 8.966587780000000452e-01 8.984745739999999703e-01 9.001314639999999923e-01 9.016458389999999490e-01 9.030322429999999567e-01 9.043032530000000291e-01 9.054703120000000549e-01 9.065433139999999890e-01 9.075312610000000335e-01 9.084419009999999961e-01 9.092823859999999980e-01 9.100590349999999606e-01 9.107773900000000200e-01 9.114425179999999793e-01 9.120589489999999522e-01 9.126307369999999697e-01 9.131615760000000304e-01 9.136548039999999871e-01 9.141132830000000542e-01 9.145398139999999509e-01 9.149367809999999768e-01 9.153064490000000220e-01 9.156507849999999671e-01 9.159716959999999464e-01 9.162707329999999484e-01 9.165495040000000149e-01 9.168093200000000387e-01 9.170514939999999671e-01 9.172772169999999781e-01 9.174875019999999548e-01 9.176833629999999742e-01 9.178656339999999858e-01 9.180351500000000220e-01 9.181927439999999496e-01 9.183389539999999851e-01 9.184745549999999703e-01 9.186001419999999529e-01 9.187161329999999904e-01 9.188231230000000194e-01 9.189215899999999548e-01 9.190118910000000252e-01 9.190944429999999832e-01 9.191696639999999974e-01 9.192377919999999980e-01 9.192992450000000426e-01 9.193542599999999787e-01 9.194031360000000097e-01 9.194461109999999548e-01 9.194834229999999664e-01 9.195152519999999496e-01 9.195418359999999458e-01 9.195633530000000277e-01 9.195799829999999897e-01 9.195919040000000155e-01 9.195992349999999593e-01 9.196020959999999800e-01 9.196007250000000077e-01 9.195951220000000426e-01 9.195854660000000180e-01 9.195718769999999820e-01 9.195544119999999877e-01 9.195331340000000298e-01 9.195082780000000122e-01 9.194797869999999929e-01 9.194477800000000478e-01 9.194123739999999767e-01 9.193735720000000278e-01 9.193314910000000006e-01 9.192861319999999781e-01 9.192376730000000329e-01 9.191859959999999496e-01 9.191313389999999917e-01 9.190735820000000000e-01 9.190129040000000193e-01 9.189493060000000213e-01 9.188827870000000342e-01 9.188134070000000264e-01 9.187412860000000459e-01 9.186663630000000413e-01 9.185886979999999813e-01
7.014502289999999807e-01 7.582364080000000284e-01 7.897563579999999916e-01 8.099264499999999645e-01 8.245301250000000026e-01 8.360052110000000258e-01 8.454701300000000419e-01 8.534991149999999749e-01 8.604242800000000413e-01 8.664601450000000149e-01 8.717582230000000543e-01 8.764327170000000278e-01 8.805739879999999742e-01 8.842554689999999606e-01 8.875380750000000374e-01 8.904730680000000342e-01 8.931040759999999690e-01 8.954681749999999774e-01 8.975974319999999729e-01 8.995193240000000090e-01 9.012576939999999981e-01 9.028332230000000180e-01 9.042639139999999465e-01 9.055654410000000265e-01 9.067516329999999458e-01 9.078344699999999490e-01 9.088245029999999502e-01 9.097311500000000439e-01 9.105625750000000407e-01 9.113260509999999703e-01 9.120280149999999697e-01 9.126742479999999658e-01 9.132698179999999555e-01 9.138193129999999664e-01 9.143267269999999503e-01 9.147956969999999632e-01 9.152294989999999464e-01 9.156310560000000542e-01 9.160029889999999897e-01 9.163477420000000206e-01 9.166673419999999961e-01 9.169637560000000187e-01 9.172387720000000355e-01 9.174939389999999806e-01 9.177306889999999884e-01 9.179503319999999800e-01 9.181541199999999625e-01 9.183430670000000129e-01 9.185181260000000458e-01 9.186803100000000555e-01 9.188303949999999665e-01 9.189690950000000136e-01 9.190971260000000420e-01 9.192151429999999568e-01 9.193236830000000026e-01 9.194233419999999768e-01 9.195145959999999619e-01 9.195978049999999904e-01 9.196735019999999761e-01 9.197420480000000342e-01 9.198037390000000091e-01 9.198589320000000180e-01 9.199079279999999859e-01 9.199510220000000071e-01 9.199884529999999838e-01 9.200204610000000116e-01 9.200472240000000523e-01 9.200690390000000329e-01 9.200860260000000013e-01 9.200983050000000052e-01 9.201061729999999717e-01 9.201096890000000084e-01 9.201089740000000239e-01 9.201042649999999767e-01 9.200955629999999497e-01 9.200830460000000155e-01 9.200667740000000316e-01 9.200469260000000427e-01 9.200235009999999658e-01 9.199966189999999600e-01 9.199663399999999935e-01 9.199327830000000317e-01 9.198960069999999600e-01 9.198560120000000007e-01 9.198129179999999794e-01 9.197667840000000039e-01 9.197176689999999599e-01 9.196655750000000129e-01 9.196106200000000452e-01 9.195527430000000058e-01 9.194920659999999968e-01 9.194286470000000433e-01 9.193624259999999548e-01 9.192935819999999980e-01 9.192219969999999574e-01 9.191478490000000168e-01 9.190710189999999891e-01 9.189916849999999471e-01 9.189097290000000084e-01 9.188253280000000522e-01
7.108743789999999452e-01 7.665175800000000317e-01 7.981646060000000542e-01 8.185403350000000078e-01 8.332034350000000478e-01 8.445881010000000355e-01 8.538497689999999807e-01 8.615989689999999923e-01 8.681965470000000407e-01 8.738781209999999522e-01 8.788102269999999994e-01 8.831177350000000148e-01 8.868981000000000225e-01 8.902295230000000226e-01 8.931760789999999561e-01 8.957908749999999864e-01 8.981182580000000026e-01 9.001958370000000542e-01 9.020553230000000200e-01 9.037238359999999471e-01 9.052246210000000071e-01 9.065776469999999865e-01 9.078001380000000342e-01 9.089068769999999464e-01 9.099108580000000446e-01 9.108232259999999858e-01 9.116538760000000297e-01 9.124113919999999878e-01 9.131031630000000510e-01 9.137358669999999794e-01 9.143154030000000265e-01 9.148467780000000271e-01 9.153346420000000316e-01 9.157829880000000200e-01 9.161954519999999658e-01 9.165751340000000136e-01 9.169250129999999555e-01 9.172475930000000277e-01 9.175451989999999780e-01 9.178197980000000200e-01 9.180732969999999549e-01 9.183073040000000464e-01 9.185233710000000329e-01 9.187228680000000258e-01 9.189069269999999845e-01 9.190768000000000271e-01 9.192333820000000433e-01 9.193775650000000077e-01 9.195103049999999723e-01 9.196322559999999813e-01 9.197441339999999910e-01 9.198465350000000207e-01 9.199401139999999755e-01 9.200253489999999923e-01 9.201027149999999599e-01 9.201726319999999903e-01 9.202355740000000006e-01 9.202918410000000549e-01 9.203417900000000484e-01 9.203857779999999877e-01 9.204239850000000001e-01 9.204568269999999774e-01 9.204844239999999678e-01 9.205070140000000123e-01 9.205248950000000097e-01 9.205381270000000393e-01 9.205469490000000032e-01 9.205515380000000025e-01 9.205520149999999457e-01 9.205485580000000168e-01 9.205412269999999619e-01 9.205301999999999651e-01 9.205155369999999948e-01 9.204973579999999878e-01 9.204757810000000484e-01 9.204508660000000342e-01 9.204226730000000245e-01 9.203913209999999845e-01 9.203568699999999936e-01 9.203193779999999657e-01 9.202788469999999554e-01 9.202354550000000355e-01 9.201891420000000155e-01 9.201400280000000542e-01 9.200880529999999613e-01 9.200333950000000316e-01 9.199760559999999865e-01 9.199159740000000252e-01 9.198533300000000246e-01 9.197880630000000446e-01 9.197201729999999742e-01 9.196498389999999690e-01 9.195769430000000355e-01 9.195015429999999768e-01 9.194236989999999832e-01 9.193434719999999949e-01 9.192607400000000206e-01 9.191756840000000484e-01 9.190882439999999987e-01 9.189984799999999510e-01
7.189576629999999691e-01 7.737073899999999949e-01 8.056475520000000445e-01 8.263267279999999548e-01 8.411007520000000071e-01 8.524188999999999794e-01 8.614861969999999536e-01 8.689579370000000136e-01 8.752284649999999555e-01 8.805572390000000471e-01 8.851271870000000375e-01 8.890741469999999813e-01 8.925029639999999542e-01 8.954963089999999903e-01 8.981209399999999787e-01 9.004313350000000549e-01 9.024724960000000129e-01 9.042817950000000549e-01 9.058906439999999671e-01 9.073253869999999832e-01 9.086084370000000465e-01 9.097587470000000343e-01 9.107925890000000413e-01 9.117239120000000252e-01 9.125646349999999574e-01 9.133251909999999807e-01 9.140144590000000013e-01 9.146403069999999857e-01 9.152094130000000272e-01 9.157277350000000427e-01 9.162004590000000226e-01 9.166322350000000174e-01 9.170269370000000420e-01 9.173881409999999903e-01 9.177190659999999722e-01 9.180224540000000433e-01 9.183007479999999445e-01 9.185560940000000452e-01 9.187905790000000517e-01 9.190059299999999709e-01 9.192036390000000168e-01 9.193851950000000439e-01 9.195518489999999767e-01 9.197047350000000510e-01 9.198448660000000388e-01 9.199731349999999974e-01 9.200904970000000072e-01 9.201976060000000013e-01 9.202952380000000154e-01 9.203839299999999612e-01 9.204643369999999658e-01 9.205369350000000006e-01 9.206021429999999839e-01 9.206604959999999949e-01 9.207122920000000432e-01 9.207579489999999645e-01 9.207977649999999903e-01 9.208320979999999878e-01 9.208611249999999471e-01 9.208850859999999638e-01 9.209043380000000445e-01 9.209190010000000148e-01 9.209293130000000271e-01 9.209353919999999638e-01 9.209374190000000349e-01 9.209355710000000084e-01 9.209299680000000432e-01 9.209207299999999652e-01 9.209079740000000180e-01 9.208917620000000026e-01 9.208723309999999884e-01 9.208496210000000071e-01 9.208238119999999638e-01 9.207949039999999696e-01 9.207630159999999897e-01 9.207282070000000207e-01 9.206905359999999483e-01 9.206500650000000174e-01 9.206068520000000310e-01 9.205608960000000174e-01 9.205122589999999994e-01 9.204609990000000019e-01 9.204071759999999935e-01 9.203507300000000058e-01 9.202918410000000549e-01 9.202303889999999820e-01 9.201664920000000025e-01 9.201002120000000284e-01 9.200314280000000400e-01 9.199603200000000536e-01 9.198868270000000180e-01 9.198109509999999878e-01 9.197328089999999845e-01 9.196523429999999832e-01 9.195695520000000123e-01 9.194844960000000400e-01 9.193971749999999554e-01 9.193076489999999490e-01 9.192158580000000523e-01 9.191219210000000084e-01
7.258315090000000414e-01 7.799112799999999845e-01 8.122811319999999613e-01 8.333390360000000330e-01 8.482596279999999878e-01 8.595248460000000090e-01 8.684010509999999794e-01 8.755953909999999452e-01 8.815397019999999806e-01 8.865191940000000104e-01 8.907338980000000239e-01 8.943307400000000129e-01 8.974212409999999807e-01 9.000923039999999542e-01 9.024128909999999948e-01 9.044382570000000232e-01 9.062135220000000491e-01 9.077755809999999981e-01 9.091550710000000368e-01 9.103773830000000400e-01 9.114637970000000200e-01 9.124321939999999742e-01 9.132978320000000316e-01 9.140735269999999968e-01 9.147703050000000058e-01 9.153974649999999658e-01 9.159632330000000433e-01 9.164745210000000419e-01 9.169373509999999561e-01 9.173570279999999633e-01 9.177380800000000116e-01 9.180844430000000278e-01 9.183996920000000452e-01 9.186868670000000181e-01 9.189487100000000019e-01 9.191875459999999665e-01 9.194055199999999761e-01 9.196045400000000258e-01 9.197861550000000497e-01 9.199519750000000329e-01 9.201032519999999826e-01 9.202411769999999658e-01 9.203668240000000278e-01 9.204811450000000006e-01 9.205849769999999710e-01 9.206790919999999767e-01 9.207641479999999490e-01 9.208408590000000116e-01 9.209097619999999651e-01 9.209712740000000064e-01 9.210259910000000438e-01 9.210742710000000555e-01 9.211164710000000477e-01 9.211529489999999987e-01 9.211840629999999974e-01 9.212100509999999742e-01 9.212312099999999671e-01 9.212477799999999606e-01 9.212598800000000310e-01 9.212678669999999626e-01 9.212718009999999458e-01 9.212719200000000219e-01 9.212682840000000484e-01 9.212611320000000381e-01 9.212505220000000161e-01 9.212366339999999987e-01 9.212194679999999858e-01 9.211992030000000220e-01 9.211758970000000213e-01 9.211496710000000032e-01 9.211205239999999961e-01 9.210885760000000477e-01 9.210538860000000438e-01 9.210165139999999528e-01 9.209765199999999652e-01 9.209338430000000297e-01 9.208886619999999690e-01 9.208409789999999484e-01 9.207907920000000246e-01 9.207382200000000516e-01 9.206831460000000078e-01 9.206257460000000226e-01 9.205659630000000426e-01 9.205038549999999820e-01 9.204394219999999516e-01 9.203727250000000026e-01 9.203037020000000012e-01 9.202324750000000497e-01 9.201589820000000142e-01 9.200832839999999457e-01 9.200053219999999587e-01 9.199252129999999639e-01 9.198428990000000471e-01 9.197584389999999832e-01 9.196718339999999658e-01 9.195830230000000549e-01 9.194921259999999652e-01 9.193990829999999503e-01 9.193039539999999787e-01 9.192066789999999710e-01
7.316865320000000006e-01 7.852763529999999825e-01 8.181695340000000316e-01 8.396497370000000071e-01 8.547316190000000535e-01 8.659445049999999755e-01 8.746260999999999619e-01 8.815405370000000129e-01 8.871599439999999781e-01 8.917958740000000439e-01 8.956654069999999690e-01 8.989258409999999477e-01 9.016949530000000212e-01 9.040630459999999813e-01 9.061003330000000355e-01 9.078626039999999620e-01 9.093945030000000207e-01 9.107320309999999974e-01 9.119047519999999851e-01 9.129368070000000168e-01 9.138482810000000400e-01 9.146559239999999535e-01 9.153736230000000251e-01 9.160132410000000336e-01 9.165846709999999620e-01 9.170964360000000148e-01 9.175557490000000316e-01 9.179687500000000000e-01 9.183407430000000149e-01 9.186763759999999612e-01 9.189795849999999877e-01 9.192538860000000200e-01 9.195021989999999645e-01 9.197272060000000193e-01 9.199311730000000464e-01 9.201161860000000026e-01 9.202839729999999774e-01 9.204360839999999877e-01 9.205740089999999709e-01 9.206988809999999690e-01 9.208118920000000207e-01 9.209139349999999613e-01 9.210059640000000103e-01 9.210886959999999846e-01 9.211629030000000329e-01 9.212291240000000103e-01 9.212879539999999645e-01 9.213399890000000259e-01 9.213855269999999820e-01 9.214251039999999948e-01 9.214590190000000458e-01 9.214876889999999987e-01 9.215113520000000058e-01 9.215302469999999690e-01 9.215447310000000058e-01 9.215549830000000497e-01 9.215611820000000343e-01 9.215635060000000323e-01 9.215621950000000284e-01 9.215573070000000477e-01 9.215490819999999639e-01 9.215375780000000239e-01 9.215229150000000535e-01 9.215052719999999864e-01 9.214845900000000478e-01 9.214611050000000025e-01 9.214348789999999845e-01 9.214058520000000252e-01 9.213742609999999722e-01 9.213400480000000226e-01 9.213033320000000304e-01 9.212640520000000555e-01 9.212223889999999749e-01 9.211783409999999561e-01 9.211319089999999710e-01 9.210831520000000161e-01 9.210320709999999522e-01 9.209787249999999981e-01 9.209231140000000426e-01 9.208652379999999749e-01 9.208052159999999819e-01 9.207429889999999562e-01 9.206785560000000368e-01 9.206119780000000530e-01 9.205432529999999502e-01 9.204724429999999735e-01 9.203994269999999922e-01 9.203243850000000226e-01 9.202471970000000168e-01 9.201678629999999748e-01 9.200865030000000555e-01 9.200030569999999575e-01 9.199175830000000387e-01 9.198300240000000239e-01 9.197403790000000523e-01 9.196487070000000097e-01 9.195550080000000071e-01 9.194592240000000194e-01 9.193614719999999574e-01 9.192616940000000181e-01
7.367177609999999710e-01 7.899546619999999741e-01 8.234188559999999768e-01 8.453315500000000426e-01 8.605677489999999930e-01 8.717169759999999767e-01 8.801949019999999457e-01 8.868260980000000071e-01 8.921232820000000174e-01 8.964242940000000104e-01 8.999621270000000006e-01 9.029036160000000200e-01 9.053716059999999954e-01 9.074586629999999987e-01 9.092360139999999813e-01 9.107589720000000000e-01 9.120712880000000355e-01 9.132078890000000504e-01 9.141968489999999781e-01 9.150610569999999555e-01 9.158191079999999928e-01 9.164865610000000329e-01 9.170760510000000032e-01 9.175982480000000052e-01 9.180621500000000212e-01 9.184752699999999548e-01 9.188439849999999742e-01 9.191737169999999457e-01 9.194691179999999742e-01 9.197340609999999916e-01 9.199721220000000033e-01 9.201861620000000297e-01 9.203787450000000536e-01 9.205521349999999936e-01 9.207082389999999839e-01 9.208487869999999464e-01 9.209752679999999581e-01 9.210889340000000258e-01 9.211909769999999664e-01 9.212824699999999645e-01 9.213642480000000523e-01 9.214371439999999858e-01 9.215018149999999464e-01 9.215589760000000297e-01 9.216091629999999535e-01 9.216529129999999626e-01 9.216905829999999522e-01 9.217227099999999451e-01 9.217495319999999825e-01 9.217714670000000110e-01 9.217887519999999890e-01 9.218016860000000090e-01 9.218105669999999696e-01 9.218154549999999503e-01 9.218167069999999574e-01 9.218143819999999877e-01 9.218087200000000259e-01 9.217997789999999858e-01 9.217877389999999949e-01 9.217727780000000148e-01 9.217548970000000175e-01 9.217342139999999961e-01 9.217108489999999987e-01 9.216849209999999903e-01 9.216563700000000026e-01 9.216253760000000517e-01 9.215919380000000549e-01 9.215561150000000090e-01 9.215179089999999684e-01 9.214774970000000343e-01 9.214347600000000194e-01 9.213898179999999716e-01 9.213427309999999704e-01 9.212934369999999928e-01 9.212419990000000336e-01 9.211884139999999555e-01 9.211327430000000316e-01 9.210749860000000400e-01 9.210151429999999806e-01 9.209532740000000439e-01 9.208893179999999568e-01 9.208233359999999923e-01 9.207553269999999568e-01 9.206852909999999612e-01 9.206132289999999774e-01 9.205392000000000019e-01 9.204631450000000381e-01 9.203850630000000033e-01 9.203050139999999768e-01 9.202229979999999587e-01 9.201389549999999806e-01 9.200529459999999826e-01 9.199649690000000213e-01 9.198749659999999606e-01 9.197830559999999878e-01 9.196891190000000549e-01 9.195932749999999878e-01 9.194954629999999574e-01 9.193956260000000213e-01 9.192938800000000077e-01
7.410861850000000084e-01 7.940742969999999845e-01 8.281171920000000020e-01 8.504432440000000426e-01 8.658095599999999781e-01 8.768755200000000194e-01 8.851386310000000091e-01 8.914843199999999968e-01 8.964653019999999639e-01 9.004438519999999890e-01 9.036675100000000072e-01 9.063109160000000220e-01 9.085009099999999949e-01 9.103314879999999665e-01 9.118738170000000309e-01 9.131823780000000168e-01 9.142996669999999826e-01 9.152591230000000078e-01 9.160872700000000091e-01 9.168054460000000239e-01 9.174309370000000019e-01 9.179778100000000052e-01 9.184576869999999671e-01 9.188800449999999786e-01 9.192528720000000542e-01 9.195827840000000419e-01 9.198754430000000148e-01 9.201354980000000516e-01 9.203669429999999929e-01 9.205732939999999864e-01 9.207573529999999451e-01 9.209216239999999942e-01 9.210683699999999696e-01 9.211993809999999838e-01 9.213163260000000188e-01 9.214205739999999922e-01 9.215133789999999658e-01 9.215958119999999587e-01 9.216688280000000510e-01 9.217332010000000020e-01 9.217897649999999832e-01 9.218391780000000368e-01 9.218819139999999690e-01 9.219185109999999961e-01 9.219495060000000297e-01 9.219751950000000251e-01 9.219959970000000116e-01 9.220122099999999987e-01 9.220241310000000245e-01 9.220320579999999877e-01 9.220361110000000471e-01 9.220366479999999587e-01 9.220337269999999696e-01 9.220275879999999535e-01 9.220183490000000148e-01 9.220061299999999793e-01 9.219911100000000026e-01 9.219732880000000019e-01 9.219529029999999903e-01 9.219298959999999710e-01 9.219045040000000135e-01 9.218766689999999819e-01 9.218464490000000122e-01 9.218140240000000096e-01 9.217792750000000090e-01 9.217423799999999723e-01 9.217033390000000104e-01 9.216622110000000090e-01 9.216189380000000542e-01 9.215736390000000000e-01 9.215263129999999858e-01 9.214769600000000116e-01 9.214255810000000491e-01 9.213722349999999839e-01 9.213169220000000381e-01 9.212596419999999897e-01 9.212003949999999497e-01 9.211392400000000258e-01 9.210761189999999710e-01 9.210110900000000322e-01 9.209441539999999593e-01 9.208753109999999742e-01 9.208045009999999975e-01 9.207317830000000258e-01 9.206572179999999994e-01 9.205806850000000097e-01 9.205022449999999967e-01 9.204218979999999606e-01 9.203396440000000123e-01 9.202554819999999580e-01 9.201694129999999916e-01 9.200813770000000336e-01 9.199914930000000490e-01 9.198997020000000413e-01 9.198060040000000104e-01 9.197103979999999845e-01 9.196128850000000465e-01 9.195134040000000342e-01 9.194120759999999670e-01 9.193088409999999877e-01
