1.354499670000000057e-18 7.487048500000000309e-19 8.487007499999999789e-19 1.138413519999999969e-18 1.523566389999999996e-18 1.976423580000000082e-18 2.484409469999999984e-18 3.039124639999999818e-18 3.633235740000000043e-18 4.259372999999999931e-18 4.909748720000000188e-18 5.576156439999999991e-18 6.250206900000000090e-18 6.923676259999999916e-18 7.588870919999999384e-18 8.238931489999999497e-18 8.868048659999999285e-18 9.471572870000000517e-18 1.004603329999999931e-17 1.058908560000000070e-17 1.109941140000000056e-17 1.157658540000000021e-17 1.202093530000000005e-17 1.243339649999999981e-17 1.281537770000000064e-17 1.316864500000000054e-17 1.349521429999999945e-17 1.379726430000000009e-17 1.407706889999999970e-17 1.433693589999999853e-17 1.457917240000000012e-17 1.480604159999999905e-17 1.501975369999999887e-17 1.522244100000000000e-17 1.541615849999999913e-17 1.560287630000000102e-17 1.578447879999999966e-17 1.596277599999999892e-17 1.613950139999999914e-17 1.631632780000000090e-17 1.649486820000000099e-17 1.667668740000000031e-17 1.686331260000000149e-17 1.705624249999999870e-17 1.725695299999999976e-17 1.746690630000000049e-17 1.768755669999999950e-17 1.792036499999999917e-17 1.816679040000000142e-17 1.842830689999999848e-17 1.870640499999999996e-17 1.900258859999999996e-17 1.931838300000000097e-17 1.965533669999999967e-17 2.001501630000000133e-17 2.039901340000000055e-17 2.080893600000000118e-17 2.124641530000000129e-17 2.171309399999999873e-17 2.221063660000000137e-17 2.274071210000000021e-17 2.330500149999999891e-17 2.390518720000000074e-17 2.454295500000000146e-17 2.521998749999999902e-17 2.593795869999999893e-17 2.669853309999999982e-17 2.750335829999999975e-17 2.835406389999999943e-17 2.925225970000000091e-17 3.019952709999999976e-17 3.119741789999999861e-17 3.224745090000000233e-17 3.335110839999999896e-17 3.450984609999999905e-17 3.572506379999999932e-17 3.699812449999999842e-17 3.833035509999999832e-17 3.972302290000000109e-17 4.117736189999999903e-17 4.269455340000000232e-17 4.427572570000000232e-17 4.592196399999999863e-17 4.763430399999999733e-17 4.941373490000000176e-17 5.126118989999999945e-17 5.317756550000000034e-17 5.516370230000000048e-17 5.722039749999999836e-17 5.934840900000000099e-17 6.154843809999999403e-17 6.382115990000000582e-17 6.616718970000000544e-17 6.858712309999999611e-17 7.108149620000000161e-17 7.365083160000000377e-17 7.629560599999999961e-17 7.901625600000000370e-17 8.181320509999999648e-17 8.468682389999999704e-17
1.922863220000000166e-18 1.062032800000000022e-18 1.203299840000000054e-18 1.613816659999999997e-18 2.159717500000000079e-18 2.801630960000000131e-18 3.521715250000000170e-18 4.308060850000000141e-18 5.150275060000000216e-18 6.037915549999999624e-18 6.959948960000000640e-18 7.904752999999999557e-18 8.860444389999999792e-18 9.815379739999999771e-18 1.075866670000000062e-17 1.168060009999999972e-17 1.257296080000000054e-17 1.342917630000000002e-17 1.424434299999999958e-17 1.501515620000000077e-17 1.573975980000000023e-17 1.641756649999999978e-17 1.704904940000000003e-17 1.763554190000000053e-17 1.817904760000000121e-17 1.868206930000000111e-17 1.914746429999999955e-17 1.957831619999999923e-17 1.997784119999999942e-17 2.034930320000000093e-17 2.069595800000000036e-17 2.102100519999999924e-17 2.132756000000000148e-17 2.161863330000000043e-17 2.189712020000000068e-17 2.216579669999999979e-17 2.242732309999999926e-17 2.268424380000000063e-17 2.293900550000000059e-17 2.319396070000000085e-17 2.345138269999999923e-17 2.371347649999999935e-17 2.398239459999999884e-17 2.426024949999999948e-17 2.454912080000000107e-17 2.485107149999999949e-17 2.516815800000000034e-17 2.550243820000000151e-17 2.585597520000000087e-17 2.623085509999999888e-17 2.662918059999999994e-17 2.705308259999999869e-17 2.750471819999999946e-17 2.798627960000000224e-17 2.849998520000000133e-17 2.904808830000000124e-17 2.963287190000000139e-17 3.025664219999999850e-17 3.092173510000000269e-17 3.163050319999999911e-17 3.238531869999999850e-17 3.318856409999999714e-17 3.404262799999999961e-17 3.494989959999999755e-17 3.591277090000000033e-17 3.693361439999999988e-17 3.801479239999999837e-17 3.915864750000000124e-17 4.036749249999999860e-17 4.164361380000000085e-17 4.298925139999999912e-17 4.440661219999999717e-17 4.589785669999999799e-17 4.746509260000000198e-17 4.911037800000000173e-17 5.083570799999999747e-17 5.264302160000000246e-17 5.453419469999999872e-17 5.651104050000000024e-17 5.857530620000000083e-17 6.072866900000000077e-17 6.297273729999999939e-17 6.530905930000000295e-17 6.773909749999999463e-17 7.026425490000000289e-17 7.288587490000000080e-17 7.560522119999999408e-17 7.842349169999999679e-17 8.134182460000000271e-17 8.436129189999999386e-17 8.748289950000000411e-17 9.070760030000000536e-17 9.403628090000000514e-17 9.746978189999999952e-17 1.010088839999999973e-16 1.046543090000000027e-16 1.084067380000000010e-16 1.122668190000000087e-16 1.162351290000000107e-16 1.203122159999999921e-16
2.730640449999999989e-18 1.506730369999999906e-18 1.706148309999999955e-18 2.287796490000000156e-18 3.061522209999999838e-18 3.971419029999999930e-18 4.992169410000000018e-18 6.106886690000000049e-18 7.300841670000000636e-18 8.559240639999999327e-18 9.866455659999999738e-18 1.120602589999999953e-17 1.256112800000000033e-17 1.391527889999999927e-17 1.525306489999999909e-17 1.656075640000000053e-17 1.782673479999999987e-17 1.904171419999999953e-17 2.019877449999999852e-17 2.129326179999999979e-17 2.232257229999999965e-17 2.328589519999999890e-17 2.418392059999999852e-17 2.501855240000000072e-17 2.579263799999999934e-17 2.650972909999999858e-17 2.717387079999999937e-17 2.778943049999999919e-17 2.836094940000000221e-17 2.889304489999999790e-17 2.939030289999999804e-17 2.985724629999999737e-17 3.029825929999999816e-17 3.071758700000000227e-17 3.111930560000000208e-17 3.150731609999999905e-17 3.188536750000000106e-17 3.225703629999999776e-17 3.262576360000000143e-17 3.299485489999999996e-17 3.336751300000000196e-17 3.374683159999999794e-17 3.413584799999999795e-17 3.453752689999999850e-17 3.495480309999999726e-17 3.539058169999999702e-17 3.584776440000000192e-17 3.632924640000000002e-17 3.683794589999999741e-17 3.737680779999999810e-17 3.794880320000000038e-17 3.855694309999999957e-17 3.920428470000000015e-17 3.989392169999999882e-17 4.062900070000000295e-17 4.141271460000000024e-17 4.224829280000000142e-17 4.313900750000000307e-17 4.408817079999999880e-17 4.509911780000000027e-17 4.617521700000000004e-17 4.731983970000000226e-17 4.853638749999999922e-17 4.982824509999999808e-17 5.119880719999999803e-17 5.265144560000000066e-17 5.418951179999999914e-17 5.581633459999999910e-17 5.753520259999999716e-17 5.934935530000000417e-17 6.126198220000000303e-17 6.327621329999999721e-17 6.539513239999999946e-17 6.762171729999999728e-17 6.995890620000000549e-17 7.240952469999999557e-17 7.497633889999999659e-17 7.766202230000000296e-17 8.046913580000000280e-17 8.340017419999999904e-17 8.645751980000000256e-17 8.964346220000000002e-17 9.296019840000000507e-17 9.640982610000000145e-17 9.999433720000000080e-17 1.037156369999999988e-16 1.075755199999999953e-16 1.115757060000000096e-16 1.157178160000000036e-16 1.200033660000000078e-16 1.244337989999999939e-16 1.290104630000000004e-16 1.337346439999999880e-16 1.386075190000000060e-16 1.436301989999999976e-16 1.488037439999999935e-16 1.541291060000000100e-16 1.596072119999999933e-16 1.652388829999999881e-16 1.710249120000000092e-16
3.879294679999999728e-18 2.138040409999999834e-18 2.419288219999999819e-18 3.243330929999999821e-18 4.339940400000000148e-18 5.629701500000000211e-18 7.076679029999999383e-18 8.656928180000000229e-18 1.034957629999999986e-17 1.213366669999999985e-17 1.398706989999999892e-17 1.588647850000000142e-17 1.780807689999999851e-17 1.972854380000000025e-17 2.162607630000000144e-17 2.348126210000000048e-17 2.527768659999999923e-17 2.700224399999999959e-17 2.864518189999999983e-17 3.019995390000000155e-17 3.166291870000000302e-17 3.303296809999999888e-17 3.431111100000000152e-17 3.550007400000000147e-17 3.660390679999999710e-17 3.762764869999999794e-17 3.857702699999999810e-17 3.945821920000000089e-17 4.027764419999999990e-17 4.104181020000000200e-17 4.175719239999999781e-17 4.243015009999999955e-17 4.306686410000000104e-17 4.367329669999999725e-17 4.425517520000000077e-17 4.481799219999999844e-17 4.536699199999999986e-17 4.590721040000000160e-17 4.644346829999999780e-17 4.698040780000000145e-17 4.752251219999999767e-17 4.807414240000000178e-17 4.863955010000000288e-17 4.922290769999999969e-17 4.982833439999999901e-17 5.045992320000000103e-17 5.112175040000000005e-17 5.181790559999999762e-17 5.255249820000000008e-17 5.332968069999999937e-17 5.415364860000000188e-17 5.502866010000000047e-17 5.595903310000000216e-17 5.694914849999999402e-17 5.800345970000000551e-17 5.912648640000000583e-17 6.032280130000000151e-17 6.159705649999999756e-17 6.295392390000000385e-17 6.439816139999999747e-17 6.593452029999999913e-17 6.756781160000000053e-17 6.930284610000000180e-17 7.114443470000000503e-17 7.309740149999999906e-17 7.516653089999999814e-17 7.735659419999999472e-17 7.967231609999999505e-17 8.211836190000000328e-17 8.469934410000000248e-17 8.741980220000000364e-17 9.028418970000000122e-17 9.329686750000000435e-17 9.646209729999999419e-17 9.978404139999999395e-17 1.032667360000000032e-16 1.069141069999999984e-16 1.107299499999999984e-16 1.147179199999999982e-16 1.188815769999999981e-16 1.232243019999999882e-16 1.277493640000000013e-16 1.324598860000000026e-16 1.373588460000000081e-16 1.424490909999999885e-16 1.477333459999999956e-16 1.532141649999999934e-16 1.588939969999999897e-16 1.647751590000000012e-16 1.708597939999999972e-16 1.771499929999999906e-16 1.836476750000000107e-16 1.903546409999999994e-16 1.972726230000000048e-16 2.044031849999999968e-16 2.117478339999999900e-16 2.193079469999999978e-16 2.270848480000000087e-16 2.350797009999999906e-16 2.432936970000000198e-16
5.513638550000000360e-18 3.034530069999999888e-18 3.430762400000000054e-18 4.598092299999999961e-18 6.152296430000000183e-18 7.980515300000000102e-18 1.003173460000000007e-17 1.227199609999999993e-17 1.467172569999999868e-17 1.720124230000000134e-17 1.982921499999999961e-17 2.252265399999999892e-17 2.524786339999999921e-17 2.797185359999999751e-17 3.066380370000000000e-17 3.329628610000000009e-17 3.584613320000000077e-17 3.829486910000000119e-17 4.062876579999999791e-17 4.283863840000000104e-17 4.491941450000000136e-17 4.686959539999999851e-17 4.869067319999999945e-17 5.038654569999999859e-17 5.196298979999999788e-17 5.342714579999999960e-17 5.478713659999999747e-17 5.605168400000000362e-17 5.722984729999999405e-17 5.833080480000000223e-17 5.936366220000000495e-17 6.033737289999999802e-17 6.126061239999999475e-17 6.214174500000000383e-17 6.298881100000000108e-17 6.380949330000000397e-17 6.461114379999999591e-17 6.540080349999999853e-17 6.618522220000000057e-17 6.697089160000000078e-17 6.776410490000000159e-17 6.857094340000000612e-17 6.939737629999999623e-17 7.024923999999999645e-17 7.113232480000000559e-17 7.205237460000000319e-17 7.301510689999999525e-17 7.402628559999999469e-17 7.509169420000000302e-17 7.621718260000000042e-17 7.740867349999999687e-17 7.867216869999999499e-17 8.001377620000000197e-17 8.143969000000000457e-17 8.295620989999999861e-17 8.456973480000000595e-17 8.628674999999999887e-17 8.811383320000000500e-17 9.005764139999999923e-17 9.212487829999999392e-17 9.432233319999999781e-17 9.665680229999999427e-17 9.913513470000000200e-17 1.017641729999999990e-16 1.045507519999999956e-16 1.075016829999999992e-16 1.106237470000000042e-16 1.139236549999999930e-16 1.174080569999999887e-16 1.210835049999999973e-16 1.249564579999999950e-16 1.290332400000000066e-16 1.333200869999999892e-16 1.378230600000000053e-16 1.425480609999999932e-16 1.475008619999999884e-16 1.526870329999999989e-16 1.581120009999999991e-16 1.637809799999999921e-16 1.696990140000000113e-16 1.758709460000000083e-16 1.823014350000000119e-16 1.889949149999999930e-16 1.959556590000000057e-16 2.031877320000000083e-16 2.106949989999999953e-16 2.184811370000000096e-16 2.265496029999999860e-16 2.349037299999999998e-16 2.435466160000000210e-16 2.524811719999999887e-16 2.617102049999999795e-16 2.712362820000000144e-16 2.810618640000000150e-16 2.911892280000000053e-16 3.016204920000000084e-16 3.123576929999999926e-16 3.234026319999999987e-16 3.347571089999999983e-16 3.464226849999999767e-16
7.840482719999999896e-18 4.307973590000000093e-18 4.865526409999999667e-18 6.518961599999999697e-18 8.721658379999999632e-18 1.131315569999999945e-17 1.422100990000000092e-17 1.739706249999999871e-17 2.079941509999999968e-17 2.438604220000000140e-17 2.811259669999999961e-17 3.193240760000000180e-17 3.579781270000000079e-17 3.966218540000000274e-17 4.348197639999999817e-17 4.721847699999999921e-17 5.083902340000000009e-17 5.431759910000000221e-17 5.763492749999999950e-17 6.077816090000000234e-17 6.374025500000000473e-17 6.651921130000000165e-17 6.911726650000000602e-17 7.154000570000000035e-17 7.379566770000000606e-17 7.589439689999999682e-17 7.784767470000000388e-17 7.966782940000000511e-17 8.136763270000000257e-17 8.295998179999999793e-17 8.445770149999999553e-17 8.587332519999999991e-17 8.721900900000000120e-17 8.850647270000000549e-17 8.974693919999999687e-17 9.095114870000000544e-17 9.212936489999999423e-17 9.329139490000000160e-17 9.444665520000000111e-17 9.560421170000000531e-17 9.677281279999999762e-17 9.796096839999999699e-17 9.917699669999999874e-17 1.004290699999999943e-16 1.017252689999999972e-16 1.030736389999999946e-16 1.044822149999999944e-16 1.059590640000000010e-16 1.075123299999999953e-16 1.091502339999999960e-16 1.108811190000000023e-16 1.127134700000000027e-16 1.146558890000000040e-16 1.167171430000000079e-16 1.189061409999999932e-16 1.212319349999999965e-16 1.237037220000000038e-16 1.263308080000000111e-16 1.291226550000000059e-16 1.320887659999999882e-16 1.352387759999999981e-16 1.385823589999999999e-16 1.421292170000000119e-16 1.458890900000000062e-16 1.498717070000000109e-16 1.540867549999999977e-16 1.585438680000000121e-16 1.632526039999999948e-16 1.682224240000000123e-16 1.734626730000000092e-16 1.789825349999999887e-16 1.847910499999999994e-16 1.908970459999999903e-16 1.973091909999999883e-16 2.040359169999999939e-16 2.110854150000000066e-16 2.184656659999999896e-16 2.261843989999999862e-16 2.342490260000000079e-16 2.426667869999999838e-16 2.514445629999999766e-16 2.605890240000000182e-16 2.701065249999999996e-16 2.800031519999999789e-16 2.902846760000000214e-16 3.009566820000000091e-16 3.120243860000000088e-16 3.234927880000000076e-16 3.353666020000000246e-16 3.476502999999999843e-16 3.603480920000000163e-16 3.734639199999999926e-16 3.870015189999999802e-16 4.009643800000000115e-16 4.153558140000000029e-16 4.301788909999999934e-16 4.454364690000000207e-16 4.611311950000000421e-16 4.772656380000000190e-16 4.938421249999999664e-16
1.115525189999999940e-17 6.117409669999999891e-18 6.900934169999999978e-18 9.242617549999999783e-18 1.236433019999999981e-17 1.603782269999999937e-17 2.016018819999999899e-17 2.466313769999999961e-17 2.948731789999999721e-17 3.457324790000000262e-17 3.985818090000000220e-17 4.527611789999999750e-17 5.075970009999999849e-17 5.624304730000000481e-17 6.166471320000000348e-17 6.697011070000000037e-17 7.211325509999999749e-17 7.705759149999999616e-17 8.177610769999999685e-17 8.625089009999999830e-17 9.047223099999999408e-17 9.443754289999999397e-17 9.815015450000000166e-17 1.016181520000000025e-16 1.048532560000000057e-16 1.078698840000000042e-16 1.106842829999999964e-16 1.133138439999999895e-16 1.157765260000000091e-16 1.180904619999999927e-16 1.202736099999999958e-16 1.223435070000000066e-16 1.243171330000000001e-16 1.262108079999999963e-16 1.280401870000000116e-16 1.298201869999999883e-16 1.315650620000000027e-16 1.332884430000000116e-16 1.350034069999999927e-16 1.367225130000000070e-16 1.384579249999999897e-16 1.402214599999999971e-16 1.420246610000000072e-16 1.438789350000000024e-16 1.457955329999999982e-16 1.477856630000000082e-16 1.498605900000000008e-16 1.520315879999999974e-16 1.543100799999999973e-16 1.567076330000000035e-16 1.592359739999999903e-16 1.619070259999999902e-16 1.647329659999999951e-16 1.677261549999999931e-16 1.708991940000000033e-16 1.742648790000000096e-16 1.778362479999999918e-16 1.816265089999999975e-16 1.856490420000000091e-16 1.899174000000000122e-16 1.944452269999999958e-16 1.992462900000000106e-16 2.043343900000000075e-16 2.097233590000000006e-16 2.154270539999999999e-16 2.214592789999999902e-16 2.278337309999999854e-16 2.345640700000000159e-16 2.416637410000000032e-16 2.491460590000000150e-16 2.570241540000000049e-16 2.653108889999999839e-16 2.740188909999999862e-16 2.831605200000000051e-16 2.927477949999999771e-16 3.027924410000000098e-16 3.133058400000000163e-16 3.242990310000000108e-16 3.357826540000000007e-16 3.477669790000000103e-16 3.602619319999999979e-16 3.732769909999999927e-16 3.868212859999999778e-16 4.009034999999999776e-16 4.155319700000000096e-16 4.307146389999999848e-16 4.464589959999999649e-16 4.627722160000000387e-16 4.796610470000000365e-16 4.971319479999999590e-16 5.151909550000000210e-16 5.338437329999999916e-16 5.530956800000000426e-16 5.729518259999999587e-16 5.934169359999999668e-16 6.144953509999999951e-16 6.361913059999999716e-16 6.585086649999999696e-16 6.814510289999999523e-16 7.050218390000000100e-16
1.587978489999999848e-17 8.689090620000000445e-18 9.788703990000000624e-18 1.310473209999999950e-17 1.752883560000000108e-17 2.273618239999999890e-17 2.858056590000000260e-17 3.496514949999999865e-17 4.180587689999999881e-17 4.901859410000000072e-17 5.651458089999999933e-17 6.420055780000000453e-17 7.198139590000000126e-17 7.976413309999999577e-17 8.746212069999999707e-17 9.499853020000000034e-17 1.023087220000000032e-16 1.093414579999999991e-16 1.160590250000000094e-16 1.224365740000000041e-16 1.284608180000000064e-16 1.341284880000000083e-16 1.394446519999999945e-16 1.444209969999999959e-16 1.490742780000000034e-16 1.534249700000000037e-16 1.574960359999999893e-16 1.613119589999999995e-16 1.648979920000000089e-16 1.682795060000000052e-16 1.714815950000000114e-16 1.745286900000000121e-16 1.774444030000000109e-16 1.802513910000000112e-16 1.829713059999999997e-16 1.856247949999999964e-16 1.882315659999999880e-16 1.908104110000000082e-16 1.933793689999999940e-16 1.959557779999999892e-16 1.985564080000000068e-16 2.011975889999999909e-16 2.038953090000000064e-16 2.066653189999999984e-16 2.095232479999999927e-16 2.124846999999999953e-16 2.155653059999999974e-16 2.187808549999999962e-16 2.221473080000000220e-16 2.256808380000000078e-16 2.293979630000000219e-16 2.333154640000000207e-16 2.374504400000000124e-16 2.418203629999999967e-16 2.464430179999999763e-16 2.513365660000000047e-16 2.565194279999999897e-16 2.620103459999999985e-16 2.678283500000000067e-16 2.739926059999999854e-16 2.805225680000000116e-16 2.874378249999999899e-16 2.947579630000000130e-16 3.025027820000000167e-16 3.106919229999999849e-16 3.193450800000000008e-16 3.284818650000000241e-16 3.381216819999999928e-16 3.482837479999999871e-16 3.589870950000000218e-16 3.702504629999999771e-16 3.820922209999999772e-16 3.945304239999999763e-16 4.075827519999999960e-16 4.212663569999999952e-16 4.355980750000000194e-16 4.505941579999999921e-16 4.662704089999999871e-16 4.826420729999999712e-16 4.997239219999999869e-16 5.175300900000000334e-16 5.360742349999999788e-16 5.553694339999999735e-16 5.754281799999999967e-16 5.962624379999999650e-16 6.178835890000000184e-16 6.403024329999999873e-16 6.635292939999999656e-16 6.875739129999999940e-16 7.124454999999999921e-16 7.381528440000000341e-16 7.647041510000000428e-16 7.921071489999999680e-16 8.203691439999999931e-16 8.494969659999999731e-16 8.794970729999999877e-16 9.103755529999999861e-16 9.421378070000000017e-16 9.747894439999999910e-16 1.008335130000000021e-15
2.261561089999999889e-17 1.234467889999999932e-17 1.388602820000000094e-17 1.858136510000000092e-17 2.485121540000000119e-17 3.223310759999999898e-17 4.051929999999999978e-17 4.957248410000000079e-17 5.927367820000000456e-17 6.950389069999999891e-17 8.013774079999999764e-17 9.104352159999999778e-17 1.020870049999999952e-16 1.131371580000000043e-16 1.240720230000000031e-16 1.347836409999999983e-16 1.451813680000000095e-16 1.551936280000000108e-16 1.647679589999999910e-16 1.738700960000000056e-16 1.824820650000000069e-16 1.905999760000000052e-16 1.982315840000000093e-16 2.053938689999999942e-16 2.121108279999999932e-16 2.184115089999999878e-16 2.243283380000000021e-16 2.298957800000000187e-16 2.351491579999999987e-16 2.401239140000000101e-16 2.448548849999999832e-16 2.493759759999999765e-16 2.537198260000000106e-16 2.579177209999999944e-16 2.619993870000000191e-16 2.659931740000000095e-16 2.699261329999999962e-16 2.738239669999999960e-16 2.777113720000000195e-16 2.816120649999999779e-16 2.855490469999999897e-16 2.895446600000000162e-16 2.936208739999999970e-16 2.977993410000000175e-16 3.021016329999999804e-16 3.065493230000000051e-16 3.111640909999999848e-16 3.159678529999999870e-16 3.209828709999999873e-16 3.262317750000000037e-16 3.317376479999999824e-16 3.375241009999999814e-16 3.436151670000000226e-16 3.500354919999999776e-16 3.568102470000000184e-16 3.639650279999999937e-16 3.715259879999999871e-16 3.795197030000000160e-16 3.879731710000000121e-16 3.969137099999999973e-16 4.063689270000000201e-16 4.163667210000000177e-16 4.269350460000000158e-16 4.381020899999999781e-16 4.498959379999999758e-16 4.623446760000000010e-16 4.754762799999999670e-16 4.893185460000000166e-16 5.038989469999999960e-16 5.192447490000000447e-16 5.353826330000000135e-16 5.523390149999999978e-16 5.701397299999999808e-16 5.888100830000000411e-16 6.083747439999999774e-16 6.288577479999999981e-16 6.502825460000000424e-16 6.726717440000000043e-16 6.960472600000000398e-16 7.204302679999999654e-16 7.458412030000000462e-16 7.722996010000000389e-16 7.998243070000000017e-16 8.284333739999999975e-16 8.581439549999999556e-16 8.889725130000000279e-16 9.209346660000000255e-16 9.540452900000000509e-16 9.883185719999999557e-16 1.023767640000000098e-15 1.060405420000000044e-15 1.098243540000000027e-15 1.137293559999999938e-15 1.177565850000000080e-15 1.219070460000000023e-15 1.261816830000000040e-15 1.305813629999999950e-15 1.351069110000000044e-15 1.397591019999999912e-15 1.445386660000000014e-15
3.221815549999999948e-17 1.754087440000000087e-17 1.969956110000000051e-17 2.634761159999999857e-17 3.523342730000000274e-17 4.569846310000000068e-17 5.744752149999999679e-17 7.028599330000000183e-17 8.404555380000000527e-17 9.855804060000000040e-17 1.136464629999999888e-16 1.291250509999999887e-16 1.448046369999999995e-16 1.605008320000000078e-16 1.760422850000000047e-16 1.912776550000000022e-16 2.060802710000000084e-16 2.203504990000000099e-16 2.340158009999999912e-16 2.470292709999999959e-16 2.593670209999999764e-16 2.710247879999999999e-16 2.820145910000000029e-16 2.923612039999999920e-16 3.020990649999999891e-16 3.112693879999999991e-16 3.199179380000000162e-16 3.280929710000000001e-16 3.358438250000000018e-16 3.432196560000000164e-16 3.502687169999999944e-16 3.570376489999999890e-16 3.635712640000000083e-16 3.699122320000000120e-16 3.761011840000000015e-16 3.821766599999999898e-16 3.881752680000000027e-16 3.941319209999999764e-16 4.000799979999999953e-16 4.060516339999999930e-16 4.120779550000000059e-16 4.181893509999999860e-16 4.244156790000000206e-16 4.307864779999999980e-16 4.373312629999999784e-16 4.440796279999999880e-16 4.510614560000000307e-16 4.583071340000000490e-16 4.658474750000000273e-16 4.737140279999999849e-16 4.819390359999999939e-16 4.905555319999999839e-16 4.995974490000000183e-16 5.090993590000000260e-16 5.190967830000000409e-16 5.296259850000000224e-16 5.407240220000000435e-16 5.524286409999999542e-16 5.647781169999999632e-16 5.778113599999999678e-16 5.915678099999999667e-16 6.060870670000000287e-16 6.214092050000000190e-16 6.375744050000000198e-16 6.546228490000000347e-16 6.725946639999999782e-16 6.915300329999999720e-16 7.114686059999999770e-16 7.324498769999999629e-16 7.545128089999999749e-16 7.776959419999999768e-16 8.020369690000000454e-16 8.275731589999999592e-16 8.543407240000000417e-16 8.823752910000000319e-16 9.117114299999999180e-16 9.423827050000000467e-16 9.744218320000000698e-16 1.007860359999999908e-15 1.042728900000000085e-15 1.079056760000000017e-15 1.116872339999999917e-15 1.156202830000000016e-15 1.197074179999999981e-15 1.239511490000000027e-15 1.283538250000000066e-15 1.329177439999999904e-15 1.376450460000000028e-15 1.425377830000000095e-15 1.475978949999999967e-15 1.528272320000000058e-15 1.582275230000000017e-15 1.638004070000000048e-15 1.695474510000000093e-15 1.754700959999999921e-15 1.815697279999999997e-15 1.878476399999999965e-15 1.943050379999999822e-15 2.009430659999999876e-15 2.077627820000000194e-15
4.589847540000000271e-17 2.492469890000000119e-17 2.794747160000000294e-17 3.736063810000000014e-17 4.995454559999999770e-17 6.479152210000000271e-17 8.145224989999999695e-17 9.966102969999999484e-17 1.191799179999999960e-16 1.397715539999999975e-16 1.611863329999999919e-16 1.831625500000000115e-16 2.054341299999999883e-16 2.277421190000000217e-16 2.498463440000000047e-16 2.715353370000000119e-16 2.926327840000000058e-16 3.130006970000000203e-16 3.325395500000000079e-16 3.511858419999999925e-16 3.689083650000000116e-16 3.857034669999999930e-16 4.015899139999999797e-16 4.166040500000000154e-16 4.307953190000000037e-16 4.442222469999999783e-16 4.569491820000000487e-16 4.690435949999999693e-16 4.805739360000000380e-16 4.916080230000000356e-16 5.022119749999999696e-16 5.124495330000000196e-16 5.223814709999999720e-16 5.320655460000000188e-16 5.415563379999999969e-16 5.509055700000000209e-16 5.601622110000000306e-16 5.693728999999999912e-16 5.785821069999999819e-16 5.878327660000000431e-16 5.971664859999999608e-16 6.066239270000000073e-16 6.162451620000000280e-16 6.260700560000000440e-16 6.361386309999999889e-16 6.464911209999999948e-16 6.571684470000000108e-16 6.682122219999999996e-16 6.796651130000000103e-16 6.915709019999999897e-16 7.039744290000000492e-16 7.169219099999999736e-16 7.304608320000000288e-16 7.446400050000000058e-16 7.595094560000000090e-16 7.751205909999999735e-16 7.915257659999999591e-16 8.087787159999999548e-16 8.269339139999999745e-16 8.460467889999999785e-16 8.661735630000000403e-16 8.873709860000000008e-16 9.096962330000000183e-16 9.332069029999999582e-16 9.579604879999999615e-16 9.840147980000000723e-16 1.011427330000000036e-15 1.040255029999999974e-15 1.070554779999999939e-15 1.102382569999999910e-15 1.135793889999999953e-15 1.170843159999999934e-15 1.207583850000000087e-15 1.246068470000000031e-15 1.286348170000000021e-15 1.328473029999999918e-15 1.372491640000000043e-15 1.418451110000000002e-15 1.466397310000000015e-15 1.516374260000000047e-15 1.568424860000000065e-15 1.622589970000000010e-15 1.678909090000000066e-15 1.737420220000000097e-15 1.798159260000000149e-15 1.861161349999999810e-15 1.926459119999999912e-15 1.994084119999999901e-15 2.064066399999999890e-15 2.136434149999999931e-15 2.211214659999999843e-15 2.288433360000000177e-15 2.368114170000000174e-15 2.450280180000000017e-15 2.534952770000000194e-15 2.622152269999999808e-15 2.711897740000000159e-15 2.804207179999999979e-15 2.899097740000000125e-15 2.996585300000000103e-15
6.535987460000000587e-17 3.540987159999999799e-17 3.964669070000000035e-17 5.297718269999999969e-17 7.082838550000000145e-17 9.186598400000000263e-17 1.154947560000000057e-16 1.413245090000000035e-16 1.690192440000000013e-16 1.982442889999999898e-16 2.286482589999999761e-16 2.598631440000000021e-16 2.915154679999999895e-16 3.232424630000000127e-16 3.547087049999999858e-16 3.856198490000000001e-16 4.157317909999999958e-16 4.448548219999999805e-16 4.728535490000000138e-16 4.996434540000000186e-16 5.251849909999999951e-16 5.494769430000000246e-16 5.725490620000000160e-16 5.944549750000000172e-16 6.152657279999999772e-16 6.350643820000000483e-16 6.539411460000000423e-16 6.719897240000000296e-16 6.893044540000000450e-16 7.059780330000000048e-16 7.221002460000000142e-16 7.377569619999999764e-16 7.530294429999999928e-16 7.679944499999999695e-16 7.827242469999999910e-16 7.972868609999999778e-16 8.117465609999999749e-16 8.261641729999999963e-16 8.405980380000000102e-16 8.551041120000000200e-16 8.697369770000000002e-16 8.845499950000000466e-16 8.995962119999999960e-16 9.149285669999999611e-16 9.306004769999999291e-16 9.466660449999999804e-16 9.631808580000000073e-16 9.802014560000000855e-16 9.977866009999999300e-16 1.015996429999999994e-15 1.034893309999999936e-15 1.054541730000000057e-15 1.075008050000000044e-15 1.096361009999999947e-15 1.118671120000000087e-15 1.142011109999999990e-15 1.166455420000000061e-15 1.192080289999999983e-15 1.218963529999999947e-15 1.247184229999999913e-15 1.276822859999999986e-15 1.307960639999999942e-15 1.340679619999999994e-15 1.375062590000000030e-15 1.411192359999999931e-15 1.449151819999999959e-15 1.489023889999999975e-15 1.530891029999999926e-15 1.574834889999999902e-15 1.620936670000000074e-15 1.669276420000000033e-15 1.719932800000000013e-15 1.772983420000000044e-15 1.828504210000000062e-15 1.886569589999999883e-15 1.947251879999999897e-15 2.010621590000000030e-15 2.076747550000000118e-15 2.145696240000000025e-15 2.217532039999999992e-15 2.292317009999999890e-15 2.370111049999999979e-15 2.450971780000000140e-15 2.534954679999999851e-15 2.622112459999999876e-15 2.712496170000000097e-15 2.806154300000000066e-15 2.903132790000000190e-15 3.003475919999999991e-15 3.107225379999999851e-15 3.214421430000000016e-15 3.325101100000000131e-15 3.439300839999999943e-15 3.557054299999999705e-15 3.678393039999999651e-15 3.803347760000000171e-15 3.931947270000000022e-15 4.064218239999999924e-15 4.200186090000000034e-15 4.339874949999999951e-15
9.297685449999999854e-17 5.028124559999999766e-17 5.623528500000000113e-17 7.511961990000000571e-17 1.004270060000000036e-16 1.302610410000000005e-16 1.637778829999999925e-16 2.004260079999999987e-16 2.397316849999999949e-16 2.812239119999999881e-16 3.244089070000000192e-16 3.687705110000000016e-16 4.137858650000000195e-16 4.589486559999999589e-16 5.037922740000000125e-16 5.479094559999999825e-16 5.909644050000000375e-16 6.326988829999999705e-16 6.729310949999999716e-16 7.115507159999999850e-16 7.485101510000000010e-16 7.838146430000000222e-16 8.175116259999999691e-16 8.496805600000000310e-16 8.804238329999999768e-16 9.098588629999999260e-16 9.381115410000000114e-16 9.653111460000000117e-16 9.915863189999999589e-16 1.017062210000000000e-15 1.041858679999999974e-15 1.066089220000000075e-15 1.089860560000000021e-15 1.113272340000000016e-15 1.136417730000000049e-15 1.159383550000000068e-15 1.182251850000000093e-15 1.205099930000000011e-15 1.228001369999999986e-15 1.251027529999999989e-15 1.274247779999999954e-15 1.297730599999999978e-15 1.321544190000000008e-15 1.345757480000000060e-15 1.370440549999999940e-15 1.395665289999999918e-15 1.421505730000000077e-15 1.448038500000000031e-15 1.475343250000000034e-15 1.503502749999999974e-15 1.532603199999999912e-15 1.562733969999999930e-15 1.593988210000000020e-15 1.626462180000000008e-15 1.660255620000000082e-15 1.695471440000000054e-15 1.732215410000000011e-15 1.770596380000000077e-15 1.810725410000000176e-15 1.852715799999999828e-15 1.896682950000000146e-15 1.942743970000000163e-15 1.991017009999999905e-15 2.041621090000000032e-15 2.094676059999999871e-15 2.150301559999999970e-15 2.208617869999999973e-15 2.269744430000000069e-15 2.333799599999999853e-15 2.400901119999999822e-15 2.471165259999999946e-15 2.544706990000000037e-15 2.621638550000000002e-15 2.702070889999999983e-15 2.786112440000000178e-15 2.873868860000000103e-15 2.965443290000000120e-15 3.060935879999999950e-15 3.160444460000000120e-15 3.264063059999999875e-15 3.371882519999999819e-15 3.483991350000000189e-15 3.600474059999999969e-15 3.721411730000000338e-15 3.846883140000000129e-15 3.976962840000000119e-15 4.111722390000000047e-15 4.251230410000000180e-15 4.395552539999999743e-15 4.544750620000000226e-15 4.698883929999999632e-15 4.858008809999999650e-15 5.022179050000000064e-15 5.191444599999999768e-15 5.365854620000000167e-15 5.545453980000000282e-15 5.730285460000000299e-15 5.920390989999999769e-15 6.115808269999999794e-15 6.316574559999999975e-15
1.320228300000000067e-16 7.133608910000000016e-17 7.974353300000000488e-17 1.065106080000000031e-16 1.423976070000000084e-16 1.847148170000000082e-16 2.322682929999999972e-16 2.842800069999999954e-16 3.400834639999999937e-16 3.990172900000000179e-16 4.603894589999999521e-16 5.234781669999999537e-16 5.875543040000000456e-16 6.519143020000000308e-16 7.159129880000000451e-16 7.789906319999999876e-16 8.406899940000000401e-16 9.006636850000000522e-16 9.586722070000000915e-16 1.014575849999999969e-15 1.068321890000000027e-15 1.119929810000000071e-15 1.169475630000000021e-15 1.217077710000000065e-15 1.262883560000000072e-15 1.307058660000000027e-15 1.349777279999999913e-15 1.391215619999999954e-15 1.431546559999999988e-15 1.470935919999999941e-15 1.509540300000000016e-15 1.547505799999999943e-15 1.584967839999999991e-15 1.622051469999999932e-15 1.658871989999999912e-15 1.695536240000000023e-15 1.732143519999999938e-15 1.768787649999999924e-15 1.805557880000000083e-15 1.842540610000000047e-15 1.879820219999999808e-15 1.917481209999999930e-15 1.955608700000000076e-15 1.994289519999999997e-15 2.033613660000000056e-15 2.073673870000000121e-15 2.114568199999999894e-15 2.156398499999999969e-15 2.199272339999999913e-15 2.243302389999999951e-15 2.288607210000000036e-15 2.335310919999999910e-15 2.383543509999999835e-15 2.433440109999999937e-15 2.485141730000000071e-15 2.538794699999999925e-15 2.594549590000000000e-15 2.652561809999999926e-15 2.712991050000000139e-15 2.776000350000000080e-15 2.841755940000000191e-15 2.910426810000000024e-15 2.982183839999999974e-15 3.057200250000000013e-15 3.135649480000000076e-15 3.217706219999999870e-15 3.303544749999999968e-15 3.393339140000000189e-15 3.487262600000000114e-15 3.585487080000000339e-15 3.688182620000000227e-15 3.795516940000000347e-15 3.907654790000000226e-15 4.024759629999999620e-15 4.146989450000000063e-15 4.274500100000000316e-15 4.407443609999999829e-15 4.545967379999999673e-15 4.690214980000000033e-15 4.840325730000000281e-15 4.996434329999999829e-15 5.158670779999999728e-15 5.327161310000000128e-15 5.502025749999999965e-15 5.683381440000000202e-15 5.871338889999999873e-15 6.066005700000000118e-15 6.267483919999999918e-15 6.475871389999999802e-15 6.691261280000000349e-15 6.913742949999999672e-15 7.143400689999999949e-15 7.380316650000000590e-15 7.624565380000000005e-15 7.876221410000000553e-15 8.135354200000000773e-15 8.402028969999999966e-15 8.676308399999999469e-15 8.958251789999999649e-15 9.247915879999999758e-15
1.869515400000000045e-16 1.010735630000000054e-16 1.130326820000000098e-16 1.510045210000000077e-16 2.019119680000000117e-16 2.619519799999999853e-16 3.294400709999999919e-16 4.032817560000000167e-16 4.825418589999999884e-16 5.662945180000000127e-16 6.535732689999999716e-16 7.433728959999999794e-16 8.346817249999999720e-16 9.265281539999999084e-16 1.018026980000000049e-15 1.108416410000000029e-15 1.197081809999999988e-15 1.283564079999999951e-15 1.367555980000000014e-15 1.448888709999999998e-15 1.527512959999999906e-15 1.603476669999999984e-15 1.676902680000000004e-15 1.747967579999999925e-15 1.816883339999999844e-15 1.883881319999999916e-15 1.949200480000000111e-15 2.013076499999999807e-15 2.075736819999999864e-15 2.137394680000000151e-15 2.198247860000000163e-15 2.258476770000000157e-15 2.318244689999999923e-15 2.377699620000000031e-15 2.436975410000000048e-15 2.496194030000000103e-15 2.555467270000000185e-15 2.614899979999999955e-15 2.674591869999999999e-15 2.734639729999999851e-15 2.795139899999999916e-15 2.856190019999999969e-15 2.917890440000000088e-15 2.980346409999999860e-15 3.043668479999999893e-15 3.107974579999999859e-15 3.173390509999999987e-15 3.240050099999999846e-15 3.308097129999999978e-15 3.377683850000000187e-15 3.448972680000000023e-15 3.522135580000000083e-15 3.597353590000000113e-15 3.674817709999999648e-15 3.754727649999999807e-15 3.837290910000000309e-15 3.922723500000000129e-15 4.011249459999999950e-15 4.103097900000000333e-15 4.198505569999999674e-15 4.297713460000000339e-15 4.400967199999999913e-15 4.508515820000000105e-15 4.620611739999999643e-15 4.737509060000000113e-15 4.859463169999999707e-15 4.986730289999999630e-15 5.119565389999999728e-15 5.258223409999999857e-15 5.402957200000000246e-15 5.554017479999999933e-15 5.711651160000000216e-15 5.876103029999999623e-15 6.047612799999999961e-15 6.226415949999999853e-15 6.412742449999999707e-15 6.606818029999999902e-15 6.808862060000000384e-15 7.019087599999999872e-15 7.237702559999999587e-15 7.464908140000000381e-15 7.700897450000000618e-15 7.945859379999999424e-15 8.199975190000000450e-15 8.463418529999999254e-15 8.736357110000000351e-15 9.018952709999999859e-15 9.311358650000000148e-15 9.613723999999999626e-15 9.926189369999999796e-15 1.024889029999999992e-14 1.058195640000000033e-14 1.092551039999999945e-14 1.127966919999999988e-14 1.164454560000000026e-14 1.202024620000000032e-14 1.240687189999999925e-14 1.280452079999999991e-14 1.321328370000000013e-14 1.363324939999999972e-14
2.637350900000000183e-16 1.429475569999999967e-16 1.601280709999999980e-16 2.140556420000000071e-16 2.863043890000000163e-16 3.715198740000000229e-16 4.673347589999999548e-16 5.722149599999999780e-16 6.848530839999999925e-16 8.039584629999999930e-16 9.281875970000000791e-16 1.056148229999999938e-15 1.186446039999999906e-15 1.317750650000000046e-15 1.448859910000000055e-15 1.578751459999999999e-15 1.706613730000000055e-15 1.831855289999999813e-15 1.954096960000000095e-15 2.073150830000000021e-15 2.188990210000000059e-15 2.301717589999999899e-15 2.411530960000000183e-15 2.518694189999999947e-15 2.623509639999999972e-15 2.726297730000000158e-15 2.827378830000000017e-15 2.927061260000000048e-15 3.025632820000000104e-15 3.123356279999999815e-15 3.220466699999999852e-15 3.317170760000000081e-15 3.413649499999999856e-15 3.510060060000000074e-15 3.606539659999999694e-15 3.703208140000000018e-15 3.800174350000000381e-15 3.897537400000000293e-15 3.995391730000000108e-15 4.093830940000000327e-15 4.192950730000000287e-15 4.292851919999999981e-15 4.393642909999999612e-15 4.495441440000000072e-15 4.598377969999999959e-15 4.702595209999999613e-15 4.808250709999999857e-15 4.915518120000000190e-15 5.024585889999999818e-15 5.135659019999999697e-15 5.248959410000000107e-15 5.364725519999999925e-15 5.483210190000000174e-15 5.604683179999999615e-15 5.729428689999999936e-15 5.857744860000000313e-15 5.989942989999999918e-15 6.126345789999999816e-15 6.267288259999999646e-15 6.413113869999999889e-15 6.564175420000000136e-15 6.720833320000000184e-15 6.883453900000000344e-15 7.052408600000000005e-15 7.228071799999999605e-15 7.410820850000000625e-15 7.601033960000000449e-15 7.799090590000000175e-15 8.005368519999999632e-15 8.220242149999999254e-15 8.444085849999999480e-15 8.677266400000000539e-15 8.920148009999999967e-15 9.173089839999999366e-15 9.436443390000000136e-15 9.710552570000000315e-15 9.995754500000000736e-15 1.029237950000000031e-14 1.060074859999999960e-14 1.092117189999999958e-14 1.125395249999999933e-14 1.159938519999999941e-14 1.195775219999999950e-14 1.232932860000000056e-14 1.271437789999999932e-14 1.311315510000000036e-14 1.352590580000000048e-14 1.395286539999999991e-14 1.439425939999999905e-14 1.485030360000000008e-14 1.532120649999999859e-14 1.580716789999999963e-14 1.630837600000000087e-14 1.682501350000000098e-14 1.735725520000000003e-14 1.790526350000000034e-14 1.846919940000000132e-14 1.904921190000000140e-14 1.964544859999999923e-14 2.025804319999999915e-14
3.702630359999999912e-16 2.017042600000000010e-16 2.266843600000000211e-16 3.033803880000000005e-16 4.059779950000000080e-16 5.269794309999999604e-16 6.630743850000000434e-16 8.121228019999999992e-16 9.723061560000000378e-16 1.141834400000000054e-15 1.318851789999999996e-15 1.501444569999999964e-15 1.687709019999999945e-15 1.875843819999999832e-15 2.064240680000000067e-15 2.251553970000000146e-15 2.436739299999999959e-15 2.619063570000000149e-15 2.798088000000000040e-15 2.973634310000000174e-15 3.145737850000000105e-15 3.314600440000000178e-15 3.480540329999999892e-15 3.643948869999999787e-15 3.805253590000000198e-15 3.964887959999999995e-15 4.123269989999999651e-15 4.280784240000000138e-15 4.437774590000000285e-15 4.594539220000000050e-15 4.751327980000000204e-15 4.908345870000000126e-15 5.065758040000000059e-15 5.223693689999999618e-15 5.382254020000000305e-15 5.541518239999999691e-15 5.701550289999999676e-15 5.862406510000000371e-15 6.024141099999999907e-15 6.186811229999999823e-15 6.350483409999999978e-15 6.515237670000000162e-15 6.681169729999999709e-15 6.848396900000000374e-15 7.017058529999999946e-15 7.187319350000000321e-15 7.359369529999999603e-15 7.533428020000000183e-15 7.709740470000000431e-15 7.888583009999999543e-15 8.070256330000000180e-15 8.255092469999999358e-15 8.443448880000000564e-15 8.635707569999999708e-15 8.832276820000000590e-15 9.033587749999999743e-15 9.240092689999999350e-15 9.452265119999999360e-15 9.670595489999999826e-15 9.895589459999999637e-15 1.012777049999999921e-14 1.036766970000000075e-14 1.061583340000000055e-14 1.087281310000000029e-14 1.113916680000000050e-14 1.141545790000000069e-14 1.170225399999999966e-14 1.200012069999999971e-14 1.230962489999999974e-14 1.263132969999999936e-14 1.296579590000000013e-14 1.331357750000000014e-14 1.367522240000000014e-14 1.405127200000000047e-14 1.444225560000000051e-14 1.484869589999999923e-14 1.527110450000000076e-14 1.570997770000000094e-14 1.616580340000000029e-14 1.663905760000000145e-14 1.713019780000000095e-14 1.763967120000000032e-14 1.816791479999999975e-14 1.871534370000000024e-14 1.928236620000000087e-14 1.986937190000000090e-14 2.047673689999999889e-14 2.110482539999999868e-14 2.175398300000000117e-14 2.242454849999999899e-14 2.311684200000000078e-14 2.383117370000000117e-14 2.456783660000000107e-14 2.532711519999999973e-14 2.610928239999999850e-14 2.691459730000000124e-14 2.774330720000000126e-14 2.859564929999999690e-14 2.947185409999999714e-14 3.037213829999999768e-14
5.168121760000000326e-16 2.838361349999999990e-16 3.206374399999999874e-16 4.298955050000000147e-16 5.756944130000000463e-16 7.476047260000000164e-16 9.410266050000000482e-16 1.152992579999999955e-15 1.380989279999999916e-15 1.622552490000000052e-15 1.875140359999999872e-15 2.136149749999999859e-15 2.403014259999999995e-15 2.673335510000000187e-15 2.945006709999999906e-15 3.216305440000000027e-15 3.485941220000000175e-15 3.753058989999999679e-15 4.017208339999999957e-15 4.278285069999999652e-15 4.536462399999999922e-15 4.792114309999999700e-15 5.045747310000000088e-15 5.297936130000000164e-15 5.549271130000000135e-15 5.800319840000000374e-15 6.051598090000000308e-15 6.303549739999999697e-15 6.556540689999999718e-15 6.810853020000000072e-15 7.066690420000000375e-15 7.324184629999999783e-15 7.583404660000000073e-15 7.844369580000000178e-15 8.107057369999999328e-15 8.371422279999999450e-15 8.637401640000000784e-15 8.904930219999999294e-15 9.173947039999999651e-15 9.444408890000000167e-15 9.716292920000000223e-15 9.989608419999999723e-15 1.026439860000000036e-14 1.054074739999999963e-14 1.081878000000000025e-14 1.109867100000000076e-14 1.138064069999999936e-14 1.166495739999999981e-14 1.195194239999999948e-14 1.224196140000000038e-14 1.253543120000000003e-14 1.283281510000000023e-14 1.313462139999999938e-14 1.344140240000000061e-14 1.375375079999999975e-14 1.407229789999999990e-14 1.439771189999999908e-14 1.473069069999999943e-14 1.507196700000000157e-14 1.542229819999999851e-14 1.578246169999999859e-14 1.615326049999999923e-14 1.653551119999999856e-14 1.693004900000000083e-14 1.733771409999999991e-14 1.775936029999999986e-14 1.819584490000000095e-14 1.864802500000000033e-14 1.911676110000000083e-14 1.960290889999999987e-14 2.010732039999999866e-14 2.063083929999999992e-14 2.117430069999999844e-14 2.173852970000000030e-14 2.232433770000000139e-14 2.293251920000000068e-14 2.356385859999999894e-14 2.421911820000000091e-14 2.489904510000000145e-14 2.560436939999999850e-14 2.633579760000000053e-14 2.709401920000000017e-14 2.787970320000000002e-14 2.869349860000000315e-14 2.953602529999999891e-14 3.040789670000000310e-14 3.130969539999999918e-14 3.224198049999999691e-14 3.320530090000000162e-14 3.420017840000000138e-14 3.522711089999999808e-14 3.628658650000000164e-14 3.737906590000000170e-14 3.850499629999999979e-14 3.966480130000000169e-14 4.085889410000000241e-14 4.208766110000000181e-14 4.335148510000000040e-14 4.465072180000000038e-14 4.598571689999999949e-14
7.166124789999999509e-16 3.982000879999999860e-16 4.531215459999999927e-16 6.090498290000000174e-16 8.164121770000000296e-16 1.060813369999999960e-15 1.335909770000000089e-15 1.637618670000000017e-15 1.962495289999999901e-15 2.307180740000000016e-15 2.668234679999999918e-15 3.042167749999999902e-15 3.425584409999999937e-15 3.815365890000000258e-15 4.208838950000000162e-15 4.603893850000000049e-15 4.999035990000000006e-15 5.393375140000000173e-15 5.786564449999999889e-15 6.178705969999999712e-15 6.570241449999999784e-15 6.961837060000000075e-15 7.354283100000000292e-15 7.748402440000000591e-15 8.144981579999999786e-15 8.544716750000000324e-15 8.948182259999999778e-15 9.355810940000000685e-15 9.767887390000000716e-15 1.018455640000000062e-14 1.060582909999999998e-14 1.103160629999999929e-14 1.146169490000000018e-14 1.189582979999999991e-14 1.233369839999999952e-14 1.277496020000000038e-14 1.321926459999999933e-14 1.366627440000000029e-14 1.411567529999999990e-14 1.456719640000000117e-14 1.502061990000000072e-14 1.547578489999999911e-14 1.593260839999999868e-14 1.639107860000000153e-14 1.685126650000000121e-14 1.731332800000000119e-14 1.777750209999999948e-14 1.824411730000000002e-14 1.871358700000000098e-14 1.918641100000000071e-14 1.966316849999999907e-14 2.014452040000000013e-14 2.063120520000000030e-14 2.112403099999999925e-14 2.162387529999999991e-14 2.213168339999999932e-14 2.264845480000000056e-14 2.317524499999999977e-14 2.371315660000000036e-14 2.426334180000000002e-14 2.482698290000000044e-14 2.540530479999999881e-14 2.599955430000000101e-14 2.661100369999999886e-14 2.724094379999999976e-14 2.789068249999999860e-14 2.856153089999999913e-14 2.925481040000000010e-14 2.997183729999999804e-14 3.071393309999999797e-14 3.148240539999999799e-14 3.227855880000000303e-14 3.310367389999999710e-14 3.395902810000000264e-14 3.484587160000000282e-14 3.576543430000000026e-14 3.671892910000000062e-14 3.770753510000000302e-14 3.873241450000000017e-14 3.979468869999999843e-14 4.089546559999999713e-14 4.203581250000000290e-14 4.321676619999999946e-14 4.443934300000000264e-14 4.570451210000000202e-14 4.701321860000000099e-14 4.836638089999999829e-14 4.976487970000000260e-14 5.120956220000000021e-14 5.270124820000000131e-14 5.424073059999999883e-14 5.582876149999999935e-14 5.746607619999999986e-14 5.915336579999999900e-14 6.089130799999999781e-14 6.268055330000000224e-14 6.452171149999999716e-14 6.641537909999999825e-14 6.836211829999999894e-14 7.036247809999999506e-14
9.865581199999999454e-16 5.568717529999999551e-16 6.397659439999999617e-16 8.627201560000000356e-16 1.157913520000000071e-15 1.505651039999999932e-15 1.897262110000000003e-15 2.327184480000000062e-15 2.790750580000000130e-15 3.283444020000000029e-15 3.800686389999999700e-15 4.337900089999999731e-15 4.890714030000000208e-15 5.455218289999999838e-15 6.028187800000000242e-15 6.607220789999999963e-15 7.190786259999999334e-15 7.778175649999999705e-15 8.369387709999999726e-15 8.964974689999999363e-15 9.565864100000000443e-15 1.017319519999999980e-14 1.078816230000000014e-14 1.141189789999999950e-14 1.204537519999999939e-14 1.268934640000000005e-14 1.334430870000000033e-14 1.401049080000000006e-14 1.468786129999999858e-14 1.537615009999999879e-14 1.607487440000000082e-14 1.678338529999999844e-14 1.750089500000000095e-14 1.822652779999999879e-14 1.895935019999999909e-14 1.969841359999999910e-14 2.044278609999999934e-14 2.119158190000000154e-14 2.194398600000000095e-14 2.269927509999999845e-14 2.345683939999999967e-14 2.421619080000000100e-14 2.497697719999999956e-14 2.573899520000000042e-14 2.650218710000000134e-14 2.726664449999999846e-14 2.803261640000000058e-14 2.880050259999999884e-14 2.957084850000000232e-14 3.034435219999999894e-14 3.112185059999999895e-14 3.190430569999999953e-14 3.269282220000000060e-14 3.348861989999999710e-14 3.429302669999999924e-14 3.510748280000000017e-14 3.593352289999999809e-14 3.677276990000000058e-14 3.762692810000000057e-14 3.849777279999999712e-14 3.938713709999999785e-14 4.029691480000000257e-14 4.122904069999999741e-14 4.218549679999999788e-14 4.316828200000000066e-14 4.417942590000000005e-14 4.522097150000000058e-14 4.629497199999999862e-14 4.740348060000000315e-14 4.854854720000000168e-14 4.973221139999999934e-14 5.095649919999999739e-14 5.222342000000000009e-14 5.353494879999999896e-14 5.489304420000000109e-14 5.629962369999999888e-14 5.775657460000000280e-14 5.926574339999999910e-14 6.082893930000000283e-14 6.244791740000000409e-14 6.412441239999999664e-14 6.586008460000000024e-14 6.765656689999999545e-14 6.951543829999999457e-14 7.143823020000000590e-14 7.342641310000000133e-14 7.548142339999999993e-14 7.760464360000000208e-14 7.979740860000000410e-14 8.206100590000000453e-14 8.439665519999999518e-14 8.680556950000000381e-14 8.928887360000000459e-14 9.184767199999999747e-14 9.448301520000000472e-14 9.719591940000000117e-14 9.998734700000000287e-14 1.028582190000000018e-13 1.058094380000000058e-13 1.088418360000000039e-13
1.348147269999999925e-15 7.763414829999999984e-16 9.025354160000000254e-16 1.221916489999999985e-15 1.642568300000000095e-15 2.137804220000000175e-15 2.695898770000000108e-15 3.309369370000000086e-15 3.971989910000000095e-15 4.677805100000000270e-15 5.420872800000000351e-15 6.195378119999999653e-15 6.995931829999999736e-15 7.817917589999999485e-15 8.657769390000000374e-15 9.513125289999999297e-15 1.038282909999999931e-14 1.126681300000000001e-14 1.216588170000000008e-14 1.308145569999999936e-14 1.401529509999999967e-14 1.496925410000000008e-14 1.594505810000000074e-14 1.694414869999999928e-14 1.796756270000000151e-14 1.901586590000000024e-14 2.008912950000000158e-14 2.118694859999999953e-14 2.230846260000000074e-14 2.345242629999999904e-14 2.461727109999999917e-14 2.580117250000000145e-14 2.700213299999999948e-14 2.821804879999999969e-14 2.944677849999999950e-14 3.068620800000000088e-14 3.193429410000000250e-14 3.318912929999999754e-14 3.444896210000000158e-14 3.571224399999999994e-14 3.697765019999999765e-14 3.824409319999999803e-14 3.951074970000000098e-14 4.077705039999999857e-14 4.204270400000000223e-14 4.330769010000000300e-14 4.457225940000000309e-14 4.583692369999999869e-14 4.710244510000000090e-14 4.836984689999999905e-14 4.964038619999999713e-14 5.091553669999999805e-14 5.219699930000000165e-14 5.348666789999999826e-14 5.478661960000000205e-14 5.609911070000000122e-14 5.742655019999999749e-14 5.877148949999999852e-14 6.013660840000000146e-14 6.152470569999999467e-14 6.293866789999999802e-14 6.438148350000000044e-14 6.585620180000000511e-14 6.736593979999999990e-14 6.891384159999999620e-14 7.050311260000000379e-14 7.213696460000000611e-14 7.381862320000000300e-14 7.555132730000000141e-14 7.733829579999999924e-14 7.918273380000000320e-14 8.108783279999999720e-14 8.305673039999999695e-14 8.509255040000000170e-14 8.719835560000000275e-14 8.937716150000000310e-14 9.163192259999999775e-14 9.396553900000000416e-14 9.638085009999999705e-14 9.888062050000000250e-14 1.014675339999999980e-13 1.041442259999999950e-13 1.069132440000000050e-13 1.097770489999999951e-13 1.127380319999999956e-13 1.157985250000000031e-13 1.189607489999999901e-13 1.222268680000000087e-13 1.255989670000000055e-13 1.290790389999999938e-13 1.326690219999999909e-13 1.363707460000000081e-13 1.401859990000000011e-13 1.441164900000000093e-13 1.481638300000000014e-13 1.523295919999999908e-13 1.566152669999999932e-13 1.610222780000000109e-13 1.655519659999999983e-13 1.702056599999999874e-13
1.828770810000000183e-15 1.079204570000000029e-15 1.272352539999999993e-15 1.730653380000000012e-15 2.330742869999999960e-15 3.036839909999999878e-15 3.833289949999999628e-15 4.710195209999999973e-15 5.659433269999999946e-15 6.673378719999999818e-15 7.744610280000000182e-15 8.866117479999999459e-15 1.003172629999999930e-14 1.123655190000000038e-14 1.247732469999999973e-14 1.375250400000000019e-14 1.506217869999999998e-14 1.640779729999999861e-14 1.779178809999999909e-14 1.921711590000000090e-14 2.068687389999999933e-14 2.220390989999999916e-14 2.377053120000000149e-14 2.538830319999999902e-14 2.705791689999999986e-14 2.877914720000000036e-14 3.055086900000000115e-14 3.237111910000000226e-14 3.423720049999999702e-14 3.614579949999999828e-14 3.809312819999999696e-14 4.007505659999999828e-14 4.208724770000000051e-14 4.412528689999999699e-14 4.618478649999999828e-14 4.826149789999999938e-14 5.035139240000000304e-14 5.245073650000000300e-14 5.455614190000000030e-14 5.666462709999999848e-14 5.877364430000000184e-14 6.088108940000000111e-14 6.298535639999999511e-14 6.508530689999999950e-14 6.718027009999999618e-14 6.927008339999999552e-14 7.135502449999999484e-14 7.343584560000000387e-14 7.551371910000000086e-14 7.759023730000000519e-14 7.966741280000000162e-14 8.174759700000000226e-14 8.383352059999999824e-14 8.592823309999999904e-14 8.803506830000000398e-14 9.015766509999999846e-14 9.229988600000000336e-14 9.446584410000000074e-14 9.665982879999999458e-14 9.888633289999999639e-14 1.011499840000000061e-13 1.034555540000000007e-13 1.058079069999999974e-13 1.082120169999999969e-13 1.106729120000000028e-13 1.131956670000000037e-13 1.157853920000000010e-13 1.184472309999999900e-13 1.211862910000000042e-13 1.240076699999999966e-13 1.269164490000000054e-13 1.299176560000000088e-13 1.330162519999999909e-13 1.362171689999999977e-13 1.395252050000000110e-13 1.429451179999999947e-13 1.464815550000000019e-13 1.501390559999999977e-13 1.539220820000000058e-13 1.578349269999999977e-13 1.618818330000000048e-13 1.660668940000000096e-13 1.703940540000000087e-13 1.748671869999999989e-13 1.794899950000000078e-13 1.842660819999999924e-13 1.891988900000000020e-13 1.942917800000000058e-13 1.995479379999999981e-13 2.049704539999999905e-13 2.105622810000000005e-13 2.163262519999999913e-13 2.222650499999999911e-13 2.283813059999999868e-13 2.346774299999999863e-13 2.411558099999999888e-13 2.478186660000000238e-13 2.546681400000000212e-13 2.617062379999999857e-13 2.689348850000000191e-13
2.463509350000000186e-15 1.496559299999999934e-15 1.792841789999999835e-15 2.451506050000000190e-15 3.308605140000000023e-15 4.316714099999999940e-15 5.455264450000000205e-15 6.711469370000000286e-15 8.075081880000000706e-15 9.536778680000000560e-15 1.108787129999999982e-14 1.272065690000000007e-14 1.442901990000000112e-14 1.620898170000000143e-14 1.805901690000000109e-14 1.998002319999999942e-14 2.197499589999999987e-14 2.404846990000000009e-14 2.620583059999999918e-14 2.845261940000000292e-14 3.079388620000000141e-14 3.323367649999999835e-14 3.577465680000000275e-14 3.841785689999999962e-14 4.116260960000000177e-14 4.400655660000000152e-14 4.694576090000000086e-14 4.997490320000000138e-14 5.308749520000000059e-14 5.627614060000000167e-14 5.953278910000000566e-14 6.284897049999999770e-14 6.621606199999999669e-14 6.962545769999999642e-14 7.306880249999999601e-14 7.653811399999999373e-14 8.002593139999999493e-14 8.352543099999999438e-14 8.703049399999999562e-14 9.053578740000000586e-14 9.403679139999999951e-14 9.752983330000000356e-14 1.010120869999999999e-13 1.044815949999999969e-13 1.079372459999999960e-13 1.113787409999999942e-13 1.148065880000000009e-13 1.182220690000000000e-13 1.216271960000000078e-13 1.250246520000000020e-13 1.284178250000000037e-13 1.318106590000000096e-13 1.352076820000000124e-13 1.386139740000000061e-13 1.420350520000000009e-13 1.454768789999999897e-13 1.489458109999999895e-13 1.524485830000000056e-13 1.559921760000000119e-13 1.595839079999999907e-13 1.632312579999999903e-13 1.669419540000000077e-13 1.707238540000000039e-13 1.745849420000000057e-13 1.785332679999999898e-13 1.825770030000000062e-13 1.867242799999999979e-13 1.909832699999999894e-13 1.953621179999999974e-13 1.998689299999999887e-13 2.045117279999999958e-13 2.092984670000000064e-13 2.142369670000000010e-13 2.193349529999999960e-13 2.246000150000000008e-13 2.300395659999999870e-13 2.356608829999999761e-13 2.414710410000000133e-13 2.474769520000000153e-13 2.536853650000000229e-13 2.601027849999999945e-13 2.667355270000000113e-13 2.735897180000000114e-13 2.806712379999999963e-13 2.879858080000000153e-13 2.955389029999999977e-13 3.033358069999999766e-13 3.113815360000000082e-13 3.196809409999999828e-13 3.282386569999999809e-13 3.370591020000000023e-13 3.461465060000000048e-13 3.555048509999999910e-13 3.651379330000000095e-13 3.750493840000000123e-13 3.852426190000000218e-13 3.957208099999999971e-13 4.064870730000000084e-13 4.175442000000000072e-13 4.288949019999999915e-13
3.297638180000000009e-15 2.071415470000000069e-15 2.525689619999999897e-15 3.473610749999999919e-15 4.699436200000000386e-15 6.141118460000000165e-15 7.772196450000000202e-15 9.576720520000000637e-15 1.154244770000000005e-14 1.365886449999999963e-14 1.591697730000000142e-14 1.830989110000000040e-14 2.083360880000000152e-14 2.348762900000000039e-14 2.627508740000000042e-14 2.920238239999999822e-14 3.227837239999999873e-14 3.551327929999999804e-14 3.891752170000000104e-14 4.250058960000000305e-14 4.627010309999999847e-14 5.023112729999999991e-14 5.438571889999999994e-14 5.873273600000000538e-14 6.326787919999999511e-14 6.798390109999999916e-14 7.287091530000000522e-14 7.791684639999999746e-14 8.310785060000000079e-14 8.842885059999999397e-14 9.386394929999999608e-14 9.939689720000000129e-14 1.050114719999999989e-13 1.106918440000000021e-13 1.164228629999999934e-13 1.221902760000000082e-13 1.279809859999999875e-13 1.337831620000000103e-13 1.395863410000000102e-13 1.453815499999999936e-13 1.511612960000000031e-13 1.569196300000000053e-13 1.626521050000000122e-13 1.683557539999999961e-13 1.740290720000000071e-13 1.796719779999999905e-13 1.852857199999999992e-13 1.908727899999999885e-13 1.964369420000000018e-13 2.019830160000000009e-13 2.075169059999999974e-13 2.130455099999999990e-13 2.185765809999999919e-13 2.241187109999999943e-13 2.296812100000000086e-13 2.352741210000000001e-13 2.409079610000000128e-13 2.465938420000000150e-13 2.523433390000000243e-13 2.581684049999999775e-13 2.640812369999999947e-13 2.700943850000000001e-13 2.762205609999999769e-13 2.824726669999999876e-13 2.888636319999999954e-13 2.954064939999999879e-13 3.021142640000000018e-13 3.089999230000000162e-13 3.160763749999999796e-13 3.233564399999999820e-13 3.308527230000000198e-13 3.385777440000000096e-13 3.465437299999999778e-13 3.547627139999999985e-13 3.632464880000000185e-13 3.720065710000000149e-13 3.810541560000000111e-13 3.904001960000000228e-13 4.000552329999999823e-13 4.100295679999999977e-13 4.203330929999999793e-13 4.309754320000000119e-13 4.419657999999999826e-13 4.533130329999999919e-13 4.650256419999999527e-13 4.771118400000000460e-13 4.895793510000000171e-13 5.024356039999999864e-13 5.156876990000000135e-13 5.293423580000000366e-13 5.434059240000000057e-13 5.578844140000000174e-13 5.727835739999999840e-13 5.881086090000000222e-13 6.038646149999999719e-13 6.200563069999999496e-13 6.366880219999999509e-13 6.537637729999999537e-13 6.712874069999999534e-13 6.892623409999999593e-13
4.390087489999999968e-15 2.863534850000000122e-15 3.558335010000000261e-15 4.924233240000000154e-15 6.680124920000000069e-15 8.746066650000000349e-15 1.108901909999999985e-14 1.369019289999999958e-14 1.653635319999999843e-14 1.961749139999999975e-14 2.292683389999999875e-14 2.646173790000000110e-14 3.022467329999999756e-14 3.422366149999999859e-14 3.847193490000000104e-14 4.298678320000000016e-14 4.778783709999999885e-14 5.289506290000000272e-14 5.832681069999999913e-14 6.409805949999999861e-14 7.021914650000000175e-14 7.669487600000000501e-14 8.352415029999999461e-14 9.069996950000000335e-14 9.820979069999999546e-14 1.060361450000000016e-13 1.141573810000000010e-13 1.225485099999999960e-13 1.311821610000000110e-13 1.400293590000000057e-13 1.490603840000000046e-13 1.582455280000000046e-13 1.675556799999999901e-13 1.769629499999999967e-13 1.864410449999999936e-13 1.959656940000000023e-13 2.055148859999999910e-13 2.150690510000000120e-13 2.246112500000000038e-13 2.341271979999999951e-13 2.436052929999999919e-13 2.530366049999999993e-13 2.624148189999999865e-13 2.717361930000000089e-13 2.809993990000000026e-13 2.902054140000000127e-13 2.993575169999999851e-13 3.084609120000000179e-13 3.175228630000000150e-13 3.265523160000000192e-13 3.355599759999999901e-13 3.445579870000000133e-13 3.535598730000000014e-13 3.625803539999999801e-13 3.716353669999999768e-13 3.807417160000000205e-13 3.899170749999999963e-13 3.991798750000000000e-13 4.085491710000000152e-13 4.180445320000000210e-13 4.276859089999999913e-13 4.374935740000000122e-13 4.474880749999999941e-13 4.576900380000000478e-13 4.681201720000000231e-13 4.787991830000000166e-13 4.897476200000000077e-13 5.009859709999999934e-13 5.125345139999999705e-13 5.244131409999999674e-13 5.366415859999999779e-13 5.492390939999999639e-13 5.622245829999999652e-13 5.756165399999999665e-13 5.894329079999999497e-13 6.036911960000000376e-13 6.184083739999999897e-13 6.336008649999999604e-13 6.492845540000000117e-13 6.654746739999999948e-13 6.821859700000000003e-13 6.994325370000000463e-13 7.172278180000000413e-13 7.355847159999999657e-13 7.545155359999999959e-13 7.740319340000000023e-13 7.941449150000000168e-13 8.148649939999999701e-13 8.362019839999999571e-13 8.581652100000000093e-13 8.807632899999999759e-13 9.040043559999999833e-13 9.278958889999999153e-13 9.524450459999999410e-13 9.776580590000000997e-13 1.003540890000000012e-12 1.030099070000000052e-12 1.057337379999999958e-12 1.085260139999999962e-12 1.113871360000000036e-12
5.818191809999999657e-15 3.956318529999999834e-15 5.015041100000000135e-15 6.985584900000000110e-15 9.505395259999999471e-15 1.247345379999999929e-14 1.585038859999999944e-14 1.961632079999999909e-14 2.375991110000000135e-14 2.827579110000000088e-14 3.316495159999999917e-14 3.843604439999999731e-14 4.410635400000000097e-14 5.020166069999999765e-14 5.675471080000000183e-14 6.380257380000000061e-14 7.138328150000000030e-14 7.953231440000000275e-14 8.827944750000000515e-14 9.764623600000000158e-14 1.076442810000000017e-13 1.182744089999999924e-13 1.295265839999999884e-13 1.413804650000000103e-13 1.538064790000000121e-13 1.667671810000000016e-13 1.802188359999999960e-13 1.941130630000000030e-13 2.083984569999999944e-13 2.230220269999999876e-13 2.379306880000000043e-13 2.530722760000000204e-13 2.683967410000000224e-13 2.838568409999999961e-13 2.994088810000000018e-13 3.150131250000000245e-13 3.306342560000000171e-13 3.462414820000000203e-13 3.618087279999999768e-13 3.773146350000000147e-13 3.927424789999999898e-13 4.080801990000000098e-13 4.233200160000000048e-13 4.384584599999999811e-13 4.534960190000000024e-13 4.684369750000000422e-13 4.832890270000000336e-13 4.980632879999999636e-13 5.127738510000000149e-13 5.274373599999999929e-13 5.420732759999999721e-13 5.567030669999999497e-13 5.713503130000000473e-13 5.860404389999999979e-13 6.008002800000000250e-13 6.156581320000000323e-13 6.306434870000000366e-13 6.457867009999999998e-13 6.611188920000000370e-13 6.766719349999999694e-13 6.924780300000000076e-13 7.085696499999999786e-13 7.249794840000000239e-13 7.417402740000000167e-13 7.588845460000000207e-13 7.764447719999999956e-13 7.944529910000000105e-13 8.129408060000000366e-13 8.319394439999999610e-13 8.514794229999999565e-13 8.715906689999999994e-13 8.923024000000000168e-13 9.136430760000000596e-13 9.356402369999999911e-13 9.583206620000000953e-13 9.817102639999999669e-13 1.005833759999999996e-12 1.030715229999999987e-12 1.056377530000000016e-12 1.082842689999999916e-12 1.110131520000000066e-12 1.138264069999999925e-12 1.167259109999999987e-12 1.197134510000000028e-12 1.227907210000000051e-12 1.259592910000000032e-12 1.292206360000000003e-12 1.325761550000000084e-12 1.360271050000000019e-12 1.395747020000000042e-12 1.432200060000000011e-12 1.469640380000000044e-12 1.508076869999999942e-12 1.547517760000000054e-12 1.587970209999999947e-12 1.629440830000000087e-12 1.671935050000000013e-12 1.715457850000000014e-12 1.760013140000000005e-12 1.805604059999999901e-12
7.684194810000000645e-15 5.466621470000000200e-15 7.072908490000000259e-15 9.919435979999999261e-15 1.354372060000000059e-14 1.782152240000000048e-14 2.270963430000000138e-14 2.819191110000000079e-14 3.426565740000000120e-14 4.093896239999999772e-14 4.823168570000000256e-14 5.617707500000000299e-14 6.482223879999999624e-14 7.422645940000000284e-14 8.445734350000000240e-14 9.558537769999999563e-14 1.076778300000000010e-13 1.207929159999999882e-13 1.349749709999999993e-13 1.502510139999999976e-13 1.666288089999999989e-13 1.840964719999999971e-13 2.026232510000000005e-13 2.221612789999999876e-13 2.426480779999999861e-13 2.640093550000000244e-13 2.861619090000000180e-13 3.090167280000000135e-13 3.324816279999999977e-13 3.564638280000000204e-13 3.808721189999999749e-13 4.056186809999999962e-13 4.306206539999999825e-13 4.558013039999999536e-13 4.810909160000000348e-13 5.064272570000000018e-13 5.317561709999999869e-13 5.570317430000000210e-13 5.822161329999999498e-13 6.072796889999999874e-13 6.322004549999999720e-13 6.569642290000000499e-13 6.815639090000000229e-13 7.059991700000000063e-13 7.302759740000000249e-13 7.544063030000000039e-13 7.784075029999999885e-13 8.023019639999999992e-13 8.261164110000000142e-13 8.498817970000000332e-13 8.736327090000000455e-13 8.974068780000000295e-13 9.212448509999999614e-13 9.451896730000000115e-13 9.692865000000000018e-13 9.935820609999999187e-13 1.018124599999999937e-12 1.042963570000000032e-12 1.068149040000000019e-12 1.093731769999999997e-12 1.119762920000000097e-12 1.146293460000000014e-12 1.173374550000000079e-12 1.201056720000000019e-12 1.229390289999999960e-12 1.258424679999999918e-12 1.288208580000000050e-12 1.318789699999999905e-12 1.350214639999999931e-12 1.382529069999999995e-12 1.415776999999999936e-12 1.450001140000000053e-12 1.485243030000000013e-12 1.521542439999999911e-12 1.558937550000000019e-12 1.597465109999999942e-12 1.637160129999999977e-12 1.678056019999999904e-12 1.720184430000000020e-12 1.763575179999999928e-12 1.808256559999999924e-12 1.854255249999999901e-12 1.901595849999999922e-12 1.950301679999999879e-12 2.000394209999999806e-12 2.051893159999999940e-12 2.104816539999999852e-12 2.159181039999999807e-12 2.215001839999999924e-12 2.272291950000000120e-12 2.331063729999999937e-12 2.391327369999999926e-12 2.453091769999999973e-12 2.516364939999999937e-12 2.581152740000000050e-12 2.647460159999999880e-12 2.715291319999999949e-12 2.784647949999999881e-12 2.855531999999999994e-12 2.927943039999999798e-12
1.012420530000000054e-14 7.558810209999999424e-15 9.985176749999999279e-15 1.410344750000000049e-14 1.933118919999999863e-14 2.552184640000000021e-14 3.263583390000000249e-14 4.067183199999999694e-14 4.965002880000000287e-14 5.960947610000000075e-14 7.060968290000000499e-14 8.273214060000000400e-14 9.607905559999999893e-14 1.107684839999999994e-13 1.269260299999999906e-13 1.446747720000000027e-13 1.641248040000000049e-13 1.853641749999999915e-13 2.084519220000000052e-13 2.334139010000000103e-13 2.602412369999999828e-13 2.888912800000000158e-13 3.192903839999999769e-13 3.513379639999999832e-13 3.849115580000000075e-13 4.198721179999999920e-13 4.560692640000000259e-13 4.933464119999999776e-13 5.315452399999999905e-13 5.705096230000000080e-13 6.100891279999999838e-13 6.501416160000000064e-13 6.905354650000000316e-13 7.311510339999999725e-13 7.718817449999999963e-13 8.126348440000000031e-13 8.533316200000000466e-13 8.939073440000000488e-13 9.343110050000000998e-13 9.745051989999999414e-13 1.014464990000000075e-12 1.054177690000000057e-12 1.093641999999999916e-12 1.132866909999999911e-12 1.171871519999999962e-12 1.210683349999999962e-12 1.249338409999999977e-12 1.287879529999999932e-12 1.326356449999999985e-12 1.364824379999999978e-12 1.403343479999999985e-12 1.441978480000000052e-12 1.480797360000000083e-12 1.519871689999999951e-12 1.559274949999999908e-12 1.599083170000000061e-12 1.639373319999999969e-12 1.680223559999999999e-12 1.721712829999999999e-12 1.763919739999999992e-12 1.806923319999999997e-12 1.850801409999999834e-12 1.895631440000000015e-12 1.941489720000000040e-12 1.988450850000000161e-12 2.036588129999999879e-12 2.085973100000000019e-12 2.136675169999999937e-12 2.188761320000000172e-12 2.242296839999999961e-12 2.297343959999999927e-12 2.353963160000000086e-12 2.412211710000000137e-12 2.472144229999999863e-12 2.533813000000000202e-12 2.597267450000000041e-12 2.662553770000000116e-12 2.729715759999999859e-12 2.798794400000000149e-12 2.869827860000000159e-12 2.942851260000000128e-12 3.017896909999999806e-12 3.094995179999999923e-12 3.174172509999999908e-12 3.255453850000000029e-12 3.338860650000000145e-12 3.424412229999999860e-12 3.512125270000000157e-12 3.602014299999999975e-12 3.694091469999999863e-12 3.788365449999999739e-12 3.884844699999999719e-12 3.983534420000000381e-12 4.084436779999999910e-12 4.187553949999999719e-12 4.292885059999999953e-12 4.400426640000000061e-12 4.510175220000000304e-12 4.622123860000000390e-12 4.736265629999999711e-12
1.332060949999999942e-14 1.046500059999999935e-14 1.411538480000000014e-14 2.008538730000000006e-14 2.765344549999999896e-14 3.665888459999999740e-14 4.708347830000000152e-14 5.896422669999999513e-14 7.237250080000000273e-14 8.741116420000000182e-14 1.042162779999999978e-13 1.229571590000000009e-13 1.438311550000000044e-13 1.670525830000000008e-13 1.928369840000000020e-13 2.213837019999999891e-13 2.528593109999999990e-13 2.873842390000000088e-13 3.250239429999999905e-13 3.657846050000000051e-13 4.096136139999999764e-13 4.564034150000000266e-13 5.059982920000000447e-13 5.582026810000000254e-13 6.127904169999999510e-13 6.695141400000000288e-13 7.281141290000000474e-13 7.883265439999999500e-13 8.498903620000000500e-13 9.125536700000000426e-13 9.760780510000000715e-13 1.040242870000000019e-12 1.104847660000000025e-12 1.169714170000000015e-12 1.234687270000000063e-12 1.299635639999999930e-12 1.364451519999999935e-12 1.429050449999999911e-12 1.493370099999999984e-12 1.557369250000000029e-12 1.621026990000000010e-12 1.684340600000000013e-12 1.747324719999999928e-12 1.810009819999999935e-12 1.872440349999999845e-12 1.934673559999999990e-12 1.996778390000000100e-12 2.058833569999999822e-12 2.120926480000000160e-12 2.183152309999999841e-12 2.245612330000000134e-12 2.308413440000000144e-12 2.371666450000000102e-12 2.435485619999999810e-12 2.499988059999999903e-12 2.565292159999999982e-12 2.631517179999999906e-12 2.698783250000000197e-12 2.767209199999999821e-12 2.836913649999999962e-12 2.908013459999999903e-12 2.980623779999999876e-12 3.054857370000000027e-12 3.130824380000000127e-12 3.208631489999999801e-12 3.288382589999999970e-12 3.370177620000000084e-12 3.454113080000000113e-12 3.540281130000000023e-12 3.628770240000000155e-12 3.719663900000000156e-12 3.813042330000000050e-12 3.908979909999999797e-12 4.007547769999999908e-12 4.108811380000000371e-12 4.212832769999999674e-12 4.319668750000000400e-12 4.429371800000000370e-12 4.541989609999999973e-12 4.657565999999999624e-12 4.776139990000000199e-12 4.897746270000000237e-12 5.022415639999999745e-12 5.150174559999999942e-12 5.281045129999999854e-12 5.415046450000000004e-12 5.552192389999999676e-12 5.692494649999999969e-12 5.835960619999999817e-12 5.982593330000000001e-12 6.132394509999999741e-12 6.285360690000000104e-12 6.441486669999999704e-12 6.600763770000000154e-12 6.763180290000000355e-12 6.928722349999999726e-12 7.097372600000000369e-12 7.269112830000000171e-12 7.443920479999999359e-12 7.621772139999999282e-12
1.751942809999999953e-14 1.451440249999999890e-14 1.998794809999999887e-14 2.866514329999999961e-14 3.967257360000000021e-14 5.285953150000000060e-14 6.826760969999999392e-14 8.601936030000000070e-14 1.062911360000000045e-13 1.293085239999999944e-13 1.553462630000000121e-13 1.847239129999999904e-13 2.177927029999999982e-13 2.549137930000000139e-13 2.964310380000000076e-13 3.426431769999999943e-13 3.937793020000000012e-13 4.499812790000000205e-13 5.112938609999999906e-13 5.776627009999999964e-13 6.489394529999999503e-13 7.248916639999999569e-13 8.052165710000000441e-13 8.895563319999999769e-13 9.775144019999999945e-13 1.068670760000000044e-12 1.162596059999999941e-12 1.258863890000000095e-12 1.357062030000000077e-12 1.456799849999999926e-12 1.557715980000000093e-12 1.659482009999999942e-12 1.761806630000000056e-12 1.864436989999999878e-12 1.967159290000000187e-12 2.069798760000000098e-12 2.172218569999999949e-12 2.274318750000000032e-12 2.376033610000000069e-12 2.477329539999999964e-12 2.578203059999999889e-12 2.678677810000000081e-12 2.778802799999999833e-12 2.878648710000000202e-12 2.978306189999999799e-12 3.077883219999999807e-12 3.177503180000000201e-12 3.277302040000000067e-12 3.377427240000000021e-12 3.478034700000000163e-12 3.579288120000000075e-12 3.681355999999999687e-12 3.784412449999999826e-12 3.888632469999999731e-12 3.994194300000000026e-12 4.101275739999999953e-12 4.210053309999999789e-12 4.320703520000000131e-12 4.433398959999999956e-12 4.548309210000000062e-12 4.665600370000000205e-12 4.785434199999999735e-12 4.907966829999999763e-12 5.033349169999999839e-12 5.161726080000000058e-12 5.293237199999999768e-12 5.428013940000000186e-12 5.566182060000000076e-12 5.707860399999999701e-12 5.853160839999999669e-12 6.002187899999999893e-12 6.155038720000000225e-12 6.311803079999999824e-12 6.472564669999999665e-12 6.637398529999999768e-12 6.806373169999999777e-12 6.979550619999999794e-12 7.156985069999999922e-12 7.338725109999999451e-12 7.524809770000000557e-12 7.715276329999999556e-12 7.910150830000000494e-12 8.109456680000000407e-12 8.313208629999999730e-12 8.521417949999999477e-12 8.734088109999999389e-12 8.951219969999999640e-12 9.172805740000000256e-12 9.398835880000000253e-12 9.629293889999999800e-12 9.864159839999999671e-12 1.010340859999999925e-11 1.034701140000000036e-11 1.059493640000000043e-11 1.084714699999999936e-11 1.110360329999999995e-11 1.136426109999999931e-11 1.162907530000000048e-11 1.189799729999999964e-11 1.217097339999999973e-11
2.305477479999999885e-14 2.017620959999999981e-14 2.836392649999999845e-14 4.102084679999999739e-14 5.712772380000000457e-14 7.660105189999999982e-14 9.962131350000000256e-14 1.264881480000000045e-13 1.575813450000000000e-13 1.933501510000000085e-13 2.343068499999999873e-13 2.810125719999999975e-13 3.340503600000000113e-13 3.939870350000000054e-13 4.613299219999999653e-13 5.364862739999999706e-13 6.197304499999999829e-13 7.111839329999999973e-13 8.108078009999999660e-13 9.184072769999998997e-13 1.033646370000000028e-12 1.156068619999999911e-12 1.285122179999999967e-12 1.420186450000000000e-12 1.560597900000000034e-12 1.705674229999999999e-12 1.854735329999999799e-12 2.007121469999999833e-12 2.162207699999999816e-12 2.319415280000000169e-12 2.478219019999999915e-12 2.638153800000000197e-12 2.798816299999999867e-12 2.959867160000000045e-12 3.121029480000000023e-12 3.282087930000000060e-12 3.442885300000000199e-12 3.603319469999999894e-12 3.763339030000000083e-12 3.922939229999999640e-12 4.082159089999999844e-12 4.241074070000000312e-12 4.399795200000000352e-12 4.558462550000000205e-12 4.717241790000000348e-12 4.876320699999999966e-12 5.035906149999999894e-12 5.196220189999999874e-12 5.357496560000000258e-12 5.519979010000000390e-12 5.683917749999999790e-12 5.849567359999999854e-12 6.017185450000000333e-12 6.187029619999999682e-12 6.359356180000000133e-12 6.534419270000000083e-12 6.712467820000000087e-12 6.893745990000000213e-12 7.078491440000000006e-12 7.266934879999999844e-12 7.459297939999999873e-12 7.655793529999999893e-12 7.856625070000000362e-12 8.061987709999999225e-12 8.272063590000000169e-12 8.487025320000000728e-12 8.707034229999999360e-12 8.932242100000000318e-12 9.162786850000000178e-12 9.398798579999999723e-12 9.640391780000000746e-12 9.887674880000000246e-12 1.014074069999999946e-11 1.039967329999999974e-11 1.066454649999999942e-11 1.093542270000000062e-11 1.121235310000000056e-11 1.149538100000000001e-11 1.178453779999999932e-11 1.207984670000000059e-11 1.238132170000000057e-11 1.268896790000000061e-11 1.300278029999999942e-11 1.332274740000000007e-11 1.364885029999999972e-11 1.398106200000000055e-11 1.431934689999999979e-11 1.466366439999999986e-11 1.501396750000000107e-11 1.537020160000000100e-11 1.573230780000000119e-11 1.610022009999999908e-11 1.647387090000000088e-11 1.685318380000000127e-11 1.723808080000000045e-11 1.762847680000000101e-11 1.802428689999999915e-11 1.842542090000000098e-11 1.883178159999999886e-11 1.924327710000000112e-11
3.038353260000000043e-14 2.812288980000000134e-14 4.035624439999999881e-14 5.890690630000000318e-14 8.266043420000000203e-14 1.117248790000000014e-13 1.465766530000000081e-13 1.878641689999999946e-13 2.363439309999999859e-13 2.928533069999999756e-13 3.582888380000000007e-13 4.335739940000000149e-13 5.196112100000000162e-13 6.172219849999999840e-13 7.270852209999999804e-13 8.496839299999999568e-13 9.852680740000000325e-13 1.133837160000000000e-12 1.295142700000000016e-12 1.468706779999999907e-12 1.653853489999999981e-12 1.849748219999999810e-12 2.055438719999999801e-12 2.269899109999999821e-12 2.492067749999999815e-12 2.720882979999999957e-12 2.955312859999999971e-12 3.194378789999999994e-12 3.437174810000000014e-12 3.682879960000000214e-12 3.930768039999999819e-12 4.180210429999999700e-12 4.430680649999999829e-12 4.681750209999999716e-12 4.933086060000000165e-12 5.184447489999999871e-12 5.435678379999999830e-12 5.686701110000000310e-12 5.937510029999999665e-12 6.188163260000000103e-12 6.438777029999999896e-12 6.689516999999999838e-12 6.940592630000000159e-12 7.192250700000000176e-12 7.444768760000000165e-12 7.698450379999999430e-12 7.953617800000000134e-12 8.210611880000000004e-12 8.469781300000000634e-12 8.731484289999999437e-12 8.996083389999999224e-12 9.263938570000000351e-12 9.535412390000000146e-12 9.810857860000000119e-12 1.009062539999999996e-11 1.037505319999999973e-11 1.066447280000000050e-11 1.095919970000000022e-11 1.125953930000000071e-11 1.156578310000000060e-11 1.187820499999999967e-11 1.219706450000000071e-11 1.252260800000000055e-11 1.285505989999999949e-11 1.319463200000000024e-11 1.354151689999999926e-11 1.389589220000000054e-11 1.425791600000000001e-11 1.462773130000000107e-11 1.500546219999999941e-11 1.539121950000000085e-11 1.578509720000000147e-11 1.618716790000000119e-11 1.659749769999999939e-11 1.701612980000000162e-11 1.744309730000000113e-11 1.787841750000000145e-11 1.832209380000000132e-11 1.877411769999999905e-11 1.923446819999999869e-11 1.970310889999999860e-11 2.017999830000000068e-11 2.066507729999999989e-11 2.115828000000000019e-11 2.165953009999999955e-11 2.216874430000000158e-11 2.268582539999999864e-11 2.321067119999999957e-11 2.374317239999999946e-11 2.428321429999999994e-11 2.483066880000000138e-11 2.538540909999999844e-11 2.594729809999999922e-11 2.651619899999999906e-11 2.709196060000000116e-11 2.767443910000000005e-11 2.826348010000000031e-11 2.885892390000000021e-11 2.946061449999999696e-11 3.006838879999999979e-11
4.013491469999999719e-14 3.932474460000000085e-14 5.760822180000000475e-14 8.497275279999999959e-14 1.203572559999999933e-13 1.643187270000000089e-13 2.179323209999999912e-13 2.825065489999999838e-13 3.594664439999999910e-13 4.502890569999999795e-13 5.564524539999999917e-13 6.793761520000000153e-13 8.203475329999999665e-13 9.804393630000000307e-13 1.160434050000000050e-12 1.360765120000000037e-12 1.581486029999999929e-12 1.822268460000000069e-12 2.082426460000000100e-12 2.360961469999999868e-12 2.656620579999999813e-12 2.967963110000000066e-12 3.293425210000000176e-12 3.631383820000000167e-12 3.980211990000000322e-12 4.338326139999999866e-12 4.704226160000000327e-12 5.076521230000000005e-12 5.453955429999999944e-12 5.835418090000000219e-12 6.219951639999999621e-12 6.606753339999999722e-12 6.995173970000000403e-12 7.384710030000000203e-12 7.774996790000000379e-12 8.165799630000000232e-12 8.556999729999999673e-12 8.948585799999999939e-12 9.340641979999999842e-12 9.733333059999999512e-12 1.012689930000000000e-11 1.052163910000000068e-11 1.091790550000000051e-11 1.131608960000000068e-11 1.171662070000000021e-11 1.211994910000000056e-11 1.252654659999999942e-11 1.293689550000000057e-11 1.335148569999999923e-11 1.377080740000000048e-11 1.419534719999999928e-11 1.462558549999999991e-11 1.506199160000000024e-11 1.550501910000000039e-11 1.595511050000000055e-11 1.641268369999999961e-11 1.687813949999999952e-11 1.735185950000000086e-11 1.783419770000000118e-11 1.832548869999999976e-11 1.882603799999999847e-11 1.933613170000000090e-11 1.985602830000000120e-11 2.038595850000000005e-11 2.092613060000000137e-11 2.147673009999999916e-11 2.203791319999999957e-11 2.260981509999999988e-11 2.319254509999999855e-11 2.378618829999999947e-11 2.439081229999999966e-11 2.500645699999999954e-11 2.563314320000000141e-11 2.627087440000000084e-11 2.691962800000000094e-11 2.757936760000000007e-11 2.825003949999999957e-11 2.893156720000000048e-11 2.962386239999999710e-11 3.032682440000000236e-11 3.104033000000000007e-11 3.176424750000000147e-11 3.249843100000000309e-11 3.324272449999999890e-11 3.399696149999999942e-11 3.476096150000000061e-11 3.553453359999999890e-11 3.631748720000000058e-11 3.710961399999999851e-11 3.791069890000000099e-11 3.872053030000000220e-11 3.953888260000000114e-11 4.036552339999999938e-11 4.120021679999999968e-11 4.204273390000000238e-11 4.289282469999999887e-11 4.375024999999999970e-11 4.461475980000000273e-11 4.548611140000000034e-11 4.636405149999999817e-11
5.318193939999999826e-14 5.519334109999999747e-14 8.257665249999999371e-14 1.232910260000000023e-13 1.766831310000000085e-13 2.442740290000000036e-13 3.283040609999999942e-13 4.312848639999999887e-13 5.557742849999999933e-13 7.042409729999999560e-13 8.789677969999999761e-13 1.081962749999999938e-12 1.314865970000000087e-12 1.578859549999999942e-12 1.874595530000000196e-12 2.202154470000000179e-12 2.561043609999999904e-12 2.950230119999999869e-12 3.368208709999999986e-12 3.813087000000000148e-12 4.282686179999999855e-12 4.774639449999999621e-12 5.286490430000000111e-12 5.815776679999999622e-12 6.360105579999999759e-12 6.917210730000000025e-12 7.484997860000000576e-12 8.061575710000000499e-12 8.645278069999999546e-12 9.234669450000000762e-12 9.828551169999999786e-12 1.042595259999999950e-11 1.102612270000000062e-11 1.162851669999999952e-11 1.223277820000000048e-11 1.283872399999999953e-11 1.344632299999999971e-11 1.405568110000000078e-11 1.466701930000000105e-11 1.528066040000000108e-11 1.589700940000000039e-11 1.651654159999999872e-11 1.713978610000000099e-11 1.776731189999999963e-11 1.839972099999999965e-11 1.903763430000000080e-11 1.968168160000000153e-11 2.033249779999999999e-11 2.099071090000000004e-11 2.165694190000000151e-11 2.233179269999999964e-11 2.301584620000000136e-11 2.370965919999999850e-11 2.441376440000000130e-11 2.512866130000000083e-11 2.585482000000000029e-11 2.659267599999999904e-11 2.734262989999999892e-11 2.810504780000000124e-11 2.888025760000000141e-11 2.966855579999999935e-11 3.047019580000000238e-11 3.128540139999999753e-11 3.211435980000000240e-11 3.295722030000000300e-11 3.381410429999999832e-11 3.468509160000000212e-11 3.557024120000000322e-11 3.646956690000000313e-11 3.738306890000000196e-11 3.831070879999999692e-11 3.925241730000000296e-11 4.020811110000000105e-11 4.117767589999999954e-11 4.216096919999999695e-11 4.315783489999999686e-11 4.416809279999999865e-11 4.519153799999999714e-11 4.622795900000000271e-11 4.727711619999999982e-11 4.833876349999999829e-11 4.941263020000000017e-11 5.049844219999999910e-11 5.159590810000000134e-11 5.270472950000000267e-11 5.382459410000000052e-11 5.495517930000000252e-11 5.609616240000000012e-11 5.724721040000000142e-11 5.840797979999999876e-11 5.957812719999999425e-11 6.075730889999999950e-11 6.194516429999999377e-11 6.314134630000000609e-11 6.434550109999999379e-11 6.555726789999999416e-11 6.677628590000000571e-11 6.800220800000000581e-11 6.923467350000000270e-11 7.047332860000000542e-11
7.074564189999999408e-14 7.780335079999999670e-14 1.189935740000000062e-13 1.802621500000000106e-13 2.621377510000000142e-13 3.681059090000000069e-13 5.025958489999999575e-13 6.702224500000000468e-13 8.753593549999999892e-13 1.121889369999999978e-12 1.413059989999999953e-12 1.751387450000000015e-12 2.138583359999999962e-12 2.575500790000000054e-12 3.062113500000000168e-12 3.597535459999999920e-12 4.180086400000000157e-12 4.807395369999999804e-12 5.476533290000000092e-12 6.184160819999999600e-12 6.926679280000000358e-12 7.700370720000000006e-12 8.501527610000000746e-12 9.326560359999999677e-12 1.017208019999999932e-11 1.103496719999999938e-11 1.191241200000000048e-11 1.280194439999999999e-11 1.370144279999999942e-11 1.460913510000000009e-11 1.552358939999999935e-11 1.644369020000000111e-11 1.736862390000000100e-11 1.829784590000000130e-11 1.923105770000000094e-11 2.016817790000000141e-11 2.110930870000000031e-11 2.205471400000000134e-11 2.300479249999999878e-11 2.396005439999999959e-11 2.492109470000000149e-11 2.588857950000000126e-11 2.686321999999999910e-11 2.784576390000000012e-11 2.883697790000000099e-11 2.983763240000000054e-11 3.084849390000000180e-11 3.187031189999999800e-11 3.290382200000000019e-11 3.394972499999999931e-11 3.500868689999999855e-11 3.608133580000000183e-11 3.716825809999999870e-11 3.826999479999999771e-11 3.938703880000000229e-11 4.051983749999999930e-11 4.166878649999999738e-11 4.283422920000000089e-11 4.401646059999999917e-11 4.521573390000000269e-11 4.643224350000000088e-11 4.766614190000000099e-11 4.891753320000000172e-11 5.018647300000000286e-11 5.147298209999999703e-11 5.277702929999999852e-11 5.409855199999999706e-11 5.543744630000000051e-11 5.679356979999999777e-11 5.816674920000000188e-11 5.955676919999999518e-11 6.096340099999999424e-11 6.238637379999999781e-11 6.382539640000000584e-11 6.528013549999999716e-11 6.675027200000000406e-11 6.823542430000000013e-11 6.973522450000000239e-11 7.124926339999999437e-11 7.277712459999999416e-11 7.431838480000000623e-11 7.587259989999999716e-11 7.743931880000000058e-11 7.901806990000000274e-11 8.060838799999999360e-11 8.220980149999999818e-11 8.382181060000000586e-11 8.544394360000000605e-11 8.707570079999999787e-11 8.871659659999999828e-11 9.036612429999999588e-11 9.202379829999999470e-11 9.368912590000000436e-11 9.536160749999999494e-11 9.704076430000000025e-11 9.872610370000000088e-11 1.004171400000000040e-10 1.021134010000000021e-10 1.038144149999999973e-10 1.055197109999999959e-10
9.454936159999999983e-14 1.102441839999999967e-13 1.726451690000000066e-13 2.662178749999999856e-13 3.942800949999999763e-13 5.641639500000000500e-13 7.842558529999999653e-13 1.062667100000000098e-12 1.406471189999999964e-12 1.821317399999999871e-12 2.311289180000000112e-12 2.878891350000000036e-12 3.525097970000000196e-12 4.249438039999999712e-12 5.050113110000000034e-12 5.924153529999999812e-12 6.867608910000000316e-12 7.875762539999999726e-12 8.943358209999999827e-12 1.006482049999999940e-11 1.123446389999999960e-11 1.244667219999999957e-11 1.369604949999999930e-11 1.497753830000000024e-11 1.628650510000000145e-11 1.761880049999999868e-11 1.897078149999999892e-11 2.033933089999999924e-11 2.172184479999999900e-11 2.311620859999999890e-11 2.452077079999999878e-11 2.593430159999999958e-11 2.735595259999999946e-11 2.878521730000000006e-11 3.022188400000000197e-11 3.166598930000000046e-11 3.311778980000000149e-11 3.457771220000000257e-11 3.604632559999999943e-11 3.752430999999999685e-11 3.901242179999999850e-11 4.051147959999999872e-11 4.202233009999999837e-11 4.354583359999999971e-11 4.508285059999999863e-11 4.663422769999999918e-11 4.820078019999999701e-11 4.978328169999999926e-11 5.138247119999999955e-11 5.299902879999999951e-11 5.463357539999999890e-11 5.628668020000000318e-11 5.795883559999999932e-11 5.965048589999999502e-11 6.136199189999999821e-11 6.309366919999999720e-11 6.484575379999999899e-11 6.661842610000000432e-11 6.841179710000000617e-11 7.022591540000000029e-11 7.206077400000000202e-11 7.391632449999999636e-11 7.579243480000000074e-11 7.768894560000000400e-11 7.960563460000000381e-11 8.154224520000000069e-11 8.349846510000000499e-11 8.547394040000000306e-11 8.746830340000000560e-11 8.948111700000000261e-11 9.151193690000000581e-11 9.356027060000000554e-11 9.562561849999999774e-11 9.770744629999999387e-11 9.980518489999999822e-11 1.019182649999999956e-10 1.040460980000000016e-10 1.061880580000000007e-10 1.083435359999999967e-10 1.105118910000000009e-10 1.126924869999999952e-10 1.148846639999999992e-10 1.170877699999999984e-10 1.193011379999999890e-10 1.215241239999999871e-10 1.237560469999999938e-10 1.259962549999999944e-10 1.282440680000000102e-10 1.304988479999999959e-10 1.327599279999999994e-10 1.350266700000000015e-10 1.372984230000000075e-10 1.395745459999999901e-10 1.418544310000000117e-10 1.441374379999999873e-10 1.464229710000000123e-10 1.487104190000000119e-10 1.509991990000000049e-10 1.532887290000000043e-10 1.555784390000000043e-10
1.270512289999999985e-13 1.571945019999999944e-13 2.527355769999999988e-13 3.983606519999999896e-13 6.033836080000000065e-13 8.823872619999999900e-13 1.250593379999999998e-12 1.721550420000000071e-12 2.305910450000000074e-12 3.010988160000000106e-12 3.840812220000000301e-12 4.796423240000000046e-12 5.876259980000000074e-12 7.076567199999999602e-12 8.391802010000000683e-12 9.815030729999999485e-12 1.133831219999999963e-11 1.295306660000000072e-11 1.465041110000000061e-11 1.642145269999999840e-11 1.825754129999999931e-11 2.015046979999999934e-11 2.209262460000000107e-11 2.407708580000000035e-11 2.609769000000000004e-11 2.814905950000000094e-11 3.022659549999999787e-11 3.232645050000000256e-11 3.444548809999999777e-11 3.658123459999999985e-11 3.873179900000000287e-11 4.089582839999999810e-11 4.307242759999999868e-11 4.526109700000000056e-11 4.746168390000000283e-11 4.967430290000000055e-11 5.189929389999999931e-11 5.413717739999999906e-11 5.638860210000000269e-11 5.865431750000000020e-11 6.093512499999999538e-11 6.323186419999999468e-11 6.554538160000000532e-11 6.787651000000000397e-11 7.022606110000000362e-11 7.259478440000000070e-11 7.498338759999999987e-11 7.739251599999999556e-11 7.982273869999999643e-11 8.227454129999999845e-11 8.474834719999999401e-11 8.724448940000000083e-11 8.976322460000000233e-11 9.230473329999999607e-11 9.486909870000000423e-11 9.745634850000000079e-11 1.000664199999999980e-10 1.026991819999999977e-10 1.053544399999999943e-10 1.080319239999999999e-10 1.107313060000000060e-10 1.134521990000000026e-10 1.161941649999999954e-10 1.189567059999999940e-10 1.217392850000000052e-10 1.245413079999999962e-10 1.273621620000000074e-10 1.302011689999999964e-10 1.330576479999999902e-10 1.359308779999999925e-10 1.388200940000000076e-10 1.417245349999999905e-10 1.446433940000000117e-10 1.475758820000000099e-10 1.505211510000000126e-10 1.534783829999999999e-10 1.564467169999999983e-10 1.594253199999999987e-10 1.624133189999999946e-10 1.654098519999999927e-10 1.684140879999999978e-10 1.714251379999999943e-10 1.744421689999999991e-10 1.774643350000000019e-10 1.804907750000000032e-10 1.835206850000000044e-10 1.865532170000000070e-10 1.895875540000000111e-10 1.926229179999999941e-10 1.956585029999999949e-10 1.986935339999999989e-10 2.017272600000000057e-10 2.047589320000000030e-10 2.077878149999999994e-10 2.108131860000000105e-10 2.138343669999999940e-10 2.168506619999999875e-10 2.198614350000000115e-10 2.228660030000000015e-10 2.258637579999999941e-10
1.718028390000000102e-13 2.258962740000000036e-13 3.743697789999999948e-13 6.063083519999999619e-13 9.431775019999999331e-13 1.412662519999999961e-12 2.041119440000000091e-12 2.849768599999999882e-12 3.853069339999999800e-12 5.058603709999999671e-12 6.467805459999999968e-12 8.077033830000000400e-12 9.878689879999999553e-12 1.186223170000000061e-11 1.401507299999999969e-11 1.632333679999999875e-11 1.877250089999999954e-11 2.134793210000000111e-11 2.403531370000000103e-11 2.682098640000000156e-11 2.969219309999999909e-11 3.263726090000000195e-11 3.564568779999999969e-11 3.870820680000000008e-11 4.181676189999999911e-11 4.496448349999999906e-11 4.814562289999999984e-11 5.135545459999999745e-11 5.459019350000000087e-11 5.784688699999999878e-11 6.112330779999999468e-11 6.441785990000000431e-11 6.772948170000000290e-11 7.105756260000000634e-11 7.440182499999999655e-11 7.776231739999999829e-11 8.113927590000000245e-11 8.453312359999999802e-11 8.794438789999999863e-11 9.137365860000000225e-11 9.482157419999999943e-11 9.828877299999999995e-11 1.017758660000000011e-10 1.052834210000000011e-10 1.088119659999999945e-10 1.123619390000000016e-10 1.159337210000000031e-10 1.195275820000000128e-10 1.231437309999999897e-10 1.267822790000000043e-10 1.304432260000000051e-10 1.341265019999999903e-10 1.378319540000000073e-10 1.415593199999999954e-10 1.453082649999999874e-10 1.490783890000000108e-10 1.528692029999999966e-10 1.566801549999999881e-10 1.605106329999999939e-10 1.643599419999999940e-10 1.682273490000000112e-10 1.721120880000000040e-10 1.760133010000000071e-10 1.799301399999999961e-10 1.838616900000000051e-10 1.878070060000000121e-10 1.917651180000000129e-10 1.957350529999999950e-10 1.997157719999999985e-10 2.037062599999999996e-10 2.077054780000000126e-10 2.117123839999999916e-10 2.157258950000000031e-10 2.197449720000000093e-10 2.237685450000000001e-10 2.277955739999999955e-10 2.318249760000000102e-10 2.358557239999999876e-10 2.398867489999999892e-10 2.439170809999999850e-10 2.479456359999999953e-10 2.519714439999999903e-10 2.559935320000000093e-10 2.600109019999999801e-10 2.640226369999999744e-10 2.680277390000000236e-10 2.720253740000000210e-10 2.760145719999999883e-10 2.799945280000000102e-10 2.839643240000000090e-10 2.879232129999999865e-10 2.918703330000000009e-10 2.958049080000000178e-10 2.997262159999999952e-10 3.036334790000000140e-10 3.075260320000000068e-10 3.114031810000000255e-10 3.152642310000000243e-10 3.191086010000000103e-10 3.229356499999999818e-10
2.340189400000000106e-13 3.278774009999999945e-13 5.632410229999999798e-13 9.427747210000000581e-13 1.511392030000000086e-12 2.319265440000000187e-12 3.409473880000000070e-12 4.812403949999999829e-12 6.544392629999999889e-12 8.608964240000000047e-12 1.099925619999999955e-11 1.370068900000000049e-11 1.669339839999999982e-11 1.995424659999999856e-11 2.345842269999999966e-11 2.718064490000000080e-11 3.109607360000000288e-11 3.518096229999999807e-11 3.941311859999999998e-11 4.377218380000000158e-11 4.823980799999999865e-11 5.279969170000000094e-11 5.743757210000000160e-11 6.214114639999999431e-11 6.689994390000000607e-11 7.170518350000000527e-11 7.654960689999999922e-11 8.142730240000000360e-11 8.633354450000000148e-11 9.126463469999999367e-11 9.621773520000000281e-11 1.011907290000000024e-10 1.061820979999999981e-10 1.111908069999999999e-10 1.162161960000000016e-10 1.212578929999999953e-10 1.263157499999999988e-10 1.313897459999999937e-10 1.364799940000000128e-10 1.415866040000000033e-10 1.467097689999999926e-10 1.518496019999999878e-10 1.570062000000000125e-10 1.621796310000000027e-10 1.673698399999999976e-10 1.725767579999999898e-10 1.778001769999999884e-10 1.830398190000000009e-10 1.882953519999999909e-10 1.935662880000000125e-10 1.988521289999999982e-10 2.041522370000000060e-10 2.094659310000000113e-10 2.147924480000000066e-10 2.201309409999999875e-10 2.254805369999999995e-10 2.308402769999999994e-10 2.362091630000000187e-10 2.415861400000000105e-10 2.469701109999999942e-10 2.523599939999999786e-10 2.577545950000000112e-10 2.631527500000000144e-10 2.685532909999999863e-10 2.739549980000000237e-10 2.793566489999999772e-10 2.847569960000000050e-10 2.901548449999999997e-10 2.955489189999999800e-10 3.009380249999999876e-10 3.063209690000000183e-10 3.116964739999999875e-10 3.170634030000000209e-10 3.224205350000000146e-10 3.277667030000000123e-10 3.331007689999999903e-10 3.384215960000000225e-10 3.437280740000000240e-10 3.490191470000000056e-10 3.542937049999999855e-10 3.595507499999999953e-10 3.647892539999999842e-10 3.700082189999999836e-10 3.752067270000000195e-10 3.803838629999999965e-10 3.855386569999999879e-10 3.906703289999999831e-10 3.957779940000000204e-10 4.008608449999999894e-10 4.059181050000000166e-10 4.109490530000000027e-10 4.159529390000000185e-10 4.209291249999999932e-10 4.258769169999999785e-10 4.307956770000000067e-10 4.356848489999999895e-10 4.405438239999999955e-10 4.453720999999999803e-10 4.501691800000000256e-10 4.549345069999999970e-10
3.215160070000000206e-13 4.821374419999999970e-13 8.647432809999999925e-13 1.504367589999999922e-12 2.488960430000000015e-12 3.904774510000000393e-12 5.817039559999999848e-12 8.263401249999999620e-12 1.125496479999999988e-11 1.478113810000000068e-11 1.881555680000000002e-11 2.332159809999999840e-11 2.825687080000000100e-11 3.357661020000000319e-11 3.923607970000000040e-11 4.519222499999999952e-11 5.140470339999999920e-11 5.783652380000000060e-11 6.445434460000000163e-11 7.122855779999999709e-11 7.813318740000000396e-11 8.514575850000000205e-11 9.224699480000000167e-11 9.942054820000000390e-11 1.066527010000000031e-10 1.139320510000000024e-10 1.212491909999999996e-10 1.285964810000000048e-10 1.359677230000000071e-10 1.433579509999999964e-10 1.507632490000000126e-10 1.581805099999999875e-10 1.656073199999999883e-10 1.730417610000000062e-10 1.804823789999999904e-10 1.879279929999999893e-10 1.953776859999999970e-10 2.028306550000000088e-10 2.102862469999999903e-10 2.177438230000000056e-10 2.252028009999999901e-10 2.326625979999999885e-10 2.401225880000000144e-10 2.475820659999999773e-10 2.550404049999999742e-10 2.624967739999999842e-10 2.699503679999999885e-10 2.774003249999999935e-10 2.848456750000000210e-10 2.922854460000000009e-10 2.997185559999999936e-10 3.071439490000000100e-10 3.145604610000000244e-10 3.219669249999999769e-10 3.293621490000000068e-10 3.367448819999999798e-10 3.441138490000000066e-10 3.514678269999999951e-10 3.588054850000000235e-10 3.661255470000000014e-10 3.734267620000000016e-10 3.807077710000000086e-10 3.879673249999999799e-10 3.952041469999999862e-10 4.024169889999999790e-10 4.096045719999999892e-10 4.167657049999999948e-10 4.238991380000000109e-10 4.310036769999999816e-10 4.380782130000000227e-10 4.451215779999999771e-10 4.521326650000000006e-10 4.591103890000000161e-10 4.660536960000000227e-10 4.729616140000000021e-10 4.798331180000000411e-10 4.866672620000000202e-10 4.934631040000000030e-10 5.002198100000000381e-10 5.069364930000000204e-10 5.136123189999999986e-10 5.202465679999999704e-10 5.268384619999999652e-10 5.333872230000000119e-10 5.398922980000000045e-10 5.463529629999999646e-10 5.527686090000000124e-10 5.591386800000000079e-10 5.654626209999999602e-10 5.717399890000000467e-10 5.779701720000000432e-10 5.841528369999999966e-10 5.902875409999999808e-10 5.963739499999999969e-10 6.024116210000000153e-10 6.084002749999999719e-10 6.143396349999999976e-10 6.202294229999999707e-10 6.260694190000000485e-10 6.318593979999999526e-10
4.463299849999999989e-13 7.212915160000000039e-13 1.362027679999999916e-12 2.472104770000000025e-12 4.213996770000000334e-12 6.726584570000000175e-12 1.009807340000000035e-11 1.436246170000000035e-11 1.950800809999999950e-11 2.548981859999999932e-11 3.224204930000000033e-11 3.968780170000000157e-11 4.774634849999999874e-11 5.633805229999999955e-11 6.538743159999999709e-11 7.482492400000000535e-11 8.458776730000000244e-11 9.462024909999999709e-11 1.048735610000000027e-10 1.153054039999999969e-10 1.258794870000000036e-10 1.365649539999999951e-10 1.473356990000000103e-10 1.581698799999999904e-10 1.690492470000000116e-10 1.799586869999999898e-10 1.908857240000000126e-10 2.018200750000000053e-10 2.127533700000000087e-10 2.236787009999999902e-10 2.345904300000000166e-10 2.454839939999999809e-10 2.563555199999999800e-10 2.672018990000000094e-10 2.780204960000000149e-10 2.888090600000000089e-10 2.995656219999999987e-10 3.102885170000000119e-10 3.209761899999999973e-10 3.316272260000000106e-10 3.422402639999999963e-10 3.528141109999999960e-10 3.633474629999999807e-10 3.738391539999999883e-10 3.842880180000000047e-10 3.946928339999999778e-10 4.050524639999999875e-10 4.153657139999999777e-10 4.256314470000000223e-10 4.358484410000000235e-10 4.460156129999999958e-10 4.561317429999999845e-10 4.661957490000000501e-10 4.762064630000000353e-10 4.861628319999999849e-10 4.960637460000000208e-10 5.059080929999999664e-10 5.156948759999999503e-10 5.254230940000000218e-10 5.350917489999999536e-10 5.446998959999999822e-10 5.542465929999999644e-10 5.637309510000000139e-10 5.731521370000000182e-10 5.825092630000000334e-10 5.918016630000000499e-10 6.010285050000000008e-10 6.101891209999999918e-10 6.192827919999999633e-10 6.283089049999999555e-10 6.372669060000000236e-10 6.461561289999999509e-10 6.549760730000000495e-10 6.637262960000000252e-10 6.724063529999999638e-10 6.810157440000000160e-10 6.895541360000000219e-10 6.980211409999999902e-10 7.064164250000000254e-10 7.147397670000000322e-10 7.229908889999999922e-10 7.311695140000000364e-10 7.392754740000000162e-10 7.473086589999999584e-10 7.552689030000000128e-10 7.631560940000000114e-10 7.709701210000000387e-10 7.787109850000000372e-10 7.863786840000000186e-10 7.939732210000000169e-10 8.014945929999999982e-10 8.089428569999999888e-10 8.163181240000000076e-10 8.236204500000000352e-10 8.308500550000000177e-10 8.380069970000000273e-10 8.450914969999999526e-10 8.521037759999999921e-10 8.590440030000000301e-10 8.659123969999999670e-10
6.276517930000000055e-13 1.103826009999999951e-12 2.212029169999999901e-12 4.189585740000000008e-12 7.318801809999999788e-12 1.180431010000000068e-11 1.774336230000000056e-11 2.513617790000000044e-11 3.391163040000000000e-11 4.395412160000000185e-11 5.512550830000000290e-11 6.728074350000000519e-11 8.027791629999999554e-11 9.398419540000000637e-11 1.082788579999999998e-10 1.230544419999999964e-10 1.382167990000000088e-10 1.536844119999999937e-10 1.693873789999999889e-10 1.852662470000000085e-10 2.012707500000000000e-10 2.173587000000000117e-10 2.334947789999999861e-10 2.496495510000000174e-10 2.657986329999999823e-10 2.819217910000000006e-10 2.980023729999999983e-10 3.140265829999999987e-10 3.299830960000000108e-10 3.458625610000000067e-10 3.616573150000000024e-10 3.773609760000000234e-10 3.929682689999999906e-10 4.084748649999999966e-10 4.238771279999999844e-10 4.391719769999999915e-10 4.543569409999999808e-10 4.694297730000000447e-10 4.843886960000000426e-10 4.992320449999999505e-10 5.139585980000000323e-10 5.285670790000000426e-10 5.430564890000000185e-10 5.574259940000000086e-10 5.716748189999999725e-10 5.858022960000000159e-10 5.998078700000000446e-10 6.136910420000000483e-10 6.274514800000000163e-10 6.410887379999999885e-10 6.546027050000000494e-10 6.679930500000000273e-10 6.812597710000000374e-10 6.944027020000000226e-10 7.074218429999999830e-10 7.203173059999999832e-10 7.330890890000000349e-10 7.457373610000000225e-10 7.582623970000000337e-10 7.706643099999999720e-10 7.829434319999999516e-10 7.951000409999999909e-10 8.071345260000000235e-10 8.190472739999999950e-10 8.308386760000000341e-10 8.425092289999999561e-10 8.540594339999999660e-10 8.654897350000000359e-10 8.768006879999999957e-10 8.879928459999999511e-10 8.990668210000000230e-10 9.100232230000000335e-10 9.208626080000000192e-10 9.315856969999999246e-10 9.421931009999999280e-10 9.526855969999999543e-10 9.630636290000000790e-10 9.733281960000000580e-10 9.834797419999999668e-10 9.935191559999998983e-10 1.003447099999999989e-09 1.013264469999999930e-09 1.022971820000000078e-09 1.032569919999999936e-09 1.042059659999999951e-09 1.051441820000000084e-09 1.060717070000000010e-09 1.069886289999999928e-09 1.078950260000000002e-09 1.087909649999999909e-09 1.096765570000000044e-09 1.105518569999999962e-09 1.114169530000000067e-09 1.122719249999999995e-09 1.131168709999999975e-09 1.139518589999999933e-09 1.147769659999999993e-09 1.155923020000000089e-09 1.163979249999999912e-09 1.171939209999999984e-09
8.974466139999999940e-13 1.739071019999999923e-12 3.717002830000000275e-12 7.311065819999999230e-12 1.297727379999999987e-11 2.097854009999999884e-11 3.137289039999999864e-11 4.406089729999999864e-11 5.884483870000000521e-11 7.547834580000000220e-11 9.370106770000000262e-11 1.132600400000000021e-10 1.339212209999999888e-10 1.554747300000000104e-10 1.777361590000000106e-10 2.005459130000000074e-10 2.237672960000000093e-10 2.472841929999999822e-10 2.709986399999999852e-10 2.948284119999999925e-10 3.187047850000000112e-10 3.425706389999999999e-10 3.663785939999999823e-10 3.900895159999999989e-10 4.136711810000000078e-10 4.370971920000000026e-10 4.603459559999999843e-10 4.833999310000000499e-10 5.062448240000000460e-10 5.288692259999999587e-10 5.512639790000000203e-10 5.734219209999999867e-10 5.953373899999999887e-10 6.170061129999999958e-10 6.384249240000000288e-10 6.595914930000000480e-10 6.805043750000000270e-10 7.011627390000000483e-10 7.215663069999999903e-10 7.417153000000000515e-10 7.616102190000000237e-10 7.812521189999999536e-10 8.006421080000000413e-10 8.197816869999999837e-10 8.386725759999999982e-10 8.573165509999999725e-10 8.757157220000000004e-10 8.938722540000000068e-10 9.117884230000000389e-10 9.294666150000000137e-10 9.469093289999999583e-10 9.641191180000000994e-10 9.810986470000000044e-10 9.978505799999999186e-10 1.014377579999999938e-09 1.030682430000000073e-09 1.046768009999999919e-09 1.062636979999999950e-09 1.078292230000000014e-09 1.093736549999999923e-09 1.108972800000000011e-09 1.124003779999999929e-09 1.138832249999999979e-09 1.153461100000000005e-09 1.167892890000000039e-09 1.182130620000000002e-09 1.196176819999999999e-09 1.210034290000000093e-09 1.223705689999999935e-09 1.237193569999999923e-09 1.250500589999999913e-09 1.263629309999999934e-09 1.276582170000000103e-09 1.289361730000000036e-09 1.301970420000000013e-09 1.314410579999999909e-09 1.326684650000000048e-09 1.338794960000000057e-09 1.350743739999999942e-09 1.362533200000000036e-09 1.374165669999999966e-09 1.385643159999999998e-09 1.396967870000000009e-09 1.408142050000000094e-09 1.419167449999999985e-09 1.430046190000000025e-09 1.440780380000000103e-09 1.451371909999999951e-09 1.461822550000000010e-09 1.472134300000000091e-09 1.482308940000000058e-09 1.492348360000000057e-09 1.502254320000000072e-09 1.512028499999999935e-09 1.521672679999999923e-09 1.531188620000000018e-09 1.540577889999999978e-09 1.549842139999999913e-09 1.558982939999999994e-09 1.568002060000000040e-09
1.311738149999999965e-12 2.838440849999999855e-12 6.464379379999999851e-12 1.307482070000000063e-11 2.333827750000000117e-11 3.751142799999999868e-11 5.549749550000000079e-11 7.697237290000000320e-11 1.014996350000000010e-10 1.286109270000000075e-10 1.578534109999999880e-10 1.888134649999999955e-10 2.211257429999999949e-10 2.544740810000000241e-10 2.885884590000000042e-10 3.232403230000000249e-10 3.582374119999999749e-10 3.934189089999999811e-10 4.286508090000000091e-10 4.638219529999999907e-10 4.988405800000000050e-10 5.336313060000000139e-10 5.681324299999999491e-10 6.022938809999999545e-10 6.360754149999999856e-10 6.694446659999999573e-10 7.023763240000000320e-10 7.348506249999999932e-10 7.668526370000000361e-10 7.983714799999999803e-10 8.293994380000000504e-10 8.599317370000000109e-10 8.899658230000000031e-10 9.195011419999999785e-10 9.485388029999999763e-10 9.770810829999999862e-10 1.005131530000000014e-09 1.032694709999999969e-09 1.059775820000000027e-09 1.086380760000000000e-09 1.112515859999999963e-09 1.138187989999999913e-09 1.163404369999999960e-09 1.188172339999999922e-09 1.212499769999999907e-09 1.236394210000000047e-09 1.259863879999999945e-09 1.282916659999999960e-09 1.305560660000000032e-09 1.327803869999999978e-09 1.349654389999999898e-09 1.371120329999999936e-09 1.392209679999999912e-09 1.412930219999999946e-09 1.433289819999999943e-09 1.453296149999999948e-09 1.472956869999999962e-09 1.492279520000000075e-09 1.511271440000000101e-09 1.529939730000000030e-09 1.548291500000000102e-09 1.566333840000000053e-09 1.584073430000000070e-09 1.601516809999999921e-09 1.618670639999999909e-09 1.635541040000000000e-09 1.652134430000000049e-09 1.668456599999999997e-09 1.684513419999999940e-09 1.700310669999999980e-09 1.715853900000000028e-09 1.731148450000000088e-09 1.746199519999999959e-09 1.761012339999999982e-09 1.775591670000000064e-09 1.789942530000000025e-09 1.804069449999999986e-09 1.817976879999999918e-09 1.831669370000000030e-09 1.845151249999999967e-09 1.858426410000000099e-09 1.871499180000000069e-09 1.884373099999999931e-09 1.897052289999999840e-09 1.909540300000000100e-09 1.921840690000000027e-09 1.933956989999999836e-09 1.945892560000000018e-09 1.957650490000000070e-09 1.969234329999999883e-09 1.980646979999999968e-09 1.991891319999999919e-09 2.002970460000000148e-09 2.013887060000000098e-09 2.024644230000000180e-09 2.035244419999999935e-09 2.045690060000000055e-09 2.055984269999999963e-09 2.066129049999999882e-09 2.076127049999999830e-09
1.974083660000000180e-12 4.819877999999999912e-12 1.159364789999999958e-11 2.379211930000000142e-11 4.225884570000000056e-11 6.705681839999999768e-11 9.770304700000000371e-11 1.334359150000000072e-10 1.734095229999999884e-10 2.168062399999999997e-10 2.628893490000000148e-10 3.110200429999999819e-10 3.606558390000000069e-10 4.113414329999999917e-10 4.626970470000000230e-10 5.144071840000000133e-10 5.662105230000000261e-10 6.178915710000000328e-10 6.692730810000000203e-10 7.202102250000000073e-10 7.705854840000000281e-10 8.203043240000000408e-10 8.692915280000000071e-10 9.174882519999999503e-10 9.648493119999999468e-10 1.011340900000000023e-09 1.056939200000000026e-09 1.101628230000000025e-09 1.145398549999999946e-09 1.188246949999999965e-09 1.230174070000000039e-09 1.271185049999999902e-09 1.311287859999999905e-09 1.350493159999999970e-09 1.388813620000000083e-09 1.426263770000000038e-09 1.462859279999999949e-09 1.498616899999999985e-09 1.533554509999999973e-09 1.567690089999999978e-09 1.601042299999999994e-09 1.633630009999999913e-09 1.665472429999999905e-09 1.696588430000000069e-09 1.726997100000000039e-09 1.756717330000000006e-09 1.785767869999999949e-09 1.814167040000000000e-09 1.841933160000000084e-09 1.869083999999999953e-09 1.895637199999999812e-09 1.921609760000000115e-09 1.947018320000000130e-09 1.971879549999999876e-09 1.996209199999999824e-09 2.020022819999999968e-09 2.043335280000000168e-09 2.066161460000000122e-09 2.088515579999999895e-09 2.110411179999999833e-09 2.131862020000000022e-09 2.152880540000000042e-09 2.173479620000000194e-09 2.193671240000000080e-09 2.213467189999999899e-09 2.232878550000000206e-09 2.251916429999999829e-09 2.270591270000000192e-09 2.288913279999999834e-09 2.306892010000000147e-09 2.324537230000000191e-09 2.341858039999999972e-09 2.358862879999999863e-09 2.375560419999999818e-09 2.391958850000000129e-09 2.408065749999999823e-09 2.423889089999999867e-09 2.439435760000000142e-09 2.454712880000000106e-09 2.469727089999999973e-09 2.484485059999999883e-09 2.498992790000000094e-09 2.513256489999999940e-09 2.527281939999999940e-09 2.541074679999999956e-09 2.554640060000000040e-09 2.567983160000000074e-09 2.581109330000000110e-09 2.594022999999999822e-09 2.606728830000000116e-09 2.619231499999999921e-09 2.631535429999999901e-09 2.643644410000000189e-09 2.655562660000000144e-09 2.667294160000000126e-09 2.678842480000000114e-09 2.690211390000000152e-09 2.701404429999999880e-09 2.712425170000000104e-09 2.723276490000000007e-09
3.085317369999999879e-12 8.516878170000000272e-12 2.128993680000000063e-11 4.369078709999999860e-11 7.649859910000000312e-11 1.191688550000000052e-10 1.704237859999999928e-10 2.287359609999999916e-10 2.926124620000000236e-10 3.607239779999999790e-10 4.319419269999999912e-10 5.053306110000000245e-10 5.801225059999999950e-10 6.556902800000000449e-10 7.315216209999999965e-10 8.071984190000000132e-10 8.823801130000000144e-10 9.567903140000000769e-10 1.030206249999999944e-09 1.102450130000000014e-09 1.173382170000000087e-09 1.242894569999999922e-09 1.310906379999999978e-09 1.377359670000000068e-09 1.442215009999999908e-09 1.505449540000000026e-09 1.567053150000000054e-09 1.627026849999999942e-09 1.685380830000000001e-09 1.742132439999999972e-09 1.797304970000000000e-09 1.850926519999999943e-09 1.903028849999999833e-09 1.953646799999999983e-09 2.002817019999999874e-09 2.050577929999999842e-09 2.096969260000000061e-09 2.142030769999999806e-09 2.185803089999999951e-09 2.228326190000000085e-09 2.269640919999999995e-09 2.309786360000000063e-09 2.348801819999999831e-09 2.386725929999999952e-09 2.423596210000000059e-09 2.459449309999999843e-09 2.494321189999999847e-09 2.528246499999999951e-09 2.561258979999999906e-09 2.593391720000000089e-09 2.624676029999999973e-09 2.655142770000000133e-09 2.684821479999999809e-09 2.713740790000000188e-09 2.741928020000000136e-09 2.769410030000000189e-09 2.796211929999999917e-09 2.822358569999999794e-09 2.847873269999999894e-09 2.872779130000000136e-09 2.897097230000000124e-09 2.920849120000000112e-09 2.944054330000000039e-09 2.966732420000000183e-09 2.988901570000000054e-09 3.010579559999999859e-09 3.031783050000000195e-09 3.052528449999999924e-09 3.072830879999999812e-09 3.092705650000000024e-09 3.112166749999999809e-09 3.131227500000000187e-09 3.149901229999999948e-09 3.168199919999999932e-09 3.186135799999999820e-09 3.203720180000000157e-09 3.220963720000000039e-09 3.237877079999999804e-09 3.254469800000000176e-09 3.270751669999999893e-09 3.286731549999999959e-09 3.302418339999999902e-09 3.317820239999999854e-09 3.332945030000000146e-09 3.347800700000000181e-09 3.362394139999999838e-09 3.376732450000000141e-09 3.390822290000000152e-09 3.404670100000000022e-09 3.418281880000000008e-09 3.431663839999999856e-09 3.444821100000000042e-09 3.457759409999999915e-09 3.470483680000000050e-09 3.482999219999999904e-09 3.495310710000000060e-09 3.507422569999999942e-09 3.519339259999999979e-09 3.531064999999999945e-09 3.542603989999999937e-09
5.049089620000000191e-12 1.558539409999999842e-11 3.966400469999999688e-11 8.031390830000000248e-11 1.375889680000000117e-10 2.095571910000000115e-10 2.934982810000000039e-10 3.866595930000000033e-10 4.866020359999999654e-10 5.912987880000000140e-10 6.991162649999999686e-10 8.087533420000000024e-10 9.191756249999999745e-10 1.029558880000000087e-09 1.139244369999999912e-09 1.247705379999999919e-09 1.354522050000000025e-09 1.459362850000000096e-09 1.561969330000000049e-09 1.662144529999999925e-09 1.759743239999999921e-09 1.854663639999999965e-09 1.946840909999999990e-09 2.036240070000000096e-09 2.122852119999999895e-09 2.206688610000000174e-09 2.287777969999999987e-09 2.366162820000000181e-09 2.441895799999999917e-09 2.515039069999999820e-09 2.585660129999999899e-09 2.653832040000000119e-09 2.719630740000000035e-09 2.783134389999999997e-09 2.844422479999999866e-09 2.903574490000000081e-09 2.960669930000000177e-09 3.015787179999999830e-09 3.069003720000000080e-09 3.120395050000000178e-09 3.170035350000000115e-09 3.217996310000000160e-09 3.264347679999999801e-09 3.309156729999999884e-09 3.352488949999999945e-09 3.394406760000000111e-09 3.434970529999999858e-09 3.474238669999999854e-09 3.512266700000000097e-09 3.549108119999999855e-09 3.584813780000000037e-09 3.619433199999999966e-09 3.653012779999999959e-09 3.685597380000000086e-09 3.717229860000000198e-09 3.747950840000000090e-09 3.777799849999999873e-09 3.806813089999999919e-09 3.835026519999999946e-09 3.862473899999999797e-09 3.889187639999999711e-09 3.915197499999999910e-09 3.940533229999999953e-09 3.965222369999999683e-09 3.989291560000000315e-09 4.012765680000000183e-09 4.035668240000000000e-09 4.058022810000000330e-09 4.079849790000000232e-09 4.101170960000000362e-09 4.122004960000000210e-09 4.142370449999999768e-09 4.162285179999999731e-09 4.181766039999999859e-09 4.200828570000000308e-09 4.219488310000000407e-09 4.237759030000000078e-09 4.255654500000000072e-09 4.273188030000000329e-09 4.290372060000000018e-09 4.307217690000000195e-09 4.323736039999999939e-09 4.339938630000000109e-09 4.355834360000000233e-09 4.371433440000000093e-09 4.386744750000000368e-09 4.401777160000000246e-09 4.416538249999999992e-09 4.431036869999999947e-09 4.445279700000000088e-09 4.459274279999999677e-09 4.473027279999999681e-09 4.486544910000000260e-09 4.499833839999999901e-09 4.512899389999999969e-09 4.525747330000000317e-09 4.538383449999999649e-09 4.550812169999999869e-09 4.563039279999999680e-09 4.575068769999999692e-09
8.692734030000000002e-12 2.926880959999999731e-11 7.425839800000000320e-11 1.467433669999999875e-10 2.446396139999999917e-10 3.633263689999999919e-10 4.977150910000000045e-10 6.432501200000000452e-10 7.962125400000000278e-10 9.536947900000000813e-10 1.113461770000000026e-09 1.273799179999999951e-09 1.433385850000000073e-09 1.591197400000000046e-09 1.746436879999999977e-09 1.898486260000000014e-09 2.046870899999999858e-09 2.191233190000000035e-09 2.331314029999999844e-09 2.466934659999999955e-09 2.597985599999999880e-09 2.724413360000000186e-09 2.846211929999999951e-09 2.963413290000000186e-09 3.076081170000000032e-09 3.184303710000000040e-09 3.288188390000000061e-09 3.387857549999999967e-09 3.483444419999999959e-09 3.575089780000000165e-09 3.662939290000000113e-09 3.747140820000000290e-09 3.827843379999999638e-09 3.905195720000000081e-09 3.979343520000000411e-09 4.050430659999999674e-09 4.118597910000000228e-09 4.183980269999999611e-09 4.246710539999999624e-09 4.306915270000000076e-09 4.364716589999999698e-09 4.420231739999999631e-09 4.473573509999999599e-09 4.524848939999999975e-09 4.574160609999999875e-09 4.621606209999999999e-09 4.667279009999999970e-09 4.711267380000000330e-09 4.753656139999999661e-09 4.794524330000000164e-09 4.833948799999999866e-09 4.872001019999999714e-09 4.908749409999999678e-09 4.944259219999999881e-09 4.978590870000000225e-09 5.011803420000000348e-09 5.043951480000000120e-09 5.075087020000000061e-09 5.105259330000000332e-09 5.134515040000000412e-09 5.162898550000000393e-09 5.190451179999999880e-09 5.217212439999999722e-09 5.243219640000000066e-09 5.268508300000000324e-09 5.293110839999999746e-09 5.317059680000000064e-09 5.340384129999999702e-09 5.363111730000000160e-09 5.385270009999999792e-09 5.406883390000000260e-09 5.427975400000000297e-09 5.448568260000000039e-09 5.468683729999999638e-09 5.488340889999999717e-09 5.507559299999999729e-09 5.526356260000000226e-09 5.544748660000000138e-09 5.562752039999999623e-09 5.580381929999999826e-09 5.597651680000000039e-09 5.614575470000000151e-09 5.631164870000000210e-09 5.647432740000000013e-09 5.663389759999999988e-09 5.679047009999999862e-09 5.694413830000000295e-09 5.709500430000000242e-09 5.724315240000000238e-09 5.738867159999999813e-09 5.753163720000000042e-09 5.767213370000000311e-09 5.781022770000000096e-09 5.794598579999999700e-09 5.807947899999999732e-09 5.821076070000000405e-09 5.833989739999999703e-09 5.846694239999999656e-09 5.859194020000000029e-09 5.871495290000000154e-09
1.571780209999999953e-11 5.577935340000000177e-11 1.385151299999999969e-10 2.649838679999999830e-10 4.283793319999999745e-10 6.194486590000000504e-10 8.295514279999999656e-10 1.051691729999999967e-09 1.280558990000000021e-09 1.512229009999999993e-09 1.743820199999999942e-09 1.973206489999999928e-09 2.198807139999999853e-09 2.419440649999999868e-09 2.634225730000000119e-09 2.842515110000000160e-09 3.043847399999999987e-09 3.237912830000000033e-09 3.424526439999999818e-09 3.603606300000000193e-09 3.775154860000000285e-09 3.939243599999999634e-09 4.095999539999999936e-09 4.245592770000000157e-09 4.388227120000000254e-09 4.524132179999999960e-09 4.653553990000000117e-09 4.776750989999999728e-09 4.893988770000000075e-09 5.005533770000000232e-09 5.111654210000000167e-09 5.212612559999999673e-09 5.308668170000000359e-09 5.400072389999999631e-09 5.487068130000000309e-09 5.569891210000000308e-09 5.648765899999999650e-09 5.723908900000000411e-09 5.795525839999999815e-09 5.863812989999999712e-09 5.928956440000000030e-09 5.991133809999999984e-09 6.050512090000000031e-09 6.107250259999999895e-09 6.161497979999999968e-09 6.213397350000000053e-09 6.263081609999999776e-09 6.310676870000000292e-09 6.356302599999999652e-09 6.400069809999999987e-09 6.442084200000000252e-09 6.482445250000000228e-09 6.521246209999999863e-09 6.558574569999999913e-09 6.594513380000000384e-09 6.629140350000000238e-09 6.662528309999999862e-09 6.694746090000000021e-09 6.725857650000000259e-09 6.755924710000000067e-09 6.785002779999999604e-09 6.813146490000000071e-09 6.840405580000000119e-09 6.866827550000000000e-09 6.892456380000000003e-09 6.917333820000000201e-09 6.941498929999999645e-09 6.964988589999999670e-09 6.987836529999999777e-09 7.010076080000000169e-09 7.031736529999999595e-09 7.052847199999999625e-09 7.073434279999999674e-09 7.093523099999999877e-09 7.113136750000000314e-09 7.132297419999999953e-09 7.151026440000000133e-09 7.169342450000000345e-09 7.187263670000000275e-09 7.204807420000000150e-09 7.221989669999999768e-09 7.238825540000000308e-09 7.255328780000000364e-09 7.271513169999999695e-09 7.287390689999999971e-09 7.302972889999999909e-09 7.318271319999999883e-09 7.333295300000000051e-09 7.348055050000000032e-09 7.362559449999999679e-09 7.376817379999999671e-09 7.390835939999999790e-09 7.404623580000000248e-09 7.418186949999999857e-09 7.431532280000000106e-09 7.444666660000000112e-09 7.457595429999999260e-09 7.470323920000000409e-09 7.482857000000000643e-09 7.495200899999999799e-09
2.958796059999999699e-11 1.066849390000000014e-10 2.556383159999999928e-10 4.708911589999999666e-10 7.367402240000000067e-10 1.036710269999999994e-09 1.357286950000000035e-09 1.688456710000000005e-09 2.023118339999999987e-09 2.356309149999999836e-09 2.684559240000000008e-09 3.005426569999999849e-09 3.317185639999999808e-09 3.618624510000000094e-09 3.908912299999999801e-09 4.187511230000000048e-09 4.454114409999999625e-09 4.708600179999999617e-09 4.950996499999999675e-09 5.181450380000000173e-09 5.400205620000000245e-09 5.607578850000000239e-09 5.803942659999999978e-09 5.989711390000000183e-09 6.165325580000000006e-09 6.331243970000000260e-09 6.487933300000000174e-09 6.635861639999999733e-09 6.775491280000000055e-09 6.907277419999999834e-09 7.031661030000000343e-09 7.149069780000000266e-09 7.259913559999999735e-09 7.364585829999999933e-09 7.463460960000000752e-09 7.556894669999999450e-09 7.645223119999999622e-09 7.728766069999999635e-09 7.807823719999999231e-09 7.882680289999999346e-09 7.953601329999999428e-09 8.020836439999999635e-09 8.084621860000000164e-09 8.145176979999999979e-09 8.202708730000000027e-09 8.257409869999999550e-09 8.309462449999999505e-09 8.359034350000000799e-09 8.406284559999999684e-09 8.451361390000000260e-09 8.494402510000000584e-09 8.535537610000000805e-09 8.574888350000000662e-09 8.612565770000000148e-09 8.648676440000000643e-09 8.683318060000000204e-09 8.716583899999999281e-09 8.748558320000000612e-09 8.779322159999999525e-09 8.808950900000000561e-09 8.837512940000000707e-09 8.865074010000000569e-09 8.891696270000000769e-09 8.917434789999999507e-09 8.942342870000000539e-09 8.966470229999999531e-09 8.989863079999999466e-09 9.012564030000000528e-09 9.034613949999999697e-09 9.056049240000000306e-09 9.076904559999999174e-09 9.097213649999999778e-09 9.117006710000000165e-09 9.136310370000000056e-09 9.155152190000000625e-09 9.173556140000000083e-09 9.191546189999999951e-09 9.209141010000000059e-09 9.226362779999999536e-09 9.243229289999999255e-09 9.259757410000000128e-09 9.275962220000000675e-09 9.291860609999999828e-09 9.307464130000000441e-09 9.322786990000000262e-09 9.337839830000000365e-09 9.352635110000000423e-09 9.367182589999999243e-09 9.381492030000000601e-09 9.395572319999999222e-09 9.409430570000000516e-09 9.423076539999999986e-09 9.436515570000000325e-09 9.449755639999999446e-09 9.462801209999999431e-09 9.475660259999999847e-09 9.488336339999999343e-09 9.500834790000000615e-09 9.513160930000000065e-09 9.525319200000000100e-09
5.720858510000000271e-11 2.028441170000000122e-10 4.643656569999999888e-10 8.210452320000000113e-10 1.242279949999999958e-09 1.701345509999999978e-09 2.178643930000000173e-09 2.660813570000000018e-09 3.139003950000000035e-09 3.607399049999999875e-09 4.062178149999999955e-09 4.500840150000000400e-09 4.921778980000000354e-09 5.324017230000000260e-09 5.707037070000000154e-09 6.070667969999999939e-09 6.415004079999999848e-09 6.740348279999999983e-09 7.047161520000000042e-09 7.336027790000000235e-09 7.607619420000000144e-09 7.862671400000000138e-09 8.101959100000000550e-09 8.326281890000000268e-09 8.536444439999999867e-09 8.733247010000000337e-09 8.917476530000000571e-09 9.089898609999999611e-09 9.251252210000000413e-09 9.402247870000000514e-09 9.543561500000000142e-09 9.675836130000000294e-09 9.799680179999999370e-09 9.915667400000000769e-09 1.002433690000000081e-08 1.012619680000000068e-08 1.022172119999999928e-08 1.031135270000000041e-08 1.039550670000000082e-08 1.047456969999999964e-08 1.054890130000000066e-08 1.061883740000000011e-08 1.068469050000000000e-08 1.074675019999999999e-08 1.080528730000000040e-08 1.086055069999999949e-08 1.091277470000000082e-08 1.096217520000000042e-08 1.100895289999999939e-08 1.105329429999999929e-08 1.109537260000000074e-08 1.113534860000000040e-08 1.117337069999999925e-08 1.120957730000000005e-08 1.124409630000000055e-08 1.127704859999999961e-08 1.130854340000000058e-08 1.133868289999999966e-08 1.136756200000000062e-08 1.139527050000000066e-08 1.142188830000000043e-08 1.144749269999999976e-08 1.147215299999999923e-08 1.149593489999999993e-08 1.151889869999999959e-08 1.154110049999999952e-08 1.156259179999999962e-08 1.158342130000000052e-08 1.160363179999999931e-08 1.162326679999999993e-08 1.164236260000000073e-08 1.166095489999999985e-08 1.167907639999999943e-08 1.169675819999999947e-08 1.171402619999999995e-08 1.173090689999999940e-08 1.174742440000000053e-08 1.176360080000000045e-08 1.177945470000000015e-08 1.179500669999999956e-08 1.181027190000000019e-08 1.182526789999999938e-08 1.184000809999999975e-08 1.185450580000000057e-08 1.186877439999999949e-08 1.188282359999999962e-08 1.189666409999999939e-08 1.191030560000000025e-08 1.192375710000000009e-08 1.193702649999999980e-08 1.195011999999999967e-08 1.196304480000000037e-08 1.197580700000000052e-08 1.198841200000000019e-08 1.200086519999999944e-08 1.201316999999999937e-08 1.202533180000000003e-08 1.203735419999999927e-08 1.204924069999999986e-08 1.206099310000000072e-08
1.119621900000000044e-10 3.805855079999999928e-10 8.272040270000000278e-10 1.401951999999999917e-09 2.051704359999999837e-09 2.736540770000000062e-09 3.430076219999999920e-09 4.115766839999999722e-09 4.783461629999999964e-09 5.427012619999999944e-09 6.042773839999999952e-09 6.628699369999999956e-09 7.183799330000000063e-09 7.707806839999999242e-09 8.200967019999999197e-09 8.663897159999999999e-09 9.097480989999999965e-09 9.502801210000000120e-09 9.881072850000000165e-09 1.023360420000000041e-08 1.056175319999999963e-08 1.086690120000000057e-08 1.115042369999999999e-08 1.141367979999999934e-08 1.165798840000000051e-08 1.188462479999999972e-08 1.209480960000000063e-08 1.228970439999999961e-08 1.247040779999999946e-08 1.263795820000000032e-08 1.279332729999999926e-08 1.293742799999999943e-08 1.307110950000000021e-08 1.319516499999999969e-08 1.331033149999999953e-08 1.341729309999999943e-08 1.351668469999999995e-08 1.360909249999999935e-08 1.369506199999999946e-08 1.377509479999999971e-08 1.384965480000000074e-08 1.391917070000000025e-08 1.398403970000000076e-08 1.404462589999999923e-08 1.410126769999999931e-08 1.415427420000000027e-08 1.420393399999999981e-08 1.425051099999999933e-08 1.429424930000000054e-08 1.433537290000000040e-08 1.437409039999999924e-08 1.441059179999999971e-08 1.444505490000000060e-08 1.447764040000000019e-08 1.450850020000000058e-08 1.453777010000000038e-08 1.456557899999999934e-08 1.459204400000000003e-08 1.461727270000000037e-08 1.464136549999999926e-08 1.466441280000000071e-08 1.468650090000000080e-08 1.470770530000000044e-08 1.472809959999999992e-08 1.474774880000000010e-08 1.476671320000000037e-08 1.478504960000000063e-08 1.480280699999999996e-08 1.482003499999999927e-08 1.483677450000000003e-08 1.485306630000000035e-08 1.486894610000000002e-08 1.488444659999999956e-08 1.489959979999999923e-08 1.491443059999999870e-08 1.492896829999999904e-08 1.494323069999999929e-08 1.495724429999999965e-08 1.497102529999999866e-08 1.498458959999999972e-08 1.499795670000000079e-08 1.501113719999999862e-08 1.502414729999999838e-08 1.503699559999999951e-08 1.504969480000000108e-08 1.506225369999999929e-08 1.507467929999999967e-08 1.508698059999999848e-08 1.509916460000000126e-08 1.511123489999999923e-08 1.512319870000000129e-08 1.513505939999999862e-08 1.514682250000000123e-08 1.515849140000000028e-08 1.517006609999999908e-08 1.518155379999999993e-08 1.519295269999999894e-08 1.520426629999999888e-08 1.521549459999999976e-08 1.522664130000000110e-08
2.189321639999999958e-10 7.009455240000000207e-10 1.441671889999999988e-09 2.341914880000000058e-09 3.317724539999999954e-09 4.313975400000000215e-09 5.297814629999999666e-09 6.250489460000000068e-09 7.161621959999999971e-09 8.025761390000000406e-09 8.840403079999999860e-09 9.604859129999999909e-09 1.031959049999999926e-08 1.098580960000000042e-08 1.160522169999999989e-08 1.217985799999999994e-08 1.271195149999999937e-08 1.320385129999999923e-08 1.365795919999999918e-08 1.407667399999999957e-08 1.446236110000000003e-08 1.481731719999999980e-08 1.514375649999999995e-08 1.544379019999999849e-08 1.571942399999999950e-08 1.597254600000000102e-08 1.620492899999999906e-08 1.641822859999999860e-08 1.661398839999999869e-08 1.679364380000000031e-08 1.695851640000000121e-08 1.710983889999999896e-08 1.724873749999999852e-08 1.737626039999999984e-08 1.749336500000000042e-08 1.760093399999999873e-08 1.769977760000000157e-08 1.779064179999999860e-08 1.787420700000000157e-08 1.795110019999999859e-08 1.802189689999999941e-08 1.808712109999999900e-08 1.814725610000000088e-08 1.820274419999999880e-08 1.825398680000000162e-08 1.830135869999999976e-08 1.834519909999999877e-08 1.838581729999999966e-08 1.842349739999999867e-08 1.845850409999999914e-08 1.849107360000000024e-08 1.852142620000000108e-08 1.854976260000000109e-08 1.857626410000000019e-08 1.860110290000000031e-08 1.862443180000000054e-08 1.864638930000000036e-08 1.866710699999999870e-08 1.868670200000000147e-08 1.870528270000000019e-08 1.872294669999999952e-08 1.873978659999999920e-08 1.875588220000000149e-08 1.877130979999999930e-08 1.878613889999999988e-08 1.880042969999999926e-08 1.881424079999999959e-08 1.882762389999999914e-08 1.884062510000000103e-08 1.885328690000000061e-08 1.886564859999999882e-08 1.887774740000000091e-08 1.888960989999999881e-08 1.890126809999999941e-08 1.891274869999999965e-08 1.892407120000000077e-08 1.893525690000000131e-08 1.894632540000000087e-08 1.895729259999999958e-08 1.896817280000000034e-08 1.897898020000000104e-08 1.898972360000000120e-08 1.900041189999999869e-08 1.901105759999999914e-08 1.902166419999999870e-08 1.903224070000000025e-08 1.904278870000000099e-08 1.905331539999999990e-08 1.906382429999999975e-08 1.907431549999999893e-08 1.908479419999999908e-08 1.909525870000000133e-08 1.910571260000000019e-08 1.911615400000000004e-08 1.912658479999999981e-08 1.913700490000000113e-08 1.914741080000000124e-08 1.915780250000000013e-08 1.916817989999999943e-08 1.917854139999999862e-08
4.234440849999999868e-10 1.262822510000000002e-09 2.455037510000000109e-09 3.825884500000000221e-09 5.253477650000000015e-09 6.667570049999999978e-09 8.030795580000000596e-09 9.324343080000000156e-09 1.053958520000000054e-08 1.167355280000000056e-08 1.272648740000000079e-08 1.370050209999999984e-08 1.459880220000000037e-08 1.542522020000000152e-08 1.618391820000000158e-08 1.687920200000000000e-08 1.751539000000000025e-08 1.809672590000000016e-08 1.862731479999999973e-08 1.911109320000000145e-08 1.955179659999999999e-08 1.995294240000000155e-08 2.031783099999999942e-08 2.064953540000000041e-08 2.095091029999999966e-08 2.122459900000000102e-08 2.147303669999999990e-08 2.169846700000000011e-08 2.190294880000000120e-08 2.208837020000000120e-08 2.225645620000000074e-08 2.240878769999999918e-08 2.254680529999999914e-08 2.267182529999999837e-08 2.278504669999999855e-08 2.288756210000000058e-08 2.298036779999999942e-08 2.306436999999999942e-08 2.314039269999999854e-08 2.320918750000000144e-08 2.327143990000000000e-08 2.332776989999999995e-08 2.337874429999999999e-08 2.342487800000000047e-08 2.346663840000000149e-08 2.350445530000000111e-08 2.353871409999999973e-08 2.356976840000000091e-08 2.359794139999999847e-08 2.362352269999999871e-08 2.364678050000000109e-08 2.366795650000000160e-08 2.368727259999999983e-08 2.370492419999999851e-08 2.372109799999999927e-08 2.373595899999999844e-08 2.374965469999999837e-08 2.376232370000000024e-08 2.377409029999999901e-08 2.378506639999999890e-08 2.379535319999999909e-08 2.380504149999999875e-08 2.381421820000000076e-08 2.382295609999999856e-08 2.383132269999999876e-08 2.383938020000000134e-08 2.384718380000000075e-08 2.385478129999999897e-08 2.386221890000000082e-08 2.386953389999999998e-08 2.387676369999999846e-08 2.388393660000000030e-08 2.389108109999999970e-08 2.389822209999999965e-08 2.390537899999999970e-08 2.391257150000000117e-08 2.391981719999999975e-08 2.392712519999999999e-08 2.393451130000000031e-08 2.394198080000000074e-08 2.394954629999999870e-08 2.395720949999999967e-08 2.396497759999999933e-08 2.397285570000000098e-08 2.398084220000000079e-08 2.398894060000000152e-08 2.399715089999999987e-08 2.400547320000000084e-08 2.401390550000000048e-08 2.402244799999999885e-08 2.403109530000000085e-08 2.403984570000000097e-08 2.404869549999999970e-08 2.405764120000000086e-08 2.406667929999999840e-08 2.407580270000000162e-08 2.408500950000000164e-08 2.409429459999999851e-08 2.410365059999999977e-08 2.411307419999999942e-08
8.043202220000000064e-10 2.220859049999999822e-09 4.082980620000000175e-09 6.113606949999999798e-09 8.149783959999999810e-09 1.010966779999999919e-08 1.195564089999999934e-08 1.367262749999999979e-08 1.525702050000000048e-08 1.671116929999999926e-08 1.804054860000000091e-08 1.925222999999999980e-08 2.035401539999999976e-08 2.135393199999999867e-08 2.225991839999999928e-08 2.307965200000000045e-08 2.382043179999999955e-08 2.448912890000000150e-08 2.509215589999999903e-08 2.563546350000000143e-08 2.612453899999999930e-08 2.656443420000000160e-08 2.695977659999999947e-08 2.731479930000000062e-08 2.763335870000000021e-08 2.791897020000000049e-08 2.817482780000000053e-08 2.840383039999999964e-08 2.860861059999999990e-08 2.879154870000000073e-08 2.895480660000000142e-08 2.910033279999999939e-08 2.922989489999999894e-08 2.934509170000000017e-08 2.944736539999999959e-08 2.953802360000000044e-08 2.961824390000000091e-08 2.968909209999999994e-08 2.975153280000000062e-08 2.980643640000000248e-08 2.985459349999999945e-08 2.989670730000000063e-08 2.993342820000000160e-08 2.996533510000000324e-08 2.999295029999999835e-08 3.001675350000000254e-08 3.003717099999999783e-08 3.005459350000000124e-08 3.006936570000000188e-08 3.008181079999999690e-08 3.009221319999999755e-08 3.010083199999999873e-08 3.010789840000000137e-08 3.011362180000000272e-08 3.011819769999999727e-08 3.012179660000000134e-08 3.012456419999999683e-08 3.012664960000000316e-08 3.012817370000000096e-08 3.012924310000000106e-08 3.012996429999999935e-08 3.013042619999999935e-08 3.013070679999999946e-08 3.013087730000000252e-08 3.013100170000000247e-08 3.013113670000000250e-08 3.013132850000000077e-08 3.013161989999999771e-08 3.013205330000000021e-08 3.013265730000000084e-08 3.013346369999999981e-08 3.013449400000000233e-08 3.013576940000000192e-08 3.013730780000000263e-08 3.013911960000000115e-08 3.014121929999999715e-08 3.014361380000000110e-08 3.014630680000000259e-08 3.014930880000000001e-08 3.015261999999999674e-08 3.015624020000000263e-08 3.016016589999999837e-08 3.016439719999999888e-08 3.016893400000000248e-08 3.017376570000000247e-08 3.017889229999999887e-08 3.018430660000000260e-08 3.018999810000000205e-08 3.019596310000000101e-08 3.020219449999999886e-08 3.020868179999999722e-08 3.021541419999999926e-08 3.022238459999999776e-08 3.022958589999999873e-08 3.023700400000000264e-08 3.024463170000000056e-08 3.025246189999999852e-08 3.026047680000000076e-08 3.026867290000000120e-08 3.027703949999999810e-08
1.493402510000000048e-09 3.808751539999999937e-09 6.632602910000000378e-09 9.561464509999999396e-09 1.239559570000000078e-08 1.504991859999999963e-08 1.749393159999999906e-08 1.972233219999999953e-08 2.174158809999999979e-08 2.356364349999999896e-08 2.520281229999999882e-08 2.667414200000000010e-08 2.799251670000000104e-08 2.917217220000000006e-08 3.022645250000000244e-08 3.116769069999999726e-08 3.200718980000000095e-08 3.275524559999999672e-08 3.342119469999999949e-08 3.401348179999999963e-08 3.453972400000000161e-08 3.500678149999999858e-08 3.542082889999999675e-08 3.578741210000000210e-08 3.611151910000000324e-08 3.639762270000000322e-08 3.664973390000000017e-08 3.687146229999999988e-08 3.706603020000000219e-08 3.723634379999999714e-08 3.738499639999999910e-08 3.751432230000000277e-08 3.762640690000000122e-08 3.772312949999999963e-08 3.780616709999999985e-08 3.787703309999999794e-08 3.793707750000000072e-08 3.798751539999999682e-08 3.802944089999999919e-08 3.806382760000000054e-08 3.809155660000000215e-08 3.811341639999999895e-08 3.813011419999999800e-08 3.814228929999999959e-08 3.815050679999999693e-08 3.815528519999999814e-08 3.815708280000000206e-08 3.815631539999999897e-08 3.815334539999999851e-08 3.814851369999999852e-08 3.814211520000000200e-08 3.813441299999999852e-08 3.812565200000000163e-08 3.811604190000000043e-08 3.810577100000000035e-08 3.809501689999999843e-08 3.808392530000000308e-08 3.807262770000000162e-08 3.806125189999999839e-08 3.804989749999999868e-08 3.803865670000000209e-08 3.802761479999999777e-08 3.801684300000000179e-08 3.800640159999999864e-08 3.799634029999999919e-08 3.798671240000000224e-08 3.797755710000000043e-08 3.796889909999999998e-08 3.796077760000000016e-08 3.795320320000000103e-08 3.794620079999999894e-08 3.793978460000000174e-08 3.793395819999999733e-08 3.792873569999999849e-08 3.792411359999999914e-08 3.792009910000000156e-08 3.791668850000000293e-08 3.791387470000000263e-08 3.791165430000000290e-08 3.791002360000000089e-08 3.790896490000000256e-08 3.790847809999999958e-08 3.790854559999999959e-08 3.790915670000000083e-08 3.791029710000000040e-08 3.791195269999999876e-08 3.791411269999999909e-08 3.791675600000000294e-08 3.791987169999999855e-08 3.792344220000000018e-08 3.792745319999999830e-08 3.793188699999999884e-08 3.793672579999999945e-08 3.794195179999999775e-08 3.794755440000000030e-08 3.795351229999999864e-08 3.795981129999999819e-08 3.796643360000000318e-08 3.797336489999999749e-08 3.798058760000000198e-08
2.702889469999999872e-09 6.368594539999999780e-09 1.053031710000000082e-08 1.464855610000000013e-08 1.850208519999999987e-08 2.201725740000000054e-08 2.518213370000000136e-08 2.801030519999999870e-08 3.052574369999999755e-08 3.275608410000000096e-08 3.472943180000000148e-08 3.647274839999999764e-08 3.801110889999999868e-08 3.936737510000000317e-08 4.056214209999999684e-08 4.161380219999999776e-08 4.253872989999999954e-08 4.335143440000000170e-08 4.406476250000000322e-08 4.469008269999999673e-08 4.523745289999999715e-08 4.571576889999999801e-08 4.613291079999999827e-08 4.649584540000000191e-08 4.681076150000000314e-08 4.708313739999999960e-08 4.731782970000000090e-08 4.751915479999999992e-08 4.769094990000000225e-08 4.783661470000000139e-08 4.795917619999999943e-08 4.806133449999999846e-08 4.814547690000000014e-08 4.821374229999999972e-08 4.826802779999999810e-08 4.831002800000000278e-08 4.834124920000000256e-08 4.836303450000000043e-08 4.837658449999999859e-08 4.838296869999999882e-08 4.838313570000000243e-08 4.837794170000000109e-08 4.836814330000000108e-08 4.835441200000000303e-08 4.833735549999999717e-08 4.831750639999999778e-08 4.829534819999999851e-08 4.827130339999999672e-08 4.824575579999999895e-08 4.821903589999999972e-08 4.819144549999999928e-08 4.816325119999999989e-08 4.813468730000000180e-08 4.810596010000000293e-08 4.807725419999999928e-08 4.804872939999999876e-08 4.802052799999999876e-08 4.799277060000000134e-08 4.796556750000000028e-08 4.793900740000000235e-08 4.791317209999999725e-08 4.788812900000000314e-08 4.786393500000000011e-08 4.784063990000000073e-08 4.781827909999999974e-08 4.779688470000000240e-08 4.777648500000000286e-08 4.775709429999999739e-08 4.773872669999999876e-08 4.772138599999999827e-08 4.770508259999999922e-08 4.768981300000000215e-08 4.767556660000000037e-08 4.766234340000000051e-08 4.765013270000000080e-08 4.763891680000000057e-08 4.762868499999999805e-08 4.761941599999999805e-08 4.761109549999999766e-08 4.760370229999999673e-08 4.759721510000000005e-08 4.759160890000000298e-08 4.758686249999999874e-08 4.758295449999999706e-08 4.757985650000000212e-08 4.757754369999999941e-08 4.757599469999999863e-08 4.757518109999999736e-08 4.757507449999999977e-08 4.757565359999999743e-08 4.757689000000000113e-08 4.757875869999999959e-08 4.758123499999999983e-08 4.758429380000000213e-08 4.758790690000000079e-08 4.759205300000000061e-08 4.759670700000000187e-08 4.760184419999999833e-08 4.760743980000000196e-08 4.761347230000000092e-08
4.761855800000000248e-09 1.038691359999999956e-08 1.635538640000000062e-08 2.200772189999999996e-08 2.713092679999999971e-08 3.168541339999999827e-08 3.569471470000000303e-08 3.920450100000000240e-08 4.226672699999999956e-08 4.493294629999999719e-08 4.725141169999999795e-08 4.926585359999999889e-08 5.101515300000000299e-08 5.253346199999999967e-08 5.385057730000000283e-08 5.499236620000000128e-08 5.598125340000000151e-08 5.683667230000000108e-08 5.757547329999999807e-08 5.821227589999999901e-08 5.875979169999999952e-08 5.922909449999999920e-08 5.962984059999999742e-08 5.997047479999999948e-08 6.025837960000000453e-08 6.050004229999999771e-08 6.070114009999999541e-08 6.086668949999999699e-08 6.100108149999999596e-08 6.110820289999999387e-08 6.119147140000000317e-08 6.125389969999999659e-08 6.129817359999999979e-08 6.132663800000000091e-08 6.134138179999999911e-08 6.134425940000000320e-08 6.133689820000000586e-08 6.132074760000000257e-08 6.129708650000000564e-08 6.126705900000000421e-08 6.123165970000000102e-08 6.119179119999999593e-08 6.114823489999999648e-08 6.110169439999999537e-08 6.105278060000000368e-08 6.100204789999999962e-08 6.094997219999999428e-08 6.089697990000000447e-08 6.084344760000000134e-08 6.078970219999999810e-08 6.073603489999999495e-08 6.068269439999999671e-08 6.062990819999999484e-08 6.057786090000000517e-08 6.052672320000000105e-08 6.047663699999999960e-08 6.042772330000000298e-08 6.038008850000000541e-08 6.033381080000000204e-08 6.028897560000000354e-08 6.024563249999999927e-08 6.020383129999999516e-08 6.016360740000000582e-08 6.012499650000000457e-08 6.008799860000000464e-08 6.005264200000000017e-08 6.001892670000000440e-08 5.998684570000000516e-08 5.995639900000000245e-08 5.992756509999999770e-08 5.990033000000000629e-08 5.987468649999999946e-08 5.985059909999999402e-08 5.982803940000000076e-08 5.980699309999999693e-08 5.978741770000000041e-08 5.976928460000000540e-08 5.975255850000000561e-08 5.973721070000000016e-08 5.972319169999999477e-08 5.971048009999999917e-08 5.969903329999999647e-08 5.968880860000000118e-08 5.967977050000000365e-08 5.967187630000000514e-08 5.966509780000000660e-08 5.965938499999999870e-08 5.965470960000000056e-08 5.965102190000000127e-08 5.964829340000000335e-08 5.964647439999999592e-08 5.964554359999999699e-08 5.964545840000000292e-08 5.964617599999999344e-08 5.964766810000000090e-08 5.964989920000000239e-08 5.965283380000000148e-08 5.965643619999999839e-08 5.966067110000000005e-08 5.966551699999999465e-08
8.163081770000000131e-09 1.653831920000000142e-08 2.488018859999999902e-08 3.246234929999999697e-08 3.912738579999999748e-08 4.490262379999999768e-08 4.987120409999999759e-08 5.412932319999999831e-08 5.777093290000000173e-08 6.088201589999999894e-08 6.353864279999999604e-08 6.580683730000000430e-08 6.774318709999999828e-08 6.939587390000000595e-08 7.080573989999999373e-08 7.200738849999999730e-08 7.303012950000000602e-08 7.389885330000000007e-08 7.463471260000000396e-08 7.525577669999999568e-08 7.577750689999999535e-08 7.621316909999999493e-08 7.657418169999999470e-08 7.687042819999999368e-08 7.711044249999999741e-08 7.730164240000000474e-08 7.745048689999999343e-08 7.756259630000000641e-08 7.764288060000000081e-08 7.769563130000000625e-08 7.772461430000000394e-08 7.773311949999999538e-08 7.772403879999999419e-08 7.769990870000000326e-08 7.766297470000000220e-08 7.761519070000000339e-08 7.755827619999999744e-08 7.749376609999999884e-08 7.742298180000000198e-08 7.734710290000000569e-08 7.726716690000000155e-08 7.718408310000000315e-08 7.709864040000000553e-08 7.701154199999999462e-08 7.692341340000000273e-08 7.683477319999999997e-08 7.674610459999999476e-08 7.665781250000000535e-08 7.657025239999999782e-08 7.648372960000000496e-08 7.639851419999999542e-08 7.631482649999999807e-08 7.623287250000000578e-08 7.615280850000000055e-08 7.607477669999999792e-08 7.599889780000000163e-08 7.592525010000000190e-08 7.585392580000000495e-08 7.578496759999999629e-08 7.571843240000000230e-08 7.565434859999999897e-08 7.559273030000000568e-08 7.553358469999999824e-08 7.547691889999999713e-08 7.542271870000000112e-08 7.537096989999999576e-08 7.532165110000000401e-08 7.527473400000000527e-08 7.523018299999999480e-08 7.518796249999999434e-08 7.514803710000000254e-08 7.511034990000000623e-08 7.507486539999999573e-08 7.504153389999999988e-08 7.501030550000000441e-08 7.498112349999999954e-08 7.495393109999999362e-08 7.492867839999999887e-08 7.490531570000000441e-08 7.488377209999999922e-08 7.486400480000000274e-08 7.484595699999999687e-08 7.482955770000000199e-08 7.481477130000000013e-08 7.480151959999999615e-08 7.478976729999999698e-08 7.477945020000000533e-08 7.477051159999999815e-08 7.476290160000000090e-08 7.475656359999999885e-08 7.475144770000000421e-08 7.474751130000000010e-08 7.474469040000000581e-08 7.474294249999999953e-08 7.474221059999999949e-08 7.474246639999999831e-08 7.474364590000000207e-08 7.474571360000000111e-08 7.474861970000000270e-08 7.475232880000000549e-08
1.362119129999999978e-08 2.573824349999999846e-08 3.711857130000000038e-08 4.706986800000000155e-08 5.555896369999999809e-08 6.272636450000000071e-08 6.874840610000000000e-08 7.379646410000000519e-08 7.802431409999999365e-08 8.156488460000000239e-08 8.453073259999999519e-08 8.701599090000000184e-08 8.909882609999999516e-08 9.084393329999999632e-08 9.230478070000000622e-08 9.352565660000000618e-08 9.454331009999999623e-08 9.538833720000000184e-08 9.608633180000000081e-08 9.665880189999999360e-08 9.712388050000000660e-08 9.749693670000000079e-08 9.779104460000000295e-08 9.801738089999999419e-08 9.818553080000000582e-08 9.830372959999999785e-08 9.837908269999999528e-08 9.841774329999999418e-08 9.842501920000000238e-08 9.840555040000000345e-08 9.836335830000000543e-08 9.830193900000000609e-08 9.822435490000000224e-08 9.813326329999999559e-08 9.803100199999999350e-08 9.791958890000000231e-08 9.780081460000000053e-08 9.767622800000000049e-08 9.754717919999999748e-08 9.741485480000000247e-08 9.728029229999999382e-08 9.714437970000000312e-08 9.700791280000000283e-08 9.687155970000000241e-08 9.673591709999999852e-08 9.660148949999999482e-08 9.646871749999999609e-08 9.633797760000000491e-08 9.620958249999999356e-08 9.608381649999999807e-08 9.596089970000000423e-08 9.584102399999999877e-08 9.572434579999999846e-08 9.561099290000000103e-08 9.550105770000000283e-08 9.539462550000000625e-08 9.529174599999999570e-08 9.519246189999999636e-08 9.509678019999999394e-08 9.500472230000000516e-08 9.491627400000000235e-08 9.483142089999999416e-08 9.475013479999999474e-08 9.467238019999999445e-08 9.459810709999999719e-08 9.452727310000000269e-08 9.445982129999999776e-08 9.439568770000000171e-08 9.433480840000000245e-08 9.427711940000000605e-08 9.422254269999999424e-08 9.417100700000000222e-08 9.412244140000000572e-08 9.407676060000000238e-08 9.403388650000000533e-08 9.399374790000000513e-08 9.395625259999999554e-08 9.392132939999999357e-08 9.388889310000000514e-08 9.385887269999999771e-08 9.383116859999999907e-08 9.380572409999999943e-08 9.378244669999999411e-08 9.376125829999999627e-08 9.374208789999999982e-08 9.372485009999999407e-08 9.370948110000000171e-08 9.369590260000000605e-08 9.368404360000000099e-08 9.367382599999999970e-08 9.366519290000000222e-08 9.365806619999999526e-08 9.365238180000000303e-08 9.364807600000000359e-08 9.364507750000000563e-08 9.364334370000000550e-08 9.364278950000000420e-08 9.364337929999999699e-08 9.364503479999999367e-08 9.364772070000000117e-08
2.214334849999999875e-08 3.920676410000000086e-08 5.438372949999999729e-08 6.717283440000000218e-08 7.776056779999999519e-08 8.646458130000000087e-08 9.359951750000000108e-08 9.944334780000000084e-08 1.042309069999999956e-07 1.081560650000000033e-07 1.113768280000000034e-07 1.140210410000000022e-07 1.161918489999999940e-07 1.179724340000000052e-07 1.194299700000000017e-07 1.206189490000000032e-07 1.215836819999999966e-07 1.223604759999999980e-07 1.229792159999999950e-07 1.234646160000000107e-07 1.238372529999999904e-07 1.241143929999999918e-07 1.243105320000000036e-07 1.244379460000000082e-07 1.245070679999999996e-07 1.245267780000000027e-07 1.245047089999999921e-07 1.244473679999999875e-07 1.243603979999999977e-07 1.242486429999999918e-07 1.241162979999999935e-07 1.239669840000000090e-07 1.238038580000000024e-07 1.236296469999999926e-07 1.234467109999999908e-07 1.232570950000000037e-07 1.230625909999999936e-07 1.228647329999999930e-07 1.226648720000000058e-07 1.224641439999999969e-07 1.222635719999999981e-07 1.220640090000000065e-07 1.218661790000000016e-07 1.216707370000000036e-07 1.214782230000000125e-07 1.212890910000000075e-07 1.211037390000000032e-07 1.209224649999999951e-07 1.207455540000000114e-07 1.205732330000000019e-07 1.204056730000000046e-07 1.202429870000000059e-07 1.200853179999999951e-07 1.199327069999999886e-07 1.197852129999999887e-07 1.196428770000000118e-07 1.195056850000000070e-07 1.193736240000000066e-07 1.192466780000000056e-07 1.191247920000000028e-07 1.190079149999999987e-07 1.188959969999999971e-07 1.187889469999999988e-07 1.186867000000000062e-07 1.185891560000000008e-07 1.184962239999999964e-07 1.184078190000000024e-07 1.183238329999999977e-07 1.182441520000000053e-07 1.181686780000000008e-07 1.180973040000000062e-07 1.180299169999999955e-07 1.179664009999999978e-07 1.179066520000000064e-07 1.178505469999999988e-07 1.177979810000000043e-07 1.177488400000000063e-07 1.177030100000000017e-07 1.176603850000000030e-07 1.176208500000000033e-07 1.175842929999999934e-07 1.175506200000000028e-07 1.175197109999999934e-07 1.174914670000000030e-07 1.174657879999999997e-07 1.174425679999999962e-07 1.174217129999999954e-07 1.174031249999999993e-07 1.173867050000000061e-07 1.173723660000000046e-07 1.173600169999999955e-07 1.173495719999999979e-07 1.173409319999999965e-07 1.173340319999999940e-07 1.173287740000000053e-07 1.173250869999999980e-07 1.173228909999999994e-07 1.173221089999999950e-07 1.173226709999999955e-07 1.173245109999999997e-07
3.511456010000000083e-08 5.854600360000000143e-08 7.835694050000000068e-08 9.445866310000000244e-08 1.073876850000000040e-07 1.177253570000000016e-07 1.259826380000000076e-07 1.325817889999999913e-07 1.378623299999999999e-07 1.420934269999999878e-07 1.454869359999999906e-07 1.482092099999999947e-07 1.503908750000000096e-07 1.521347310000000090e-07 1.535220799999999890e-07 1.546175240000000090e-07 1.554727189999999918e-07 1.561292460000000003e-07 1.566208429999999963e-07 1.569750480000000031e-07 1.572145010000000116e-07 1.573579450000000109e-07 1.574210130000000113e-07 1.574168070000000007e-07 1.573563250000000106e-07 1.572489200000000083e-07 1.571025190000000028e-07 1.569238890000000038e-07 1.567187979999999971e-07 1.564922060000000021e-07 1.562483759999999980e-07 1.559909749999999990e-07 1.557231289999999890e-07 1.554475799999999886e-07 1.551666600000000131e-07 1.548823719999999963e-07 1.545964780000000036e-07 1.543104419999999987e-07 1.540255429999999889e-07 1.537428889999999967e-07 1.534634040000000121e-07 1.531878840000000110e-07 1.529170110000000056e-07 1.526513239999999923e-07 1.523913080000000100e-07 1.521373459999999922e-07 1.518897509999999890e-07 1.516487769999999953e-07 1.514146249999999992e-07 1.511874360000000091e-07 1.509673239999999886e-07 1.507543460000000122e-07 1.505485439999999939e-07 1.503499189999999904e-07 1.501584560000000001e-07 1.499741270000000009e-07 1.497968610000000000e-07 1.496265870000000044e-07 1.494632189999999934e-07 1.493066430000000035e-07 1.491567620000000004e-07 1.490134450000000118e-07 1.488765660000000042e-07 1.487459829999999919e-07 1.486215810000000077e-07 1.485031899999999908e-07 1.483906690000000121e-07 1.482838600000000012e-07 1.481826360000000006e-07 1.480868120000000008e-07 1.479962459999999896e-07 1.479107960000000079e-07 1.478302779999999969e-07 1.477545619999999880e-07 1.476834800000000071e-07 1.476168880000000082e-07 1.475546300000000079e-07 1.474965639999999939e-07 1.474425350000000127e-07 1.473923849999999943e-07 1.473460000000000013e-07 1.473032110000000033e-07 1.472638900000000123e-07 1.472279080000000103e-07 1.471951380000000131e-07 1.471654230000000070e-07 1.471386500000000058e-07 1.471147039999999892e-07 1.470934450000000052e-07 1.470747720000000052e-07 1.470585570000000012e-07 1.470446880000000106e-07 1.470330630000000073e-07 1.470235840000000065e-07 1.470161239999999975e-07 1.470105960000000089e-07 1.470069009999999990e-07 1.470049400000000058e-07 1.470046270000000086e-07 1.470058629999999923e-07
5.440102410000000129e-08 8.583353409999999824e-08 1.111682830000000008e-07 1.310293810000000072e-07 1.464799619999999933e-07 1.584782300000000118e-07 1.678021419999999950e-07 1.750604349999999969e-07 1.807215000000000079e-07 1.851430940000000024e-07 1.885978659999999961e-07 1.912938500000000040e-07 1.933903920000000058e-07 1.950100600000000031e-07 1.962478110000000007e-07 1.971776980000000101e-07 1.978579150000000066e-07 1.983346040000000017e-07 1.986446279999999903e-07 1.988177160000000027e-07 1.988780130000000099e-07 1.988452990000000041e-07 1.987358900000000115e-07 1.985633559999999970e-07 1.983390089999999930e-07 1.980723709999999976e-07 1.977714699999999889e-07 1.974430999999999954e-07 1.970930580000000020e-07 1.967262480000000104e-07 1.963468889999999989e-07 1.959585489999999932e-07 1.955643400000000059e-07 1.951668479999999944e-07 1.947683330000000043e-07 1.943707280000000065e-07 1.939756369999999961e-07 1.935844840000000036e-07 1.931984029999999868e-07 1.928184190000000110e-07 1.924453409999999933e-07 1.920798810000000019e-07 1.917225770000000031e-07 1.913739280000000071e-07 1.910342890000000046e-07 1.907039429999999900e-07 1.903831050000000019e-07 1.900719579999999895e-07 1.897705890000000037e-07 1.894790530000000058e-07 1.891973799999999987e-07 1.889255400000000060e-07 1.886634920000000113e-07 1.884111499999999937e-07 1.881684139999999876e-07 1.879351710000000066e-07 1.877112790000000120e-07 1.874965959999999917e-07 1.872909509999999871e-07 1.870941589999999888e-07 1.869060639999999869e-07 1.867264530000000027e-07 1.865551410000000005e-07 1.863919150000000017e-07 1.862365759999999992e-07 1.860889259999999892e-07 1.859487359999999883e-07 1.858158069999999892e-07 1.856899419999999919e-07 1.855708970000000114e-07 1.854584889999999925e-07 1.853524910000000119e-07 1.852527160000000000e-07 1.851589389999999877e-07 1.850709589999999869e-07 1.849885789999999978e-07 1.849115990000000095e-07 1.848398340000000127e-07 1.847730860000000038e-07 1.847111549999999985e-07 1.846538709999999890e-07 1.846010489999999922e-07 1.845525050000000026e-07 1.845080820000000065e-07 1.844675949999999945e-07 1.844308740000000117e-07 1.843977769999999930e-07 1.843681190000000084e-07 1.843417719999999907e-07 1.843185800000000093e-07 1.842983859999999976e-07 1.842810629999999978e-07 1.842664689999999977e-07 1.842544750000000059e-07 1.842449390000000101e-07 1.842377490000000011e-07 1.842327610000000125e-07 1.842298900000000006e-07 1.842289950000000098e-07 1.842299889999999892e-07
8.247662460000000074e-08 1.237341249999999916e-07 1.554908099999999982e-07 1.794840610000000039e-07 1.975387680000000116e-07 2.111313219999999899e-07 2.213871819999999942e-07 2.291451010000000006e-07 2.350246720000000032e-07 2.394828020000000240e-07 2.428573109999999788e-07 2.453990930000000058e-07 2.472957870000000145e-07 2.486886500000000118e-07 2.496849159999999885e-07 2.503667530000000118e-07 2.507976550000000126e-07 2.510271600000000131e-07 2.510943490000000070e-07 2.510302860000000236e-07 2.508599270000000108e-07 2.506034489999999983e-07 2.502774240000000144e-07 2.498954359999999954e-07 2.494687690000000045e-07 2.490068029999999745e-07 2.485174660000000240e-07 2.480073529999999887e-07 2.474820630000000090e-07 2.469463709999999891e-07 2.464042550000000125e-07 2.458591550000000111e-07 2.453139700000000191e-07 2.447711440000000081e-07 2.442327229999999884e-07 2.437005259999999941e-07 2.431760039999999945e-07 2.426603770000000213e-07 2.421546699999999810e-07 2.416597339999999960e-07 2.411762810000000020e-07 2.407048209999999963e-07 2.402458389999999911e-07 2.397996180000000072e-07 2.393664720000000189e-07 2.389464840000000097e-07 2.385398260000000212e-07 2.381464840000000025e-07 2.377664710000000010e-07 2.373997320000000022e-07 2.370461660000000104e-07 2.367056600000000129e-07 2.363780419999999943e-07 2.360631580000000050e-07 2.357607800000000119e-07 2.354707080000000042e-07 2.351927150000000055e-07 2.349265459999999908e-07 2.346719580000000051e-07 2.344286680000000010e-07 2.341964350000000045e-07 2.339749590000000124e-07 2.337639699999999984e-07 2.335631849999999945e-07 2.333723329999999972e-07 2.331911160000000106e-07 2.330192640000000083e-07 2.328564789999999946e-07 2.327024759999999944e-07 2.325569990000000055e-07 2.324197510000000093e-07 2.322904750000000000e-07 2.321688870000000063e-07 2.320547170000000015e-07 2.319477090000000100e-07 2.318476080000000066e-07 2.317541570000000122e-07 2.316671020000000052e-07 2.315862129999999984e-07 2.315112230000000025e-07 2.314419160000000018e-07 2.313780670000000005e-07 2.313194469999999886e-07 2.312658149999999917e-07 2.312170010000000021e-07 2.311727629999999888e-07 2.311329149999999919e-07 2.310972459999999871e-07 2.310655840000000122e-07 2.310377170000000130e-07 2.310134869999999985e-07 2.309927109999999931e-07 2.309752180000000119e-07 2.309608500000000111e-07 2.309494249999999922e-07 2.309408130000000130e-07 2.309348449999999899e-07 2.309313910000000072e-07 2.309303110000000071e-07 2.309314620000000001e-07
1.225791240000000018e-07 1.756319530000000088e-07 2.146504559999999929e-07 2.430179219999999943e-07 2.636242300000000191e-07 2.786299829999999921e-07 2.895929469999999843e-07 2.976224209999999818e-07 3.035066809999999736e-07 3.078081930000000111e-07 3.109308299999999856e-07 3.131670499999999839e-07 3.147304990000000233e-07 3.157787210000000052e-07 3.164290379999999864e-07 3.167696430000000254e-07 3.168676129999999748e-07 3.167744749999999776e-07 3.165302469999999855e-07 3.161663360000000015e-07 3.157076660000000164e-07 3.151741619999999925e-07 3.145820239999999853e-07 3.139444119999999811e-07 3.132721529999999736e-07 3.125742299999999909e-07 3.118581159999999831e-07 3.111300369999999827e-07 3.103952220000000057e-07 3.096580769999999940e-07 3.089222960000000068e-07 3.081910050000000016e-07 3.074668199999999919e-07 3.067518999999999742e-07 3.060481499999999770e-07 3.053570200000000189e-07 3.046798160000000200e-07 3.040175329999999897e-07 3.033710240000000049e-07 3.027409430000000025e-07 3.021277729999999878e-07 3.015319409999999743e-07 3.009536729999999879e-07 3.003931400000000135e-07 2.998504839999999839e-07 2.993256490000000136e-07 2.988186049999999937e-07 2.983292689999999939e-07 2.978574680000000217e-07 2.974030049999999979e-07 2.969656799999999911e-07 2.965452379999999761e-07 2.961413659999999823e-07 2.957537789999999817e-07 2.953821930000000029e-07 2.950262109999999821e-07 2.946855200000000017e-07 2.943597789999999892e-07 2.940485899999999833e-07 2.937516110000000139e-07 2.934684740000000166e-07 2.931987809999999770e-07 2.929421329999999831e-07 2.926982180000000148e-07 2.924666380000000047e-07 2.922469659999999921e-07 2.920388910000000136e-07 2.918420139999999982e-07 2.916559939999999794e-07 2.914804329999999959e-07 2.913150180000000239e-07 2.911593530000000034e-07 2.910131230000000094e-07 2.908759599999999775e-07 2.907475789999999855e-07 2.906275820000000191e-07 2.905157150000000040e-07 2.904116340000000158e-07 2.903150289999999887e-07 2.902255860000000013e-07 2.901430490000000250e-07 2.900671059999999868e-07 2.899974730000000211e-07 2.899338649999999941e-07 2.898760839999999816e-07 2.898237880000000135e-07 2.897767790000000070e-07 2.897347999999999826e-07 2.896975960000000212e-07 2.896649679999999833e-07 2.896366879999999946e-07 2.896125009999999773e-07 2.895922359999999992e-07 2.895756949999999773e-07 2.895626489999999810e-07 2.895529579999999788e-07 2.895463919999999835e-07 2.895427830000000209e-07 2.895419579999999928e-07 2.895437769999999738e-07
1.789025249999999948e-07 2.457857139999999962e-07 2.927562829999999987e-07 3.255451300000000161e-07 3.484790060000000018e-07 3.645840539999999882e-07 3.759312789999999861e-07 3.839325869999999850e-07 3.895552539999999915e-07 3.934677300000000131e-07 3.961370110000000090e-07 3.978929040000000238e-07 3.989709679999999960e-07 3.995413070000000192e-07 3.997281230000000138e-07 3.996230480000000197e-07 3.992946060000000032e-07 3.987944410000000024e-07 3.981621430000000047e-07 3.974282379999999934e-07 3.966166560000000067e-07 3.957463259999999936e-07 3.948324260000000082e-07 3.938871770000000186e-07 3.929204980000000071e-07 3.919406590000000093e-07 3.909543120000000148e-07 3.899671409999999958e-07 3.889837789999999768e-07 3.880080609999999989e-07 3.870432860000000120e-07 3.860921250000000172e-07 3.851568240000000092e-07 3.842392000000000146e-07 3.833407620000000015e-07 3.824627579999999973e-07 3.816061560000000193e-07 3.807716949999999953e-07 3.799599990000000185e-07 3.791714390000000053e-07 3.784063269999999756e-07 3.776648330000000169e-07 3.769469860000000224e-07 3.762528139999999880e-07 3.755821469999999851e-07 3.749348420000000244e-07 3.743106729999999743e-07 3.737093830000000143e-07 3.731306039999999742e-07 3.725740209999999818e-07 3.720392389999999806e-07 3.715258290000000028e-07 3.710333939999999845e-07 3.705614519999999773e-07 3.701095470000000212e-07 3.696772240000000007e-07 3.692639720000000212e-07 3.688693370000000238e-07 3.684928060000000006e-07 3.681338680000000037e-07 3.677920689999999745e-07 3.674668680000000150e-07 3.671578100000000101e-07 3.668643560000000162e-07 3.665860500000000204e-07 3.663224110000000247e-07 3.660729530000000132e-07 3.658371949999999882e-07 3.656146819999999932e-07 3.654049580000000151e-07 3.652075409999999996e-07 3.650220319999999816e-07 3.648479780000000119e-07 3.646849220000000210e-07 3.645324680000000017e-07 3.643902179999999926e-07 3.642577720000000250e-07 3.641347059999999902e-07 3.640206780000000241e-07 3.639152620000000106e-07 3.638181449999999792e-07 3.637289580000000205e-07 3.636473310000000100e-07 3.635729509999999770e-07 3.635054780000000116e-07 3.634445989999999843e-07 3.633900290000000260e-07 3.633414280000000149e-07 3.632985109999999760e-07 3.632610509999999860e-07 3.632287079999999760e-07 3.632012520000000118e-07 3.631784010000000233e-07 3.631599550000000261e-07 3.631456309999999996e-07 3.631352290000000123e-07 3.631284929999999827e-07 3.631252239999999828e-07 3.631252239999999828e-07 3.631282940000000019e-07
2.568301340000000138e-07 3.395101370000000213e-07 3.948584320000000065e-07 4.318538629999999765e-07 4.566878720000000051e-07 4.734323509999999767e-07 4.847382230000000505e-07 4.923390409999999889e-07 4.973812219999999570e-07 5.006333479999999723e-07 5.026178659999999717e-07 5.036949909999999788e-07 5.041162009999999739e-07 5.040591870000000438e-07 5.036510520000000443e-07 5.029836529999999847e-07 5.021243509999999533e-07 5.011228269999999615e-07 5.000165970000000435e-07 4.988340269999999708e-07 4.975970000000000319e-07 4.963225139999999477e-07 4.950239829999999908e-07 4.937122069999999509e-07 4.923957700000000498e-07 4.910816640000000282e-07 4.897756299999999593e-07 4.884823850000000131e-07 4.872057960000000295e-07 4.859490450000000104e-07 4.847147470000000183e-07 4.835050619999999477e-07 4.823216949999999484e-07 4.811660119999999993e-07 4.800392049999999773e-07 4.789420130000000222e-07 4.778751189999999644e-07 4.768389769999999686e-07 4.758338430000000106e-07 4.748598599999999737e-07 4.739170270000000131e-07 4.730052299999999800e-07 4.721243269999999947e-07 4.712740349999999833e-07 4.704540119999999759e-07 4.696638600000000110e-07 4.689031530000000257e-07 4.681714070000000112e-07 4.674681120000000233e-07 4.667926700000000103e-07 4.661445700000000245e-07 4.655231860000000185e-07 4.649278940000000051e-07 4.643580949999999821e-07 4.638131660000000187e-07 4.632924230000000161e-07 4.627952419999999871e-07 4.623209969999999902e-07 4.618690069999999904e-07 4.614386459999999932e-07 4.610292590000000050e-07 4.606401939999999898e-07 4.602708540000000057e-07 4.599205850000000094e-07 4.595887620000000103e-07 4.592747870000000097e-07 4.589780640000000160e-07 4.586979679999999855e-07 4.584339019999999761e-07 4.581853259999999878e-07 4.579516710000000210e-07 4.577323689999999742e-07 4.575268520000000104e-07 4.573346360000000150e-07 4.571551809999999879e-07 4.569879759999999814e-07 4.568325099999999945e-07 4.566883260000000108e-07 4.565549149999999838e-07 4.564318769999999976e-07 4.563187020000000023e-07 4.562149909999999798e-07 4.561202899999999773e-07 4.560342009999999805e-07 4.559563540000000235e-07 4.558863219999999869e-07 4.558237090000000223e-07 4.557682299999999958e-07 4.557194300000000040e-07 4.556770530000000182e-07 4.556407019999999747e-07 4.556101200000000000e-07 4.555849389999999768e-07 4.555649009999999751e-07 4.555496669999999827e-07 4.555390090000000197e-07 4.555326430000000088e-07 4.555303120000000234e-07 4.555317619999999893e-07 4.555367349999999764e-07
3.632094380000000073e-07 4.633889429999999995e-07 5.271440949999999727e-07 5.678061829999999713e-07 5.938841810000000471e-07 6.106538419999999926e-07 6.213881530000000044e-07 6.281434250000000481e-07 6.322339910000000156e-07 6.345150610000000238e-07 6.355529079999999575e-07 6.357282699999999604e-07 6.353006939999999543e-07 6.344494069999999864e-07 6.332995209999999959e-07 6.319394860000000209e-07 6.304323390000000288e-07 6.288238409999999988e-07 6.271472439999999562e-07 6.254274470000000127e-07 6.236829790000000433e-07 6.219280520000000386e-07 6.201736939999999804e-07 6.184283729999999872e-07 6.166989690000000287e-07 6.149909379999999912e-07 6.133085439999999899e-07 6.116553659999999844e-07 6.100342490000000248e-07 6.084475219999999832e-07 6.068970039999999994e-07 6.053840590000000450e-07 6.039099390000000030e-07 6.024753820000000092e-07 6.010810689999999931e-07 5.997273430000000340e-07 5.984144310000000026e-07 5.971423320000000011e-07 5.959110470000000331e-07 5.947202910000000177e-07 5.935697799999999834e-07 5.924591159999999690e-07 5.913878450000000214e-07 5.903553979999999826e-07 5.893611500000000205e-07 5.884044749999999819e-07 5.874846920000000435e-07 5.866010609999999562e-07 5.857527870000000124e-07 5.849391869999999580e-07 5.841593519999999897e-07 5.834125429999999679e-07 5.826979079999999782e-07 5.820145929999999934e-07 5.813618599999999833e-07 5.807387420000000399e-07 5.801445010000000274e-07 5.795782270000000328e-07 5.790391240000000274e-07 5.785263969999999860e-07 5.780391919999999872e-07 5.775766570000000107e-07 5.771380530000000230e-07 5.767225839999999952e-07 5.763294550000000080e-07 5.759578700000000328e-07 5.756070890000000322e-07 5.752763739999999760e-07 5.749650430000000373e-07 5.746722989999999720e-07 5.743974609999999566e-07 5.741399039999999476e-07 5.738988880000000133e-07 5.736737880000000042e-07 5.734639219999999875e-07 5.732687210000000166e-07 5.730875610000000516e-07 5.729198160000000449e-07 5.727649179999999480e-07 5.726222980000000261e-07 5.724914440000000101e-07 5.723717889999999609e-07 5.722628200000000291e-07 5.721640830000000503e-07 5.720750099999999758e-07 5.719952010000000485e-07 5.719240900000000154e-07 5.718613920000000071e-07 5.718065379999999714e-07 5.717591880000000514e-07 5.717189419999999607e-07 5.716853479999999656e-07 5.716581199999999814e-07 5.716368039999999495e-07 5.716211150000000007e-07 5.716107129999999605e-07 5.716053119999999560e-07 5.716045170000000368e-07 5.716080410000000087e-07 5.716156580000000049e-07
5.066669359999999729e-07 6.255278890000000354e-07 6.971851580000000229e-07 7.405949420000000232e-07 7.670151379999999874e-07 7.830374779999999596e-07 7.925651740000000258e-07 7.979571709999999880e-07 8.006720120000000282e-07 8.016311880000000335e-07 8.014284279999999592e-07 8.004525400000000000e-07 7.989618209999999904e-07 7.971297010000000188e-07 7.950739589999999998e-07 7.928751419999999965e-07 7.905890129999999540e-07 7.882543969999999963e-07 7.858986349999999881e-07 7.835413380000000232e-07 7.811964340000000153e-07 7.788743799999999922e-07 7.765827949999999575e-07 7.743274179999999769e-07 7.721127420000000435e-07 7.699421190000000346e-07 7.678181650000000165e-07 7.657430389999999859e-07 7.637181620000000152e-07 7.617448999999999775e-07 7.598240470000000001e-07 7.579562290000000244e-07 7.561417870000000170e-07 7.543810059999999527e-07 7.526737700000000463e-07 7.510200249999999957e-07 7.494194280000000393e-07 7.478715820000000073e-07 7.463759740000000505e-07 7.449320380000000217e-07 7.435390329999999858e-07 7.421962210000000184e-07 7.409027489999999899e-07 7.396577639999999826e-07 7.384604149999999798e-07 7.373096199999999742e-07 7.362045270000000514e-07 7.351439990000000046e-07 7.341270700000000354e-07 7.331527170000000328e-07 7.322198030000000015e-07 7.313273040000000386e-07 7.304741420000000455e-07 7.296592340000000109e-07 7.288815030000000516e-07 7.281399230000000455e-07 7.274333600000000085e-07 7.267607320000000389e-07 7.261210730000000208e-07 7.255133029999999540e-07 7.249363990000000450e-07 7.243893379999999711e-07 7.238710960000000411e-07 7.233807650000000318e-07 7.229173210000000402e-07 7.224797399999999517e-07 7.220672269999999530e-07 7.216787590000000388e-07 7.213134839999999774e-07 7.209704899999999543e-07 7.206489839999999518e-07 7.203479979999999524e-07 7.200667940000000320e-07 7.198045750000000522e-07 7.195604889999999930e-07 7.193338550000000309e-07 7.191238750000000242e-07 7.189298120000000521e-07 7.187509819999999629e-07 7.185867050000000426e-07 7.184362970000000337e-07 7.182990770000000067e-07 7.181745330000000103e-07 7.180619260000000108e-07 7.179607449999999544e-07 7.178703640000000055e-07 7.177903289999999996e-07 7.177199559999999965e-07 7.176588500000000457e-07 7.176064399999999818e-07 7.175622729999999614e-07 7.175258930000000244e-07 7.174968460000000064e-07 7.174746769999999507e-07 7.174589880000000019e-07 7.174493249999999954e-07 7.174454029999999562e-07 7.174467670000000337e-07 7.174531330000000446e-07 7.174640470000000363e-07
6.979621499999999485e-07 8.358611580000000399e-07 9.142542579999999586e-07 9.590742139999999052e-07 9.846802410000000803e-07 9.990236550000000318e-07 1.006604750000000105e-06 1.010042299999999989e-06 1.010902909999999895e-06 1.010146659999999931e-06 1.008374620000000000e-06 1.005968900000000034e-06 1.003175270000000061e-06 1.000153469999999954e-06 9.970075330000000561e-07 9.938056560000001008e-07 9.905924120000000987e-07 9.873970160000000421e-07 9.842385679999999712e-07 9.811296879999999252e-07 9.780783330000000748e-07 9.750898469999999000e-07 9.721677539999999021e-07 9.693143280000000716e-07 9.665310470000000523e-07 9.638187069999999789e-07 9.611779890000000983e-07 9.586088940000000965e-07 9.561117619999999361e-07 9.536863670000000681e-07 9.513323679999999965e-07 9.490494789999999545e-07 9.468372469999999928e-07 9.446949319999999682e-07 9.426219660000000438e-07 9.406175539999999827e-07 9.386807279999999792e-07 9.368106930000000082e-07 9.350063119999999687e-07 9.332666199999999599e-07 9.315904209999999846e-07 9.299765790000000511e-07 9.284238439999999661e-07 9.269309659999999598e-07 9.254966930000000433e-07 9.241197180000000285e-07 9.227986199999999485e-07 9.215321480000000301e-07 9.203189389999999876e-07 9.191575709999999567e-07 9.180466799999999659e-07 9.169849590000000384e-07 9.159709859999999924e-07 9.150033409999999708e-07 9.140807719999999847e-07 9.132018589999999653e-07 9.123652940000000383e-07 9.115697710000000190e-07 9.108139240000000344e-07 9.100965029999999971e-07 9.094161440000000413e-07 9.087717099999999602e-07 9.081619509999999839e-07 9.075855590000000264e-07 9.070413969999999865e-07 9.065282709999999801e-07 9.060450450000000155e-07 9.055905819999999917e-07 9.051638020000000144e-07 9.047635669999999789e-07 9.043888549999999896e-07 9.040386430000000413e-07 9.037119640000000144e-07 9.034077380000000145e-07 9.031250560000000266e-07 9.028629510000000369e-07 9.026206270000000165e-07 9.023970619999999640e-07 9.021915159999999480e-07 9.020030799999999531e-07 9.018309579999999508e-07 9.016744120000000168e-07 9.015326440000000091e-07 9.014049170000000073e-07 9.012904909999999738e-07 9.011887409999999709e-07 9.010989859999999635e-07 9.010205420000000115e-07 9.009528409999999602e-07 9.008952019999999863e-07 9.008471690000000240e-07 9.008080610000000380e-07 9.007774219999999624e-07 9.007546279999999689e-07 9.007393369999999815e-07 9.007309249999999602e-07 9.007290490000000372e-07 9.007331980000000528e-07 9.007429179999999485e-07 9.007578679999999694e-07
9.503863789999999696e-07 1.106531840000000000e-06 1.189729459999999947e-06 1.234181129999999921e-06 1.257560140000000077e-06 1.269134599999999994e-06 1.273923430000000069e-06 1.274739700000000068e-06 1.273209589999999999e-06 1.270298179999999896e-06 1.266589490000000070e-06 1.262441859999999991e-06 1.258076509999999993e-06 1.253629990000000106e-06 1.249186199999999958e-06 1.244795269999999918e-06 1.240486990000000052e-06 1.236277510000000076e-06 1.232175579999999967e-06 1.228184370000000000e-06 1.224304919999999925e-06 1.220535980000000078e-06 1.216876059999999924e-06 1.213323119999999898e-06 1.209874770000000012e-06 1.206529190000000018e-06 1.203284109999999939e-06 1.200137829999999962e-06 1.197088640000000024e-06 1.194134600000000076e-06 1.191274460000000031e-06 1.188506419999999924e-06 1.185828980000000030e-06 1.183240900000000088e-06 1.180740360000000059e-06 1.178326100000000031e-06 1.175996320000000040e-06 1.173749749999999925e-06 1.171584699999999910e-06 1.169499459999999931e-06 1.167492540000000089e-06 1.165562249999999972e-06 1.163706879999999941e-06 1.161924729999999970e-06 1.160214199999999973e-06 1.158573349999999901e-06 1.157000609999999987e-06 1.155494259999999921e-06 1.154052369999999903e-06 1.152673460000000068e-06 1.151355599999999982e-06 1.150097090000000040e-06 1.148896329999999946e-06 1.147751500000000085e-06 1.146660910000000044e-06 1.145622829999999900e-06 1.144635800000000075e-06 1.143697999999999896e-06 1.142807829999999911e-06 1.141963709999999895e-06 1.141164149999999949e-06 1.140407450000000046e-06 1.139692240000000089e-06 1.139016940000000061e-06 1.138380070000000102e-06 1.137780259999999899e-06 1.137216030000000013e-06 1.136686019999999958e-06 1.136188870000000095e-06 1.135723440000000099e-06 1.135288130000000096e-06 1.134881930000000021e-06 1.134503459999999953e-06 1.134151600000000061e-06 1.133825319999999999e-06 1.133523259999999916e-06 1.133244380000000061e-06 1.132987679999999985e-06 1.132752119999999937e-06 1.132536680000000029e-06 1.132340339999999950e-06 1.132162200000000034e-06 1.132001440000000061e-06 1.131856950000000026e-06 1.131728029999999931e-06 1.131613770000000076e-06 1.131513499999999937e-06 1.131426299999999986e-06 1.131351499999999912e-06 1.131288289999999952e-06 1.131236219999999957e-06 1.131194270000000038e-06 1.131162089999999984e-06 1.131139019999999942e-06 1.131124350000000090e-06 1.131117529999999914e-06 1.131118100000000076e-06 1.131125489999999990e-06 1.131139129999999917e-06 1.131158679999999896e-06
1.280228389999999900e-06 1.452375729999999902e-06 1.537614029999999970e-06 1.579472040000000089e-06 1.598957169999999917e-06 1.606514390000000100e-06 1.607557349999999946e-06 1.605005199999999896e-06 1.600485010000000011e-06 1.594926520000000031e-06 1.588869740000000075e-06 1.582630029999999981e-06 1.576390099999999935e-06 1.570253629999999955e-06 1.564276200000000061e-06 1.558484879999999984e-06 1.552889779999999974e-06 1.547491140000000054e-06 1.542283940000000016e-06 1.537260569999999992e-06 1.532412630000000007e-06 1.527731569999999960e-06 1.523209560000000037e-06 1.518839329999999912e-06 1.514614269999999960e-06 1.510528699999999904e-06 1.506577860000000054e-06 1.502757069999999951e-06 1.499062710000000015e-06 1.495491120000000099e-06 1.492039129999999926e-06 1.488704020000000007e-06 1.485483039999999895e-06 1.482373589999999899e-06 1.479373400000000043e-06 1.476479840000000105e-06 1.473690870000000095e-06 1.471004230000000075e-06 1.468417509999999983e-06 1.465928560000000069e-06 1.463535339999999919e-06 1.461235339999999958e-06 1.459026629999999961e-06 1.456906720000000001e-06 1.454873649999999956e-06 1.452925179999999960e-06 1.451059009999999927e-06 1.449272989999999894e-06 1.447564840000000060e-06 1.445932530000000050e-06 1.444373880000000002e-06 1.442886629999999976e-06 1.441468729999999949e-06 1.440118010000000094e-06 1.438832440000000037e-06 1.437609849999999952e-06 1.436448430000000050e-06 1.435345890000000071e-06 1.434300320000000074e-06 1.433309879999999950e-06 1.432372529999999921e-06 1.431486339999999974e-06 1.430649600000000047e-06 1.429860389999999952e-06 1.429116880000000039e-06 1.428417480000000046e-06 1.427760249999999922e-06 1.427143730000000090e-06 1.426566200000000028e-06 1.426025959999999921e-06 1.425521529999999908e-06 1.425051439999999948e-06 1.424614079999999920e-06 1.424208220000000021e-06 1.423832259999999951e-06 1.423484830000000036e-06 1.423164690000000013e-06 1.422870579999999968e-06 1.422601140000000052e-06 1.422355239999999977e-06 1.422131730000000019e-06 1.421929369999999913e-06 1.421747129999999948e-06 1.421583990000000023e-06 1.421438810000000026e-06 1.421310690000000081e-06 1.421198699999999990e-06 1.421101729999999962e-06 1.421019189999999975e-06 1.420949959999999989e-06 1.420893230000000030e-06 1.420848429999999937e-06 1.420814560000000106e-06 1.420791020000000053e-06 1.420777039999999951e-06 1.420771920000000013e-06 1.420775109999999938e-06 1.420785909999999939e-06 1.420803760000000104e-06 1.420828080000000021e-06
1.707346660000000006e-06 1.891549690000000060e-06 1.975203299999999853e-06 2.011802049999999974e-06 2.025476530000000121e-06 2.027608390000000019e-06 2.023838309999999848e-06 2.017083939999999900e-06 2.008903719999999885e-06 2.000147110000000131e-06 1.991279989999999938e-06 1.982552930000000016e-06 1.974095540000000208e-06 1.965967389999999976e-06 1.958188019999999899e-06 1.950754720000000096e-06 1.943653160000000045e-06 1.936863779999999942e-06 1.930365219999999806e-06 1.924136310000000137e-06 1.918157749999999956e-06 1.912412020000000085e-06 1.906883429999999935e-06 1.901559019999999928e-06 1.896426969999999962e-06 1.891477499999999925e-06 1.886702080000000001e-06 1.882093330000000102e-06 1.877644989999999966e-06 1.873351489999999929e-06 1.869207950000000075e-06 1.865209809999999957e-06 1.861353099999999997e-06 1.857634059999999896e-06 1.854049290000000027e-06 1.850595480000000029e-06 1.847269350000000074e-06 1.844068039999999952e-06 1.840988380000000023e-06 1.838027519999999899e-06 1.835182500000000068e-06 1.832450610000000016e-06 1.829828989999999957e-06 1.827314689999999989e-06 1.824905209999999936e-06 1.822597480000000098e-06 1.820388889999999901e-06 1.818276809999999969e-06 1.816258300000000013e-06 1.814330860000000070e-06 1.812491749999999942e-06 1.810738350000000076e-06 1.809067949999999961e-06 1.807478040000000020e-06 1.805966010000000102e-06 1.804529349999999997e-06 1.803165559999999954e-06 1.801872140000000008e-06 1.800646709999999997e-06 1.799486879999999934e-06 1.798390260000000042e-06 1.797354570000000098e-06 1.796377659999999925e-06 1.795457139999999960e-06 1.794590839999999955e-06 1.793776729999999956e-06 1.793012759999999940e-06 1.792296760000000081e-06 1.791626909999999918e-06 1.791001069999999947e-06 1.790417510000000034e-06 1.789874320000000026e-06 1.789369780000000037e-06 1.788902070000000029e-06 1.788469489999999976e-06 1.788070450000000041e-06 1.787703349999999923e-06 1.787366730000000046e-06 1.787058860000000063e-06 1.786778399999999982e-06 1.786523970000000093e-06 1.786294209999999909e-06 1.786087749999999965e-06 1.785903350000000000e-06 1.785739759999999925e-06 1.785595939999999991e-06 1.785470539999999960e-06 1.785362539999999943e-06 1.785270910000000017e-06 1.785194510000000068e-06 1.785132549999999983e-06 1.785084010000000088e-06 1.785047970000000008e-06 1.785023530000000079e-06 1.785009889999999939e-06 1.785006250000000076e-06 1.785011819999999952e-06 1.785025920000000066e-06 1.785047860000000032e-06 1.785076849999999949e-06
2.255914300000000069e-06 2.446353390000000107e-06 2.523939659999999965e-06 2.552185379999999797e-06 2.557884500000000209e-06 2.553016880000000197e-06 2.543243909999999891e-06 2.531356129999999915e-06 2.518765770000000056e-06 2.506191780000000075e-06 2.493991809999999902e-06 2.482329589999999910e-06 2.471264909999999932e-06 2.460800939999999822e-06 2.450912009999999848e-06 2.441558990000000155e-06 2.432698010000000212e-06 2.424285190000000086e-06 2.416279589999999924e-06 2.408644380000000166e-06 2.401346820000000210e-06 2.394358489999999877e-06 2.387655739999999986e-06 2.381217430000000085e-06 2.375026269999999922e-06 2.369067720000000118e-06 2.363329029999999949e-06 2.357799300000000111e-06 2.352469890000000178e-06 2.347332160000000149e-06 2.342379730000000173e-06 2.337606020000000100e-06 2.333005570000000028e-06 2.328573370000000206e-06 2.324304659999999885e-06 2.320195110000000086e-06 2.316240630000000161e-06 2.312436889999999862e-06 2.308780489999999983e-06 2.305267570000000074e-06 2.301894479999999814e-06 2.298657589999999799e-06 2.295553259999999952e-06 2.292578070000000151e-06 2.289728630000000169e-06 2.287001510000000056e-06 2.284393299999999937e-06 2.281900829999999959e-06 2.279520460000000047e-06 2.277248999999999853e-06 2.275083030000000100e-06 2.273019620000000112e-06 2.271055559999999890e-06 2.269187460000000056e-06 2.267412129999999838e-06 2.265726829999999883e-06 2.264128169999999965e-06 2.262613409999999885e-06 2.261179360000000142e-06 2.259823529999999963e-06 2.258542509999999893e-06 2.257334020000000134e-06 2.256195100000000112e-06 2.255122810000000174e-06 2.254114859999999848e-06 2.253168760000000053e-06 2.252281549999999795e-06 2.251451179999999894e-06 2.250675150000000175e-06 2.249950969999999866e-06 2.249276579999999964e-06 2.248649479999999869e-06 2.248067860000000005e-06 2.247529440000000148e-06 2.247031940000000074e-06 2.246573789999999804e-06 2.246152920000000090e-06 2.245767520000000082e-06 2.245415540000000178e-06 2.245095629999999930e-06 2.244805729999999911e-06 2.244544479999999847e-06 2.244310279999999862e-06 2.244101319999999955e-06 2.243916470000000051e-06 2.243754349999999803e-06 2.243613150000000056e-06 2.243492190000000037e-06 2.243389640000000097e-06 2.243304830000000134e-06 2.243235939999999899e-06 2.243182509999999840e-06 2.243143169999999860e-06 2.243116800000000129e-06 2.243102470000000028e-06 2.243099520000000127e-06 2.243106559999999830e-06 2.243123159999999907e-06 2.243148399999999985e-06 2.243181140000000165e-06
2.955412360000000056e-06 3.144301670000000034e-06 3.210502879999999868e-06 3.226883340000000099e-06 3.222187840000000188e-06 3.208569300000000099e-06 3.191466929999999958e-06 3.173403459999999820e-06 3.155559169999999816e-06 3.138467719999999900e-06 3.122342380000000155e-06 3.107234759999999967e-06 3.093116449999999827e-06 3.079921500000000002e-06 3.067568969999999955e-06 3.055975869999999973e-06 3.045062840000000169e-06 3.034756900000000082e-06 3.024994380000000202e-06 3.015718900000000147e-06 3.006882710000000132e-06 2.998444869999999879e-06 2.990371290000000030e-06 2.982632620000000207e-06 2.975204550000000107e-06 2.968066840000000000e-06 2.961201969999999860e-06 2.954595630000000083e-06 2.948235309999999969e-06 2.942110090000000140e-06 2.936210880000000022e-06 2.930529490000000185e-06 2.925058420000000107e-06 2.919791310000000009e-06 2.914721789999999866e-06 2.909844620000000151e-06 2.905154129999999991e-06 2.900645770000000032e-06 2.896314299999999901e-06 2.892155180000000070e-06 2.888163859999999916e-06 2.884336030000000109e-06 2.880667130000000203e-06 2.877153069999999971e-06 2.873789529999999837e-06 2.870572419999999999e-06 2.867497410000000208e-06 2.864560660000000087e-06 2.861757820000000163e-06 2.859085039999999809e-06 2.856538459999999848e-06 2.854113969999999980e-06 2.851807489999999806e-06 2.849615609999999874e-06 2.847534230000000133e-06 2.845559719999999909e-06 2.843688430000000150e-06 2.841916509999999807e-06 2.840240769999999803e-06 2.838657339999999863e-06 2.837162810000000110e-06 2.835754000000000023e-06 2.834427509999999971e-06 2.833180129999999958e-06 2.832008480000000004e-06 2.830909579999999888e-06 2.829880489999999957e-06 2.828918010000000037e-06 2.828019429999999826e-06 2.827182019999999798e-06 2.826402809999999980e-06 2.825679300000000195e-06 2.825008549999999944e-06 2.824388499999999801e-06 2.823816659999999838e-06 2.823290289999999859e-06 2.822807350000000084e-06 2.822365559999999869e-06 2.821962879999999858e-06 2.821597040000000076e-06 2.821266210000000026e-06 2.820968349999999931e-06 2.820701410000000190e-06 2.820464030000000105e-06 2.820253940000000123e-06 2.820069990000000095e-06 2.819910150000000071e-06 2.819772820000000174e-06 2.819657080000000033e-06 2.819560900000000118e-06 2.819483140000000106e-06 2.819422429999999898e-06 2.819377639999999841e-06 2.819347630000000036e-06 2.819330800000000183e-06 2.819326480000000182e-06 2.819333530000000133e-06 2.819350810000000136e-06 2.819377410000000066e-06 2.819412430000000045e-06
3.841954370000000091e-06 4.019511379999999578e-06 4.068195720000000005e-06 4.068775520000000043e-06 4.050995359999999948e-06 4.026675470000000087e-06 4.000759870000000209e-06 3.975349049999999709e-06 3.951296999999999889e-06 3.928892509999999918e-06 3.908165129999999627e-06 3.889027080000000350e-06 3.871341960000000270e-06 3.854960599999999739e-06 3.839735199999999632e-06 3.825530709999999854e-06 3.812225490000000036e-06 3.799712890000000189e-06 3.787901280000000174e-06 3.776712899999999979e-06 3.766081590000000167e-06 3.755951869999999808e-06 3.746277339999999992e-06 3.737019370000000138e-06 3.728145659999999968e-06 3.719629380000000202e-06 3.711447559999999889e-06 3.703581340000000071e-06 3.696014350000000023e-06 3.688733159999999946e-06 3.681725269999999810e-06 3.674980690000000011e-06 3.668489849999999928e-06 3.662244580000000205e-06 3.656236910000000096e-06 3.650460259999999870e-06 3.644907790000000128e-06 3.639573610000000045e-06 3.634451329999999944e-06 3.629535509999999999e-06 3.624820469999999934e-06 3.620300730000000199e-06 3.615971310000000093e-06 3.611826739999999890e-06 3.607862029999999914e-06 3.604071939999999790e-06 3.600451460000000191e-06 3.596995840000000191e-06 3.593699830000000018e-06 3.590558659999999942e-06 3.587567790000000013e-06 3.584721979999999858e-06 3.582016920000000146e-06 3.579447819999999808e-06 3.577010149999999988e-06 3.574699349999999814e-06 3.572510649999999981e-06 3.570440190000000042e-06 3.568483409999999971e-06 3.566636000000000016e-06 3.564893629999999927e-06 3.563252680000000127e-06 3.561708810000000119e-06 3.560258159999999875e-06 3.558897109999999818e-06 3.557621539999999825e-06 3.556427829999999894e-06 3.555312790000000099e-06 3.554272550000000167e-06 3.553303939999999821e-06 3.552403540000000208e-06 3.551568169999999958e-06 3.550794870000000190e-06 3.550080240000000007e-06 3.549421760000000007e-06 3.548816490000000115e-06 3.548261470000000181e-06 3.547754200000000030e-06 3.547292179999999910e-06 3.546872899999999822e-06 3.546493640000000064e-06 3.546152579999999962e-06 3.545847220000000190e-06 3.545575280000000099e-06 3.545334950000000112e-06 3.545124169999999956e-06 3.544941139999999878e-06 3.544783790000000204e-06 3.544650330000000158e-06 3.544539369999999992e-06 3.544449100000000128e-06 3.544377930000000093e-06 3.544324500000000034e-06 3.544287439999999854e-06 3.544265159999999925e-06 3.544256510000000100e-06 3.544260150000000175e-06 3.544275160000000201e-06 3.544299939999999882e-06 3.544334050000000160e-06
4.960015760000000363e-06 5.114465240000000022e-06 5.138687810000000068e-06 5.119084559999999723e-06 5.085226799999999842e-06 5.048025289999999828e-06 5.011628669999999613e-06 4.977543540000000170e-06 4.946198260000000220e-06 4.917571460000000380e-06 4.891465779999999627e-06 4.867622919999999912e-06 4.845778219999999603e-06 4.825681570000000080e-06 4.807108329999999617e-06 4.789859760000000226e-06 4.773765800000000386e-06 4.758680009999999976e-06 4.744478700000000298e-06 4.731058200000000314e-06 4.718330729999999662e-06 4.706224900000000051e-06 4.694679770000000226e-06 4.683645779999999980e-06 4.673081090000000004e-06 4.662951140000000292e-06 4.653227730000000194e-06 4.643886310000000228e-06 4.634905959999999893e-06 4.626269859999999585e-06 4.617963440000000025e-06 4.609972620000000113e-06 4.602286030000000322e-06 4.594894109999999854e-06 4.587786859999999703e-06 4.580955649999999692e-06 4.574392730000000296e-06 4.568090389999999593e-06 4.562041340000000149e-06 4.556238759999999672e-06 4.550675839999999927e-06 4.545345749999999645e-06 4.540243029999999771e-06 4.535360400000000156e-06 4.530691969999999973e-06 4.526231350000000396e-06 4.521973100000000325e-06 4.517910839999999912e-06 4.514038660000000374e-06 4.510350660000000215e-06 4.506840919999999984e-06 4.503503989999999604e-06 4.500333939999999799e-06 4.497325340000000141e-06 4.494472249999999835e-06 4.491769689999999875e-06 4.489212189999999688e-06 4.486793839999999647e-06 4.484510099999999800e-06 4.482355959999999973e-06 4.480325970000000090e-06 4.478415119999999976e-06 4.476618869999999679e-06 4.474932670000000271e-06 4.473351050000000332e-06 4.471870850000000258e-06 4.470486149999999749e-06 4.469193749999999904e-06 4.467989130000000419e-06 4.466868179999999726e-06 4.465827259999999868e-06 4.464861830000000047e-06 4.463969159999999887e-06 4.463144710000000285e-06 4.462385279999999797e-06 4.461687240000000289e-06 4.461047870000000367e-06 4.460463970000000279e-06 4.459931920000000024e-06 4.459448969999999578e-06 4.459012419999999736e-06 4.458619509999999802e-06 4.458267539999999723e-06 4.457953760000000324e-06 4.457676370000000157e-06 4.457432170000000319e-06 4.457219350000000387e-06 4.457036080000000285e-06 4.456879650000000136e-06 4.456748229999999867e-06 4.456640000000000075e-06 4.456553139999999664e-06 4.456486289999999629e-06 4.456436730000000268e-06 4.456403989999999665e-06 4.456386250000000112e-06 4.456381700000000335e-06 4.456389430000000212e-06 4.456407620000000339e-06 4.456435820000000144e-06
6.364638470000000016e-06 6.482226579999999814e-06 6.474203020000000146e-06 6.429539099999999978e-06 6.376259990000000178e-06 6.323724850000000265e-06 6.274957289999999925e-06 6.230687629999999717e-06 6.190805379999999698e-06 6.154909900000000056e-06 6.122528250000000024e-06 6.093200229999999730e-06 6.066507010000000084e-06 6.042080709999999833e-06 6.019604370000000324e-06 5.998807409999999625e-06 5.979461090000000191e-06 5.961373060000000324e-06 5.944381879999999701e-06 5.928353859999999771e-06 5.913177570000000146e-06 5.898761169999999712e-06 5.885027799999999606e-06 5.871915160000000416e-06 5.859370959999999866e-06 5.847351989999999820e-06 5.835821870000000022e-06 5.824751500000000368e-06 5.814114499999999609e-06 5.803889959999999609e-06 5.794059690000000242e-06 5.784607310000000110e-06 5.775518280000000256e-06 5.766780760000000083e-06 5.758383399999999711e-06 5.750315270000000362e-06 5.742566830000000039e-06 5.735129429999999763e-06 5.727993539999999906e-06 5.721150960000000367e-06 5.714594410000000149e-06 5.708315259999999923e-06 5.702305769999999987e-06 5.696558670000000017e-06 5.691066239999999958e-06 5.685821629999999740e-06 5.680817139999999806e-06 5.676045480000000181e-06 5.671499369999999868e-06 5.667172450000000361e-06 5.663056980000000263e-06 5.659146149999999648e-06 5.655433600000000008e-06 5.651912029999999851e-06 5.648574639999999920e-06 5.645415509999999916e-06 5.642427820000000087e-06 5.639604749999999835e-06 5.636940840000000106e-06 5.634428819999999726e-06 5.632063680000000215e-06 5.629839510000000253e-06 5.627749490000000087e-06 5.625788620000000215e-06 5.623951439999999887e-06 5.622232490000000052e-06 5.620625870000000058e-06 5.619127020000000305e-06 5.617730950000000268e-06 5.616432649999999773e-06 5.615227110000000339e-06 5.614110249999999871e-06 5.613077059999999890e-06 5.612123909999999721e-06 5.611245799999999862e-06 5.610439079999999989e-06 5.609700109999999604e-06 5.609024810000000000e-06 5.608409539999999832e-06 5.607850649999999624e-06 5.607344969999999946e-06 5.606889319999999852e-06 5.606480040000000040e-06 5.606114880000000184e-06 5.605790189999999960e-06 5.605504159999999792e-06 5.605253140000000202e-06 5.605034860000000369e-06 5.604847500000000042e-06 5.604687889999999793e-06 5.604554189999999723e-06 5.604444139999999682e-06 5.604355920000000266e-06 5.604287249999999982e-06 5.604236779999999650e-06 5.604202219999999645e-06 5.604182210000000115e-06 5.604174929999999965e-06 5.604179020000000190e-06 5.604193569999999819e-06
8.124199669999999937e-06 8.189206710000000288e-06 8.140251340000000742e-06 8.065081599999999405e-06 7.988623109999999392e-06 7.917978110000000681e-06 7.854684549999999593e-06 7.798497789999999776e-06 7.748645660000000692e-06 7.704270499999999372e-06 7.664571970000000028e-06 7.628849740000000139e-06 7.596504470000000361e-06 7.567030019999999772e-06 7.540001660000000323e-06 7.515064230000000318e-06 7.491921219999999689e-06 7.470326179999999965e-06 7.450075370000000270e-06 7.430999179999999655e-06 7.412958440000000020e-06 7.395838109999999951e-06 7.379543150000000280e-06 7.363995790000000323e-06 7.349131469999999672e-06 7.334897420000000238e-06 7.321249090000000294e-06 7.308150089999999761e-06 7.295569050000000253e-06 7.283480499999999798e-06 7.271862159999999737e-06 7.260693560000000143e-06 7.249958799999999668e-06 7.239641950000000027e-06 7.229729819999999751e-06 7.220209680000000307e-06 7.211070170000000297e-06 7.202299910000000368e-06 7.193888909999999645e-06 7.185827139999999649e-06 7.178104620000000177e-06 7.170712249999999982e-06 7.163640479999999785e-06 7.156880200000000209e-06 7.150423239999999783e-06 7.144259600000000346e-06 7.138381529999999832e-06 7.132779959999999858e-06 7.127446220000000099e-06 7.122371700000000030e-06 7.117547739999999999e-06 7.112967069999999681e-06 7.108620139999999797e-06 7.104500129999999747e-06 7.100597490000000254e-06 7.096905390000000046e-06 7.093416119999999742e-06 7.090121019999999693e-06 7.087013270000000146e-06 7.084085150000000202e-06 7.081329390000000383e-06 7.078739149999999593e-06 7.076306699999999650e-06 7.074026139999999904e-06 7.071890200000000029e-06 7.069892940000000077e-06 7.068027120000000043e-06 7.066287249999999707e-06 7.064666990000000209e-06 7.063160870000000130e-06 7.061762970000000020e-06 7.060467849999999625e-06 7.059270049999999892e-06 7.058164559999999799e-06 7.057146379999999845e-06 7.056210509999999679e-06 7.055352850000000098e-06 7.054567960000000004e-06 7.053852189999999921e-06 7.053201439999999798e-06 7.052611180000000356e-06 7.052078219999999977e-06 7.051598460000000303e-06 7.051168269999999814e-06 7.050784460000000280e-06 7.050443400000000178e-06 7.050142359999999983e-06 7.049878149999999769e-06 7.049648049999999834e-06 7.049449319999999979e-06 7.049279250000000326e-06 7.049135550000000404e-06 7.049015040000000112e-06 7.048916810000000172e-06 7.048837229999999911e-06 7.048775390000000051e-06 7.048729000000000119e-06 7.048696260000000363e-06 7.048675339999999862e-06 7.048664429999999885e-06
1.032386989999999919e-05 1.031860299999999964e-05 1.021904150000000010e-05 1.010726460000000011e-05 1.000337670000000041e-05 9.911455889999999755e-06 9.831165700000000509e-06 9.761060939999999787e-06 9.699579100000000267e-06 9.645316820000000244e-06 9.597088139999999736e-06 9.553909879999999543e-06 9.514971680000000140e-06 9.479605979999999930e-06 9.447263439999999680e-06 9.417490219999999717e-06 9.389910699999999937e-06 9.364215660000000540e-06 9.340151339999999198e-06 9.317507649999999739e-06 9.296111780000000619e-06 9.275823689999999522e-06 9.256525119999999872e-06 9.238123309999999759e-06 9.220537319999999918e-06 9.203704390000000540e-06 9.187569049999999248e-06 9.172088539999999327e-06 9.157225579999999374e-06 9.142947419999999809e-06 9.129228600000000179e-06 9.116044569999999308e-06 9.103375309999999537e-06 9.091203539999999169e-06 9.079512889999999173e-06 9.068287000000000342e-06 9.057514030000000385e-06 9.047179450000000168e-06 9.037271409999999270e-06 9.027778109999999779e-06 9.018687709999999403e-06 9.009989299999999858e-06 9.001671969999999474e-06 8.993724800000000143e-06 8.986135980000000740e-06 8.978896400000000195e-06 8.971995160000000049e-06 8.965422239999999953e-06 8.959165830000000478e-06 8.953216820000000552e-06 8.947565219999999300e-06 8.942200110000000308e-06 8.937113309999999739e-06 8.932292990000000206e-06 8.927730050000000464e-06 8.923416319999999887e-06 8.919339959999999571e-06 8.915493709999999862e-06 8.911868459999999688e-06 8.908453310000000592e-06 8.905241879999999336e-06 8.902224180000000125e-06 8.899392009999999474e-06 8.896738109999999421e-06 8.894252459999999619e-06 8.891929610000000837e-06 8.889760469999999961e-06 8.887737749999999556e-06 8.885854189999999969e-06 8.884103409999999655e-06 8.882479050000000108e-06 8.880973840000000154e-06 8.879580490000000666e-06 8.878294469999999824e-06 8.877109389999999646e-06 8.876018909999999580e-06 8.875017560000000749e-06 8.874101699999999265e-06 8.873264049999999214e-06 8.872500080000000468e-06 8.871806129999999492e-06 8.871176760000000269e-06 8.870608330000000606e-06 8.870095369999999931e-06 8.869635170000000061e-06 8.869223169999999700e-06 8.868855730000000043e-06 8.868530129999999695e-06 8.868241820000000573e-06 8.867988069999999763e-06 8.867767060000000402e-06 8.867573339999999875e-06 8.867406900000000049e-06 8.867263199999999280e-06 8.867140420000000706e-06 8.867035829999999719e-06 8.866947609999999456e-06 8.866873939999999669e-06 8.866812100000000656e-06 8.866760250000000823e-06
1.306993089999999986e-05 1.297470229999999992e-05 1.281375989999999984e-05 1.265850729999999981e-05 1.252236140000000033e-05 1.240553679999999972e-05 1.230539689999999930e-05 1.221905769999999991e-05 1.214401440000000068e-05 1.207822240000000061e-05 1.202004299999999939e-05 1.196816449999999958e-05 1.192152920000000017e-05 1.187928319999999996e-05 1.184072970000000057e-05 1.180530030000000011e-05 1.177252940000000029e-05 1.174203499999999946e-05 1.171350409999999979e-05 1.168667950000000002e-05 1.166135100000000083e-05 1.163734580000000049e-05 1.161452470000000059e-05 1.159277049999999950e-05 1.157198949999999994e-05 1.155210340000000037e-05 1.153304769999999934e-05 1.151476860000000072e-05 1.149722270000000040e-05 1.148037149999999976e-05 1.146418339999999936e-05 1.144863019999999940e-05 1.143368900000000023e-05 1.141933629999999920e-05 1.140555470000000012e-05 1.139232519999999926e-05 1.137963229999999929e-05 1.136746049999999945e-05 1.135579440000000063e-05 1.134462039999999923e-05 1.133392470000000026e-05 1.132369380000000006e-05 1.131391489999999963e-05 1.130457440000000046e-05 1.129566039999999962e-05 1.128715940000000022e-05 1.127905939999999940e-05 1.127134690000000028e-05 1.126401089999999937e-05 1.125703879999999926e-05 1.125041759999999936e-05 1.124413569999999996e-05 1.123818219999999920e-05 1.123254330000000040e-05 1.122720819999999994e-05 1.122216690000000052e-05 1.121740570000000030e-05 1.121291460000000027e-05 1.120868359999999974e-05 1.120470009999999957e-05 1.120095480000000035e-05 1.119743680000000023e-05 1.119413630000000007e-05 1.119104400000000046e-05 1.118815000000000061e-05 1.118544419999999991e-05 1.118291770000000037e-05 1.118056210000000031e-05 1.117836929999999959e-05 1.117633020000000033e-05 1.117443660000000074e-05 1.117268130000000012e-05 1.117105600000000013e-05 1.116955350000000005e-05 1.116816839999999979e-05 1.116689149999999984e-05 1.116571730000000017e-05 1.116464050000000060e-05 1.116365269999999946e-05 1.116275050000000052e-05 1.116192649999999980e-05 1.116117620000000003e-05 1.116049500000000062e-05 1.115987650000000038e-05 1.115931719999999975e-05 1.115881239999999987e-05 1.115835680000000060e-05 1.115794750000000029e-05 1.115758099999999938e-05 1.115725169999999959e-05 1.115695700000000079e-05 1.115669419999999955e-05 1.115645949999999987e-05 1.115625039999999988e-05 1.115606300000000026e-05 1.115589480000000082e-05 1.115574470000000055e-05 1.115560830000000043e-05 1.115548369999999991e-05 1.115536999999999955e-05
1.649517979999999963e-05 1.628826609999999982e-05 1.605393660000000035e-05 1.584745409999999941e-05 1.567353500000000070e-05 1.552763390000000163e-05 1.540434279999999861e-05 1.529907419999999935e-05 1.520821480000000068e-05 1.512897049999999962e-05 1.505917499999999969e-05 1.499713289999999944e-05 1.494150179999999976e-05 1.489120860000000053e-05 1.484538729999999945e-05 1.480333589999999957e-05 1.476448410000000018e-05 1.472836359999999955e-05 1.469459310000000069e-05 1.466286359999999993e-05 1.463291850000000073e-05 1.460455040000000039e-05 1.457758940000000050e-05 1.455189700000000051e-05 1.452736069999999934e-05 1.450388479999999924e-05 1.448139479999999973e-05 1.445982529999999990e-05 1.443912419999999923e-05 1.441924719999999921e-05 1.440015509999999997e-05 1.438181519999999933e-05 1.436420010000000041e-05 1.434728440000000000e-05 1.433104440000000064e-05 1.431545929999999973e-05 1.430051000000000041e-05 1.428617909999999969e-05 1.427244750000000071e-05 1.425929899999999976e-05 1.424671789999999961e-05 1.423468799999999994e-05 1.422319380000000000e-05 1.421221990000000068e-05 1.420175069999999959e-05 1.419176989999999988e-05 1.418226470000000084e-05 1.417321890000000047e-05 1.416461779999999922e-05 1.415644599999999968e-05 1.414868980000000001e-05 1.414133480000000048e-05 1.413436530000000048e-05 1.412776869999999919e-05 1.412153050000000034e-05 1.411563700000000039e-05 1.411007449999999921e-05 1.410482860000000045e-05 1.409988729999999955e-05 1.409523789999999916e-05 1.409086690000000069e-05 1.408676330000000066e-05 1.408291340000000063e-05 1.407930539999999929e-05 1.407592939999999927e-05 1.407277339999999940e-05 1.406982659999999946e-05 1.406707819999999923e-05 1.406451789999999990e-05 1.406213600000000058e-05 1.405992230000000069e-05 1.405786860000000014e-05 1.405596499999999985e-05 1.405420329999999974e-05 1.405257539999999963e-05 1.405107289999999956e-05 1.404968769999999935e-05 1.404841260000000000e-05 1.404724120000000032e-05 1.404616520000000027e-05 1.404517840000000022e-05 1.404427619999999958e-05 1.404345039999999995e-05 1.404269549999999959e-05 1.404200790000000069e-05 1.404137949999999969e-05 1.404080740000000005e-05 1.404028629999999992e-05 1.403981150000000045e-05 1.403937950000000038e-05 1.403898479999999967e-05 1.403862370000000057e-05 1.403829260000000018e-05 1.403798890000000007e-05 1.403770879999999918e-05 1.403744949999999920e-05 1.403720669999999936e-05 1.403697930000000033e-05 1.403676289999999969e-05 1.403655639999999981e-05
2.076569579999999925e-05 2.042329469999999960e-05 2.010219580000000128e-05 1.983570659999999989e-05 1.961770070000000150e-05 1.943790269999999906e-05 1.928762869999999928e-05 1.916028669999999978e-05 1.905097450000000131e-05 1.895602509999999943e-05 1.887265719999999864e-05 1.879873160000000124e-05 1.873257320000000021e-05 1.867285570000000021e-05 1.861851889999999838e-05 1.856870400000000158e-05 1.852271820000000050e-05 1.847999370000000138e-05 1.844007419999999859e-05 1.840258120000000020e-05 1.836721090000000109e-05 1.833371239999999957e-05 1.830188560000000034e-05 1.827156119999999955e-05 1.824260650000000160e-05 1.821490879999999876e-05 1.818837700000000063e-05 1.816293480000000108e-05 1.813852029999999874e-05 1.811508080000000023e-05 1.809257259999999992e-05 1.807095400000000113e-05 1.805019379999999910e-05 1.803026130000000063e-05 1.801113099999999918e-05 1.799277559999999950e-05 1.797517330000000127e-05 1.795830210000000092e-05 1.794214399999999923e-05 1.792667719999999927e-05 1.791188149999999979e-05 1.789773890000000153e-05 1.788423110000000039e-05 1.787133809999999834e-05 1.785904530000000088e-05 1.784732920000000025e-05 1.783617519999999856e-05 1.782556499999999846e-05 1.781548049999999908e-05 1.780590539999999847e-05 1.779681769999999985e-05 1.778820480000000069e-05 1.778004840000000026e-05 1.777232859999999879e-05 1.776503090000000002e-05 1.775813870000000048e-05 1.775163579999999985e-05 1.774550580000000132e-05 1.773973239999999954e-05 1.773430089999999837e-05 1.772919499999999924e-05 1.772440189999999977e-05 1.771990539999999964e-05 1.771569260000000159e-05 1.771174720000000030e-05 1.770805830000000069e-05 1.770461310000000037e-05 1.770139900000000023e-05 1.769840130000000072e-05 1.769561089999999892e-05 1.769301530000000070e-05 1.769060510000000164e-05 1.768836590000000031e-05 1.768629039999999945e-05 1.768436779999999885e-05 1.768258879999999909e-05 1.768094439999999884e-05 1.767942560000000020e-05 1.767802310000000034e-05 1.767673169999999904e-05 1.767554019999999972e-05 1.767444159999999984e-05 1.767343200000000010e-05 1.767250069999999851e-05 1.767164390000000078e-05 1.767085449999999936e-05 1.767012869999999995e-05 1.766945750000000124e-05 1.766883720000000040e-05 1.766826240000000071e-05 1.766772950000000097e-05 1.766723290000000120e-05 1.766676909999999844e-05 1.766633249999999947e-05 1.766592140000000026e-05 1.766553210000000135e-05 1.766515919999999925e-05 1.766480089999999844e-05 1.766445349999999948e-05 1.766411509999999844e-05
2.608937940000000027e-05 2.558555569999999927e-05 2.516276619999999924e-05 2.482630949999999910e-05 2.455697360000000132e-05 2.433770349999999865e-05 2.415598650000000020e-05 2.400290029999999831e-05 2.387204400000000152e-05 2.375873919999999995e-05 2.365949510000000066e-05 2.357165610000000125e-05 2.349316489999999996e-05 2.342239899999999848e-05 2.335807040000000023e-05 2.329914239999999990e-05 2.324477650000000050e-05 2.319429399999999942e-05 2.314714400000000106e-05 2.310287349999999950e-05 2.306112219999999853e-05 2.302158829999999859e-05 2.298403339999999885e-05 2.294825749999999888e-05 2.291410060000000103e-05 2.288142970000000144e-05 2.285013939999999975e-05 2.282013699999999981e-05 2.279135150000000069e-05 2.276371919999999876e-05 2.273718559999999834e-05 2.271170890000000111e-05 2.268724529999999981e-05 2.266376399999999960e-05 2.264123029999999954e-05 2.261961529999999856e-05 2.259889330000000042e-05 2.257903910000000011e-05 2.256002700000000138e-05 2.254183349999999987e-05 2.252443659999999880e-05 2.250781109999999992e-05 2.249193860000000086e-05 2.247679549999999902e-05 2.246236000000000088e-05 2.244860839999999880e-05 2.243552079999999981e-05 2.242307710000000087e-05 2.241125369999999938e-05 2.240002870000000018e-05 2.238938209999999848e-05 2.237929400000000129e-05 2.236974249999999989e-05 2.236070759999999967e-05 2.235216739999999869e-05 2.234410570000000001e-05 2.233649870000000115e-05 2.232932999999999853e-05 2.232257790000000025e-05 2.231622599999999934e-05 2.231025610000000008e-05 2.230465179999999888e-05 2.229939129999999883e-05 2.229446180000000093e-05 2.228984520000000093e-05 2.228552690000000093e-05 2.228148880000000007e-05 2.227771800000000109e-05 2.227420009999999922e-05 2.227092049999999991e-05 2.226786640000000080e-05 2.226502329999999883e-05 2.226237850000000002e-05 2.225992100000000090e-05 2.225763819999999896e-05 2.225552089999999978e-05 2.225355639999999924e-05 2.225173379999999886e-05 2.225004390000000085e-05 2.224847779999999877e-05 2.224702619999999995e-05 2.224568200000000024e-05 2.224443229999999901e-05 2.224327550000000062e-05 2.224219859999999942e-05 2.224119630000000032e-05 2.224026319999999982e-05 2.223939189999999904e-05 2.223857700000000126e-05 2.223781119999999905e-05 2.223708909999999909e-05 2.223640690000000029e-05 2.223575939999999904e-05 2.223514090000000050e-05 2.223454789999999831e-05 2.223397680000000146e-05 2.223342379999999869e-05 2.223288360000000169e-05 2.223235239999999923e-05 2.223183040000000133e-05
3.272682080000000071e-05 3.203339289999999987e-05 3.149222900000000249e-05 3.107447260000000179e-05 3.074545749999999937e-05 3.048024880000000083e-05 3.026188640000000054e-05 3.007875600000000038e-05 2.992272490000000079e-05 2.978794690000000016e-05 2.967011099999999915e-05 2.956596470000000062e-05 2.947300529999999903e-05 2.938926989999999964e-05 2.931320519999999936e-05 2.924356519999999981e-05 2.917934579999999957e-05 2.911973569999999869e-05 2.906407460000000030e-05 2.901182779999999899e-05 2.896256050000000146e-05 2.891591789999999970e-05 2.887161460000000113e-05 2.882941590000000098e-05 2.878912889999999959e-05 2.875060089999999994e-05 2.871370269999999925e-05 2.867832879999999895e-05 2.864439189999999955e-05 2.861181929999999951e-05 2.858054720000000032e-05 2.855052479999999897e-05 2.852170290000000165e-05 2.849404149999999877e-05 2.846750250000000163e-05 2.844205480000000033e-05 2.841766219999999993e-05 2.839429539999999960e-05 2.837192909999999946e-05 2.835053060000000075e-05 2.833007599999999937e-05 2.831053640000000100e-05 2.829188629999999913e-05 2.827410029999999903e-05 2.825714909999999986e-05 2.824100739999999837e-05 2.822565150000000048e-05 2.821105410000000077e-05 2.819718969999999948e-05 2.818403120000000122e-05 2.817155659999999903e-05 2.815973679999999874e-05 2.814854820000000114e-05 2.813796890000000089e-05 2.812797170000000098e-05 2.811853299999999881e-05 2.810962910000000030e-05 2.810123810000000012e-05 2.809333449999999854e-05 2.808590029999999971e-05 2.807891179999999940e-05 2.807234700000000080e-05 2.806618430000000012e-05 2.806040719999999890e-05 2.805499210000000131e-05 2.804992439999999930e-05 2.804518039999999879e-05 2.804074759999999891e-05 2.803660390000000123e-05 2.803273669999999985e-05 2.802912600000000015e-05 2.802576090000000029e-05 2.802262320000000116e-05 2.801969819999999982e-05 2.801697520000000110e-05 2.801443769999999978e-05 2.801207480000000077e-05 2.800987390000000157e-05 2.800782390000000047e-05 2.800591389999999899e-05 2.800413130000000141e-05 2.800246880000000030e-05 2.800091349999999843e-05 2.799946010000000071e-05 2.799809769999999851e-05 2.799681719999999905e-05 2.799561120000000007e-05 2.799447430000000144e-05 2.799339749999999849e-05 2.799237520000000137e-05 2.799140020000000093e-05 2.799046710000000044e-05 2.798956850000000100e-05 2.798870260000000033e-05 2.798786230000000104e-05 2.798704370000000042e-05 2.798624150000000001e-05 2.798545029999999968e-05 2.798466989999999957e-05 2.798389509999999944e-05
4.100521260000000083e-05 4.009141779999999975e-05 3.941311299999999935e-05 3.890107470000000279e-05 3.850273059999999818e-05 3.818404369999999783e-05 3.792294590000000335e-05 3.770472180000000202e-05 3.751924310000000077e-05 3.735931389999999993e-05 3.721967729999999729e-05 3.709639349999999829e-05 3.698643919999999868e-05 3.688745710000000281e-05 3.679758810000000030e-05 3.671534070000000133e-05 3.663952160000000089e-05 3.656915940000000313e-05 3.650347210000000212e-05 3.644182650000000318e-05 3.638369890000000097e-05 3.632867810000000143e-05 3.627641849999999773e-05 3.622664739999999803e-05 3.617913529999999779e-05 3.613370059999999895e-05 3.609019040000000124e-05 3.604848459999999803e-05 3.600847780000000255e-05 3.597008249999999850e-05 3.593322619999999776e-05 3.589784679999999910e-05 3.586389359999999775e-05 3.583130820000000210e-05 3.580005800000000146e-05 3.577009560000000092e-05 3.574138460000000228e-05 3.571388879999999702e-05 3.568757530000000007e-05 3.566241140000000250e-05 3.563836069999999932e-05 3.561539419999999799e-05 3.559348259999999767e-05 3.557258969999999666e-05 3.555268629999999914e-05 3.553373970000000295e-05 3.551571719999999918e-05 3.549859320000000337e-05 3.548233140000000202e-05 3.546690640000000038e-05 3.545228170000000201e-05 3.543842830000000081e-05 3.542532069999999704e-05 3.541292240000000100e-05 3.540121179999999873e-05 3.539015599999999835e-05 3.537972590000000231e-05 3.536989610000000232e-05 3.536063740000000257e-05 3.535192079999999697e-05 3.534372809999999996e-05 3.533602649999999760e-05 3.532879779999999756e-05 3.532201300000000052e-05 3.531565019999999776e-05 3.530968390000000309e-05 3.530409959999999991e-05 3.529886819999999742e-05 3.529397510000000112e-05 3.528939490000000272e-05 3.528511300000000092e-05 3.528111119999999664e-05 3.527737140000000254e-05 3.527387530000000097e-05 3.527060840000000242e-05 3.526755240000000276e-05 3.526469300000000223e-05 3.526201909999999908e-05 3.525951250000000100e-05 3.525716599999999880e-05 3.525496499999999797e-05 3.525289500000000224e-05 3.525094509999999960e-05 3.524910789999999793e-05 3.524737259999999702e-05 3.524572820000000016e-05 3.524416390000000037e-05 3.524267590000000334e-05 3.524125350000000033e-05 3.523988929999999922e-05 3.523857590000000113e-05 3.523730630000000013e-05 3.523607299999999910e-05 3.523487249999999847e-05 3.523369739999999934e-05 3.523254420000000215e-05 3.523140909999999905e-05 3.523028140000000161e-05 3.522916089999999980e-05 3.522804400000000257e-05
5.133608649999999769e-05 5.016787329999999884e-05 4.933105080000000216e-05 4.870973500000000129e-05 4.823081330000000285e-05 4.784982229999999883e-05 4.753882599999999735e-05 4.727955820000000214e-05 4.705958419999999861e-05 4.687015829999999716e-05 4.670492489999999742e-05 4.655914380000000335e-05 4.642919520000000216e-05 4.631227060000000134e-05 4.620614350000000031e-05 4.610904219999999995e-05 4.601954790000000183e-05 4.593651099999999980e-05 4.585900019999999906e-05 4.578626249999999978e-05 4.571768660000000243e-05 4.565277780000000099e-05 4.559113220000000205e-05 4.553242619999999896e-05 4.547639040000000295e-05 4.542280660000000094e-05 4.537150020000000077e-05 4.532232560000000281e-05 4.527515920000000087e-05 4.522989910000000096e-05 4.518646160000000143e-05 4.514477399999999732e-05 4.510476720000000184e-05 4.506639020000000192e-05 4.502958840000000025e-05 4.499431090000000235e-05 4.496051769999999864e-05 4.492816520000000207e-05 4.489720960000000198e-05 4.486761459999999841e-05 4.483934030000000036e-05 4.481235009999999958e-05 4.478660050000000047e-05 4.476205870000000265e-05 4.473868470000000330e-05 4.471644209999999745e-05 4.469529450000000044e-05 4.467520190000000269e-05 4.465612439999999965e-05 4.463803269999999727e-05 4.462088329999999996e-05 4.460464330000000230e-05 4.458927289999999798e-05 4.457474279999999972e-05 4.456101310000000297e-05 4.454805090000000232e-05 4.453582369999999887e-05 4.452429489999999793e-05 4.451343190000000237e-05 4.450320560000000107e-05 4.449358679999999822e-05 4.448453910000000239e-05 4.447603709999999852e-05 4.446805180000000084e-05 4.446055390000000176e-05 4.445352170000000259e-05 4.444692240000000294e-05 4.444073419999999911e-05 4.443493159999999814e-05 4.442949280000000310e-05 4.442439599999999675e-05 4.441961940000000250e-05 4.441513740000000202e-05 4.441093920000000188e-05 4.440699559999999950e-05 4.440329580000000143e-05 4.439981789999999896e-05 4.439655090000000216e-05 4.439347319999999706e-05 4.439057370000000225e-05 4.438783440000000158e-05 4.438524410000000184e-05 4.438278850000000326e-05 4.438045649999999734e-05 4.437823740000000243e-05 4.437611640000000042e-05 4.437408640000000071e-05 4.437213649999999807e-05 4.437025930000000037e-05 4.436844390000000240e-05 4.436667949999999715e-05 4.436496240000000212e-05 4.436328530000000311e-05 4.436164089999999947e-05 4.436002200000000237e-05 4.435842129999999759e-05 4.435683879999999870e-05 4.435525989999999761e-05 4.435368829999999718e-05 4.435211669999999674e-05
6.423768349999999471e-05 6.277645300000000257e-05 6.175638550000000083e-05 6.100827890000000094e-05 6.043556999999999911e-05 5.998187040000000015e-05 5.961252460000000087e-05 5.930516640000000277e-05 5.904471620000000101e-05 5.882063490000000140e-05 5.862529719999999756e-05 5.845303889999999930e-05 5.829954169999999983e-05 5.816146220000000135e-05 5.803616299999999717e-05 5.792154119999999969e-05 5.781590520000000008e-05 5.771790530000000028e-05 5.762643559999999977e-05 5.754060109999999692e-05 5.745968880000000149e-05 5.738310569999999775e-05 5.731037889999999693e-05 5.724112269999999793e-05 5.717502430000000110e-05 5.711182170000000301e-05 5.705131479999999821e-05 5.699332909999999956e-05 5.693771529999999784e-05 5.688436429999999667e-05 5.683316699999999965e-05 5.678403980000000338e-05 5.673690979999999965e-05 5.669170419999999881e-05 5.664836139999999764e-05 5.660683020000000014e-05 5.656705619999999871e-05 5.652898469999999780e-05 5.649257220000000182e-05 5.645776759999999946e-05 5.642452379999999732e-05 5.639280060000000290e-05 5.636254349999999678e-05 5.633371619999999935e-05 5.630626400000000148e-05 5.628015060000000322e-05 5.625532499999999828e-05 5.623174369999999785e-05 5.620935920000000199e-05 5.618813159999999938e-05 5.616801719999999794e-05 5.614896510000000319e-05 5.613093890000000336e-05 5.611389499999999784e-05 5.609778599999999850e-05 5.608257920000000318e-05 5.606822380000000210e-05 5.605469050000000121e-05 5.604193210000000207e-05 5.602991590000000254e-05 5.601860180000000158e-05 5.600795340000000097e-05 5.599793799999999857e-05 5.598851930000000118e-05 5.597966809999999944e-05 5.597134800000000193e-05 5.596353000000000254e-05 5.595618860000000153e-05 5.594928730000000243e-05 5.594280449999999806e-05 5.593671090000000112e-05 5.593098099999999832e-05 5.592559320000000278e-05 5.592052179999999794e-05 5.591574519999999691e-05 5.591124139999999952e-05 5.590699219999999988e-05 5.590297589999999932e-05 5.589917779999999830e-05 5.589557619999999816e-05 5.589215289999999978e-05 5.588889689999999968e-05 5.588579370000000161e-05 5.588282150000000185e-05 5.587997659999999759e-05 5.587724080000000326e-05 5.587460329999999832e-05 5.587205309999999963e-05 5.586957559999999911e-05 5.586716719999999895e-05 5.586481709999999894e-05 5.586251430000000237e-05 5.586025150000000183e-05 5.585802139999999666e-05 5.585581310000000197e-05 5.585362670000000243e-05 5.585145120000000135e-05 5.584928290000000268e-05 5.584711470000000225e-05 5.584494279999999898e-05
8.036268990000000330e-05 7.856363659999999582e-05 7.733130769999999640e-05 7.643574649999999447e-05 7.575362539999999395e-05 7.521488439999999978e-05 7.477715549999999442e-05 7.441334309999999706e-05 7.410532270000000496e-05 7.384045600000000526e-05 7.360965539999999761e-05 7.340617590000000480e-05 7.322490269999999755e-05 7.306185579999999560e-05 7.291391379999999497e-05 7.277858820000000523e-05 7.265389290000000169e-05 7.253820510000000147e-05 7.243023719999999417e-05 7.232893399999999761e-05 7.223343710000000486e-05 7.214305510000000577e-05 7.205723519999999744e-05 7.197551889999999591e-05 7.189753520000000640e-05 7.182297849999999778e-05 7.175160859999999742e-05 7.168322190000000029e-05 7.161764370000000244e-05 7.155474299999999878e-05 7.149439629999999489e-05 7.143650150000000029e-05 7.138097129999999521e-05 7.132771859999999698e-05 7.127667780000000481e-05 7.122778330000000436e-05 7.118096249999999569e-05 7.113616449999999789e-05 7.109333090000000577e-05 7.105239640000000651e-05 7.101330989999999558e-05 7.097602070000000210e-05 7.094047030000000232e-05 7.090660069999999760e-05 7.087436099999999347e-05 7.084369279999999831e-05 7.081454529999999556e-05 7.078686030000000363e-05 7.076059409999999657e-05 7.073567390000000507e-05 7.071207069999999593e-05 7.068971169999999982e-05 7.066855320000000435e-05 7.064854440000000650e-05 7.062963409999999673e-05 7.061177169999999562e-05 7.059490599999999362e-05 7.057900069999999755e-05 7.056399040000000311e-05 7.054984599999999917e-05 7.053652369999999542e-05 7.052396540000000174e-05 7.051214199999999348e-05 7.050100979999999887e-05 7.049053240000000616e-05 7.048066619999999441e-05 7.047138210000000670e-05 7.046263640000000354e-05 7.045440000000000090e-05 7.044664380000000123e-05 7.043933149999999778e-05 7.043244109999999714e-05 7.042592920000000198e-05 7.041978100000000095e-05 7.041397480000000217e-05 7.040846690000000677e-05 7.040325000000000055e-05 7.039829510000000453e-05 7.039358019999999820e-05 7.038909099999999532e-05 7.038480539999999747e-05 7.038070180000000422e-05 7.037675819999999506e-05 7.037297470000000211e-05 7.036932220000000071e-05 7.036578610000000312e-05 7.036236639999999577e-05 7.035903399999999467e-05 7.035578159999999917e-05 7.035260210000000511e-05 7.034948070000000115e-05 7.034641750000000587e-05 7.034338339999999460e-05 7.034038569999999510e-05 7.033741710000000671e-05 7.033445580000000541e-05 7.033150910000000541e-05 7.032856960000000103e-05 7.032562279999999600e-05 7.032266879999999535e-05
1.005325980000000016e-04 9.834282540000000461e-05 9.686382689999999465e-05 9.579628390000000094e-05 9.498617870000000316e-05 9.434774979999999817e-05 9.382970889999999343e-05 9.339949610000000658e-05 9.303543630000000032e-05 9.272249009999999621e-05 9.244985270000000057e-05 9.220951320000000419e-05 9.199541819999999587e-05 9.180286720000000117e-05 9.162815699999999361e-05 9.146835509999999504e-05 9.132110429999999452e-05 9.118449819999999856e-05 9.105701610000000118e-05 9.093740659999999373e-05 9.082466570000000356e-05 9.071797830000000249e-05 9.061667519999999740e-05 9.052023230000000352e-05 9.042819869999999839e-05 9.034022510000000623e-05 9.025602779999999784e-05 9.017535919999999493e-05 9.009802309999999815e-05 9.002385919999999478e-05 8.995271490000000640e-05 8.988448829999999838e-05 8.981904830000000126e-05 8.975632230000000155e-05 8.969621560000000089e-05 8.963864090000000660e-05 8.958353280000000082e-05 8.953081850000000068e-05 8.948042519999999621e-05 8.943228749999999666e-05 8.938633250000000059e-05 8.934249489999999516e-05 8.930070910000000668e-05 8.926091689999999937e-05 8.922304550000000392e-05 8.918702220000000183e-05 8.915279609999999860e-05 8.912028720000000220e-05 8.908944439999999455e-05 8.906018769999999717e-05 8.903246629999999348e-05 8.900621470000000127e-05 8.898136730000000619e-05 8.895785870000000393e-05 8.893563789999999500e-05 8.891463220000000154e-05 8.889479800000000263e-05 8.887607690000000663e-05 8.885840360000000072e-05 8.884172709999999895e-05 8.882600379999999393e-05 8.881116809999999842e-05 8.879718370000000568e-05 8.878399239999999347e-05 8.877155780000000425e-05 8.875982889999999785e-05 8.874876949999999966e-05 8.873832850000000516e-05 8.872846959999999405e-05 8.871915630000000376e-05 8.871035240000000547e-05 8.870202150000000097e-05 8.869413429999999619e-05 8.868665460000000299e-05 8.867955329999999668e-05 8.867280120000000179e-05 8.866637649999999430e-05 8.866023559999999392e-05 8.865437850000000065e-05 8.864876139999999707e-05 8.864336999999999694e-05 8.863818950000000249e-05 8.863318359999999342e-05 8.862835240000000185e-05 8.862366669999999810e-05 8.861910459999999378e-05 8.861466629999999894e-05 8.861032980000000661e-05 8.860608069999999844e-05 8.860190429999999521e-05 8.859779340000000132e-05 8.859372610000000126e-05 8.858970980000000070e-05 8.858571529999999705e-05 8.858174990000000453e-05 8.857779899999999472e-05 8.857384820000000348e-05 8.856990459999999432e-05 8.856594650000000244e-05 8.856198109999999636e-05
1.257802069999999913e-04 1.231369970000000089e-04 1.213704530000000043e-04 1.201017729999999953e-04 1.191416089999999958e-04 1.183860589999999959e-04 1.177735029999999947e-04 1.172650450000000061e-04 1.168348899999999943e-04 1.164651770000000013e-04 1.161430920000000008e-04 1.158591839999999998e-04 1.156062640000000063e-04 1.153787959999999963e-04 1.151723990000000060e-04 1.149836169999999945e-04 1.148096709999999935e-04 1.146483050000000051e-04 1.144977210000000040e-04 1.143564510000000012e-04 1.142233009999999972e-04 1.140973110000000063e-04 1.139776940000000017e-04 1.138638329999999959e-04 1.137551950000000045e-04 1.136513669999999972e-04 1.135520139999999980e-04 1.134568450000000042e-04 1.133656260000000021e-04 1.132781689999999976e-04 1.131942919999999995e-04 1.131138710000000020e-04 1.130367670000000048e-04 1.129628650000000066e-04 1.128920699999999940e-04 1.128242869999999942e-04 1.127594220000000035e-04 1.126973880000000034e-04 1.126381029999999964e-04 1.125814819999999968e-04 1.125274429999999936e-04 1.124759070000000042e-04 1.124268020000000046e-04 1.123800389999999981e-04 1.123355399999999982e-04 1.122932229999999937e-04 1.122530160000000013e-04 1.122148310000000066e-04 1.121785969999999953e-04 1.121442400000000056e-04 1.121116730000000055e-04 1.120808230000000023e-04 1.120516170000000029e-04 1.120239829999999969e-04 1.119978410000000059e-04 1.119731239999999993e-04 1.119497680000000026e-04 1.119276999999999956e-04 1.119068549999999943e-04 1.118871659999999953e-04 1.118685759999999958e-04 1.118510190000000023e-04 1.118344440000000015e-04 1.118187789999999966e-04 1.118039870000000000e-04 1.117900099999999993e-04 1.117767899999999961e-04 1.117642900000000026e-04 1.117524520000000066e-04 1.117412319999999942e-04 1.117306019999999959e-04 1.117205030000000037e-04 1.117109129999999969e-04 1.117017819999999991e-04 1.116930799999999948e-04 1.116847710000000058e-04 1.116768180000000038e-04 1.116692070000000039e-04 1.116618950000000020e-04 1.116548589999999950e-04 1.116480779999999990e-04 1.116415219999999985e-04 1.116351629999999968e-04 1.116289929999999988e-04 1.116229909999999937e-04 1.116171259999999967e-04 1.116113850000000058e-04 1.116057539999999954e-04 1.116002170000000024e-04 1.115947600000000015e-04 1.115893679999999984e-04 1.115840280000000043e-04 1.115787310000000010e-04 1.115734700000000029e-04 1.115682239999999992e-04 1.115629860000000041e-04 1.115577539999999986e-04 1.115525160000000035e-04 1.115472620000000046e-04 1.115419950000000034e-04
1.574029589999999983e-04 1.542323440000000043e-04 1.521298979999999963e-04 1.506255209999999938e-04 1.494890889999999880e-04 1.485956889999999941e-04 1.478717310000000006e-04 1.472709409999999985e-04 1.467627150000000045e-04 1.463258809999999958e-04 1.459453050000000004e-04 1.456098250000000048e-04 1.453109290000000043e-04 1.450421110000000018e-04 1.447981780000000122e-04 1.445750680000000034e-04 1.443694780000000005e-04 1.441787750000000077e-04 1.440008350000000011e-04 1.438338950000000050e-04 1.436765740000000083e-04 1.435277369999999925e-04 1.433864529999999914e-04 1.432519929999999907e-04 1.431237179999999957e-04 1.430011470000000040e-04 1.428838880000000099e-04 1.427715910000000024e-04 1.426639790000000041e-04 1.425608349999999878e-04 1.424619399999999881e-04 1.423671349999999899e-04 1.422762730000000115e-04 1.421892080000000127e-04 1.421058259999999883e-04 1.420260230000000015e-04 1.419496550000000042e-04 1.418766619999999924e-04 1.418069009999999952e-04 1.417403110000000125e-04 1.416767629999999905e-04 1.416161830000000081e-04 1.415584560000000098e-04 1.415034929999999989e-04 1.414511929999999994e-04 1.414014700000000026e-04 1.413542339999999888e-04 1.413093710000000067e-04 1.412667920000000056e-04 1.412264100000000077e-04 1.411881240000000101e-04 1.411518460000000120e-04 1.411174890000000087e-04 1.410849799999999937e-04 1.410542029999999969e-04 1.410250839999999887e-04 1.409975380000000106e-04 1.409715040000000081e-04 1.409468820000000014e-04 1.409235850000000129e-04 1.409015820000000037e-04 1.408807579999999998e-04 1.408610549999999889e-04 1.408424290000000114e-04 1.408247920000000122e-04 1.408080860000000063e-04 1.407922540000000047e-04 1.407772360000000031e-04 1.407629750000000124e-04 1.407494420000000130e-04 1.407365490000000042e-04 1.407242819999999877e-04 1.407125820000000094e-04 1.407014059999999974e-04 1.406907099999999918e-04 1.406804510000000019e-04 1.406706140000000063e-04 1.406611409999999928e-04 1.406520019999999999e-04 1.406431839999999983e-04 1.406346420000000052e-04 1.406263470000000009e-04 1.406182860000000103e-04 1.406104130000000003e-04 1.406027299999999900e-04 1.405951919999999967e-04 1.405877989999999931e-04 1.405805230000000100e-04 1.405733489999999987e-04 1.405662479999999939e-04 1.405592189999999996e-04 1.405522490000000134e-04 1.405453219999999910e-04 1.405384250000000113e-04 1.405315420000000028e-04 1.405246729999999925e-04 1.405178050000000054e-04 1.405109070000000026e-04 1.405040089999999998e-04 1.404970830000000005e-04
1.970306040000000013e-04 1.932461159999999966e-04 1.907508699999999947e-04 1.889699199999999961e-04 1.876261669999999924e-04 1.865703529999999965e-04 1.857149330000000033e-04 1.850050609999999950e-04 1.844045040000000105e-04 1.838882449999999953e-04 1.834384170000000018e-04 1.830418330000000034e-04 1.826884689999999927e-04 1.823706119999999979e-04 1.820821779999999893e-04 1.818183519999999891e-04 1.815752619999999921e-04 1.813497949999999959e-04 1.811394029999999905e-04 1.809420650000000011e-04 1.807561199999999969e-04 1.805802170000000094e-04 1.804132920000000076e-04 1.802544279999999965e-04 1.801029429999999906e-04 1.799582100000000017e-04 1.798197919999999870e-04 1.796872530000000081e-04 1.795602880000000099e-04 1.794386189999999919e-04 1.793220139999999866e-04 1.792102559999999938e-04 1.791031679999999888e-04 1.790005920000000068e-04 1.789023950000000098e-04 1.788084050000000077e-04 1.787185320000000076e-04 1.786326169999999944e-04 1.785505449999999939e-04 1.784722119999999879e-04 1.783974729999999868e-04 1.783262410000000127e-04 1.782583709999999947e-04 1.781937750000000132e-04 1.781323079999999972e-04 1.780738680000000019e-04 1.780183230000000126e-04 1.779655869999999934e-04 1.779155430000000054e-04 1.778680450000000085e-04 1.778230219999999881e-04 1.777803409999999880e-04 1.777399010000000050e-04 1.777016000000000131e-04 1.776653370000000093e-04 1.776309950000000003e-04 1.775984860000000124e-04 1.775677079999999925e-04 1.775385750000000131e-04 1.775109849999999940e-04 1.774848790000000081e-04 1.774601410000000042e-04 1.774366970000000067e-04 1.774144769999999973e-04 1.773933910000000103e-04 1.773733820000000024e-04 1.773543769999999943e-04 1.773362890000000083e-04 1.773190889999999977e-04 1.773026889999999888e-04 1.772870459999999909e-04 1.772720860000000015e-04 1.772577819999999929e-04 1.772440739999999880e-04 1.772308900000000036e-04 1.772182300000000124e-04 1.772060059999999867e-04 1.771942190000000037e-04 1.771827960000000029e-04 1.771717359999999881e-04 1.771609679999999992e-04 1.771504899999999899e-04 1.771402599999999925e-04 1.771302489999999875e-04 1.771204259999999901e-04 1.771107779999999982e-04 1.771012899999999904e-04 1.770919190000000030e-04 1.770826640000000129e-04 1.770734820000000021e-04 1.770643869999999960e-04 1.770553500000000022e-04 1.770463420000000009e-04 1.770373639999999881e-04 1.770284139999999990e-04 1.770194650000000058e-04 1.770105009999999913e-04 1.770015370000000039e-04 1.769925439999999969e-04 1.769835070000000030e-04
2.467112500000000208e-04 2.422124820000000030e-04 2.392576429999999953e-04 2.371519659999999957e-04 2.355641479999999878e-04 2.343167730000000123e-04 2.333060840000000086e-04 2.324672240000000083e-04 2.317573819999999886e-04 2.311470599999999919e-04 2.306151730000000001e-04 2.301461350000000045e-04 2.297281609999999869e-04 2.293521540000000036e-04 2.290109259999999908e-04 2.286988159999999901e-04 2.284112269999999932e-04 2.281445049999999909e-04 2.278956530000000055e-04 2.276622690000000126e-04 2.274424039999999936e-04 2.272344570000000034e-04 2.270371480000000065e-04 2.268494279999999934e-04 2.266704689999999927e-04 2.264995419999999901e-04 2.263360949999999958e-04 2.261796620000000016e-04 2.260298350000000114e-04 2.258863099999999932e-04 2.257487940000000063e-04 2.256170410000000038e-04 2.254908319999999935e-04 2.253699789999999946e-04 2.252543050000000097e-04 2.251436529999999885e-04 2.250378459999999878e-04 2.249367239999999963e-04 2.248401720000000128e-04 2.247480150000000048e-04 2.246601220000000077e-04 2.245763460000000126e-04 2.244965579999999930e-04 2.244205969999999958e-04 2.243483320000000023e-04 2.242796179999999957e-04 2.242143380000000098e-04 2.241523180000000079e-04 2.240934409999999970e-04 2.240375760000000124e-04 2.239845780000000101e-04 2.239343299999999970e-04 2.238866870000000102e-04 2.238415329999999983e-04 2.237987360000000009e-04 2.237581939999999919e-04 2.237197620000000084e-04 2.236833389999999934e-04 2.236488220000000060e-04 2.236161089999999930e-04 2.235850700000000131e-04 2.235556170000000114e-04 2.235276619999999870e-04 2.235011049999999872e-04 2.234758720000000096e-04 2.234518470000000027e-04 2.234289710000000124e-04 2.234071580000000030e-04 2.233863489999999934e-04 2.233664420000000116e-04 2.233474080000000109e-04 2.233291449999999924e-04 2.233116249999999865e-04 2.232947589999999965e-04 2.232785189999999989e-04 2.232628319999999870e-04 2.232476689999999956e-04 2.232329720000000124e-04 2.232186960000000003e-04 2.232048140000000131e-04 2.231912659999999923e-04 2.231780379999999940e-04 2.231650720000000058e-04 2.231523689999999967e-04 2.231398679999999936e-04 2.231275580000000134e-04 2.231154069999999941e-04 2.231034009999999918e-04 2.230915120000000098e-04 2.230797110000000015e-04 2.230679820000000036e-04 2.230563260000000122e-04 2.230446990000000134e-04 2.230331160000000013e-04 2.230215319999999933e-04 2.230099640000000026e-04 2.229983799999999945e-04 2.229867819999999882e-04 2.229751549999999893e-04 2.229634849999999997e-04
3.090209210000000256e-04 3.036911079999999783e-04 3.001982700000000066e-04 2.977109689999999980e-04 2.958356050000000110e-04 2.943621080000000004e-04 2.931678610000000226e-04 2.921763520000000055e-04 2.913370840000000092e-04 2.906152800000000010e-04 2.899860559999999912e-04 2.894310750000000129e-04 2.889364550000000247e-04 2.884913990000000181e-04 2.880875249999999841e-04 2.877180810000000140e-04 2.873777119999999840e-04 2.870620519999999925e-04 2.867675500000000256e-04 2.864914420000000145e-04 2.862313410000000106e-04 2.859854430000000123e-04 2.857521470000000201e-04 2.855302880000000270e-04 2.853187909999999917e-04 2.851168679999999730e-04 2.849238519999999796e-04 2.847391880000000068e-04 2.845623820000000226e-04 2.843930560000000195e-04 2.842308599999999867e-04 2.840755329999999912e-04 2.839267840000000032e-04 2.837844079999999746e-04 2.836481440000000265e-04 2.835178459999999835e-04 2.833932810000000177e-04 2.832742760000000071e-04 2.831606830000000011e-04 2.830522719999999971e-04 2.829488659999999977e-04 2.828503489999999784e-04 2.827565189999999874e-04 2.826671989999999732e-04 2.825822159999999764e-04 2.825014229999999881e-04 2.824246180000000023e-04 2.823516550000000061e-04 2.822823879999999865e-04 2.822166129999999998e-04 2.821541860000000251e-04 2.820949889999999917e-04 2.820388180000000101e-04 2.819855290000000052e-04 2.819349760000000181e-04 2.818870419999999744e-04 2.818415810000000237e-04 2.817984199999999900e-04 2.817574710000000080e-04 2.817185890000000067e-04 2.816816560000000237e-04 2.816465279999999841e-04 2.816131450000000191e-04 2.815813350000000029e-04 2.815510670000000051e-04 2.815221670000000163e-04 2.814945760000000011e-04 2.814682380000000208e-04 2.814430040000000200e-04 2.814187900000000094e-04 2.813955939999999967e-04 2.813732430000000229e-04 2.813517639999999799e-04 2.813310130000000095e-04 2.813109600000000148e-04 2.812915480000000067e-04 2.812726890000000115e-04 2.812543829999999750e-04 2.812365419999999778e-04 2.812191380000000234e-04 2.812021120000000223e-04 2.811854359999999779e-04 2.811690500000000215e-04 2.811529559999999825e-04 2.811370939999999923e-04 2.811214360000000002e-04 2.811059530000000134e-04 2.810906149999999894e-04 2.810754229999999783e-04 2.810603179999999991e-04 2.810453009999999935e-04 2.810303409999999769e-04 2.810154399999999957e-04 2.810005680000000070e-04 2.809856960000000183e-04 2.809708530000000221e-04 2.809559809999999792e-04 2.809410799999999980e-04 2.809261500000000242e-04 2.809111610000000151e-04
3.872023660000000118e-04 3.809044140000000236e-04 3.767809249999999979e-04 3.738446390000000155e-04 3.716300999999999979e-04 3.698894000000000097e-04 3.684779800000000170e-04 3.673056780000000091e-04 3.663130049999999810e-04 3.654589530000000239e-04 3.647142439999999787e-04 3.640572250000000099e-04 3.634715689999999796e-04 3.629445559999999737e-04 3.624662640000000111e-04 3.620287750000000175e-04 3.616256869999999869e-04 3.612519359999999879e-04 3.609033300000000200e-04 3.605764940000000165e-04 3.602687210000000062e-04 3.599777989999999915e-04 3.597018949999999785e-04 3.594395819999999771e-04 3.591896379999999912e-04 3.589510740000000154e-04 3.587231039999999919e-04 3.585050579999999958e-04 3.582963840000000103e-04 3.580965860000000114e-04 3.579053149999999843e-04 3.577221649999999791e-04 3.575468730000000168e-04 3.573790889999999779e-04 3.572186110000000192e-04 3.570651750000000029e-04 3.569185209999999921e-04 3.567784729999999853e-04 3.566447699999999955e-04 3.565172370000000172e-04 3.563956120000000131e-04 3.562797500000000205e-04 3.561693590000000135e-04 3.560643240000000180e-04 3.559643520000000121e-04 3.558692989999999749e-04 3.557789309999999741e-04 3.556930749999999961e-04 3.556114970000000004e-04 3.555340229999999773e-04 3.554604769999999796e-04 3.553906570000000013e-04 3.553243589999999902e-04 3.552614359999999917e-04 3.552016859999999995e-04 3.551449630000000010e-04 3.550910620000000020e-04 3.550398690000000244e-04 3.549912070000000165e-04 3.549449320000000116e-04 3.549008979999999968e-04 3.548589590000000133e-04 3.548189999999999786e-04 3.547808739999999922e-04 3.547444649999999754e-04 3.547096570000000124e-04 3.546763620000000210e-04 3.546444349999999844e-04 3.546137889999999792e-04 3.545843650000000242e-04 3.545560179999999941e-04 3.545286600000000237e-04 3.545022630000000080e-04 3.544767099999999809e-04 3.544519420000000155e-04 3.544279020000000143e-04 3.544045029999999996e-04 3.543816859999999905e-04 3.543594209999999982e-04 3.543376219999999871e-04 3.543162600000000187e-04 3.542952760000000036e-04 3.542746419999999994e-04 3.542542979999999749e-04 3.542342169999999836e-04 3.542143679999999869e-04 3.541947229999999882e-04 3.541752519999999990e-04 3.541558979999999759e-04 3.541366900000000200e-04 3.541175389999999990e-04 3.540984760000000058e-04 3.540794709999999976e-04 3.540604669999999855e-04 3.540415200000000167e-04 3.540225440000000011e-04 3.540035689999999815e-04 3.539845639999999734e-04 3.539655300000000269e-04 3.539464379999999869e-04
4.853391730000000096e-04 4.779100999999999900e-04 4.730457730000000097e-04 4.695803220000000010e-04 4.669651389999999991e-04 4.649082839999999915e-04 4.632396450000000258e-04 4.618529929999999986e-04 4.606782749999999951e-04 4.596672659999999962e-04 4.587854200000000219e-04 4.580072419999999759e-04 4.573134359999999829e-04 4.566890420000000264e-04 4.561223610000000156e-04 4.556039929999999979e-04 4.551264569999999960e-04 4.546837300000000073e-04 4.542708339999999736e-04 4.538838689999999745e-04 4.535195480000000254e-04 4.531752780000000247e-04 4.528488790000000097e-04 4.525386900000000039e-04 4.522431989999999772e-04 4.519612990000000164e-04 4.516920020000000035e-04 4.514345489999999897e-04 4.511882429999999953e-04 4.509525020000000150e-04 4.507268900000000020e-04 4.505109679999999756e-04 4.503043309999999822e-04 4.501066580000000032e-04 4.499176280000000204e-04 4.497369519999999958e-04 4.495643080000000236e-04 4.493994640000000007e-04 4.492421579999999982e-04 4.490920979999999904e-04 4.489490239999999860e-04 4.488127019999999987e-04 4.486828400000000025e-04 4.485592649999999839e-04 4.484416569999999749e-04 4.483297819999999888e-04 4.482234069999999808e-04 4.481223000000000107e-04 4.480262289999999755e-04 4.479349300000000085e-04 4.478481710000000067e-04 4.477657790000000109e-04 4.476874889999999958e-04 4.476130710000000130e-04 4.475423779999999994e-04 4.474751770000000187e-04 4.474112360000000220e-04 4.473504379999999891e-04 4.472925499999999836e-04 4.472373979999999961e-04 4.471848370000000095e-04 4.471346619999999757e-04 4.470867860000000255e-04 4.470409770000000017e-04 4.469971749999999814e-04 4.469551790000000089e-04 4.469148990000000100e-04 4.468761910000000181e-04 4.468389380000000128e-04 4.468030530000000164e-04 4.467684190000000086e-04 4.467349210000000153e-04 4.467024990000000050e-04 4.466710090000000112e-04 4.466404209999999910e-04 4.466106470000000251e-04 4.465816020000000193e-04 4.465532259999999967e-04 4.465254309999999835e-04 4.464981899999999793e-04 4.464714440000000029e-04 4.464451050000000265e-04 4.464191729999999960e-04 4.463935619999999838e-04 4.463682420000000014e-04 4.463431830000000062e-04 4.463183290000000050e-04 4.462936780000000057e-04 4.462692010000000160e-04 4.462448409999999924e-04 4.462205689999999966e-04 4.461963839999999785e-04 4.461722560000000036e-04 4.461481590000000133e-04 4.461240900000000196e-04 4.461000210000000258e-04 4.460759519999999778e-04 4.460518539999999916e-04 4.460277270000000127e-04 4.460035709999999871e-04
6.085743080000000343e-04 5.998181880000000169e-04 5.940811240000000394e-04 5.899906390000000294e-04 5.869014419999999928e-04 5.844700500000000369e-04 5.824963449999999779e-04 5.808553540000000164e-04 5.794645400000000314e-04 5.782670919999999964e-04 5.772223229999999669e-04 5.763001389999999544e-04 5.754777810000000432e-04 5.747376130000000135e-04 5.740658960000000113e-04 5.734513980000000314e-04 5.728854450000000391e-04 5.723607610000000512e-04 5.718715839999999979e-04 5.714132569999999479e-04 5.709818219999999956e-04 5.705743099999999700e-04 5.701881020000000360e-04 5.698212189999999700e-04 5.694718570000000413e-04 5.691386759999999666e-04 5.688205710000000413e-04 5.685164940000000076e-04 5.682257470000000527e-04 5.679476310000000422e-04 5.676815050000000437e-04 5.674269049999999598e-04 5.671833640000000301e-04 5.669504750000000379e-04 5.667278309999999831e-04 5.665150239999999782e-04 5.663118209999999783e-04 5.661177569999999984e-04 5.659326559999999827e-04 5.657560540000000507e-04 5.655877180000000492e-04 5.654273549999999562e-04 5.652745599999999806e-04 5.651290989999999733e-04 5.649906820000000088e-04 5.648590159999999569e-04 5.647337530000000154e-04 5.646146600000000312e-04 5.645013879999999894e-04 5.643937620000000471e-04 5.642913749999999874e-04 5.641940519999999676e-04 5.641015009999999618e-04 5.640134910000000256e-04 5.639297310000000209e-04 5.638499860000000191e-04 5.637740829999999528e-04 5.637017889999999939e-04 5.636328130000000042e-04 5.635670390000000135e-04 5.635041740000000000e-04 5.634441039999999856e-04 5.633866530000000228e-04 5.633315889999999547e-04 5.632787360000000507e-04 5.632280369999999965e-04 5.631792589999999642e-04 5.631322859999999837e-04 5.630869999999999842e-04 5.630432280000000067e-04 5.630008529999999765e-04 5.629598160000000209e-04 5.629199439999999638e-04 5.628811780000000410e-04 5.628434589999999462e-04 5.628065559999999518e-04 5.627705830000000360e-04 5.627353090000000377e-04 5.627006759999999717e-04 5.626666829999999505e-04 5.626332709999999930e-04 5.626003260000000126e-04 5.625677880000000321e-04 5.625356570000000517e-04 5.625038169999999928e-04 5.624723270000000531e-04 5.624410109999999604e-04 5.624099870000000018e-04 5.623790780000000175e-04 5.623483449999999804e-04 5.623177280000000219e-04 5.622872270000000335e-04 5.622567260000000452e-04 5.622263420000000230e-04 5.621959570000000048e-04 5.621656309999999677e-04 5.621352470000000540e-04 5.621048620000000358e-04 5.620744200000000286e-04 5.620439770000000253e-04
7.633833449999999961e-04 7.530637089999999822e-04 7.462955549999999603e-04 7.414653660000000181e-04 7.378143489999999544e-04 7.349387160000000422e-04 7.326029590000000206e-04 7.306598710000000284e-04 7.290123030000000013e-04 7.275931999999999712e-04 7.263547159999999767e-04 7.252612849999999934e-04 7.242860740000000132e-04 7.234083600000000081e-04 7.226116719999999818e-04 7.218829709999999939e-04 7.212118940000000365e-04 7.205898870000000287e-04 7.200101389999999726e-04 7.194670029999999895e-04 7.189560569999999678e-04 7.184735729999999505e-04 7.180165269999999860e-04 7.175824140000000009e-04 7.171693139999999692e-04 7.167754810000000372e-04 7.163996340000000108e-04 7.160405510000000025e-04 7.156973590000000312e-04 7.153691840000000112e-04 7.150552700000000362e-04 7.147550930000000314e-04 7.144680710000000457e-04 7.141936220000000193e-04 7.139313379999999562e-04 7.136808129999999608e-04 7.134415789999999516e-04 7.132131720000000480e-04 7.129953010000000032e-04 7.127875000000000530e-04 7.125894189999999696e-04 7.124006519999999659e-04 7.122208480000000348e-04 7.120496590000000492e-04 7.118867359999999939e-04 7.117316709999999816e-04 7.115841140000000011e-04 7.114437180000000296e-04 7.113101309999999558e-04 7.111831220000000521e-04 7.110622250000000122e-04 7.109472060000000121e-04 7.108377180000000290e-04 7.107334680000000409e-04 7.106341650000000182e-04 7.105395200000000312e-04 7.104492980000000433e-04 7.103631510000000355e-04 7.102809610000000457e-04 7.102023229999999574e-04 7.101271190000000254e-04 7.100551159999999879e-04 7.099860810000000171e-04 7.099197829999999518e-04 7.098561040000000467e-04 7.097947529999999467e-04 7.097356719999999919e-04 7.096786280000000292e-04 7.096234479999999909e-04 7.095700710000000123e-04 7.095182660000000406e-04 7.094679749999999825e-04 7.094190219999999989e-04 7.093712920000000074e-04 7.093246680000000418e-04 7.092791489999999976e-04 7.092345040000000390e-04 7.091907900000000466e-04 7.091477749999999716e-04 7.091054580000000348e-04 7.090637810000000344e-04 7.090226280000000002e-04 7.089819990000000407e-04 7.089417779999999687e-04 7.089019050000000240e-04 7.088623819999999819e-04 7.088231499999999696e-04 7.087842099999999831e-04 7.087454429999999559e-04 7.087068519999999844e-04 7.086683759999999870e-04 7.086300169999999558e-04 7.085917749999999992e-04 7.085535910000000277e-04 7.085154650000000413e-04 7.084773389999999465e-04 7.084392710000000535e-04 7.084011449999999587e-04 7.083630189999999723e-04 7.083248350000000007e-04
9.579174800000000035e-04 9.457493429999999993e-04 9.377603419999999820e-04 9.320531389999999481e-04 9.277355280000000115e-04 9.243324169999999999e-04 9.215664470000000221e-04 9.192643340000000067e-04 9.173115250000000434e-04 9.156289740000000477e-04 9.141600460000000490e-04 9.128629459999999763e-04 9.117060110000000392e-04 9.106645589999999828e-04 9.097192670000000397e-04 9.088548250000000198e-04 9.080587770000000383e-04 9.073211699999999668e-04 9.066337949999999724e-04 9.059901929999999515e-04 9.053848329999999956e-04 9.048134089999999635e-04 9.042723689999999535e-04 9.037587440000000114e-04 9.032702070000000029e-04 9.028046619999999549e-04 9.023605379999999647e-04 9.019364949999999657e-04 9.015313119999999580e-04 9.011440559999999832e-04 9.007738549999999480e-04 9.004198949999999606e-04 9.000815919999999694e-04 8.997582480000000530e-04 8.994493400000000242e-04 8.991542850000000444e-04 8.988726190000000159e-04 8.986038159999999806e-04 8.983473529999999683e-04 8.981027639999999979e-04 8.978696419999999609e-04 8.976475219999999807e-04 8.974358789999999867e-04 8.972343639999999640e-04 8.970424529999999463e-04 8.968597390000000421e-04 8.966858730000000196e-04 8.965203310000000210e-04 8.963627620000000394e-04 8.962127029999999734e-04 8.960698610000000178e-04 8.959338299999999519e-04 8.958042019999999965e-04 8.956806270000000321e-04 8.955628150000000251e-04 8.954503569999999833e-04 8.953429639999999773e-04 8.952403439999999813e-04 8.951422059999999655e-04 8.950482010000000233e-04 8.949581529999999906e-04 8.948717149999999530e-04 8.947887109999999632e-04 8.947088499999999913e-04 8.946318989999999926e-04 8.945577429999999929e-04 8.944860889999999704e-04 8.944167639999999657e-04 8.943495920000000318e-04 8.942844579999999774e-04 8.942211279999999788e-04 8.941594859999999574e-04 8.940993579999999578e-04 8.940406840000000030e-04 8.939832910000000254e-04 8.939270629999999463e-04 8.938718820000000204e-04 8.938176910000000417e-04 8.937643139999999547e-04 8.937118109999999532e-04 8.936599479999999965e-04 8.936087249999999762e-04 8.935580840000000155e-04 8.935079090000000359e-04 8.934582000000000374e-04 8.934088400000000539e-04 8.933598289999999768e-04 8.933111680000000191e-04 8.932626810000000167e-04 8.932144259999999546e-04 8.931663469999999482e-04 8.931183840000000203e-04 8.930705950000000478e-04 8.930228649999999479e-04 8.929751930000000499e-04 8.929275790000000285e-04 8.928799650000000072e-04 8.928324099999999670e-04 8.927848540000000391e-04 8.927372980000000029e-04
