1.587594850000000093e-05 1.142777000000000053e-05 9.618826879999999382e-06 8.700529180000000356e-06 8.169526150000000505e-06 7.835280479999999677e-06 7.611998170000000060e-06 7.456151249999999842e-06 7.343644030000000139e-06 7.260159239999999912e-06 7.196419569999999878e-06 7.145070409999999597e-06 7.097347409999999614e-06 7.038291640000000187e-06 6.940173530000000391e-06 6.756272340000000046e-06 6.422385010000000168e-06 5.878501720000000016e-06 5.113602130000000365e-06 4.200941480000000421e-06 3.273746870000000077e-06 2.452541819999999895e-06 1.795693379999999934e-06 1.303889230000000024e-06 9.489461380000000036e-07 6.968364800000000276e-07 5.182262729999999822e-07 3.909895550000000095e-07 2.994345320000000039e-07 2.327335120000000013e-07 1.834841330000000097e-07 1.466219570000000038e-07 1.186598690000000063e-07 9.717390979999999489e-08 8.046039570000000256e-08 6.730761020000000107e-08 5.684336199999999779e-08 4.843236209999999781e-08 4.160647649999999685e-08 3.601689970000000030e-08 3.140095120000000205e-08 2.755878900000000104e-08 2.433691119999999963e-08 2.161631409999999901e-08 1.930393979999999935e-08 1.732642300000000160e-08 1.562546000000000034e-08 1.415437900000000059e-08 1.287555479999999932e-08 1.175845200000000029e-08 1.077813310000000004e-08 9.914107760000000570e-09 9.149443869999999450e-09 8.470073530000000518e-09 7.864247030000000635e-09 7.322103809999999990e-09 6.835327420000000305e-09 6.396874590000000033e-09 6.000751449999999618e-09 5.641839879999999910e-09 5.315748729999999897e-09 5.018699679999999866e-09 4.747426899999999853e-09 4.499100199999999965e-09 4.271257569999999714e-09 4.061749599999999831e-09 3.868696919999999607e-09 3.690447499999999834e-09 3.525549190000000001e-09 3.372718330000000121e-09 3.230819609999999933e-09 3.098845849999999820e-09 2.975900639999999988e-09 2.861184839999999887e-09 2.753984820000000002e-09 2.653661289999999869e-09 2.559640059999999919e-09 2.471405300000000000e-09 2.388492289999999955e-09 2.310480920000000032e-09 2.236991480000000126e-09 2.167680480000000178e-09 2.102235050000000046e-09 2.040371650000000171e-09 1.981831809999999967e-09 1.926379720000000118e-09 1.873799780000000139e-09 1.823895149999999983e-09 1.776485179999999967e-09 1.731404130000000032e-09 1.688499900000000083e-09 1.647632470000000070e-09 1.608672859999999907e-09 1.571502150000000067e-09 1.536010540000000082e-09 1.502096449999999916e-09 1.469665719999999910e-09 1.438631549999999899e-09 1.408912989999999927e-09 1.380434990000000059e-09
1.009975310000000082e-05 7.801113500000000843e-06 6.848672459999999800e-06 6.363276040000000036e-06 6.083969310000000379e-06 5.910013439999999792e-06 5.795509880000000087e-06 5.717024119999999894e-06 5.661546769999999960e-06 5.621333000000000140e-06 5.591279659999999637e-06 5.567009339999999808e-06 5.542497090000000117e-06 5.506371509999999693e-06 5.436705119999999910e-06 5.296141809999999831e-06 5.033479280000000397e-06 4.601789440000000372e-06 3.994746749999999600e-06 3.273592940000000103e-06 2.545238430000000068e-06 1.903720660000000068e-06 1.392805069999999999e-06 1.011352539999999963e-06 7.364826619999999564e-07 5.413651820000000289e-07 4.031223000000000045e-07 3.045912819999999948e-07 2.336347220000000113e-07 1.818891490000000062e-07 1.436399940000000124e-07 1.149775949999999989e-07 9.320908129999999883e-08 7.646158909999999975e-08 6.341787180000000132e-08 5.314034369999999678e-08 4.495358749999999927e-08 3.836519720000000307e-08 3.301202869999999896e-08 2.862324599999999995e-08 2.499471739999999907e-08 2.197100099999999900e-08 1.943259060000000122e-08 1.728675869999999873e-08 1.546093739999999852e-08 1.389785529999999997e-08 1.255196920000000060e-08 1.138678930000000032e-08 1.037287320000000058e-08 9.486308629999999988e-09 8.707550239999999191e-09 8.020526469999999591e-09 7.411946170000000341e-09 6.870758630000000268e-09 6.387726350000000310e-09 5.955092420000000398e-09 5.566309190000000303e-09 5.215826879999999925e-09 4.898921269999999944e-09 4.611553359999999937e-09 4.350257040000000286e-09 4.112046699999999860e-09 3.894341739999999909e-09 3.694902379999999983e-09 3.511779979999999958e-09 3.343272990000000059e-09 3.187891060000000007e-09 3.044324569999999977e-09 2.911421099999999795e-09 2.788161479999999992e-09 2.673643969999999986e-09 2.567067889999999811e-09 2.467720030000000169e-09 2.374965110000000053e-09 2.288234490000000011e-09 2.207019010000000031e-09 2.130861039999999899e-09 2.059349139999999816e-09 1.992112249999999952e-09 1.928815550000000199e-09 1.869155720000000151e-09 1.812857860000000066e-09 1.759672300000000096e-09 1.709371979999999992e-09 1.661749960000000003e-09 1.616617620000000096e-09 1.573802199999999961e-09 1.533146050000000007e-09 1.494504190000000011e-09 1.457743809999999988e-09 1.422742919999999970e-09 1.389388939999999928e-09 1.357578269999999924e-09 1.327215559999999963e-09 1.298212320000000003e-09 1.270486940000000042e-09 1.243963819999999970e-09 1.218572909999999998e-09 1.194249029999999904e-09 1.170931910000000038e-09
6.661346560000000408e-06 5.479747869999999609e-06 4.987311060000000400e-06 4.738791629999999763e-06 4.598559829999999660e-06 4.513546169999999627e-06 4.459442149999999826e-06 4.423835890000000278e-06 4.399862970000000146e-06 4.383451600000000232e-06 4.371880550000000403e-06 4.362615529999999751e-06 4.351688399999999621e-06 4.331035600000000089e-06 4.284655459999999612e-06 4.184878430000000263e-06 3.993090560000000421e-06 3.672299499999999855e-06 3.213741590000000133e-06 2.659094210000000048e-06 2.088188010000000100e-06 1.576201379999999969e-06 1.162069110000000030e-06 8.490094959999999753e-07 6.212605969999999876e-07 4.584231019999999745e-07 3.424197249999999735e-07 2.593920669999999760e-07 1.994026210000000038e-07 1.555383020000000098e-07 1.230432220000000099e-07 9.864702119999999667e-08 8.008836259999999536e-08 6.578968480000000093e-08 5.463864379999999938e-08 4.584188319999999699e-08 3.882686529999999928e-08 3.317557069999999922e-08 2.857928830000000159e-08 2.480752310000000137e-08 2.168634689999999951e-08 1.908319189999999951e-08 1.689604370000000025e-08 1.504568379999999966e-08 1.347005970000000002e-08 1.212017060000000012e-08 1.095701399999999961e-08 9.949323140000000058e-09 9.071853489999999889e-09 8.304088079999999733e-09 7.629246569999999708e-09 7.033523539999999976e-09 6.505495700000000204e-09 6.035658199999999654e-09 5.616064060000000034e-09 5.240033740000000270e-09 4.901928640000000402e-09 4.596965469999999981e-09 4.321071059999999603e-09 4.070761509999999605e-09 3.843045439999999829e-09 3.635345140000000130e-09 3.445431269999999828e-09 3.271368509999999820e-09 3.111471970000000100e-09 2.964270160000000031e-09 2.828473229999999969e-09 2.702948090000000030e-09 2.586695969999999802e-09 2.478834919999999801e-09 2.378582890000000125e-09 2.285245549999999970e-09 2.198204950000000046e-09 2.116909309999999907e-09 2.040865700000000082e-09 1.969631349999999966e-09 1.902809239999999890e-09 1.840042010000000048e-09 1.781007009999999951e-09 1.725413029999999994e-09 1.672996410000000047e-09 1.623517880000000062e-09 1.576760389999999920e-09 1.532525990000000005e-09 1.490634839999999899e-09 1.450922269999999969e-09 1.413237970000000027e-09 1.377444380000000023e-09 1.343415269999999918e-09 1.311034840000000023e-09 1.280196390000000033e-09 1.250802019999999964e-09 1.222761110000000007e-09 1.195990419999999930e-09 1.170412770000000029e-09 1.145956769999999922e-09 1.122556489999999976e-09 1.100150530000000056e-09 1.078682029999999987e-09 1.058098159999999968e-09
4.543742760000000325e-06 3.948559879999999924e-06 3.704229580000000194e-06 3.585053040000000106e-06 3.521053939999999834e-06 3.484734409999999953e-06 3.463549549999999918e-06 3.451157450000000115e-06 3.444098870000000119e-06 3.440350160000000176e-06 3.438544349999999929e-06 3.437277659999999961e-06 3.434051219999999948e-06 3.423456060000000191e-06 3.394484789999999951e-06 3.327758119999999839e-06 3.195407319999999805e-06 2.968606169999999982e-06 2.635445980000000139e-06 2.219106590000000041e-06 1.774950870000000028e-06 1.362551420000000051e-06 1.018739790000000008e-06 7.524760690000000064e-07 5.551818280000000391e-07 4.121939129999999937e-07 3.093154819999999889e-07 2.351430619999999900e-07 1.812603189999999890e-07 1.416991750000000033e-07 1.122988989999999962e-07 9.017090009999999685e-08 7.330373110000000443e-08 6.028665919999999968e-08 5.012090300000000145e-08 4.209180560000000154e-08 3.568227670000000200e-08 3.051398779999999724e-08 2.630705080000000155e-08 2.285217879999999918e-08 1.999125490000000033e-08 1.760362339999999907e-08 1.559635439999999997e-08 1.389721850000000047e-08 1.244959340000000007e-08 1.120873619999999993e-08 1.013901410000000019e-08 9.211841069999999500e-09 8.404126279999999570e-09 7.697093630000000599e-09 7.075379840000000139e-09 6.526337690000000283e-09 6.039499120000000298e-09 5.606151540000000369e-09 5.219005229999999795e-09 4.871933080000000225e-09 4.559759679999999794e-09 4.278093439999999669e-09 4.023193329999999780e-09 3.791859269999999616e-09 3.581342560000000197e-09 3.389272639999999995e-09 3.213600269999999908e-09 3.052545329999999845e-09 2.904557710000000084e-09 2.768282940000000150e-09 2.642533970000000080e-09 2.526267419999999885e-09 2.418563569999999950e-09 2.318609750000000044e-09 2.225685410000000019e-09 2.139151079999999849e-09 2.058436529999999822e-09 1.983033289999999897e-09 1.912486390000000131e-09 1.846388040000000027e-09 1.784371539999999945e-09 1.726106920000000081e-09 1.671296770000000096e-09 1.619672059999999924e-09 1.570989230000000055e-09 1.525027440000000027e-09 1.481586079999999959e-09 1.440482399999999910e-09 1.401549989999999939e-09 1.364636849999999983e-09 1.329603979999999986e-09 1.296324160000000051e-09 1.264680689999999993e-09 1.234566340000000041e-09 1.205882620000000067e-09 1.178538709999999988e-09 1.152450910000000007e-09 1.127542169999999964e-09 1.103740990000000022e-09 1.080981299999999922e-09 1.059201950000000025e-09 1.038346190000000023e-09 1.018361400000000019e-09 9.991985020000000507e-10
3.197131039999999791e-06 2.911308909999999899e-06 2.800352599999999908e-06 2.751008880000000029e-06 2.728018899999999920e-06 2.717672029999999802e-06 2.713839879999999995e-06 2.713510409999999797e-06 2.715097710000000011e-06 2.717707279999999981e-06 2.720729300000000039e-06 2.723437090000000125e-06 2.724313620000000182e-06 2.719854140000000082e-06 2.702749270000000189e-06 2.659882279999999819e-06 2.571763390000000063e-06 2.416558570000000141e-06 2.181257510000000006e-06 1.875536099999999959e-06 1.534673399999999963e-06 1.203829360000000008e-06 9.168089149999999969e-07 6.871420059999999685e-07 5.126136100000000016e-07 3.837219539999999918e-07 2.896971980000000068e-07 2.212208870000000064e-07 1.711059530000000118e-07 1.341079070000000056e-07 1.064979710000000058e-07 8.565125139999999457e-08 6.972128830000000365e-08 5.740332300000000162e-08 4.776828530000000126e-08 4.014845350000000055e-08 3.405905249999999931e-08 2.914439179999999861e-08 2.514075879999999915e-08 2.185059779999999910e-08 1.912442290000000053e-08 1.684802870000000060e-08 1.493335060000000136e-08 1.331187869999999974e-08 1.192986690000000054e-08 1.074481219999999929e-08 9.722842980000000350e-09 8.836775760000000304e-09 8.064636960000000497e-09 7.388552880000000100e-09 6.793892120000000342e-09 6.268606969999999869e-09 5.802720529999999669e-09 5.387925660000000131e-09 5.017271490000000211e-09 4.684913349999999937e-09 4.385912969999999587e-09 4.116079030000000143e-09 3.871841070000000156e-09 3.650142190000000007e-09 3.448357820000000082e-09 3.264224000000000163e-09 3.095782079999999996e-09 2.941331399999999842e-09 2.799390280000000201e-09 2.668664180000000180e-09 2.548018019999999923e-09 2.436453709999999981e-09 2.333092159999999960e-09 2.237155570000000073e-09 2.147954930000000053e-09 2.064878049999999800e-09 1.987379370000000106e-09 1.914972399999999995e-09 1.847221259999999985e-09 1.783735710000000002e-09 1.724164700000000019e-09 1.668192359999999972e-09 1.615533600000000014e-09 1.565930829999999964e-09 1.519150690000000046e-09 1.474981690000000092e-09 1.433231419999999938e-09 1.393725020000000051e-09 1.356302850000000040e-09 1.320819230000000080e-09 1.287140839999999982e-09 1.255145880000000003e-09 1.224722320000000084e-09 1.195767369999999965e-09 1.168186660000000089e-09 1.141892910000000011e-09 1.116806089999999946e-09 1.092851920000000080e-09 1.069962120000000029e-09 1.048073179999999980e-09 1.027126379999999951e-09 1.007067319999999970e-09 9.878454720000000288e-10 9.694137710000000538e-10
2.315976190000000172e-06 2.192897910000000044e-06 2.152665049999999797e-06 2.140121070000000045e-06 2.138434869999999790e-06 2.141315919999999877e-06 2.146108730000000202e-06 2.151605710000000037e-06 2.157233440000000039e-06 2.162705640000000193e-06 2.167825189999999919e-06 2.172256930000000190e-06 2.175106599999999948e-06 2.174142310000000027e-06 2.164583519999999928e-06 2.137692489999999953e-06 2.080086689999999997e-06 1.975695569999999802e-06 1.812364870000000048e-06 1.591651429999999935e-06 1.333989869999999948e-06 1.071584170000000003e-06 8.334783960000000276e-07 6.355297160000000026e-07 4.804647349999999731e-07 3.632685549999999957e-07 2.762934060000000148e-07 2.121442580000000064e-07 1.647562300000000102e-07 1.295285019999999882e-07 1.031030339999999978e-07 8.307200970000000243e-08 6.771901440000000370e-08 5.581915370000000275e-08 4.649378839999999802e-08 3.910783160000000111e-08 3.319815530000000207e-08 2.842377529999999979e-08 2.453117710000000162e-08 2.133001149999999846e-08 1.867598339999999929e-08 1.645868689999999980e-08 1.459287179999999921e-08 1.301215400000000043e-08 1.166440280000000044e-08 1.050836129999999989e-08 9.511129660000000568e-09 8.646286349999999592e-09 7.892465350000000732e-09 7.232277890000000082e-09 6.651483360000000357e-09 6.138351160000000209e-09 5.683164609999999699e-09 5.277831059999999927e-09 4.915576389999999942e-09 4.590703819999999934e-09 4.298398529999999825e-09 4.034573120000000309e-09 3.795745050000000333e-09 3.578932040000000160e-09 3.381573469999999883e-09 3.201459989999999982e-09 3.036679799999999835e-09 2.885572670000000100e-09 2.746692209999999871e-09 2.618774089999999861e-09 2.500710080000000089e-09 2.391525639999999925e-09 2.290361459999999823e-09 2.196458129999999820e-09 2.109142420000000046e-09 2.027816139999999900e-09 1.951946159999999919e-09 1.881057090000000185e-09 1.814723040000000013e-09 1.752562319999999990e-09 1.694231869999999904e-09 1.639422929999999932e-09 1.587856730000000048e-09 1.539281369999999985e-09 1.493468790000000000e-09 1.450212059999999974e-09 1.409323100000000005e-09 1.370630719999999952e-09 1.333978929999999968e-09 1.299225170000000063e-09 1.266239000000000057e-09 1.234901289999999900e-09 1.205102350000000031e-09 1.176741699999999934e-09 1.149726870000000035e-09 1.123972579999999910e-09 1.099400459999999928e-09 1.075937890000000019e-09 1.053517829999999947e-09 1.032078309999999934e-09 1.011561719999999979e-09 9.919149949999999588e-10 9.730883879999999712e-10 9.550360500000000255e-10
1.725857939999999963e-06 1.687248979999999924e-06 1.683472189999999976e-06 1.689486340000000087e-06 1.698203159999999922e-06 1.707281630000000009e-06 1.715912619999999992e-06 1.723841590000000007e-06 1.731025009999999908e-06 1.737491969999999976e-06 1.743260899999999937e-06 1.748215250000000101e-06 1.751841409999999975e-06 1.752721570000000071e-06 1.747728790000000051e-06 1.731045360000000036e-06 1.693526309999999901e-06 1.623557299999999908e-06 1.510827249999999960e-06 1.352862679999999933e-06 1.160233749999999952e-06 9.545277629999999436e-07 7.590355150000000354e-07 5.897187519999999885e-07 4.525390120000000170e-07 3.460936279999999761e-07 2.655035589999999815e-07 2.051705509999999905e-07 1.601044769999999987e-07 1.263246499999999889e-07 1.008274920000000048e-07 8.140894890000000316e-08 6.647157849999999426e-08 5.486142739999999798e-08 4.574307509999999719e-08 3.850846749999999826e-08 3.271176039999999843e-08 2.802331170000000063e-08 2.419718999999999924e-08 2.104824579999999988e-08 1.843581289999999870e-08 1.625205929999999959e-08 1.441360719999999975e-08 1.285543760000000049e-08 1.152644379999999931e-08 1.038613989999999943e-08 9.402217670000000813e-09 8.548711960000000813e-09 7.804612960000000775e-09 7.152814779999999615e-09 6.579301099999999748e-09 6.072522480000000331e-09 5.622907470000000076e-09 5.222483330000000092e-09 4.864574519999999750e-09 4.543563749999999927e-09 4.254704140000000038e-09 3.993964710000000229e-09 3.757909980000000224e-09 3.543598080000000179e-09 3.348501920000000040e-09 3.170441239999999799e-09 3.007529109999999814e-09 2.858126620000000177e-09 2.720805800000000146e-09 2.594318090000000168e-09 2.477569260000000174e-09 2.369596519999999972e-09 2.269551659999999831e-09 2.176684389999999884e-09 2.090329470000000077e-09 2.009896030000000159e-09 1.934857389999999826e-09 1.864743690000000012e-09 1.799134169999999934e-09 1.737651580000000102e-09 1.679956949999999914e-09 1.625745089999999940e-09 1.574740339999999946e-09 1.526693990000000019e-09 1.481380239999999939e-09 1.438594690000000102e-09 1.398151479999999950e-09 1.359881210000000078e-09 1.323629650000000000e-09 1.289255809999999897e-09 1.256631020000000028e-09 1.225636930000000095e-09 1.196165500000000030e-09 1.168117269999999931e-09 1.141400639999999964e-09 1.115931459999999982e-09 1.091632009999999941e-09 1.068430459999999982e-09 1.046260740000000054e-09 1.025061260000000003e-09 1.004775260000000100e-09 9.853500239999999768e-10 9.667364689999999594e-10 9.488891889999999834e-10
1.324902539999999908e-06 1.328942969999999908e-06 1.343050490000000083e-06 1.357731660000000009e-06 1.370981749999999954e-06 1.382514139999999940e-06 1.392470269999999948e-06 1.401078290000000040e-06 1.408557520000000012e-06 1.415090759999999952e-06 1.420801369999999904e-06 1.425690239999999921e-06 1.429469310000000092e-06 1.431228040000000022e-06 1.428889280000000067e-06 1.418522520000000008e-06 1.393815640000000089e-06 1.346395039999999940e-06 1.267958849999999990e-06 1.154511099999999947e-06 1.010703159999999940e-06 8.502822200000000206e-07 6.909162379999999544e-07 5.471287639999999664e-07 4.264999229999999994e-07 3.302316709999999864e-07 2.557407019999999912e-07 1.990421200000000017e-07 1.561591029999999921e-07 1.237125099999999868e-07 9.904744760000000383e-08 8.016104399999999974e-08 6.557272769999999519e-08 5.419740029999999908e-08 4.524095229999999762e-08 3.812061070000000100e-08 3.240634780000000082e-08 2.777860250000000080e-08 2.399803730000000119e-08 2.088388130000000047e-08 1.829844009999999914e-08 1.613593880000000004e-08 1.431444559999999976e-08 1.276997529999999993e-08 1.145217429999999989e-08 1.032110840000000005e-08 9.344883089999999594e-09 8.497846870000000713e-09 7.759230589999999418e-09 7.112111789999999661e-09 6.542620669999999774e-09 6.039321040000000276e-09 5.592734280000000021e-09 5.194960019999999694e-09 4.839382230000000102e-09 4.520432030000000018e-09 4.233402520000000350e-09 3.974295560000000298e-09 3.739702769999999953e-09 3.526705820000000110e-09 3.332796260000000203e-09 3.155810059999999940e-09 2.993874479999999817e-09 2.845362170000000139e-09 2.708855360000000104e-09 2.583114169999999950e-09 2.467051669999999866e-09 2.359712200000000197e-09 2.260252649999999941e-09 2.167927839999999868e-09 2.082076960000000014e-09 2.002112480000000115e-09 1.927511929999999804e-09 1.857807569999999947e-09 1.792581749999999966e-09 1.731459420000000038e-09 1.674103630000000081e-09 1.620211079999999984e-09 1.569507860000000074e-09 1.521746399999999931e-09 1.476702759999999968e-09 1.434173340000000011e-09 1.393973380000000059e-09 1.355934699999999937e-09 1.319903740000000077e-09 1.285740400000000074e-09 1.253316670000000024e-09 1.222514980000000006e-09 1.193227849999999960e-09 1.165356139999999965e-09 1.138809159999999897e-09 1.113502850000000010e-09 1.089360050000000067e-09 1.066309490000000015e-09 1.044285100000000009e-09 1.023225949999999941e-09 1.003075510000000072e-09 9.837811680000000419e-10 9.652941780000000033e-10 9.475694669999999483e-10
1.052969879999999920e-06 1.077636060000000008e-06 1.099859900000000064e-06 1.118083110000000075e-06 1.132893430000000083e-06 1.145037120000000023e-06 1.155122280000000101e-06 1.163606840000000000e-06 1.170830389999999995e-06 1.177043149999999949e-06 1.182415299999999914e-06 1.187006550000000071e-06 1.190659530000000038e-06 1.192771259999999971e-06 1.191913610000000003e-06 1.185340689999999907e-06 1.168565749999999976e-06 1.135439449999999919e-06 1.079381829999999936e-06 9.961443080000000878e-07 8.871672319999999871e-07 7.609663729999999894e-07 6.305558030000000250e-07 5.083663840000000041e-07 4.023812320000000029e-07 3.154250980000000185e-07 2.466416049999999891e-07 1.933864549999999915e-07 1.525793609999999920e-07 1.213959560000000097e-07 9.751164500000000257e-08 7.911722120000000399e-08 6.484558669999999608e-08 5.367863310000000094e-08 4.486235739999999975e-08 3.783836179999999728e-08 3.219170349999999780e-08 2.761235509999999841e-08 2.386708610000000055e-08 2.077912950000000024e-08 1.821346449999999987e-08 1.606612090000000022e-08 1.425641379999999996e-08 1.272123559999999922e-08 1.141085000000000056e-08 1.028577399999999935e-08 9.314438999999999210e-09 8.471436890000000683e-09 7.736178809999999514e-09 7.091882189999999746e-09 6.524782049999999705e-09 6.023524349999999628e-09 5.578693949999999910e-09 5.182440700000000372e-09 4.828188959999999970e-09 4.510402270000000037e-09 4.224399050000000123e-09 3.966202920000000407e-09 3.732422370000000239e-09 3.520153499999999966e-09 3.326899420000000062e-09 3.150506740000000068e-09 2.989110069999999929e-09 2.841089590000000199e-09 2.705033090000000028e-09 2.579705999999999942e-09 2.464025650000000081e-09 2.357039899999999927e-09 2.257908750000000131e-09 2.165889910000000068e-09 2.080324799999999988e-09 2.000628330000000158e-09 1.926279139999999985e-09 1.856811819999999962e-09 1.791809699999999944e-09 1.730899089999999968e-09 1.673744140000000091e-09 1.620042429999999990e-09 1.569520850000000037e-09 1.521932799999999999e-09 1.477054700000000032e-09 1.434683929999999984e-09 1.394635960000000050e-09 1.356743160000000026e-09 1.320852539999999986e-09 1.286824419999999949e-09 1.254530919999999972e-09 1.223855020000000099e-09 1.194689349999999934e-09 1.166935329999999984e-09 1.140502030000000090e-09 1.115306070000000017e-09 1.091270410000000065e-09 1.068323760000000090e-09 1.046400409999999991e-09 1.025439510000000017e-09 1.005384550000000102e-09 9.861833570000000448e-10 9.677871840000000544e-10 9.501509579999999163e-10
8.754049650000000280e-07 9.096676190000000108e-07 9.352820600000000028e-07 9.546960199999999017e-07 9.697944279999999198e-07 9.818280660000000232e-07 9.916250290000000131e-07 9.997462479999999840e-07 1.006582119999999966e-06 1.012409139999999949e-06 1.017415339999999945e-06 1.021689060000000017e-06 1.025145139999999991e-06 1.027358729999999902e-06 1.027284270000000002e-06 1.022882429999999985e-06 1.010776259999999988e-06 9.862307019999999632e-07 9.439158360000000337e-07 8.798106139999999921e-07 7.937970280000000462e-07 6.912613909999999741e-07 5.819246100000000060e-07 4.762475779999999952e-07 3.819529869999999850e-07 3.026964920000000107e-07 2.387583609999999856e-07 1.884804699999999886e-07 1.494885570000000038e-07 1.194155170000000102e-07 9.621765429999999574e-08 7.825406100000000337e-08 6.425764100000000012e-08 5.326985429999999811e-08 4.457249499999999932e-08 3.762896130000000155e-08 3.203778579999999996e-08 2.749739100000000022e-08 2.377995219999999984e-08 2.071221590000000144e-08 1.816147229999999964e-08 1.602531090000000106e-08 1.422410460000000077e-08 1.269547489999999970e-08 1.139020169999999953e-08 1.026916600000000081e-08 9.301062139999999332e-09 8.460673049999999633e-09 7.727551930000000384e-09 7.085019680000000233e-09 6.519391689999999633e-09 6.019374329999999713e-09 5.575597759999999595e-09 5.180249120000000396e-09 4.826779859999999949e-09 4.509675300000000242e-09 4.224271600000000027e-09 3.966606600000000380e-09 3.733299890000000049e-09 3.521456459999999903e-09 3.328587179999999825e-09 3.152544229999999977e-09 2.991467740000000076e-09 2.843741689999999820e-09 2.707957640000000058e-09 2.582883460000000191e-09 2.467439359999999952e-09 2.360674989999999974e-09 2.261752340000000054e-09 2.169930460000000159e-09 2.084551859999999810e-09 2.005033030000000110e-09 1.930853029999999856e-09 1.861547469999999946e-09 1.796700340000000077e-09 1.735938730000000034e-09 1.678926999999999986e-09 1.625363399999999905e-09 1.574975369999999924e-09 1.527516450000000021e-09 1.482763469999999903e-09 1.440514040000000028e-09 1.400583980000000086e-09 1.362805869999999978e-09 1.327026820000000017e-09 1.293107400000000096e-09 1.260919920000000083e-09 1.230347489999999981e-09 1.201282850000000094e-09 1.173627420000000097e-09 1.147290709999999932e-09 1.122189229999999909e-09 1.098245939999999913e-09 1.075389779999999998e-09 1.053555019999999973e-09 1.032681049999999916e-09 1.012711250000000099e-09 9.935935410000000768e-10 9.752793020000000409e-10 9.577234560000000071e-10
7.745586000000000256e-07 8.137456579999999634e-07 8.410447660000000493e-07 8.609957259999999483e-07 8.761668369999999513e-07 8.880739980000000344e-07 8.976599020000000209e-07 9.055384570000000087e-07 9.121254719999999884e-07 9.177100539999999610e-07 9.224890500000000451e-07 9.265643830000000240e-07 9.298872779999999965e-07 9.321234419999999505e-07 9.324227220000000082e-07 9.291083530000000470e-07 9.193807950000000428e-07 8.992606689999999588e-07 8.641399060000000370e-07 8.102588820000000249e-07 7.368603859999999662e-07 6.477710600000000165e-07 5.508603069999999993e-07 4.552852890000000063e-07 3.683857129999999919e-07 2.941376920000000042e-07 2.334206640000000082e-07 1.851533540000000040e-07 1.473999449999999954e-07 1.180887569999999981e-07 9.536262270000000216e-08 7.769450859999999413e-08 6.388587790000000620e-08 5.301937380000000317e-08 4.440167340000000126e-08 3.751133799999999941e-08 3.195627939999999815e-08 2.744079630000000026e-08 2.374081019999999969e-08 2.068547639999999927e-08 1.814367319999999861e-08 1.601403990000000147e-08 1.421766170000000002e-08 1.269264689999999984e-08 1.139011289999999935e-08 1.027117589999999961e-08 9.304699229999999191e-09 8.465584679999999797e-09 7.733474309999999319e-09 7.091752520000000100e-09 6.526781340000000258e-09 6.027302210000000188e-09 5.583972840000000349e-09 5.188999009999999695e-09 4.835848170000000331e-09 4.519017599999999621e-09 4.233852379999999657e-09 3.976397429999999966e-09 3.743277690000000176e-09 3.531602340000000172e-09 3.338886060000000063e-09 3.162983650000000099e-09 3.002037509999999977e-09 2.854433130000000125e-09 2.718763659999999996e-09 2.593798289999999907e-09 2.478457439999999908e-09 2.371792320000000135e-09 2.272964929999999811e-09 2.181234969999999934e-09 2.095945640000000001e-09 2.016513399999999945e-09 1.942417780000000036e-09 1.873194709999999910e-09 1.808428180000000091e-09 1.747745390000000028e-09 1.690811160000000076e-09 1.637323499999999966e-09 1.587010080000000028e-09 1.539624429999999989e-09 1.494943609999999961e-09 1.452765129999999956e-09 1.412905019999999978e-09 1.375195740000000014e-09 1.339484520000000087e-09 1.305631820000000010e-09 1.273510190000000102e-09 1.243002589999999904e-09 1.214001899999999929e-09 1.186409640000000093e-09 1.160135099999999976e-09 1.135094799999999934e-09 1.111212009999999991e-09 1.088415469999999932e-09 1.066639439999999935e-09 1.045823429999999990e-09 1.025910800000000076e-09 1.006849380000000022e-09 9.885906539999999720e-10 9.710896529999999264e-10
7.446747079999999891e-07 7.880479419999999651e-07 8.172830800000000257e-07 8.382540950000000103e-07 8.540087040000000191e-07 8.662686920000000072e-07 8.760758309999999587e-07 8.840964940000000228e-07 8.907759369999999653e-07 8.964207719999999708e-07 9.012392180000000109e-07 9.053425739999999991e-07 9.086941190000000319e-07 9.109818390000000224e-07 9.113991269999999783e-07 9.083476580000000319e-07 8.991517570000000221e-07 8.799950139999999576e-07 8.464293159999999967e-07 7.947636499999999568e-07 7.241212070000000390e-07 6.380049059999999778e-07 5.438789690000000423e-07 4.505965879999999826e-07 3.653912299999999800e-07 2.922958519999999783e-07 2.323188540000000037e-07 1.845093609999999874e-07 1.470331909999999952e-07 1.178881280000000043e-07 9.526109320000000505e-08 7.765199679999999842e-08 6.387845270000000168e-08 5.303269650000000001e-08 4.442710380000000137e-08 3.754365709999999679e-08 3.199232169999999786e-08 2.747864689999999904e-08 2.377930559999999886e-08 2.072392920000000141e-08 1.818168370000000037e-08 1.605138960000000104e-08 1.425424130000000061e-08 1.272841740000000059e-08 1.142507510000000051e-08 1.030535479999999924e-08 9.338134710000000397e-09 8.498321159999999867e-09 7.765559749999999313e-09 7.123235779999999712e-09 6.557708150000000332e-09 6.057716989999999666e-09 5.613916439999999844e-09 5.218509619999999966e-09 4.864960880000000322e-09 4.547764830000000236e-09 4.262263879999999627e-09 4.004499839999999676e-09 3.771095440000000299e-09 3.559158299999999811e-09 3.366200650000000019e-09 3.190075540000000202e-09 3.028923779999999799e-09 2.881129560000000063e-09 2.745284220000000038e-09 2.620156089999999930e-09 2.504664919999999907e-09 2.397859910000000043e-09 2.298903069999999813e-09 2.207052980000000189e-09 2.121651969999999893e-09 2.042115810000000128e-09 1.967923599999999869e-09 1.898610600000000111e-09 1.833760370000000080e-09 1.772999519999999908e-09 1.715992459999999984e-09 1.662436970000000047e-09 1.612060149999999959e-09 1.564615440000000077e-09 1.519879330000000043e-09 1.477649339999999914e-09 1.437740930000000049e-09 1.399986570000000066e-09 1.364233170000000010e-09 1.330341170000000020e-09 1.298182670000000064e-09 1.267640549999999946e-09 1.238607660000000046e-09 1.210985090000000019e-09 1.184682239999999936e-09 1.159615629999999944e-09 1.135707970000000056e-09 1.112888230000000046e-09 1.091090660000000048e-09 1.070254220000000084e-09 1.050322609999999993e-09 1.031243540000000103e-09 1.012968259999999971e-09 9.954517210000000672e-10
7.862981869999999812e-07 8.356482789999999991e-07 8.683849730000000378e-07 8.916463799999999647e-07 9.090117029999999952e-07 9.224638689999999690e-07 9.331880050000000229e-07 9.419351269999999812e-07 9.492039229999999927e-07 9.553358500000000107e-07 9.605614650000000401e-07 9.650025279999999310e-07 9.686131080000000404e-07 9.710363429999999081e-07 9.713545520000000210e-07 9.677557960000000279e-07 9.572183899999999214e-07 9.354662319999999883e-07 8.976002730000000281e-07 8.397398119999999805e-07 7.613531919999999569e-07 6.668626609999999951e-07 5.648730049999999968e-07 4.650867709999999775e-07 3.750336080000000025e-07 2.985923119999999981e-07 2.364195099999999915e-07 1.872084430000000101e-07 1.488465809999999981e-07 1.191401890000000041e-07 9.615314410000000206e-08 7.830900730000000064e-08 6.437866060000000460e-08 5.342579709999999795e-08 4.474523510000000180e-08 3.780801090000000195e-08 3.221716230000000035e-08 2.767378500000000113e-08 2.395163180000000009e-08 2.087838350000000156e-08 1.832187379999999969e-08 1.618000489999999987e-08 1.437332030000000025e-08 1.283953299999999953e-08 1.152945740000000042e-08 1.040398259999999947e-08 9.431794900000000484e-09 8.587655919999999710e-09 7.851097550000000779e-09 7.205417149999999631e-09 6.636903919999999786e-09 6.134241120000000135e-09 5.688038040000000094e-09 5.290460069999999639e-09 4.934940459999999899e-09 4.615948959999999884e-09 4.328805760000000205e-09 4.069535379999999676e-09 3.834744520000000215e-09 3.621527969999999853e-09 3.427386369999999846e-09 3.250163029999999925e-09 3.087990089999999991e-09 2.939244630000000024e-09 2.802511330000000003e-09 2.676552760000000121e-09 2.560283320000000079e-09 2.452748230000000008e-09 2.353104820000000038e-09 2.260608589999999833e-09 2.174598499999999850e-09 2.094487469999999971e-09 2.019752140000000206e-09 1.949925110000000040e-09 1.884588039999999957e-09 1.823365350000000049e-09 1.765919969999999906e-09 1.711947919999999903e-09 1.661174859999999898e-09 1.613352899999999908e-09 1.568257520000000037e-09 1.525684690000000056e-09 1.485449099999999996e-09 1.447382330000000060e-09 1.411330270000000092e-09 1.377152390000000044e-09 1.344720450000000024e-09 1.313916310000000052e-09 1.284632179999999928e-09 1.256768800000000025e-09 1.230234800000000083e-09 1.204946140000000032e-09 1.180825219999999950e-09 1.157800410000000041e-09 1.135805559999999897e-09 1.114779270000000006e-09 1.094664909999999975e-09 1.075409650000000004e-09 1.056964740000000061e-09 1.039284440000000085e-09
8.999384699999999528e-07 9.585055520000000361e-07 9.970704010000000458e-07 1.024350469999999995e-06 1.044654140000000010e-06 1.060348040000000026e-06 1.072838359999999944e-06 1.083012879999999973e-06 1.091458670000000053e-06 1.098576829999999970e-06 1.104635769999999926e-06 1.109769189999999991e-06 1.113896699999999929e-06 1.116532189999999904e-06 1.116456359999999905e-06 1.111283720000000083e-06 1.097077980000000005e-06 1.068378199999999918e-06 1.019192040000000051e-06 9.453320900000000196e-07 8.474148099999999675e-07 7.323950510000000143e-07 6.117156200000000209e-07 4.969384119999999586e-07 3.960159629999999888e-07 3.122408709999999786e-07 2.453352580000000024e-07 1.931350650000000127e-07 1.528929090000000054e-07 1.219934229999999984e-07 9.823613569999999892e-08 7.988326439999999961e-08 6.560804880000000324e-08 5.441490810000000004e-08 4.556224549999999847e-08 3.849842050000000172e-08 3.281205709999999961e-08 2.819491129999999854e-08 2.441456280000000018e-08 2.129451279999999998e-08 1.869971910000000015e-08 1.652605519999999961e-08 1.469261250000000017e-08 1.313603450000000038e-08 1.180634609999999945e-08 1.066383779999999998e-08 9.676734079999999502e-09 8.819438510000000080e-09 8.071201479999999980e-09 7.415091209999999685e-09 6.837215679999999875e-09 6.326108530000000054e-09 5.872256009999999954e-09 5.467721389999999590e-09 5.105852189999999729e-09 4.781045779999999965e-09 4.488561079999999907e-09 4.224369299999999738e-09 3.985033639999999919e-09 3.767608000000000169e-09 3.569559980000000145e-09 3.388703540000000149e-09 3.223144419999999938e-09 3.071236820000000139e-09 2.931545450000000074e-09 2.802814870000000149e-09 2.683943730000000008e-09 2.573962819999999815e-09 2.472017260000000109e-09 2.377350320000000045e-09 2.289291420000000185e-09 2.207243940000000098e-09 2.130676299999999987e-09 2.059113319999999834e-09 1.992129570000000179e-09 1.929344019999999998e-09 1.870413159999999969e-09 1.815027910000000086e-09 1.762909369999999949e-09 1.713805099999999988e-09 1.667486589999999904e-09 1.623746140000000074e-09 1.582395099999999922e-09 1.543261629999999924e-09 1.506188950000000024e-09 1.471033960000000100e-09 1.437665540000000046e-09 1.405963680000000028e-09 1.375818130000000056e-09 1.347127739999999941e-09 1.319799269999999987e-09 1.293746890000000006e-09 1.268891439999999952e-09 1.245159979999999983e-09 1.222484559999999945e-09 1.200802790000000051e-09 1.180056609999999950e-09 1.160192160000000008e-09 1.141159500000000065e-09 1.122911870000000061e-09
1.084589029999999975e-06 1.156315530000000058e-06 1.203394499999999943e-06 1.236631989999999943e-06 1.261336369999999899e-06 1.280413360000000028e-06 1.295584980000000077e-06 1.307936370000000012e-06 1.318184220000000077e-06 1.326816910000000086e-06 1.334156879999999935e-06 1.340349399999999949e-06 1.345242030000000052e-06 1.348105569999999937e-06 1.347163219999999982e-06 1.338987659999999930e-06 1.318017890000000015e-06 1.276779360000000089e-06 1.207635140000000085e-06 1.106401560000000055e-06 9.763045909999998991e-07 8.288891990000000122e-07 6.799846229999999664e-07 5.434315539999999623e-07 4.271662140000000103e-07 3.331921049999999938e-07 2.597012670000000195e-07 2.032748089999999941e-07 1.602915629999999933e-07 1.275761149999999973e-07 1.025825820000000052e-07 8.336285620000000057e-08 6.846163100000000599e-08 5.680362849999999933e-08 4.759692019999999704e-08 4.025727310000000046e-08 3.435172149999999774e-08 2.955734499999999871e-08 2.563151650000000055e-08 2.239046459999999985e-08 1.969386429999999896e-08 1.743367229999999891e-08 1.552601959999999916e-08 1.390528940000000070e-08 1.251974440000000019e-08 1.132828590000000073e-08 1.029803179999999918e-08 9.402496560000000545e-09 8.620203220000000355e-09 7.933626200000000063e-09 7.328380120000000409e-09 6.792590490000000333e-09 6.316397629999999808e-09 5.891575669999999982e-09 5.511224810000000044e-09 5.169531909999999651e-09 4.861575589999999667e-09 4.583172059999999668e-09 4.330748200000000007e-09 4.101242459999999993e-09 3.892019599999999839e-09 3.700804110000000194e-09 3.525623130000000162e-09 3.364761360000000134e-09 3.216722219999999997e-09 3.080196100000000176e-09 2.954032800000000048e-09 2.837220240000000087e-09 2.728864910000000184e-09 2.628175459999999955e-09 2.534449979999999984e-09 2.447063879999999940e-09 2.365460269999999981e-09 2.289141100000000161e-09 2.217660500000000130e-09 2.150617910000000165e-09 2.087653380000000088e-09 2.028441639999999941e-09 1.972690009999999981e-09 1.920132720000000191e-09 1.870529060000000106e-09 1.823660889999999919e-09 1.779329129999999946e-09 1.737352710000000081e-09 1.697566419999999936e-09 1.659819169999999986e-09 1.623972620000000016e-09 1.589899879999999941e-09 1.557484590000000059e-09 1.526619609999999966e-09 1.497206579999999905e-09 1.469154690000000046e-09 1.442379880000000020e-09 1.416804900000000020e-09 1.392358009999999963e-09 1.368972820000000029e-09 1.346587840000000097e-09 1.325145879999999968e-09 1.304593880000000058e-09 1.284882309999999964e-09
1.341918160000000037e-06 1.431258400000000039e-06 1.489820990000000027e-06 1.531131940000000076e-06 1.561820109999999915e-06 1.585508129999999954e-06 1.604341040000000045e-06 1.619669320000000019e-06 1.632384509999999958e-06 1.643092219999999931e-06 1.652186479999999910e-06 1.659820549999999979e-06 1.665723289999999986e-06 1.668785099999999963e-06 1.666379829999999936e-06 1.653526849999999913e-06 1.622323450000000059e-06 1.562569199999999952e-06 1.464755660000000028e-06 1.325470750000000044e-06 1.152225310000000075e-06 9.628074620000000879e-07 7.781436009999999915e-07 6.141323179999999985e-07 4.781534809999999517e-07 3.704957979999999929e-07 2.875810590000000149e-07 2.246049320000000099e-07 1.769856080000000015e-07 1.409156739999999980e-07 1.134401090000000004e-07 9.234482689999999682e-08 7.599898310000000400e-08 6.320913569999999900e-08 5.310209159999999741e-08 4.503653979999999711e-08 3.853863360000000086e-08 3.325562400000000270e-08 2.892275570000000019e-08 2.533960950000000019e-08 2.235315220000000059e-08 1.984552430000000006e-08 1.772519729999999993e-08 1.592050220000000089e-08 1.437488619999999980e-08 1.304338060000000029e-08 1.188997170000000017e-08 1.088561600000000068e-08 1.000673499999999977e-08 9.234068620000000203e-09 8.551786830000000454e-09 7.946804990000000825e-09 7.408246900000000183e-09 6.927026059999999627e-09 6.495513019999999846e-09 6.107269360000000193e-09 5.756839890000000281e-09 5.439579900000000327e-09 5.151518320000000386e-09 4.889248559999999630e-09 4.649833850000000255e-09 4.430736670000000204e-09 4.229754319999999597e-09 4.044967920000000187e-09 3.874703220000000147e-09 3.717492309999999900e-09 3.572044879999999821e-09 3.437224279999999882e-09 3.312025540000000178e-09 3.195558709999999915e-09 3.087032630000000176e-09 2.985742759999999960e-09 2.891060280000000154e-09 2.802422519999999983e-09 2.719324770000000026e-09 2.641313830000000158e-09 2.567981380000000003e-09 2.498958819999999936e-09 2.433912850000000003e-09 2.372542159999999860e-09 2.314572979999999834e-09 2.259756159999999914e-09 2.207865449999999943e-09 2.158693889999999873e-09 2.112053200000000153e-09 2.067770399999999905e-09 2.025687399999999855e-09 1.985659189999999852e-09 1.947552119999999891e-09 1.911243830000000010e-09 1.876620860000000190e-09 1.843579290000000101e-09 1.812022640000000091e-09 1.781861879999999986e-09 1.753014509999999957e-09 1.725404040000000065e-09 1.698959639999999941e-09 1.673615360000000068e-09 1.649309909999999976e-09 1.625986230000000046e-09
1.679746329999999912e-06 1.791880660000000093e-06 1.865345550000000015e-06 1.917151850000000078e-06 1.955627790000000185e-06 1.985322109999999811e-06 2.008927369999999913e-06 2.028137940000000099e-06 2.044071830000000139e-06 2.057488019999999947e-06 2.068874210000000048e-06 2.078401619999999818e-06 2.085672579999999844e-06 2.089171179999999899e-06 2.085386310000000076e-06 2.067773950000000081e-06 2.026156610000000123e-06 1.947762940000000043e-06 1.821292020000000100e-06 1.643721020000000051e-06 1.425754589999999993e-06 1.190108149999999967e-06 9.622838209999999489e-07 7.609624500000000524e-07 5.943953170000000346e-07 4.624796189999999905e-07 3.606797630000000115e-07 2.831214939999999767e-07 2.242569510000000019e-07 1.794871309999999965e-07 1.452401650000000118e-07 1.188337389999999968e-07 9.828610810000000049e-08 8.214209400000000542e-08 6.933312590000000161e-08 5.907156360000000101e-08 5.077331269999999952e-08 4.400201799999999834e-08 3.842905019999999900e-08 3.380478830000000096e-08 2.993801829999999737e-08 2.668101300000000000e-08 2.391869989999999927e-08 2.156071229999999958e-08 1.953553589999999966e-08 1.778615480000000095e-08 1.626678170000000090e-08 1.494039909999999994e-08 1.377688009999999971e-08 1.275155360000000061e-08 1.184409729999999963e-08 1.103767389999999959e-08 1.031825739999999948e-08 9.674105070000000376e-09 9.095335149999999845e-09 8.573594279999999589e-09 8.101788569999999626e-09 7.673866880000000672e-09 7.284646219999999773e-09 6.929672839999999951e-09 6.605100020000000369e-09 6.307598000000000204e-09 6.034270859999999786e-09 5.782593959999999840e-09 5.550358400000000163e-09 5.335625269999999929e-09 5.136689300000000161e-09 4.952043219999999655e-09 4.780355220000000030e-09 4.620441810000000226e-09 4.471250930000000050e-09 4.331844219999999985e-09 4.201382350000000152e-09 4.079114380000000062e-09 3.964364839999999793e-09 3.856527100000000026e-09 3.755053159999999781e-09 3.659448739999999984e-09 3.569266220000000140e-09 3.484099679999999809e-09 3.403580079999999888e-09 3.327372159999999963e-09 3.255170130000000000e-09 3.186694689999999886e-09 3.121690679999999929e-09 3.059923869999999989e-09 3.001180419999999980e-09 2.945263140000000155e-09 2.891990649999999854e-09 2.841196610000000068e-09 2.792726940000000154e-09 2.746439739999999958e-09 2.702203570000000016e-09 2.659896969999999827e-09 2.619407580000000133e-09 2.580630600000000202e-09 2.543469210000000106e-09 2.507833050000000159e-09 2.473638409999999897e-09 2.440806669999999819e-09
2.112792800000000054e-06 2.253987760000000003e-06 2.346471999999999970e-06 2.411681630000000202e-06 2.460107679999999867e-06 2.497478589999999856e-06 2.527184730000000008e-06 2.551359100000000121e-06 2.571410049999999885e-06 2.588293909999999994e-06 2.602635050000000166e-06 2.614692450000000069e-06 2.624106170000000146e-06 2.629345770000000190e-06 2.626831929999999984e-06 2.609896680000000018e-06 2.568109949999999910e-06 2.488005290000000069e-06 2.356478260000000136e-06 2.167024149999999898e-06 1.925965310000000014e-06 1.653408840000000008e-06 1.376501249999999953e-06 1.119374250000000009e-06 8.966803189999999988e-07 7.131361599999999855e-07 5.666569790000000196e-07 4.519189079999999955e-07 3.628291269999999835e-07 2.937887869999999796e-07 2.401480119999999781e-07 1.982446350000000121e-07 1.652749689999999960e-07 1.391228319999999939e-07 1.181999779999999992e-07 1.013147679999999965e-07 8.757051259999999728e-08 7.628901949999999372e-08 6.695415069999999860e-08 5.917028999999999958e-08 5.263197879999999761e-08 4.710156530000000256e-08 4.239276309999999678e-08 3.835845059999999981e-08 3.488160870000000027e-08 3.186849179999999916e-08 2.924349830000000089e-08 2.694525310000000035e-08 2.492362579999999855e-08 2.313741729999999967e-08 2.155257659999999854e-08 2.014080459999999875e-08 1.887846500000000135e-08 1.774570360000000037e-08 1.672577810000000075e-08 1.580449190000000007e-08 1.496976410000000029e-08 1.421126330000000022e-08 1.352012549999999994e-08 1.288871049999999917e-08 1.231041139999999950e-08 1.177949469999999966e-08 1.129096550000000057e-08 1.084046270000000005e-08 1.042416109999999964e-08 1.003869879999999970e-08 9.681113690000000804e-09 9.348783969999999333e-09 9.039388790000000759e-09 8.750861369999999395e-09 8.481364939999999840e-09 8.229255500000000814e-09 7.993062210000000646e-09 7.771467030000000052e-09 7.563283330000000115e-09 7.367443539999999998e-09 7.182981320000000033e-09 7.009025359999999741e-09 6.844784739999999623e-09 6.689540919999999591e-09 6.542642429999999928e-09 6.403493289999999747e-09 6.271551280000000242e-09 6.146320789999999930e-09 6.027347950000000045e-09 5.914215779999999682e-09 5.806543250000000301e-09 5.703978619999999626e-09 5.606198619999999991e-09 5.512905690000000178e-09 5.423824060000000293e-09 5.338699700000000090e-09 5.257297709999999965e-09 5.179400020000000215e-09 5.104804580000000127e-09 5.033323979999999682e-09 4.964783249999999684e-09 4.899020739999999889e-09 4.835885030000000335e-09 4.775235319999999980e-09
2.662646689999999888e-06 2.840662999999999792e-06 2.957255900000000161e-06 3.039459669999999895e-06 3.100503589999999897e-06 3.147610410000000011e-06 3.185054540000000060e-06 3.215525790000000129e-06 3.240799739999999860e-06 3.262091009999999862e-06 3.280229979999999860e-06 3.295712300000000206e-06 3.308597569999999835e-06 3.318228660000000044e-06 3.322750899999999954e-06 3.318487869999999908e-06 3.299350740000000157e-06 3.256627450000000132e-06 3.179678519999999821e-06 3.058045649999999987e-06 2.884971540000000006e-06 2.661191269999999917e-06 2.396826629999999901e-06 2.109636400000000000e-06 1.820119789999999948e-06 1.546126900000000072e-06 1.299574589999999957e-06 1.085972599999999984e-06 9.058168759999999910e-07 7.565299139999999647e-07 6.341136330000000017e-07 5.342445210000000397e-07 4.528708360000000197e-07 3.864687980000000262e-07 3.321023879999999961e-07 2.873863709999999991e-07 2.504112620000000022e-07 2.196600519999999996e-07 1.939317120000000065e-07 1.722755340000000039e-07 1.539376630000000068e-07 1.383184979999999882e-07 1.249391910000000092e-07 1.134155880000000023e-07 1.034379549999999984e-07 9.475528629999999411e-08 8.716310869999999763e-08 8.049394750000000081e-08 7.460996439999999963e-08 6.939708900000000121e-08 6.476049209999999858e-08 6.062092690000000218e-08 5.691185829999999984e-08 5.357718540000000013e-08 5.056939050000000145e-08 4.784805439999999687e-08 4.537864839999999933e-08 4.313156770000000152e-08 4.108133569999999855e-08 3.920594339999999898e-08 3.748630920000000158e-08 3.590583120000000315e-08 3.445003220000000111e-08 3.310623240000000008e-08 3.186329779999999782e-08 3.071142979999999756e-08 2.964197070000000059e-08 2.864725700000000089e-08 2.772048719999999920e-08 2.685560570000000077e-08 2.604721059999999921e-08 2.529047370000000060e-08 2.458106779999999866e-08 2.391510459999999967e-08 2.328908619999999865e-08 2.269985799999999918e-08 2.214457059999999954e-08 2.162063950000000140e-08 2.112572870000000124e-08 2.065770669999999957e-08 2.021464240000000118e-08 1.979476669999999965e-08 1.939647199999999870e-08 1.901828210000000088e-08 1.865884870000000159e-08 1.831693199999999934e-08 1.799139499999999896e-08 1.768119340000000008e-08 1.738536070000000066e-08 1.710300699999999994e-08 1.683331520000000047e-08 1.657552499999999979e-08 1.632893109999999971e-08 1.609288520000000037e-08 1.586678170000000063e-08 1.565005900000000013e-08 1.544219689999999848e-08 1.524270670000000038e-08 1.505113900000000154e-08 1.486706760000000009e-08
3.358193230000000100e-06 3.582749060000000108e-06 3.729817759999999898e-06 3.833506070000000012e-06 3.910502980000000305e-06 3.969919359999999811e-06 4.017147599999999919e-06 4.055580580000000042e-06 4.087458820000000373e-06 4.114319839999999696e-06 4.137245919999999671e-06 4.156988779999999713e-06 4.174009969999999718e-06 4.188431830000000052e-06 4.199907830000000042e-06 4.207429810000000081e-06 4.209096009999999784e-06 4.201916910000000095e-06 4.181726129999999836e-06 4.143311800000000238e-06 4.080855890000000048e-06 3.988740449999999589e-06 3.862649919999999904e-06 3.700751679999999842e-06 3.504580950000000011e-06 3.279268639999999840e-06 3.032928820000000154e-06 2.775361050000000095e-06 2.516487710000000061e-06 2.265004919999999973e-06 2.027551770000000036e-06 1.808460410000000093e-06 1.609946930000000021e-06 1.432545559999999934e-06 1.275606110000000049e-06 1.137742859999999968e-06 1.017187859999999984e-06 9.120403209999999530e-07 8.204262370000000033e-07 7.405919859999999941e-07 6.709499299999999671e-07 6.100943889999999654e-07 5.567993070000000368e-07 5.100060319999999516e-07 4.688066609999999850e-07 4.324255660000000242e-07 4.002017990000000112e-07 3.715726960000000236e-07 3.460591530000000144e-07 3.232529759999999819e-07 3.028058870000000054e-07 2.844201670000000252e-07 2.678407900000000019e-07 2.528488489999999980e-07 2.392559109999999767e-07 2.268993880000000036e-07 2.156386219999999948e-07 2.053516109999999899e-07 1.959322299999999977e-07 1.872878949999999923e-07 1.793377039999999992e-07 1.720106869999999937e-07 1.652444579999999877e-07 1.589840930000000092e-07 1.531810199999999935e-07 1.477922500000000110e-07 1.427796120000000074e-07 1.381091719999999980e-07 1.337506460000000040e-07 1.296769909999999976e-07 1.258639629999999928e-07 1.222898329999999949e-07 1.189350630000000028e-07 1.157820289999999967e-07 1.128148380000000027e-07 1.100191159999999980e-07 1.073818370000000059e-07 1.048911780000000065e-07 1.025364039999999956e-07 1.003077300000000006e-07 9.819623160000000233e-08 9.619375869999999518e-08 9.429285799999999711e-08 9.248669390000000625e-08 9.076900649999999417e-08 8.913404060000000561e-08 8.757649540000000522e-08 8.609148950000000195e-08 8.467453230000000363e-08 8.332145999999999653e-08 8.202842850000000429e-08 8.079188519999999626e-08 7.960854019999999738e-08 7.847532400000000362e-08 7.738939439999999900e-08 7.634812249999999750e-08 7.534904259999999895e-08 7.438986670000000192e-08 7.346844910000000237e-08 7.258280729999999533e-08
4.236729640000000395e-06 4.520049969999999712e-06 4.705602349999999733e-06 4.836420890000000157e-06 4.933563100000000056e-06 5.008524570000000390e-06 5.068107840000000295e-06 5.116594369999999969e-06 5.156811769999999616e-06 5.190701809999999703e-06 5.219640570000000386e-06 5.244619839999999699e-06 5.266351309999999867e-06 5.285310639999999665e-06 5.301736560000000054e-06 5.315600450000000129e-06 5.326554399999999716e-06 5.333872650000000398e-06 5.336407870000000232e-06 5.332573890000000351e-06 5.320375289999999855e-06 5.297488770000000234e-06 5.261408210000000066e-06 5.209646589999999873e-06 5.139980200000000089e-06 5.050708750000000383e-06 4.940894539999999668e-06 4.810539850000000285e-06 4.660667399999999598e-06 4.493281269999999854e-06 4.311218160000000136e-06 4.117907339999999939e-06 3.917084089999999828e-06 3.712503029999999799e-06 3.507690050000000008e-06 3.305756989999999804e-06 3.109289760000000153e-06 2.920305410000000160e-06 2.740265020000000000e-06 2.570123120000000188e-06 2.410401290000000058e-06 2.261268259999999907e-06 2.122618980000000043e-06 1.994147849999999824e-06 1.875408319999999977e-06 1.765864910000000087e-06 1.664931920000000103e-06 1.572002699999999995e-06 1.486472339999999908e-06 1.407752170000000026e-06 1.335279989999999993e-06 1.268526259999999977e-06 1.206997349999999964e-06 1.150236699999999949e-06 1.097824680000000055e-06 1.049377369999999926e-06 1.004544739999999957e-06 9.630084610000000210e-07 9.244796499999999782e-07 8.886964910000000398e-07 8.554218309999999909e-07 8.244410309999999707e-07 7.955598560000000184e-07 7.686024899999999668e-07 7.434097140000000323e-07 7.198373170000000272e-07 6.977545580000000280e-07 6.770429759999999755e-07 6.575947960000000341e-07 6.393123040000000184e-07 6.221064839999999546e-07 6.058963890000000227e-07 5.906081810000000382e-07 5.761745000000000220e-07 5.625337849999999611e-07 5.496298740000000514e-07 5.374112110000000446e-07 5.258305580000000034e-07 5.148446580000000321e-07 5.044137769999999913e-07 4.945012509999999729e-07 4.850734849999999779e-07 4.760993869999999815e-07 4.675503930000000238e-07 4.594000419999999912e-07 4.516238899999999927e-07 4.441993159999999744e-07 4.371053710000000178e-07 4.303226430000000100e-07 4.238330859999999753e-07 4.176199010000000148e-07 4.116675710000000096e-07 4.059615150000000067e-07 4.004882899999999990e-07 3.952352190000000054e-07 3.901905640000000097e-07 3.853433269999999801e-07 3.806832470000000174e-07 3.762006600000000056e-07 3.718866139999999763e-07
5.345749290000000198e-06 5.703241189999999580e-06 5.937367399999999589e-06 6.102430690000000377e-06 6.225000110000000303e-06 6.319582100000000312e-06 6.394760020000000406e-06 6.455936269999999954e-06 6.506678350000000342e-06 6.549437330000000024e-06 6.585952629999999610e-06 6.617488000000000261e-06 6.644979750000000353e-06 6.669118649999999912e-06 6.690401279999999913e-06 6.709152329999999731e-06 6.725530059999999588e-06 6.739524910000000381e-06 6.750955440000000388e-06 6.759465580000000328e-06 6.764533740000000197e-06 6.765485519999999843e-06 6.761521039999999642e-06 6.751752610000000135e-06 6.735247099999999660e-06 6.711078639999999598e-06 6.678380940000000191e-06 6.636400490000000402e-06 6.584545190000000045e-06 6.522422149999999681e-06 6.449868579999999810e-06 6.366962680000000343e-06 6.274027779999999960e-06 6.171617309999999815e-06 6.060489800000000096e-06 5.941572910000000198e-06 5.815922579999999832e-06 5.684680219999999791e-06 5.549026810000000206e-06 5.410142879999999784e-06 5.269173930000000392e-06 5.127202259999999952e-06 4.985221950000000358e-06 4.844127940000000051e-06 4.704705590000000195e-06 4.567627909999999922e-06 4.433456980000000211e-06 4.302650269999999713e-06 4.175567030000000351e-06 4.052476919999999874e-06 3.933571859999999902e-06 3.818973709999999909e-06 3.708745230000000127e-06 3.602899820000000037e-06 3.501409079999999956e-06 3.404211380000000150e-06 3.311218050000000206e-06 3.222319720000000008e-06 3.137392009999999838e-06 3.056298279999999972e-06 2.978895050000000016e-06 2.905034309999999872e-06 2.834565290000000018e-06 2.767337490000000004e-06 2.703202429999999933e-06 2.642013439999999911e-06 2.583627970000000161e-06 2.527907779999999818e-06 2.474719619999999807e-06 2.423935260000000208e-06 2.375431899999999834e-06 2.329092240000000085e-06 2.284804619999999949e-06 2.242462869999999906e-06 2.201965799999999869e-06 2.163218140000000046e-06 2.126128950000000050e-06 2.090612719999999918e-06 2.056588299999999837e-06 2.023979050000000044e-06 1.992712900000000204e-06 1.962720940000000010e-06 1.933939300000000073e-06 1.906306809999999997e-06 1.879766270000000026e-06 1.854263360000000047e-06 1.829746909999999944e-06 1.806168939999999946e-06 1.783483639999999896e-06 1.761648149999999961e-06 1.740621880000000075e-06 1.720366530000000005e-06 1.700845810000000034e-06 1.682025530000000019e-06 1.663873490000000043e-06 1.646359009999999989e-06 1.629453099999999939e-06 1.613128569999999941e-06 1.597359299999999901e-06 1.582121060000000015e-06
6.745398879999999998e-06 7.196493700000000063e-06 7.491919859999999837e-06 7.700198690000000526e-06 7.854856450000000166e-06 7.974198519999999531e-06 8.069056090000000130e-06 8.146244000000000401e-06 8.210266970000000230e-06 8.264216380000000131e-06 8.310287740000000712e-06 8.350080860000000344e-06 8.384787179999999407e-06 8.415306180000000529e-06 8.442321810000000598e-06 8.466352479999999519e-06 8.487776540000000313e-06 8.506854100000000603e-06 8.523739779999999267e-06 8.538492689999999178e-06 8.551084650000000183e-06 8.561411049999999949e-06 8.569300920000000218e-06 8.574531419999999863e-06 8.576840630000000834e-06 8.575943869999999602e-06 8.571545549999999436e-06 8.563360100000000567e-06 8.551116480000000661e-06 8.534578230000000430e-06 8.513547980000000717e-06 8.487879309999999357e-06 8.457477629999999449e-06 8.422308379999999295e-06 8.382394299999999644e-06 8.337812689999999263e-06 8.288699060000000342e-06 8.235235330000000413e-06 8.177646119999999863e-06 8.116197020000000099e-06 8.051180880000000195e-06 7.982914210000000772e-06 7.911729879999999961e-06 7.837969860000000531e-06 7.761979760000000663e-06 7.684104279999999265e-06 7.604678560000000375e-06 7.524029120000000053e-06 7.442466990000000217e-06 7.360285960000000386e-06 7.277762960000000329e-06 7.195152189999999737e-06 7.112689219999999963e-06 7.030587309999999995e-06 6.949039739999999613e-06 6.868217949999999838e-06 6.788275189999999871e-06 6.709344230000000009e-06 6.631541509999999967e-06 6.554965240000000037e-06 6.479699550000000254e-06 6.405813559999999784e-06 6.333362759999999803e-06 6.262392159999999897e-06 6.192934960000000219e-06 6.125015259999999677e-06 6.058648069999999992e-06 5.993841110000000370e-06 5.930595309999999736e-06 5.868906559999999911e-06 5.808763489999999673e-06 5.750152919999999914e-06 5.693056209999999936e-06 5.637451979999999684e-06 5.583316579999999979e-06 5.530623179999999844e-06 5.479344049999999698e-06 5.429449170000000334e-06 5.380908990000000227e-06 5.333690749999999972e-06 5.287763090000000160e-06 5.243093260000000365e-06 5.199648969999999708e-06 5.157397030000000402e-06 5.116305149999999876e-06 5.076341039999999795e-06 5.037472869999999680e-06 4.999668819999999725e-06 4.962897949999999926e-06 4.927129789999999657e-06 4.892334350000000031e-06 4.858482499999999777e-06 4.825545600000000035e-06 4.793495920000000376e-06 4.762305709999999876e-06 4.731949499999999950e-06 4.702400470000000296e-06 4.673634520000000311e-06 4.645627089999999843e-06 4.618354070000000158e-06
8.511682610000000410e-06 9.080898050000000079e-06 9.453678100000000400e-06 9.716489330000000106e-06 9.911638700000000306e-06 1.006222279999999968e-05 1.018191050000000027e-05 1.027930379999999938e-05 1.036008140000000042e-05 1.042814979999999954e-05 1.048627660000000054e-05 1.053648250000000030e-05 1.058027370000000005e-05 1.061879540000000013e-05 1.065292959999999991e-05 1.068336310000000047e-05 1.071063159999999985e-05 1.073515069999999961e-05 1.075723960000000061e-05 1.077713660000000033e-05 1.079501180000000044e-05 1.081097710000000070e-05 1.082509969999999925e-05 1.083740429999999971e-05 1.084788889999999990e-05 1.085652369999999931e-05 1.086326759999999918e-05 1.086806699999999990e-05 1.087086460000000073e-05 1.087160579999999925e-05 1.087023969999999930e-05 1.086672550000000025e-05 1.086103200000000074e-05 1.085314219999999924e-05 1.084305309999999927e-05 1.083077680000000025e-05 1.081633850000000042e-05 1.079978029999999961e-05 1.078115469999999979e-05 1.076052829999999946e-05 1.073797920000000029e-05 1.071359289999999945e-05 1.068746410000000038e-05 1.065969540000000002e-05 1.063039139999999920e-05 1.059966329999999978e-05 1.056762359999999947e-05 1.053438340000000023e-05 1.050005630000000078e-05 1.046475520000000028e-05 1.042858910000000025e-05 1.039166450000000036e-05 1.035408599999999972e-05 1.031595179999999964e-05 1.027735830000000084e-05 1.023839559999999938e-05 1.019914909999999928e-05 1.015970069999999990e-05 1.012012579999999946e-05 1.008049550000000049e-05 1.004087429999999939e-05 1.000132399999999925e-05 9.961901009999999502e-06 9.922655410000000550e-06 9.883635359999999215e-06 9.844883609999999168e-06 9.806437449999999938e-06 9.768332350000000810e-06 9.730599229999999596e-06 9.693266289999999489e-06 9.656356269999999544e-06 9.619892809999999966e-06 9.583893190000000758e-06 9.548373779999999255e-06 9.513348229999999870e-06 9.478827449999999190e-06 9.444820530000000333e-06 9.411335670000000008e-06 9.378378309999999316e-06 9.345952090000000448e-06 9.314060660000000340e-06 9.282704920000000139e-06 9.251884879999999669e-06 9.221599610000000004e-06 9.191847310000000542e-06 9.162626159999999343e-06 9.133930689999999219e-06 9.105759089999999748e-06 9.078104989999999209e-06 9.050963849999999345e-06 9.024330209999999408e-06 8.998196790000000095e-06 8.972558130000000658e-06 8.947406060000000471e-06 8.922735110000000656e-06 8.898537089999999244e-06 8.874803830000000692e-06 8.851529859999999344e-06 8.828705179999999584e-06 8.806322510000000415e-06
1.074056759999999949e-05 1.145883649999999930e-05 1.192922719999999963e-05 1.226084989999999974e-05 1.250709099999999961e-05 1.269709629999999966e-05 1.284811330000000025e-05 1.297099610000000066e-05 1.307291399999999977e-05 1.315879219999999978e-05 1.323212559999999960e-05 1.329546469999999944e-05 1.335071099999999917e-05 1.339931170000000028e-05 1.344238719999999956e-05 1.348081610000000013e-05 1.351529319999999991e-05 1.354637420000000002e-05 1.357450490000000063e-05 1.360004170000000030e-05 1.362327109999999943e-05 1.364442229999999933e-05 1.366367540000000070e-05 1.368117319999999975e-05 1.369702749999999970e-05 1.371132289999999997e-05 1.372412769999999971e-05 1.373549180000000078e-05 1.374545719999999969e-05 1.375405459999999980e-05 1.376131240000000079e-05 1.376725410000000025e-05 1.377190350000000064e-05 1.377528500000000071e-05 1.377742229999999958e-05 1.377834360000000047e-05 1.377807709999999979e-05 1.377665559999999962e-05 1.377411440000000054e-05 1.377049100000000009e-05 1.376582529999999943e-05 1.376016100000000081e-05 1.375354169999999976e-05 1.374601380000000027e-05 1.373762460000000070e-05 1.372842230000000056e-05 1.371845610000000045e-05 1.370777499999999938e-05 1.369642720000000026e-05 1.368446100000000084e-05 1.367192359999999955e-05 1.365886329999999922e-05 1.364532449999999997e-05 1.363135110000000054e-05 1.361698649999999997e-05 1.360227180000000039e-05 1.358724689999999957e-05 1.357194830000000075e-05 1.355641329999999989e-05 1.354067540000000035e-05 1.352476740000000084e-05 1.350871930000000007e-05 1.349256040000000056e-05 1.347631769999999945e-05 1.346001679999999983e-05 1.344368049999999970e-05 1.342733230000000003e-05 1.341099049999999985e-05 1.339467689999999948e-05 1.337840600000000027e-05 1.336219700000000071e-05 1.334606259999999986e-05 1.333001730000000077e-05 1.331407289999999967e-05 1.329824139999999941e-05 1.328253350000000028e-05 1.326695750000000062e-05 1.325152150000000058e-05 1.323623380000000022e-05 1.322110170000000017e-05 1.320612959999999945e-05 1.319132299999999981e-05 1.317668739999999959e-05 1.316222550000000055e-05 1.314794189999999988e-05 1.313383839999999989e-05 1.311991760000000069e-05 1.310618149999999936e-05 1.309263100000000045e-05 1.307926779999999953e-05 1.306609189999999998e-05 1.305310429999999952e-05 1.304030499999999982e-05 1.302769399999999921e-05 1.301526940000000052e-05 1.300303209999999982e-05 1.299098039999999985e-05 1.297911420000000065e-05 1.296743080000000048e-05 1.295592939999999983e-05
1.355318360000000075e-05 1.445953879999999951e-05 1.505309960000000017e-05 1.547154899999999989e-05 1.578225599999999928e-05 1.602199880000000081e-05 1.621254339999999840e-05 1.636758319999999899e-05 1.649616929999999973e-05 1.660451379999999840e-05 1.669702759999999972e-05 1.677693040000000042e-05 1.684661949999999894e-05 1.690792490000000132e-05 1.696226169999999977e-05 1.701074320000000046e-05 1.705425349999999980e-05 1.709350729999999885e-05 1.712907940000000070e-05 1.716144109999999845e-05 1.719098509999999913e-05 1.721802800000000008e-05 1.724283720000000143e-05 1.726563100000000098e-05 1.728659660000000017e-05 1.730588879999999980e-05 1.732363489999999873e-05 1.733994940000000025e-05 1.735492329999999988e-05 1.736864029999999926e-05 1.738117130000000105e-05 1.739257999999999874e-05 1.740292099999999980e-05 1.741224700000000100e-05 1.742060699999999968e-05 1.742804119999999851e-05 1.743459509999999865e-05 1.744030849999999962e-05 1.744521799999999951e-05 1.744936340000000124e-05 1.745277950000000060e-05 1.745550430000000162e-05 1.745756890000000063e-05 1.745900949999999935e-05 1.745986079999999873e-05 1.746015369999999862e-05 1.745992090000000118e-05 1.745919329999999947e-05 1.745800180000000015e-05 1.745637380000000010e-05 1.745434019999999919e-05 1.745192639999999893e-05 1.744915970000000135e-05 1.744606739999999835e-05 1.744267139999999862e-05 1.743899880000000097e-05 1.743506800000000097e-05 1.743090249999999959e-05 1.742652239999999987e-05 1.742194760000000158e-05 1.741719639999999867e-05 1.741228700000000041e-05 1.740723560000000036e-05 1.740205699999999967e-05 1.739676550000000151e-05 1.739137590000000029e-05 1.738590070000000027e-05 1.738035460000000098e-05 1.737474489999999967e-05 1.736908419999999887e-05 1.736338340000000041e-05 1.735765180000000034e-05 1.735189649999999942e-05 1.734612489999999994e-05 1.734034779999999872e-05 1.733456880000000034e-05 1.732879539999999856e-05 1.732303459999999930e-05 1.731729029999999847e-05 1.731156769999999971e-05 1.730587250000000123e-05 1.730020810000000098e-05 1.729457650000000113e-05 1.728898499999999893e-05 1.728343340000000128e-05 1.727792730000000140e-05 1.727246669999999928e-05 1.726705519999999951e-05 1.726169469999999924e-05 1.725638689999999914e-05 1.725113360000000149e-05 1.724593490000000116e-05 1.724079629999999988e-05 1.723571399999999996e-05 1.723069000000000019e-05 1.722572600000000123e-05 1.722082379999999860e-05 1.721598160000000017e-05 1.721120129999999970e-05 1.720648290000000057e-05
1.710240390000000011e-05 1.824610080000000088e-05 1.899508240000000100e-05 1.952308959999999902e-05 1.991513449999999949e-05 2.021763070000000102e-05 2.045804099999999843e-05 2.065364970000000021e-05 2.081587079999999915e-05 2.095255150000000061e-05 2.106925600000000135e-05 2.117004260000000012e-05 2.125794339999999925e-05 2.133526499999999977e-05 2.140379369999999870e-05 2.146493350000000007e-05 2.151980880000000163e-05 2.156931990000000008e-05 2.161420339999999845e-05 2.165506159999999833e-05 2.169239809999999865e-05 2.172662790000000132e-05 2.175810190000000149e-05 2.178711469999999970e-05 2.181391570000000026e-05 2.183872130000000041e-05 2.186171330000000150e-05 2.188305009999999873e-05 2.190286980000000138e-05 2.192129070000000023e-05 2.193841830000000062e-05 2.195434540000000038e-05 2.196915739999999844e-05 2.198292710000000137e-05 2.199572009999999981e-05 2.200759990000000091e-05 2.201862299999999913e-05 2.202883839999999859e-05 2.203829540000000150e-05 2.204703739999999844e-05 2.205510649999999941e-05 2.206254070000000163e-05 2.206937819999999883e-05 2.207565380000000037e-05 2.208139629999999890e-05 2.208664229999999929e-05 2.209141529999999911e-05 2.209574629999999987e-05 2.209966080000000130e-05 2.210318420000000154e-05 2.210634189999999868e-05 2.210915229999999850e-05 2.211164059999999923e-05 2.211382530000000150e-05 2.211572790000000070e-05 2.211736320000000139e-05 2.211875109999999995e-05 2.211990799999999997e-05 2.212084840000000112e-05 2.212158690000000128e-05 2.212213990000000066e-05 2.212251640000000057e-05 2.212273280000000121e-05 2.212279830000000037e-05 2.212272559999999881e-05 2.212252370000000122e-05 2.212220349999999928e-05 2.212177239999999867e-05 2.212124130000000122e-05 2.212061739999999919e-05 2.211990799999999997e-05 2.211912029999999922e-05 2.211826180000000082e-05 2.211733950000000054e-05 2.211635730000000109e-05 2.211532050000000093e-05 2.211423629999999908e-05 2.211310860000000164e-05 2.211194079999999977e-05 2.211073839999999860e-05 2.210950519999999920e-05 2.210824639999999842e-05 2.210696219999999952e-05 2.210565620000000032e-05 2.210433380000000091e-05 2.210299680000000022e-05 2.210164709999999877e-05 2.210028830000000116e-05 2.209892049999999885e-05 2.209754709999999994e-05 2.209616830000000093e-05 2.209478949999999853e-05 2.209340890000000061e-05 2.209203010000000160e-05 2.209065310000000150e-05 2.208927980000000084e-05 2.208791010000000138e-05 2.208654769999999918e-05 2.208519070000000047e-05 2.208384289999999956e-05
2.158115969999999838e-05 2.302435499999999955e-05 2.396944910000000024e-05 2.463569399999999886e-05 2.513036269999999978e-05 2.551202850000000032e-05 2.581534499999999974e-05 2.606212369999999989e-05 2.626677089999999971e-05 2.643918560000000118e-05 2.658639099999999880e-05 2.671351100000000106e-05 2.682436569999999902e-05 2.692187080000000134e-05 2.700827830000000158e-05 2.708536339999999842e-05 2.715454319999999980e-05 2.721695819999999877e-05 2.727353790000000138e-05 2.732504800000000144e-05 2.737212710000000052e-05 2.741530260000000002e-05 2.745502390000000129e-05 2.749167109999999865e-05 2.752556790000000039e-05 2.755698920000000039e-05 2.758617479999999863e-05 2.761333420000000163e-05 2.763864539999999947e-05 2.766226859999999985e-05 2.768434209999999835e-05 2.770498939999999953e-05 2.772432159999999856e-05 2.774243690000000016e-05 2.775942080000000148e-05 2.777535700000000079e-05 2.779031459999999846e-05 2.780436259999999999e-05 2.781755760000000148e-05 2.782995760000000156e-05 2.784161189999999908e-05 2.785256769999999924e-05 2.786287040000000155e-05 2.787255649999999908e-05 2.788166780000000031e-05 2.789023709999999886e-05 2.789829699999999863e-05 2.790587859999999937e-05 2.791301090000000040e-05 2.791971929999999982e-05 2.792603120000000132e-05 2.793196839999999843e-05 2.793755450000000052e-05 2.794280769999999992e-05 2.794774989999999857e-05 2.795239929999999897e-05 2.795677390000000034e-05 2.796088850000000045e-05 2.796475929999999964e-05 2.796839910000000029e-05 2.797182420000000097e-05 2.797504570000000000e-05 2.797807790000000056e-05 2.798092829999999979e-05 2.798360950000000020e-05 2.798613240000000023e-05 2.798850620000000109e-05 2.799073809999999839e-05 2.799283900000000075e-05 2.799481439999999976e-05 2.799667349999999998e-05 2.799842150000000164e-05 2.800006770000000079e-05 2.800161560000000038e-05 2.800307270000000094e-05 2.800444240000000040e-05 2.800573199999999941e-05 2.800694529999999904e-05 2.800808760000000116e-05 2.800916259999999843e-05 2.801017579999999938e-05 2.801112709999999898e-05 2.801202389999999951e-05 2.801286970000000054e-05 2.801366460000000031e-05 2.801441220000000002e-05 2.801511800000000142e-05 2.801578380000000002e-05 2.801640950000000097e-05 2.801699880000000032e-05 2.801755549999999914e-05 2.801807929999999933e-05 2.801857410000000020e-05 2.801903969999999848e-05 2.801947989999999865e-05 2.801989470000000070e-05 2.802028760000000081e-05 2.802065859999999898e-05 2.802100789999999847e-05 2.802133890000000062e-05
2.723293799999999869e-05 2.905406109999999844e-05 3.024661779999999873e-05 3.108728200000000042e-05 3.171142820000000251e-05 3.219296560000000219e-05 3.257563369999999845e-05 3.288695010000000022e-05 3.314510099999999821e-05 3.336257209999999972e-05 3.354822910000000274e-05 3.370853659999999900e-05 3.384831509999999843e-05 3.397124599999999672e-05 3.408017440000000141e-05 3.417733750000000149e-05 3.426452170000000239e-05 3.434316750000000122e-05 3.441445369999999993e-05 3.447934799999999831e-05 3.453865069999999965e-05 3.459303479999999815e-05 3.464307159999999733e-05 3.468924109999999689e-05 3.473195470000000094e-05 3.477156859999999970e-05 3.480838129999999983e-05 3.484266200000000037e-05 3.487463979999999933e-05 3.490452220000000104e-05 3.493248729999999725e-05 3.495869169999999782e-05 3.498327349999999844e-05 3.500636740000000028e-05 3.502807890000000191e-05 3.504851700000000147e-05 3.506776559999999710e-05 3.508591540000000313e-05 3.510303580000000113e-05 3.511920289999999735e-05 3.513447879999999980e-05 3.514892159999999859e-05 3.516258579999999957e-05 3.517551890000000266e-05 3.518776790000000302e-05 3.519937309999999819e-05 3.521037799999999731e-05 3.522081899999999859e-05 3.523072879999999740e-05 3.524014029999999917e-05 3.524908239999999818e-05 3.525758069999999922e-05 3.526566429999999984e-05 3.527335499999999696e-05 3.528067829999999712e-05 3.528765230000000116e-05 3.529429889999999748e-05 3.530063620000000048e-05 3.530667890000000294e-05 3.531244869999999674e-05 3.531795659999999892e-05 3.532321719999999721e-05 3.532824850000000101e-05 3.533305790000000244e-05 3.533765989999999776e-05 3.534206549999999723e-05 3.534628559999999930e-05 3.535032739999999961e-05 3.535420549999999945e-05 3.535792349999999662e-05 3.536149230000000315e-05 3.536491929999999759e-05 3.536821170000000266e-05 3.537137670000000046e-05 3.537441809999999882e-05 3.537735030000000255e-05 3.538016970000000029e-05 3.538288369999999770e-05 3.538550299999999676e-05 3.538802780000000072e-05 3.539046520000000020e-05 3.539281530000000021e-05 3.539508540000000140e-05 3.539727910000000158e-05 3.539940009999999681e-05 3.540145190000000021e-05 3.540343820000000106e-05 3.540535909999999761e-05 3.540722170000000079e-05 3.540902620000000031e-05 3.541077970000000032e-05 3.541247499999999844e-05 3.541412299999999988e-05 3.541572369999999788e-05 3.541728069999999703e-05 3.541879049999999775e-05 3.542026019999999743e-05 3.542169359999999714e-05 3.542308329999999800e-05 3.542444029999999671e-05
3.436503179999999809e-05 3.666305930000000071e-05 3.816786559999999813e-05 3.922859830000000183e-05 4.001608980000000073e-05 4.062361400000000011e-05 4.110636289999999713e-05 4.149906819999999948e-05 4.182467459999999803e-05 4.209894180000000279e-05 4.233305659999999889e-05 4.253517909999999976e-05 4.271139189999999887e-05 4.286634069999999716e-05 4.300361620000000309e-05 4.312604139999999867e-05 4.323587559999999842e-05 4.333493779999999813e-05 4.342470860000000271e-05 4.350642120000000141e-05 4.358108340000000182e-05 4.364955020000000279e-05 4.371254179999999696e-05 4.377066580000000135e-05 4.382444970000000205e-05 4.387433729999999703e-05 4.392071789999999875e-05 4.396393339999999766e-05 4.400427129999999693e-05 4.404200080000000237e-05 4.407734009999999999e-05 4.411049670000000090e-05 4.414164869999999684e-05 4.417095990000000007e-05 4.419857210000000235e-05 4.422461280000000245e-05 4.424919829999999913e-05 4.427243770000000234e-05 4.429442559999999864e-05 4.431524939999999929e-05 4.433498540000000029e-05 4.435371010000000087e-05 4.437148889999999857e-05 4.438838730000000272e-05 4.440445629999999926e-05 4.441974669999999799e-05 4.443431320000000123e-05 4.444819569999999999e-05 4.446143430000000209e-05 4.447407260000000136e-05 4.448613980000000039e-05 4.449767219999999914e-05 4.450870259999999801e-05 4.451926000000000310e-05 4.452936259999999995e-05 4.453904689999999857e-05 4.454832740000000201e-05 4.455723320000000106e-05 4.456577879999999877e-05 4.457398609999999706e-05 4.458186959999999900e-05 4.458945110000000150e-05 4.459674529999999731e-05 4.460376659999999802e-05 4.461052590000000209e-05 4.461703790000000227e-05 4.462332069999999944e-05 4.462937800000000318e-05 4.463522050000000193e-05 4.464086670000000308e-05 4.464632000000000117e-05 4.465158780000000186e-05 4.465668460000000144e-05 4.466161770000000054e-05 4.466638709999999916e-05 4.467101100000000320e-05 4.467548930000000084e-05 4.467982939999999776e-05 4.468403860000000138e-05 4.468812039999999771e-05 4.469208219999999920e-05 4.469593110000000323e-05 4.469967100000000234e-05 4.470330529999999786e-05 4.470683779999999765e-05 4.471027200000000126e-05 4.471361899999999688e-05 4.471687130000000091e-05 4.472004369999999759e-05 4.472313230000000115e-05 4.472614089999999912e-05 4.472907310000000285e-05 4.473193619999999945e-05 4.473473020000000246e-05 4.473745500000000008e-05 4.474011440000000018e-05 4.474271550000000013e-05 4.474525489999999861e-05 4.474773599999999694e-05 4.475016610000000255e-05
4.336528580000000152e-05 4.626511870000000245e-05 4.816391810000000232e-05 4.950230139999999782e-05 5.049585890000000174e-05 5.126229010000000309e-05 5.187125130000000000e-05 5.236657309999999876e-05 5.277720629999999800e-05 5.312304350000000180e-05 5.341820360000000079e-05 5.367298219999999990e-05 5.389506259999999737e-05 5.409029840000000044e-05 5.426322969999999971e-05 5.441741809999999928e-05 5.455571229999999774e-05 5.468041490000000193e-05 5.479339960000000320e-05 5.489621250000000223e-05 5.499013419999999674e-05 5.507624879999999709e-05 5.515545850000000053e-05 5.522854550000000270e-05 5.529616100000000090e-05 5.535888340000000280e-05 5.541719660000000064e-05 5.547153709999999853e-05 5.552227230000000022e-05 5.556973699999999877e-05 5.561421490000000305e-05 5.565596800000000293e-05 5.569522179999999859e-05 5.573218000000000009e-05 5.576702459999999847e-05 5.579991920000000274e-05 5.583100939999999896e-05 5.586043330000000316e-05 5.588830750000000209e-05 5.591474469999999672e-05 5.593984319999999676e-05 5.596369009999999843e-05 5.598637650000000225e-05 5.600797519999999789e-05 5.602855160000000319e-05 5.604817850000000102e-05 5.606691050000000225e-05 5.608480569999999698e-05 5.610191150000000046e-05 5.611827509999999756e-05 5.613394020000000067e-05 5.614895050000000189e-05 5.616334239999999943e-05 5.617714849999999718e-05 5.619040170000000057e-05 5.620313100000000215e-05 5.621536909999999727e-05 5.622714159999999751e-05 5.623847029999999976e-05 5.624938059999999877e-05 5.625989429999999822e-05 5.627002970000000224e-05 5.627980500000000317e-05 5.628924189999999966e-05 5.629835499999999980e-05 5.630715900000000311e-05 5.631567180000000042e-05 5.632390459999999846e-05 5.633187169999999703e-05 5.633958430000000287e-05 5.634705670000000221e-05 5.635429989999999852e-05 5.636132119999999923e-05 5.636813150000000280e-05 5.637473810000000310e-05 5.638115539999999815e-05 5.638739089999999864e-05 5.639344449999999956e-05 5.639933440000000000e-05 5.640506059999999996e-05 5.641063040000000010e-05 5.641605089999999779e-05 5.642133329999999978e-05 5.642647369999999996e-05 5.643148690000000290e-05 5.643637269999999856e-05 5.644113480000000332e-05 5.644578049999999749e-05 5.645031710000000206e-05 5.645474449999999844e-05 5.645907000000000085e-05 5.646329010000000293e-05 5.646741920000000270e-05 5.647145370000000237e-05 5.647540090000000257e-05 5.647925719999999871e-05 5.648303339999999779e-05 5.648672959999999804e-05 5.649034939999999729e-05 5.649389280000000231e-05
5.472323030000000171e-05 5.838247670000000110e-05 6.077841679999999728e-05 6.246709380000000408e-05 6.372057400000000335e-05 6.468741779999999939e-05 6.545551150000000523e-05 6.608017430000000172e-05 6.659794600000000064e-05 6.703393590000000226e-05 6.740594839999999551e-05 6.772699269999999652e-05 6.800676779999999667e-05 6.825265879999999584e-05 6.847038460000000012e-05 6.866446349999999639e-05 6.883848980000000450e-05 6.899535219999999869e-05 6.913743710000000604e-05 6.926668719999999971e-05 6.938472510000000672e-05 6.949291859999999889e-05 6.959240999999999528e-05 6.968418169999999524e-05 6.976907029999999520e-05 6.984779610000000640e-05 6.992097040000000126e-05 6.998915340000000189e-05 7.005280350000000079e-05 7.011234990000000142e-05 7.016814929999999877e-05 7.022052889999999732e-05 7.026977980000000481e-05 7.031615679999999517e-05 7.035989259999999809e-05 7.040119089999999650e-05 7.044024099999999567e-05 7.047721010000000241e-05 7.051224379999999599e-05 7.054549499999999702e-05 7.057707989999999925e-05 7.060710780000000234e-05 7.063569500000000507e-05 7.066292890000000514e-05 7.068890409999999591e-05 7.071369329999999587e-05 7.073737649999999706e-05 7.076001930000000027e-05 7.078168709999999627e-05 7.080243809999999373e-05 7.082232330000000570e-05 7.084139359999999956e-05 7.085969989999999690e-05 7.087728589999999656e-05 7.089418799999999677e-05 7.091044239999999923e-05 7.092608580000000368e-05 7.094115429999999325e-05 7.095566979999999699e-05 7.096966869999999955e-05 7.098317290000000289e-05 7.099621139999999953e-05 7.100880610000000496e-05 7.102097880000000257e-05 7.103275130000000280e-05 7.104413819999999340e-05 7.105516119999999338e-05 7.106584229999999614e-05 7.107618880000000233e-05 7.108622229999999882e-05 7.109595029999999630e-05 7.110539450000000021e-05 7.111456219999999766e-05 7.112346070000000284e-05 7.113211899999999474e-05 7.114053010000000133e-05 7.114870820000000382e-05 7.115666809999999999e-05 7.116442429999999967e-05 7.117196950000000220e-05 7.117931820000000386e-05 7.118648500000000594e-05 7.119346989999999489e-05 7.120028749999999910e-05 7.120693039999999936e-05 7.121342060000000263e-05 7.121975800000000388e-05 7.122594979999999874e-05 7.123199610000000579e-05 7.123791149999999920e-05 7.124368860000000042e-05 7.124934199999999719e-05 7.125487170000000306e-05 7.126029230000000578e-05 7.126558920000000403e-05 7.127078419999999476e-05 7.127587009999999587e-05 7.128085419999999448e-05 7.128574359999999472e-05 7.129053850000000665e-05
6.905678310000000443e-05 7.367434589999999448e-05 7.669754999999999889e-05 7.882813219999999571e-05 8.040945980000000393e-05 8.162899760000000206e-05 8.259767490000000372e-05 8.338531189999999721e-05 8.403801619999999768e-05 8.458747470000000637e-05 8.505619189999999365e-05 8.546055319999999419e-05 8.581281870000000329e-05 8.612231610000000250e-05 8.639627049999999405e-05 8.664037889999999563e-05 8.685918149999999609e-05 8.705633079999999682e-05 8.723483920000000365e-05 8.739715849999999374e-05 8.754534790000000326e-05 8.768112459999999840e-05 8.780594360000000640e-05 8.792103469999999483e-05 8.802746020000000427e-05 8.812612939999999546e-05 8.821782829999999900e-05 8.830324799999999640e-05 8.838297800000000386e-05 8.845754930000000022e-05 8.852742030000000509e-05 8.859301310000000423e-05 8.865468410000000468e-05 8.871276079999999885e-05 8.876753420000000304e-05 8.881925899999999969e-05 8.886818250000000623e-05 8.891450119999999644e-05 8.895841889999999894e-05 8.900010289999999845e-05 8.903972049999999327e-05 8.907740270000000205e-05 8.911328769999999841e-05 8.914749200000000472e-05 8.918013190000000621e-05 8.921130210000000125e-05 8.924110440000000591e-05 8.926961160000000304e-05 8.929691099999999889e-05 8.932306810000000279e-05 8.934816290000000677e-05 8.937225360000000598e-05 8.939538379999999423e-05 8.941762640000000008e-05 8.943902500000000381e-05 8.945962330000000427e-05 8.947946480000000384e-05 8.949858600000000573e-05 8.951703780000000443e-05 8.953484210000000189e-05 8.955203520000000483e-05 8.956865349999999792e-05 8.958472610000000583e-05 8.960026749999999772e-05 8.961531420000000392e-05 8.962989520000000344e-05 8.964401790000000193e-05 8.965771120000000046e-05 8.967099710000000601e-05 8.968389010000000128e-05 8.969641199999999674e-05 8.970857019999999807e-05 8.972039360000000634e-05 8.973188960000000010e-05 8.974308000000000339e-05 8.975396489999999412e-05 8.976456589999999981e-05 8.977489050000000406e-05 8.978495320000000313e-05 8.979476840000000183e-05 8.980433629999999665e-05 8.981367860000000658e-05 8.982279539999999600e-05 8.983169390000000118e-05 8.984039599999999696e-05 8.984889430000000477e-05 8.985720339999999880e-05 8.986533069999999828e-05 8.987328329999999380e-05 8.988106860000000459e-05 8.988868649999999852e-05 8.989615160000000399e-05 8.990346399999999891e-05 8.991063080000000099e-05 8.991765940000000235e-05 8.992454969999999796e-05 8.993130900000000203e-05 8.993794470000000666e-05 8.994445669999999329e-05 8.995085230000000322e-05
8.714597789999999696e-05 9.297287029999999825e-05 9.678750939999999892e-05 9.947553920000000319e-05 1.014702939999999933e-04 1.030083730000000007e-04 1.042297880000000033e-04 1.052226580000000032e-04 1.060451830000000060e-04 1.067373740000000012e-04 1.073276139999999971e-04 1.078366189999999954e-04 1.082798549999999967e-04 1.086691119999999989e-04 1.090135189999999943e-04 1.093202589999999987e-04 1.095950719999999937e-04 1.098425859999999993e-04 1.100665830000000010e-04 1.102701790000000027e-04 1.104559709999999948e-04 1.106261190000000066e-04 1.107824719999999952e-04 1.109265870000000005e-04 1.110597950000000031e-04 1.111832460000000022e-04 1.112979439999999974e-04 1.114047409999999996e-04 1.115044069999999949e-04 1.115975969999999953e-04 1.116849089999999965e-04 1.117668430000000063e-04 1.118438739999999971e-04 1.119164010000000007e-04 1.119848019999999977e-04 1.120494050000000053e-04 1.121105019999999955e-04 1.121683529999999997e-04 1.122232130000000021e-04 1.122752869999999966e-04 1.123247859999999940e-04 1.123718829999999940e-04 1.124167469999999992e-04 1.124595290000000023e-04 1.125003620000000006e-04 1.125393760000000030e-04 1.125766869999999934e-04 1.126124039999999970e-04 1.126466229999999961e-04 1.126794299999999994e-04 1.127109210000000028e-04 1.127411669999999936e-04 1.127702420000000014e-04 1.127982030000000018e-04 1.128251239999999972e-04 1.128510629999999998e-04 1.128760699999999996e-04 1.129001900000000064e-04 1.129234810000000053e-04 1.129459780000000057e-04 1.129677260000000038e-04 1.129887610000000048e-04 1.130091110000000054e-04 1.130288289999999970e-04 1.130479290000000050e-04 1.130664529999999971e-04 1.130844180000000002e-04 1.131018580000000005e-04 1.131187960000000009e-04 1.131352469999999958e-04 1.131512470000000037e-04 1.131668029999999969e-04 1.131819439999999949e-04 1.131966860000000017e-04 1.132110479999999953e-04 1.132250400000000038e-04 1.132386820000000013e-04 1.132519900000000053e-04 1.132649780000000004e-04 1.132776520000000034e-04 1.132900359999999997e-04 1.133021360000000059e-04 1.133139670000000027e-04 1.133255349999999934e-04 1.133368500000000057e-04 1.133479240000000052e-04 1.133587719999999997e-04 1.133693949999999988e-04 1.133798000000000016e-04 1.133900080000000056e-04 1.134000119999999980e-04 1.134098270000000002e-04 1.134194609999999938e-04 1.134289199999999955e-04 1.134382040000000053e-04 1.134473280000000039e-04 1.134562990000000039e-04 1.134651170000000055e-04 1.134737830000000046e-04 1.134823109999999994e-04
1.099756340000000043e-04 1.173286360000000054e-04 1.221418060000000133e-04 1.255329259999999898e-04 1.280489229999999892e-04 1.299884170000000037e-04 1.315281119999999913e-04 1.327792420000000059e-04 1.338153090000000040e-04 1.346867939999999895e-04 1.354295669999999914e-04 1.360697930000000038e-04 1.366270149999999992e-04 1.371161049999999936e-04 1.375486030000000080e-04 1.379335880000000041e-04 1.382783229999999899e-04 1.385886429999999873e-04 1.388693200000000103e-04 1.391243129999999875e-04 1.393568820000000116e-04 1.395697759999999941e-04 1.397652960000000109e-04 1.399454490000000110e-04 1.401118790000000121e-04 1.402660709999999891e-04 1.404092760000000121e-04 1.405425720000000019e-04 1.406669180000000025e-04 1.407831729999999969e-04 1.408920510000000051e-04 1.409942199999999872e-04 1.410902480000000045e-04 1.411806729999999944e-04 1.412659329999999957e-04 1.413464630000000049e-04 1.414226140000000018e-04 1.414947470000000077e-04 1.415631560000000133e-04 1.416281010000000097e-04 1.416898450000000031e-04 1.417486199999999879e-04 1.418046299999999895e-04 1.418580500000000131e-04 1.419090690000000083e-04 1.419578329999999881e-04 1.420044860000000005e-04 1.420491750000000002e-04 1.420920310000000058e-04 1.421331399999999990e-04 1.421726190000000001e-04 1.422105560000000099e-04 1.422470669999999985e-04 1.422822100000000053e-04 1.423160720000000079e-04 1.423487270000000087e-04 1.423802459999999950e-04 1.424106740000000040e-04 1.424400829999999919e-04 1.424685179999999956e-04 1.424960360000000043e-04 1.425226800000000088e-04 1.425484949999999919e-04 1.425735239999999986e-04 1.425978120000000117e-04 1.426213860000000047e-04 1.426442899999999915e-04 1.426665399999999895e-04 1.426881940000000108e-04 1.427092500000000093e-04 1.427297539999999908e-04 1.427497190000000119e-04 1.427691750000000068e-04 1.427881509999999953e-04 1.428066750000000010e-04 1.428247489999999887e-04 1.428423859999999879e-04 1.428596300000000124e-04 1.428764810000000081e-04 1.428929679999999946e-04 1.429090919999999949e-04 1.429248800000000098e-04 1.429403350000000000e-04 1.429554829999999971e-04 1.429703409999999876e-04 1.429848930000000081e-04 1.429991829999999913e-04 1.430131959999999972e-04 1.430269619999999871e-04 1.430404809999999882e-04 1.430537669999999988e-04 1.430668199999999917e-04 1.430796689999999866e-04 1.430923150000000066e-04 1.431047570000000015e-04 1.431169949999999984e-04 1.431290730000000112e-04 1.431409619999999931e-04 1.431526759999999967e-04 1.431642299999999891e-04
1.387892550000000133e-04 1.480681389999999927e-04 1.541410749999999987e-04 1.584188430000000062e-04 1.615917859999999951e-04 1.640368279999999978e-04 1.659770350000000093e-04 1.675528620000000092e-04 1.688570770000000036e-04 1.699534909999999936e-04 1.708874040000000040e-04 1.716918629999999871e-04 1.723915630000000102e-04 1.730053190000000005e-04 1.735477129999999941e-04 1.740302250000000080e-04 1.744620090000000023e-04 1.748504580000000076e-04 1.752015959999999955e-04 1.755204139999999992e-04 1.758110299999999897e-04 1.760769080000000033e-04 1.763209880000000018e-04 1.765457559999999992e-04 1.767533390000000074e-04 1.769455849999999875e-04 1.771240349999999891e-04 1.772901160000000024e-04 1.774450070000000053e-04 1.775897689999999867e-04 1.777253490000000116e-04 1.778525470000000004e-04 1.779721059999999928e-04 1.780846800000000047e-04 1.781908359999999933e-04 1.782911130000000002e-04 1.783859770000000065e-04 1.784758350000000124e-04 1.785610949999999865e-04 1.786420620000000114e-04 1.787190849999999935e-04 1.787924269999999931e-04 1.788623489999999975e-04 1.789290839999999971e-04 1.789928650000000097e-04 1.790538810000000117e-04 1.791122919999999874e-04 1.791683030000000120e-04 1.792220430000000038e-04 1.792736440000000046e-04 1.793232659999999983e-04 1.793709959999999898e-04 1.794169799999999920e-04 1.794612910000000113e-04 1.795040439999999948e-04 1.795453139999999951e-04 1.795851859999999980e-04 1.796237480000000041e-04 1.796610739999999888e-04 1.796972060000000010e-04 1.797322330000000106e-04 1.797661970000000121e-04 1.797991569999999868e-04 1.798311710000000010e-04 1.798622689999999891e-04 1.798925219999999926e-04 1.799219609999999961e-04 1.799506139999999962e-04 1.799785240000000106e-04 1.800057509999999895e-04 1.800322929999999949e-04 1.800582100000000041e-04 1.800835019999999899e-04 1.801082249999999996e-04 1.801323959999999924e-04 1.801560279999999976e-04 1.801791659999999980e-04 1.802018229999999960e-04 1.802240150000000089e-04 1.802457850000000004e-04 1.802671180000000033e-04 1.802880580000000045e-04 1.803086050000000040e-04 1.803287889999999902e-04 1.803486229999999926e-04 1.803681369999999998e-04 1.803873170000000134e-04 1.804061900000000068e-04 1.804247729999999936e-04 1.804430790000000030e-04 1.804611090000000039e-04 1.804788919999999889e-04 1.804964269999999890e-04 1.805137289999999986e-04 1.805308130000000120e-04 1.805476790000000019e-04 1.805643549999999921e-04 1.805808280000000075e-04 1.805971109999999959e-04 1.806132200000000021e-04
1.751572710000000050e-04 1.868665709999999913e-04 1.945286639999999946e-04 1.999242809999999941e-04 2.039248069999999953e-04 2.070060730000000096e-04 2.094497470000000034e-04 2.114331730000000066e-04 2.130735809999999937e-04 2.144516039999999960e-04 2.156244880000000093e-04 2.166340270000000003e-04 2.175114350000000084e-04 2.182804890000000016e-04 2.189596270000000039e-04 2.195633420000000005e-04 2.201032179999999996e-04 2.205885829999999976e-04 2.210270609999999967e-04 2.214249399999999976e-04 2.217874280000000069e-04 2.221188920000000035e-04 2.224230409999999934e-04 2.227030049999999923e-04 2.229614770000000001e-04 2.232007540000000001e-04 2.234228449999999878e-04 2.236294820000000083e-04 2.238221790000000024e-04 2.240022729999999944e-04 2.241709299999999872e-04 2.243291960000000026e-04 2.244779750000000062e-04 2.246180959999999924e-04 2.247502849999999874e-04 2.248751989999999952e-04 2.249934189999999983e-04 2.251054679999999939e-04 2.252118280000000076e-04 2.253129350000000048e-04 2.254091669999999930e-04 2.255008880000000085e-04 2.255884169999999964e-04 2.256720470000000056e-04 2.257520539999999904e-04 2.258286690000000036e-04 2.259021130000000023e-04 2.259726170000000121e-04 2.260403560000000115e-04 2.261055050000000059e-04 2.261682240000000065e-04 2.262286580000000030e-04 2.262869530000000086e-04 2.263432399999999874e-04 2.263976349999999912e-04 2.264502399999999917e-04 2.265011569999999879e-04 2.265504880000000060e-04 2.265983199999999965e-04 2.266447409999999872e-04 2.266898079999999944e-04 2.267336089999999916e-04 2.267762170000000123e-04 2.268176899999999876e-04 2.268580720000000126e-04 2.268974349999999893e-04 2.269358370000000113e-04 2.269733090000000089e-04 2.270099070000000023e-04 2.270456750000000054e-04 2.270806580000000010e-04 2.271148840000000127e-04 2.271483970000000004e-04 2.271812410000000049e-04 2.272134299999999975e-04 2.272450069999999960e-04 2.272760030000000122e-04 2.273064459999999884e-04 2.273363640000000024e-04 2.273657740000000133e-04 2.273947029999999947e-04 2.274231809999999892e-04 2.274512229999999912e-04 2.274788569999999972e-04 2.275061119999999997e-04 2.275329749999999965e-04 2.275595030000000037e-04 2.275856819999999960e-04 2.276115559999999872e-04 2.276371230000000126e-04 2.276624000000000041e-04 2.276874150000000126e-04 2.277121680000000108e-04 2.277366879999999914e-04 2.277609750000000085e-04 2.277850440000000023e-04 2.278089229999999963e-04 2.278325989999999883e-04 2.278561009999999980e-04 2.278794420000000004e-04
2.210633830000000087e-04 2.358398489999999988e-04 2.455063509999999972e-04 2.523107099999999836e-04 2.573530360000000059e-04 2.612340900000000195e-04 2.643096959999999902e-04 2.668038939999999785e-04 2.688649109999999981e-04 2.705946680000000191e-04 2.720655760000000208e-04 2.733304860000000235e-04 2.744288650000000222e-04 2.753908050000000132e-04 2.762395889999999868e-04 2.769935239999999754e-04 2.776672769999999736e-04 2.782726079999999912e-04 2.788191489999999753e-04 2.793148160000000083e-04 2.797661579999999966e-04 2.801787340000000078e-04 2.805571999999999775e-04 2.809054569999999847e-04 2.812269380000000270e-04 2.815244949999999840e-04 2.818007200000000154e-04 2.820577359999999864e-04 2.822974349999999807e-04 2.825215630000000146e-04 2.827315179999999773e-04 2.829286100000000010e-04 2.831140009999999962e-04 2.832887399999999998e-04 2.834537009999999889e-04 2.836096970000000217e-04 2.837574869999999927e-04 2.838977090000000089e-04 2.840309460000000176e-04 2.841577810000000203e-04 2.842786490000000135e-04 2.843939869999999857e-04 2.845042329999999758e-04 2.846097340000000066e-04 2.847108409999999767e-04 2.848078149999999815e-04 2.849009469999999968e-04 2.849904990000000056e-04 2.850767339999999870e-04 2.851598260000000047e-04 2.852400069999999990e-04 2.853174229999999828e-04 2.853922780000000083e-04 2.854647169999999842e-04 2.855348869999999734e-04 2.856029020000000083e-04 2.856689389999999781e-04 2.857330549999999802e-04 2.857953949999999773e-04 2.858560769999999858e-04 2.859151280000000062e-04 2.859727249999999819e-04 2.860288950000000217e-04 2.860836979999999943e-04 2.861372779999999750e-04 2.861896650000000063e-04 2.862408869999999764e-04 2.862910910000000028e-04 2.863402479999999843e-04 2.863884730000000036e-04 2.864357670000000026e-04 2.864822450000000095e-04 2.865278800000000238e-04 2.865727870000000198e-04 2.866169380000000008e-04 2.866604190000000027e-04 2.867032600000000140e-04 2.867454899999999731e-04 2.867871369999999850e-04 2.868282610000000266e-04 2.868688609999999937e-04 2.869089949999999796e-04 2.869486629999999845e-04 2.869878949999999968e-04 2.870267490000000016e-04 2.870651950000000104e-04 2.871033209999999968e-04 2.871411270000000151e-04 2.871786130000000110e-04 2.872158370000000237e-04 2.872527690000000107e-04 2.872894979999999956e-04 2.873259649999999974e-04 2.873622579999999898e-04 2.873983759999999767e-04 2.874342900000000198e-04 2.874700879999999843e-04 2.875057399999999901e-04 2.875412469999999790e-04 2.875766949999999868e-04
2.790140859999999906e-04 2.976611720000000259e-04 3.098551820000000254e-04 3.184338860000000024e-04 3.247862330000000214e-04 3.296711950000000019e-04 3.335383950000000248e-04 3.366711319999999901e-04 3.392569199999999753e-04 3.414247180000000068e-04 3.432661180000000194e-04 3.448480570000000186e-04 3.462203890000000199e-04 3.474211840000000166e-04 3.484798650000000219e-04 3.494195700000000092e-04 3.502587790000000244e-04 3.510123350000000095e-04 3.516923749999999855e-04 3.523088820000000150e-04 3.528701199999999824e-04 3.533830749999999996e-04 3.538535380000000204e-04 3.542865159999999871e-04 3.546862570000000017e-04 3.550563999999999977e-04 3.554000869999999969e-04 3.557200250000000247e-04 3.560186600000000111e-04 3.562980560000000027e-04 3.565600199999999892e-04 3.568062090000000174e-04 3.570380209999999763e-04 3.572567659999999982e-04 3.574635480000000086e-04 3.576594169999999860e-04 3.578452159999999773e-04 3.580218470000000102e-04 3.581899800000000098e-04 3.583502840000000133e-04 3.585033700000000187e-04 3.586498209999999733e-04 3.587900429999999895e-04 3.589245609999999753e-04 3.590537819999999850e-04 3.591780259999999866e-04 3.592976719999999837e-04 3.594130689999999913e-04 3.595244200000000112e-04 3.596320750000000003e-04 3.597362370000000147e-04 3.598371109999999942e-04 3.599349579999999802e-04 3.600299529999999781e-04 3.601222709999999934e-04 3.602120849999999853e-04 3.602995420000000169e-04 3.603847869999999968e-04 3.604679659999999921e-04 3.605491949999999730e-04 3.606285900000000180e-04 3.607062679999999849e-04 3.607823160000000139e-04 3.608568800000000096e-04 3.609299890000000188e-04 3.610017590000000115e-04 3.610723070000000081e-04 3.611416320000000128e-04 3.612098809999999801e-04 3.612770520000000265e-04 3.613432929999999942e-04 3.614086019999999998e-04 3.614730380000000243e-04 3.615366879999999910e-04 3.615996099999999936e-04 3.616618340000000206e-04 3.617233890000000102e-04 3.617843609999999983e-04 3.618448100000000163e-04 3.619047060000000213e-04 3.619641359999999910e-04 3.620231580000000189e-04 3.620817729999999926e-04 3.621400100000000130e-04 3.621979560000000036e-04 3.622556110000000186e-04 3.623130030000000002e-04 3.623701629999999873e-04 3.624271490000000192e-04 3.624839589999999953e-04 3.625406240000000088e-04 3.625971729999999979e-04 3.626536640000000019e-04 3.627100960000000248e-04 3.627664990000000009e-04 3.628229019999999771e-04 3.628793060000000035e-04 3.629357670000000189e-04 3.629922870000000155e-04 3.630488939999999896e-04
3.521773609999999800e-04 3.757088559999999830e-04 3.910887459999999941e-04 4.019000329999999877e-04 4.098972709999999971e-04 4.160396929999999878e-04 4.208959289999999890e-04 4.248245970000000238e-04 4.280630089999999752e-04 4.307744680000000063e-04 4.330749509999999754e-04 4.350490639999999762e-04 4.367599610000000060e-04 4.382556940000000164e-04 4.395733989999999923e-04 4.407422680000000026e-04 4.417856109999999839e-04 4.427221140000000264e-04 4.435670270000000178e-04 4.443329530000000144e-04 4.450302219999999935e-04 4.456676250000000104e-04 4.462524379999999939e-04 4.467908879999999989e-04 4.472883009999999940e-04 4.477492479999999834e-04 4.481776270000000038e-04 4.485769019999999831e-04 4.489499839999999990e-04 4.492995209999999873e-04 4.496277539999999923e-04 4.499367499999999947e-04 4.502282250000000222e-04 4.505037800000000203e-04 4.507648409999999830e-04 4.510126600000000032e-04 4.512483140000000058e-04 4.514728789999999741e-04 4.516872000000000009e-04 4.518921200000000247e-04 4.520883960000000022e-04 4.522766689999999741e-04 4.524575489999999966e-04 4.526316190000000171e-04 4.527993730000000132e-04 4.529612490000000237e-04 4.531177109999999834e-04 4.532691090000000116e-04 4.534158220000000035e-04 4.535581679999999894e-04 4.536964409999999872e-04 4.538309289999999845e-04 4.539618970000000066e-04 4.540896039999999943e-04 4.542142269999999995e-04 4.543359970000000205e-04 4.544551189999999972e-04 4.545717380000000008e-04 4.546860579999999750e-04 4.547982529999999835e-04 4.549084109999999999e-04 4.550167069999999756e-04 4.551232559999999930e-04 4.552282040000000109e-04 4.553316679999999954e-04 4.554337069999999819e-04 4.555344929999999878e-04 4.556340859999999902e-04 4.557325740000000170e-04 4.558300719999999881e-04 4.559266379999999969e-04 4.560223900000000058e-04 4.561173550000000151e-04 4.562116229999999906e-04 4.563053080000000188e-04 4.563984109999999874e-04 4.564910199999999783e-04 4.565832209999999731e-04 4.566750720000000113e-04 4.567666040000000231e-04 4.568578730000000016e-04 4.569489389999999780e-04 4.570398889999999843e-04 4.571307220000000245e-04 4.572214970000000253e-04 4.573123010000000187e-04 4.574031340000000046e-04 4.574940540000000224e-04 4.575851199999999988e-04 4.576763599999999848e-04 4.577678050000000189e-04 4.578595109999999860e-04 4.579515369999999754e-04 4.580438839999999832e-04 4.581366080000000025e-04 4.582297410000000138e-04 4.583233090000000216e-04 4.584173729999999991e-04 4.585119600000000010e-04 4.586071010000000118e-04
4.445590889999999937e-04 4.742535240000000213e-04 4.936463669999999800e-04 5.072631169999999509e-04 5.173212850000000022e-04 5.250343819999999523e-04 5.311223209999999927e-04 5.360395300000000323e-04 5.400865339999999862e-04 5.434702620000000364e-04 5.463374549999999545e-04 5.487952150000000419e-04 5.509231710000000049e-04 5.527820900000000003e-04 5.544187149999999517e-04 5.558698899999999811e-04 5.571648359999999871e-04 5.583270690000000048e-04 5.593757379999999549e-04 5.603266180000000124e-04 5.611926320000000393e-04 5.619848379999999770e-04 5.627122589999999838e-04 5.633826950000000089e-04 5.640027809999999947e-04 5.645782220000000219e-04 5.651139069999999622e-04 5.656140269999999828e-04 5.660823080000000488e-04 5.665219509999999464e-04 5.669358069999999930e-04 5.673263219999999558e-04 5.676957659999999802e-04 5.680460019999999943e-04 5.683788329999999497e-04 5.686957739999999725e-04 5.689982210000000141e-04 5.692873969999999581e-04 5.695644650000000362e-04 5.698303579999999900e-04 5.700860060000000062e-04 5.703323400000000513e-04 5.705699439999999600e-04 5.707996319999999492e-04 5.710219269999999890e-04 5.712375279999999970e-04 5.714467839999999880e-04 5.716503360000000028e-04 5.718485340000000524e-04 5.720418410000000214e-04 5.722305500000000400e-04 5.724150689999999960e-04 5.725957450000000205e-04 5.727728130000000421e-04 5.729466209999999711e-04 5.731173439999999756e-04 5.732852729999999772e-04 5.734506410000000205e-04 5.736136229999999484e-04 5.737745090000000115e-04 5.739333569999999782e-04 5.740904599999999787e-04 5.742459329999999871e-04 5.743999499999999587e-04 5.745526289999999640e-04 5.747041429999999625e-04 5.748546100000000245e-04 5.750042039999999971e-04 5.751529819999999776e-04 5.753010630000000326e-04 5.754486770000000022e-04 5.755957680000000016e-04 5.757425679999999711e-04 5.758890770000000192e-04 5.760354689999999927e-04 5.761818029999999811e-04 5.763281949999999546e-04 5.764747040000000027e-04 5.766214449999999912e-04 5.767684200000000204e-04 5.769158020000000496e-04 5.770636489999999555e-04 5.772119619999999509e-04 5.773609149999999910e-04 5.775105089999999636e-04 5.776608599999999471e-04 5.778120250000000390e-04 5.779640630000000036e-04 5.781170330000000388e-04 5.782709920000000253e-04 5.784260570000000377e-04 5.785822289999999635e-04 5.787396219999999978e-04 5.788982380000000242e-04 5.790581340000000316e-04 5.792194279999999824e-04 5.793821769999999739e-04 5.795463800000000103e-04 5.797120979999999561e-04 5.798794450000000064e-04
5.612272649999999969e-04 5.986955370000000224e-04 6.231378649999999662e-04 6.402728610000000273e-04 6.529058450000000497e-04 6.625739040000000338e-04 6.701897950000000386e-04 6.763295970000000358e-04 6.813743970000000387e-04 6.855861279999999952e-04 6.891505329999999575e-04 6.922027100000000335e-04 6.948432420000000102e-04 6.971485560000000286e-04 6.991774430000000096e-04 7.009762340000000053e-04 7.025814270000000023e-04 7.040226480000000156e-04 7.053237059999999939e-04 7.065043900000000108e-04 7.075808830000000207e-04 7.085667460000000467e-04 7.094734460000000223e-04 7.103105890000000529e-04 7.110864389999999686e-04 7.118079810000000479e-04 7.124813860000000273e-04 7.131117750000000441e-04 7.137038050000000296e-04 7.142613760000000129e-04 7.147880390000000079e-04 7.152868780000000513e-04 7.157605139999999701e-04 7.162114489999999584e-04 7.166417200000000081e-04 7.170533060000000179e-04 7.174478959999999609e-04 7.178270609999999564e-04 7.181920809999999857e-04 7.185442370000000257e-04 7.188846939999999752e-04 7.192143820000000210e-04 7.195343499999999832e-04 7.198452950000000039e-04 7.201481490000000455e-04 7.204434949999999468e-04 7.207320299999999584e-04 7.210143380000000237e-04 7.212909989999999934e-04 7.215624789999999572e-04 7.218292450000000004e-04 7.220918199999999849e-04 7.223504940000000530e-04 7.226057349999999609e-04 7.228578319999999632e-04 7.231071359999999585e-04 7.233539949999999658e-04 7.235987000000000148e-04 7.238414840000000419e-04 7.240825799999999835e-04 7.243223369999999628e-04 7.245609300000000396e-04 7.247985920000000418e-04 7.250354970000000331e-04 7.252718790000000542e-04 7.255079690000000494e-04 7.257438259999999999e-04 7.259798000000000249e-04 7.262159490000000012e-04 7.264523880000000114e-04 7.266894099999999688e-04 7.269271299999999561e-04 7.271656069999999543e-04 7.274050730000000122e-04 7.276456449999999876e-04 7.278874980000000485e-04 7.281306319999999782e-04 7.283753370000000272e-04 7.286216129999999788e-04 7.288696939999999820e-04 7.291195800000000371e-04 7.293715029999999757e-04 7.296255210000000000e-04 7.298817509999999675e-04 7.301403089999999570e-04 7.304012539999999495e-04 7.306648189999999897e-04 7.309310019999999773e-04 7.311999799999999638e-04 7.314718100000000469e-04 7.317465499999999947e-04 7.320244329999999605e-04 7.323054600000000487e-04 7.325897460000000165e-04 7.328774660000000321e-04 7.331685629999999980e-04 7.334632679999999669e-04 7.337616410000000243e-04 7.340637970000000361e-04 7.343697939999999872e-04
7.085971880000000540e-04 7.558661749999999544e-04 7.866517990000000335e-04 8.081864219999999573e-04 8.240243190000000502e-04 8.361153889999999771e-04 8.456180800000000263e-04 8.532633659999999936e-04 8.595341930000000019e-04 8.647620560000000324e-04 8.691813559999999987e-04 8.729625259999999800e-04 8.762319920000000411e-04 8.790857390000000188e-04 8.815975160000000211e-04 8.838251230000000258e-04 8.858144279999999836e-04 8.876021019999999484e-04 8.892180629999999614e-04 8.906867010000000346e-04 8.920282710000000063e-04 8.932596539999999689e-04 8.943949360000000163e-04 8.954461080000000479e-04 8.964232980000000350e-04 8.973352959999999828e-04 8.981895520000000464e-04 8.989924680000000150e-04 8.997498079999999504e-04 9.004663439999999750e-04 9.011463840000000051e-04 9.017937699999999763e-04 9.024118769999999552e-04 9.030035000000000492e-04 9.035714320000000485e-04 9.041179439999999859e-04 9.046451890000000405e-04 9.051549710000000512e-04 9.056490379999999722e-04 9.061289020000000503e-04 9.065960180000000009e-04 9.070516100000000290e-04 9.074968400000000450e-04 9.079326989999999924e-04 9.083602930000000053e-04 9.087803190000000092e-04 9.091937679999999473e-04 9.096012799999999730e-04 9.100036109999999926e-04 9.104014030000000431e-04 9.107952359999999751e-04 9.111857510000000463e-04 9.115733560000000360e-04 9.119585740000000227e-04 9.123419299999999685e-04 9.127237720000000009e-04 9.131046239999999776e-04 9.134847790000000288e-04 9.138646419999999458e-04 9.142445629999999563e-04 9.146249499999999479e-04 9.150059779999999802e-04 9.153880529999999490e-04 9.157714669999999883e-04 9.161564520000000387e-04 9.165433580000000025e-04 9.169324180000000329e-04 9.173238069999999729e-04 9.177178729999999496e-04 9.181148490000000080e-04 9.185149099999999909e-04 9.189183470000000364e-04 9.193253349999999874e-04 9.197361649999999823e-04 9.201509529999999911e-04 9.205699319999999502e-04 9.209933920000000019e-04 9.214214509999999999e-04 9.218543419999999889e-04 9.222922380000000368e-04 9.227353729999999673e-04 9.231838629999999674e-04 9.236379989999999587e-04 9.240979560000000008e-04 9.245637919999999703e-04 9.250358559999999905e-04 9.255142650000000278e-04 9.259991930000000373e-04 9.264907569999999851e-04 9.269893049999999987e-04 9.274948389999999616e-04 9.280076480000000200e-04 9.285278500000000278e-04 9.290556770000000337e-04 9.295912460000000039e-04 9.301347310000000019e-04 9.306863649999999643e-04 9.312462639999999695e-04 9.318146619999999498e-04 9.323916749999999840e-04
8.947954629999999802e-04 9.544087219999999481e-04 9.931434179999999983e-04 1.020159569999999974e-03 1.039968339999999998e-03 1.055047379999999929e-03 1.066868539999999907e-03 1.076359069999999977e-03 1.084130489999999983e-03 1.090601199999999922e-03 1.096066549999999895e-03 1.100740630000000093e-03 1.104781989999999939e-03 1.108310419999999994e-03 1.111418359999999947e-03 1.114177629999999917e-03 1.116645290000000020e-03 1.118866959999999895e-03 1.120879900000000063e-03 1.122714140000000008e-03 1.124394820000000107e-03 1.125942800000000058e-03 1.127375410000000001e-03 1.128707660000000026e-03 1.129951790000000011e-03 1.131118860000000000e-03 1.132217820000000008e-03 1.133256710000000002e-03 1.134242400000000069e-03 1.135181050000000098e-03 1.136077920000000104e-03 1.136937530000000024e-03 1.137764189999999984e-03 1.138561410000000053e-03 1.139332540000000072e-03 1.140080390000000089e-03 1.140807640000000020e-03 1.141516609999999919e-03 1.142209400000000069e-03 1.142887979999999970e-03 1.143554109999999962e-03 1.144209289999999907e-03 1.144855049999999978e-03 1.145492660000000090e-03 1.146123399999999896e-03 1.146748429999999968e-03 1.147368809999999972e-03 1.147985459999999918e-03 1.148599319999999953e-03 1.149211200000000094e-03 1.149821909999999923e-03 1.150432280000000026e-03 1.151042990000000071e-03 1.151654640000000047e-03 1.152267910000000055e-03 1.152883400000000082e-03 1.153501680000000021e-03 1.154123339999999897e-03 1.154748840000000042e-03 1.155378650000000096e-03 1.156013229999999954e-03 1.156653280000000074e-03 1.157298919999999974e-03 1.157950839999999934e-03 1.158609400000000034e-03 1.159274949999999959e-03 1.159947950000000038e-03 1.160628739999999999e-03 1.161317810000000051e-03 1.162015370000000006e-03 1.162721889999999937e-03 1.163437850000000095e-03 1.164163460000000073e-03 1.164898969999999959e-03 1.165644960000000036e-03 1.166401779999999989e-03 1.167169540000000030e-03 1.167948820000000009e-03 1.168739750000000058e-03 1.169542900000000068e-03 1.170358389999999991e-03 1.171186679999999944e-03 1.172028020000000009e-03 1.172882739999999953e-03 1.173751200000000073e-03 1.174633860000000047e-03 1.175530840000000047e-03 1.176442489999999976e-03 1.177369269999999947e-03 1.178311299999999914e-03 1.179269049999999951e-03 1.180242860000000000e-03 1.181233089999999923e-03 1.182239849999999932e-03 1.183263610000000101e-03 1.184304709999999938e-03 1.185363390000000001e-03 1.186439999999999977e-03 1.187534889999999985e-03 1.188648280000000014e-03
1.130123860000000055e-03 1.205260170000000070e-03 1.253922119999999934e-03 1.287734949999999904e-03 1.312436769999999900e-03 1.331180570000000058e-03 1.345836320000000016e-03 1.357578909999999960e-03 1.367180719999999900e-03 1.375168329999999946e-03 1.381912500000000068e-03 1.387680880000000030e-03 1.392671610000000004e-03 1.397033800000000055e-03 1.400882260000000041e-03 1.404306149999999965e-03 1.407376259999999941e-03 1.410149039999999921e-03 1.412670239999999893e-03 1.414977480000000022e-03 1.417101359999999900e-03 1.419067619999999893e-03 1.420897900000000049e-03 1.422610250000000019e-03 1.424220039999999970e-03 1.425740659999999958e-03 1.427183280000000019e-03 1.428557790000000100e-03 1.429872590000000028e-03 1.431135339999999988e-03 1.432352470000000091e-03 1.433529659999999975e-03 1.434672159999999912e-03 1.435784390000000021e-03 1.436870550000000002e-03 1.437934120000000041e-03 1.438978480000000079e-03 1.440006539999999979e-03 1.441020980000000092e-03 1.442024369999999906e-03 1.443018899999999995e-03 1.444006459999999962e-03 1.444989119999999993e-03 1.445968639999999994e-03 1.446946520000000043e-03 1.447924300000000058e-03 1.448903469999999940e-03 1.449885309999999995e-03 1.450871120000000016e-03 1.451861930000000007e-03 1.452858910000000064e-03 1.453863109999999894e-03 1.454875569999999896e-03 1.455897120000000005e-03 1.456928909999999962e-03 1.457971520000000054e-03 1.459026009999999946e-03 1.460093069999999918e-03 1.461173639999999900e-03 1.462268290000000000e-03 1.463377849999999937e-03 1.464503000000000029e-03 1.465644450000000041e-03 1.466803019999999950e-03 1.467979280000000081e-03 1.469173820000000026e-03 1.470387450000000019e-03 1.471620639999999917e-03 1.472874199999999953e-03 1.474148709999999977e-03 1.475444650000000022e-03 1.476762929999999923e-03 1.478103919999999936e-03 1.479468189999999950e-03 1.480856679999999898e-03 1.482269609999999982e-03 1.483707809999999924e-03 1.485171840000000087e-03 1.486662309999999985e-03 1.488179779999999983e-03 1.489724850000000069e-03 1.491298079999999956e-03 1.492900309999999975e-03 1.494531749999999937e-03 1.496193349999999948e-03 1.497885559999999946e-03 1.499608969999999958e-03 1.501364170000000012e-03 1.503151839999999993e-03 1.504972580000000105e-03 1.506826840000000068e-03 1.508715450000000036e-03 1.510638859999999944e-03 1.512597779999999992e-03 1.514592790000000031e-03 1.516624469999999910e-03 1.518693399999999916e-03 1.520800290000000029e-03 1.522945589999999969e-03 1.525130119999999929e-03
1.427650570000000034e-03 1.522258270000000080e-03 1.583260719999999904e-03 1.625451960000000046e-03 1.656146949999999941e-03 1.679360169999999939e-03 1.697465079999999895e-03 1.711946449999999934e-03 1.723776219999999986e-03 1.733614359999999938e-03 1.741923970000000066e-03 1.749038349999999971e-03 1.755203469999999958e-03 1.760604440000000008e-03 1.765383169999999897e-03 1.769649909999999925e-03 1.773492080000000108e-03 1.776979190000000037e-03 1.780167690000000096e-03 1.783103679999999960e-03 1.785825009999999959e-03 1.788363330000000044e-03 1.790744950000000037e-03 1.792992350000000099e-03 1.795124610000000103e-03 1.797157690000000026e-03 1.799105899999999935e-03 1.800981120000000064e-03 1.802794049999999941e-03 1.804554020000000017e-03 1.806269049999999904e-03 1.807946360000000025e-03 1.809592480000000092e-03 1.811212979999999965e-03 1.812813219999999913e-03 1.814397749999999967e-03 1.815970870000000077e-03 1.817536310000000084e-03 1.819097669999999913e-03 1.820658099999999989e-03 1.822220629999999914e-03 1.823788040000000072e-03 1.825362789999999957e-03 1.826947439999999966e-03 1.828544070000000027e-03 1.830154909999999902e-03 1.831781819999999967e-03 1.833426769999999938e-03 1.835091509999999980e-03 1.836777659999999906e-03 1.838487109999999971e-03 1.840221109999999952e-03 1.841981309999999976e-03 1.843769220000000082e-03 1.845586109999999965e-03 1.847433390000000064e-03 1.849312340000000034e-03 1.851224339999999998e-03 1.853170570000000012e-03 1.855152429999999903e-03 1.857170839999999898e-03 1.859227200000000040e-03 1.861322670000000032e-03 1.863458309999999974e-03 1.865635389999999996e-03 1.867854969999999983e-03 1.870118199999999892e-03 1.872426250000000037e-03 1.874780169999999907e-03 1.877180999999999902e-03 1.879630030000000070e-03 1.882128179999999987e-03 1.884676750000000098e-03 1.887276769999999973e-03 1.889929289999999970e-03 1.892635369999999973e-03 1.895396269999999935e-03 1.898213059999999917e-03 1.901086769999999924e-03 1.904018570000000051e-03 1.907009629999999959e-03 1.910061110000000001e-03 1.913173939999999931e-03 1.916349520000000008e-03 1.919588660000000032e-03 1.922892870000000040e-03 1.926262979999999970e-03 1.929700369999999944e-03 1.933206110000000024e-03 1.936781339999999992e-03 1.940427229999999942e-03 1.944144949999999971e-03 1.947935669999999956e-03 1.951800660000000028e-03 1.955740850000000156e-03 1.959757879999999858e-03 1.963852439999999849e-03 1.968025930000000170e-03 1.972279740000000038e-03 1.976614819999999995e-03
1.803963329999999990e-03 1.922904279999999985e-03 1.999156550000000167e-03 2.051607239999999905e-03 2.089595889999999994e-03 2.118231029999999813e-03 2.140516419999999916e-03 2.158320970000000057e-03 2.172861710000000088e-03 2.184961459999999918e-03 2.195195290000000188e-03 2.203976739999999931e-03 2.211609619999999922e-03 2.218322600000000207e-03 2.224290280000000043e-03 2.229648879999999826e-03 2.234505490000000122e-03 2.238945799999999837e-03 2.243039200000000125e-03 2.246842250000000065e-03 2.250401300000000066e-03 2.253755689999999926e-03 2.256937560000000023e-03 2.259974599999999868e-03 2.262890339999999983e-03 2.265704800000000168e-03 2.268435669999999994e-03 2.271097850000000206e-03 2.273704860000000123e-03 2.276268320000000150e-03 2.278798490000000058e-03 2.281304679999999942e-03 2.283795270000000145e-03 2.286277709999999953e-03 2.288758520000000202e-03 2.291244219999999995e-03 2.293740399999999978e-03 2.296252180000000077e-03 2.298784209999999925e-03 2.301341159999999945e-03 2.303926970000000005e-03 2.306545850000000196e-03 2.309201290000000018e-03 2.311896769999999875e-03 2.314635790000000096e-03 2.317420909999999990e-03 2.320255619999999925e-03 2.323142490000000039e-03 2.326084530000000015e-03 2.329084090000000003e-03 2.332143950000000170e-03 2.335266679999999789e-03 2.338454360000000089e-03 2.341709329999999960e-03 2.345034389999999924e-03 2.348431389999999959e-03 2.351902429999999915e-03 2.355450069999999972e-03 2.359076170000000069e-03 2.362783069999999964e-03 2.366572850000000020e-03 2.370447390000000095e-03 2.374408770000000120e-03 2.378459319999999891e-03 2.382600910000000176e-03 2.386835400000000048e-03 2.391165360000000080e-03 2.395592399999999910e-03 2.400118619999999821e-03 2.404746130000000055e-03 2.409477020000000067e-03 2.414313380000000179e-03 2.419257299999999847e-03 2.424310659999999798e-03 2.429475539999999961e-03 2.434754280000000094e-03 2.440148730000000175e-03 2.445661229999999964e-03 2.451293870000000215e-03 2.457048510000000002e-03 2.462927719999999897e-03 2.468933349999999881e-03 2.475067740000000144e-03 2.481332980000000143e-03 2.487731400000000107e-03 2.494265089999999924e-03 2.500936389999999787e-03 2.507747619999999966e-03 2.514700639999999966e-03 2.521798249999999877e-03 2.529042310000000071e-03 2.536435149999999913e-03 2.543979320000000054e-03 2.551677170000000213e-03 2.559530549999999936e-03 2.567542250000000217e-03 2.575714370000000038e-03 2.584049479999999972e-03 2.592549659999999947e-03 2.601217710000000051e-03
2.280124929999999880e-03 2.429318150000000023e-03 2.524281849999999820e-03 2.589204119999999852e-03 2.636014480000000142e-03 2.671196590000000058e-03 2.698535570000000060e-03 2.720370419999999789e-03 2.738215960000000074e-03 2.753092909999999786e-03 2.765712100000000066e-03 2.776582960000000162e-03 2.786080120000000195e-03 2.794484380000000073e-03 2.802010860000000211e-03 2.808826280000000127e-03 2.815062650000000125e-03 2.820824740000000067e-03 2.826197769999999870e-03 2.831251360000000203e-03 2.836043019999999817e-03 2.840620700000000103e-03 2.845024920000000044e-03 2.849289679999999960e-03 2.853444540000000130e-03 2.857514660000000199e-03 2.861522599999999795e-03 2.865487480000000146e-03 2.869426510000000138e-03 2.873354590000000083e-03 2.877285939999999972e-03 2.881232180000000212e-03 2.885204739999999799e-03 2.889213849999999924e-03 2.893268830000000208e-03 2.897378290000000075e-03 2.901549920000000022e-03 2.905791390000000193e-03 2.910109699999999938e-03 2.914511130000000186e-03 2.919002439999999945e-03 2.923588730000000087e-03 2.928276310000000118e-03 2.933070060000000055e-03 2.937975340000000164e-03 2.942997030000000028e-03 2.948140030000000016e-03 2.953408749999999854e-03 2.958807859999999963e-03 2.964341780000000030e-03 2.970014699999999792e-03 2.975830809999999854e-03 2.981794299999999953e-03 2.987909359999999827e-03 2.994179730000000143e-03 3.000609339999999944e-03 3.007202410000000149e-03 3.013962880000000191e-03 3.020894020000000017e-03 3.028000239999999784e-03 3.035285280000000162e-03 3.042752619999999821e-03 3.050406460000000194e-03 3.058250529999999821e-03 3.066288309999999975e-03 3.074524229999999868e-03 3.082961539999999959e-03 3.091604449999999903e-03 3.100456670000000057e-03 3.109522160000000209e-03 3.118804660000000159e-03 3.128308340000000159e-03 3.138037169999999959e-03 3.147995099999999821e-03 3.158185860000000018e-03 3.168613880000000198e-03 3.179283110000000190e-03 3.190197520000000175e-03 3.201361509999999921e-03 3.212778830000000054e-03 3.224454119999999816e-03 3.236391580000000205e-03 3.248595170000000143e-03 3.261069530000000171e-03 3.273818639999999999e-03 3.286846909999999785e-03 3.300159009999999952e-03 3.313759339999999831e-03 3.327651880000000000e-03 3.341841510000000039e-03 3.356332889999999979e-03 3.371129980000000040e-03 3.386237659999999806e-03 3.401660590000000171e-03 3.417403199999999915e-03 3.433470379999999881e-03 3.449866319999999806e-03 3.466595900000000140e-03 3.483664009999999991e-03 3.501075089999999834e-03
2.882882250000000108e-03 3.069432689999999821e-03 3.187170019999999940e-03 3.267142460000000120e-03 3.324563620000000122e-03 3.367624940000000199e-03 3.401066639999999943e-03 3.427797700000000027e-03 3.449692390000000039e-03 3.468009639999999807e-03 3.483624199999999903e-03 3.497161899999999806e-03 3.509083059999999841e-03 3.519732040000000083e-03 3.529372629999999889e-03 3.538209709999999824e-03 3.546404649999999967e-03 3.554086900000000011e-03 3.561361690000000146e-03 3.568314710000000146e-03 3.575017440000000189e-03 3.581529950000000070e-03 3.587903219999999914e-03 3.594180340000000147e-03 3.600399010000000181e-03 3.606592540000000055e-03 3.612789329999999913e-03 3.619014979999999812e-03 3.625292799999999850e-03 3.631643249999999806e-03 3.638085210000000132e-03 3.644635670000000160e-03 3.651310459999999956e-03 3.658124479999999828e-03 3.665091000000000095e-03 3.672222839999999839e-03 3.679532320000000137e-03 3.687030400000000131e-03 3.694728249999999856e-03 3.702635880000000081e-03 3.710763059999999929e-03 3.719119590000000142e-03 3.727714530000000078e-03 3.736556509999999949e-03 3.745654599999999942e-03 3.755016490000000120e-03 3.764651019999999855e-03 3.774565640000000170e-03 3.784768520000000077e-03 3.795267320000000194e-03 3.806069730000000151e-03 3.817182970000000154e-03 3.828614479999999966e-03 3.840371970000000003e-03 3.852462400000000210e-03 3.864893219999999876e-03 3.877671440000000046e-03 3.890804480000000128e-03 3.904299339999999906e-03 3.918163009999999641e-03 3.932403400000000250e-03 3.947027030000000401e-03 3.962041809999999713e-03 3.977453799999999991e-03 3.993271849999999699e-03 4.009502009999999818e-03 4.026152189999999964e-03 4.043229389999999923e-03 4.060741980000000077e-03 4.078696480000000395e-03 4.097101280000000310e-03 4.115963349999999729e-03 4.135290629999999884e-03 4.155091480000000330e-03 4.175372890000000024e-03 4.196143240000000177e-03 4.217409989999999602e-03 4.239181990000000233e-03 4.261466670000000137e-03 4.284272900000000300e-03 4.307608119999999617e-03 4.331481639999999918e-03 4.355900920000000016e-03 4.380874800000000152e-03 4.406412129999999656e-03 4.432520829999999842e-03 4.459210209999999938e-03 4.486488640000000326e-03 4.514364530000000361e-03 4.542847630000000116e-03 4.571946339999999852e-03 4.601669499999999809e-03 4.632026420000000082e-03 4.663025959999999963e-03 4.694677419999999587e-03 4.726989190000000125e-03 4.759971519999999651e-03 4.793632780000000281e-03 4.827982750000000232e-03 4.863030279999999705e-03
3.646192370000000179e-03 3.878490300000000165e-03 4.023706069999999878e-03 4.121716129999999575e-03 4.191843330000000201e-03 4.244368519999999756e-03 4.285186990000000237e-03 4.317891780000000269e-03 4.344790240000000192e-03 4.367428369999999845e-03 4.386879970000000240e-03 4.403912460000000174e-03 4.419089759999999742e-03 4.432835149999999821e-03 4.445471339999999827e-03 4.457250700000000079e-03 4.468372089999999609e-03 4.478996619999999970e-03 4.489254209999999842e-03 4.499253350000000269e-03 4.509083460000000432e-03 4.518821840000000235e-03 4.528533670000000309e-03 4.538276229999999890e-03 4.548099360000000188e-03 4.558047279999999715e-03 4.568159579999999872e-03 4.578472119999999618e-03 4.589017479999999739e-03 4.599825010000000054e-03 4.610922190000000045e-03 4.622335079999999666e-03 4.634087440000000252e-03 4.646202079999999998e-03 4.658699500000000257e-03 4.671600649999999716e-03 4.684924610000000197e-03 4.698690030000000038e-03 4.712915049999999613e-03 4.727616440000000433e-03 4.742810969999999675e-03 4.758514929999999900e-03 4.774744620000000161e-03 4.791515409999999760e-03 4.808841739999999976e-03 4.826739430000000046e-03 4.845222459999999620e-03 4.864305719999999916e-03 4.884002729999999820e-03 4.904328850000000406e-03 4.925297109999999916e-03 4.946921489999999734e-03 4.969215949999999590e-03 4.992194010000000105e-03 5.015870090000000038e-03 5.040257240000000152e-03 5.065368950000000321e-03 5.091219210000000155e-03 5.117821970000000290e-03 5.145190279999999755e-03 5.173338579999999833e-03 5.202280360000000395e-03 5.232030060000000121e-03 5.262600719999999815e-03 5.294006779999999891e-03 5.326263139999999792e-03 5.359383300000000218e-03 5.393382159999999745e-03 5.428273699999999757e-03 5.464073269999999635e-03 5.500794849999999896e-03 5.538454279999999695e-03 5.577065980000000395e-03 5.616645330000000387e-03 5.657208149999999776e-03 5.698768889999999802e-03 5.741344300000000324e-03 5.784949289999999876e-03 5.829600620000000011e-03 5.875313650000000068e-03 5.922105159999999785e-03 5.969990980000000093e-03 6.018987859999999981e-03 6.069112570000000095e-03 6.120381410000000355e-03 6.172812080000000291e-03 6.226420400000000008e-03 6.281224549999999719e-03 6.337241270000000190e-03 6.394488270000000044e-03 6.452982309999999964e-03 6.512741560000000207e-03 6.573783229999999658e-03 6.636125500000000267e-03 6.699786059999999870e-03 6.764782129999999914e-03 6.831132810000000409e-03 6.898854860000000304e-03 6.967967379999999607e-03 7.038488049999999663e-03
4.613144320000000034e-03 4.900923459999999635e-03 5.079008640000000352e-03 5.198506169999999628e-03 5.283796690000000171e-03 5.347682630000000388e-03 5.397440400000000013e-03 5.437486340000000432e-03 5.470650270000000301e-03 5.498826969999999655e-03 5.523333329999999611e-03 5.545110909999999629e-03 5.564852149999999741e-03 5.583076739999999830e-03 5.600183269999999686e-03 5.616484679999999598e-03 5.632228220000000396e-03 5.647616000000000268e-03 5.662813319999999637e-03 5.677958949999999984e-03 5.693170709999999766e-03 5.708549640000000307e-03 5.724184220000000205e-03 5.740152670000000026e-03 5.756524859999999875e-03 5.773364100000000047e-03 5.790728139999999635e-03 5.808669609999999976e-03 5.827237849999999941e-03 5.846478510000000135e-03 5.866434890000000145e-03 5.887147970000000154e-03 5.908656400000000114e-03 5.930997430000000369e-03 5.954205990000000122e-03 5.978317470000000210e-03 6.003363989999999789e-03 6.029378160000000396e-03 6.056390699999999842e-03 6.084432830000000014e-03 6.113533860000000021e-03 6.143723149999999640e-03 6.175029089999999922e-03 6.207480559999999960e-03 6.241104570000000247e-03 6.275928580000000347e-03 6.311980539999999598e-03 6.349286529999999609e-03 6.387873550000000046e-03 6.427767689999999874e-03 6.468995939999999667e-03 6.511583920000000268e-03 6.555558179999999673e-03 6.600944790000000395e-03 6.647769829999999706e-03 6.696058900000000265e-03 6.745839029999999882e-03 6.797136270000000285e-03 6.849976259999999637e-03 6.904385980000000284e-03 6.960392000000000141e-03 7.018020380000000030e-03 7.077299060000000197e-03 7.138254119999999647e-03 7.200913039999999599e-03 7.265303750000000338e-03 7.331453259999999757e-03 7.399389989999999653e-03 7.469141860000000355e-03 7.540737280000000230e-03 7.614205130000000106e-03 7.689574270000000024e-03 7.766873579999999944e-03 7.846133780000000280e-03 7.927382360000000475e-03 8.010651920000000370e-03 8.095970379999999425e-03 8.183370339999999216e-03 8.272881620000000283e-03 8.364534939999999572e-03 8.458362889999999565e-03 8.554396219999999690e-03 8.652666579999999247e-03 8.753205650000000018e-03 8.856047880000000525e-03 8.961223069999999652e-03 9.068765680000000218e-03 9.178708310000000328e-03 9.291083550000000732e-03 9.405924939999999249e-03 9.523266000000000717e-03 9.643139320000000680e-03 9.765580299999999936e-03 9.890622459999999852e-03 1.001829840000000027e-02 1.014864260000000046e-02 1.028168949999999984e-02 1.041747349999999975e-02 1.055602920000000070e-02 1.069738999999999933e-02
5.838397419999999567e-03 6.192755420000000365e-03 6.409836000000000353e-03 6.554795890000000326e-03 6.658131260000000121e-03 6.735650820000000337e-03 6.796286910000000174e-03 6.845450490000000096e-03 6.886611689999999793e-03 6.922095550000000042e-03 6.953519299999999688e-03 6.982042919999999729e-03 7.008519490000000157e-03 7.033593020000000230e-03 7.057760379999999945e-03 7.081413180000000092e-03 7.104868070000000015e-03 7.128383030000000169e-03 7.152175999999999673e-03 7.176431829999999762e-03 7.201311180000000318e-03 7.226955149999999585e-03 7.253490389999999767e-03 7.281030059999999728e-03 7.309679409999999579e-03 7.339533879999999601e-03 7.370683830000000422e-03 7.403213070000000222e-03 7.437201220000000043e-03 7.472723260000000388e-03 7.509852289999999729e-03 7.548656780000000295e-03 7.589203769999999620e-03 7.631557060000000378e-03 7.675779980000000183e-03 7.721932600000000133e-03 7.770074529999999695e-03 7.820263500000000645e-03 7.872557270000000301e-03 7.927008899999999150e-03 7.983676159999999675e-03 8.042610250000000252e-03 8.103867060000000469e-03 8.167495950000000851e-03 8.233550940000000651e-03 8.302083240000000808e-03 8.373143149999999826e-03 8.446781900000000301e-03 8.523049759999999989e-03 8.601996120000000162e-03 8.683670310000000600e-03 8.768123569999999520e-03 8.855405259999999182e-03 8.945563809999999491e-03 9.038650429999999653e-03 9.134713560000000399e-03 9.233802560000000520e-03 9.335968639999999222e-03 9.441261180000000419e-03 9.549729530000000341e-03 9.661425839999999640e-03 9.776399470000000577e-03 9.894701650000000542e-03 1.001638449999999944e-02 1.014149840000000066e-02 1.027009729999999940e-02 1.040223239999999924e-02 1.053795589999999976e-02 1.067732270000000018e-02 1.082038509999999967e-02 1.096719779999999998e-02 1.111781600000000085e-02 1.127229350000000067e-02 1.143068629999999947e-02 1.159305029999999938e-02 1.175944230000000069e-02 1.192991810000000076e-02 1.210453449999999986e-02 1.228334940000000083e-02 1.246642140000000024e-02 1.265380810000000036e-02 1.284556840000000005e-02 1.304176079999999974e-02 1.324244400000000078e-02 1.344767860000000044e-02 1.365752330000000007e-02 1.387203950000000068e-02 1.409128490000000067e-02 1.431532299999999959e-02 1.454421130000000013e-02 1.477801150000000036e-02 1.501678489999999991e-02 1.526059119999999963e-02 1.550949180000000052e-02 1.576354729999999982e-02 1.602281629999999929e-02 1.628736409999999996e-02 1.655724639999999956e-02 1.683252680000000071e-02 1.711326280000000088e-02
7.391299589999999857e-03 7.824700329999999954e-03 8.087698370000000192e-03 8.262674319999999822e-03 8.387401699999999863e-03 8.481274360000000748e-03 8.555226960000000477e-03 8.615899830000000800e-03 8.667561230000000658e-03 8.713078690000000681e-03 8.754448970000000205e-03 8.793110030000000563e-03 8.830122649999999282e-03 8.866297080000000094e-03 8.902262899999999202e-03 8.938523940000000015e-03 8.975495579999999418e-03 9.013525209999999691e-03 9.052910839999999196e-03 9.093913250000000212e-03 9.136766200000000226e-03 9.181678299999999210e-03 9.228841399999999917e-03 9.278435260000000503e-03 9.330624710000000668e-03 9.385567160000000270e-03 9.443410669999999230e-03 9.504298680000000318e-03 9.568365290000000259e-03 9.635742750000000564e-03 9.706557730000000758e-03 9.780931289999999362e-03 9.858983570000000307e-03 9.940830059999999219e-03 1.002658529999999985e-02 1.011635829999999944e-02 1.021025799999999983e-02 1.030839140000000022e-02 1.041086299999999937e-02 1.051777509999999964e-02 1.062922919999999966e-02 1.074532610000000082e-02 1.086616330000000040e-02 1.099183970000000045e-02 1.112245119999999941e-02 1.125809359999999960e-02 1.139886120000000065e-02 1.154484880000000019e-02 1.169614960000000051e-02 1.185285670000000083e-02 1.201506240000000010e-02 1.218285879999999981e-02 1.235633809999999930e-02 1.253559159999999978e-02 1.272071060000000073e-02 1.291178630000000029e-02 1.310891009999999926e-02 1.331217309999999966e-02 1.352166760000000044e-02 1.373748389999999986e-02 1.395971510000000061e-02 1.418845260000000004e-02 1.442378849999999962e-02 1.466581599999999992e-02 1.491462720000000068e-02 1.517031620000000060e-02 1.543297710000000010e-02 1.570270400000000136e-02 1.597958990000000051e-02 1.626373269999999843e-02 1.655522359999999846e-02 1.685416329999999893e-02 1.716064659999999922e-02 1.747476870000000057e-02 1.779662629999999995e-02 1.812632009999999919e-02 1.846394499999999897e-02 1.880959980000000004e-02 1.916338319999999831e-02 1.952539379999999880e-02 1.989572679999999927e-02 2.027448639999999969e-02 2.066176570000000101e-02 2.105766720000000133e-02 2.146228780000000030e-02 2.187572609999999945e-02 2.229807899999999843e-02 2.272944710000000118e-02 2.316992359999999959e-02 2.361961079999999949e-02 2.407860009999999995e-02 2.454699020000000037e-02 2.502487600000000145e-02 2.551235069999999855e-02 2.600950930000000064e-02 2.651644499999999960e-02 2.703324890000000091e-02 2.756001240000000019e-02 2.809682299999999994e-02 2.864377389999999898e-02
9.359865449999999268e-03 9.886121379999999667e-03 1.020278219999999972e-02 1.041288670000000034e-02 1.056282040000000068e-02 1.067630200000000036e-02 1.076675489999999978e-02 1.084237270000000010e-02 1.090844160000000070e-02 1.096852400000000033e-02 1.102511029999999996e-02 1.108000049999999931e-02 1.113453969999999953e-02 1.118976439999999975e-02 1.124649869999999954e-02 1.130541969999999952e-02 1.136709659999999948e-02 1.143202370000000016e-02 1.150063429999999970e-02 1.157332299999999994e-02 1.165044869999999969e-02 1.173234450000000019e-02 1.181932259999999950e-02 1.191167809999999980e-02 1.200969330000000064e-02 1.211363640000000068e-02 1.222376619999999969e-02 1.234033149999999926e-02 1.246357430000000037e-02 1.259372849999999995e-02 1.273102029999999968e-02 1.287567340000000081e-02 1.302790179999999999e-02 1.318791690000000079e-02 1.335592570000000007e-02 1.353212999999999985e-02 1.371672659999999960e-02 1.390991079999999956e-02 1.411187279999999954e-02 1.432279959999999998e-02 1.454287490000000065e-02 1.477228109999999955e-02 1.501119419999999947e-02 1.525979210000000079e-02 1.551824620000000036e-02 1.578672789999999854e-02 1.606540570000000029e-02 1.635444720000000032e-02 1.665401650000000039e-02 1.696427350000000167e-02 1.728538240000000031e-02 1.761750130000000122e-02 1.796078870000000077e-02 1.831540090000000065e-02 1.868149269999999987e-02 1.905921660000000142e-02 1.944872920000000061e-02 1.985017960000000012e-02 2.026371839999999841e-02 2.068949860000000168e-02 2.112766539999999874e-02 2.157837149999999871e-02 2.204176219999999867e-02 2.251798660000000132e-02 2.300718989999999894e-02 2.350951730000000114e-02 2.402511430000000073e-02 2.455412779999999878e-02 2.509669960000000116e-02 2.565297299999999905e-02 2.622309139999999886e-02 2.680719640000000029e-02 2.740543150000000067e-02 2.801793249999999860e-02 2.864483929999999887e-02 2.928629329999999850e-02 2.994242680000000142e-02 3.061337960000000066e-02 3.129928559999999721e-02 3.200027350000000242e-02 3.271647540000000021e-02 3.344802560000000036e-02 3.419504310000000269e-02 3.495766220000000313e-02 3.573599830000000199e-02 3.653017800000000342e-02 3.734031689999999654e-02 3.816652670000000164e-02 3.900892660000000040e-02 3.986762459999999841e-02 4.074272889999999703e-02 4.163433610000000229e-02 4.254255070000000083e-02 4.346746950000000137e-02 4.440918559999999793e-02 4.536778479999999808e-02 4.634335640000000062e-02 4.733597490000000102e-02 4.834572229999999776e-02 4.937266559999999721e-02
1.185582299999999971e-02 1.248992609999999975e-02 1.286857760000000017e-02 1.311918909999999945e-02 1.329844170000000006e-02 1.343543919999999961e-02 1.354679559999999970e-02 1.364271339999999916e-02 1.372980050000000007e-02 1.381252240000000082e-02 1.389401959999999984e-02 1.397658790000000026e-02 1.406196969999999949e-02 1.415154339999999920e-02 1.424643679999999975e-02 1.434760449999999965e-02 1.445588000000000081e-02 1.457200760000000074e-02 1.469666700000000006e-02 1.483048680000000064e-02 1.497405859999999950e-02 1.512794200000000013e-02 1.529266869999999952e-02 1.546875009999999946e-02 1.565667800000000026e-02 1.585692730000000036e-02 1.606995610000000116e-02 1.629620790000000166e-02 1.653611470000000000e-02 1.679009390000000060e-02 1.705855319999999981e-02 1.734188570000000026e-02 1.764047889999999924e-02 1.795470340000000081e-02 1.828492619999999916e-02 1.863149929999999982e-02 1.899476909999999949e-02 1.937507089999999932e-02 1.977273079999999905e-02 2.018806899999999946e-02 2.062139470000000016e-02 2.107301170000000154e-02 2.154321039999999854e-02 2.203227950000000157e-02 2.254049669999999908e-02 2.306813370000000002e-02 2.361545149999999885e-02 2.418271079999999990e-02 2.477015739999999938e-02 2.537803539999999858e-02 2.600658130000000137e-02 2.665602229999999850e-02 2.732658389999999965e-02 2.801848020000000106e-02 2.873192360000000056e-02 2.946711700000000100e-02 3.022425990000000146e-02 3.100354409999999880e-02 3.180515770000000297e-02 3.262928130000000010e-02 3.347609189999999763e-02 3.434575720000000026e-02 3.523844109999999669e-02 3.615430740000000198e-02 3.709350530000000284e-02 3.805618730000000227e-02 3.904249519999999918e-02 4.005256299999999936e-02 4.108652470000000168e-02 4.214450720000000039e-02 4.322662950000000226e-02 4.433300720000000333e-02 4.546374830000000228e-02 4.661895330000000170e-02 4.779871930000000047e-02 4.900313540000000162e-02 5.023228379999999937e-02 5.148624260000000258e-02 5.276507510000000289e-02 5.406884480000000159e-02 5.539760739999999989e-02 5.675140769999999918e-02 5.813028289999999654e-02 5.953425910000000043e-02 6.096336620000000067e-02 6.241760779999999675e-02 6.389699129999999727e-02 6.540151689999999796e-02 6.693115830000000155e-02 6.848590079999999913e-02 7.006571440000000650e-02 7.167053969999999385e-02 7.330033179999999315e-02 7.495503130000000236e-02 7.663455610000000084e-02 7.833883170000000007e-02 8.006774630000000614e-02 8.182121069999999385e-02 8.359910550000000662e-02 8.540128919999999402e-02
1.502127389999999979e-02 1.577865889999999910e-02 1.622712429999999956e-02 1.652272980000000016e-02 1.673494279999999945e-02 1.689991169999999904e-02 1.703847760000000086e-02 1.716349459999999896e-02 1.728329430000000166e-02 1.740353180000000013e-02 1.752822849999999960e-02 1.766037939999999876e-02 1.780232790000000134e-02 1.795598309999999961e-02 1.812297109999999947e-02 1.830472610000000167e-02 1.850253899999999840e-02 1.871760189999999852e-02 1.895102859999999931e-02 1.920387520000000139e-02 1.947714760000000128e-02 1.977181059999999838e-02 2.008878630000000137e-02 2.042896669999999873e-02 2.079320889999999866e-02 2.118234520000000093e-02 2.159716750000000018e-02 2.203844859999999975e-02 2.250692810000000030e-02 2.300331560000000095e-02 2.352830020000000119e-02 2.408253590000000027e-02 2.466665579999999941e-02 2.528126350000000147e-02 2.592693639999999952e-02 2.660422399999999923e-02 2.731365150000000103e-02 2.805571999999999927e-02 2.883089889999999877e-02 2.963964079999999862e-02 3.048236299999999843e-02 3.135946390000000222e-02 3.227131810000000156e-02 3.321826459999999842e-02 3.420063109999999656e-02 3.521871570000000007e-02 3.627278660000000238e-02 3.736309329999999707e-02 3.848986699999999705e-02 3.965330119999999764e-02 4.085357860000000257e-02 4.209085180000000231e-02 4.336525869999999921e-02 4.467690740000000021e-02 4.602588340000000194e-02 4.741226140000000255e-02 4.883608219999999861e-02 5.029737199999999991e-02 5.179613830000000252e-02 5.333236229999999828e-02 5.490601440000000139e-02 5.651703849999999835e-02 5.816536399999999718e-02 5.985089390000000037e-02 6.157352029999999671e-02 6.333311649999999460e-02 6.512952599999999315e-02 6.696259979999999445e-02 6.883215160000000221e-02 7.073797290000000126e-02 7.267985489999999327e-02 7.465755940000000368e-02 7.667084779999999711e-02 7.871943709999999761e-02 8.080304409999999882e-02 8.292137830000000098e-02 8.507411930000000067e-02 8.726093170000000232e-02 8.948145809999999423e-02 9.173534810000000261e-02 9.402220699999999654e-02 9.634163980000000349e-02 9.869323670000000603e-02 1.010765660000000066e-01 1.034911720000000063e-01 1.059366090000000010e-01 1.084124000000000060e-01 1.109180450000000068e-01 1.134530450000000024e-01 1.160168719999999931e-01 1.186090040000000040e-01 1.212288890000000063e-01 1.238759610000000067e-01 1.265496459999999879e-01 1.292493490000000134e-01 1.319744880000000009e-01 1.347244380000000019e-01 1.374985720000000133e-01 1.402962510000000107e-01 1.431168469999999915e-01
1.903737900000000011e-02 1.993169820000000036e-02 2.045408820000000141e-02 2.079524469999999986e-02 2.104165590000000099e-02 2.123918760000000072e-02 2.141443269999999954e-02 2.158373590000000133e-02 2.175767530000000116e-02 2.194348349999999948e-02 2.214638890000000110e-02 2.237041110000000110e-02 2.261881719999999860e-02 2.289438619999999841e-02 2.319958429999999933e-02 2.353665610000000089e-02 2.390768379999999929e-02 2.431463639999999898e-02 2.475937460000000173e-02 2.524367909999999937e-02 2.576925050000000023e-02 2.633771489999999979e-02 2.695062759999999891e-02 2.760946749999999839e-02 2.831564840000000069e-02 2.907050770000000131e-02 2.987530830000000026e-02 3.073124220000000156e-02 3.163942320000000252e-02 3.260089830000000022e-02 3.361662099999999931e-02 3.468748549999999681e-02 3.581430389999999686e-02 3.699780259999999737e-02 3.823863710000000027e-02 3.953739259999999867e-02 4.089456419999999703e-02 4.231057319999999983e-02 4.378577320000000273e-02 4.532042520000000019e-02 4.691473389999999827e-02 4.856880749999999830e-02 5.028270180000000283e-02 5.205638330000000175e-02 5.388975139999999803e-02 5.578264589999999690e-02 5.773482099999999867e-02 5.974597110000000322e-02 6.181573120000000143e-02 6.394366919999999732e-02 6.612927470000000418e-02 6.837201119999999910e-02 7.067126040000000498e-02 7.302635159999999737e-02 7.543656229999999574e-02 7.790113989999999933e-02 8.041924979999999501e-02 8.299003539999999512e-02 8.561259509999999406e-02 8.828597520000000531e-02 9.100919959999999309e-02 9.378124770000000054e-02 9.660106899999999774e-02 9.946756810000000060e-02 1.023796500000000026e-01 1.053361740000000046e-01 1.083359789999999989e-01 1.113778730000000022e-01 1.144606620000000047e-01 1.175831180000000004e-01 1.207440199999999936e-01 1.239420999999999995e-01 1.271761060000000110e-01 1.304447649999999903e-01 1.337468029999999974e-01 1.370809080000000013e-01 1.404458140000000022e-01 1.438401940000000045e-01 1.472627820000000087e-01 1.507122519999999910e-01 1.541873069999999957e-01 1.576866660000000031e-01 1.612089869999999980e-01 1.647530200000000000e-01 1.683174520000000063e-01 1.719010029999999967e-01 1.755024050000000002e-01 1.791203769999999973e-01 1.827536670000000085e-01 1.864010239999999985e-01 1.900611969999999873e-01 1.937329770000000007e-01 1.974151279999999953e-01 2.011064740000000073e-01 2.048057909999999870e-01 2.085119490000000020e-01 2.122237529999999872e-01 2.159400880000000023e-01 2.196598200000000056e-01 2.233818469999999945e-01
2.413301169999999829e-02 2.516989409999999955e-02 2.575890720000000023e-02 2.613588609999999840e-02 2.641185750000000013e-02 2.664655449999999912e-02 2.687430940000000087e-02 2.711592989999999856e-02 2.738481200000000143e-02 2.769020939999999875e-02 2.803901959999999943e-02 2.843676690000000035e-02 2.888814729999999997e-02 2.939733489999999880e-02 2.996814810000000134e-02 3.060414460000000086e-02 3.130867329999999921e-02 3.208490829999999933e-02 3.293583540000000198e-02 3.386428579999999772e-02 3.487291559999999846e-02 3.596419099999999952e-02 3.714041409999999793e-02 3.840368239999999989e-02 3.975590319999999789e-02 4.119878259999999737e-02 4.273381460000000298e-02 4.436229170000000055e-02 4.608528320000000039e-02 4.790364949999999927e-02 4.981803149999999847e-02 5.182884630000000187e-02 5.393630270000000088e-02 5.614039669999999760e-02 5.844089759999999967e-02 6.083737689999999670e-02 6.332919750000000347e-02 6.591551750000000653e-02 6.859531250000000524e-02 7.136735319999999716e-02 7.423023130000000469e-02 7.718238230000000477e-02 8.022204789999999586e-02 8.334733549999999436e-02 8.655619620000000458e-02 8.984643970000000257e-02 9.321574870000000346e-02 9.666170920000000111e-02 1.001817660000000054e-01 1.037732880000000052e-01 1.074335579999999984e-01 1.111597790000000002e-01 1.149490999999999985e-01 1.187986139999999968e-01 1.227053550000000021e-01 1.266663520000000098e-01 1.306785940000000090e-01 1.347390559999999959e-01 1.388447280000000006e-01 1.429926009999999970e-01 1.471796479999999963e-01 1.514029060000000038e-01 1.556594069999999996e-01 1.599462480000000131e-01 1.642605510000000046e-01 1.685994859999999929e-01 1.729602660000000014e-01 1.773401950000000060e-01 1.817366029999999966e-01 1.861468850000000119e-01 1.905685370000000101e-01 1.949990839999999892e-01 1.994361580000000023e-01 2.038774339999999963e-01 2.083206770000000096e-01 2.127637420000000057e-01 2.172045410000000010e-01 2.216410639999999987e-01 2.260713729999999921e-01 2.304936499999999944e-01 2.349060920000000108e-01 2.393070009999999914e-01 2.436947670000000066e-01 2.480678259999999913e-01 2.524246869999999809e-01 2.567639649999999829e-01 2.610843179999999819e-01 2.653844650000000138e-01 2.696631850000000274e-01 2.739193739999999933e-01 2.781519290000000200e-01 2.823598379999999741e-01 2.865421470000000248e-01 2.906979619999999764e-01 2.948264179999999790e-01 2.989267709999999800e-01 3.029982150000000152e-01 3.070400950000000129e-01 3.110517859999999968e-01 3.150326909999999758e-01
3.058760049999999925e-02 3.174890579999999768e-02 3.237053749999999758e-02 3.275349360000000265e-02 3.304554519999999829e-02 3.332560510000000253e-02 3.363764660000000128e-02 3.400759770000000293e-02 3.445204720000000220e-02 3.498269620000000329e-02 3.560863439999999852e-02 3.633751350000000158e-02 3.717609489999999794e-02 3.813057019999999825e-02 3.920666500000000165e-02 4.040970280000000248e-02 4.174461589999999694e-02 4.321593420000000019e-02 4.482775929999999881e-02 4.658374559999999692e-02 4.848707470000000047e-02 5.054042119999999777e-02 5.274594579999999922e-02 5.510526150000000234e-02 5.761943759999999665e-02 6.028898060000000003e-02 6.311382349999999919e-02 6.609334799999999621e-02 6.922636179999999695e-02 7.251114399999999960e-02 7.594540719999999523e-02 7.952637229999999502e-02 8.325074609999999486e-02 8.711478109999999664e-02 9.111427519999999725e-02 9.524461630000000123e-02 9.950079770000000434e-02 1.038774999999999976e-01 1.083690669999999995e-01 1.129695919999999937e-01 1.176729130000000040e-01 1.224727030000000022e-01 1.273624600000000107e-01 1.323355730000000119e-01 1.373853389999999952e-01 1.425050649999999863e-01 1.476879570000000086e-01 1.529273539999999876e-01 1.582165660000000029e-01 1.635490360000000087e-01 1.689183119999999871e-01 1.743180900000000089e-01 1.797421869999999977e-01 1.851846580000000020e-01 1.906397190000000130e-01 1.961018150000000126e-01 2.015656229999999993e-01 2.070260200000000050e-01 2.124781910000000107e-01 2.179175020000000129e-01 2.233396169999999903e-01 2.287404540000000097e-01 2.341161669999999861e-01 2.394631799999999977e-01 2.447781410000000046e-01 2.500579949999999774e-01 2.552998960000000261e-01 2.605012059999999852e-01 2.656595709999999833e-01 2.707728150000000000e-01 2.758390009999999726e-01 2.808564009999999778e-01 2.858234049999999749e-01 2.907386719999999758e-01 2.956010099999999974e-01 3.004093769999999775e-01 3.051628769999999991e-01 3.098608259999999781e-01 3.145025670000000106e-01 3.190876839999999826e-01 3.236157599999999745e-01 3.280866150000000259e-01 3.325000699999999809e-01 3.368560669999999813e-01 3.411546650000000236e-01 3.453959819999999903e-01 3.495801390000000120e-01 3.537074629999999997e-01 3.577781919999999949e-01 3.617927430000000277e-01 3.657515049999999768e-01 3.696548940000000116e-01 3.735034469999999884e-01 3.772976399999999897e-01 3.810380700000000065e-01 3.847252729999999787e-01 3.883598449999999813e-01 3.919424120000000178e-01 3.954736289999999932e-01 3.989541229999999938e-01
3.871739280000000005e-02 3.992465509999999773e-02 4.049032930000000252e-02 4.081684349999999822e-02 4.110443219999999898e-02 4.145507140000000146e-02 4.192224139999999738e-02 4.253621769999999663e-02 4.331632700000000169e-02 4.427670310000000192e-02 4.542889449999999718e-02 4.678296299999999686e-02 4.834797610000000218e-02 5.013210700000000214e-02 5.214265729999999904e-02 5.438596009999999842e-02 5.686733129999999720e-02 5.959095429999999860e-02 6.255981330000000284e-02 6.577562539999999569e-02 6.923880429999999808e-02 7.294839620000000135e-02 7.690209900000000154e-02 8.109625430000000357e-02 8.552587030000000090e-02 9.018468109999999704e-02 9.506516900000000492e-02 1.001586770000000015e-01 1.054554810000000037e-01 1.109448890000000049e-01 1.166153620000000002e-01 1.224546059999999936e-01 1.284497380000000077e-01 1.345873479999999955e-01 1.408537179999999889e-01 1.472348420000000047e-01 1.537166090000000040e-01 1.602849070000000042e-01 1.669257580000000074e-01 1.736253500000000116e-01 1.803702120000000020e-01 1.871472299999999978e-01 1.939437539999999960e-01 2.007476990000000017e-01 2.075475009999999954e-01 2.143322380000000082e-01 2.210916430000000044e-01 2.278161200000000108e-01 2.344967870000000121e-01 2.411254049999999871e-01 2.476944919999999883e-01 2.541972399999999910e-01 2.606275080000000077e-01 2.669798139999999820e-01 2.732493280000000135e-01 2.794318499999999816e-01 2.855237420000000248e-01 2.915219370000000088e-01 2.974238690000000074e-01 3.032274839999999916e-01 3.089312020000000159e-01 3.145338300000000142e-01 3.200345929999999783e-01 3.254331050000000003e-01 3.307292459999999767e-01 3.359231950000000078e-01 3.410154879999999777e-01 3.460068110000000252e-01 3.508980870000000252e-01 3.556904490000000196e-01 3.603851800000000272e-01 3.649836779999999781e-01 3.694874940000000274e-01 3.738983269999999748e-01 3.782178760000000084e-01 3.824479279999999926e-01 3.865903909999999777e-01 3.906471730000000142e-01 3.946201500000000029e-01 3.985113499999999864e-01 4.023226799999999881e-01 4.060561360000000120e-01 4.097136559999999816e-01 4.132972059999999725e-01 4.168087240000000193e-01 4.202500880000000216e-01 4.236231739999999912e-01 4.269298320000000091e-01 4.301718469999999961e-01 4.333510400000000207e-01 4.364691079999999945e-01 4.395277499999999948e-01 4.425286050000000193e-01 4.454732539999999852e-01 4.483633040000000181e-01 4.512002170000000145e-01 4.539855119999999800e-01 4.567205610000000249e-01 4.594067629999999958e-01 4.620454909999999749e-01
4.879917949999999782e-02 4.983344299999999810e-02 5.014916140000000300e-02 5.030772840000000135e-02 5.057283120000000132e-02 5.106445770000000300e-02 5.183886740000000215e-02 5.292581390000000024e-02 5.434432250000000020e-02 5.610893289999999839e-02 5.823188280000000244e-02 6.072368100000000157e-02 6.359305980000000413e-02 6.684669849999999580e-02 7.048896699999999960e-02 7.452159369999999949e-02 7.894353569999999765e-02 8.375077690000000408e-02 8.893630650000000637e-02 9.449008849999999959e-02 1.003991510000000059e-01 1.066477150000000040e-01 1.132173989999999963e-01 1.200874450000000010e-01 1.272350250000000016e-01 1.346355830000000031e-01 1.422631289999999882e-01 1.500906800000000041e-01 1.580905619999999900e-01 1.662348060000000127e-01 1.744954880000000041e-01 1.828450560000000058e-01 1.912565979999999999e-01 1.997041549999999943e-01 2.081629190000000018e-01 2.166094179999999980e-01 2.250216899999999964e-01 2.333793490000000137e-01 2.416637239999999964e-01 2.498578579999999882e-01 2.579465510000000239e-01 2.659163179999999849e-01 2.737553719999999968e-01 2.814535799999999810e-01 2.890023290000000022e-01 2.963945570000000029e-01 3.036245699999999825e-01 3.106879590000000135e-01 3.175815339999999987e-01 3.243031499999999845e-01 3.308517040000000242e-01 3.372269569999999939e-01 3.434294760000000113e-01 3.494605419999999851e-01 3.553219739999999849e-01 3.610162140000000019e-01 3.665460939999999890e-01 3.719148930000000242e-01 3.771261570000000174e-01 3.821836710000000026e-01 3.870915169999999961e-01 3.918538389999999816e-01 3.964749280000000042e-01 4.009591639999999790e-01 4.053109879999999832e-01 4.095348420000000100e-01 4.136351050000000029e-01 4.176162179999999835e-01 4.214824440000000116e-01 4.252381319999999909e-01 4.288873970000000035e-01 4.324344099999999913e-01 4.358830750000000087e-01 4.392373259999999835e-01 4.425009489999999768e-01 4.456775190000000220e-01 4.487706419999999974e-01 4.517836570000000052e-01 4.547199009999999819e-01 4.575824740000000168e-01 4.603744149999999813e-01 4.630986750000000152e-01 4.657579660000000232e-01 4.683550300000000055e-01 4.708923999999999888e-01 4.733725189999999916e-01 4.757976830000000268e-01 4.781701560000000129e-01 4.804920260000000165e-01 4.827653769999999955e-01 4.849920569999999764e-01 4.871739449999999971e-01 4.893127979999999932e-01 4.914102550000000180e-01 4.934678969999999887e-01 4.954872430000000216e-01 4.974696929999999906e-01 4.994166199999999778e-01 5.013293030000000039e-01 5.032089950000000478e-01
6.081087140000000085e-02 6.117567790000000283e-02 6.088896469999999922e-02 6.072906399999999927e-02 6.100121139999999803e-02 6.181334699999999766e-02 6.320321560000000116e-02 6.518647819999999482e-02 6.777242569999999966e-02 7.096791269999999652e-02 7.477749140000000683e-02 7.920236890000000030e-02 8.423938599999999943e-02 8.988013120000000467e-02 9.611041100000000670e-02 1.029099599999999948e-01 1.102524700000000052e-01 1.181058360000000057e-01 1.264326269999999919e-01 1.351907099999999917e-01 1.443340330000000005e-01 1.538135110000000139e-01 1.635779739999999871e-01 1.735751030000000084e-01 1.837523879999999887e-01 1.940580010000000077e-01 2.044416219999999895e-01 2.148551489999999953e-01 2.252532540000000139e-01 2.355939300000000070e-01 2.458387609999999890e-01 2.559531930000000233e-01 2.659066319999999761e-01 2.756724660000000049e-01 2.852280739999999981e-01 2.945544720000000116e-01 3.036364610000000241e-01 3.124620320000000007e-01 3.210223320000000213e-01 3.293113710000000194e-01 3.373256029999999739e-01 3.450637759999999887e-01 3.525265750000000087e-01 3.597163859999999991e-01 3.666370210000000074e-01 3.732935490000000023e-01 3.796919579999999961e-01 3.858391640000000122e-01 3.917425270000000070e-01 3.974100950000000188e-01 4.028501210000000055e-01 4.080711009999999916e-01 4.130817350000000054e-01 4.178906680000000207e-01 4.225066009999999816e-01 4.269380870000000217e-01 4.311935599999999758e-01 4.352812770000000220e-01 4.392092819999999787e-01 4.429853859999999810e-01 4.466171259999999754e-01 4.501118359999999874e-01 4.534764589999999984e-01 4.567177299999999884e-01 4.598421449999999799e-01 4.628557859999999913e-01 4.657645819999999826e-01 4.685741070000000175e-01 4.712896650000000243e-01 4.739163820000000249e-01 4.764589969999999952e-01 4.789220989999999900e-01 4.813099800000000261e-01 4.836267530000000203e-01 4.858762620000000032e-01 4.880621729999999880e-01 4.901879129999999751e-01 4.922567609999999871e-01 4.942717249999999951e-01 4.962357880000000110e-01 4.981516000000000277e-01 5.000217559999999839e-01 5.018486380000000135e-01 5.036345719999999471e-01 5.053816439999999632e-01 5.070918800000000504e-01 5.087671280000000129e-01 5.104092359999999884e-01 5.120197530000000219e-01 5.136003489999999561e-01 5.151523949999999852e-01 5.166773199999999955e-01 5.181763769999999658e-01 5.196507569999999632e-01 5.211015940000000013e-01 5.225299599999999600e-01 5.239368079999999761e-01 5.253231529999999871e-01 5.266897080000000342e-01 5.280374289999999471e-01
7.394297419999999732e-02 7.276213909999999785e-02 7.143028830000000551e-02 7.089404759999999583e-02 7.139025629999999623e-02 7.294222710000000665e-02 7.552807779999999582e-02 7.912353430000000631e-02 8.370739219999999425e-02 8.925807480000000349e-02 9.574929620000000030e-02 1.031467390000000012e-01 1.114061620000000030e-01 1.204726400000000058e-01 1.302808079999999979e-01 1.407558469999999895e-01 1.518150719999999954e-01 1.633698789999999956e-01 1.753278970000000103e-01 1.875953079999999884e-01 2.000789940000000100e-01 2.126885950000000081e-01 2.253382499999999899e-01 2.379480900000000010e-01 2.504453059999999787e-01 2.627649309999999794e-01 2.748503680000000116e-01 2.866532800000000103e-01 2.981337310000000129e-01 3.092596530000000232e-01 3.200064899999999768e-01 3.303564190000000123e-01 3.402978480000000139e-01 3.498245779999999971e-01 3.589350880000000132e-01 3.676319419999999893e-01 3.759209809999999874e-01 3.838108780000000220e-01 3.913123909999999817e-01 3.984380659999999796e-01 4.052017330000000084e-01 4.116180240000000268e-01 4.177022579999999929e-01 4.234699310000000216e-01 4.289367789999999903e-01 4.341183599999999809e-01 4.390299619999999958e-01 4.436865750000000275e-01 4.481027719999999825e-01 4.522925620000000091e-01 4.562694130000000126e-01 4.600462619999999836e-01 4.636353550000000268e-01 4.670484360000000112e-01 4.702965920000000133e-01 4.733903110000000081e-01 4.763395189999999890e-01 4.791535140000000026e-01 4.818411470000000252e-01 4.844106730000000138e-01 4.868698719999999813e-01 4.892260130000000151e-01 4.914859529999999754e-01 4.936560689999999751e-01 4.957423810000000097e-01 4.977504609999999774e-01 4.996855849999999877e-01 5.015526409999999657e-01 5.033562179999999664e-01 5.051006080000000065e-01 5.067896840000000180e-01 5.084273219999999593e-01 5.100169180000000413e-01 5.115616920000000123e-01 5.130646819999999941e-01 5.145286919999999542e-01 5.159563419999999567e-01 5.173500779999999910e-01 5.187121030000000355e-01 5.200446250000000381e-01 5.213494899999999710e-01 5.226285459999999716e-01 5.238835219999999904e-01 5.251159669999999613e-01 5.263273120000000471e-01 5.275189279999999981e-01 5.286920670000000433e-01 5.298478599999999483e-01 5.309873219999999838e-01 5.321115849999999980e-01 5.332214240000000549e-01 5.343176720000000213e-01 5.354012249999999806e-01 5.364727379999999490e-01 5.375328059999999741e-01 5.385820869999999871e-01 5.396211739999999812e-01 5.406505470000000368e-01 5.416706199999999916e-01 5.426818730000000368e-01
8.622150870000000467e-02 8.250724519999999562e-02 7.999632510000000141e-02 7.944567499999999338e-02 8.080706749999999605e-02 8.392350379999999332e-02 8.866588029999999954e-02 9.493497759999999785e-02 1.026433040000000046e-01 1.117003190000000062e-01 1.220037340000000026e-01 1.334358449999999974e-01 1.458634289999999889e-01 1.591401100000000013e-01 1.731101419999999946e-01 1.876130699999999929e-01 2.024886009999999903e-01 2.175811079999999953e-01 2.327437549999999966e-01 2.478416710000000134e-01 2.627543809999999813e-01 2.773772480000000207e-01 2.916221319999999784e-01 3.054172689999999912e-01 3.187066319999999897e-01 3.314488830000000275e-01 3.436158300000000110e-01 3.551909630000000262e-01 3.661678139999999804e-01 3.765483199999999919e-01 3.863413330000000090e-01 3.955611589999999955e-01 4.042263629999999774e-01 4.123586120000000133e-01 4.199818069999999848e-01 4.271212520000000068e-01 4.338029919999999984e-01 4.400532839999999890e-01 4.458982650000000159e-01 4.513634440000000025e-01 4.564736489999999813e-01 4.612528089999999859e-01 4.657236929999999941e-01 4.699080589999999891e-01 4.738263790000000197e-01 4.774980249999999926e-01 4.809411169999999736e-01 4.841726720000000261e-01 4.872086050000000168e-01 4.900636669999999806e-01 4.927516579999999813e-01 4.952853620000000068e-01 4.976767000000000274e-01 4.999366700000000274e-01 5.020754929999999838e-01 5.041025879999999626e-01 5.060268039999999967e-01 5.078561310000000439e-01 5.095980759999999554e-01 5.112596149999999451e-01 5.128471260000000420e-01 5.143664479999999761e-01 5.158231850000000174e-01 5.172222260000000071e-01 5.185683370000000458e-01 5.198657509999999871e-01 5.211185219999999729e-01 5.223302840000000336e-01 5.235043759999999935e-01 5.246440169999999625e-01 5.257520079999999929e-01 5.268310899999999464e-01 5.278836489999999548e-01 5.289119479999999651e-01 5.299181339999999851e-01 5.309040550000000414e-01 5.318714979999999981e-01 5.328220729999999516e-01 5.337573289999999471e-01 5.346785779999999599e-01 5.355870719999999974e-01 5.364840629999999555e-01 5.373704430000000309e-01 5.382472870000000187e-01 5.391154289999999794e-01 5.399757029999999736e-01 5.408287640000000174e-01 5.416753890000000071e-01 5.425160530000000536e-01 5.433513519999999541e-01 5.441818240000000362e-01 5.450078250000000013e-01 5.458297730000000181e-01 5.466480259999999536e-01 5.474628209999999884e-01 5.482745770000000407e-01 5.490834119999999929e-01 5.498896239999999658e-01 5.506933330000000071e-01 5.514946579999999710e-01
9.482121470000000329e-02 8.829875289999999932e-02 8.534027639999999804e-02 8.583371339999999738e-02 8.924655619999999345e-02 9.518739580000000478e-02 1.033860300000000038e-01 1.136246250000000069e-01 1.256935150000000057e-01 1.393701880000000060e-01 1.544131639999999916e-01 1.705647259999999998e-01 1.875582490000000102e-01 2.051276270000000068e-01 2.230165749999999947e-01 2.409868840000000123e-01 2.588246759999999758e-01 2.763446270000000093e-01 2.933920620000000090e-01 3.098430930000000139e-01 3.256033360000000210e-01 3.406056760000000239e-01 3.548070790000000252e-01 3.681852219999999787e-01 3.807351889999999739e-01 3.924659790000000203e-01 4.033975300000000042e-01 4.135580360000000177e-01 4.229815599999999787e-01 4.317060710000000245e-01 4.397719500000000226e-01 4.472205340000000029e-01 4.540932770000000174e-01 4.604309200000000213e-01 4.662729500000000193e-01 4.716572459999999745e-01 4.766197500000000087e-01 4.811943169999999825e-01 4.854127759999999903e-01 4.893046919999999855e-01 4.928976299999999755e-01 4.962170419999999971e-01 4.992864430000000242e-01 5.021275280000000452e-01 5.047602060000000446e-01 5.072027439999999832e-01 5.094719530000000329e-01 5.115830900000000181e-01 5.135504010000000452e-01 5.153865810000000103e-01 5.171034340000000284e-01 5.187117460000000291e-01 5.202213530000000530e-01 5.216412540000000542e-01 5.229796169999999522e-01 5.242438910000000174e-01 5.254411100000000445e-01 5.265773529999999703e-01 5.276584629999999665e-01 5.286896819999999941e-01 5.296757819999999839e-01 5.306211109999999787e-01 5.315297249999999529e-01 5.324053170000000446e-01 5.332511659999999987e-01 5.340704320000000394e-01 5.348657970000000317e-01 5.356399419999999800e-01 5.363951919999999651e-01 5.371336340000000265e-01 5.378572339999999619e-01 5.385678409999999916e-01 5.392670630000000465e-01 5.399562719999999594e-01 5.406369570000000291e-01 5.413103099999999612e-01 5.419774059999999949e-01 5.426392559999999587e-01 5.432968139999999613e-01 5.439508560000000381e-01 5.446021559999999484e-01 5.452513690000000413e-01 5.458990339999999497e-01 5.465458039999999684e-01 5.471920369999999645e-01 5.478381509999999954e-01 5.484845640000000078e-01 5.491315719999999567e-01 5.497794750000000175e-01 5.504284499999999580e-01 5.510786770000000168e-01 5.517303940000000129e-01 5.523837209999999942e-01 5.530386569999999891e-01 5.536954400000000387e-01 5.543539520000000387e-01 5.550143720000000336e-01 5.556766389999999722e-01 5.563406939999999690e-01 5.570066569999999606e-01
9.743805229999999429e-02 8.936784420000000451e-02 8.765409890000000481e-02 9.080821279999999607e-02 9.781023860000000181e-02 1.080473589999999956e-01 1.210759649999999937e-01 1.364951430000000132e-01 1.538968239999999876e-01 1.728559580000000040e-01 1.929398629999999892e-01 2.137250159999999899e-01 2.348145100000000041e-01 2.558524309999999913e-01 2.765335139999999803e-01 2.966077630000000243e-01 3.158808949999999949e-01 3.342109620000000003e-01 3.515032829999999997e-01 3.677035570000000142e-01 3.827911319999999784e-01 3.967718179999999983e-01 4.096719919999999848e-01 4.215327799999999958e-01 4.324056510000000020e-01 4.423485400000000123e-01 4.514228699999999761e-01 4.596913160000000165e-01 4.672159550000000161e-01 4.740571679999999732e-01 4.802727399999999758e-01 4.859172110000000155e-01 4.910418389999999800e-01 4.956941009999999981e-01 4.999179539999999977e-01 5.037538409999999800e-01 5.072388049999999593e-01 5.104066130000000090e-01 5.132880210000000387e-01 5.159110430000000136e-01 5.183010700000000304e-01 5.204811689999999658e-01 5.224721430000000000e-01 5.242928860000000135e-01 5.259603859999999464e-01 5.274901389999999690e-01 5.288960339999999594e-01 5.301906469999999594e-01 5.313854810000000484e-01 5.324907899999999916e-01 5.335158110000000065e-01 5.344690079999999677e-01 5.353580709999999909e-01 5.361897949999999691e-01 5.369704960000000193e-01 5.377057189999999709e-01 5.384007100000000046e-01 5.390600559999999541e-01 5.396879319999999813e-01 5.402881499999999670e-01 5.408641699999999775e-01 5.414191480000000167e-01 5.419558880000000523e-01 5.424770119999999807e-01 5.429847840000000536e-01 5.434812900000000058e-01 5.439685579999999909e-01 5.444482560000000193e-01 5.449219349999999684e-01 5.453910229999999748e-01 5.458567739999999890e-01 5.463203189999999987e-01 5.467827320000000491e-01 5.472449059999999754e-01 5.477076170000000355e-01 5.481717590000000362e-01 5.486378069999999774e-01 5.491064190000000123e-01 5.495781299999999980e-01 5.500532980000000238e-01 5.505323410000000361e-01 5.510156750000000381e-01 5.515034199999999664e-01 5.519959330000000497e-01 5.524933929999999993e-01 5.529958609999999775e-01 5.535035130000000025e-01 5.540164709999999548e-01 5.545347330000000019e-01 5.550583599999999729e-01 5.555873510000000071e-01 5.561216469999999967e-01 5.566611889999999452e-01 5.572059750000000200e-01 5.577559469999999742e-01 5.583109259999999852e-01 5.588708519999999735e-01 5.594356059999999742e-01 5.600050090000000536e-01 5.605790019999999929e-01
9.415575119999999854e-02 8.722040799999999927e-02 8.885663000000000589e-02 9.640743579999999646e-02 1.085436490000000059e-01 1.244437840000000017e-01 1.434214560000000027e-01 1.648018659999999913e-01 1.879034940000000042e-01 2.120603919999999865e-01 2.366544309999999984e-01 2.611429690000000026e-01 2.850761410000000051e-01 3.081029359999999939e-01 3.299678859999999880e-01 3.505016570000000220e-01 3.696079549999999880e-01 3.872495289999999812e-01 4.034346039999999745e-01 4.182047549999999836e-01 4.316246209999999861e-01 4.437736869999999723e-01 4.547397790000000106e-01 4.646142129999999981e-01 4.734882409999999764e-01 4.814506470000000093e-01 4.885860380000000003e-01 4.949739870000000042e-01 5.006883140000000232e-01 5.057970880000000058e-01 5.103625059999999936e-01 5.144410729999999710e-01 5.180841090000000149e-01 5.213378669999999548e-01 5.242440099999999825e-01 5.268399120000000213e-01 5.291591879999999470e-01 5.312319989999999548e-01 5.330852870000000188e-01 5.347430709999999587e-01 5.362271069999999806e-01 5.375565890000000291e-01 5.387488009999999994e-01 5.398191810000000368e-01 5.407816170000000477e-01 5.416484480000000046e-01 5.424306989999999606e-01 5.431383250000000329e-01 5.437802670000000393e-01 5.443643329999999780e-01 5.448977950000000181e-01 5.453870299999999949e-01 5.458377599999999497e-01 5.462551119999999871e-01 5.466437339999999923e-01 5.470077989999999613e-01 5.473510029999999471e-01 5.476767420000000497e-01 5.479879979999999762e-01 5.482875109999999497e-01 5.485777259999999877e-01 5.488607290000000472e-01 5.491386059999999736e-01 5.494130249999999993e-01 5.496855969999999703e-01 5.499576929999999697e-01 5.502306219999999470e-01 5.505054590000000303e-01 5.507832769999999600e-01 5.510649090000000472e-01 5.513511300000000226e-01 5.516426559999999535e-01 5.519400239999999735e-01 5.522438880000000161e-01 5.525546070000000309e-01 5.528725979999999929e-01 5.531982180000000193e-01 5.535317060000000122e-01 5.538733009999999846e-01 5.542231800000000375e-01 5.545814629999999967e-01 5.549482700000000213e-01 5.553236599999999967e-01 5.557076930000000026e-01 5.561003089999999593e-01 5.565015079999999781e-01 5.569112299999999793e-01 5.573294159999999664e-01 5.577559469999999742e-01 5.581907630000000342e-01 5.586336849999999909e-01 5.590845349999999936e-01 5.595431920000000225e-01 5.600095389999999451e-01 5.604832770000000020e-01 5.609643460000000026e-01 5.614523890000000517e-01 5.619473459999999587e-01 5.624489190000000471e-01 5.629569290000000503e-01
8.752360189999999762e-02 8.460529890000000053e-02 9.145749359999999495e-02 1.049349980000000016e-01 1.235260589999999936e-01 1.461205780000000010e-01 1.716679630000000067e-01 1.991308479999999992e-01 2.275298980000000082e-01 2.560013830000000268e-01 2.838373779999999735e-01 3.105010089999999945e-01 3.356198670000000162e-01 3.589656949999999735e-01 3.804274799999999845e-01 3.999835849999999748e-01 4.176766570000000067e-01 4.335924979999999929e-01 4.478434920000000097e-01 4.605561790000000100e-01 4.718623160000000039e-01 4.818927350000000165e-01 4.907733499999999971e-01 4.986226859999999816e-01 5.055505630000000084e-01 5.116575960000000478e-01 5.170350670000000148e-01 5.217653509999999883e-01 5.259222980000000103e-01 5.295719500000000135e-01 5.327730769999999838e-01 5.355781320000000401e-01 5.380335450000000019e-01 5.401805039999999503e-01 5.420554880000000297e-01 5.436909199999999664e-01 5.451154110000000497e-01 5.463543530000000148e-01 5.474302170000000523e-01 5.483629110000000084e-01 5.491700170000000103e-01 5.498672719999999625e-01 5.504685040000000251e-01 5.509859919999999800e-01 5.514306429999999981e-01 5.518121719999999897e-01 5.521391629999999884e-01 5.524193050000000271e-01 5.526593920000000271e-01 5.528654459999999826e-01 5.530428889999999820e-01 5.531964900000000407e-01 5.533305410000000091e-01 5.534487369999999684e-01 5.535545950000000381e-01 5.536510350000000136e-01 5.537407989999999502e-01 5.538262130000000116e-01 5.539093609999999890e-01 5.539922710000000361e-01 5.540764329999999793e-01 5.541635160000000226e-01 5.542546510000000426e-01 5.543511509999999864e-01 5.544539090000000225e-01 5.545639399999999775e-01 5.546819570000000033e-01 5.548086759999999451e-01 5.549446340000000477e-01 5.550904269999999974e-01 5.552464129999999942e-01 5.554130080000000413e-01 5.555904510000000407e-01 5.557790989999999987e-01 5.559790129999999664e-01 5.561904309999999851e-01 5.564134720000000200e-01 5.566480759999999917e-01 5.568944219999999445e-01 5.571523900000000529e-01 5.574219820000000380e-01 5.577031369999999599e-01 5.579957370000000472e-01 5.582997200000000548e-01 5.586149099999999645e-01 5.589411850000000070e-01 5.592783690000000529e-01 5.596262220000000065e-01 5.599846240000000419e-01 5.603533389999999503e-01 5.607321259999999974e-01 5.611207489999999742e-01 5.615189670000000355e-01 5.619266029999999690e-01 5.623432400000000220e-01 5.627687569999999528e-01 5.632028580000000284e-01 5.636453030000000419e-01 5.640956759999999903e-01 5.645538570000000478e-01
8.082264660000000600e-02 8.400405199999999573e-02 9.751328830000000059e-02 1.181871889999999981e-01 1.442340310000000125e-01 1.740682129999999994e-01 2.061482669999999962e-01 2.390561099999999883e-01 2.715986970000000000e-01 3.028653860000000142e-01 3.322324159999999749e-01 3.593297300000000138e-01 3.839894240000000236e-01 4.061915580000000081e-01 4.260160619999999732e-01 4.436044690000000013e-01 4.591314200000000123e-01 4.727851149999999780e-01 4.847542939999999745e-01 4.952203040000000001e-01 5.043525100000000316e-01 5.123060940000000452e-01 5.192214849999999826e-01 5.252243279999999626e-01 5.304265620000000458e-01 5.349271300000000284e-01 5.388134119999999916e-01 5.421622990000000142e-01 5.450412629999999981e-01 5.475096109999999516e-01 5.496193169999999961e-01 5.514159199999999483e-01 5.529394149999999897e-01 5.542247890000000510e-01 5.553027990000000136e-01 5.562004449999999878e-01 5.569413899999999806e-01 5.575463769999999819e-01 5.580337050000000465e-01 5.584194660000000310e-01 5.587177279999999691e-01 5.589410070000000452e-01 5.591002109999999581e-01 5.592050549999999509e-01 5.592640039999999813e-01 5.592845680000000375e-01 5.592734219999999645e-01 5.592362880000000258e-01 5.591784720000000375e-01 5.591043829999999826e-01 5.590180750000000032e-01 5.589231850000000446e-01 5.588226910000000380e-01 5.587194559999999477e-01 5.586158629999999903e-01 5.585141179999999483e-01 5.584159490000000226e-01 5.583232049999999891e-01 5.582371350000000509e-01 5.581591729999999529e-01 5.580903289999999961e-01 5.580316189999999787e-01 5.579838160000000213e-01 5.579476949999999658e-01 5.579238530000000251e-01 5.579128270000000001e-01 5.579149719999999535e-01 5.579307679999999658e-01 5.579604510000000239e-01 5.580042600000000297e-01 5.580623749999999994e-01 5.581349730000000342e-01 5.582219959999999981e-01 5.583236219999999639e-01 5.584398510000000426e-01 5.585705640000000471e-01 5.587157609999999774e-01 5.588753220000000077e-01 5.590491890000000019e-01 5.592371229999999471e-01 5.594390030000000458e-01 5.596547130000000259e-01 5.598840120000000420e-01 5.601266029999999452e-01 5.603823660000000206e-01 5.606510040000000084e-01 5.609322789999999781e-01 5.612259509999999452e-01 5.615317229999999826e-01 5.618492959999999981e-01 5.621783729999999535e-01 5.625186559999999503e-01 5.628699059999999754e-01 5.632317660000000226e-01 5.636039969999999677e-01 5.639861819999999470e-01 5.643780830000000304e-01 5.647793410000000458e-01 5.651896600000000381e-01 5.656087400000000542e-01
7.637292889999999779e-02 8.693131799999999354e-02 1.082903890000000008e-01 1.372034550000000019e-01 1.712898459999999956e-01 2.082768080000000077e-01 2.461006639999999968e-01 2.830908890000000122e-01 3.180582229999999733e-01 3.502757550000000220e-01 3.793955740000000132e-01 4.053447250000000168e-01 4.282291529999999735e-01 4.482582210000000122e-01 4.656910599999999900e-01 4.808019700000000229e-01 4.938593210000000178e-01 5.051140790000000491e-01 5.147947069999999625e-01 5.231051450000000491e-01 5.302257540000000491e-01 5.363144279999999542e-01 5.415089130000000361e-01 5.459289550000000490e-01 5.496786240000000046e-01 5.528478620000000232e-01 5.555148119999999690e-01 5.577471849999999787e-01 5.596035719999999936e-01 5.611349340000000296e-01 5.623854400000000142e-01 5.633934739999999497e-01 5.641924139999999754e-01 5.648112889999999942e-01 5.652754899999999916e-01 5.656069519999999962e-01 5.658250449999999709e-01 5.659465190000000367e-01 5.659860370000000529e-01 5.659564139999999632e-01 5.658689740000000246e-01 5.657334330000000078e-01 5.655584340000000543e-01 5.653515460000000381e-01 5.651192670000000362e-01 5.648674959999999690e-01 5.646011829999999510e-01 5.643247959999999619e-01 5.640421509999999916e-01 5.637567639999999658e-01 5.634714370000000194e-01 5.631889100000000425e-01 5.629112720000000181e-01 5.626406670000000387e-01 5.623786450000000103e-01 5.621267559999999497e-01 5.618862510000000032e-01 5.616583229999999594e-01 5.614437460000000213e-01 5.612434739999999644e-01 5.610581639999999704e-01 5.608883500000000355e-01 5.607345099999999638e-01 5.605970620000000348e-01 5.604762429999999851e-01 5.603724119999999864e-01 5.602856870000000322e-01 5.602161879999999483e-01 5.601640340000000329e-01 5.601292249999999528e-01 5.601117009999999619e-01 5.601115230000000000e-01 5.601285099999999684e-01 5.601626039999999529e-01 5.602136250000000484e-01 5.602815150000000077e-01 5.603659749999999606e-01 5.604668259999999735e-01 5.605839489999999703e-01 5.607169269999999761e-01 5.608657000000000226e-01 5.610298510000000238e-01 5.612091420000000497e-01 5.614033339999999761e-01 5.616120700000000188e-01 5.618350509999999742e-01 5.620719790000000549e-01 5.623225570000000006e-01 5.625863669999999761e-01 5.628631710000000510e-01 5.631526110000000251e-01 5.634542700000000348e-01 5.637679100000000387e-01 5.640931129999999794e-01 5.644295809999999580e-01 5.647768969999999999e-01 5.651348229999999528e-01 5.655029419999999529e-01 5.658808950000000504e-01 5.662683840000000135e-01
7.533858720000000120e-02 9.418259560000000197e-02 1.244782880000000064e-01 1.623670309999999950e-01 2.044858629999999899e-01 2.477794739999999996e-01 2.898292539999999806e-01 3.290130199999999894e-01 3.644485769999999958e-01 3.958207670000000178e-01 4.231885080000000188e-01 4.468239250000000107e-01 4.670984449999999732e-01 4.844113589999999858e-01 4.991495009999999954e-01 5.116674900000000026e-01 5.222800969999999987e-01 5.312616230000000161e-01 5.388483410000000084e-01 5.452424879999999696e-01 5.506168009999999891e-01 5.551184420000000452e-01 5.588728790000000446e-01 5.619872209999999813e-01 5.645529030000000503e-01 5.666483039999999916e-01 5.683404210000000401e-01 5.696868899999999458e-01 5.707373019999999464e-01 5.715342159999999838e-01 5.721144679999999871e-01 5.725098849999999961e-01 5.727479460000000078e-01 5.728524329999999942e-01 5.728440280000000051e-01 5.727406139999999812e-01 5.725576879999999536e-01 5.723088379999999864e-01 5.720058080000000045e-01 5.716588500000000517e-01 5.712767239999999580e-01 5.708672999999999664e-01 5.704372530000000330e-01 5.699924229999999703e-01 5.695379379999999658e-01 5.690781470000000342e-01 5.686169859999999909e-01 5.681577319999999709e-01 5.677033070000000459e-01 5.672561529999999852e-01 5.668184760000000155e-01 5.663920639999999729e-01 5.659785269999999535e-01 5.655792950000000374e-01 5.651954409999999651e-01 5.648279790000000355e-01 5.644776820000000361e-01 5.641453269999999742e-01 5.638314490000000401e-01 5.635364059999999897e-01 5.632607339999999851e-01 5.630046130000000426e-01 5.627682210000000129e-01 5.625517370000000517e-01 5.623552800000000129e-01 5.621788500000000077e-01 5.620224480000000078e-01 5.618860129999999620e-01 5.617694260000000162e-01 5.616726279999999516e-01 5.615954399999999458e-01 5.615376829999999542e-01 5.614991190000000465e-01 5.614796279999999529e-01 5.614788530000000000e-01 5.614966150000000322e-01 5.615326170000000117e-01 5.615865589999999852e-01 5.616581440000000258e-01 5.617470740000000129e-01 5.618530510000000477e-01 5.619757180000000130e-01 5.621147159999999587e-01 5.622696879999999897e-01 5.624403949999999819e-01 5.626263620000000465e-01 5.628272290000000400e-01 5.630427599999999755e-01 5.632724169999999697e-01 5.635159610000000097e-01 5.637729169999999845e-01 5.640429850000000522e-01 5.643257499999999593e-01 5.646209119999999748e-01 5.649279950000000161e-01 5.652467009999999625e-01 5.655766129999999503e-01 5.659173730000000013e-01 5.662686230000000265e-01 5.666300060000000194e-01
7.859111579999999986e-02 1.067732650000000061e-01 1.470790650000000088e-01 1.942555310000000091e-01 2.436647269999999976e-01 2.916428149999999997e-01 3.358314629999999967e-01 3.750750420000000251e-01 4.090889389999999848e-01 4.381107089999999871e-01 4.626334910000000078e-01 4.832357170000000091e-01 5.004876259999999633e-01 5.149070019999999470e-01 5.269443390000000393e-01 5.369819399999999909e-01 5.453404189999999652e-01 5.522869230000000407e-01 5.580438380000000143e-01 5.627964739999999910e-01 5.666995049999999923e-01 5.698824519999999838e-01 5.724542139999999613e-01 5.745067000000000368e-01 5.761176940000000135e-01 5.773531790000000496e-01 5.782694819999999458e-01 5.789144640000000175e-01 5.793293710000000374e-01 5.795494319999999755e-01 5.796048639999999974e-01 5.795217750000000168e-01 5.793226959999999703e-01 5.790269970000000432e-01 5.786514879999999916e-01 5.782105330000000265e-01 5.777167680000000471e-01 5.771810410000000058e-01 5.766127110000000000e-01 5.760199430000000342e-01 5.754097700000000426e-01 5.747882130000000478e-01 5.741605159999999541e-01 5.735313300000000059e-01 5.729045270000000523e-01 5.722834470000000007e-01 5.716709490000000393e-01 5.710695980000000116e-01 5.704814790000000135e-01 5.699083809999999639e-01 5.693518520000000471e-01 5.688132049999999884e-01 5.682934520000000322e-01 5.677934890000000401e-01 5.673141480000000181e-01 5.668559069999999922e-01 5.664193629999999535e-01 5.660047529999999716e-01 5.656124350000000245e-01 5.652426480000000142e-01 5.648953909999999690e-01 5.645707850000000194e-01 5.642688270000000283e-01 5.639894600000000535e-01 5.637326240000000155e-01 5.634981989999999774e-01 5.632859470000000091e-01 5.630958080000000310e-01 5.629274850000000052e-01 5.627807379999999471e-01 5.626553890000000058e-01 5.625510809999999529e-01 5.624675150000000290e-01 5.624044540000000536e-01 5.623615979999999626e-01 5.623385309999999748e-01 5.623348950000000013e-01 5.623504520000000007e-01 5.623847840000000264e-01 5.624375339999999612e-01 5.625083450000000207e-01 5.625967979999999535e-01 5.627025369999999471e-01 5.628252030000000516e-01 5.629643199999999625e-01 5.631195900000000032e-01 5.632905959999999768e-01 5.634769200000000478e-01 5.636781450000000193e-01 5.638939139999999961e-01 5.641238090000000316e-01 5.643674730000000084e-01 5.646244289999999832e-01 5.648943189999999781e-01 5.651767850000000148e-01 5.654714109999999794e-01 5.657777790000000362e-01 5.660955309999999852e-01 5.664242510000000452e-01 5.667636390000000413e-01
8.615935589999999811e-02 1.250367019999999996e-01 1.761787380000000014e-01 2.321946320000000119e-01 2.872489089999999967e-01 3.376260099999999764e-01 3.816219570000000116e-01 4.189362819999999932e-01 4.500387909999999936e-01 4.757180810000000148e-01 4.968226550000000019e-01 5.141373280000000046e-01 5.283378359999999496e-01 5.399851799999999535e-01 5.495367049999999587e-01 5.573620799999999820e-01 5.637599829999999645e-01 5.689721699999999993e-01 5.731954569999999638e-01 5.765908960000000194e-01 5.792911050000000284e-01 5.814061160000000283e-01 5.830276610000000304e-01 5.842325689999999794e-01 5.850855710000000265e-01 5.856415630000000316e-01 5.859470369999999484e-01 5.860415700000000117e-01 5.859590770000000504e-01 5.857285260000000271e-01 5.853747729999999594e-01 5.849191550000000239e-01 5.843800310000000220e-01 5.837733149999999593e-01 5.831125379999999581e-01 5.824095009999999961e-01 5.816743370000000413e-01 5.809157489999999813e-01 5.801413659999999917e-01 5.793575640000000471e-01 5.785699490000000278e-01 5.777833460000000310e-01 5.770018099999999484e-01 5.762289170000000071e-01 5.754676459999999993e-01 5.747205020000000220e-01 5.739897489999999936e-01 5.732771159999999755e-01 5.725841520000000129e-01 5.719121689999999703e-01 5.712621810000000355e-01 5.706350209999999645e-01 5.700314640000000432e-01 5.694519279999999961e-01 5.688969489999999851e-01 5.683667660000000232e-01 5.678615569999999613e-01 5.673815009999999548e-01 5.669265989999999755e-01 5.664969090000000485e-01 5.660923119999999864e-01 5.657127499999999864e-01 5.653579829999999529e-01 5.650278930000000033e-01 5.647222400000000420e-01 5.644408459999999961e-01 5.641832949999999736e-01 5.639494659999999548e-01 5.637389419999999651e-01 5.635514259999999664e-01 5.633865590000000090e-01 5.632441040000000232e-01 5.631235239999999864e-01 5.630246399999999651e-01 5.629469160000000194e-01 5.628900529999999458e-01 5.628536939999999600e-01 5.628373620000000077e-01 5.628406409999999749e-01 5.628632310000000194e-01 5.629046559999999477e-01 5.629644990000000071e-01 5.630424019999999974e-01 5.631378289999999787e-01 5.632504820000000523e-01 5.633798840000000530e-01 5.635256770000000026e-01 5.636873249999999613e-01 5.638645289999999477e-01 5.640568139999999620e-01 5.642637609999999748e-01 5.644849539999999832e-01 5.647199750000000407e-01 5.649684069999999503e-01 5.652298930000000388e-01 5.655039549999999471e-01 5.657902360000000019e-01 5.660883190000000065e-01 5.663978459999999826e-01 5.667183399999999871e-01
9.771476689999999965e-02 1.486020979999999880e-01 2.106880839999999977e-01 2.740798890000000210e-01 3.323776720000000129e-01 3.826516870000000181e-01 4.243952930000000068e-01 4.583487509999999987e-01 4.856965540000000026e-01 5.076491829999999483e-01 5.252719519999999864e-01 5.394405719999999516e-01 5.508518220000000465e-01 5.600516800000000517e-01 5.674666170000000065e-01 5.734304190000000245e-01 5.782061819999999575e-01 5.820027589999999806e-01 5.849878189999999645e-01 5.872972010000000465e-01 5.890419479999999819e-01 5.903136129999999593e-01 5.911882520000000252e-01 5.917295809999999490e-01 5.919911860000000026e-01 5.920181869999999735e-01 5.918491479999999916e-01 5.915166739999999646e-01 5.910488369999999936e-01 5.904694200000000226e-01 5.897989869999999968e-01 5.890551809999999833e-01 5.882530809999999555e-01 5.874056819999999846e-01 5.865241890000000291e-01 5.856182580000000026e-01 5.846960540000000206e-01 5.837647320000000084e-01 5.828303689999999593e-01 5.818982120000000258e-01 5.809726120000000549e-01 5.800575019999999471e-01 5.791560409999999548e-01 5.782709120000000258e-01 5.774044990000000155e-01 5.765587089999999471e-01 5.757350919999999483e-01 5.749350189999999916e-01 5.741595630000000394e-01 5.734095569999999586e-01 5.726856590000000136e-01 5.719884629999999470e-01 5.713183880000000103e-01 5.706755519999999748e-01 5.700602529999999613e-01 5.694725510000000490e-01 5.689123870000000194e-01 5.683797600000000116e-01 5.678745509999999497e-01 5.673965220000000143e-01 5.669456120000000432e-01 5.665214060000000051e-01 5.661237839999999633e-01 5.657523869999999677e-01 5.654069189999999523e-01 5.650870199999999954e-01 5.647923350000000342e-01 5.645225050000000078e-01 5.642771720000000490e-01 5.640559790000000406e-01 5.638584490000000393e-01 5.636842250000000387e-01 5.635329479999999780e-01 5.634040830000000000e-01 5.632973310000000122e-01 5.632121559999999638e-01 5.631482009999999594e-01 5.631050469999999697e-01 5.630822779999999916e-01 5.630793570000000026e-01 5.630959269999999961e-01 5.631315110000000290e-01 5.631857510000000122e-01 5.632581110000000058e-01 5.633481740000000348e-01 5.634555820000000104e-01 5.635797980000000207e-01 5.637204049999999800e-01 5.638769869999999962e-01 5.640491250000000401e-01 5.642363430000000291e-01 5.644382829999999851e-01 5.646544100000000510e-01 5.648844240000000516e-01 5.651277900000000187e-01 5.653841499999999742e-01 5.656530859999999716e-01 5.659342410000000045e-01 5.662270780000000503e-01 5.665313600000000394e-01
1.136708409999999947e-01 1.775979400000000097e-01 2.497910560000000113e-01 3.181838989999999923e-01 3.769688609999999884e-01 4.248546060000000235e-01 4.628231529999999871e-01 4.925939440000000058e-01 5.158825519999999942e-01 5.341390369999999832e-01 5.485056640000000039e-01 5.598546269999999936e-01 5.688437219999999961e-01 5.759689209999999671e-01 5.816064480000000536e-01 5.860441330000000226e-01 5.895053150000000297e-01 5.921651119999999935e-01 5.941631790000000413e-01 5.956119300000000116e-01 5.966029760000000071e-01 5.972118379999999949e-01 5.975012779999999690e-01 5.975238080000000451e-01 5.973237750000000013e-01 5.969384909999999600e-01 5.963999030000000090e-01 5.957351330000000278e-01 5.949674839999999909e-01 5.941167469999999451e-01 5.931999679999999664e-01 5.922318699999999936e-01 5.912250279999999858e-01 5.901901720000000129e-01 5.891366000000000103e-01 5.880722999999999923e-01 5.870040060000000226e-01 5.859376189999999651e-01 5.848780270000000225e-01 5.838295820000000136e-01 5.827957390000000348e-01 5.817795989999999806e-01 5.807836650000000045e-01 5.798100830000000316e-01 5.788605810000000407e-01 5.779366489999999690e-01 5.770394210000000523e-01 5.761698480000000400e-01 5.753286480000000536e-01 5.745163559999999503e-01 5.737333890000000380e-01 5.729800459999999651e-01 5.722564460000000297e-01 5.715626480000000065e-01 5.708986520000000064e-01 5.702643389999999535e-01 5.696595909999999652e-01 5.690842270000000536e-01 5.685378909999999619e-01 5.680204030000000071e-01 5.675314070000000433e-01 5.670706030000000064e-01 5.666376349999999729e-01 5.662320849999999961e-01 5.658535359999999903e-01 5.655016899999999458e-01 5.651760099999999509e-01 5.648761989999999678e-01 5.646017190000000019e-01 5.643522140000000187e-01 5.641272069999999639e-01 5.639262200000000336e-01 5.637488959999999993e-01 5.635946990000000323e-01 5.634632710000000433e-01 5.633540150000000413e-01 5.632666349999999600e-01 5.632005329999999477e-01 5.631553529999999697e-01 5.631306170000000000e-01 5.631259079999999528e-01 5.631406310000000026e-01 5.631744859999999742e-01 5.632269380000000103e-01 5.632975099999999458e-01 5.633857850000000278e-01 5.634913440000000051e-01 5.636137129999999607e-01 5.637524130000000078e-01 5.639070269999999496e-01 5.640771390000000052e-01 5.642622710000000374e-01 5.644620059999999606e-01 5.646758680000000252e-01 5.649034379999999800e-01 5.651443600000000123e-01 5.653981569999999568e-01 5.656644699999999748e-01 5.659427639999999871e-01 5.662327999999999806e-01
1.343860630000000000e-01 2.117204069999999994e-01 2.920782570000000078e-01 3.624786729999999735e-01 4.191105070000000210e-01 4.628788529999999790e-01 4.962035120000000132e-01 5.215308069999999852e-01 5.408651230000000032e-01 5.557226539999999826e-01 5.672143699999999678e-01 5.761464240000000459e-01 5.831050279999999697e-01 5.885200499999999613e-01 5.927110909999999677e-01 5.959190730000000213e-01 5.983291269999999606e-01 6.000855569999999917e-01 6.013028030000000523e-01 6.020730730000000142e-01 6.024716500000000252e-01 6.025606390000000090e-01 6.023917199999999639e-01 6.020084620000000220e-01 6.014474629999999600e-01 6.007400750000000400e-01 5.999128219999999567e-01 5.989884140000000246e-01 5.979864599999999975e-01 5.969235899999999484e-01 5.958141089999999807e-01 5.946704750000000317e-01 5.935032369999999613e-01 5.923213960000000000e-01 5.911327600000000349e-01 5.899440049999999935e-01 5.887607929999999490e-01 5.875880119999999929e-01 5.864296559999999658e-01 5.852892400000000439e-01 5.841697449999999625e-01 5.830734969999999961e-01 5.820025210000000504e-01 5.809584859999999962e-01 5.799427630000000278e-01 5.789564249999999967e-01 5.780001879999999703e-01 5.770748260000000407e-01 5.761807559999999606e-01 5.753182770000000446e-01 5.744875670000000323e-01 5.736886260000000348e-01 5.729215739999999890e-01 5.721862319999999613e-01 5.714824200000000465e-01 5.708099599999999496e-01 5.701685549999999658e-01 5.695579050000000310e-01 5.689776539999999994e-01 5.684274440000000039e-01 5.679068569999999871e-01 5.674154759999999742e-01 5.669529439999999587e-01 5.665187839999999975e-01 5.661125179999999535e-01 5.657336710000000490e-01 5.653818849999999729e-01 5.650566219999999529e-01 5.647574069999999891e-01 5.644838210000000522e-01 5.642353300000000349e-01 5.640115140000000471e-01 5.638118389999999813e-01 5.636358860000000304e-01 5.634831790000000007e-01 5.633532399999999773e-01 5.632455349999999639e-01 5.631596450000000420e-01 5.630950930000000465e-01 5.630513430000000374e-01 5.630280380000000084e-01 5.630246399999999651e-01 5.630406740000000188e-01 5.630757210000000290e-01 5.631293059999999961e-01 5.632008910000000368e-01 5.632900600000000368e-01 5.633963939999999671e-01 5.635194180000000497e-01 5.636586550000000084e-01 5.638136270000000394e-01 5.639839770000000252e-01 5.641692280000000226e-01 5.643689039999999491e-01 5.645825859999999974e-01 5.648098590000000252e-01 5.650503040000000032e-01 5.653034449999999600e-01 5.655689839999999968e-01 5.658463839999999800e-01
1.605911110000000086e-01 2.506487070000000261e-01 3.361610170000000064e-01 4.053598050000000175e-01 4.576481880000000113e-01 4.962117079999999736e-01 5.245755909999999522e-01 5.455798509999999490e-01 5.612906810000000135e-01 5.731588010000000510e-01 5.821947459999999852e-01 5.891057849999999929e-01 5.943928960000000039e-01 5.984166260000000070e-01 6.014413240000000549e-01 6.036645170000000116e-01 6.052370070000000490e-01 6.062762739999999484e-01 6.068755390000000194e-01 6.071100830000000226e-01 6.070414779999999677e-01 6.067209839999999632e-01 6.061912779999999445e-01 6.054887180000000368e-01 6.046438809999999942e-01 6.036830539999999967e-01 6.026285890000000478e-01 6.014999149999999961e-01 6.003134249999999561e-01 5.990833639999999516e-01 5.978220109999999865e-01 5.965397949999999838e-01 5.952457789999999749e-01 5.939477090000000459e-01 5.926521420000000484e-01 5.913647410000000271e-01 5.900903339999999941e-01 5.888329150000000123e-01 5.875958799999999593e-01 5.863822100000000148e-01 5.851941699999999580e-01 5.840337869999999709e-01 5.829026099999999877e-01 5.818020109999999523e-01 5.807328819999999503e-01 5.796961189999999542e-01 5.786921980000000465e-01 5.777215959999999484e-01 5.767844920000000375e-01 5.758810039999999741e-01 5.750111940000000033e-01 5.741749409999999942e-01 5.733721259999999820e-01 5.726025099999999535e-01 5.718657969999999535e-01 5.711616280000000323e-01 5.704897049999999581e-01 5.698496699999999748e-01 5.692409870000000316e-01 5.686632390000000425e-01 5.681160690000000013e-01 5.675988789999999451e-01 5.671113129999999503e-01 5.666527749999999974e-01 5.662229060000000258e-01 5.658210519999999910e-01 5.654468540000000543e-01 5.650997760000000536e-01 5.647792820000000491e-01 5.644848940000000148e-01 5.642161369999999510e-01 5.639724729999999742e-01 5.637534859999999703e-01 5.635585779999999767e-01 5.633873339999999619e-01 5.632392170000000142e-01 5.631138089999999652e-01 5.630105140000000175e-01 5.629289149999999742e-01 5.628685359999999749e-01 5.628288980000000219e-01 5.628094670000000077e-01 5.628098249999999858e-01 5.628294940000000413e-01 5.628679389999999838e-01 5.629247429999999497e-01 5.629994270000000522e-01 5.630915760000000381e-01 5.632006529999999955e-01 5.633261800000000097e-01 5.634678010000000459e-01 5.636250379999999671e-01 5.637973549999999445e-01 5.639843940000000000e-01 5.641857390000000194e-01 5.644008520000000084e-01 5.646293759999999606e-01 5.648708940000000123e-01 5.651249289999999981e-01 5.653911830000000194e-01
1.932630989999999938e-01 2.939331829999999868e-01 3.807253840000000000e-01 4.456836279999999983e-01 4.920477870000000142e-01 5.248934029999999806e-01 5.483686330000000497e-01 5.653853420000000130e-01 5.778967139999999780e-01 5.872036219999999807e-01 5.941799279999999683e-01 5.994219779999999664e-01 6.033443210000000168e-01 6.062414649999999794e-01 6.083274480000000484e-01 6.097615960000000168e-01 6.106653810000000071e-01 6.111334560000000193e-01 6.112414000000000458e-01 6.110504270000000071e-01 6.106112000000000206e-01 6.099659200000000503e-01 6.091502309999999865e-01 6.081944700000000426e-01 6.071245669999999484e-01 6.059627530000000206e-01 6.047281030000000168e-01 6.034371849999999871e-01 6.021041270000000445e-01 6.007412079999999710e-01 5.993589759999999877e-01 5.979664919999999606e-01 5.965715050000000019e-01 5.951806899999999567e-01 5.937997099999999806e-01 5.924333929999999748e-01 5.910858509999999955e-01 5.897605420000000542e-01 5.884603259999999780e-01 5.871876480000000065e-01 5.859443549999999723e-01 5.847321749999999652e-01 5.835522410000000271e-01 5.824056859999999780e-01 5.812931660000000278e-01 5.802152160000000336e-01 5.791723130000000497e-01 5.781645180000000162e-01 5.771920680000000026e-01 5.762547850000000471e-01 5.753526690000000388e-01 5.744854209999999961e-01 5.736528640000000401e-01 5.728545779999999477e-01 5.720903280000000368e-01 5.713595750000000084e-01 5.706619619999999671e-01 5.699970130000000523e-01 5.693641900000000478e-01 5.687631370000000297e-01 5.681931970000000387e-01 5.676540140000000401e-01 5.671449299999999916e-01 5.666654709999999762e-01 5.662151579999999962e-01 5.657934550000000007e-01 5.653998260000000498e-01 5.650337340000000097e-01 5.646947030000000201e-01 5.643821949999999754e-01 5.640956759999999903e-01 5.638346079999999594e-01 5.635985730000000471e-01 5.633869769999999555e-01 5.631994009999999884e-01 5.630352499999999871e-01 5.628941060000000052e-01 5.627754329999999916e-01 5.626787540000000032e-01 5.626035329999999890e-01 5.625493529999999742e-01 5.625156759999999645e-01 5.625020269999999600e-01 5.625079870000000426e-01 5.625329610000000535e-01 5.625765919999999864e-01 5.626382829999999613e-01 5.627176760000000000e-01 5.628142950000000200e-01 5.629276039999999703e-01 5.630572440000000123e-01 5.632026789999999838e-01 5.633634330000000245e-01 5.635391469999999625e-01 5.637294050000000167e-01 5.639336710000000252e-01 5.641515249999999870e-01 5.643825529999999535e-01 5.646263959999999749e-01 5.648825760000000251e-01
2.324271199999999871e-01 3.399002850000000242e-01 4.237909320000000091e-01 4.821496310000000229e-01 5.217937230000000426e-01 5.489631889999999625e-01 5.679379700000000142e-01 5.814535619999999794e-01 5.912424330000000117e-01 5.984162090000000322e-01 6.037026049999999477e-01 6.075895430000000097e-01 6.104120020000000091e-01 6.124059560000000291e-01 6.137422919999999671e-01 6.145478490000000349e-01 6.149197819999999703e-01 6.149341459999999593e-01 6.146520380000000117e-01 6.141234639999999523e-01 6.133900880000000555e-01 6.124870780000000181e-01 6.114443539999999677e-01 6.102876069999999542e-01 6.090388890000000277e-01 6.077173350000000251e-01 6.063393950000000032e-01 6.049193739999999542e-01 6.034696099999999896e-01 6.020007729999999890e-01 6.005221010000000303e-01 5.990414619999999690e-01 5.975657109999999994e-01 5.961006279999999657e-01 5.946511629999999826e-01 5.932215450000000168e-01 5.918152330000000516e-01 5.904352659999999586e-01 5.890840290000000090e-01 5.877636080000000485e-01 5.864755510000000394e-01 5.852212310000000084e-01 5.840016599999999780e-01 5.828175540000000154e-01 5.816694500000000323e-01 5.805578230000000284e-01 5.794827340000000548e-01 5.784443019999999658e-01 5.774425269999999832e-01 5.764771699999999832e-01 5.755480530000000039e-01 5.746549370000000323e-01 5.737974049999999826e-01 5.729750390000000193e-01 5.721874240000000000e-01 5.714341400000000348e-01 5.707146530000000162e-01 5.700284839999999464e-01 5.693750380000000000e-01 5.687538979999999800e-01 5.681644080000000097e-01 5.676061510000000032e-01 5.670784119999999762e-01 5.665808319999999787e-01 5.661127569999999665e-01 5.656736489999999451e-01 5.652629729999999464e-01 5.648802520000000271e-01 5.645248290000000058e-01 5.641962889999999620e-01 5.638940930000000407e-01 5.636176470000000549e-01 5.633664729999999787e-01 5.631400939999999800e-01 5.629379749999999794e-01 5.627595189999999858e-01 5.626043680000000213e-01 5.624719259999999554e-01 5.623617170000000387e-01 5.622732040000000264e-01 5.622059700000000548e-01 5.621595379999999587e-01 5.621333120000000516e-01 5.621268750000000258e-01 5.621397500000000491e-01 5.621714589999999845e-01 5.622215270000000542e-01 5.622894760000000103e-01 5.623748299999999922e-01 5.624771710000000535e-01 5.625959630000000322e-01 5.627307299999999568e-01 5.628811719999999852e-01 5.630466939999999587e-01 5.632268790000000136e-01 5.634213689999999497e-01 5.636296269999999664e-01 5.638512970000000291e-01 5.640859010000000007e-01 5.643330220000000175e-01
2.777706679999999984e-01 3.867002130000000149e-01 4.638304710000000219e-01 5.141162280000000084e-01 5.469146369999999813e-01 5.688130860000000233e-01 5.838303569999999665e-01 5.943710800000000516e-01 6.018982529999999942e-01 6.073262689999999742e-01 6.112437250000000155e-01 6.140404940000000478e-01 6.159821149999999967e-01 6.172550919999999497e-01 6.179940699999999509e-01 6.182993650000000452e-01 6.182483429999999780e-01 6.179018619999999684e-01 6.173095699999999741e-01 6.165124180000000065e-01 6.155450340000000464e-01 6.144369240000000509e-01 6.132134200000000090e-01 6.118964550000000058e-01 6.105052229999999858e-01 6.090561749999999774e-01 6.075637940000000459e-01 6.060405970000000142e-01 6.044975519999999936e-01 6.029439570000000304e-01 6.013880369999999864e-01 5.998367669999999929e-01 5.982961650000000464e-01 5.967713590000000012e-01 5.952667590000000342e-01 5.937860010000000077e-01 5.923322439999999522e-01 5.909079910000000213e-01 5.895153880000000290e-01 5.881561640000000368e-01 5.868316890000000452e-01 5.855429770000000200e-01 5.842908620000000219e-01 5.830759410000000420e-01 5.818985700000000039e-01 5.807589890000000032e-01 5.796572570000000368e-01 5.785933730000000219e-01 5.775671009999999717e-01 5.765782000000000407e-01 5.756264930000000168e-01 5.747114420000000168e-01 5.738327500000000025e-01 5.729899410000000026e-01 5.721824770000000226e-01 5.714098810000000084e-01 5.706716179999999916e-01 5.699670909999999813e-01 5.692958830000000026e-01 5.686572789999999600e-01 5.680508020000000213e-01 5.674757959999999768e-01 5.669318439999999626e-01 5.664182309999999942e-01 5.659345390000000142e-01 5.654800530000000380e-01 5.650543569999999516e-01 5.646567940000000174e-01 5.642869470000000387e-01 5.639441609999999994e-01 5.636278989999999878e-01 5.633377429999999464e-01 5.630730390000000529e-01 5.628333690000000278e-01 5.626181359999999909e-01 5.624268650000000536e-01 5.622590779999999677e-01 5.621142390000000155e-01 5.619918109999999523e-01 5.618913770000000252e-01 5.618124009999999613e-01 5.617543459999999600e-01 5.617167950000000465e-01 5.616992119999999478e-01 5.617011189999999710e-01 5.617220400000000335e-01 5.617615580000000497e-01 5.618191359999999968e-01 5.618942980000000142e-01 5.619866249999999619e-01 5.620956419999999509e-01 5.622208119999999587e-01 5.623618360000000038e-01 5.625181200000000104e-01 5.626893039999999457e-01 5.628749130000000322e-01 5.630744699999999936e-01 5.632876749999999877e-01 5.635139350000000213e-01 5.637529489999999477e-01
3.269043859999999913e-01 4.314432440000000035e-01 4.991681279999999887e-01 5.410172340000000135e-01 5.674680469999999755e-01 5.847826000000000413e-01 5.964854360000000355e-01 6.045917870000000471e-01 6.102946999999999678e-01 6.143276100000000239e-01 6.171571609999999541e-01 6.190904969999999619e-01 6.203358770000000355e-01 6.210392710000000038e-01 6.213064190000000542e-01 6.212164759999999619e-01 6.208310129999999871e-01 6.201990840000000116e-01 6.193611030000000239e-01 6.183511019999999858e-01 6.171980500000000536e-01 6.159270409999999529e-01 6.145598289999999464e-01 6.131154890000000135e-01 6.116107109999999736e-01 6.100601549999999929e-01 6.084765199999999652e-01 6.068710680000000135e-01 6.052533979999999980e-01 6.036320330000000123e-01 6.020142440000000317e-01 6.004062890000000374e-01 5.988136530000000013e-01 5.972408649999999541e-01 5.956918599999999619e-01 5.941699150000000484e-01 5.926777720000000471e-01 5.912176970000000420e-01 5.897914770000000084e-01 5.884006619999999632e-01 5.870463849999999484e-01 5.857294800000000246e-01 5.844506619999999542e-01 5.832103490000000168e-01 5.820087790000000316e-01 5.808460119999999671e-01 5.797221059999999593e-01 5.786368250000000213e-01 5.775899890000000259e-01 5.765813589999999600e-01 5.756103989999999948e-01 5.746768119999999813e-01 5.737800600000000362e-01 5.729197259999999625e-01 5.720951560000000491e-01 5.713059310000000446e-01 5.705513949999999612e-01 5.698310140000000246e-01 5.691441889999999670e-01 5.684903860000000142e-01 5.678689479999999845e-01 5.672793390000000491e-01 5.667209629999999665e-01 5.661932229999999677e-01 5.656955839999999736e-01 5.652275089999999613e-01 5.647883420000000543e-01 5.643776059999999761e-01 5.639947650000000090e-01 5.636391640000000258e-01 5.633103849999999690e-01 5.630077719999999619e-01 5.627309080000000296e-01 5.624792579999999820e-01 5.622522229999999954e-01 5.620493890000000103e-01 5.618701579999999529e-01 5.617140529999999909e-01 5.615805980000000419e-01 5.614692570000000549e-01 5.613796110000000006e-01 5.613110660000000252e-01 5.612631439999999916e-01 5.612354280000000362e-01 5.612273810000000251e-01 5.612385869999999555e-01 5.612684489999999471e-01 5.613166090000000219e-01 5.613825319999999897e-01 5.614658000000000149e-01 5.615658759999999639e-01 5.616824030000000523e-01 5.618148450000000071e-01 5.619627830000000213e-01 5.621257419999999838e-01 5.623033640000000277e-01 5.624950530000000226e-01 5.627005699999999555e-01 5.629193780000000258e-01 5.631510020000000116e-01
3.761192560000000129e-01 4.714821579999999845e-01 5.288164619999999871e-01 5.628124479999999652e-01 5.838085410000000142e-01 5.973487499999999839e-01 6.063873770000000052e-01 6.125637290000000013e-01 6.168317789999999690e-01 6.197716589999999748e-01 6.217505930000000181e-01 6.230089070000000007e-01 6.237096189999999929e-01 6.239669920000000536e-01 6.238640549999999729e-01 6.234636900000000148e-01 6.228150129999999729e-01 6.219580770000000536e-01 6.209262009999999554e-01 6.197479369999999710e-01 6.184479000000000504e-01 6.170477869999999587e-01 6.155665519999999891e-01 6.140210029999999541e-01 6.124260430000000310e-01 6.107946629999999599e-01 6.091383700000000401e-01 6.074672340000000226e-01 6.057900189999999574e-01 6.041144729999999852e-01 6.024472119999999542e-01 6.007938980000000484e-01 5.991595389999999632e-01 5.975481870000000084e-01 5.959634179999999670e-01 5.944082139999999903e-01 5.928849579999999619e-01 5.913957949999999464e-01 5.899422760000000432e-01 5.885257120000000342e-01 5.871470570000000277e-01 5.858070250000000367e-01 5.845062140000000239e-01 5.832448599999999761e-01 5.820231439999999923e-01 5.808410640000000180e-01 5.796985630000000000e-01 5.785953400000000135e-01 5.775311589999999606e-01 5.765056610000000026e-01 5.755183699999999458e-01 5.745688679999999549e-01 5.736566779999999754e-01 5.727811459999999633e-01 5.719418530000000001e-01 5.711380839999999903e-01 5.703693629999999626e-01 5.696350340000000401e-01 5.689345599999999781e-01 5.682672859999999826e-01 5.676326750000000310e-01 5.670300129999999994e-01 5.664588809999999697e-01 5.659185650000000400e-01 5.654085279999999658e-01 5.649281739999999497e-01 5.644769670000000517e-01 5.640543099999999477e-01 5.636597279999999710e-01 5.632926230000000478e-01 5.629524590000000162e-01 5.626386399999999677e-01 5.623507500000000103e-01 5.620881920000000420e-01 5.618504290000000401e-01 5.616370440000000297e-01 5.614473819999999948e-01 5.612810849999999574e-01 5.611375570000000090e-01 5.610163209999999845e-01 5.609169010000000233e-01 5.608388189999999884e-01 5.607814789999999716e-01 5.607445239999999664e-01 5.607274169999999502e-01 5.607296819999999515e-01 5.607508420000000271e-01 5.607903600000000433e-01 5.608478780000000219e-01 5.609229209999999632e-01 5.610148910000000155e-01 5.611234899999999470e-01 5.612481830000000116e-01 5.613884930000000439e-01 5.615440609999999833e-01 5.617143510000000006e-01 5.618990059999999787e-01 5.620974899999999774e-01 5.623095040000000155e-01 5.625345109999999593e-01
4.228631849999999748e-01 5.059355500000000117e-01 5.530709620000000548e-01 5.802007319999999968e-01 5.966832039999999671e-01 6.071880459999999813e-01 6.141164300000000464e-01 6.187760230000000083e-01 6.219204069999999529e-01 6.240054369999999961e-01 6.253186459999999780e-01 6.260480880000000026e-01 6.263213159999999613e-01 6.262277960000000032e-01 6.258332130000000548e-01 6.251875159999999987e-01 6.243305799999999683e-01 6.232952480000000239e-01 6.221094130000000000e-01 6.207972760000000090e-01 6.193802360000000284e-01 6.178771849999999954e-01 6.163050530000000471e-01 6.146787409999999729e-01 6.130115990000000181e-01 6.113156079999999548e-01 6.096011399999999858e-01 6.078774329999999670e-01 6.061525939999999890e-01 6.044335370000000207e-01 6.027265189999999606e-01 6.010367269999999928e-01 5.993686910000000090e-01 5.977262260000000271e-01 5.961125489999999916e-01 5.945304040000000123e-01 5.929819349999999600e-01 5.914691090000000484e-01 5.899932380000000309e-01 5.885555150000000291e-01 5.871567730000000207e-01 5.857976679999999936e-01 5.844785569999999542e-01 5.831997389999999948e-01 5.819611550000000078e-01 5.807628630000000181e-01 5.796046259999999561e-01 5.784862039999999483e-01 5.774072409999999600e-01 5.763673190000000446e-01 5.753660200000000335e-01 5.744028089999999587e-01 5.734771490000000194e-01 5.725884439999999742e-01 5.717361570000000226e-01 5.709197520000000026e-01 5.701385140000000407e-01 5.693918470000000065e-01 5.686792729999999851e-01 5.680000189999999671e-01 5.673535469999999581e-01 5.667393210000000181e-01 5.661566850000000484e-01 5.656049850000000045e-01 5.650837420000000000e-01 5.645923609999999870e-01 5.641302470000000291e-01 5.636968610000000490e-01 5.632916690000000504e-01 5.629140139999999626e-01 5.625634790000000329e-01 5.622395279999999884e-01 5.619415039999999806e-01 5.616690519999999465e-01 5.614215139999999549e-01 5.611984129999999515e-01 5.609993340000000162e-01 5.608236789999999639e-01 5.606709119999999658e-01 5.605406170000000188e-01 5.604323150000000142e-01 5.603454110000000155e-01 5.602795480000000161e-01 5.602341290000000251e-01 5.602086779999999600e-01 5.602027769999999851e-01 5.602159500000000181e-01 5.602476600000000362e-01 5.602974889999999819e-01 5.603649619999999665e-01 5.604496599999999606e-01 5.605509880000000278e-01 5.606685879999999678e-01 5.608020419999999451e-01 5.609508159999999632e-01 5.611145499999999897e-01 5.612927079999999735e-01 5.614849330000000194e-01 5.616908069999999586e-01 5.619098540000000419e-01
4.647642370000000245e-01 5.344777109999999665e-01 5.724531409999999987e-01 5.938760039999999574e-01 6.067388649999999606e-01 6.148508790000000168e-01 6.201286910000000097e-01 6.236054300000000161e-01 6.258735659999999923e-01 6.272910240000000304e-01 6.280832290000000206e-01 6.283976439999999775e-01 6.283344029999999858e-01 6.279640199999999561e-01 6.273386480000000542e-01 6.264984009999999826e-01 6.254759429999999787e-01 6.242985730000000233e-01 6.229898929999999613e-01 6.215709449999999858e-01 6.200603839999999645e-01 6.184750199999999865e-01 6.168299910000000219e-01 6.151389480000000187e-01 6.134140489999999613e-01 6.116662619999999606e-01 6.099051239999999652e-01 6.081392169999999542e-01 6.063759920000000303e-01 6.046220660000000136e-01 6.028830410000000084e-01 6.011638639999999922e-01 5.994686479999999928e-01 5.978009699999999871e-01 5.961638689999999574e-01 5.945597889999999497e-01 5.929908160000000317e-01 5.914586189999999633e-01 5.899644490000000019e-01 5.885093209999999742e-01 5.870940089999999723e-01 5.857190490000000471e-01 5.843846799999999897e-01 5.830911399999999523e-01 5.818384290000000458e-01 5.806263689999999755e-01 5.794548390000000548e-01 5.783233639999999509e-01 5.772317049999999838e-01 5.761793849999999884e-01 5.751658680000000246e-01 5.741906759999999554e-01 5.732532740000000349e-01 5.723530049999999703e-01 5.714893340000000155e-01 5.706616039999999890e-01 5.698692800000000336e-01 5.691117049999999677e-01 5.683882239999999975e-01 5.676982400000000206e-01 5.670412179999999580e-01 5.664164419999999645e-01 5.658234359999999574e-01 5.652614830000000090e-01 5.647301080000000084e-01 5.642286539999999961e-01 5.637566450000000007e-01 5.633134250000000343e-01 5.628984569999999632e-01 5.625112650000000381e-01 5.621512530000000174e-01 5.618179439999999580e-01 5.615107419999999516e-01 5.612291689999999722e-01 5.609726310000000549e-01 5.607407690000000278e-01 5.605329279999999859e-01 5.603486899999999826e-01 5.601875189999999671e-01 5.600489379999999962e-01 5.599324110000000188e-01 5.598375199999999774e-01 5.597637300000000149e-01 5.597105620000000226e-01 5.596775410000000006e-01 5.596641900000000058e-01 5.596700310000000123e-01 5.596945880000000484e-01 5.597374440000000284e-01 5.597980620000000407e-01 5.598759650000000310e-01 5.599707369999999962e-01 5.600819590000000181e-01 5.602090950000000458e-01 5.603517289999999651e-01 5.605095030000000200e-01 5.606818199999999974e-01 5.608683819999999987e-01 5.610686540000000555e-01 5.612823369999999645e-01
5.001778599999999741e-01 5.573021769999999542e-01 5.876185889999999690e-01 6.044933799999999691e-01 6.145288349999999955e-01 6.207858920000000058e-01 6.247863169999999799e-01 6.273463959999999728e-01 6.289336679999999458e-01 6.298304799999999704e-01 6.302148100000000142e-01 6.302030680000000329e-01 6.298744680000000207e-01 6.292850380000000188e-01 6.284764409999999968e-01 6.274814610000000181e-01 6.263269780000000342e-01 6.250361199999999728e-01 6.236292119999999883e-01 6.221246120000000213e-01 6.205390689999999987e-01 6.188876629999999768e-01 6.171842220000000045e-01 6.154412030000000478e-01 6.136699319999999735e-01 6.118804810000000316e-01 6.100819109999999768e-01 6.082820890000000258e-01 6.064881090000000530e-01 6.047060490000000232e-01 6.029412750000000543e-01 6.011983159999999549e-01 5.994811650000000380e-01 5.977931619999999890e-01 5.961370470000000310e-01 5.945152040000000193e-01 5.929294229999999555e-01 5.913813110000000206e-01 5.898720619999999748e-01 5.884025689999999864e-01 5.869735480000000116e-01 5.855852959999999774e-01 5.842382310000000523e-01 5.829322930000000458e-01 5.816675420000000374e-01 5.804437989999999825e-01 5.792608259999999509e-01 5.781181450000000277e-01 5.770155190000000323e-01 5.759524110000000530e-01 5.749282239999999877e-01 5.739425420000000555e-01 5.729947690000000149e-01 5.720842480000000174e-01 5.712104439999999839e-01 5.703727010000000375e-01 5.695703629999999684e-01 5.688028929999999761e-01 5.680696960000000129e-01 5.673700569999999832e-01 5.667033790000000071e-01 5.660691260000000335e-01 5.654666419999999638e-01 5.648953319999999723e-01 5.643547180000000330e-01 5.638440850000000504e-01 5.633629559999999703e-01 5.629107949999999638e-01 5.624869470000000149e-01 5.620909330000000148e-01 5.617222790000000465e-01 5.613803269999999568e-01 5.610646609999999646e-01 5.607746839999999677e-01 5.605099799999999632e-01 5.602699519999999600e-01 5.600541230000000148e-01 5.598619580000000484e-01 5.596930380000000316e-01 5.595468279999999961e-01 5.594228509999999988e-01 5.593205690000000452e-01 5.592395660000000213e-01 5.591793059999999871e-01 5.591393110000000277e-01 5.591191650000000291e-01 5.591183299999999967e-01 5.591363310000000419e-01 5.591727499999999962e-01 5.592271089999999445e-01 5.592989329999999981e-01 5.593877430000000484e-01 5.594930649999999561e-01 5.596145390000000219e-01 5.597516299999999445e-01 5.599039199999999994e-01 5.600709919999999897e-01 5.602524279999999690e-01 5.604477519999999657e-01 5.606564880000000084e-01
5.290890929999999548e-01 5.752729180000000220e-01 5.994179840000000148e-01 6.127305629999999503e-01 6.205727460000000084e-01 6.253933310000000523e-01 6.284025909999999548e-01 6.302489039999999987e-01 6.313036680000000400e-01 6.317914719999999651e-01 6.318540569999999690e-01 6.315840480000000090e-01 6.310444469999999528e-01 6.302802560000000387e-01 6.293252110000000510e-01 6.282061340000000271e-01 6.269456150000000116e-01 6.255634429999999968e-01 6.240774390000000116e-01 6.225039359999999800e-01 6.208578940000000213e-01 6.191532610000000103e-01 6.174027319999999541e-01 6.156178709999999832e-01 6.138092280000000400e-01 6.119862790000000219e-01 6.101574899999999690e-01 6.083303690000000374e-01 6.065115930000000155e-01 6.047068829999999728e-01 6.029213070000000174e-01 6.011592150000000245e-01 5.994243620000000439e-01 5.977198479999999980e-01 5.960482950000000057e-01 5.944118499999999639e-01 5.928123589999999554e-01 5.912512540000000039e-01 5.897295479999999923e-01 5.882481339999999781e-01 5.868076089999999523e-01 5.854082699999999528e-01 5.840504170000000439e-01 5.827339889999999523e-01 5.814589860000000110e-01 5.802252289999999535e-01 5.790323619999999671e-01 5.778799650000000510e-01 5.767677429999999994e-01 5.756951569999999574e-01 5.746616129999999600e-01 5.736666320000000097e-01 5.727096200000000303e-01 5.717899800000000310e-01 5.709070560000000238e-01 5.700603130000000407e-01 5.692490340000000426e-01 5.684726239999999819e-01 5.677305459999999471e-01 5.670220849999999535e-01 5.663467049999999503e-01 5.657037499999999497e-01 5.650926229999999606e-01 5.645127890000000148e-01 5.639636519999999820e-01 5.634446140000000103e-01 5.629551409999999922e-01 5.624946950000000445e-01 5.620626810000000084e-01 5.616586209999999690e-01 5.612819190000000180e-01 5.609321000000000446e-01 5.606086249999999715e-01 5.603109600000000246e-01 5.600386259999999838e-01 5.597911479999999607e-01 5.595679279999999922e-01 5.593685510000000471e-01 5.591924790000000201e-01 5.590392950000000472e-01 5.589084029999999981e-01 5.587993860000000090e-01 5.587117080000000291e-01 5.586449500000000290e-01 5.585986379999999807e-01 5.585722330000000291e-01 5.585652589999999806e-01 5.585772989999999716e-01 5.586078759999999477e-01 5.586565140000000484e-01 5.587227940000000226e-01 5.588061810000000129e-01 5.589061979999999652e-01 5.590224860000000406e-01 5.591545700000000174e-01 5.593020319999999490e-01 5.594643350000000348e-01 5.596411230000000181e-01 5.598319170000000122e-01 5.600363609999999825e-01
5.523767469999999458e-01 5.894117949999999606e-01 6.086419819999999703e-01 6.191639899999999974e-01 6.252945069999999994e-01 6.289925579999999794e-01 6.312245130000000426e-01 6.325085759999999890e-01 6.331419940000000413e-01 6.333048940000000071e-01 6.331107019999999697e-01 6.326337459999999968e-01 6.319246889999999839e-01 6.310197109999999832e-01 6.299463509999999600e-01 6.287268999999999775e-01 6.273805500000000368e-01 6.259244080000000432e-01 6.243742700000000090e-01 6.227448580000000122e-01 6.210498810000000258e-01 6.193021539999999936e-01 6.175134780000000045e-01 6.156947609999999793e-01 6.138558979999999554e-01 6.120059490000000491e-01 6.101527810000000329e-01 6.083036659999999651e-01 6.064648630000000207e-01 6.046418550000000058e-01 6.028395300000000123e-01 6.010619999999999852e-01 5.993127820000000439e-01 5.975948570000000348e-01 5.959106680000000322e-01 5.942624210000000406e-01 5.926516649999999942e-01 5.910797719999999478e-01 5.895477529999999522e-01 5.880563859999999865e-01 5.866062050000000472e-01 5.851975680000000013e-01 5.838305350000000393e-01 5.825051669999999904e-01 5.812214020000000536e-01 5.799788830000000006e-01 5.787774319999999806e-01 5.776165720000000503e-01 5.764959450000000096e-01 5.754149560000000330e-01 5.743731260000000116e-01 5.733698609999999807e-01 5.724045629999999774e-01 5.714766980000000052e-01 5.705856080000000219e-01 5.697306389999999832e-01 5.689112539999999774e-01 5.681267380000000200e-01 5.673765539999999774e-01 5.666600469999999445e-01 5.659766790000000380e-01 5.653257369999999948e-01 5.647067430000000110e-01 5.641190409999999877e-01 5.635620949999999851e-01 5.630353089999999838e-01 5.625381470000000439e-01 5.620700720000000317e-01 5.616305470000000355e-01 5.612189770000000077e-01 5.608349440000000019e-01 5.604777930000000019e-01 5.601471660000000297e-01 5.598424079999999581e-01 5.595630999999999799e-01 5.593086480000000194e-01 5.590786930000000154e-01 5.588726400000000316e-01 5.586900120000000136e-01 5.585303900000000432e-01 5.583931800000000445e-01 5.582779049999999632e-01 5.581842059999999606e-01 5.581114889999999606e-01 5.580593350000000452e-01 5.580272080000000523e-01 5.580146910000000071e-01 5.580213069999999664e-01 5.580465789999999870e-01 5.580900309999999864e-01 5.581512450000000181e-01 5.582296850000000310e-01 5.583249329999999677e-01 5.584365730000000472e-01 5.585641260000000496e-01 5.587071780000000265e-01 5.588651900000000117e-01 5.590378049999999988e-01 5.592246060000000130e-01 5.594251749999999967e-01
5.710765719999999490e-01 6.005899310000000213e-01 6.159068349999999858e-01 6.242275830000000303e-01 6.290087100000000264e-01 6.318193669999999651e-01 6.334344149999999729e-01 6.342702510000000071e-01 6.345664260000000167e-01 6.344681380000000148e-01 6.340668799999999994e-01 6.334226130000000232e-01 6.325761079999999703e-01 6.315566900000000317e-01 6.303870679999999949e-01 6.290858390000000355e-01 6.276694539999999600e-01 6.261529919999999638e-01 6.245505810000000491e-01 6.228756309999999852e-01 6.211407780000000045e-01 6.193580029999999903e-01 6.175384520000000155e-01 6.156923170000000445e-01 6.138290170000000323e-01 6.119571919999999832e-01 6.100844140000000193e-01 6.082175370000000303e-01 6.063625809999999561e-01 6.045249099999999709e-01 6.027090550000000491e-01 6.009190079999999767e-01 5.991581679999999910e-01 5.974293349999999503e-01 5.957349539999999832e-01 5.940769310000000303e-01 5.924569370000000168e-01 5.908761620000000381e-01 5.893355609999999523e-01 5.878359079999999626e-01 5.863776210000000155e-01 5.849609970000000381e-01 5.835861559999999670e-01 5.822531579999999929e-01 5.809617040000000232e-01 5.797116759999999536e-01 5.785027149999999452e-01 5.773343440000000548e-01 5.762062669999999942e-01 5.751178260000000542e-01 5.740684870000000162e-01 5.730578299999999903e-01 5.720850830000000498e-01 5.711497660000000032e-01 5.702512259999999999e-01 5.693888660000000490e-01 5.685620310000000233e-01 5.677701229999999599e-01 5.670125480000000051e-01 5.662886499999999490e-01 5.655978919999999910e-01 5.649396780000000007e-01 5.643133519999999903e-01 5.637184379999999884e-01 5.631542210000000104e-01 5.626203419999999955e-01 5.621160859999999593e-01 5.616409780000000129e-01 5.611944789999999683e-01 5.607760550000000510e-01 5.603851680000000446e-01 5.600213410000000058e-01 5.596840379999999948e-01 5.593727229999999606e-01 5.590869779999999567e-01 5.588262080000000465e-01 5.585899949999999503e-01 5.583778019999999787e-01 5.581892130000000174e-01 5.580236320000000472e-01 5.578806400000000387e-01 5.577597020000000239e-01 5.576604010000000278e-01 5.575822590000000245e-01 5.575248000000000426e-01 5.574874880000000310e-01 5.574699039999999606e-01 5.574715730000000535e-01 5.574920180000000336e-01 5.575307609999999858e-01 5.575873850000000465e-01 5.576614140000000219e-01 5.577523709999999690e-01 5.578597779999999728e-01 5.579832789999999987e-01 5.581223370000000239e-01 5.582765339999999910e-01 5.584454540000000078e-01 5.586286780000000451e-01 5.588257909999999606e-01
5.861052270000000064e-01 6.094779970000000491e-01 6.216672659999999961e-01 6.282372470000000542e-01 6.319439409999999535e-01 6.340456009999999587e-01 6.351657509999999451e-01 6.356407400000000374e-01 6.356642839999999683e-01 6.353541609999999729e-01 6.347844599999999948e-01 6.340036989999999761e-01 6.330448990000000498e-01 6.319319009999999626e-01 6.306834220000000490e-01 6.293151970000000484e-01 6.278414730000000388e-01 6.262756590000000401e-01 6.246305109999999994e-01 6.229183670000000284e-01 6.211510300000000484e-01 6.193397640000000148e-01 6.174950599999999845e-01 6.156266929999999471e-01 6.137437220000000471e-01 6.118541960000000168e-01 6.099656220000000406e-01 6.080845000000000278e-01 6.062166089999999619e-01 6.043670770000000303e-01 6.025403740000000452e-01 6.007402539999999735e-01 5.989699960000000045e-01 5.972324009999999683e-01 5.955296749999999806e-01 5.938637260000000362e-01 5.922361019999999865e-01 5.906479949999999812e-01 5.891002419999999962e-01 5.875936149999999580e-01 5.861284730000000387e-01 5.847050550000000291e-01 5.833235380000000303e-01 5.819838640000000174e-01 5.806857939999999774e-01 5.794291499999999484e-01 5.782135130000000123e-01 5.770385860000000200e-01 5.759037729999999522e-01 5.748086569999999451e-01 5.737527009999999761e-01 5.727352500000000290e-01 5.717558259999999670e-01 5.708137149999999993e-01 5.699083809999999639e-01 5.690392260000000091e-01 5.682055950000000077e-01 5.674068930000000233e-01 5.666425229999999535e-01 5.659118290000000329e-01 5.652142759999999599e-01 5.645493270000000452e-01 5.639162659999999994e-01 5.633146169999999620e-01 5.627437830000000529e-01 5.622032879999999677e-01 5.616924760000000516e-01 5.612108710000000000e-01 5.607579350000000407e-01 5.603331329999999832e-01 5.599359870000000239e-01 5.595659610000000006e-01 5.592225790000000529e-01 5.589052439999999677e-01 5.586135389999999923e-01 5.583469269999999929e-01 5.581049919999999664e-01 5.578871970000000013e-01 5.576930049999999639e-01 5.575219989999999903e-01 5.573737029999999981e-01 5.572476389999999613e-01 5.571432710000000510e-01 5.570601219999999909e-01 5.569978359999999684e-01 5.569558140000000490e-01 5.569335819999999826e-01 5.569307799999999586e-01 5.569468739999999807e-01 5.569813850000000510e-01 5.570338959999999728e-01 5.571038720000000000e-01 5.571909550000000433e-01 5.572946669999999658e-01 5.574144720000000497e-01 5.575500129999999555e-01 5.577008719999999586e-01 5.578665139999999800e-01 5.580465199999999903e-01 5.582405329999999832e-01
5.982061619999999857e-01 6.165794129999999651e-01 6.262571810000000516e-01 6.314240690000000322e-01 6.342678069999999613e-01 6.357980370000000381e-01 6.365178820000000348e-01 6.366997960000000401e-01 6.365013720000000097e-01 6.360182170000000523e-01 6.353107089999999735e-01 6.344180109999999484e-01 6.333669419999999883e-01 6.321770549999999877e-01 6.308637259999999580e-01 6.294404270000000245e-01 6.279196740000000387e-01 6.263133290000000297e-01 6.246331929999999755e-01 6.228906509999999619e-01 6.210968489999999509e-01 6.192623969999999645e-01 6.173973680000000019e-01 6.155110599999999987e-01 6.136121749999999819e-01 6.117085220000000323e-01 6.098072530000000491e-01 6.079146859999999819e-01 6.060364839999999864e-01 6.041775350000000433e-01 6.023421289999999484e-01 6.005339619999999767e-01 5.987561940000000194e-01 5.970114469999999729e-01 5.953019859999999497e-01 5.936295390000000394e-01 5.919956560000000367e-01 5.904014709999999555e-01 5.888477560000000555e-01 5.873352290000000142e-01 5.858642459999999774e-01 5.844350459999999581e-01 5.830477480000000323e-01 5.817022920000000097e-01 5.803983809999999632e-01 5.791358949999999561e-01 5.779144170000000136e-01 5.767335300000000498e-01 5.755928160000000071e-01 5.744916799999999490e-01 5.734296439999999606e-01 5.724061129999999942e-01 5.714204910000000304e-01 5.704722399999999638e-01 5.695607070000000549e-01 5.686852930000000361e-01 5.678454640000000220e-01 5.670405029999999735e-01 5.662698149999999542e-01 5.655329230000000207e-01 5.648291109999999948e-01 5.641578440000000194e-01 5.635185839999999891e-01 5.629107949999999638e-01 5.623338220000000387e-01 5.617871880000000484e-01 5.612702969999999736e-01 5.607827309999999787e-01 5.603238339999999651e-01 5.598931910000000123e-01 5.594902630000000432e-01 5.591145159999999503e-01 5.587654709999999580e-01 5.584425929999999871e-01 5.581454630000000083e-01 5.578734869999999457e-01 5.576262469999999638e-01 5.574033259999999768e-01 5.572040679999999968e-01 5.570281150000000459e-01 5.568749899999999586e-01 5.567441579999999890e-01 5.566352009999999684e-01 5.565475819999999851e-01 5.564808249999999568e-01 5.564345120000000477e-01 5.564081669999999535e-01 5.564013119999999812e-01 5.564134720000000200e-01 5.564441679999999613e-01 5.564929840000000238e-01 5.565593840000000458e-01 5.566430089999999664e-01 5.567433240000000394e-01 5.568599100000000135e-01 5.569923519999999684e-01 5.571401719999999891e-01 5.573028920000000497e-01 5.574801560000000045e-01 5.576714870000000213e-01
6.079675559999999646e-01 6.222730880000000298e-01 6.299249529999999542e-01 6.339601870000000083e-01 6.361059550000000007e-01 6.371723409999999754e-01 6.375662090000000504e-01 6.375087499999999574e-01 6.371284130000000046e-01 6.365032790000000329e-01 6.356824039999999787e-01 6.346975559999999961e-01 6.335705520000000091e-01 6.323172449999999722e-01 6.309505109999999917e-01 6.294819120000000323e-01 6.279224159999999832e-01 6.262828110000000503e-01 6.245740650000000116e-01 6.228067280000000316e-01 6.209914090000000497e-01 6.191382410000000336e-01 6.172567610000000426e-01 6.153560279999999993e-01 6.134443880000000071e-01 6.115294690000000477e-01 6.096181269999999541e-01 6.077165009999999645e-01 6.058301329999999929e-01 6.039636729999999787e-01 6.021213530000000258e-01 6.003068089999999968e-01 5.985230209999999884e-01 5.967725520000000117e-01 5.950576659999999851e-01 5.933799739999999767e-01 5.917409660000000349e-01 5.901416539999999600e-01 5.885829930000000543e-01 5.870654579999999845e-01 5.855895279999999703e-01 5.841553809999999736e-01 5.827630759999999910e-01 5.814124939999999464e-01 5.801035169999999574e-01 5.788358449999999600e-01 5.776091220000000304e-01 5.764229300000000000e-01 5.752768520000000052e-01 5.741702319999999471e-01 5.731027130000000414e-01 5.720736379999999954e-01 5.710824129999999554e-01 5.701285000000000380e-01 5.692113039999999735e-01 5.683301689999999962e-01 5.674844980000000039e-01 5.666737560000000284e-01 5.658973459999999678e-01 5.651546119999999451e-01 5.644450779999999890e-01 5.637680290000000038e-01 5.631230470000000432e-01 5.625094769999999800e-01 5.619268419999999820e-01 5.613746050000000265e-01 5.608521100000000148e-01 5.603590010000000232e-01 5.598946809999999497e-01 5.594586129999999935e-01 5.590503220000000439e-01 5.586693289999999923e-01 5.583150980000000096e-01 5.579871539999999852e-01 5.576849579999999529e-01 5.574080940000000206e-01 5.571560859999999948e-01 5.569283959999999922e-01 5.567245480000000413e-01 5.565441249999999451e-01 5.563865300000000458e-01 5.562514069999999755e-01 5.561382769999999587e-01 5.560465460000000304e-01 5.559758540000000471e-01 5.559256670000000122e-01 5.558955669999999794e-01 5.558850770000000052e-01 5.558937189999999529e-01 5.559210180000000445e-01 5.559664960000000322e-01 5.560297370000000239e-01 5.561102629999999936e-01 5.562075969999999980e-01 5.563213230000000342e-01 5.564510230000000446e-01 5.565961600000000065e-01 5.567563770000000245e-01 5.569311980000000162e-01 5.571201439999999838e-01
6.158544419999999464e-01 6.268483999999999723e-01 6.328591110000000297e-01 6.359763739999999554e-01 6.375543479999999930e-01 6.382422450000000413e-01 6.383692029999999962e-01 6.381152869999999755e-01 6.375854020000000233e-01 6.368432640000000200e-01 6.359288690000000077e-01 6.348680260000000297e-01 6.336782570000000225e-01 6.323726179999999975e-01 6.309618949999999948e-01 6.294559840000000239e-01 6.278646589999999916e-01 6.261978750000000149e-01 6.244657040000000103e-01 6.226782800000000284e-01 6.208454970000000239e-01 6.189771889999999832e-01 6.170825960000000387e-01 6.151703600000000272e-01 6.132486459999999528e-01 6.113247870000000361e-01 6.094055179999999794e-01 6.074967980000000045e-01 6.056039930000000071e-01 6.037316919999999865e-01 6.018840069999999987e-01 6.000643970000000271e-01 5.982758400000000032e-01 5.965208410000000239e-01 5.948015450000000426e-01 5.931195620000000446e-01 5.914763210000000271e-01 5.898728970000000071e-01 5.883100629999999942e-01 5.867883560000000109e-01 5.853081350000000072e-01 5.838696960000000491e-01 5.824730399999999975e-01 5.811180470000000264e-01 5.798045400000000349e-01 5.785322189999999587e-01 5.773007869999999819e-01 5.761098270000000188e-01 5.749588610000000433e-01 5.738473530000000045e-01 5.727747680000000452e-01 5.717406269999999457e-01 5.707442759999999948e-01 5.697851779999999478e-01 5.688626770000000388e-01 5.679762959999999916e-01 5.671253200000000438e-01 5.663092730000000019e-01 5.655274989999999891e-01 5.647794600000000109e-01 5.640645029999999949e-01 5.633822080000000510e-01 5.627318620000000271e-01 5.621130469999999768e-01 5.615251660000000200e-01 5.609676839999999665e-01 5.604400630000000438e-01 5.599418280000000303e-01 5.594724420000000142e-01 5.590314269999999697e-01 5.586182480000000394e-01 5.582324269999999755e-01 5.578734279999999490e-01 5.575407740000000167e-01 5.572340489999999535e-01 5.569527149999999871e-01 5.566962960000000349e-01 5.564643139999999599e-01 5.562562939999999845e-01 5.560717579999999716e-01 5.559101699999999813e-01 5.557711720000000355e-01 5.556542279999999723e-01 5.555588599999999877e-01 5.554845929999999710e-01 5.554309490000000071e-01 5.553974510000000420e-01 5.553837419999999581e-01 5.553892249999999864e-01 5.554134849999999846e-01 5.554560419999999832e-01 5.555164219999999542e-01 5.555942059999999794e-01 5.556889769999999729e-01 5.558001999999999665e-01 5.559274549999999593e-01 5.560702680000000342e-01 5.562282800000000194e-01 5.564009549999999749e-01 5.565879339999999509e-01
6.222373249999999523e-01 6.305300000000000349e-01 6.352052689999999613e-01 6.375743149999999471e-01 6.386880280000000187e-01 6.390655039999999509e-01 6.389731170000000349e-01 6.385573740000000109e-01 6.379041079999999697e-01 6.370654110000000259e-01 6.360737680000000394e-01 6.349500420000000478e-01 6.337084769999999923e-01 6.323596839999999775e-01 6.309126619999999575e-01 6.293760539999999626e-01 6.277587409999999535e-01 6.260697250000000214e-01 6.243185399999999774e-01 6.225147840000000432e-01 6.206680540000000246e-01 6.187876460000000245e-01 6.168825629999999949e-01 6.149612669999999781e-01 6.130316260000000517e-01 6.111008519999999722e-01 6.091754440000000104e-01 6.072612400000000354e-01 6.053634289999999529e-01 6.034866570000000374e-01 6.016348000000000251e-01 5.998112559999999593e-01 5.980190039999999652e-01 5.962604879999999774e-01 5.945376749999999877e-01 5.928522939999999464e-01 5.912055969999999716e-01 5.895987150000000510e-01 5.880323050000000329e-01 5.865070820000000129e-01 5.850232840000000323e-01 5.835810900000000245e-01 5.821805599999999581e-01 5.808216330000000038e-01 5.795041319999999496e-01 5.782276990000000394e-01 5.769920349999999587e-01 5.757967830000000342e-01 5.746413470000000245e-01 5.735253689999999516e-01 5.724481940000000213e-01 5.714094039999999541e-01 5.704082849999999594e-01 5.694444180000000078e-01 5.685171479999999722e-01 5.676258210000000304e-01 5.667700169999999593e-01 5.659490230000000510e-01 5.651623009999999780e-01 5.644093159999999942e-01 5.636894700000000258e-01 5.630022289999999652e-01 5.623469949999999606e-01 5.617232920000000407e-01 5.611305829999999606e-01 5.605682730000000058e-01 5.600359440000000077e-01 5.595329999999999471e-01 5.590590239999999600e-01 5.586134200000000272e-01 5.581957100000000116e-01 5.578054789999999930e-01 5.574421290000000084e-01 5.571053030000000517e-01 5.567943450000000238e-01 5.565089579999999980e-01 5.562485459999999549e-01 5.560126300000000077e-01 5.558007959999999859e-01 5.556125640000000310e-01 5.554474000000000355e-01 5.553048849999999703e-01 5.551845429999999748e-01 5.550858379999999981e-01 5.550083519999999826e-01 5.549516079999999851e-01 5.549151900000000026e-01 5.548985600000000407e-01 5.549012420000000168e-01 5.549228189999999561e-01 5.549627539999999470e-01 5.550206899999999832e-01 5.550960900000000420e-01 5.551885370000000375e-01 5.552975540000000265e-01 5.554227229999999516e-01 5.555635690000000348e-01 5.557196140000000284e-01 5.558905010000000368e-01 5.560757520000000342e-01
6.274120810000000104e-01 6.334941389999999561e-01 6.370777490000000265e-01 6.388338209999999684e-01 6.395662429999999787e-01 6.396882529999999845e-01 6.394148469999999529e-01 6.388655300000000148e-01 6.381103399999999981e-01 6.371917129999999929e-01 6.361361739999999987e-01 6.349605919999999903e-01 6.336762310000000342e-01 6.322918530000000148e-01 6.308150289999999716e-01 6.292533280000000007e-01 6.276146769999999542e-01 6.259076599999999768e-01 6.241410969999999780e-01 6.223242279999999793e-01 6.204663519999999988e-01 6.185763480000000536e-01 6.166630979999999651e-01 6.147347690000000142e-01 6.127990479999999573e-01 6.108629110000000084e-01 6.089328529999999962e-01 6.070145369999999652e-01 6.051130289999999690e-01 6.032328609999999536e-01 6.013778450000000220e-01 5.995513799999999671e-01 5.977562669999999523e-01 5.959949490000000516e-01 5.942693949999999781e-01 5.925812129999999955e-01 5.909317729999999935e-01 5.893219709999999445e-01 5.877527000000000168e-01 5.862243769999999632e-01 5.847374800000000317e-01 5.832920670000000252e-01 5.818881989999999949e-01 5.805257560000000039e-01 5.792046789999999445e-01 5.779245499999999813e-01 5.766850709999999935e-01 5.754858849999999748e-01 5.743264559999999852e-01 5.732063059999999988e-01 5.721249579999999613e-01 5.710818770000000155e-01 5.700764659999999484e-01 5.691081879999999593e-01 5.681763890000000039e-01 5.672806500000000529e-01 5.664203169999999510e-01 5.655947329999999607e-01 5.648034809999999961e-01 5.640459660000000097e-01 5.633215310000000420e-01 5.626297590000000071e-01 5.619700549999999684e-01 5.613418220000000458e-01 5.607446430000000426e-01 5.601779820000000187e-01 5.596413019999999516e-01 5.591340660000000407e-01 5.586557979999999812e-01 5.582060220000000239e-01 5.577842589999999490e-01 5.573899150000000136e-01 5.570226310000000458e-01 5.566819309999999632e-01 5.563672179999999967e-01 5.560780760000000322e-01 5.558140280000000155e-01 5.555746560000000001e-01 5.553593639999999665e-01 5.551677940000000477e-01 5.549994110000000536e-01 5.548537369999999580e-01 5.547302960000000116e-01 5.546286700000000458e-01 5.545483829999999781e-01 5.544888970000000361e-01 5.544497969999999665e-01 5.544306039999999935e-01 5.544307830000000381e-01 5.544500350000000077e-01 5.544877049999999974e-01 5.545434360000000007e-01 5.546168089999999884e-01 5.547072290000000239e-01 5.548143979999999864e-01 5.549377199999999677e-01 5.550768379999999613e-01 5.552313330000000491e-01 5.554006700000000407e-01 5.555844899999999864e-01
6.316136119999999909e-01 6.358794570000000368e-01 6.385665539999999529e-01 6.398183109999999729e-01 6.402363180000000265e-01 6.401473279999999599e-01 6.397243740000000400e-01 6.390645499999999535e-01 6.382249589999999806e-01 6.372402910000000142e-01 6.361320019999999742e-01 6.349135040000000174e-01 6.335939170000000065e-01 6.321802739999999865e-01 6.306790110000000116e-01 6.290968059999999529e-01 6.274409290000000361e-01 6.257193089999999458e-01 6.239404680000000258e-01 6.221132280000000181e-01 6.202465299999999626e-01 6.183491349999999942e-01 6.164295669999999561e-01 6.144958139999999736e-01 6.125555040000000284e-01 6.106154919999999819e-01 6.086819770000000407e-01 6.067606210000000555e-01 6.048564309999999722e-01 6.029737590000000536e-01 6.011164780000000096e-01 5.992878080000000329e-01 5.974905489999999819e-01 5.957270860000000168e-01 5.939994450000000148e-01 5.923090579999999994e-01 5.906573529999999961e-01 5.890452269999999491e-01 5.874734520000000071e-01 5.859426260000000219e-01 5.844529870000000349e-01 5.830047130000000077e-01 5.815978649999999917e-01 5.802323820000000465e-01 5.789080859999999884e-01 5.776246189999999503e-01 5.763816830000000335e-01 5.751789210000000097e-01 5.740157959999999671e-01 5.728918910000000420e-01 5.718067289999999581e-01 5.707597140000000291e-01 5.697503090000000103e-01 5.687779189999999652e-01 5.678421259999999471e-01 5.669422149999999716e-01 5.660776499999999878e-01 5.652479529999999697e-01 5.644524690000000122e-01 5.636907220000000329e-01 5.629621740000000374e-01 5.622661709999999813e-01 5.616022939999999464e-01 5.609700079999999645e-01 5.603687760000000129e-01 5.597980019999999612e-01 5.592573290000000252e-01 5.587461590000000200e-01 5.582640169999999458e-01 5.578104849999999670e-01 5.573849079999999567e-01 5.569869880000000162e-01 5.566160679999999639e-01 5.562718509999999839e-01 5.559536809999999774e-01 5.556612610000000174e-01 5.553939340000000335e-01 5.551513430000000193e-01 5.549330120000000033e-01 5.547384619999999877e-01 5.545671580000000045e-01 5.544186829999999677e-01 5.542925600000000452e-01 5.541883109999999890e-01 5.541054610000000213e-01 5.540435310000000335e-01 5.540021059999999942e-01 5.539806489999999917e-01 5.539787409999999968e-01 5.539958480000000129e-01 5.540316100000000077e-01 5.540854929999999845e-01 5.541570190000000284e-01 5.542457699999999710e-01 5.543512699999999516e-01 5.544731019999999955e-01 5.546107890000000484e-01 5.547638539999999452e-01 5.549319390000000407e-01 5.551145079999999510e-01
6.350264549999999897e-01 6.377947929999999710e-01 6.397427319999999806e-01 6.405780909999999606e-01 6.407362220000000219e-01 6.404725909999999800e-01 6.399258970000000213e-01 6.391745810000000194e-01 6.382651929999999529e-01 6.372259860000000220e-01 6.360741260000000175e-01 6.348203420000000374e-01 6.334717869999999529e-01 6.320342420000000239e-01 6.305130719999999522e-01 6.289141769999999632e-01 6.272444130000000007e-01 6.255111100000000368e-01 6.237225530000000129e-01 6.218871470000000290e-01 6.200136539999999696e-01 6.181105970000000394e-01 6.161862609999999574e-01 6.142486329999999883e-01 6.123049860000000510e-01 6.103621129999999839e-01 6.084262129999999935e-01 6.065027710000000516e-01 6.045967340000000245e-01 6.027123330000000445e-01 6.008534429999999871e-01 5.990232229999999936e-01 5.972244140000000368e-01 5.954594020000000265e-01 5.937300920000000426e-01 5.920380349999999625e-01 5.903844830000000155e-01 5.887704489999999735e-01 5.871966480000000432e-01 5.856635569999999458e-01 5.841715929999999890e-01 5.827208759999999987e-01 5.813114050000000033e-01 5.799431800000000026e-01 5.786159629999999554e-01 5.773294570000000459e-01 5.760834219999999561e-01 5.748773809999999651e-01 5.737109179999999586e-01 5.725836159999999619e-01 5.714948770000000122e-01 5.704442259999999987e-01 5.694311859999999781e-01 5.684550999999999910e-01 5.675154919999999548e-01 5.666117670000000439e-01 5.657433870000000420e-01 5.649098160000000091e-01 5.641105180000000052e-01 5.633448960000000394e-01 5.626124740000000291e-01 5.619126559999999548e-01 5.612449649999999846e-01 5.606089229999999812e-01 5.600038769999999833e-01 5.594294669999999581e-01 5.588851569999999658e-01 5.583704109999999554e-01 5.578847529999999555e-01 5.574277039999999683e-01 5.569987889999999942e-01 5.565974710000000103e-01 5.562233920000000387e-01 5.558759570000000316e-01 5.555547480000000427e-01 5.552592280000000491e-01 5.549890400000000446e-01 5.547436479999999781e-01 5.545225139999999664e-01 5.543252829999999465e-01 5.541514159999999523e-01 5.540004370000000122e-01 5.538719300000000123e-01 5.537653569999999581e-01 5.536803009999999858e-01 5.536162850000000413e-01 5.535727740000000452e-01 5.535493489999999683e-01 5.535455940000000297e-01 5.535609129999999878e-01 5.535949470000000039e-01 5.536472199999999955e-01 5.537172559999999910e-01 5.538045169999999962e-01 5.539086460000000045e-01 5.540292260000000413e-01 5.541656609999999761e-01 5.543175940000000246e-01 5.544846060000000465e-01 5.546662209999999593e-01
6.377948519999999677e-01 6.393256779999999528e-01 6.406626699999999897e-01 6.411535139999999799e-01 6.410964729999999445e-01 6.406882999999999884e-01 6.400390860000000348e-01 6.392121320000000440e-01 6.382451649999999477e-01 6.371609569999999723e-01 6.359732750000000046e-01 6.346905229999999509e-01 6.333183650000000497e-01 6.318612689999999477e-01 6.303240060000000478e-01 6.287117599999999529e-01 6.270309090000000252e-01 6.252884269999999800e-01 6.234922410000000026e-01 6.216506360000000342e-01 6.197719569999999845e-01 6.178647280000000297e-01 6.159369949999999871e-01 6.139965649999999941e-01 6.120506529999999445e-01 6.101059319999999619e-01 6.081684229999999580e-01 6.062436700000000123e-01 6.043364409999999465e-01 6.024510260000000006e-01 6.005910629999999806e-01 5.987598299999999929e-01 5.969600080000000419e-01 5.951938629999999897e-01 5.934633019999999703e-01 5.917699339999999975e-01 5.901149509999999987e-01 5.884993080000000543e-01 5.869237779999999516e-01 5.853888390000000497e-01 5.838947890000000251e-01 5.824419259999999987e-01 5.810301300000000335e-01 5.796594619999999587e-01 5.783296230000000149e-01 5.770404340000000465e-01 5.757915380000000471e-01 5.745825169999999593e-01 5.734130139999999987e-01 5.722824930000000032e-01 5.711905360000000265e-01 5.701366070000000175e-01 5.691201689999999536e-01 5.681406260000000374e-01 5.671975609999999612e-01 5.662903190000000420e-01 5.654184820000000000e-01 5.645813349999999620e-01 5.637785199999999497e-01 5.630093219999999787e-01 5.622733829999999600e-01 5.615701079999999568e-01 5.608988999999999780e-01 5.602594020000000175e-01 5.596510169999999729e-01 5.590732099999999871e-01 5.585255620000000309e-01 5.580075380000000251e-01 5.575187209999999949e-01 5.570585129999999774e-01 5.566265580000000490e-01 5.562222599999999684e-01 5.558452010000000110e-01 5.554949639999999800e-01 5.551709529999999670e-01 5.548728109999999658e-01 5.545999409999999852e-01 5.543520450000000155e-01 5.541284680000000407e-01 5.539288519999999716e-01 5.537527199999999761e-01 5.535995959999999716e-01 5.534689430000000465e-01 5.533603430000000323e-01 5.532733800000000368e-01 5.532074569999999580e-01 5.531622170000000116e-01 5.531371240000000356e-01 5.531317000000000039e-01 5.531455280000000529e-01 5.531781319999999891e-01 5.532289740000000400e-01 5.532976979999999489e-01 5.533838269999999948e-01 5.534868240000000439e-01 5.536062720000000104e-01 5.537417529999999477e-01 5.538927319999999987e-01 5.540589089999999883e-01 5.542397500000000310e-01
6.400330069999999871e-01 6.405403020000000058e-01 6.413717270000000026e-01 6.415772440000000465e-01 6.413419839999999761e-01 6.408141849999999806e-01 6.400802140000000362e-01 6.391908530000000033e-01 6.381764410000000387e-01 6.370552779999999471e-01 6.358382700000000387e-01 6.345319750000000258e-01 6.331405639999999613e-01 6.316677929999999774e-01 6.301175949999999748e-01 6.284947400000000517e-01 6.268051860000000142e-01 6.250556109999999554e-01 6.232536440000000511e-01 6.214073900000000039e-01 6.195250150000000122e-01 6.176147459999999922e-01 6.156846879999999800e-01 6.137424710000000116e-01 6.117951270000000497e-01 6.098493339999999652e-01 6.079109910000000117e-01 6.059855219999999987e-01 6.040776970000000246e-01 6.021916870000000310e-01 6.003311869999999884e-01 5.984993579999999813e-01 5.966988800000000426e-01 5.949319600000000374e-01 5.932005639999999858e-01 5.915061830000000187e-01 5.898500679999999496e-01 5.882331130000000297e-01 5.866561529999999580e-01 5.851196050000000426e-01 5.836238860000000361e-01 5.821690560000000181e-01 5.807552339999999536e-01 5.793823000000000167e-01 5.780501369999999639e-01 5.767585039999999497e-01 5.755069849999999709e-01 5.742952820000000180e-01 5.731229780000000051e-01 5.719895959999999890e-01 5.708946590000000265e-01 5.698376889999999806e-01 5.688181519999999658e-01 5.678355099999999878e-01 5.668892260000000238e-01 5.659788249999999632e-01 5.651037100000000368e-01 5.642633440000000000e-01 5.634572509999999923e-01 5.626848939999999910e-01 5.619456769999999768e-01 5.612391829999999748e-01 5.605648760000000452e-01 5.599222179999999716e-01 5.593106749999999794e-01 5.587298870000000361e-01 5.581791999999999865e-01 5.576582549999999916e-01 5.571665169999999723e-01 5.567035080000000136e-01 5.562688110000000297e-01 5.558618309999999729e-01 5.554821490000000361e-01 5.551293489999999942e-01 5.548028950000000181e-01 5.545023079999999993e-01 5.542271730000000174e-01 5.539770130000000181e-01 5.537512900000000071e-01 5.535496469999999780e-01 5.533714889999999942e-01 5.532163979999999981e-01 5.530839560000000432e-01 5.529735679999999709e-01 5.528849359999999935e-01 5.528174040000000122e-01 5.527706150000000207e-01 5.527440909999999930e-01 5.527372959999999891e-01 5.527498130000000343e-01 5.527812239999999600e-01 5.528309350000000233e-01 5.528985859999999697e-01 5.529836420000000530e-01 5.530856849999999936e-01 5.532042980000000387e-01 5.533389450000000265e-01 5.534892679999999787e-01 5.536547299999999838e-01 5.538349150000000387e-01
6.418331860000000555e-01 6.414937969999999767e-01 6.419066789999999800e-01 6.418759819999999561e-01 6.414932610000000368e-01 6.408665780000000201e-01 6.400628090000000103e-01 6.391221280000000116e-01 6.380687950000000219e-01 6.369174720000000400e-01 6.356766219999999690e-01 6.343511939999999516e-01 6.329444050000000432e-01 6.314591170000000142e-01 6.298986669999999677e-01 6.282675859999999890e-01 6.265712979999999988e-01 6.248163580000000161e-01 6.230101590000000078e-01 6.211605070000000284e-01 6.192755699999999974e-01 6.173633929999999825e-01 6.154319639999999980e-01 6.134886739999999561e-01 6.115406749999999780e-01 6.095944049999999503e-01 6.076557639999999871e-01 6.057301160000000406e-01 6.038221719999999904e-01 6.019360419999999490e-01 6.000753640000000555e-01 5.982432960000000355e-01 5.964424609999999793e-01 5.946751239999999994e-01 5.929431320000000394e-01 5.912480350000000051e-01 5.895910260000000180e-01 5.879730579999999929e-01 5.863949059999999935e-01 5.848569869999999948e-01 5.833597179999999716e-01 5.819032189999999716e-01 5.804875489999999916e-01 5.791127090000000033e-01 5.777784590000000220e-01 5.764845010000000380e-01 5.752306579999999503e-01 5.740165109999999515e-01 5.728416440000000387e-01 5.717056390000000432e-01 5.706080199999999936e-01 5.695482490000000064e-01 5.685258509999999710e-01 5.675403479999999723e-01 5.665911439999999910e-01 5.656778220000000523e-01 5.647997259999999464e-01 5.639564390000000316e-01 5.631473660000000381e-01 5.623720880000000477e-01 5.616299510000000161e-01 5.609205369999999968e-01 5.602433679999999638e-01 5.595978499999999523e-01 5.589835640000000438e-01 5.583999750000000484e-01 5.578466060000000226e-01 5.573230390000000201e-01 5.568286780000000213e-01 5.563631650000000484e-01 5.559259060000000252e-01 5.555165410000000303e-01 5.551345939999999812e-01 5.547794700000000523e-01 5.544508700000000401e-01 5.541481379999999568e-01 5.538709760000000148e-01 5.536188480000000522e-01 5.533912180000000181e-01 5.531877280000000452e-01 5.530078410000000000e-01 5.528511400000000187e-01 5.527170300000000536e-01 5.526052120000000123e-01 5.525150899999999865e-01 5.524461870000000330e-01 5.523980859999999549e-01 5.523703100000000310e-01 5.523623819999999851e-01 5.523738270000000394e-01 5.524041650000000025e-01 5.524529809999999541e-01 5.525197389999999542e-01 5.526040199999999736e-01 5.527052879999999613e-01 5.528231860000000220e-01 5.529572369999999903e-01 5.531069640000000343e-01 5.532718899999999884e-01 5.534516569999999858e-01
6.432713869999999723e-01 6.422314639999999741e-01 6.422979829999999613e-01 6.420718429999999755e-01 6.415672900000000123e-01 6.408591270000000284e-01 6.399980189999999736e-01 6.390153170000000271e-01 6.379303339999999878e-01 6.367545719999999632e-01 6.354945300000000019e-01 6.341537830000000264e-01 6.327347760000000543e-01 6.312395929999999877e-01 6.296712759999999465e-01 6.280338170000000497e-01 6.263325210000000309e-01 6.245736480000000368e-01 6.227644679999999600e-01 6.209126109999999477e-01 6.190260650000000142e-01 6.171128750000000052e-01 6.151807310000000362e-01 6.132371429999999846e-01 6.112890239999999586e-01 6.093428730000000071e-01 6.074044109999999774e-01 6.054790020000000439e-01 6.035712960000000349e-01 6.016853450000000381e-01 5.998248459999999671e-01 5.979928370000000548e-01 5.961919430000000020e-01 5.944244269999999775e-01 5.926920770000000394e-01 5.909964439999999541e-01 5.893387789999999793e-01 5.877200369999999729e-01 5.861408110000000393e-01 5.846017599999999703e-01 5.831031800000000542e-01 5.816451910000000058e-01 5.802279110000000406e-01 5.788512829999999942e-01 5.775151250000000180e-01 5.762192010000000142e-01 5.749632120000000013e-01 5.737468599999999697e-01 5.725696679999999761e-01 5.714312200000000175e-01 5.703310969999999536e-01 5.692688230000000349e-01 5.682438610000000168e-01 5.672557350000000387e-01 5.663039090000000497e-01 5.653878450000000555e-01 5.645071270000000530e-01 5.636610979999999715e-01 5.628494019999999987e-01 5.620713830000000355e-01 5.613266230000000245e-01 5.606145860000000258e-01 5.599347949999999852e-01 5.592867139999999626e-01 5.586698650000000432e-01 5.580838320000000019e-01 5.575280790000000097e-01 5.570020679999999613e-01 5.565054419999999613e-01 5.560376639999999870e-01 5.555982590000000387e-01 5.551867489999999794e-01 5.548026560000000051e-01 5.544456239999999703e-01 5.541149969999999980e-01 5.538104769999999677e-01 5.535315280000000504e-01 5.532776120000000297e-01 5.530483720000000103e-01 5.528433320000000206e-01 5.526618960000000413e-01 5.525037649999999800e-01 5.523683430000000394e-01 5.522551540000000259e-01 5.521637799999999929e-01 5.520937439999999974e-01 5.520445699999999567e-01 5.520157810000000387e-01 5.520068999999999670e-01 5.520174500000000206e-01 5.520469550000000059e-01 5.520949960000000045e-01 5.521610380000000484e-01 5.522446039999999723e-01 5.523453350000000484e-01 5.524626969999999471e-01 5.525962709999999722e-01 5.527455810000000413e-01 5.529101490000000174e-01 5.530896189999999768e-01
