1.296734729999999923e-19 2.287691290000000033e-19 3.599362959999999820e-19 5.214444729999999528e-19 7.125746350000000131e-19 9.327365100000000316e-19 1.181316690000000034e-18 1.457637000000000089e-18 1.760930829999999884e-18 2.090311880000000080e-18 2.444727960000000051e-18 2.822901289999999919e-18 3.223263940000000168e-18 3.643901819999999821e-18 4.082521379999999756e-18 4.536447900000000025e-18 5.002658890000000036e-18 5.477857200000000197e-18 5.958571550000000271e-18 6.441277760000000118e-18 6.922531439999999886e-18 7.399088389999999323e-18 7.868017080000000085e-18 8.326783029999999738e-18 8.773302569999999679e-18 9.205975110000000344e-18 9.623673189999999359e-18 1.002572680000000037e-17 1.041187790000000035e-17 1.078222569999999946e-17 1.113717129999999955e-17 1.147735519999999995e-17 1.180360020000000017e-17 1.211686090000000074e-17 1.241817300000000000e-17 1.270862179999999953e-17 1.298930239999999981e-17 1.326130089999999955e-17 1.352567519999999954e-17 1.378343629999999924e-17 1.403554600000000120e-17 1.428290609999999873e-17 1.452635860000000140e-17 1.476668270000000106e-17 1.500459970000000133e-17 1.524076639999999959e-17 1.547579160000000121e-17 1.571022449999999940e-17 1.594457139999999952e-17 1.617928720000000089e-17 1.641479209999999959e-17 1.665146170000000147e-17 1.688964509999999988e-17 1.712964989999999996e-17 1.737176560000000135e-17 1.761625039999999911e-17 1.786334090000000068e-17 1.811325199999999930e-17 1.836618399999999872e-17 1.862231550000000080e-17 1.888181360000000147e-17 1.914483220000000062e-17 1.941151029999999973e-17 1.968198019999999877e-17 1.995636259999999906e-17 2.023477010000000079e-17 2.051730690000000023e-17 2.080407380000000118e-17 2.109515869999999879e-17 2.139065239999999863e-17 2.169063440000000120e-17 2.199518409999999885e-17 2.230437269999999935e-17 2.261827280000000085e-17 2.293694910000000118e-17 2.326046770000000089e-17 2.358888989999999918e-17 2.392227669999999863e-17 2.426068130000000038e-17 2.460416470000000084e-17 2.495277669999999942e-17 2.530657339999999849e-17 2.566560290000000121e-17 2.602991640000000045e-17 2.639956350000000097e-17 2.677459229999999979e-17 2.715504909999999878e-17 2.754098010000000099e-17 2.793243010000000055e-17 2.832944710000000177e-17 2.873207560000000218e-17 2.914035210000000015e-17 2.955432950000000020e-17 2.997404419999999873e-17 3.039954260000000268e-17 3.083086439999999898e-17 3.126804919999999726e-17 3.171114339999999830e-17 3.216018659999999940e-17 3.261521869999999756e-17
1.838089149999999940e-19 3.242746779999999940e-19 5.102012800000000037e-19 7.391359729999999666e-19 1.010059799999999945e-18 1.322136440000000074e-18 1.674496560000000095e-18 2.066179300000000159e-18 2.496098980000000089e-18 2.963000249999999827e-18 3.465393349999999922e-18 4.001469259999999731e-18 4.569010279999999774e-18 5.165311139999999764e-18 5.787130510000000218e-18 6.430691920000000179e-18 7.091731239999999668e-18 7.765597230000000137e-18 8.447399199999999984e-18 9.132171569999999861e-18 9.815062929999999852e-18 1.049150640000000025e-17 1.115737690000000046e-17 1.180910420000000023e-17 1.244375610000000031e-17 1.305907170000000020e-17 1.365346059999999947e-17 1.422596959999999877e-17 1.477622510000000053e-17 1.530435340000000150e-17 1.581090230000000139e-17 1.629675999999999894e-17 1.676306990000000017e-17 1.721115530000000139e-17 1.764246210000000039e-17 1.805850260000000136e-17 1.846080519999999956e-17 1.885088860000000099e-17 1.923022870000000111e-17 1.960024309999999936e-17 1.996227689999999896e-17 2.031759400000000027e-17 2.066737559999999918e-17 2.101271689999999966e-17 2.135462869999999884e-17 2.169403739999999927e-17 2.203179679999999922e-17 2.236868429999999850e-17 2.270540970000000096e-17 2.304261979999999960e-17 2.338090519999999852e-17 2.372080030000000062e-17 2.406279490000000005e-17 2.440733209999999974e-17 2.475481420000000035e-17 2.510561479999999946e-17 2.546006669999999852e-17 2.581848070000000050e-17 2.618113490000000106e-17 2.654829229999999969e-17 2.692018609999999902e-17 2.729703959999999928e-17 2.767905150000000068e-17 2.806641020000000246e-17 2.845929120000000138e-17 2.885785660000000042e-17 2.926225199999999753e-17 2.967262290000000101e-17 3.008910510000000221e-17 3.051181750000000116e-17 3.094088270000000240e-17 3.137640990000000133e-17 3.181850479999999887e-17 3.226727340000000183e-17 3.272281170000000031e-17 3.318520900000000142e-17 3.365455459999999992e-17 3.413094109999999960e-17 3.461444480000000003e-17 3.510514819999999870e-17 3.560313070000000028e-17 3.610846859999999818e-17 3.662123119999999695e-17 3.714149809999999901e-17 3.766933860000000273e-17 3.820481559999999851e-17 3.874800520000000051e-17 3.929897040000000109e-17 3.985777389999999906e-17 4.042448860000000151e-17 4.099917069999999734e-17 4.158188959999999919e-17 4.217270169999999988e-17 4.277167310000000303e-17 4.337886669999999904e-17 4.399433539999999860e-17 4.461814540000000114e-17 4.525035619999999840e-17 4.589102420000000169e-17 4.654020869999999883e-17
2.605445999999999999e-19 4.596515999999999663e-19 7.231987359999999705e-19 1.047709650000000045e-18 1.431740250000000050e-18 1.874105679999999820e-18 2.373574499999999957e-18 2.928785569999999904e-18 3.538200960000000133e-18 4.200043059999999894e-18 4.912202970000000361e-18 5.672121800000000029e-18 6.476663720000000297e-18 7.322005909999999646e-18 8.203575309999999478e-18 9.116042379999999737e-18 1.005339770000000049e-17 1.100909069999999952e-17 1.197623769999999973e-17 1.294785399999999961e-17 1.391711860000000109e-17 1.487761590000000111e-17 1.582354330000000086e-17 1.674988790000000134e-17 1.765252229999999884e-17 1.852826500000000038e-17 1.937486949999999875e-17 2.019098080000000062e-17 2.097605460000000071e-17 2.173024309999999958e-17 2.245429580000000035e-17 2.314943030000000148e-17 2.381722150000000095e-17 2.445950740000000124e-17 2.507829140000000148e-17 2.567566969999999920e-17 2.625377130000000122e-17 2.681470730000000044e-17 2.736053400000000048e-17 2.789322839999999915e-17 2.841466980000000176e-17 2.892662179999999905e-17 2.943073880000000180e-17 2.992854930000000107e-17 3.042147620000000124e-17 3.091081639999999734e-17 3.139776770000000149e-17 3.188342860000000206e-17 3.236879170000000102e-17 3.285477680000000139e-17 3.334221119999999820e-17 3.383185580000000162e-17 3.432439549999999729e-17 3.482046570000000198e-17 3.532064190000000205e-17 3.582544049999999993e-17 3.633535100000000239e-17 3.685080359999999755e-17 3.737220540000000285e-17 3.789992339999999781e-17 3.843430200000000104e-17 3.897565199999999701e-17 3.952426460000000010e-17 4.008040789999999852e-17 4.064433000000000258e-17 4.121627250000000033e-17 4.179644370000000087e-17 4.238505220000000066e-17 4.298229319999999932e-17 4.358834190000000005e-17 4.420337390000000157e-17 4.482754779999999702e-17 4.546101930000000298e-17 4.610393709999999785e-17 4.675644040000000244e-17 4.741866789999999694e-17 4.809074230000000018e-17 4.877279569999999899e-17 4.946494400000000256e-17 5.016730970000000118e-17 5.087999859999999773e-17 5.160312980000000232e-17 5.233680260000000177e-17 5.308112950000000046e-17 5.383620979999999753e-17 5.460214260000000053e-17 5.537903060000000108e-17 5.616696650000000491e-17 5.696604940000000110e-17 5.777636880000000063e-17 5.859802380000000491e-17 5.943110059999999742e-17 6.027569169999999849e-17 6.113188979999999537e-17 6.199977429999999891e-17 6.287943789999999637e-17 6.377097319999999770e-17 6.467445290000000607e-17 6.558997640000000410e-17 6.651761649999999690e-17
3.693155930000000045e-19 6.515454560000000464e-19 1.025118419999999997e-18 1.485107459999999965e-18 2.029466539999999981e-18 2.656517010000000140e-18 3.364514329999999931e-18 4.151531400000000213e-18 5.015389200000000325e-18 5.953571660000000213e-18 6.963095550000000428e-18 8.040340310000000362e-18 9.180877619999999814e-18 1.037931010000000008e-17 1.162918750000000043e-17 1.292300380000000002e-17 1.425229880000000047e-17 1.560786420000000143e-17 1.698002279999999928e-17 1.835897429999999921e-17 1.973514470000000053e-17 2.109953450000000019e-17 2.244400899999999882e-17 2.376153569999999915e-17 2.504632250000000110e-17 2.629389290000000143e-17 2.750108359999999921e-17 2.866596399999999739e-17 2.978773670000000285e-17 3.086657870000000160e-17 3.190349259999999998e-17 3.290013940000000217e-17 3.385867959999999882e-17 3.478164440000000162e-17 3.567179000000000022e-17 3.653201820000000072e-17 3.736527029999999840e-17 3.817447459999999951e-17 3.896247660000000082e-17 3.973202920000000143e-17 4.048573639999999969e-17 4.122605970000000109e-17 4.195529879999999858e-17 4.267559449999999846e-17 4.338892520000000124e-17 4.409711760000000123e-17 4.480184240000000109e-17 4.550464150000000106e-17 4.620691450000000010e-17 4.690994860000000089e-17 4.761491489999999919e-17 4.832288220000000075e-17 4.903483330000000096e-17 4.975165480000000116e-17 5.047416390000000239e-17 5.120310859999999693e-17 5.193916699999999778e-17 5.268296780000000171e-17 5.343508340000000229e-17 5.419604660000000195e-17 5.496634359999999846e-17 5.574642790000000385e-17 5.653671620000000126e-17 5.733759250000000046e-17 5.814942729999999389e-17 5.897254480000000603e-17 5.980726930000000165e-17 6.065389850000000507e-17 6.151271050000000268e-17 6.238396329999999489e-17 6.326790179999999725e-17 6.416477730000000249e-17 6.507480830000000331e-17 6.599820659999999709e-17 6.693517719999999621e-17 6.788591880000000089e-17 6.885062309999999783e-17 6.982946899999999474e-17 7.082263490000000191e-17 7.183029309999999670e-17 7.285260899999999420e-17 7.388974119999999987e-17 7.494184880000000430e-17 7.600909050000000258e-17 7.709160519999999731e-17 7.818955179999999981e-17 7.930306259999999466e-17 8.043228989999999979e-17 8.157736599999999977e-17 8.273842310000000185e-17 8.391561360000000127e-17 8.510905000000000243e-17 8.631887769999999937e-17 8.754521600000000611e-17 8.878820380000000060e-17 9.004796010000000332e-17 9.132461740000000274e-17 9.261829479999999666e-17 9.392911800000000088e-17 9.525720610000000088e-17
5.234959329999999803e-19 9.235508759999999744e-19 1.453084090000000050e-18 2.105112619999999933e-18 2.876737300000000002e-18 3.765580920000000371e-18 4.769173099999999742e-18 5.884783319999999756e-18 7.109328679999999839e-18 8.439247330000000043e-18 9.870319420000000407e-18 1.139742970000000021e-17 1.301432460000000016e-17 1.471339409999999933e-17 1.648555410000000085e-17 1.832024399999999910e-17 2.020557890000000038e-17 2.212863319999999961e-17 2.407584120000000026e-17 2.603347330000000150e-17 2.798812920000000031e-17 2.992721919999999821e-17 3.183936299999999827e-17 3.371472370000000225e-17 3.554518509999999945e-17 3.732447699999999932e-17 3.904812950000000125e-17 4.071340620000000191e-17 4.231912920000000210e-17 4.386548050000000233e-17 4.535378690000000260e-17 4.678628840000000022e-17 4.816592299999999993e-17 4.949614199999999764e-17 5.078072699999999734e-17 5.202365850000000098e-17 5.322897979999999895e-17 5.440071750000000044e-17 5.554280910000000526e-17 5.665903969999999953e-17 5.775302239999999784e-17 5.882816530000000240e-17 5.988765799999999805e-17 6.093447819999999498e-17 6.197137890000000042e-17 6.300090109999999570e-17 6.402538079999999904e-17 6.504697540000000216e-17 6.606765010000000030e-17 6.708920490000000220e-17 6.811330079999999970e-17 6.914143339999999421e-17 7.017499219999999687e-17 7.121523470000000314e-17 7.226331889999999929e-17 7.332031009999999665e-17 7.438716800000000141e-17 7.546479900000000125e-17 7.655401720000000442e-17 7.765559019999999793e-17 7.877021269999999872e-17 7.989854000000000565e-17 8.104116759999999532e-17 8.219865800000000206e-17 8.337154060000000498e-17 8.456030499999999434e-17 8.576540120000000005e-17 8.698726610000000558e-17 8.822630329999999692e-17 8.948290309999999602e-17 9.075742300000000013e-17 9.205021369999999690e-17 9.336159929999999650e-17 9.469190430000000462e-17 9.604141970000000090e-17 9.741043670000000588e-17 9.879923979999999547e-17 1.002080939999999959e-16 1.016372570000000017e-16 1.030869870000000049e-16 1.045575149999999958e-16 1.060490869999999993e-16 1.075619350000000007e-16 1.090962819999999943e-16 1.106523480000000021e-16 1.122303570000000012e-16 1.138304950000000024e-16 1.154529989999999901e-16 1.170980569999999896e-16 1.187658639999999905e-16 1.204566350000000034e-16 1.221705530000000052e-16 1.239078180000000092e-16 1.256686140000000118e-16 1.274531269999999993e-16 1.292615290000000048e-16 1.310940320000000050e-16 1.329507940000000058e-16 1.348320149999999960e-16 1.367378520000000113e-16
7.420431000000000094e-19 1.309113200000000095e-18 2.059718400000000095e-18 2.983962450000000065e-18 4.077738620000000147e-18 5.337679860000000281e-18 6.760287830000000222e-18 8.341698749999999526e-18 1.007754800000000017e-17 1.196279770000000052e-17 1.399148049999999936e-17 1.615637589999999877e-17 1.844866050000000109e-17 2.085762049999999909e-17 2.337048110000000100e-17 2.597241240000000098e-17 2.864675019999999825e-17 3.137540070000000159e-17 3.413939159999999795e-17 3.691954239999999798e-17 3.969715200000000045e-17 4.245466439999999717e-17 4.517621439999999946e-17 4.784806730000000236e-17 5.045890740000000174e-17 5.299994340000000169e-17 5.546489529999999888e-17 5.784986880000000567e-17 6.015313000000000465e-17 6.237480479999999705e-17 6.451662019999999488e-17 6.658155420000000186e-17 6.857357059999999558e-17 7.049732799999999716e-17 7.235797479999999721e-17 7.416091089999999532e-17 7.591165519999999920e-17 7.761572669999999390e-17 7.927849870000000153e-17 8.090517910000000445e-17 8.250073109999999804e-17 8.406983319999999786e-17 8.561690580000000480e-17 8.714605170000000101e-17 8.866107600000000597e-17 9.016551900000000449e-17 9.166262989999999977e-17 9.315539980000000502e-17 9.464658800000000266e-17 9.613870939999999400e-17 9.763408650000000463e-17 9.913484359999999574e-17 1.006429129999999976e-16 1.021600879999999989e-16 1.036880100000000030e-16 1.052281800000000058e-16 1.067819889999999985e-16 1.083507080000000061e-16 1.099355190000000033e-16 1.115375099999999888e-16 1.131576859999999914e-16 1.147969989999999898e-16 1.164562969999999894e-16 1.181364260000000053e-16 1.198381150000000099e-16 1.215621049999999880e-16 1.233090319999999928e-16 1.250795550000000093e-16 1.268742730000000084e-16 1.286937259999999915e-16 1.305384579999999888e-16 1.324089840000000064e-16 1.343057819999999925e-16 1.362293280000000045e-16 1.381800580000000083e-16 1.401583960000000064e-16 1.421647660000000014e-16 1.441995639999999910e-16 1.462631610000000020e-16 1.483559280000000121e-16 1.504782490000000063e-16 1.526304530000000044e-16 1.548128870000000079e-16 1.570258789999999922e-16 1.592697760000000084e-16 1.615448659999999897e-16 1.638514960000000117e-16 1.661899419999999953e-16 1.685605090000000086e-16 1.709635019999999969e-16 1.733992120000000013e-16 1.758679289999999943e-16 1.783699189999999972e-16 1.809054720000000068e-16 1.834748539999999952e-16 1.860783550000000086e-16 1.887162269999999919e-16 1.913887359999999908e-16 1.940961570000000051e-16 1.968387439999999941e-16
1.051829010000000039e-18 1.855640739999999835e-18 2.919614209999999899e-18 4.229725200000000097e-18 5.780156550000000131e-18 7.566141650000000521e-18 9.582727750000000567e-18 1.182444759999999960e-17 1.428512630000000046e-17 1.695763930000000050e-17 1.983355940000000063e-17 2.290269720000000138e-17 2.615262700000000126e-17 2.956828239999999816e-17 3.313173010000000030e-17 3.682220300000000125e-17 4.061639120000000274e-17 4.448902909999999967e-17 4.841367689999999842e-17 5.236362970000000183e-17 5.631288780000000065e-17 6.023703920000000570e-17 6.411406120000000291e-17 6.792486239999999995e-17 7.165368680000000351e-17 7.528827869999999997e-17 7.881981049999999897e-17 8.224275669999999940e-17 8.555452310000000337e-17 8.875511649999999586e-17 9.184669410000000166e-17 9.483317349999999532e-17 9.771980879999999923e-17 1.005128399999999993e-16 1.032191639999999991e-16 1.058460709999999967e-16 1.084010199999999976e-16 1.108914619999999989e-16 1.133247230000000079e-16 1.157078640000000057e-16 1.180476470000000098e-16 1.203505040000000110e-16 1.226224320000000045e-16 1.248691069999999988e-16 1.270957450000000112e-16 1.293072290000000107e-16 1.315080459999999930e-16 1.337023640000000065e-16 1.358939959999999908e-16 1.380864480000000001e-16 1.402829630000000026e-16 1.424865319999999973e-16 1.446998689999999935e-16 1.469255009999999947e-16 1.491657449999999931e-16 1.514227300000000047e-16 1.536984430000000070e-16 1.559946960000000090e-16 1.583131840000000014e-16 1.606554689999999889e-16 1.630230050000000106e-16 1.654171440000000102e-16 1.678391550000000109e-16 1.702902170000000025e-16 1.727714540000000094e-16 1.752838999999999984e-16 1.778285189999999979e-16 1.804062649999999890e-16 1.830179990000000092e-16 1.856645529999999972e-16 1.883467360000000096e-16 1.910652750000000043e-16 1.938208980000000079e-16 1.966143070000000074e-16 1.994461630000000022e-16 2.023170750000000109e-16 2.052276919999999954e-16 2.081785830000000062e-16 2.111703300000000025e-16 2.142034750000000003e-16 2.172785760000000074e-16 2.203961330000000079e-16 2.235566649999999871e-16 2.267606990000000129e-16 2.300086470000000013e-16 2.333010640000000002e-16 2.366383740000000123e-16 2.400210000000000204e-16 2.434494719999999785e-16 2.469241600000000172e-16 2.504455140000000061e-16 2.540139579999999972e-16 2.576299150000000226e-16 2.612938089999999865e-16 2.650060370000000046e-16 2.687669949999999760e-16 2.725770820000000065e-16 2.764366929999999755e-16 2.803462000000000036e-16 2.843060260000000243e-16
1.490944039999999926e-18 2.630334669999999901e-18 4.138507440000000069e-18 5.995589129999999951e-18 8.193343080000000599e-18 1.072502119999999937e-17 1.358361670000000036e-17 1.676139569999999998e-17 2.024962460000000048e-17 2.403823750000000143e-17 2.811534289999999723e-17 3.246657769999999820e-17 3.707446669999999736e-17 4.191786720000000094e-17 4.697167280000000255e-17 5.220685920000000302e-17 5.759093480000000280e-17 6.308875429999999417e-17 6.866358770000000185e-17 7.427842350000000383e-17 7.989724300000000250e-17 8.548629729999999440e-17 9.101509969999999913e-17 9.645725990000000428e-17 1.017909269999999942e-16 1.069990610000000046e-16 1.120693149999999900e-16 1.169938050000000090e-16 1.217687020000000065e-16 1.263936740000000029e-16 1.308713419999999897e-16 1.352067469999999912e-16 1.394067340000000075e-16 1.434795330000000115e-16 1.474342769999999956e-16 1.512806530000000056e-16 1.550286419999999898e-16 1.586882209999999910e-16 1.622691989999999983e-16 1.657811030000000123e-16 1.692330669999999958e-16 1.726337590000000004e-16 1.759913440000000106e-16 1.793135129999999925e-16 1.826073990000000031e-16 1.858796860000000024e-16 1.891365279999999968e-16 1.923836420000000071e-16 1.956263089999999898e-16 1.988693999999999997e-16 2.021173999999999935e-16 2.053744669999999967e-16 2.086444379999999988e-16 2.119308459999999900e-16 2.152369479999999903e-16 2.185657739999999964e-16 2.219201310000000109e-16 2.253026109999999763e-16 2.287156510000000109e-16 2.321614610000000128e-16 2.356421840000000003e-16 2.391597789999999955e-16 2.427160469999999896e-16 2.463127339999999839e-16 2.499514549999999835e-16 2.536337459999999779e-16 2.573610350000000158e-16 2.611347250000000024e-16 2.649560879999999946e-16 2.688263669999999757e-16 2.727467269999999824e-16 2.767183049999999975e-16 2.807421619999999975e-16 2.848193279999999943e-16 2.889508110000000133e-16 2.931375359999999867e-16 2.973804559999999992e-16 3.016804190000000067e-16 3.060383239999999755e-16 3.104549660000000090e-16 3.149311910000000239e-16 3.194677669999999903e-16 3.240654349999999919e-16 3.287249899999999840e-16 3.334471189999999811e-16 3.382325639999999877e-16 3.430820129999999882e-16 3.479961280000000016e-16 3.529755959999999929e-16 3.580210800000000005e-16 3.631332150000000088e-16 3.683126370000000215e-16 3.735599789999999839e-16 3.788758520000000028e-16 3.842608639999999787e-16 3.897155969999999941e-16 3.952406870000000036e-16 4.008366640000000103e-16 4.065041610000000088e-16 4.122436830000000067e-16
2.113381320000000139e-18 3.728452499999999921e-18 5.866280530000000069e-18 8.498706730000000480e-18 1.161406830000000038e-17 1.520281869999999922e-17 1.925504909999999922e-17 2.375982179999999970e-17 2.870479850000000302e-17 3.407576820000000272e-17 3.985595740000000070e-17 4.602516639999999734e-17 5.255885760000000193e-17 5.942742790000000144e-17 6.659582799999999677e-17 7.402363199999999469e-17 8.166572210000000187e-17 8.947339389999999821e-17 9.739588490000000186e-17 1.053821090000000059e-16 1.133824540000000121e-16 1.213504800000000020e-16 1.292442310000000032e-16 1.370273789999999888e-16 1.446698130000000110e-16 1.521479090000000040e-16 1.594444630000000035e-16 1.665482640000000113e-16 1.734535940000000119e-16 1.801594870000000113e-16 1.866689490000000059e-16 1.929882649999999981e-16 1.991261830000000003e-16 2.050933450000000098e-16 2.109016479999999946e-16 2.165638120000000065e-16 2.220929390000000189e-16 2.275021710000000222e-16 2.328045170000000212e-16 2.380126320000000055e-16 2.431386629999999968e-16 2.481942059999999980e-16 2.531902179999999985e-16 2.581370229999999935e-16 2.630442550000000036e-16 2.679209150000000059e-16 2.727753930000000180e-16 2.776154719999999799e-16 2.824484040000000058e-16 2.872808589999999795e-16 2.921190049999999837e-16 2.969686400000000197e-16 3.018350819999999782e-16 3.067232560000000078e-16 3.116377410000000039e-16 3.165828260000000127e-16 3.215624530000000050e-16 3.265803289999999937e-16 3.316399220000000052e-16 3.367444329999999760e-16 3.418969080000000184e-16 3.471001790000000070e-16 3.523569449999999786e-16 3.576696680000000223e-16 3.630407560000000103e-16 3.684724880000000056e-16 3.739669260000000215e-16 3.795261620000000167e-16 3.851521020000000128e-16 3.908465450000000114e-16 3.966113189999999890e-16 4.024480379999999804e-16 4.083583690000000208e-16 4.143438210000000160e-16 4.204059039999999899e-16 4.265460459999999911e-16 4.327656500000000234e-16 4.390660659999999917e-16 4.454485390000000170e-16 4.519144180000000338e-16 4.584648409999999951e-16 4.651010800000000070e-16 4.718241920000000174e-16 4.786353959999999843e-16 4.855358030000000231e-16 4.925264179999999530e-16 4.996083550000000467e-16 5.067826180000000051e-16 5.140502139999999821e-16 5.214121479999999941e-16 5.288694259999999783e-16 5.364230010000000194e-16 5.440737200000000044e-16 5.518226420000000187e-16 5.596706140000000479e-16 5.676185360000000286e-16 5.756673079999999959e-16 5.838177770000000341e-16 5.920708950000000110e-16 6.004274040000000299e-16
2.995675119999999850e-18 5.285022779999999723e-18 8.315396059999999415e-18 1.204689960000000009e-17 1.646302830000000081e-17 2.155028010000000096e-17 2.729464740000000140e-17 3.368068030000000004e-17 4.069095660000000258e-17 4.830543200000000161e-17 5.650049229999999967e-17 6.524774859999999587e-17 7.451285969999999872e-17 8.425447980000000385e-17 9.442383159999999639e-17 1.049648590000000014e-16 1.158151719999999981e-16 1.269076250000000088e-16 1.381724080000000051e-16 1.495394450000000114e-16 1.609407860000000095e-16 1.723129050000000030e-16 1.835984409999999952e-16 1.947477109999999972e-16 2.057193950000000034e-16 2.164809749999999914e-16 2.270085090000000168e-16 2.372861420000000007e-16 2.473053509999999884e-16 2.570639120000000057e-16 2.665650270000000086e-16 2.758162150000000042e-16 2.848284079999999865e-16 2.936149710000000145e-16 3.021911540000000050e-16 3.105732590000000205e-16 3.187781500000000127e-16 3.268228979999999847e-16 3.347244449999999824e-16 3.424992549999999803e-16 3.501632619999999986e-16 3.577317390000000093e-16 3.652190870000000030e-16 3.726389629999999763e-16 3.800042319999999795e-16 3.873269119999999789e-16 3.946181709999999949e-16 4.018885459999999942e-16 4.091477769999999982e-16 4.164049439999999991e-16 4.236685430000000154e-16 4.309463819999999824e-16 4.382458740000000051e-16 4.455737940000000471e-16 4.529366279999999956e-16 4.603402249999999613e-16 4.677902510000000284e-16 4.752919450000000228e-16 4.828501260000000432e-16 4.904695049999999514e-16 4.981544229999999717e-16 5.059089570000000012e-16 5.137370230000000447e-16 5.216422229999999863e-16 5.296281029999999961e-16 5.376979970000000457e-16 5.458549770000000160e-16 5.541021139999999654e-16 5.624422650000000106e-16 5.708781840000000306e-16 5.794125169999999629e-16 5.880477530000000302e-16 5.967863269999999911e-16 6.056306750000000186e-16 6.145829130000000470e-16 6.236453719999999724e-16 6.328200620000000245e-16 6.421090490000000482e-16 6.515142910000000460e-16 6.610377999999999910e-16 6.706813759999999534e-16 6.804468190000000037e-16 6.903359810000000451e-16 7.003505050000000382e-16 7.104921359999999645e-16 7.207625159999999624e-16 7.311632340000000219e-16 7.416958769999999952e-16 7.523620339999999710e-16 7.631631330000000473e-16 7.741007109999999866e-16 7.851762490000000352e-16 7.963911770000000342e-16 8.077468709999999527e-16 8.192447079999999768e-16 8.308860639999999770e-16 8.426723689999999918e-16 8.546048390000000190e-16 8.666848000000000369e-16 8.789135730000000247e-16
4.246313060000000188e-18 7.491451380000000151e-18 1.178703010000000016e-17 1.707653330000000054e-17 2.333660799999999871e-17 3.054817709999999828e-17 3.869145259999999911e-17 4.774462339999999905e-17 5.768311580000000454e-17 6.847869629999999458e-17 8.009816850000000183e-17 9.250174839999999809e-17 1.056414590000000029e-16 1.194597960000000047e-16 1.338891350000000003e-16 1.488521169999999964e-16 1.642629290000000010e-16 1.800295079999999887e-16 1.960564830000000020e-16 2.122483509999999938e-16 2.285127069999999855e-16 2.447632459999999849e-16 2.609221470000000056e-16 2.769218840000000072e-16 2.927062370000000045e-16 3.082306040000000010e-16 3.234619240000000128e-16 3.383777769999999842e-16 3.529654579999999840e-16 3.672206789999999856e-16 3.811461919999999765e-16 3.947505989999999760e-16 4.080469519999999908e-16 4.210517139999999758e-16 4.337837310000000088e-16 4.462634380000000100e-16 4.585120630000000128e-16 4.705512070000000431e-16 4.824024159999999884e-16 4.940867589999999800e-16 5.056245649999999867e-16 5.170355279999999928e-16 5.283382829999999960e-16 5.395505640000000376e-16 5.506889940000000438e-16 5.617694559999999750e-16 5.728065599999999618e-16 5.838142829999999926e-16 5.948055410000000295e-16 6.057924049999999897e-16 6.167863630000000335e-16 6.277980040000000097e-16 6.388372780000000003e-16 6.499136099999999848e-16 6.610357349999999683e-16 6.722119639999999533e-16 6.834500270000000271e-16 6.947573869999999900e-16 7.061408219999999628e-16 7.176070539999999578e-16 7.291622249999999935e-16 7.408122630000000478e-16 7.525627269999999876e-16 7.644190709999999944e-16 7.763863230000000112e-16 7.884694070000000190e-16 8.006729279999999778e-16 8.130013869999999842e-16 8.254591240000000459e-16 8.380501630000000102e-16 8.507785270000000008e-16 8.636480279999999625e-16 8.766623720000000367e-16 8.898250520000000481e-16 9.031396690000000583e-16 9.166092920000000867e-16 9.302374170000000166e-16 9.440270079999999850e-16 9.579812400000000118e-16 9.721028679999999955e-16 9.863949599999999358e-16 1.000860270000000008e-15 1.015501549999999952e-15 1.030321350000000099e-15 1.045322299999999974e-15 1.060507170000000066e-15 1.075878059999999995e-15 1.091437740000000054e-15 1.107188420000000039e-15 1.123132439999999925e-15 1.139272130000000082e-15 1.155609800000000092e-15 1.172147489999999984e-15 1.188887499999999935e-15 1.205831869999999972e-15 1.222982699999999913e-15 1.240342209999999952e-15 1.257912219999999958e-15 1.275694719999999967e-15 1.293691839999999989e-15
6.019076919999999616e-18 1.061905930000000044e-17 1.670811530000000133e-17 2.420619489999999884e-17 3.308027950000000107e-17 4.330342120000000160e-17 5.484770609999999723e-17 6.768237279999999512e-17 8.177281220000000100e-17 9.707929970000000111e-17 1.135552750000000030e-16 1.311451450000000075e-16 1.497820929999999931e-16 1.693864459999999963e-16 1.898649760000000041e-16 2.111114479999999886e-16 2.330085729999999845e-16 2.554310439999999808e-16 2.782494499999999858e-16 3.013346710000000244e-16 3.245620079999999859e-16 3.478152859999999806e-16 3.709897110000000121e-16 3.939942779999999974e-16 4.167530209999999862e-16 4.392054029999999911e-16 4.613058430000000146e-16 4.830229199999999748e-16 5.043377100000000444e-16 5.252423779999999577e-16 5.457384049999999609e-16 5.658346850000000106e-16 5.855460940000000122e-16 6.048920089999999675e-16 6.238949819999999974e-16 6.425797340000000094e-16 6.609722080000000265e-16 6.790989250000000267e-16 6.969863549999999774e-16 7.146607029999999925e-16 7.321473280000000225e-16 7.494707389999999738e-16 7.666543909999999623e-16 7.837206760000000388e-16 8.006907159999999898e-16 8.175846820000000492e-16 8.344213679999999689e-16 8.512187189999999694e-16 8.679935189999999674e-16 8.847615950000000124e-16 9.015379289999999117e-16 9.183366039999999499e-16 9.351709609999999142e-16 9.520534919999999616e-16 9.689961630000000281e-16 9.860103020000000070e-16 1.003106500000000082e-15 1.020295019999999943e-15 1.037585400000000004e-15 1.054987159999999930e-15 1.072508879999999953e-15 1.090159039999999925e-15 1.107945779999999959e-15 1.125876830000000043e-15 1.143959610000000026e-15 1.162201309999999993e-15 1.180608709999999906e-15 1.199188479999999946e-15 1.217947189999999915e-15 1.236890769999999929e-15 1.256025350000000068e-15 1.275356539999999913e-15 1.294890179999999991e-15 1.314631559999999942e-15 1.334585850000000016e-15 1.354758370000000046e-15 1.375153859999999967e-15 1.395777310000000063e-15 1.416633279999999909e-15 1.437726510000000031e-15 1.459061260000000057e-15 1.480642069999999958e-15 1.502473079999999975e-15 1.524558399999999960e-15 1.546902069999999973e-15 1.569508009999999902e-15 1.592380220000000012e-15 1.615522440000000024e-15 1.638938240000000084e-15 1.662631339999999917e-15 1.686605330000000059e-15 1.710863620000000095e-15 1.735409570000000010e-15 1.760246799999999942e-15 1.785378380000000127e-15 1.810807360000000016e-15 1.836537470000000120e-15 1.862571449999999947e-15 1.888912270000000144e-15 1.915563320000000103e-15
8.531953599999999748e-18 1.505246039999999867e-17 2.368386839999999954e-17 3.431282160000000119e-17 4.689265719999999880e-17 6.138536439999999459e-17 7.775159609999999932e-17 9.594804750000000506e-17 1.159260280000000026e-16 1.376297909999999883e-16 1.609941760000000113e-16 1.859417179999999915e-16 2.123798130000000058e-16 2.401985860000000162e-16 2.692701860000000210e-16 2.994497309999999839e-16 3.305780860000000089e-16 3.624859760000000041e-16 3.949993890000000007e-16 4.279451850000000111e-16 4.611568180000000240e-16 4.944791469999999962e-16 5.277725710000000450e-16 5.609156469999999863e-16 5.938065710000000250e-16 6.263638180000000479e-16 6.585251830000000131e-16 6.902467250000000221e-16 7.215006530000000298e-16 7.522733599999999813e-16 7.825632580000000047e-16 8.123783410000000217e-16 8.417342799999999914e-16 8.706524610000000275e-16 8.991587200000000343e-16 9.272814839999999620e-16 9.550511409999999209e-16 9.824989269999999274e-16 1.009656180000000019e-15 1.036554029999999916e-15 1.063222860000000026e-15 1.089691999999999998e-15 1.115990050000000007e-15 1.142143989999999930e-15 1.168179670000000042e-15 1.194121740000000047e-15 1.219993620000000068e-15 1.245817540000000046e-15 1.271614459999999955e-15 1.297404489999999921e-15 1.323206600000000079e-15 1.349038989999999912e-15 1.374918699999999904e-15 1.400862370000000016e-15 1.426885659999999992e-15 1.453003600000000085e-15 1.479230490000000087e-15 1.505580310000000045e-15 1.532066289999999943e-15 1.558701140000000057e-15 1.585497339999999914e-15 1.612466659999999960e-15 1.639620630000000091e-15 1.666970370000000079e-15 1.694526569999999972e-15 1.722299730000000050e-15 1.750299880000000084e-15 1.778536890000000071e-15 1.807020069999999914e-15 1.835758839999999888e-15 1.864761880000000010e-15 1.894038510000000177e-15 1.923596580000000161e-15 1.953444749999999979e-15 1.983590860000000193e-15 2.014042970000000141e-15 2.044808470000000068e-15 2.075895010000000177e-15 2.107309759999999964e-15 2.139059950000000101e-15 2.171152330000000160e-15 2.203593690000000103e-15 2.236390599999999930e-15 2.269549610000000040e-15 2.303077080000000076e-15 2.336979360000000078e-15 2.371261959999999844e-15 2.405931229999999807e-15 2.440992890000000121e-15 2.476452440000000191e-15 2.512315600000000169e-15 2.548587879999999853e-15 2.585274359999999905e-15 2.622380550000000124e-15 2.659911519999999989e-15 2.697872360000000162e-15 2.736268150000000124e-15 2.775103339999999862e-15 2.814383220000000002e-15 2.854112240000000135e-15
1.209394389999999970e-17 2.133686089999999944e-17 3.357225009999999986e-17 4.863962290000000186e-17 6.647310090000000017e-17 8.701912250000000464e-17 1.102223260000000021e-16 1.360218310000000001e-16 1.643493000000000011e-16 1.951267050000000041e-16 2.282631239999999951e-16 2.636510750000000082e-16 3.011627230000000094e-16 3.406475350000000232e-16 3.819313379999999916e-16 4.248180720000000104e-16 4.690935700000000436e-16 5.145312759999999880e-16 5.608994470000000433e-16 6.079684859999999931e-16 6.555180570000000443e-16 7.033434959999999881e-16 7.512607320000000101e-16 7.991094639999999608e-16 8.467549620000000369e-16 8.940881689999999150e-16 9.410253350000000797e-16 9.875052089999999031e-16 1.033487560000000002e-15 1.078949929999999924e-15 1.123884709999999973e-15 1.168296770000000061e-15 1.212200290000000003e-15 1.255617179999999994e-15 1.298574560000000083e-15 1.341103240000000047e-15 1.383236569999999996e-15 1.425008950000000048e-15 1.466455539999999984e-15 1.507611070000000061e-15 1.548509950000000001e-15 1.589185529999999911e-15 1.629670110000000092e-15 1.669994810000000066e-15 1.710189270000000021e-15 1.750282199999999914e-15 1.790300910000000154e-15 1.830271550000000173e-15 1.870219100000000011e-15 1.910167720000000051e-15 1.950140470000000085e-15 1.990159390000000090e-15 2.030246070000000122e-15 2.070421060000000032e-15 2.110704250000000183e-15 2.151115129999999827e-15 2.191672549999999910e-15 2.232394509999999950e-15 2.273298789999999904e-15 2.314402760000000192e-15 2.355723140000000172e-15 2.397276460000000022e-15 2.439078810000000002e-15 2.481145850000000053e-15 2.523492629999999832e-15 2.566134590000000109e-15 2.609085939999999903e-15 2.652361070000000174e-15 2.695974369999999908e-15 2.739938979999999895e-15 2.784268660000000024e-15 2.828976539999999903e-15 2.874075330000000006e-15 2.919577730000000017e-15 2.965495810000000131e-15 3.011841850000000108e-15 3.058627499999999824e-15 3.105864199999999978e-15 3.153563380000000092e-15 3.201736050000000156e-15 3.250392799999999840e-15 3.299544419999999962e-15 3.349201309999999834e-15 3.399373190000000072e-15 3.450070649999999953e-15 3.501302799999999809e-15 3.553079599999999818e-15 3.605409720000000392e-15 3.658303109999999740e-15 3.711768260000000277e-15 3.765813619999999693e-15 3.820448510000000255e-15 3.875680989999999722e-15 3.931519519999999726e-15 3.987972149999999608e-15 4.045046500000000362e-15 4.102750619999999749e-15 4.161092130000000342e-15 4.220079079999999903e-15 4.279718250000000367e-15
1.714306999999999856e-17 3.024514770000000092e-17 4.758954690000000217e-17 6.894915030000000232e-17 9.423101910000000072e-17 1.233598140000000106e-16 1.562578059999999946e-16 1.928395839999999997e-16 2.330094989999999854e-16 2.766586419999999812e-16 3.236607119999999778e-16 3.738671609999999875e-16 4.271027579999999847e-16 4.831624160000000244e-16 5.418109249999999541e-16 6.027851740000000398e-16 6.657998719999999556e-16 7.305550110000000135e-16 7.967454479999999710e-16 8.640700619999999857e-16 9.322412849999999049e-16 1.000992410000000080e-15 1.070083719999999947e-15 1.139306540000000000e-15 1.208484350000000071e-15 1.277473809999999934e-15 1.346162570000000097e-15 1.414466990000000036e-15 1.482329149999999925e-15 1.549713270000000093e-15 1.616601869999999939e-15 1.682992530000000096e-15 1.748894760000000036e-15 1.814327000000000185e-15 1.879314540000000132e-15 1.943887249999999824e-15 2.008077950000000056e-15 2.071921150000000139e-15 2.135452429999999976e-15 2.198707369999999868e-15 2.261720909999999835e-15 2.324527549999999975e-15 2.387160339999999861e-15 2.449652109999999894e-15 2.512033750000000032e-15 2.574335359999999985e-15 2.636586140000000018e-15 2.698814049999999830e-15 2.761046829999999948e-15 2.823310530000000022e-15 2.885631400000000057e-15 2.948034219999999932e-15 3.010544189999999843e-15 3.073185460000000175e-15 3.135981940000000173e-15 3.198956929999999980e-15 3.262134160000000058e-15 3.325536049999999919e-15 3.389185710000000137e-15 3.453105569999999828e-15 3.517317870000000116e-15 3.581844839999999760e-15 3.646707650000000075e-15 3.711928339999999855e-15 3.777528499999999946e-15 3.843528889999999765e-15 3.909950670000000236e-15 3.976814180000000063e-15 4.044140170000000244e-15 4.111948550000000350e-15 4.180258790000000030e-15 4.249091230000000356e-15 4.318464920000000265e-15 4.388398079999999631e-15 4.458910609999999606e-15 4.530019870000000218e-15 4.601744499999999690e-15 4.674102290000000341e-15 4.747110179999999909e-15 4.820785949999999927e-15 4.895145699999999863e-15 4.970206799999999745e-15 5.045984909999999909e-15 5.122496119999999824e-15 5.199756119999999821e-15 5.277780130000000315e-15 5.356583000000000211e-15 5.436179530000000000e-15 5.516584550000000166e-15 5.597812049999999768e-15 5.679875570000000314e-15 5.762789500000000001e-15 5.846566139999999770e-15 5.931219460000000262e-15 6.016762169999999977e-15 6.103206959999999786e-15 6.190566129999999840e-15 6.278851530000000373e-15 6.368075439999999963e-15 6.458249719999999631e-15
2.430024530000000039e-17 4.287295969999999808e-17 6.746009280000000465e-17 9.774032950000000392e-17 1.335827739999999919e-16 1.748816649999999900e-16 2.215280999999999945e-16 2.734026740000000070e-16 3.303719399999999782e-16 3.922844900000000163e-16 4.589655969999999854e-16 5.302113909999999578e-16 6.057830350000000004e-16 6.854037080000000370e-16 7.687583679999999509e-16 8.554978770000000249e-16 9.452463120000000394e-16 1.037611340000000067e-15 1.132196330000000007e-15 1.228612080000000079e-15 1.326488219999999911e-15 1.425482439999999997e-15 1.525287380000000058e-15 1.625635160000000008e-15 1.726298569999999929e-15 1.827091150000000063e-15 1.927864990000000021e-15 2.028507319999999991e-15 2.128936210000000129e-15 2.229096580000000096e-15 2.328955419999999920e-15 2.428497250000000021e-15 2.527720799999999838e-15 2.626635829999999982e-15 2.725259470000000128e-15 2.823614400000000138e-15 2.921726860000000022e-15 3.019625450000000151e-15 3.117339799999999924e-15 3.214899359999999955e-15 3.312333780000000035e-15 3.409672260000000032e-15 3.506942980000000002e-15 3.604173889999999645e-15 3.701390829999999831e-15 3.798620900000000020e-15 3.895889500000000372e-15 3.993221630000000329e-15 4.090642700000000051e-15 4.188177279999999847e-15 4.285849920000000030e-15 4.383686029999999969e-15 4.481710619999999895e-15 4.579949499999999895e-15 4.678427670000000200e-15 4.777171799999999952e-15 4.876208159999999945e-15 4.975563440000000106e-15 5.075265570000000139e-15 5.175341659999999898e-15 5.275819249999999945e-15 5.376727559999999753e-15 5.478094529999999814e-15 5.579948969999999674e-15 5.682319679999999669e-15 5.785235880000000061e-15 5.888726359999999611e-15 5.992820360000000155e-15 6.097547510000000301e-15 6.202936199999999671e-15 6.309015640000000108e-15 6.415814640000000367e-15 6.523361989999999998e-15 6.631685640000000280e-15 6.740814399999999972e-15 6.850775369999999714e-15 6.961596929999999920e-15 7.073305749999999733e-15 7.185928519999999870e-15 7.299492769999999317e-15 7.414024329999999735e-15 7.529548609999999706e-15 7.646091029999999385e-15 7.763676990000000511e-15 7.882330210000000390e-15 8.002076110000000756e-15 8.122937540000000652e-15 8.244938240000000537e-15 8.368100219999999602e-15 8.492448039999999737e-15 8.618002040000000436e-15 8.744784239999999311e-15 8.872815810000000440e-15 9.002118779999999857e-15 9.132712630000000365e-15 9.264617679999999883e-15 9.397853419999999636e-15 9.532440180000000696e-15 9.668396589999999710e-15 9.805740439999999786e-15
3.444566679999999987e-17 6.077354859999999852e-17 9.562856390000000303e-17 1.385563920000000010e-16 1.893729559999999890e-16 2.479302229999999871e-16 3.140761109999999978e-16 3.876443110000000066e-16 4.684494009999999792e-16 5.562819530000000417e-16 6.509018330000000112e-16 7.520308969999999909e-16 8.593466890000000351e-16 9.724788440000000674e-16 1.091010199999999917e-15 1.214482930000000030e-15 1.342408409999999946e-15 1.474280860000000009e-15 1.609592459999999942e-15 1.747848149999999931e-15 1.888578959999999806e-15 2.031353569999999914e-15 2.175784539999999997e-15 2.321534140000000120e-15 2.468315209999999919e-15 2.615890159999999964e-15 2.764067350000000050e-15 2.912697279999999876e-15 3.061667290000000005e-15 3.210895019999999883e-15 3.360324120000000187e-15 3.509918399999999940e-15 3.659657519999999649e-15 3.809532369999999769e-15 3.959543599999999790e-15 4.109696290000000375e-15 4.260000169999999772e-15 4.410466249999999943e-15 4.561106830000000251e-15 4.711935439999999838e-15 4.862963529999999798e-15 5.014204230000000134e-15 5.165668549999999652e-15 5.317368330000000164e-15 5.469314609999999684e-15 5.621518810000000100e-15 5.773991940000000217e-15 5.926747130000000039e-15 6.079797089999999644e-15 6.233156220000000384e-15 6.386840180000000227e-15 6.540865500000000143e-15 6.695251229999999857e-15 6.850017279999999729e-15 7.005186089999999662e-15 7.160780959999999406e-15 7.316828150000000545e-15 7.473354750000000567e-15 7.630389580000000594e-15 7.787963969999999719e-15 7.946109250000000191e-15 8.104859320000000638e-15 8.264249739999999391e-15 8.424316949999999357e-15 8.585097350000000292e-15 8.746630769999999759e-15 8.908954470000000515e-15 9.072109109999999974e-15 9.236135350000000282e-15 9.401074690000000276e-15 9.566967780000000528e-15 9.733856139999999873e-15 9.901782120000000152e-15 1.007078720000000021e-14 1.024091380000000029e-14 1.041220329999999927e-14 1.058469820000000052e-14 1.075843909999999991e-14 1.093346659999999958e-14 1.110982299999999980e-14 1.128754829999999969e-14 1.146668309999999983e-14 1.164726549999999966e-14 1.182933519999999993e-14 1.201293129999999990e-14 1.219809180000000064e-14 1.238485410000000013e-14 1.257325459999999971e-14 1.276333050000000057e-14 1.295511739999999946e-14 1.314864999999999959e-14 1.334396309999999944e-14 1.354109049999999923e-14 1.374006620000000072e-14 1.394092229999999972e-14 1.414369179999999975e-14 1.434840609999999989e-14 1.455509569999999938e-14 1.476379100000000064e-14 1.497452270000000130e-14
4.882708520000000158e-17 8.614894169999999446e-17 1.355610980000000122e-16 1.964216069999999915e-16 2.684721750000000049e-16 3.515063119999999801e-16 4.453125899999999599e-16 5.496603789999999532e-16 6.642935829999999985e-16 7.889243169999999608e-16 9.232249369999999804e-16 1.066819469999999945e-15 1.219276609999999983e-15 1.380106780000000044e-15 1.548764910000000049e-15 1.724658819999999921e-15 1.907163500000000170e-15 2.095637859999999862e-15 2.289443450000000151e-15 2.487962559999999837e-15 2.690613919999999839e-15 2.896863899999999989e-15 3.106235840000000121e-15 3.318313399999999857e-15 3.532741909999999943e-15 3.749225319999999644e-15 3.967521379999999976e-15 4.187436969999999816e-15 4.408819619999999792e-15 4.631552860000000365e-15 4.855546489999999630e-15 5.080733160000000246e-15 5.307061640000000393e-15 5.534491680000000218e-15 5.762991939999999841e-15 5.992535330000000196e-15 6.223098549999999955e-15 6.454658300000000157e-15 6.687191710000000188e-15 6.920675920000000218e-15 7.155087210000000575e-15 7.390400579999999447e-15 7.626592329999999524e-15 7.863637040000000651e-15 8.101510149999999359e-15 8.340189639999999614e-15 8.579653470000000650e-15 8.819882179999999660e-15 9.060860509999999392e-15 9.302574069999999280e-15 9.545012689999999579e-15 9.788170439999999778e-15 1.003204650000000002e-14 1.027664160000000019e-14 1.052196190000000074e-14 1.076801979999999944e-14 1.101482920000000010e-14 1.126241100000000053e-14 1.151078729999999992e-14 1.175998609999999954e-14 1.201004029999999976e-14 1.226098400000000076e-14 1.251285600000000029e-14 1.276569880000000016e-14 1.301955710000000022e-14 1.327447929999999963e-14 1.353051450000000061e-14 1.378771520000000001e-14 1.404613560000000069e-14 1.430583250000000032e-14 1.456686270000000130e-14 1.482928530000000086e-14 1.509316150000000062e-14 1.535854879999999968e-14 1.562551149999999910e-14 1.589411080000000048e-14 1.616440749999999917e-14 1.643646429999999968e-14 1.671034559999999986e-14 1.698611240000000137e-14 1.726382569999999952e-14 1.754354819999999881e-14 1.782534080000000090e-14 1.810926460000000109e-14 1.839538040000000106e-14 1.868374599999999987e-14 1.897442399999999887e-14 1.926746860000000093e-14 1.956293909999999852e-14 1.986089310000000020e-14 2.016138479999999938e-14 2.046447190000000144e-14 2.077020500000000043e-14 2.107863849999999917e-14 2.138982660000000053e-14 2.170381999999999854e-14 2.202066790000000011e-14 2.234042109999999926e-14 2.266313049999999944e-14 2.298884009999999904e-14
6.921336500000000503e-17 1.221210809999999980e-16 1.921724129999999942e-16 2.784610760000000160e-16 3.806256900000000210e-16 4.983794690000000016e-16 6.314300809999999925e-16 7.794598880000000286e-16 9.421176900000000343e-16 1.119010890000000051e-15 1.309696639999999976e-15 1.513672120000000014e-15 1.730367819999999951e-15 1.959145489999999919e-15 2.199303680000000187e-15 2.450090229999999900e-15 2.710719940000000008e-15 2.980397230000000177e-15 3.258336910000000171e-15 3.543786159999999847e-15 3.836041119999999709e-15 4.134460569999999636e-15 4.438472969999999977e-15 4.747580279999999680e-15 5.061356859999999647e-15 5.379444409999999702e-15 5.701547750000000134e-15 6.027424199999999670e-15 6.356875540000000079e-15 6.689740860000000353e-15 7.025886730000000060e-15 7.365202200000000245e-15 7.707588159999999816e-15 8.052956530000000435e-15 8.401225139999999538e-15 8.752312670000000724e-15 9.106136120000000003e-15 9.462614169999999394e-15 9.821660430000000251e-15 1.018318679999999950e-14 1.054710259999999928e-14 1.091331560000000040e-14 1.128173260000000073e-14 1.165225959999999981e-14 1.202480499999999996e-14 1.239927909999999996e-14 1.277559379999999990e-14 1.315366780000000021e-14 1.353342400000000058e-14 1.391479039999999978e-14 1.429770439999999959e-14 1.468210829999999938e-14 1.506795550000000121e-14 1.545520370000000009e-14 1.584382069999999865e-14 1.623378450000000085e-14 1.662508329999999936e-14 1.701770849999999888e-14 1.741166349999999879e-14 1.780696020000000010e-14 1.820361899999999916e-14 1.860166680000000057e-14 1.900113599999999850e-14 1.940207060000000082e-14 1.980451799999999898e-14 2.020853239999999901e-14 2.061417140000000000e-14 2.102150109999999952e-14 2.143059090000000084e-14 2.184151200000000062e-14 2.225434400000000031e-14 2.266916820000000103e-14 2.308606420000000109e-14 2.350512020000000038e-14 2.392642429999999882e-14 2.435006609999999920e-14 2.477613550000000112e-14 2.520472570000000042e-14 2.563592819999999957e-14 2.606983940000000012e-14 2.650655270000000106e-14 2.694615939999999855e-14 2.738875780000000016e-14 2.783443779999999915e-14 2.828329580000000026e-14 2.873542329999999964e-14 2.919091020000000003e-14 2.964985299999999984e-14 3.011233639999999959e-14 3.057845180000000177e-14 3.104829080000000250e-14 3.152193810000000231e-14 3.199947500000000234e-14 3.248099620000000132e-14 3.296657649999999840e-14 3.345630049999999729e-14 3.395025280000000167e-14 3.444850810000000127e-14 3.495114760000000040e-14 3.545824929999999762e-14
9.811215049999999812e-17 1.731163560000000011e-16 2.724318160000000096e-16 3.947804840000000189e-16 5.396585080000000092e-16 7.066700060000000217e-16 8.954138809999999021e-16 1.105456239999999908e-15 1.336319730000000038e-15 1.587475060000000014e-15 1.858330779999999825e-15 2.148223790000000134e-15 2.456413119999999845e-15 2.782081410000000177e-15 3.124343489999999965e-15 3.482263410000000084e-15 3.854878710000000268e-15 4.241226099999999610e-15 4.640365820000000068e-15 5.051408040000000131e-15 5.473527330000000105e-15 5.905978730000000007e-15 6.348102400000000307e-15 6.799324470000000194e-15 7.259154519999999612e-15 7.727179190000000409e-15 8.203049920000000652e-15 8.686477030000000431e-15 9.177214039999999947e-15 9.675048339999999612e-15 1.017979439999999970e-14 1.069128119999999944e-14 1.120934689999999958e-14 1.173383140000000054e-14 1.226457459999999959e-14 1.280141049999999980e-14 1.334416640000000070e-14 1.389266090000000025e-14 1.444670600000000074e-14 1.500610179999999871e-14 1.557064920000000004e-14 1.614013830000000150e-14 1.671435720000000020e-14 1.729309409999999959e-14 1.787613570000000020e-14 1.846327520000000138e-14 1.905430599999999933e-14 1.964903320000000072e-14 2.024726890000000153e-14 2.084883339999999939e-14 2.145356069999999896e-14 2.206129839999999927e-14 2.267190750000000010e-14 2.328526099999999907e-14 2.390125379999999933e-14 2.451978779999999961e-14 2.514079000000000043e-14 2.576419270000000136e-14 2.638995520000000025e-14 2.701804370000000004e-14 2.764844460000000003e-14 2.828115450000000082e-14 2.891619029999999936e-14 2.955357250000000145e-14 3.019334319999999949e-14 3.083555680000000262e-14 3.148026750000000110e-14 3.212755649999999922e-14 3.277749840000000249e-14 3.343018480000000073e-14 3.408571710000000094e-14 3.474420050000000309e-14 3.540574340000000030e-14 3.607046780000000215e-14 3.673849549999999934e-14 3.740994870000000142e-14 3.808496620000000233e-14 3.876367339999999844e-14 3.944621250000000200e-14 4.013272259999999743e-14 4.082334240000000079e-14 4.151821100000000280e-14 4.221747400000000251e-14 4.292127359999999954e-14 4.362975230000000295e-14 4.434305569999999916e-14 4.506131929999999847e-14 4.578469220000000245e-14 4.651330999999999929e-14 4.724731479999999812e-14 4.798684579999999913e-14 4.873203479999999753e-14 4.948302439999999918e-14 5.023994659999999926e-14 5.100293359999999920e-14 5.177211060000000172e-14 5.254761329999999816e-14 5.332956709999999749e-14 5.411809369999999989e-14 5.491331879999999851e-14
1.390786139999999920e-16 2.454110410000000079e-16 3.862231750000000126e-16 5.597150309999999791e-16 7.651876480000000048e-16 1.002098850000000062e-15 1.269903559999999937e-15 1.568015749999999964e-15 1.895795049999999866e-15 2.252537800000000115e-15 2.637466630000000055e-15 3.049722220000000176e-15 3.488360350000000083e-15 3.952356530000000027e-15 4.440621049999999776e-15 4.952021430000000089e-15 5.485412049999999756e-15 6.039664250000000034e-15 6.613695510000000183e-15 7.206492790000000366e-15 7.817130700000000741e-15 8.444784649999999884e-15 9.088729590000000541e-15 9.748341249999999930e-15 1.042308850000000059e-14 1.111252169999999986e-14 1.181625700000000058e-14 1.253396750000000008e-14 1.326536439999999986e-14 1.401018579999999975e-14 1.476818550000000147e-14 1.553911930000000008e-14 1.632274500000000132e-14 1.711880179999999851e-14 1.792702029999999912e-14 1.874711089999999850e-14 1.957876169999999916e-14 2.042164250000000060e-14 2.127540599999999907e-14 2.213968280000000114e-14 2.301409349999999938e-14 2.389824179999999888e-14 2.479172429999999969e-14 2.569413629999999894e-14 2.660506770000000104e-14 2.752411030000000061e-14 2.845086430000000021e-14 2.938494170000000027e-14 3.032595810000000058e-14 3.127355759999999895e-14 3.222739120000000142e-14 3.318713710000000281e-14 3.415249379999999746e-14 3.512318340000000069e-14 3.609895519999999768e-14 3.707958219999999775e-14 3.806486779999999843e-14 3.905463939999999923e-14 4.004875109999999803e-14 4.104708449999999722e-14 4.204955140000000004e-14 4.305608060000000039e-14 4.406663840000000118e-14 4.508120089999999724e-14 4.609977829999999936e-14 4.712239780000000265e-14 4.814910679999999856e-14 4.917997299999999700e-14 5.021508109999999850e-14 5.125453619999999990e-14 5.229845010000000003e-14 5.334695830000000287e-14 5.440020309999999858e-14 5.545834040000000013e-14 5.652153620000000286e-14 5.758996659999999715e-14 5.866381460000000056e-14 5.974326660000000475e-14 6.082851909999999644e-14 6.191978219999999777e-14 6.301725229999999860e-14 6.412113949999999583e-14 6.523166069999999773e-14 6.634903270000000314e-14 6.747345870000000071e-14 6.860516930000000574e-14 6.974437439999999619e-14 7.089129090000000561e-14 7.204614239999999372e-14 7.320913889999999846e-14 7.438049060000000091e-14 7.556042109999999867e-14 7.674913360000000566e-14 7.794684489999999546e-14 7.915375169999999891e-14 8.037007070000000542e-14 8.159599840000000167e-14 8.283173819999999524e-14 8.407748650000000124e-14 8.533343299999999500e-14
1.971532180000000062e-16 3.479052570000000228e-16 5.475655599999999526e-16 7.936038029999999834e-16 1.085056190000000020e-15 1.421188410000000016e-15 1.801269559999999863e-15 2.224520280000000054e-15 2.690096379999999932e-15 3.197080119999999856e-15 3.744471349999999641e-15 4.331183970000000375e-15 4.956045679999999732e-15 5.617810069999999661e-15 6.315179920000000210e-15 7.046833850000000259e-15 7.811464050000000185e-15 8.607807159999999466e-15 9.434677329999999400e-15 1.029098869999999985e-14 1.117576799999999934e-14 1.208816639999999922e-14 1.302745140000000044e-14 1.399300379999999930e-14 1.498430080000000158e-14 1.600090129999999990e-14 1.704242830000000062e-14 1.810854800000000073e-14 1.919894869999999955e-14 2.031333579999999963e-14 2.145140419999999910e-14 2.261283029999999943e-14 2.379726869999999969e-14 2.500433639999999942e-14 2.623360989999999914e-14 2.748462839999999977e-14 2.875688380000000128e-14 3.004982529999999870e-14 3.136287550000000134e-14 3.269540400000000277e-14 3.404676040000000020e-14 3.541626359999999949e-14 3.680322239999999888e-14 3.820692200000000084e-14 3.962664069999999961e-14 4.106166700000000025e-14 4.251127919999999700e-14 4.397478270000000131e-14 4.545148640000000194e-14 4.694072960000000109e-14 4.844187520000000301e-14 4.995431690000000012e-14 5.147748210000000084e-14 5.301083869999999685e-14 5.455388879999999890e-14 5.610618170000000294e-14 5.766730409999999819e-14 5.923689000000000004e-14 6.081461420000000394e-14 6.240020570000000189e-14 6.399342729999999873e-14 6.559408239999999829e-14 6.720202869999999780e-14 6.881715110000000220e-14 7.043938190000000160e-14 7.206868700000000528e-14 7.370507329999999624e-14 7.534858149999999554e-14 7.699927259999999850e-14 7.865724810000000264e-14 8.032263679999999738e-14 8.199558109999999495e-14 8.367627069999999591e-14 8.536488840000000522e-14 8.706165809999999833e-14 8.876681670000000517e-14 9.048060150000000511e-14 9.220328360000000297e-14 9.393514069999999610e-14 9.567645070000000073e-14 9.742751849999999666e-14 9.918864229999999963e-14 1.009601409999999996e-13 1.027423179999999986e-13 1.045355069999999967e-13 1.063400200000000007e-13 1.081561939999999941e-13 1.099843480000000016e-13 1.118248149999999948e-13 1.136779199999999971e-13 1.155439949999999993e-13 1.174233780000000037e-13 1.193163679999999880e-13 1.212233169999999897e-13 1.231445229999999931e-13 1.250803120000000026e-13 1.270310080000000103e-13 1.289969240000000041e-13 1.309783579999999935e-13 1.329756079999999878e-13
2.794827030000000236e-16 4.932210380000000258e-16 7.763470950000000135e-16 1.125311650000000036e-15 1.538797130000000002e-15 2.015823219999999900e-15 2.555428520000000062e-15 3.156599139999999817e-15 3.818249190000000215e-15 4.539213989999999927e-15 5.318246279999999869e-15 6.154017930000000135e-15 7.045127929999999739e-15 7.990123620000000685e-15 8.987531179999999320e-15 1.003589120000000044e-14 1.113379829999999990e-14 1.227993719999999943e-14 1.347311020000000010e-14 1.471225759999999862e-14 1.599646789999999977e-14 1.732497299999999983e-14 1.869714099999999897e-14 2.011245850000000129e-14 2.157050879999999975e-14 2.307094639999999977e-14 2.461347470000000110e-14 2.619781600000000011e-14 2.782369399999999919e-14 2.949080729999999897e-14 3.119881880000000020e-14 3.294732849999999916e-14 3.473587589999999987e-14 3.656392539999999778e-14 3.843086400000000230e-14 4.033599359999999710e-14 4.227854500000000077e-14 4.425766119999999722e-14 4.627241720000000151e-14 4.832182700000000185e-14 5.040484019999999802e-14 5.252036259999999769e-14 5.466725570000000075e-14 5.684436079999999807e-14 5.905048860000000499e-14 6.128445329999999519e-14 6.354505540000000476e-14 6.583112279999999546e-14 6.814149669999999920e-14 7.047504529999999889e-14 7.283067109999999962e-14 7.520733029999999370e-14 7.760402019999999441e-14 8.001979210000000532e-14 8.245377170000000397e-14 8.490511900000000277e-14 8.737309509999999905e-14 8.985699549999999661e-14 9.235621709999999988e-14 9.487019730000000288e-14 9.739845509999999754e-14 9.994058399999999710e-14 1.024962450000000058e-13 1.050651540000000022e-13 1.076470930000000003e-13 1.102419140000000015e-13 1.128495289999999965e-13 1.154698899999999938e-13 1.181030240000000075e-13 1.207489919999999951e-13 1.234079030000000064e-13 1.260799189999999996e-13 1.287652300000000036e-13 1.314640809999999933e-13 1.341767409999999895e-13 1.369035089999999953e-13 1.396447109999999899e-13 1.424007129999999957e-13 1.451718789999999976e-13 1.479586040000000066e-13 1.507613209999999889e-13 1.535804630000000117e-13 1.564164650000000030e-13 1.592697729999999961e-13 1.621408759999999976e-13 1.650302480000000105e-13 1.679383630000000126e-13 1.708657089999999917e-13 1.738127600000000014e-13 1.767800449999999906e-13 1.797680249999999962e-13 1.827772150000000076e-13 1.858081019999999938e-13 1.888611610000000018e-13 1.919369069999999957e-13 1.950358140000000039e-13 1.981583710000000076e-13 2.013050509999999911e-13 2.044763419999999928e-13 2.076726920000000077e-13
3.962009849999999793e-16 6.992616440000000264e-16 1.100787709999999905e-15 1.595815789999999935e-15 2.182565039999999990e-15 2.859754120000000023e-15 3.626152710000000266e-15 4.480483269999999988e-15 5.421399650000000160e-15 6.447483499999999763e-15 7.557249129999999648e-15 8.749153239999999994e-15 1.002161780000000013e-14 1.137305719999999997e-14 1.280192039999999950e-14 1.430673379999999898e-14 1.588613850000000009e-14 1.753892850000000067e-14 1.926407030000000060e-14 2.106072040000000031e-14 2.292820950000000037e-14 2.486604810000000057e-14 2.687388380000000125e-14 2.895148789999999940e-14 3.109871299999999948e-14 3.331546599999999932e-14 3.560165870000000216e-14 3.795718959999999790e-14 4.038190610000000137e-14 4.287557790000000041e-14 4.543788309999999932e-14 4.806837439999999975e-14 5.076648600000000259e-14 5.353150649999999709e-14 5.636258869999999693e-14 5.925873669999999526e-14 6.221883220000000092e-14 6.524159470000000149e-14 6.832564839999999855e-14 7.146948240000000221e-14 7.467149730000000384e-14 7.793000590000000426e-14 8.124324649999999564e-14 8.460939600000000015e-14 8.802660479999999737e-14 9.149298209999999957e-14 9.500665089999999758e-14 9.856571400000000480e-14 1.021683280000000060e-13 1.058126570000000005e-13 1.094969250000000050e-13 1.132194250000000050e-13 1.169785029999999955e-13 1.207725869999999943e-13 1.246002139999999935e-13 1.284599729999999884e-13 1.323505789999999894e-13 1.362708499999999948e-13 1.402197040000000102e-13 1.441961380000000077e-13 1.481993100000000001e-13 1.522284219999999924e-13 1.562828370000000045e-13 1.603619850000000001e-13 1.644653920000000016e-13 1.685927200000000066e-13 1.727436820000000101e-13 1.769181049999999990e-13 1.811158919999999971e-13 1.853370430000000044e-13 1.895816000000000007e-13 1.938497110000000098e-13 1.981415660000000102e-13 2.024574490000000013e-13 2.067976600000000046e-13 2.111625759999999966e-13 2.155526189999999896e-13 2.199682760000000032e-13 2.244100220000000087e-13 2.288784130000000069e-13 2.333740299999999880e-13 2.378974569999999982e-13 2.424493440000000089e-13 2.470303420000000102e-13 2.516410749999999906e-13 2.562822730000000081e-13 2.609546150000000224e-13 2.656588329999999776e-13 2.703956039999999977e-13 2.751656869999999779e-13 2.799697870000000119e-13 2.848086619999999760e-13 2.896830179999999828e-13 2.945936139999999777e-13 2.995411809999999870e-13 3.045264510000000050e-13 3.095501290000000247e-13 3.146129460000000218e-13 3.197156620000000109e-13 3.248589279999999821e-13
5.616791940000000148e-16 9.914250660000000399e-16 1.560941010000000093e-15 2.263312270000000075e-15 3.096169909999999996e-15 4.057890060000000142e-15 5.146963939999999606e-15 6.361862030000000029e-15 7.701009259999999421e-15 9.162790769999999800e-15 1.074556669999999980e-14 1.244769549999999993e-14 1.426757030000000076e-14 1.620365730000000078e-14 1.825454769999999961e-14 2.041899800000000024e-14 2.269597509999999936e-14 2.508467739999999928e-14 2.758454439999999995e-14 3.019526089999999817e-14 3.291672689999999931e-14 3.574903229999999981e-14 3.869242440000000247e-14 4.174724189999999997e-14 4.491387799999999724e-14 4.819273240000000121e-14 5.158416080000000146e-14 5.508842420000000151e-14 5.870566479999999468e-14 6.243585559999999846e-14 6.627878310000000395e-14 7.023402040000000281e-14 7.430093050000000245e-14 7.847862579999999858e-14 8.276598809999999690e-14 8.716166220000000158e-14 9.166406239999999834e-14 9.627139309999999493e-14 1.009816419999999971e-13 1.057926129999999994e-13 1.107019409999999955e-13 1.157071259999999936e-13 1.208055330000000075e-13 1.259944429999999903e-13 1.312710380000000075e-13 1.366324720000000037e-13 1.420758580000000126e-13 1.475983370000000125e-13 1.531970350000000035e-13 1.588691469999999918e-13 1.646119220000000123e-13 1.704226500000000099e-13 1.762987950000000123e-13 1.822378510000000034e-13 1.882374869999999929e-13 1.942954940000000061e-13 2.004097709999999984e-13 2.065784070000000046e-13 2.127996129999999998e-13 2.190717769999999964e-13 2.253934340000000122e-13 2.317632850000000222e-13 2.381801620000000096e-13 2.446430919999999791e-13 2.511512050000000243e-13 2.577037979999999877e-13 2.643003549999999875e-13 2.709404420000000135e-13 2.776237630000000179e-13 2.843501529999999864e-13 2.911195859999999867e-13 2.979321160000000217e-13 3.047879330000000193e-13 3.116873080000000128e-13 3.186305659999999879e-13 3.256182220000000095e-13 3.326507360000000202e-13 3.397287609999999970e-13 3.468529170000000050e-13 3.540239389999999939e-13 3.612426110000000245e-13 3.685097470000000134e-13 3.758262419999999824e-13 3.831929620000000155e-13 3.906108829999999873e-13 3.980809279999999906e-13 4.056041259999999851e-13 4.131814789999999798e-13 4.208139910000000211e-13 4.285027740000000097e-13 4.362488289999999865e-13 4.440532410000000020e-13 4.519170950000000062e-13 4.598414210000000282e-13 4.678273829999999845e-13 4.758760120000000241e-13 4.839883379999999742e-13 4.921654989999999706e-13 5.004085800000000136e-13 5.087185559999999593e-13
7.962996970000000369e-16 1.405750379999999946e-15 2.213676769999999902e-15 3.210493949999999911e-15 4.393120709999999755e-15 5.759599580000000028e-15 7.308206200000000373e-15 9.037264720000000380e-15 1.094511999999999985e-14 1.303015010000000051e-14 1.529079799999999868e-14 1.772560949999999902e-14 2.033327999999999974e-14 2.311271019999999999e-14 2.606305300000000080e-14 2.918375449999999777e-14 3.247459610000000187e-14 3.593567770000000141e-14 3.956743989999999911e-14 4.337061439999999892e-14 4.734618729999999685e-14 5.149534429999999715e-14 5.581940009999999978e-14 6.031973019999999375e-14 6.499770340000000399e-14 6.985460389999999492e-14 7.489159030000000408e-14 8.010960469999999753e-14 8.550933809999999601e-14 9.109120389999999452e-14 9.685528340000000050e-14 1.028012850000000034e-13 1.089285729999999945e-13 1.152361220000000007e-13 1.217225379999999953e-13 1.283860170000000001e-13 1.352244459999999981e-13 1.422353309999999965e-13 1.494158390000000067e-13 1.567628949999999955e-13 1.642731229999999901e-13 1.719429040000000047e-13 1.797684449999999964e-13 1.877457880000000088e-13 1.958708400000000027e-13 2.041394259999999913e-13 2.125473060000000060e-13 2.210902499999999878e-13 2.297639890000000050e-13 2.385643769999999834e-13 2.474872790000000051e-13 2.565287119999999981e-13 2.656847720000000091e-13 2.749517459999999807e-13 2.843260839999999842e-13 2.938043690000000100e-13 3.033834849999999880e-13 3.130603959999999852e-13 3.228323910000000036e-13 3.326969510000000110e-13 3.426517150000000096e-13 3.526946800000000002e-13 3.628239200000000141e-13 3.730378640000000249e-13 3.833350739999999759e-13 3.937143849999999823e-13 4.041747949999999846e-13 4.147155440000000186e-13 4.253360360000000150e-13 4.360358649999999838e-13 4.468148399999999783e-13 4.576728540000000114e-13 4.686101220000000255e-13 4.796267550000000322e-13 4.907232389999999565e-13 5.019000619999999631e-13 5.131579299999999627e-13 5.244974919999999584e-13 5.359196699999999735e-13 5.474253860000000314e-13 5.590157239999999620e-13 5.706917139999999966e-13 5.824546030000000430e-13 5.943056380000000094e-13 6.062460650000000374e-13 6.182772390000000409e-13 6.304005709999999739e-13 6.426174699999999554e-13 6.549294530000000086e-13 6.673379300000000186e-13 6.798444189999999772e-13 6.924504370000000088e-13 7.051575580000000446e-13 7.179672980000000389e-13 7.308812839999999574e-13 7.439009799999999910e-13 7.570280120000000362e-13 7.702639519999999868e-13 7.836103190000000046e-13 7.970686290000000441e-13
1.128975169999999939e-15 1.993389759999999880e-15 3.139776650000000122e-15 4.554937040000000351e-15 6.234998510000000017e-15 8.177796480000000319e-15 1.038161779999999967e-14 1.284494719999999952e-14 1.556642759999999964e-14 1.854488509999999998e-14 2.177936849999999981e-14 2.526920700000000001e-14 2.901405989999999880e-14 3.301397309999999738e-14 3.726942599999999780e-14 4.178135700000000150e-14 4.655117910000000020e-14 5.158075569999999921e-14 5.687236029999999625e-14 6.242861859999999506e-14 6.825243090000000043e-14 7.434685330000000171e-14 8.071505029999999399e-14 8.736015250000000054e-14 9.428516860000000032e-14 1.014928969999999944e-13 1.089858460000000013e-13 1.167661350000000117e-13 1.248354579999999985e-13 1.331949959999999951e-13 1.418454250000000060e-13 1.507868399999999951e-13 1.600187400000000085e-13 1.695400549999999990e-13 1.793491159999999957e-13 1.894436759999999931e-13 1.998209410000000018e-13 2.104775909999999885e-13 2.214097910000000062e-13 2.326132720000000222e-13 2.440833989999999810e-13 2.558150629999999758e-13 2.678030049999999877e-13 2.800415879999999779e-13 2.925250369999999952e-13 3.052473909999999832e-13 3.182026310000000094e-13 3.313847139999999945e-13 3.447875389999999829e-13 3.584051189999999860e-13 3.722314880000000050e-13 3.862609020000000138e-13 4.004877210000000182e-13 4.149065529999999793e-13 4.295121929999999821e-13 4.442997080000000123e-13 4.592644079999999677e-13 4.744019849999999928e-13 4.897083720000000058e-13 5.051797199999999739e-13 5.208126140000000259e-13 5.366040190000000457e-13 5.525510059999999863e-13 5.686511369999999711e-13 5.849022440000000370e-13 6.013024279999999643e-13 6.178501720000000324e-13 6.345441210000000245e-13 6.513833530000000183e-13 6.683670539999999963e-13 6.854947920000000362e-13 7.027662959999999534e-13 7.201816180000000161e-13 7.377408690000000339e-13 7.554445890000000360e-13 7.732932129999999502e-13 7.912877170000000047e-13 8.094288589999999747e-13 8.277178859999999702e-13 8.461559360000000262e-13 8.647444199999999957e-13 8.834848540000000351e-13 9.023787030000000005e-13 9.214277559999999674e-13 9.406337470000000401e-13 9.599985739999999653e-13 9.795240790000000550e-13 9.992123229999999318e-13 1.019065150000000046e-12 1.039084830000000053e-12 1.059273440000000076e-12 1.079633020000000002e-12 1.100165749999999916e-12 1.120873900000000079e-12 1.141759649999999974e-12 1.162825150000000032e-12 1.184072699999999966e-12 1.205504550000000065e-12 1.227122790000000041e-12 1.248929779999999924e-12
1.600726680000000085e-15 2.826972249999999854e-15 4.454052870000000141e-15 6.463953639999999787e-15 8.852067739999999904e-15 1.161640800000000012e-14 1.475583230000000097e-14 1.826968580000000043e-14 2.215773480000000114e-14 2.642019599999999880e-14 3.105777419999999904e-14 3.607172480000000303e-14 4.146388229999999918e-14 4.723673030000000104e-14 5.339339609999999776e-14 5.993767770000000607e-14 6.687398300000000543e-14 7.420731649999999414e-14 8.194315320000000252e-14 9.008732750000000249e-14 9.864594489999999608e-14 1.076251990000000041e-13 1.170312760000000047e-13 1.268701530000000102e-13 1.371475500000000006e-13 1.478687099999999975e-13 1.590383509999999971e-13 1.706605369999999998e-13 1.827386440000000037e-13 1.952751930000000028e-13 2.082719309999999920e-13 2.217296709999999952e-13 2.356483880000000232e-13 2.500270770000000109e-13 2.648639500000000025e-13 2.801562689999999987e-13 2.959005110000000217e-13 3.120923659999999764e-13 3.287267650000000246e-13 3.457979890000000031e-13 3.632997220000000141e-13 3.812251349999999808e-13 3.995668810000000078e-13 4.183172910000000182e-13 4.374684209999999780e-13 4.570119780000000235e-13 4.769396680000000197e-13 4.972430350000000250e-13 5.179136199999999909e-13 5.389430759999999498e-13 5.603231100000000378e-13 5.820455879999999904e-13 6.041027050000000073e-13 6.264867639999999912e-13 6.491905539999999719e-13 6.722070820000000284e-13 6.955297880000000290e-13 7.191524389999999663e-13 7.430692890000000291e-13 7.672749700000000227e-13 7.917644949999999804e-13 8.165334730000000049e-13 8.415777839999999795e-13 8.668937959999999525e-13 8.924784200000000066e-13 9.183287810000000978e-13 9.444426580000000264e-13 9.708180439999999707e-13 9.974533140000000025e-13 1.024347490000000058e-12 1.051499489999999941e-12 1.078908990000000037e-12 1.106575880000000001e-12 1.134500149999999948e-12 1.162682260000000022e-12 1.191122940000000079e-12 1.219823289999999947e-12 1.248784170000000000e-12 1.278007319999999951e-12 1.307494150000000089e-12 1.337246499999999981e-12 1.367266430000000089e-12 1.397555900000000011e-12 1.428117280000000063e-12 1.458952860000000074e-12 1.490065119999999900e-12 1.521456900000000090e-12 1.553130560000000068e-12 1.585089049999999920e-12 1.617335279999999994e-12 1.649871970000000003e-12 1.682702149999999917e-12 1.715828870000000085e-12 1.749255040000000045e-12 1.782983810000000000e-12 1.817018220000000009e-12 1.851361299999999841e-12 1.886016299999999959e-12 1.920985939999999874e-12 1.956273899999999933e-12
2.269769199999999948e-15 4.009668899999999737e-15 6.319802600000000185e-15 9.175875729999999506e-15 1.257293019999999974e-14 1.651005959999999919e-14 2.098789760000000055e-14 2.600808900000000112e-14 3.157317680000000060e-14 3.768658970000000015e-14 4.435266780000000093e-14 5.157666289999999771e-14 5.936477169999999502e-14 6.772411949999999427e-14 7.666274300000000319e-14 8.618955289999999836e-14 9.631421229999999761e-14 1.070470619999999946e-13 1.183989289999999900e-13 1.303809759999999968e-13 1.430045319999999884e-13 1.562808450000000097e-13 1.702209340000000017e-13 1.848353689999999924e-13 2.001340990000000019e-13 2.161263250000000080e-13 2.328202729999999814e-13 2.502231550000000119e-13 2.683410130000000088e-13 2.871786200000000153e-13 3.067395240000000237e-13 3.270258679999999825e-13 3.480385470000000148e-13 3.697769900000000149e-13 3.922394359999999781e-13 4.154227959999999873e-13 4.393227589999999792e-13 4.639338500000000245e-13 4.892496459999999859e-13 5.152625829999999882e-13 5.419644230000000379e-13 5.693459480000000403e-13 5.973975109999999839e-13 6.261087030000000074e-13 6.554687889999999926e-13 6.854667660000000460e-13 7.160912489999999770e-13 7.473308539999999672e-13 7.791740889999999905e-13 8.116096229999999602e-13 8.446261810000000317e-13 8.782127590000000407e-13 9.123586220000000708e-13 9.470534170000000990e-13 9.822871680000000533e-13 1.018050440000000061e-12 1.054334140000000100e-12 1.091129790000000017e-12 1.128429490000000099e-12 1.166225749999999939e-12 1.204512079999999912e-12 1.243281950000000045e-12 1.282529849999999902e-12 1.322250900000000060e-12 1.362440540000000028e-12 1.403094979999999918e-12 1.444210739999999905e-12 1.485785339999999928e-12 1.527816179999999902e-12 1.570301829999999969e-12 1.613240900000000015e-12 1.656632620000000038e-12 1.700476670000000097e-12 1.744773159999999932e-12 1.789522410000000091e-12 1.834725299999999911e-12 1.880382999999999824e-12 1.926497159999999976e-12 1.973069489999999819e-12 2.020101969999999931e-12 2.067597180000000023e-12 2.115557510000000183e-12 2.163985569999999978e-12 2.212884610000000074e-12 2.262257869999999836e-12 2.312108190000000015e-12 2.362439670000000151e-12 2.413255359999999985e-12 2.464559369999999951e-12 2.516355179999999876e-12 2.568646900000000195e-12 2.621438440000000014e-12 2.674733919999999853e-12 2.728537009999999974e-12 2.782852070000000146e-12 2.837683429999999881e-12 2.893034989999999814e-12 2.948911079999999859e-12 3.005315609999999931e-12 3.062252930000000119e-12
3.218745950000000030e-15 5.688120579999999719e-15 8.969491070000000332e-15 1.303063879999999929e-14 1.786733160000000126e-14 2.348164900000000103e-14 2.987841300000000291e-14 3.706436950000000089e-14 4.504796329999999866e-14 5.383920639999999854e-14 6.344963209999999719e-14 7.389216600000000251e-14 8.518111620000000381e-14 9.733200709999999548e-14 1.103615559999999938e-13 1.242874620000000086e-13 1.391282789999999970e-13 1.549032310000000065e-13 1.716319010000000015e-13 1.893340899999999952e-13 2.080294489999999900e-13 2.277372900000000178e-13 2.484762609999999776e-13 2.702641440000000128e-13 2.931175809999999920e-13 3.170518320000000206e-13 3.420807470000000157e-13 3.682163890000000078e-13 3.954690849999999869e-13 4.238472639999999942e-13 4.533573220000000140e-13 4.840037880000000072e-13 5.157891800000000380e-13 5.487139060000000328e-13 5.827766109999999770e-13 6.179740960000000110e-13 6.543013739999999661e-13 6.917517770000000078e-13 7.303171199999999754e-13 7.699880229999999671e-13 8.107535909999999946e-13 8.526020599999999796e-13 8.955206369999999850e-13 9.394957689999999581e-13 9.845133609999999817e-13 1.030558779999999945e-12 1.077617049999999919e-12 1.125673009999999989e-12 1.174711589999999979e-12 1.224717589999999998e-12 1.275676179999999928e-12 1.327572600000000054e-12 1.380392759999999996e-12 1.434122679999999924e-12 1.488749340000000036e-12 1.544260049999999953e-12 1.600642689999999991e-12 1.657886070000000030e-12 1.715979460000000097e-12 1.774913219999999957e-12 1.834678240000000129e-12 1.895266060000000089e-12 1.956669199999999924e-12 2.018881159999999919e-12 2.081895849999999871e-12 2.145707869999999894e-12 2.210312660000000101e-12 2.275706969999999830e-12 2.341887100000000174e-12 2.408851110000000095e-12 2.476596839999999881e-12 2.545123399999999907e-12 2.614430159999999969e-12 2.684517109999999983e-12 2.755384460000000150e-12 2.827033530000000181e-12 2.899465609999999933e-12 2.972682429999999839e-12 3.046686379999999987e-12 3.121480289999999828e-12 3.197066739999999883e-12 3.273449220000000066e-12 3.350631190000000032e-12 3.428616550000000013e-12 3.507409420000000126e-12 3.587013930000000168e-12 3.667434409999999653e-12 3.748675849999999762e-12 3.830743010000000094e-12 3.913640249999999612e-12 3.997372750000000336e-12 4.081946150000000190e-12 4.167365239999999840e-12 4.253635199999999691e-12 4.340760819999999599e-12 4.428748600000000086e-12 4.517602870000000259e-12 4.607329280000000148e-12 4.697933449999999928e-12 4.789420159999999772e-12
4.565025619999999949e-15 8.070906849999999811e-15 1.273442890000000072e-14 1.851388709999999892e-14 2.540823390000000157e-14 3.342633240000000013e-14 4.258180319999999727e-14 5.289172889999999714e-14 6.437615740000000325e-14 7.705771780000000251e-14 9.096136389999999555e-14 1.061140379999999942e-13 1.225444710000000100e-13 1.402828860000000070e-13 1.593608189999999997e-13 1.798107830000000100e-13 2.016660490000000113e-13 2.249603230000000064e-13 2.497273760000000051e-13 2.760007660000000113e-13 3.038133710000000001e-13 3.331971469999999989e-13 3.641827240000000086e-13 3.967990220000000226e-13 4.310730650000000224e-13 4.670296810000000059e-13 5.046912320000000238e-13 5.440774780000000022e-13 5.852053329999999630e-13 6.280889439999999907e-13 6.727394249999999903e-13 7.191650699999999957e-13 7.673711929999999968e-13 8.173602310000000029e-13 8.691319149999999678e-13 9.226832619999999427e-13 9.780089059999999722e-13 1.035101040000000017e-12 1.093949689999999941e-12 1.154543150000000047e-12 1.216867859999999900e-12 1.280908650000000071e-12 1.346649139999999950e-12 1.414072089999999966e-12 1.483159080000000027e-12 1.553891130000000042e-12 1.626248939999999976e-12 1.700212890000000055e-12 1.775763019999999985e-12 1.852880050000000107e-12 1.931544120000000184e-12 2.011736479999999895e-12 2.093438489999999869e-12 2.176632140000000130e-12 2.261300299999999837e-12 2.347426290000000024e-12 2.434994479999999908e-12 2.523990129999999946e-12 2.614399370000000048e-12 2.706209390000000008e-12 2.799408270000000055e-12 2.893985180000000157e-12 2.989930139999999963e-12 3.087234030000000108e-12 3.185889489999999896e-12 3.285889140000000076e-12 3.387227130000000097e-12 3.489898260000000190e-12 3.593898400000000151e-12 3.699224089999999921e-12 3.805873150000000020e-12 3.913843640000000215e-12 4.023134259999999757e-12 4.133744999999999770e-12 4.245676290000000342e-12 4.358929019999999885e-12 4.473504469999999786e-12 4.589405239999999928e-12 4.706633520000000285e-12 4.825192759999999615e-12 4.945085569999999912e-12 5.066317159999999819e-12 5.188890549999999627e-12 5.312810960000000087e-12 5.438083139999999902e-12 5.564711890000000227e-12 5.692702819999999939e-12 5.822061579999999875e-12 5.952793380000000298e-12 6.084904280000000342e-12 6.218399930000000039e-12 6.353286820000000227e-12 6.489571030000000214e-12 6.627258640000000119e-12 6.766355700000000202e-12 6.906868309999999946e-12 7.048802949999999698e-12 7.192165270000000297e-12 7.336962629999999207e-12 7.483199819999999514e-12
6.475383080000000154e-15 1.145498469999999976e-14 1.808748230000000058e-14 2.632083060000000046e-14 3.616229969999999999e-14 4.763479180000000314e-14 6.076927429999999755e-14 7.560267110000000286e-14 9.217674769999999372e-14 1.105372779999999994e-13 1.307332880000000031e-13 1.528164259999999989e-13 1.768403949999999925e-13 2.028604200000000061e-13 2.309328670000000016e-13 2.611147789999999892e-13 2.934634690000000190e-13 3.280360200000000185e-13 3.648889189999999972e-13 4.040774879999999785e-13 4.456554480000000030e-13 4.896745439999999621e-13 5.361839439999999900e-13 5.852299439999999812e-13 6.368555859999999990e-13 6.911002799999999532e-13 7.479995900000000294e-13 8.075850100000000225e-13 8.698838090000000149e-13 9.349189170000000561e-13 1.002708880000000076e-12 1.073267989999999900e-12 1.146606360000000098e-12 1.222729820000000039e-12 1.301640219999999981e-12 1.383335830000000097e-12 1.467811220000000041e-12 1.555057729999999982e-12 1.645063640000000062e-12 1.737814749999999959e-12 1.833294150000000130e-12 1.931483189999999908e-12 2.032361040000000152e-12 2.135905599999999816e-12 2.242093879999999848e-12 2.350901370000000154e-12 2.462303149999999919e-12 2.576274479999999887e-12 2.692789570000000196e-12 2.811823259999999972e-12 2.933350609999999844e-12 3.057347129999999891e-12 3.183788519999999820e-12 3.312652020000000142e-12 3.443914860000000073e-12 3.577556000000000069e-12 3.713555069999999922e-12 3.851892760000000117e-12 3.992551079999999641e-12 4.135513549999999642e-12 4.280764110000000058e-12 4.428288470000000395e-12 4.578074029999999842e-12 4.730108230000000358e-12 4.884381090000000381e-12 5.040883080000000227e-12 5.199605499999999720e-12 5.360541870000000127e-12 5.523686109999999717e-12 5.689032579999999756e-12 5.856578239999999783e-12 6.026319199999999653e-12 6.198254149999999739e-12 6.372381360000000013e-12 6.548700380000000214e-12 6.727212100000000373e-12 6.907916949999999767e-12 7.090816650000000360e-12 7.275913380000000016e-12 7.463210609999999285e-12 7.652710930000000793e-12 7.844417820000000732e-12 8.038335620000000316e-12 8.234469529999999315e-12 8.432823020000000701e-12 8.633403019999999429e-12 8.836213009999999767e-12 9.041259059999999729e-12 9.248546370000000698e-12 9.458081890000000226e-12 9.669869940000000160e-12 9.883917469999999665e-12 1.010022969999999949e-11 1.031881259999999921e-11 1.053967330000000035e-11 1.076281509999999997e-11 1.098824589999999941e-11 1.121596999999999951e-11 1.144599350000000059e-11 1.167832150000000073e-11
9.186955770000000460e-15 1.626364079999999921e-14 2.570478180000000082e-14 3.744919009999999823e-14 5.152261879999999964e-14 6.797546470000000345e-14 8.687156349999999925e-14 1.082844550000000060e-13 1.322952299999999896e-13 1.589907400000000052e-13 1.884620799999999908e-13 2.208033020000000020e-13 2.561103729999999833e-13 2.944803959999999775e-13 3.360107600000000137e-13 3.807985829999999868e-13 4.289400049999999806e-13 4.805296789999999613e-13 5.356601660000000449e-13 5.944211589999999800e-13 6.568990690000000179e-13 7.231764020000000336e-13 7.933311670000000367e-13 8.674363309999999979e-13 9.455596029999999383e-13 1.027762730000000056e-12 1.114101429999999925e-12 1.204625380000000087e-12 1.299377380000000005e-12 1.398394200000000064e-12 1.501705770000000012e-12 1.609335930000000000e-12 1.721302250000000033e-12 1.837616209999999912e-12 1.958283800000000186e-12 2.083305530000000020e-12 2.212676870000000191e-12 2.346388930000000091e-12 2.484428239999999859e-12 2.626777700000000128e-12 2.773417129999999909e-12 2.924322890000000178e-12 3.079469619999999946e-12 3.238829129999999986e-12 3.402371919999999827e-12 3.570067199999999952e-12 3.741883540000000151e-12 3.917788399999999895e-12 4.097749050000000242e-12 4.281733389999999627e-12 4.469708460000000348e-12 4.661643029999999887e-12 4.857505889999999938e-12 5.057267110000000349e-12 5.260896749999999668e-12 5.468367509999999909e-12 5.679652490000000082e-12 5.894726110000000123e-12 6.113564519999999997e-12 6.336145150000000247e-12 6.562447200000000173e-12 6.792451149999999656e-12 7.026138350000000045e-12 7.263492759999999838e-12 7.504498760000000356e-12 7.749143339999999260e-12 7.997414359999999718e-12 8.249299679999999248e-12 8.504791490000000127e-12 8.763879379999999898e-12 9.026556410000000695e-12 9.292817379999999517e-12 9.562657089999999823e-12 9.836070330000000546e-12 1.011305450000000018e-11 1.039360700000000047e-11 1.067772609999999975e-11 1.096541090000000075e-11 1.125666049999999970e-11 1.155147590000000043e-11 1.184985699999999964e-11 1.215180559999999998e-11 1.245732250000000031e-11 1.276641030000000050e-11 1.307906989999999946e-11 1.339530400000000037e-11 1.371511499999999977e-11 1.403850559999999920e-11 1.436547759999999972e-11 1.469603429999999999e-11 1.503017849999999841e-11 1.536791009999999975e-11 1.570923430000000056e-11 1.605415110000000084e-11 1.640266389999999933e-11 1.675477289999999936e-11 1.711047969999999863e-11 1.746978600000000135e-11 1.783269190000000112e-11 1.819919740000000117e-11
1.303722029999999922e-14 2.310112959999999922e-14 3.655527889999999888e-14 5.333529639999999781e-14 7.350478729999999557e-14 9.716617839999999784e-14 1.244436000000000060e-13 1.554764209999999917e-13 1.904150669999999962e-13 2.294175860000000139e-13 2.726468949999999892e-13 3.202686330000000202e-13 3.724492500000000147e-13 4.293548480000000189e-13 4.911499269999999764e-13 5.579965200000000159e-13 6.300533009999999812e-13 7.074747690000000323e-13 7.904105429999999959e-13 8.790045509999999601e-13 9.733943250000000282e-13 1.073710020000000048e-12 1.180074379999999983e-12 1.292601550000000052e-12 1.411396719999999908e-12 1.536556150000000067e-12 1.668166260000000092e-12 1.806304019999999945e-12 1.951036339999999962e-12 2.102420450000000100e-12 2.260504500000000084e-12 2.425326220000000127e-12 2.596915299999999917e-12 2.775292150000000011e-12 2.960469539999999862e-12 3.152451819999999962e-12 3.351236609999999907e-12 3.556815429999999810e-12 3.769172909999999926e-12 3.988289300000000164e-12 4.214139020000000055e-12 4.446693879999999966e-12 4.685920489999999687e-12 4.931784150000000189e-12 5.184246260000000192e-12 5.443267359999999858e-12 5.708806260000000129e-12 5.980820869999999811e-12 6.259268280000000305e-12 6.544105099999999667e-12 6.835289280000000280e-12 7.132778309999999738e-12 7.436530559999999212e-12 7.746504829999999961e-12 8.062661649999999234e-12 8.384962859999999559e-12 8.713372039999999945e-12 9.047852740000000354e-12 9.388372019999999218e-12 9.734896050000000597e-12 1.008739620000000024e-11 1.044584210000000065e-11 1.081020779999999978e-11 1.118046629999999980e-11 1.155659420000000014e-11 1.193856910000000078e-11 1.232636999999999931e-11 1.271997779999999922e-11 1.311937359999999932e-11 1.352454089999999976e-11 1.393546389999999950e-11 1.435212799999999981e-11 1.477452009999999959e-11 1.520262909999999889e-11 1.563644010000000042e-11 1.607594439999999917e-11 1.652113339999999985e-11 1.697199330000000096e-11 1.742851869999999939e-11 1.789069929999999888e-11 1.835852650000000094e-11 1.883199330000000151e-11 1.931109089999999876e-11 1.979581259999999851e-11 2.028615119999999983e-11 2.078209479999999909e-11 2.128363980000000066e-11 2.179077749999999954e-11 2.230349759999999945e-11 2.282179309999999961e-11 2.334565350000000039e-11 2.387507210000000118e-11 2.441003480000000029e-11 2.495053470000000020e-11 2.549655799999999941e-11 2.604809599999999936e-11 2.660513479999999848e-11 2.716766049999999845e-11 2.773566099999999874e-11 2.830912070000000004e-11
1.850697190000000069e-14 3.283168820000000272e-14 5.203150260000000103e-14 7.605480370000000447e-14 1.050391059999999966e-13 1.391825969999999994e-13 1.787175550000000121e-13 2.238990240000000093e-13 2.749971200000000031e-13 3.322910249999999765e-13 3.960644200000000177e-13 4.666018549999999510e-13 5.441860070000000200e-13 6.290956799999999854e-13 7.216043079999999816e-13 8.219784449999999680e-13 9.304768330000000231e-13 1.047349159999999975e-12 1.172835269999999934e-12 1.307164229999999913e-12 1.450553219999999914e-12 1.603206930000000077e-12 1.765316629999999907e-12 1.937059890000000086e-12 2.118599570000000196e-12 2.310083979999999902e-12 2.511646709999999904e-12 2.723405490000000148e-12 2.945463749999999996e-12 3.177910410000000051e-12 3.420819180000000131e-12 3.674250140000000020e-12 3.938250769999999905e-12 4.212854889999999680e-12 4.498085059999999927e-12 4.793952129999999639e-12 5.100456520000000029e-12 5.417590420000000143e-12 5.745336499999999831e-12 6.083669159999999663e-12 6.432557610000000122e-12 6.791963259999999610e-12 7.161844029999999848e-12 7.542151800000000360e-12 7.932836680000000297e-12 8.333843160000000249e-12 8.745116610000000346e-12 9.166598040000000139e-12 9.598228460000000794e-12 1.003994720000000025e-11 1.049169520000000027e-11 1.095341180000000010e-11 1.142503630000000024e-11 1.190651049999999940e-11 1.239777639999999965e-11 1.289877579999999969e-11 1.340945319999999981e-11 1.392975409999999923e-11 1.445962710000000060e-11 1.499901770000000154e-11 1.554788069999999857e-11 1.610616330000000161e-11 1.667382030000000071e-11 1.725080839999999996e-11 1.783708249999999919e-11 1.843260270000000119e-11 1.903732379999999927e-11 1.965121119999999931e-11 2.027422500000000089e-11 2.090632700000000134e-11 2.154748250000000002e-11 2.219765689999999957e-11 2.285681370000000155e-11 2.352491989999999983e-11 2.420194429999999902e-11 2.488785219999999846e-11 2.558261239999999955e-11 2.628619019999999840e-11 2.699855620000000065e-11 2.771967900000000112e-11 2.844952230000000146e-11 2.918805820000000172e-11 2.993524870000000258e-11 3.069106769999999868e-11 3.145547359999999830e-11 3.222843870000000162e-11 3.300992470000000268e-11 3.379989689999999760e-11 3.459831730000000323e-11 3.540514760000000068e-11 3.622035309999999901e-11 3.704388879999999809e-11 3.787571650000000171e-11 3.871579789999999746e-11 3.956408460000000263e-11 4.042053150000000090e-11 4.128509689999999725e-11 4.215773220000000242e-11 4.303838539999999931e-11 4.392701479999999939e-11
2.628214830000000081e-14 4.669433110000000060e-14 7.414173579999999685e-14 1.086212490000000042e-13 1.504099310000000059e-13 1.998785790000000123e-13 2.574496330000000129e-13 3.235776179999999826e-13 3.987359219999999899e-13 4.834068260000000106e-13 5.780743179999999719e-13 6.832186180000000250e-13 7.993121680000000176e-13 9.268167829999999876e-13 1.066181649999999950e-12 1.217840820000000018e-12 1.382212920000000054e-12 1.559698660000000022e-12 1.750680109999999910e-12 1.955519950000000104e-12 2.174559579999999975e-12 2.408119279999999869e-12 2.656496120000000183e-12 2.919964829999999809e-12 3.198776310000000200e-12 3.493158240000000146e-12 3.803314430000000252e-12 4.129424669999999614e-12 4.471646579999999717e-12 4.830114609999999818e-12 5.204941510000000381e-12 5.596220100000000218e-12 6.004021070000000070e-12 6.428398610000000038e-12 6.869387000000000363e-12 7.327006189999999636e-12 7.801258770000000483e-12 8.292134339999999324e-12 8.799610349999999297e-12 9.323652090000000076e-12 9.864213609999999369e-12 1.042124199999999927e-11 1.099467479999999958e-11 1.158444259999999934e-11 1.219047090000000078e-11 1.281267889999999925e-11 1.345098340000000005e-11 1.410529679999999945e-11 1.477552799999999980e-11 1.546158510000000137e-11 1.616337619999999956e-11 1.688080399999999961e-11 1.761377330000000148e-11 1.836218849999999846e-11 1.912595600000000115e-11 1.990497869999999871e-11 2.069916459999999945e-11 2.150841659999999900e-11 2.233264269999999918e-11 2.317175269999999963e-11 2.402565469999999900e-11 2.489425679999999915e-11 2.577747219999999846e-11 2.667521240000000077e-11 2.758739070000000126e-11 2.851391870000000060e-11 2.945471299999999912e-11 3.040968520000000071e-11 3.137875379999999710e-11 3.236183539999999832e-11 3.335884350000000289e-11 3.436969809999999694e-11 3.539430899999999949e-11 3.643259999999999887e-11 3.748448079999999787e-11 3.854987160000000214e-11 3.962868230000000166e-11 4.072083299999999878e-11 4.182623000000000080e-11 4.294479359999999725e-11 4.407642999999999862e-11 4.522104910000000135e-11 4.637856069999999863e-11 4.754887460000000299e-11 4.873189350000000027e-11 4.992752389999999790e-11 5.113566859999999793e-11 5.235622700000000044e-11 5.358909500000000027e-11 5.483417190000000069e-11 5.609135730000000189e-11 5.736053649999999905e-11 5.864160550000000323e-11 5.993444630000000447e-11 6.123895139999999565e-11 6.255499589999999836e-11 6.388246879999999377e-11 6.522125199999999449e-11 6.657121380000000526e-11 6.793223619999999674e-11
3.734309069999999744e-14 6.647068009999999405e-14 1.057947810000000004e-13 1.554342319999999955e-13 2.159231049999999929e-13 2.879376419999999908e-13 3.722290490000000086e-13 4.695906750000000073e-13 5.808363230000000392e-13 7.067849450000000308e-13 8.482495849999999881e-13 1.006029889999999962e-12 1.180906389999999919e-12 1.373636449999999961e-12 1.584951459999999941e-12 1.815553999999999960e-12 2.066116379999999854e-12 2.337278810000000114e-12 2.629647800000000152e-12 2.943794510000000181e-12 3.280254539999999998e-12 3.639526610000000085e-12 4.022070870000000307e-12 4.428310579999999911e-12 4.858630429999999953e-12 5.313376909999999634e-12 5.792858809999999814e-12 6.297348059999999790e-12 6.827080569999999709e-12 7.382257129999999484e-12 7.963045149999999302e-12 8.569579069999999547e-12 9.201963839999999410e-12 9.860274920000000123e-12 1.054456089999999936e-11 1.125484510000000025e-11 1.199112770000000031e-11 1.275338599999999935e-11 1.354158020000000026e-11 1.435565030000000070e-11 1.519552189999999974e-11 1.606110210000000030e-11 1.695229030000000084e-11 1.786897189999999983e-11 1.881102039999999857e-11 1.977830230000000077e-11 2.077067679999999947e-11 2.178799499999999919e-11 2.283010070000000023e-11 2.389683759999999961e-11 2.498803940000000149e-11 2.610353950000000018e-11 2.724316949999999863e-11 2.840675610000000019e-11 2.959412580000000165e-11 3.080509809999999898e-11 3.203949949999999865e-11 3.329715320000000199e-11 3.457787179999999777e-11 3.588148529999999771e-11 3.720780279999999823e-11 3.855664750000000068e-11 3.992783529999999894e-11 4.132118610000000214e-11 4.273651220000000210e-11 4.417363000000000269e-11 4.563235209999999912e-11 4.711249789999999701e-11 4.861387329999999739e-11 5.013629440000000074e-11 5.167956690000000153e-11 5.324349990000000263e-11 5.482790610000000257e-11 5.643258430000000152e-11 5.805733670000000161e-11 5.970197249999999610e-11 6.136628009999999856e-11 6.305006520000000344e-11 6.475311950000000360e-11 6.647523499999999528e-11 6.821620349999999402e-11 6.997580290000000406e-11 7.175382509999999900e-11 7.355004799999999603e-11 7.536424959999999623e-11 7.719620780000000387e-11 7.904568669999999588e-11 8.091246420000000236e-11 8.279629069999999556e-11 8.469694389999999900e-11 8.661416720000000029e-11 8.854773160000000292e-11 9.049737349999999691e-11 9.246284990000000354e-11 9.444389710000000306e-11 9.644026549999999355e-11 9.845169120000000040e-11 1.004779040000000033e-10 1.025186319999999973e-10 1.045736139999999994e-10
5.309405799999999915e-14 9.473209029999999663e-14 1.512259010000000025e-13 2.229594819999999959e-13 3.109306160000000092e-13 4.163474039999999757e-13 5.405211329999999947e-13 6.848132090000000341e-13 8.506014900000000024e-13 1.039257870000000100e-12 1.252132509999999952e-12 1.490543690000000058e-12 1.755769570000000014e-12 2.049043010000000123e-12 2.371547839999999811e-12 2.724414440000000160e-12 3.108718579999999933e-12 3.525478520000000154e-12 3.975652710000000361e-12 4.460139720000000017e-12 4.979775709999999636e-12 5.535334339999999600e-12 6.127525999999999956e-12 6.756999470000000245e-12 7.424338920000000192e-12 8.130068670000000515e-12 8.874651010000000214e-12 9.658489289999999484e-12 1.048193040000000018e-11 1.134526330000000076e-11 1.224872720000000005e-11 1.319250790000000030e-11 1.417674400000000073e-11 1.520152930000000056e-11 1.626691320000000084e-11 1.737290690000000158e-11 1.851948279999999976e-11 1.970658009999999907e-11 2.093410510000000035e-11 2.220193650000000142e-11 2.350992319999999907e-11 2.485789009999999886e-11 2.624564279999999842e-11 2.767296109999999988e-11 2.913961430000000255e-11 3.064534390000000261e-11 3.218988960000000166e-11 3.377296710000000038e-11 3.539428129999999965e-11 3.705353039999999976e-11 3.875040220000000143e-11 4.048457060000000058e-11 4.225570589999999752e-11 4.406346819999999962e-11 4.590751740000000118e-11 4.778749969999999830e-11 4.970305760000000110e-11 5.165383050000000174e-11 5.363945049999999788e-11 5.565954990000000020e-11 5.771375040000000036e-11 5.980167060000000437e-11 6.192293900000000133e-11 6.407715329999999489e-11 6.626393180000000059e-11 6.848287220000000267e-11 7.073358569999999642e-11 7.301566299999999436e-11 7.532870160000000002e-11 7.767228529999999933e-11 8.004601149999999898e-11 8.244945000000000266e-11 8.488218459999999630e-11 8.734379190000000045e-11 8.983384180000000269e-11 9.235189000000000181e-11 9.489750649999999516e-11 9.747025410000000177e-11 1.000696749999999965e-10 1.026953180000000032e-10 1.053467379999999943e-10 1.080234649999999959e-10 1.107250329999999973e-10 1.134509780000000022e-10 1.162008270000000025e-10 1.189740940000000019e-10 1.217703160000000111e-10 1.245889919999999929e-10 1.274296219999999947e-10 1.302917219999999956e-10 1.331748049999999924e-10 1.360783570000000114e-10 1.390018659999999897e-10 1.419448170000000114e-10 1.449067120000000086e-10 1.478870359999999879e-10 1.508852489999999993e-10 1.539008499999999928e-10 1.569333000000000127e-10 1.599820689999999985e-10
7.555225569999999834e-14 1.352068280000000020e-13 2.166405889999999874e-13 3.207719459999999959e-13 4.494204220000000048e-13 6.047066060000000231e-13 7.888838779999999879e-13 1.004256250000000061e-12 1.253128789999999961e-12 1.537775549999999993e-12 1.860419370000000064e-12 2.223216190000000034e-12 2.628245930000000149e-12 3.077504179999999993e-12 3.572897190000000168e-12 4.116236000000000354e-12 4.709235169999999631e-12 5.353507570000000249e-12 6.050564130000000222e-12 6.801810420000000075e-12 7.608547469999999436e-12 8.471970520000000359e-12 9.393167670000000079e-12 1.037312419999999932e-11 1.141272059999999940e-11 1.251273650000000026e-11 1.367385109999999977e-11 1.489664640000000109e-11 1.618161510000000108e-11 1.752915349999999908e-11 1.893957559999999863e-11 2.041311220000000051e-11 2.194991579999999903e-11 2.355006470000000062e-11 2.521356730000000043e-11 2.694036309999999909e-11 2.873033580000000054e-11 3.058330669999999857e-11 3.249904169999999697e-11 3.447726129999999919e-11 3.651763610000000248e-11 3.861979489999999937e-11 4.078332809999999896e-11 4.300778480000000271e-11 4.529268279999999720e-11 4.763750510000000065e-11 5.004171730000000183e-11 5.250474009999999914e-11 5.502598379999999791e-11 5.760483059999999694e-11 6.024063889999999419e-11 6.293276320000000157e-11 6.568050959999999654e-11 6.848320519999999457e-11 7.134012819999999903e-11 7.425056400000000455e-11 7.721378399999999765e-11 8.022902479999999648e-11 8.329554409999999582e-11 8.641256460000000255e-11 8.957930920000000429e-11 9.279498700000000008e-11 9.605879290000000014e-11 9.936993589999999376e-11 1.027275829999999977e-10 1.061309170000000054e-10 1.095791100000000012e-10 1.130713160000000006e-10 1.166066969999999982e-10 1.201843900000000063e-10 1.238035509999999900e-10 1.274632899999999913e-10 1.311627749999999953e-10 1.349010899999999902e-10 1.386773610000000013e-10 1.424907140000000023e-10 1.463402449999999884e-10 1.502250550000000028e-10 1.541442389999999949e-10 1.580968969999999879e-10 1.620821250000000029e-10 1.660989819999999942e-10 1.701465499999999877e-10 1.742239269999999926e-10 1.783301700000000009e-10 1.824643630000000007e-10 1.866255619999999902e-10 1.908128380000000079e-10 1.950252600000000014e-10 1.992618709999999931e-10 2.035217549999999973e-10 2.078039550000000107e-10 2.121075400000000064e-10 2.164315809999999975e-10 2.207751070000000115e-10 2.251372139999999919e-10 2.295169330000000061e-10 2.339133609999999917e-10 2.383255260000000080e-10 2.427525130000000114e-10
1.076257070000000010e-13 1.933310419999999968e-13 3.111991190000000152e-13 4.631742580000000129e-13 6.525087539999999729e-13 8.828684309999999640e-13 1.158074940000000077e-12 1.481983809999999970e-12 1.858414680000000071e-12 2.291108060000000090e-12 2.783697749999999855e-12 3.339690500000000167e-12 3.962452759999999598e-12 4.655199400000000255e-12 5.420987439999999963e-12 6.262706070000000396e-12 7.183075749999999691e-12 8.184641330000000757e-12 9.269771580000000338e-12 1.044065439999999966e-11 1.169930040000000068e-11 1.304753870000000042e-11 1.448702100000000078e-11 1.601922240000000025e-11 1.764544409999999872e-11 1.936681720000000128e-11 2.118430599999999914e-11 2.309871560000000145e-11 2.511069300000000043e-11 2.722073609999999915e-11 2.942919520000000273e-11 3.173629069999999946e-11 3.414209889999999784e-11 3.664658160000000167e-11 3.924957580000000086e-11 4.195080390000000319e-11 4.474989129999999921e-11 4.764635210000000246e-11 5.063961060000000049e-11 5.372900740000000040e-11 5.691378970000000061e-11 6.019313520000000140e-11 6.356615229999999861e-11 6.703186619999999822e-11 7.058925669999999937e-11 7.423724139999999761e-11 7.797466839999999685e-11 8.180035120000000039e-11 8.571305470000000290e-11 8.971149520000000326e-11 9.379434730000000540e-11 9.796025799999999729e-11 1.022078260000000004e-10 1.065356279999999977e-10 1.109422069999999947e-10 1.154260850000000041e-10 1.199857439999999898e-10 1.246196620000000037e-10 1.293262999999999911e-10 1.341040609999999929e-10 1.389513640000000077e-10 1.438666269999999882e-10 1.488481979999999890e-10 1.538944669999999981e-10 1.590037959999999879e-10 1.641745210000000057e-10 1.694049620000000124e-10 1.746934820000000001e-10 1.800383870000000118e-10 1.854379980000000025e-10 1.908906090000000085e-10 1.963945399999999905e-10 2.019481110000000126e-10 2.075495890000000115e-10 2.131973070000000007e-10 2.188895449999999955e-10 2.246246240000000025e-10 2.304008229999999909e-10 2.362164630000000193e-10 2.420698360000000062e-10 2.479592639999999783e-10 2.538830810000000206e-10 2.598395670000000193e-10 2.658270830000000040e-10 2.718439360000000120e-10 2.778884900000000035e-10 2.839591060000000083e-10 2.900540920000000060e-10 2.961718650000000071e-10 3.023107599999999872e-10 3.084692219999999989e-10 3.146456150000000023e-10 3.208383560000000079e-10 3.270458900000000162e-10 3.332666370000000198e-10 3.394990960000000118e-10 3.457416849999999967e-10 3.519929349999999858e-10 3.582513450000000240e-10 3.645154179999999772e-10
1.535254399999999911e-13 2.770852669999999837e-13 4.485399949999999822e-13 6.717355079999999992e-13 9.523853060000000691e-13 1.296743200000000015e-12 1.711219919999999967e-12 2.202210199999999877e-12 2.775997750000000201e-12 3.438698110000000079e-12 4.196221059999999952e-12 5.054243919999999677e-12 6.018191589999999854e-12 7.093222280000000287e-12 8.284214460000000533e-12 9.595757349999999580e-12 1.103214389999999971e-11 1.259736759999999949e-11 1.429511370000000018e-11 1.612876149999999928e-11 1.810137979999999924e-11 2.021573529999999936e-11 2.247428459999999926e-11 2.487918550000000057e-11 2.743229949999999865e-11 3.013519989999999699e-11 3.298917039999999991e-11 3.599522760000000295e-11 3.915411399999999853e-11 4.246632210000000277e-11 4.593208450000000129e-11 4.955140460000000253e-11 5.332405350000000037e-11 5.724958699999999687e-11 6.132735290000000329e-11 6.555649079999999470e-11 6.993596669999999459e-11 7.446455950000000569e-11 7.914088829999999664e-11 8.396340569999999830e-11 8.893042550000000018e-11 9.404010899999999745e-11 9.929050639999999547e-11 1.046795220000000026e-10 1.102049559999999963e-10 1.158645190000000054e-10 1.216558099999999947e-10 1.275763250000000051e-10 1.336234870000000029e-10 1.397946620000000056e-10 1.460871150000000048e-10 1.524980700000000007e-10 1.590246820000000117e-10 1.656640520000000124e-10 1.724132360000000091e-10 1.792692659999999948e-10 1.862291019999999981e-10 1.932897179999999912e-10 2.004480049999999953e-10 2.077008980000000054e-10 2.150452590000000064e-10 2.224779670000000126e-10 2.299958699999999882e-10 2.375958040000000195e-10 2.452746619999999867e-10 2.530292360000000025e-10 2.608563920000000025e-10 2.687530199999999881e-10 2.767159279999999777e-10 2.847419800000000222e-10 2.928281229999999942e-10 3.009712200000000020e-10 3.091681910000000256e-10 3.174160099999999853e-10 3.257115690000000258e-10 3.340518970000000023e-10 3.424340260000000109e-10 3.508549559999999743e-10 3.593117750000000209e-10 3.678015390000000022e-10 3.763214460000000196e-10 3.848686369999999932e-10 3.934402799999999941e-10 4.020336559999999974e-10 4.106460169999999934e-10 4.192746710000000050e-10 4.279169799999999956e-10 4.365703350000000168e-10 4.452321569999999949e-10 4.538999450000000177e-10 4.625712039999999827e-10 4.712434890000000101e-10 4.799144419999999666e-10 4.885817309999999792e-10 4.972429689999999821e-10 5.058960470000000307e-10 5.145386340000000397e-10 5.231686200000000189e-10 5.317838949999999781e-10 5.403824050000000111e-10
2.193831189999999953e-13 3.982805029999999867e-13 6.491665390000000231e-13 9.793156950000000103e-13 1.398614410000000037e-12 1.917611899999999829e-12 2.546968280000000058e-12 3.297217749999999872e-12 4.178641369999999796e-12 5.201191470000000176e-12 6.374439600000000222e-12 7.707538599999999286e-12 9.209195910000000525e-12 1.088764669999999927e-11 1.275063910000000017e-11 1.480541900000000037e-11 1.705871559999999891e-11 1.951673540000000007e-11 2.218515480000000099e-11 2.506912039999999994e-11 2.817323980000000071e-11 3.150159650000000180e-11 3.505773450000000048e-11 3.884468440000000136e-11 4.286496499999999798e-11 4.712057830000000219e-11 5.161304369999999927e-11 5.634339519999999805e-11 6.131219839999999545e-11 6.651956070000000176e-11 7.196516990000000479e-11 7.764826980000000098e-11 8.356772219999999892e-11 8.972197980000000044e-11 9.610914840000000421e-11 1.027269659999999969e-10 1.095728370000000054e-10 1.166438609999999967e-10 1.239368329999999883e-10 1.314482829999999934e-10 1.391744359999999977e-10 1.471113229999999913e-10 1.552547260000000078e-10 1.636002030000000033e-10 1.721431470000000003e-10 1.808787290000000094e-10 1.898020210000000033e-10 1.989078899999999981e-10 2.081911030000000039e-10 2.176463040000000048e-10 2.272680240000000039e-10 2.370507120000000215e-10 2.469887629999999822e-10 2.570764430000000008e-10 2.673080649999999935e-10 2.776778249999999959e-10 2.881798970000000184e-10 2.988084499999999971e-10 3.095576849999999901e-10 3.204217449999999833e-10 3.313948280000000007e-10 3.424711070000000067e-10 3.536448360000000060e-10 3.649102410000000130e-10 3.762616609999999974e-10 3.876934050000000020e-10 3.991999230000000155e-10 4.107756629999999866e-10 4.224151579999999839e-10 4.341130230000000074e-10 4.458639289999999858e-10 4.576626299999999797e-10 4.695039910000000169e-10 4.813829340000000484e-10 4.932944610000000195e-10 5.052337440000000123e-10 5.171958970000000369e-10 5.291763140000000065e-10 5.411703309999999686e-10 5.531735069999999511e-10 5.651814569999999624e-10 5.771898510000000490e-10 5.891944710000000120e-10 6.011913190000000122e-10 6.131763989999999917e-10 6.251458800000000072e-10 6.370958759999999740e-10 6.490228909999999935e-10 6.609232610000000187e-10 6.727935989999999748e-10 6.846305190000000398e-10 6.964308570000000158e-10 7.081915049999999957e-10 7.199093540000000264e-10 7.315815729999999665e-10 7.432052750000000043e-10 7.547778510000000359e-10 7.662965819999999845e-10 7.777590239999999644e-10 7.891627349999999748e-10
3.141880739999999778e-13 5.745618279999999762e-13 9.442286359999999744e-13 1.436506400000000047e-12 2.068280230000000121e-12 2.857181720000000093e-12 3.820818659999999984e-12 4.976455450000000182e-12 6.340843219999999870e-12 7.930117500000000313e-12 9.759723410000000372e-12 1.184435880000000035e-11 1.419793280000000067e-11 1.683352590000000133e-11 1.976336459999999853e-11 2.299879040000000103e-11 2.655024980000000017e-11 3.042726830000000170e-11 3.463844489999999998e-11 3.919144520000000307e-11 4.409300360000000171e-11 4.934890690000000184e-11 5.496402290000000237e-11 6.094229290000000048e-11 6.728674560000000294e-11 7.399951479999999428e-11 8.108187039999999995e-11 8.853420079999999858e-11 9.635607590000000361e-11 1.045462670000000005e-10 1.131027490000000060e-10 1.220227529999999889e-10 1.313027739999999873e-10 1.409386359999999946e-10 1.509255220000000025e-10 1.612579380000000059e-10 1.719298729999999924e-10 1.829347090000000060e-10 1.942653399999999902e-10 2.059141750000000025e-10 2.178731780000000053e-10 2.301339119999999943e-10 2.426875639999999808e-10 2.555249900000000114e-10 2.686367240000000112e-10 2.820131070000000073e-10 2.956441480000000160e-10 3.095197150000000046e-10 3.236295119999999749e-10 3.379631019999999831e-10 3.525099659999999992e-10 3.672594449999999900e-10 3.822009100000000042e-10 3.973236740000000183e-10 4.126170519999999970e-10 4.280703850000000104e-10 4.436730979999999962e-10 4.594146449999999801e-10 4.752846450000000504e-10 4.912727450000000274e-10 5.073687580000000471e-10 5.235626930000000224e-10 5.398445580000000272e-10 5.562047490000000233e-10 5.726336630000000184e-10 5.891219730000000504e-10 6.056605770000000218e-10 6.222405920000000459e-10 6.388531929999999977e-10 6.554899960000000006e-10 6.721427299999999781e-10 6.888034030000000214e-10 7.054641869999999801e-10 7.221175320000000325e-10 7.387561119999999690e-10 7.553729859999999512e-10 7.719612170000000135e-10 7.885142539999999866e-10 8.050257130000000111e-10 8.214895989999999543e-10 8.378999720000000320e-10 8.542511699999999614e-10 8.705378089999999950e-10 8.867547250000000209e-10 9.028969789999999991e-10 9.189598529999999851e-10 9.349387930000001028e-10 9.508294150000000963e-10 9.666277779999999459e-10 9.823298839999999157e-10 9.979321810000000233e-10 1.013431010000000037e-09 1.028823140000000101e-09 1.044105469999999906e-09 1.059275110000000019e-09 1.074329180000000019e-09 1.089265120000000081e-09 1.104080599999999960e-09 1.118773300000000074e-09 1.133341090000000034e-09
4.512280580000000208e-13 8.325711539999999872e-13 1.381580179999999999e-12 2.122029329999999852e-12 3.082444889999999855e-12 4.292086219999999737e-12 5.779891319999999633e-12 7.574047289999999994e-12 9.701757630000000138e-12 1.218909439999999943e-11 1.506088659999999890e-11 1.834062939999999963e-11 2.205042050000000116e-11 2.621088939999999885e-11 3.084115950000000075e-11 3.595878800000000258e-11 4.157974660000000249e-11 4.771838129999999719e-11 5.438738700000000287e-11 6.159780319999999773e-11 6.935900470000000394e-11 7.767866909999999447e-11 8.656284719999999844e-11 9.601589659999999809e-11 1.060405580000000019e-10 1.166379629999999912e-10 1.278076390000000096e-10 1.395476100000000022e-10 1.518543759999999907e-10 1.647229709999999905e-10 1.781470799999999946e-10 1.921190009999999900e-10 2.066297829999999990e-10 2.216692520000000032e-10 2.372261000000000148e-10 2.532879180000000116e-10 2.698413710000000181e-10 2.868721649999999901e-10 3.043651160000000028e-10 3.223043500000000048e-10 3.406732669999999777e-10 3.594546880000000019e-10 3.786309040000000198e-10 3.981837080000000097e-10 4.180945869999999926e-10 4.383446939999999909e-10 4.589149059999999967e-10 4.797860439999999700e-10 5.009387900000000165e-10 5.223537160000000104e-10 5.440116139999999790e-10 5.658931659999999764e-10 5.879793319999999714e-10 6.102512379999999903e-10 6.326902339999999815e-10 6.552779989999999738e-10 6.779964369999999640e-10 7.008279509999999594e-10 7.237551670000000505e-10 7.467613750000000392e-10 7.698300889999999601e-10 7.929453759999999536e-10 8.160918049999999979e-10 8.392543879999999968e-10 8.624186919999999488e-10 8.855708390000000497e-10 9.086974510000000344e-10 9.317855380000000428e-10 9.548229980000000552e-10 9.777977319999999826e-10 1.000698750000000085e-09 1.023515159999999944e-09 1.046236759999999937e-09 1.068853890000000046e-09 1.091357339999999982e-09 1.113738320000000087e-09 1.135988640000000066e-09 1.158100499999999914e-09 1.180066710000000068e-09 1.201880369999999984e-09 1.223535160000000045e-09 1.245024860000000048e-09 1.266344029999999954e-09 1.287487559999999953e-09 1.308450459999999945e-09 1.329228509999999949e-09 1.349817370000000069e-09 1.370213500000000047e-09 1.390413450000000024e-09 1.410414120000000044e-09 1.430212620000000056e-09 1.449806390000000029e-09 1.469193429999999946e-09 1.488371539999999933e-09 1.507339029999999906e-09 1.526094579999999982e-09 1.544636640000000080e-09 1.562964419999999990e-09 1.581077049999999973e-09 1.598973729999999980e-09
6.503380189999999930e-13 1.213003869999999953e-12 2.035576790000000183e-12 3.159662419999999830e-12 4.633039179999999988e-12 6.504009139999999696e-12 8.819960390000000056e-12 1.162677680000000003e-11 1.496850560000000110e-11 1.888713140000000052e-11 2.342239249999999975e-11 2.861164599999999887e-11 3.448973750000000221e-11 4.108891009999999809e-11 4.843868709999999779e-11 5.656581800000000106e-11 6.549417949999999721e-11 7.524474789999999439e-11 8.583551229999999532e-11 9.728147449999999399e-11 1.095945970000000039e-10 1.227838249999999929e-10 1.368550689999999966e-10 1.518112019999999995e-10 1.676521559999999884e-10 1.843749320000000091e-10 2.019736599999999947e-10 2.204396940000000077e-10 2.397616829999999774e-10 2.599257200000000118e-10 2.809154300000000092e-10 3.027120500000000145e-10 3.252946519999999926e-10 3.486403109999999767e-10 3.727240739999999930e-10 3.975194060000000199e-10 4.229980810000000100e-10 4.491305110000000212e-10 4.758858860000000138e-10 5.032323999999999672e-10 5.311372450000000194e-10 5.595669480000000344e-10 5.884875920000000074e-10 6.178646480000000201e-10 6.476635890000000387e-10 6.778496650000000495e-10 7.083882919999999923e-10 7.392449430000000403e-10 7.703856439999999557e-10 8.017766450000000433e-10 8.333848609999999518e-10 8.651778740000000052e-10 8.971239309999999749e-10 9.291922229999999701e-10 9.613526640000000327e-10 9.935763320000000753e-10 1.025835080000000051e-09 1.058102049999999926e-09 1.090351250000000051e-09 1.122557940000000025e-09 1.154698340000000002e-09 1.186750029999999990e-09 1.218691589999999904e-09 1.250502700000000006e-09 1.282164370000000076e-09 1.313658400000000101e-09 1.344968030000000074e-09 1.376077360000000098e-09 1.406971650000000063e-09 1.437637120000000003e-09 1.468061009999999945e-09 1.498231650000000014e-09 1.528138059999999897e-09 1.557770249999999964e-09 1.587119320000000068e-09 1.616176859999999967e-09 1.644935520000000007e-09 1.673388540000000060e-09 1.701530029999999944e-09 1.729354550000000033e-09 1.756857440000000043e-09 1.784034810000000014e-09 1.810883219999999926e-09 1.837399570000000032e-09 1.863581729999999942e-09 1.889427500000000194e-09 1.914935539999999991e-09 1.940105190000000114e-09 1.964935330000000124e-09 1.989425739999999867e-09 2.013576860000000063e-09 2.037389149999999866e-09 2.060862810000000167e-09 2.083999420000000146e-09 2.106799850000000163e-09 2.129265870000000038e-09 2.151399060000000191e-09 2.173201399999999931e-09 2.194674889999999895e-09 2.215822189999999939e-09
9.414631619999999322e-13 1.778787299999999993e-12 3.023071380000000193e-12 4.746007840000000176e-12 7.027109359999999644e-12 9.945821080000000587e-12 1.357953940000000058e-11 1.800276770000000073e-11 2.328660700000000056e-11 2.949838980000000259e-11 3.670138849999999690e-11 4.495455049999999719e-11 5.431230810000000217e-11 6.482434730000000101e-11 7.653547239999999858e-11 8.948541210000000371e-11 1.037086739999999936e-10 1.192344559999999985e-10 1.360865310000000124e-10 1.542831140000000101e-10 1.738369310000000096e-10 1.947550869999999957e-10 2.170391509999999890e-10 2.406851659999999864e-10 2.656837809999999859e-10 2.920202970000000003e-10 3.196749250000000121e-10 3.486228809999999833e-10 3.788346300000000219e-10 4.102762020000000216e-10 4.429093759999999746e-10 4.766920189999999932e-10 5.115785020000000327e-10 5.475198630000000178e-10 5.844642549999999978e-10 6.223574430000000136e-10 6.611429740000000277e-10 7.007625589999999509e-10 7.411566919999999802e-10 7.822645860000000448e-10 8.240251260000000396e-10 8.663765260000000346e-10 9.092572810000000486e-10 9.526061050000000007e-10 9.963622149999999000e-10 1.040466050000000009e-09 1.084858759999999972e-09 1.129483280000000044e-09 1.174283889999999960e-09 1.219206739999999924e-09 1.264199630000000045e-09 1.309212740000000078e-09 1.354198089999999905e-09 1.399110379999999977e-09 1.443905989999999953e-09 1.488544179999999917e-09 1.532986289999999910e-09 1.577196040000000033e-09 1.621139670000000027e-09 1.664785420000000067e-09 1.708104210000000065e-09 1.751069070000000027e-09 1.793655109999999917e-09 1.835839700000000050e-09 1.877602300000000122e-09 1.918924129999999814e-09 1.959788549999999860e-09 2.000180689999999986e-09 2.040087430000000063e-09 2.079496799999999916e-09 2.118399460000000123e-09 2.156786079999999861e-09 2.194650239999999896e-09 2.231985489999999827e-09 2.268787600000000041e-09 2.305052590000000181e-09 2.340778239999999869e-09 2.375962760000000025e-09 2.410605720000000178e-09 2.444706880000000089e-09 2.478267590000000187e-09 2.511289179999999987e-09 2.543773860000000026e-09 2.575724520000000152e-09 2.607144499999999940e-09 2.638037339999999857e-09 2.668407490000000080e-09 2.698259390000000122e-09 2.727598149999999793e-09 2.756428639999999901e-09 2.784756649999999974e-09 2.812587719999999877e-09 2.839927849999999867e-09 2.866783029999999952e-09 2.893159489999999967e-09 2.919063659999999811e-09 2.944501980000000048e-09 2.969480880000000163e-09 2.994007259999999875e-09 3.018087340000000007e-09
1.370387960000000095e-12 2.628452790000000089e-12 4.529759810000000251e-12 7.196409700000000260e-12 1.076014360000000070e-11 1.535130360000000029e-11 2.109602770000000122e-11 2.811497389999999913e-11 3.652250720000000004e-11 4.642606790000000313e-11 5.792565390000000232e-11 7.111337210000000519e-11 8.607303060000000442e-11 1.028797530000000039e-10 1.215996610000000035e-10 1.422895000000000027e-10 1.649963920000000099e-10 1.897575849999999945e-10 2.166002519999999972e-10 2.455413100000000060e-10 2.765874749999999946e-10 3.097350710000000124e-10 3.449703019999999793e-10 3.822692720000000081e-10 4.215983119999999789e-10 4.629143179999999795e-10 5.061650539999999707e-10 5.512898469999999862e-10 5.982199179999999946e-10 6.468790499999999490e-10 6.971845319999999698e-10 7.490474910000000453e-10 8.023738899999999489e-10 8.570653629999999597e-10 9.130197709999999691e-10 9.701321970000000872e-10 1.028295889999999947e-09 1.087402499999999958e-09 1.147343439999999908e-09 1.208010360000000000e-09 1.269295779999999969e-09 1.331093680000000058e-09 1.393300360000000091e-09 1.455814689999999966e-09 1.518538629999999905e-09 1.581377579999999945e-09 1.644241079999999952e-09 1.707042730000000096e-09 1.769700499999999952e-09 1.832136779999999969e-09 1.894278960000000121e-09 1.956059089999999839e-09 2.017414009999999836e-09 2.078285320000000107e-09 2.138619500000000051e-09 2.198367489999999912e-09 2.257484639999999933e-09 2.315931449999999929e-09 2.373671699999999853e-09 2.430673880000000165e-09 2.486910460000000030e-09 2.542356989999999927e-09 2.596993069999999969e-09 2.650801359999999841e-09 2.703767650000000141e-09 2.755880859999999902e-09 2.807132299999999910e-09 2.857515559999999942e-09 2.907026840000000027e-09 2.955664380000000183e-09 3.003428389999999899e-09 3.050320659999999909e-09 3.096344510000000115e-09 3.141504830000000173e-09 3.185807840000000080e-09 3.229260640000000031e-09 3.271871439999999998e-09 3.313649579999999813e-09 3.354604589999999950e-09 3.394747370000000162e-09 3.434088570000000121e-09 3.472640399999999832e-09 3.510414399999999830e-09 3.547423019999999948e-09 3.583678689999999929e-09 3.619194720000000129e-09 3.653983559999999967e-09 3.688058300000000059e-09 3.721432270000000021e-09 3.754118349999999741e-09 3.786130080000000392e-09 3.817480110000000216e-09 3.848181330000000178e-09 3.878246609999999915e-09 3.907689279999999870e-09 3.936521329999999896e-09 3.964755629999999627e-09 3.992404629999999725e-09 4.019479860000000059e-09 4.045993320000000318e-09
2.008077729999999802e-12 3.918217749999999751e-12 6.853931920000000117e-12 1.102145019999999977e-11 1.663842330000000120e-11 2.391832389999999843e-11 3.306631010000000116e-11 4.427720000000000040e-11 5.773408140000000111e-11 7.360721060000000372e-11 9.205305270000000260e-11 1.132134390000000038e-10 1.372147530000000073e-10 1.641672350000000003e-10 1.941642399999999966e-10 2.272815820000000110e-10 2.635770770000000213e-10 3.030899700000000057e-10 3.458406889999999952e-10 3.918305959999999877e-10 4.410420079999999794e-10 4.934384009999999535e-10 5.489645959999999747e-10 6.075475679999999774e-10 6.690969999999999695e-10 7.335062000000000121e-10 8.006533769999999484e-10 8.704028609999999784e-10 9.426063259999999237e-10 1.017104620000000039e-09 1.093729219999999944e-09 1.172303809999999989e-09 1.252646100000000009e-09 1.334569570000000022e-09 1.417885250000000090e-09 1.502402870000000069e-09 1.587933230000000033e-09 1.674288710000000060e-09 1.761285450000000023e-09 1.848744160000000093e-09 1.936491189999999924e-09 2.024360010000000073e-09 2.112191090000000019e-09 2.199833430000000020e-09 2.287144699999999868e-09 2.373991450000000037e-09 2.460250000000000060e-09 2.545806229999999874e-09 2.630555109999999995e-09 2.714401370000000162e-09 2.797259539999999932e-09 2.879052549999999882e-09 2.959712480000000199e-09 3.039180240000000080e-09 3.117404330000000066e-09 3.194341240000000099e-09 3.269954750000000133e-09 3.344215350000000024e-09 3.417099709999999864e-09 3.488590529999999927e-09 3.558676020000000012e-09 3.627349309999999915e-09 3.694607950000000095e-09 3.760453280000000318e-09 3.824890629999999718e-09 3.887929089999999704e-09 3.949579330000000038e-09 4.009855999999999600e-09 4.068775539999999659e-09 4.126355259999999778e-09 4.182616029999999662e-09 4.237578290000000201e-09 4.291265570000000128e-09 4.343700069999999901e-09 4.394906659999999675e-09 4.444909770000000121e-09 4.493735160000000188e-09 4.541407690000000190e-09 4.587953570000000044e-09 4.633398110000000210e-09 4.677767059999999795e-09 4.721085739999999924e-09 4.763379910000000370e-09 4.804674439999999631e-09 4.844994179999999839e-09 4.884363579999999689e-09 4.922806159999999729e-09 4.960345470000000023e-09 4.997005030000000292e-09 5.032807059999999843e-09 5.067773759999999964e-09 5.101926439999999837e-09 5.135286420000000137e-09 5.167873680000000120e-09 5.199709109999999993e-09 5.230811340000000234e-09 5.261199480000000154e-09 5.290891719999999924e-09 5.319906740000000042e-09 5.348260949999999782e-09
2.966104789999999911e-12 5.898797939999999808e-12 1.047973690000000057e-11 1.705530859999999995e-11 2.598448709999999922e-11 3.761638569999999936e-11 5.228389250000000072e-11 7.030031419999999936e-11 9.195690040000000556e-11 1.175207990000000009e-10 1.472332809999999926e-10 1.813080380000000099e-10 2.199296299999999901e-10 2.632520039999999893e-10 3.113971300000000157e-10 3.644538279999999793e-10 4.224767479999999818e-10 4.854856519999999929e-10 5.534650520000000156e-10 6.263641830000000390e-10 7.040972799999999585e-10 7.865447180000000017e-10 8.735540069999999906e-10 9.649417929999999215e-10 1.060495690000000041e-09 1.159977449999999973e-09 1.263125050000000036e-09 1.369656499999999922e-09 1.479273040000000101e-09 1.591662690000000053e-09 1.706503720000000080e-09 1.823468490000000006e-09 1.942226379999999820e-09 2.062448429999999879e-09 2.183808470000000143e-09 2.305988289999999843e-09 2.428678369999999907e-09 2.551581609999999926e-09 2.674414469999999927e-09 2.796908479999999859e-09 2.918812530000000077e-09 3.039892340000000016e-09 3.159932979999999901e-09 3.278737499999999815e-09 3.396128050000000140e-09 3.511945180000000093e-09 3.626047909999999897e-09 3.738312770000000229e-09 3.848634300000000311e-09 3.956921900000000214e-09 4.063101849999999928e-09 4.167113320000000413e-09 4.268910110000000176e-09 4.368458040000000397e-09 4.465734449999999810e-09 4.560726909999999912e-09 4.653432309999999876e-09 4.743855970000000240e-09 4.832011240000000297e-09 4.917917180000000167e-09 5.001598690000000343e-09 5.083086839999999645e-09 5.162415829999999875e-09 5.239623399999999995e-09 5.314751309999999916e-09 5.387842619999999964e-09 5.458943079999999835e-09 5.528099309999999995e-09 5.595360179999999976e-09 5.660774069999999814e-09 5.724390300000000012e-09 5.786258140000000227e-09 5.846426900000000297e-09 5.904945420000000240e-09 5.961862120000000269e-09 6.017224499999999811e-09 6.071080079999999620e-09 6.123474169999999913e-09 6.174452499999999881e-09 6.224058160000000190e-09 6.272335099999999962e-09 6.319324179999999648e-09 6.365066249999999863e-09 6.409599959999999691e-09 6.452964390000000341e-09 6.495195940000000182e-09 6.536330140000000116e-09 6.576401650000000274e-09 6.615443299999999871e-09 6.653487979999999631e-09 6.690565880000000244e-09 6.726707640000000062e-09 6.761941230000000225e-09 6.796295080000000202e-09 6.829795399999999909e-09 6.862468369999999751e-09 6.894337989999999935e-09 6.925429119999999947e-09 6.955764410000000390e-09 6.985365619999999763e-09
4.422472800000000240e-12 8.977494960000000469e-12 1.620112720000000086e-11 2.667316890000000051e-11 4.098506949999999927e-11 5.970686450000000250e-11 8.337702749999999392e-11 1.124965950000000047e-10 1.475246450000000107e-10 1.888743879999999897e-10 2.369096590000000027e-10 2.919416100000000138e-10 3.542255660000000134e-10 4.239581739999999950e-10 5.012749660000000019e-10 5.862482170000000159e-10 6.788853920000000486e-10 7.791287620000000240e-10 8.868551449999999579e-10 1.001877360000000087e-09 1.123945939999999938e-09 1.252752899999999933e-09 1.387935099999999954e-09 1.529079860000000056e-09 1.675730889999999997e-09 1.827394349999999974e-09 1.983546219999999954e-09 2.143639930000000156e-09 2.307112950000000018e-09 2.473395709999999873e-09 2.641917130000000153e-09 2.812112760000000013e-09 2.983430390000000192e-09 3.155335990000000111e-09 3.327318420000000038e-09 3.498893839999999840e-09 3.669608839999999907e-09 3.839042859999999930e-09 4.006811329999999660e-09 4.172564070000000049e-09 4.335988899999999686e-09 4.496808259999999595e-09 4.654782339999999596e-09 4.809703749999999589e-09 4.961399739999999928e-09 5.109727750000000000e-09 5.254575440000000227e-09 5.395857090000000083e-09 5.533511869999999699e-09 5.667502910000000061e-09 5.797812899999999952e-09 5.924443160000000289e-09 6.047411459999999789e-09 6.166750220000000183e-09 6.282503849999999747e-09 6.394726969999999843e-09 6.503484860000000106e-09 6.608848140000000382e-09 6.710895390000000409e-09 6.809708800000000083e-09 6.905374940000000198e-09 6.997982639999999624e-09 7.087623379999999728e-09 7.174389079999999703e-09 7.258372130000000213e-09 7.339664429999999949e-09 7.418358370000000403e-09 7.494543649999999563e-09 7.568309529999999247e-09 7.639743060000000735e-09 7.708929490000000595e-09 7.775952330000000469e-09 7.840891489999999193e-09 7.903824260000000065e-09 7.964828800000000536e-09 8.023975260000000635e-09 8.081336489999999597e-09 8.136978200000000004e-09 8.190967019999999438e-09 8.243364209999999891e-09 8.294231969999999685e-09 8.343625350000000651e-09 8.391601190000000394e-09 8.438211910000000403e-09 8.483508120000000104e-09 8.527538679999999188e-09 8.570347990000000230e-09 8.611982239999999920e-09 8.652481399999999916e-09 8.691888100000000075e-09 8.730239640000000707e-09 8.767573330000000306e-09 8.803923809999999325e-09 8.839323940000000630e-09 8.873807469999999262e-09 8.907403699999999599e-09 8.940141960000000567e-09 8.972050659999999477e-09 9.003155550000000401e-09 9.033483289999999264e-09
6.665445540000000210e-12 1.382434100000000062e-11 2.533438909999999853e-11 4.216422349999999823e-11 6.528756699999999934e-11 9.563329990000000524e-11 1.340685479999999975e-10 1.813880850000000060e-10 2.383057080000000061e-10 3.054466399999999886e-10 3.833405259999999978e-10 4.724147739999999515e-10 5.729887680000000161e-10 6.852684530000000077e-10 8.093424260000000113e-10 9.451788239999999284e-10 1.092624770000000049e-09 1.251406529999999973e-09 1.421133319999999934e-09 1.601301870000000102e-09 1.791304880000000033e-09 1.990440040000000183e-09 2.197922289999999857e-09 2.412896989999999838e-09 2.634453770000000185e-09 2.861643139999999982e-09 3.093490570000000094e-09 3.329013070000000094e-09 3.567232510000000113e-09 3.807191010000000117e-09 4.047961970000000037e-09 4.288660539999999877e-09 4.528454500000000205e-09 4.766569809999999786e-09 5.002296350000000060e-09 5.234991109999999706e-09 5.464081630000000039e-09 5.689065220000000297e-09 5.909507990000000142e-09 6.125044029999999729e-09 6.335370890000000255e-09 6.540247899999999777e-09 6.739489859999999644e-09 6.932965310000000300e-09 7.120588559999999909e-09 7.302318310000000193e-09 7.478149659999999591e-09 7.648112369999999980e-09 7.812265499999999341e-09 7.970691660000000681e-09 8.123494770000000400e-09 8.270797380000000341e-09 8.412735400000000649e-09 8.549455369999999398e-09 8.681112719999999316e-09 8.807870880000000720e-09 8.929894159999999572e-09 9.047352199999999656e-09 9.160414649999999631e-09 9.269250259999999522e-09 9.374026000000000112e-09 9.474907969999999755e-09 9.572056919999999235e-09 9.665630960000000811e-09 9.755783739999999695e-09 9.842664460000000435e-09 9.926415249999999865e-09 1.000717730000000014e-08 1.008508120000000005e-08 1.016025660000000039e-08 1.023282530000000027e-08 1.030290430000000061e-08 1.037060659999999936e-08 1.043603690000000013e-08 1.049929829999999938e-08 1.056048759999999985e-08 1.061969530000000061e-08 1.067701040000000026e-08 1.073251530000000023e-08 1.078628830000000068e-08 1.083840400000000057e-08 1.088893419999999964e-08 1.093794569999999931e-08 1.098550049999999950e-08 1.103166090000000022e-08 1.107648279999999944e-08 1.112002049999999957e-08 1.116232530000000042e-08 1.120344530000000080e-08 1.124342750000000077e-08 1.128231370000000045e-08 1.132014660000000020e-08 1.135696430000000058e-08 1.139280490000000052e-08 1.142770229999999923e-08 1.146169119999999950e-08 1.149480159999999932e-08 1.152706550000000062e-08 1.155850970000000035e-08 1.158916249999999927e-08
1.016874689999999928e-11 2.155538250000000123e-11 4.008605599999999864e-11 6.737757569999999727e-11 1.050316570000000047e-10 1.545573529999999977e-10 2.173418390000000042e-10 2.946304870000000239e-10 3.875100519999999926e-10 4.968935820000000412e-10 6.235064689999999980e-10 7.678738200000000147e-10 9.303098849999999695e-10 1.110909920000000101e-09 1.309544920000000005e-09 1.525860659999999985e-09 1.759280939999999998e-09 2.009015839999999828e-09 2.274075590000000072e-09 2.553287800000000105e-09 2.845321529999999840e-09 3.148713069999999797e-09 3.461895880000000060e-09 3.783231509999999875e-09 4.111042620000000403e-09 4.443642340000000261e-09 4.779366239999999597e-09 5.116597810000000265e-09 5.453794310000000012e-09 5.789504429999999587e-09 6.122387489999999768e-09 6.451222220000000357e-09 6.774917959999999608e-09 7.092515460000000278e-09 7.403189619999999912e-09 7.706246310000000248e-09 8.001117099999999256e-09 8.287355689999999422e-09 8.564624569999999205e-09 8.832690130000000401e-09 9.091409399999999953e-09 9.340723749999999521e-09 9.580646499999999709e-09 9.811252259999999322e-09 1.003267070000000049e-08 1.024507499999999918e-08 1.044867659999999928e-08 1.064371609999999972e-08 1.083045649999999997e-08 1.100917850000000017e-08 1.118017410000000076e-08 1.134374460000000018e-08 1.150019459999999957e-08 1.164982870000000008e-08 1.179295149999999955e-08 1.192986070000000022e-08 1.206085009999999980e-08 1.218620489999999987e-08 1.230620410000000003e-08 1.242111300000000047e-08 1.253119209999999987e-08 1.263668640000000022e-08 1.273783389999999964e-08 1.283486030000000058e-08 1.292798140000000071e-08 1.301740050000000031e-08 1.310331310000000048e-08 1.318590300000000027e-08 1.326534350000000031e-08 1.334179970000000030e-08 1.341542700000000014e-08 1.348637200000000025e-08 1.355477239999999986e-08 1.362075959999999948e-08 1.368445449999999961e-08 1.374597240000000060e-08 1.380542349999999954e-08 1.386290730000000002e-08 1.391852059999999981e-08 1.397235389999999963e-08 1.402449089999999970e-08 1.407501140000000063e-08 1.412398999999999974e-08 1.417149599999999926e-08 1.421759600000000058e-08 1.426235130000000008e-08 1.430582049999999988e-08 1.434805790000000076e-08 1.438911569999999950e-08 1.442904109999999957e-08 1.446787930000000048e-08 1.450567399999999964e-08 1.454246499999999978e-08 1.457829059999999990e-08 1.461318709999999998e-08 1.464718660000000032e-08 1.468032270000000006e-08 1.471262400000000004e-08 1.474411969999999965e-08 1.477483739999999941e-08
1.572167569999999965e-11 3.405074140000000279e-11 6.419172140000000509e-11 1.088424140000000064e-10 1.706338400000000031e-10 2.520060270000000046e-10 3.551554049999999951e-10 4.819962759999999857e-10 6.341274729999999939e-10 8.128023250000000437e-10 1.018901850000000039e-09 1.252912769999999899e-09 1.514911420000000012e-09 1.804554620000000044e-09 2.121080639999999832e-09 2.463319329999999837e-09 2.829714240000000010e-09 3.218356250000000086e-09 3.627025569999999948e-09 4.053245289999999737e-09 4.494340899999999886e-09 4.947503300000000356e-09 5.409854340000000192e-09 5.878511899999999985e-09 6.350649340000000147e-09 6.823549280000000180e-09 7.294651990000000213e-09 7.761591369999999563e-09 8.222222900000000682e-09 8.674644110000000463e-09 9.117202990000000199e-09 9.548502429999999720e-09 9.967392239999999482e-09 1.037296120000000051e-08 1.076451909999999968e-08 1.114158449999999968e-08 1.150386010000000005e-08 1.185121249999999962e-08 1.218365230000000012e-08 1.250131469999999997e-08 1.280443569999999996e-08 1.309333890000000068e-08 1.336841569999999950e-08 1.363010860000000017e-08 1.387890340000000038e-08 1.411531249999999969e-08 1.433986710000000035e-08 1.455310630000000048e-08 1.475557369999999968e-08 1.494781009999999993e-08 1.513034500000000127e-08 1.530369790000000057e-08 1.546837150000000090e-08 1.562485610000000140e-08 1.577361530000000095e-08 1.591510030000000111e-08 1.604973579999999994e-08 1.617792829999999965e-08 1.630006349999999911e-08 1.641650369999999965e-08 1.652759170000000137e-08 1.663365449999999931e-08 1.673499379999999865e-08 1.683189589999999968e-08 1.692462700000000122e-08 1.701344309999999885e-08 1.709857499999999997e-08 1.718024300000000035e-08 1.725865490000000007e-08 1.733399909999999962e-08 1.740645849999999940e-08 1.747619649999999857e-08 1.754337119999999953e-08 1.760812650000000020e-08 1.767059740000000058e-08 1.773091010000000121e-08 1.778918349999999862e-08 1.784552589999999921e-08 1.790003880000000060e-08 1.795281610000000129e-08 1.800394860000000044e-08 1.805351599999999864e-08 1.810159670000000104e-08 1.814826159999999880e-08 1.819357819999999855e-08 1.823760700000000137e-08 1.828040829999999837e-08 1.832203369999999938e-08 1.836253460000000092e-08 1.840195729999999956e-08 1.844034789999999842e-08 1.847774729999999895e-08 1.851419280000000145e-08 1.854972000000000075e-08 1.858436430000000150e-08 1.861815770000000066e-08 1.865112860000000068e-08 1.868330380000000017e-08 1.871471329999999877e-08 1.874537859999999836e-08
2.465922080000000128e-11 5.451686320000000145e-11 1.040427609999999946e-10 1.777370889999999917e-10 2.799102059999999955e-10 4.144769250000000018e-10 5.848581059999999636e-10 7.939046090000000367e-10 1.043830910000000024e-09 1.336157070000000044e-09 1.671662140000000015e-09 2.050351669999999847e-09 2.471443270000000192e-09 2.933373769999999810e-09 3.433829890000000048e-09 3.969804930000000333e-09 4.537677789999999863e-09 5.133314659999999592e-09 5.752187619999999909e-09 6.389503590000000390e-09 7.040338090000000083e-09 7.699767050000000482e-09 8.362989409999999943e-09 9.025434620000000652e-09 9.682854519999999369e-09 1.033139349999999970e-08 1.096763659999999931e-08 1.158863670000000040e-08 1.219192749999999931e-08 1.277551129999999945e-08 1.333784460000000015e-08 1.387780380000000058e-08 1.439464899999999981e-08 1.488798149999999977e-08 1.535770089999999989e-08 1.580396439999999901e-08 1.622713520000000040e-08 1.662775519999999979e-08 1.700650109999999947e-08 1.736415630000000103e-08 1.770157530000000056e-08 1.801967110000000126e-08 1.831938159999999934e-08 1.860166419999999891e-08 1.886747109999999910e-08 1.911774739999999842e-08 1.935340950000000115e-08 1.957535639999999938e-08 1.978444430000000135e-08 1.998149730000000009e-08 2.016730250000000001e-08 2.034260399999999842e-08 2.050810540000000124e-08 2.066446919999999963e-08 2.081231900000000045e-08 2.095223909999999973e-08 2.108477480000000088e-08 2.121043610000000105e-08 2.132970069999999865e-08 2.144300910000000009e-08 2.155077179999999894e-08 2.165337419999999891e-08 2.175116620000000072e-08 2.184448000000000106e-08 2.193361760000000026e-08 2.201886319999999957e-08 2.210047610000000059e-08 2.217869619999999872e-08 2.225374909999999972e-08 2.232583719999999860e-08 2.239515599999999979e-08 2.246187590000000137e-08 2.252616229999999980e-08 2.258816600000000014e-08 2.264802210000000080e-08 2.270586029999999845e-08 2.276179960000000124e-08 2.281594649999999846e-08 2.286840410000000146e-08 2.291926290000000104e-08 2.296861009999999854e-08 2.301652380000000064e-08 2.306307860000000135e-08 2.310834189999999900e-08 2.315237599999999855e-08 2.319523770000000157e-08 2.323698210000000080e-08 2.327765890000000051e-08 2.331731070000000105e-08 2.335598559999999954e-08 2.339371720000000009e-08 2.343054640000000083e-08 2.346650519999999874e-08 2.350162549999999902e-08 2.353593590000000086e-08 2.356946460000000002e-08 2.360223839999999842e-08 2.363428030000000009e-08 2.366560990000000134e-08 2.369625209999999853e-08
3.928371860000000015e-11 8.851931689999999831e-11 1.707519680000000036e-10 2.934839870000000114e-10 4.637441539999999999e-10 6.877337030000000370e-10 9.706363490000000007e-10 1.316466820000000004e-09 1.727941790000000044e-09 2.206377529999999942e-09 2.751622709999999929e-09 3.362035319999999939e-09 4.034510949999999847e-09 4.764565189999999685e-09 5.546476169999999751e-09 6.373471080000000174e-09 7.237962670000000205e-09 8.131808999999999955e-09 9.046586590000000612e-09 9.973865290000000743e-09 1.090545700000000080e-08 1.183363630000000015e-08 1.275132000000000059e-08 1.365219579999999997e-08 1.453081209999999922e-08 1.538261430000000064e-08 1.620394310000000077e-08 1.699200419999999891e-08 1.774481009999999844e-08 1.846110109999999981e-08 1.914026629999999853e-08 1.978224159999999898e-08 2.038743220000000130e-08 2.095661600000000033e-08 2.149087310000000124e-08 2.199150370000000160e-08 2.245997699999999989e-08 2.289787030000000097e-08 2.330682490000000029e-08 2.368850719999999964e-08 2.404458500000000129e-08 2.437669619999999961e-08 2.468643960000000133e-08 2.497535159999999988e-08 2.524490480000000149e-08 2.549649739999999855e-08 2.573144900000000144e-08 2.595100489999999849e-08 2.615633039999999887e-08 2.634851269999999842e-08 2.652856419999999891e-08 2.669742829999999998e-08 2.685597520000000110e-08 2.700501159999999968e-08 2.714528509999999911e-08 2.727748160000000132e-08 2.740223509999999996e-08 2.752012839999999884e-08 2.763169600000000123e-08 2.773743369999999977e-08 2.783779249999999923e-08 2.793318470000000036e-08 2.802399559999999860e-08 2.811056989999999960e-08 2.819322910000000163e-08 2.827226630000000049e-08 2.834795149999999956e-08 2.842052640000000142e-08 2.849021819999999909e-08 2.855723119999999980e-08 2.862175389999999911e-08 2.868396009999999948e-08 2.874400449999999895e-08 2.880203450000000149e-08 2.885817810000000158e-08 2.891255769999999853e-08 2.896528170000000042e-08 2.901645319999999877e-08 2.906616099999999872e-08 2.911449219999999991e-08 2.916152300000000015e-08 2.920732100000000116e-08 2.925195369999999962e-08 2.929547799999999879e-08 2.933794720000000077e-08 2.937941269999999877e-08 2.941991720000000147e-08 2.945950329999999926e-08 2.949820829999999907e-08 2.953606599999999845e-08 2.957311020000000156e-08 2.960936739999999864e-08 2.964486610000000043e-08 2.967963119999999998e-08 2.971368399999999911e-08 2.974704749999999855e-08 2.977973779999999846e-08 2.981177259999999951e-08 2.984317149999999804e-08 2.987394860000000019e-08
6.364263279999999415e-11 1.458961840000000023e-10 2.839769810000000195e-10 4.903754070000000085e-10 7.764602289999999704e-10 1.151843620000000022e-09 1.624006930000000034e-09 2.198002670000000168e-09 2.876222150000000086e-09 3.658248589999999982e-09 4.540817499999999659e-09 5.517901689999999610e-09 6.580928249999999794e-09 7.719119570000000066e-09 8.919944780000000729e-09 1.016964560000000059e-08 1.145380409999999995e-08 1.275790940000000006e-08 1.406788550000000053e-08 1.537054570000000156e-08 1.665395290000000130e-08 1.790767359999999914e-08 1.912292549999999965e-08 2.029263509999999962e-08 2.141138639999999971e-08 2.247534249999999941e-08 2.348208029999999890e-08 2.443043099999999947e-08 2.532028630000000135e-08 2.615241180000000043e-08 2.692827119999999843e-08 2.764986109999999983e-08 2.831956890000000136e-08 2.894004859999999869e-08 2.951411379999999867e-08 3.004465650000000006e-08 3.053457930000000167e-08 3.098674379999999920e-08 3.140392830000000312e-08 3.178879379999999810e-08 3.214388759999999710e-08 3.247160050000000123e-08 3.277418159999999786e-08 3.305372690000000001e-08 3.331219390000000137e-08 3.355138030000000092e-08 3.377295949999999940e-08 3.397845560000000122e-08 3.416928249999999884e-08 3.434672640000000190e-08 3.451197369999999817e-08 3.466609749999999719e-08 3.481008549999999783e-08 3.494483279999999922e-08 3.507116019999999830e-08 3.518981020000000182e-08 3.530146130000000271e-08 3.540673179999999789e-08 3.550617580000000022e-08 3.560030490000000073e-08 3.568957749999999995e-08 3.577441989999999977e-08 3.585520500000000161e-08 3.593227760000000287e-08 3.600595729999999957e-08 3.607652130000000065e-08 3.614422889999999778e-08 3.620931110000000174e-08 3.627198099999999938e-08 3.633242680000000108e-08 3.639082280000000117e-08 3.644732159999999868e-08 3.650207250000000315e-08 3.655519269999999899e-08 3.660680290000000318e-08 3.665700630000000229e-08 3.670589879999999877e-08 3.675356199999999878e-08 3.680007050000000293e-08 3.684549910000000198e-08 3.688990449999999912e-08 3.693334349999999923e-08 3.697586950000000277e-08 3.701752149999999902e-08 3.705834569999999939e-08 3.709837770000000201e-08 3.713764580000000100e-08 3.717618210000000164e-08 3.721401139999999858e-08 3.725116220000000258e-08 3.728764849999999824e-08 3.732349539999999853e-08 3.735871700000000298e-08 3.739332749999999957e-08 3.742734119999999782e-08 3.746077229999999896e-08 3.749362780000000189e-08 3.752592550000000238e-08 3.755766540000000042e-08 3.758886179999999892e-08
1.049559739999999946e-10 2.442591129999999905e-10 4.788798249999999490e-10 8.295373280000000204e-10 1.314344080000000011e-09 1.947623170000000205e-09 2.739169340000000123e-09 3.693695570000000091e-09 4.810489340000000370e-09 6.083332499999999889e-09 7.500726259999999892e-09 9.046432940000000437e-09 1.070030549999999964e-08 1.243933840000000009e-08 1.423884650000000002e-08 1.607367930000000087e-08 1.791935130000000099e-08 1.975301170000000035e-08 2.155421089999999838e-08 2.330540210000000003e-08 2.499221630000000084e-08 2.660351049999999900e-08 2.813123779999999862e-08 2.957019870000000155e-08 3.091768970000000132e-08 3.217312640000000023e-08 3.333765619999999676e-08 3.441377320000000015e-08 3.540498380000000317e-08 3.631551590000000193e-08 3.715005190000000013e-08 3.791354079999999711e-08 3.861101310000000330e-08 3.924747109999999696e-08 3.982778910000000162e-08 4.035664250000000217e-08 4.083847219999999978e-08 4.127744550000000102e-08 4.167745619999999975e-08 4.204209959999999886e-08 4.237470110000000292e-08 4.267830890000000093e-08 4.295570830000000228e-08 4.320944310000000062e-08 4.344181899999999805e-08 4.365493920000000327e-08 4.385070079999999732e-08 4.403082339999999897e-08 4.419685950000000184e-08 4.435021589999999777e-08 4.449215750000000120e-08 4.462382459999999679e-08 4.474624050000000135e-08 4.486033589999999890e-08 4.496694219999999969e-08 4.506680899999999783e-08 4.516060769999999889e-08 4.524894949999999918e-08 4.533237070000000257e-08 4.541136890000000224e-08 4.548637729999999732e-08 4.555779040000000272e-08 4.562596350000000100e-08 4.569121260000000026e-08 4.575382209999999850e-08 4.581404409999999833e-08 4.587210969999999899e-08 4.592821769999999765e-08 4.598255290000000030e-08 4.603527870000000277e-08 4.608653369999999961e-08 4.613645289999999746e-08 4.618514279999999884e-08 4.623271369999999755e-08 4.627924709999999806e-08 4.632482839999999781e-08 4.636952509999999682e-08 4.641339760000000111e-08 4.645650260000000062e-08 4.649888299999999745e-08 4.654058469999999796e-08 4.658164340000000195e-08 4.662209109999999977e-08 4.666194899999999818e-08 4.670124549999999960e-08 4.673999500000000202e-08 4.677822219999999842e-08 4.681593070000000319e-08 4.685314179999999828e-08 4.688985909999999810e-08 4.692609320000000270e-08 4.696185130000000115e-08 4.699713329999999838e-08 4.703194630000000162e-08 4.706629039999999932e-08 4.710017269999999870e-08 4.713358590000000240e-08 4.716654090000000231e-08 4.719903050000000276e-08 4.723105460000000206e-08
1.763786199999999943e-10 4.157117710000000255e-10 8.193473680000000508e-10 1.421365030000000012e-09 2.249803680000000083e-09 3.324399420000000122e-09 4.655173140000000095e-09 6.241561489999999919e-09 8.072200690000000696e-09 1.012547109999999930e-08 1.237081810000000031e-08 1.477074020000000028e-08 1.728323619999999917e-08 1.986442650000000036e-08 2.247108449999999866e-08 2.506282120000000007e-08 2.760375750000000067e-08 3.006362799999999763e-08 3.241830630000000286e-08 3.464982970000000287e-08 3.674604089999999843e-08 3.869996590000000314e-08 4.050903260000000275e-08 4.217427119999999810e-08 4.369947599999999928e-08 4.509050559999999781e-08 4.635462859999999792e-08 4.749999149999999746e-08 4.853519899999999809e-08 4.946897649999999859e-08 5.030993220000000008e-08 5.106636540000000280e-08 5.174617000000000020e-08 5.235673940000000320e-08 5.290494799999999956e-08 5.339711609999999727e-08 5.383903459999999768e-08 5.423596860000000329e-08 5.459269659999999714e-08 5.491352439999999853e-08 5.520233870000000068e-08 5.546262470000000286e-08 5.569750880000000243e-08 5.590979769999999907e-08 5.610198879999999812e-08 5.627632399999999787e-08 5.643479639999999674e-08 5.657919289999999691e-08 5.671109800000000218e-08 5.683192940000000292e-08 5.694294810000000075e-08 5.704527690000000284e-08 5.713991410000000153e-08 5.722775139999999817e-08 5.730957399999999820e-08 5.738609230000000310e-08 5.745792460000000316e-08 5.752563230000000198e-08 5.758970539999999694e-08 5.765057760000000221e-08 5.770863610000000225e-08 5.776422540000000266e-08 5.781765110000000159e-08 5.786917259999999901e-08 5.791903130000000239e-08 5.796742999999999697e-08 5.801455319999999689e-08 5.806056079999999854e-08 5.810558789999999699e-08 5.814975879999999714e-08 5.819317650000000203e-08 5.823592990000000196e-08 5.827810060000000308e-08 5.831974899999999818e-08 5.836093560000000159e-08 5.840170659999999824e-08 5.844209740000000274e-08 5.848214709999999942e-08 5.852187709999999841e-08 5.856130510000000039e-08 5.860045250000000227e-08 5.863932630000000295e-08 5.867793719999999759e-08 5.871628519999999941e-08 5.875437740000000241e-08 5.879220669999999935e-08 5.882977660000000294e-08 5.886707649999999988e-08 5.890410289999999731e-08 5.894084859999999956e-08 5.897730660000000109e-08 5.901346609999999846e-08 5.904931649999999821e-08 5.908484720000000027e-08 5.912005109999999742e-08 5.915491739999999945e-08 5.918943200000000021e-08 5.922358429999999963e-08 5.925736700000000035e-08 5.929076609999999790e-08
3.026772170000000239e-10 7.205769310000000261e-10 1.424709349999999932e-09 2.470161189999999798e-09 3.897925089999999842e-09 5.730559139999999591e-09 7.969788380000000269e-09 1.059578199999999938e-08 1.356836419999999976e-08 1.683017280000000131e-08 2.031141829999999837e-08 2.393557350000000142e-08 2.762518569999999885e-08 3.130706009999999801e-08 3.491626190000000220e-08 3.839873490000000179e-08 4.171243619999999997e-08 4.482734180000000141e-08 4.772451230000000057e-08 5.039461119999999744e-08 5.283617810000000294e-08 5.505386010000000124e-08 5.705676639999999765e-08 5.885705079999999855e-08 6.046871449999999372e-08 6.190671090000000188e-08 6.318619230000000089e-08 6.432204459999999620e-08 6.532853549999999805e-08 6.621906580000000334e-08 6.700607709999999440e-08 6.770096659999999783e-08 6.831411530000000413e-08 6.885489510000000145e-08 6.933172609999999546e-08 6.975212590000000027e-08 7.012281600000000618e-08 7.044975799999999453e-08 7.073825260000000561e-08 7.099298219999999681e-08 7.121808920000000481e-08 7.141724010000000228e-08 7.159366079999999681e-08 7.175020759999999729e-08 7.188938869999999922e-08 7.201342100000000288e-08 7.212425859999999757e-08 7.222362090000000529e-08 7.231301419999999501e-08 7.239377449999999555e-08 7.246706700000000117e-08 7.253393620000000236e-08 7.259527730000000656e-08 7.265187919999999557e-08 7.270445220000000227e-08 7.275360049999999757e-08 7.279986390000000466e-08 7.284369729999999814e-08 7.288551979999999745e-08 7.292568680000000009e-08 7.296450380000000252e-08 7.300223360000000249e-08 7.303911079999999868e-08 7.307533419999999491e-08 7.311106739999999701e-08 7.314645960000000621e-08 7.318163140000000471e-08 7.321667540000000548e-08 7.325169089999999551e-08 7.328673489999999629e-08 7.332186410000000437e-08 7.335711420000000632e-08 7.339253469999999642e-08 7.342813289999999849e-08 7.346392290000000546e-08 7.349991900000000037e-08 7.353612119999999646e-08 7.357252939999999865e-08 7.360912950000000081e-08 7.364590719999999341e-08 7.368284830000000170e-08 7.371993859999999800e-08 7.375715680000000032e-08 7.379447450000000624e-08 7.383187750000000129e-08 7.386933019999999400e-08 7.390681130000000237e-08 7.394429250000000581e-08 7.398175230000000574e-08 7.401916239999999479e-08 7.405648719999999470e-08 7.409371250000000425e-08 7.413079570000000655e-08 7.416772260000000039e-08 7.420447190000000379e-08 7.424100090000000479e-08 7.427730249999999617e-08 7.431334130000000303e-08 7.434909580000000034e-08 7.438455189999999516e-08
5.317488670000000494e-10 1.275064169999999902e-09 2.522778869999999979e-09 4.360707350000000323e-09 6.841416770000000022e-09 9.976329100000000148e-09 1.373302629999999973e-08 1.803763180000000087e-08 2.278226669999999911e-08 2.783648870000000052e-08 3.306061559999999729e-08 3.831859270000000140e-08 4.348841289999999964e-08 4.846896930000000058e-08 5.318324269999999680e-08 5.757830829999999850e-08 6.162309769999999505e-08 6.530491700000000476e-08 6.862550349999999414e-08 7.159711400000000572e-08 7.423921029999999979e-08 7.657560990000000330e-08 7.863231130000000058e-08 8.043593169999999949e-08 8.201254790000000105e-08 8.338700750000000488e-08 8.458242459999999568e-08 8.562002309999999418e-08 8.651901600000000050e-08 8.729664810000000606e-08 8.796828149999999937e-08 8.854753730000000623e-08 8.904641650000000415e-08 8.947547770000000057e-08 8.984397940000000371e-08 9.016002880000000389e-08 9.043069580000000320e-08 9.066216929999999752e-08 9.085982810000000078e-08 9.102837590000000525e-08 9.117189850000000643e-08 9.129396260000000142e-08 9.139766630000000008e-08 9.148570260000000390e-08 9.156043030000000380e-08 9.162388180000000575e-08 9.167784040000000415e-08 9.172384809999999424e-08 9.176323349999999919e-08 9.179717609999999629e-08 9.182667070000000486e-08 9.185259130000000572e-08 9.187569820000000136e-08 9.189663789999999437e-08 9.191596459999999928e-08 9.193416870000000038e-08 9.195164810000000374e-08 9.196875789999999515e-08 9.198578969999999478e-08 9.200299189999999580e-08 9.202057780000000166e-08 9.203871089999999667e-08 9.205752600000000394e-08 9.207715120000000641e-08 9.209765040000000293e-08 9.211910880000000081e-08 9.214156189999999649e-08 9.216504540000000299e-08 9.218958039999999891e-08 9.221515999999999364e-08 9.224178399999999704e-08 9.226943830000000297e-08 9.229810160000000297e-08 9.232773830000000555e-08 9.235832010000000334e-08 9.238981140000000485e-08 9.242215529999999691e-08 9.245532340000000354e-08 9.248925179999999942e-08 9.252389080000000013e-08 9.255919759999999865e-08 9.259511559999999348e-08 9.263159480000000177e-08 9.266857150000000155e-08 9.270599580000000506e-08 9.274381800000000139e-08 9.278198829999999785e-08 9.282044290000000387e-08 9.285913899999999920e-08 9.289802699999999449e-08 9.293705720000000532e-08 9.297617959999999592e-08 9.301534479999999354e-08 9.305451700000000332e-08 9.309364659999999621e-08 9.313269799999999395e-08 9.317162149999999890e-08 9.321038160000000139e-08 9.324894989999999899e-08 9.328728370000000621e-08
9.573354330000000711e-10 2.304888280000000082e-09 4.549835180000000114e-09 7.814973559999999678e-09 1.214432109999999921e-08 1.749145720000000107e-08 2.372291700000000008e-08 3.063541600000000293e-08 3.798349010000000242e-08 4.551110780000000097e-08 5.298021930000000069e-08 6.019114810000000200e-08 6.699300310000000239e-08 7.328501540000000568e-08 7.901163459999999904e-08 8.415415919999999817e-08 8.872144260000000294e-08 9.274123159999999749e-08 9.625288299999999418e-08 9.930180059999999739e-08 1.019353849999999995e-07 1.042003109999999966e-07 1.061408239999999942e-07 1.077977739999999976e-07 1.092081590000000020e-07 1.104050539999999990e-07 1.114176980000000018e-07 1.122717630000000016e-07 1.129896459999999943e-07 1.135908009999999940e-07 1.140920820000000065e-07 1.145080549999999964e-07 1.148512680000000066e-07 1.151325510000000018e-07 1.153612030000000050e-07 1.155452480000000063e-07 1.156915630000000042e-07 1.158060670000000030e-07 1.158938549999999955e-07 1.159592949999999977e-07 1.160061489999999978e-07 1.160376400000000009e-07 1.160565400000000038e-07 1.160652230000000023e-07 1.160657349999999935e-07 1.160598230000000015e-07 1.160489730000000037e-07 1.160344710000000065e-07 1.160174039999999956e-07 1.159987019999999963e-07 1.159791410000000044e-07 1.159593880000000042e-07 1.159400040000000058e-07 1.159214519999999947e-07 1.159041079999999981e-07 1.158883050000000064e-07 1.158742860000000010e-07 1.158622640000000002e-07 1.158523869999999983e-07 1.158447920000000026e-07 1.158395409999999996e-07 1.158367129999999981e-07 1.158363219999999959e-07 1.158383900000000066e-07 1.158428939999999997e-07 1.158498219999999979e-07 1.158591230000000015e-07 1.158707550000000037e-07 1.158846529999999937e-07 1.159007469999999955e-07 1.159189649999999993e-07 1.159392160000000061e-07 1.159614270000000023e-07 1.159855070000000021e-07 1.160113570000000036e-07 1.160388899999999957e-07 1.160680089999999970e-07 1.160986189999999939e-07 1.161306220000000014e-07 1.161639249999999997e-07 1.161984429999999982e-07 1.162340690000000059e-07 1.162707259999999947e-07 1.163083139999999991e-07 1.163467469999999983e-07 1.163859410000000051e-07 1.164258089999999951e-07 1.164662819999999960e-07 1.165072659999999977e-07 1.165486839999999988e-07 1.165904780000000006e-07 1.166325629999999992e-07 1.166748760000000043e-07 1.167173520000000052e-07 1.167599279999999982e-07 1.168025389999999990e-07 1.168451290000000031e-07 1.168876410000000022e-07 1.169300250000000002e-07 1.169722310000000010e-07
1.768758470000000009e-09 4.259267610000000227e-09 8.354859920000000714e-09 1.419488169999999940e-08 2.173435830000000132e-08 3.074017839999999993e-08 4.082900059999999806e-08 5.153453130000000236e-08 6.238378349999999349e-08 7.296108610000000328e-08 8.294670549999999864e-08 9.212849509999999354e-08 1.003931939999999934e-07 1.077067179999999957e-07 1.140914779999999992e-07 1.196058290000000075e-07 1.243276979999999897e-07 1.283429329999999950e-07 1.317375929999999908e-07 1.345932789999999992e-07 1.369847100000000122e-07 1.389787060000000088e-07 1.406339999999999873e-07 1.420016670000000129e-07 1.431257460000000123e-07 1.440439799999999962e-07 1.447886149999999934e-07 1.453870619999999901e-07 1.458626710000000115e-07 1.462352090000000026e-07 1.465214860000000083e-07 1.467357149999999964e-07 1.468899600000000009e-07 1.469944659999999956e-07 1.470579039999999883e-07 1.470876039999999928e-07 1.470898069999999903e-07 1.470697979999999879e-07 1.470320540000000000e-07 1.469803689999999984e-07 1.469179549999999881e-07 1.468475259999999936e-07 1.467713700000000033e-07 1.466914340000000124e-07 1.466093239999999968e-07 1.465264180000000055e-07 1.464438670000000049e-07 1.463625809999999873e-07 1.462833840000000037e-07 1.462068869999999940e-07 1.461336300000000112e-07 1.460640109999999905e-07 1.459983710000000039e-07 1.459369370000000015e-07 1.458799229999999920e-07 1.458274429999999918e-07 1.457795800000000108e-07 1.457363650000000027e-07 1.456977969999999903e-07 1.456638760000000001e-07 1.456345160000000113e-07 1.456096610000000060e-07 1.455892119999999957e-07 1.455730820000000089e-07 1.455611309999999877e-07 1.455532299999999937e-07 1.455492510000000124e-07 1.455490380000000074e-07 1.455524629999999907e-07 1.455593410000000061e-07 1.455695580000000105e-07 1.455829160000000004e-07 1.455992869999999879e-07 1.456184999999999880e-07 1.456403989999999907e-07 1.456648280000000124e-07 1.456916440000000108e-07 1.457206910000000024e-07 1.457518270000000015e-07 1.457848809999999966e-07 1.458197539999999991e-07 1.458562620000000034e-07 1.458943049999999907e-07 1.459337399999999982e-07 1.459744399999999888e-07 1.460162909999999988e-07 1.460591509999999897e-07 1.461029339999999936e-07 1.461475140000000034e-07 1.461927749999999953e-07 1.462386480000000103e-07 1.462850040000000039e-07 1.463317570000000082e-07 1.463788239999999869e-07 1.464261169999999914e-07 1.464735530000000116e-07 1.465210460000000003e-07 1.465685389999999891e-07 1.466159460000000100e-07 1.466632109999999923e-07
3.370417719999999800e-09 8.075145889999999864e-09 1.564826309999999840e-08 2.611881200000000011e-08 3.910386680000000118e-08 5.387939339999999859e-08 6.954520869999999708e-08 8.521444529999999596e-08 1.001598800000000063e-07 1.138835590000000042e-07 1.261158500000000010e-07 1.367719590000000122e-07 1.458948870000000108e-07 1.536031110000000080e-07 1.600510159999999869e-07 1.654025680000000100e-07 1.698157630000000039e-07 1.734346990000000108e-07 1.763863790000000004e-07 1.787803540000000038e-07 1.807098040000000118e-07 1.822532449999999995e-07 1.834765300000000114e-07 1.844346540000000123e-07 1.851734339999999992e-07 1.857310959999999882e-07 1.861394309999999985e-07 1.864249549999999990e-07 1.866097530000000054e-07 1.867122709999999884e-07 1.867478690000000003e-07 1.867294090000000053e-07 1.866676340000000101e-07 1.865714979999999902e-07 1.864485309999999969e-07 1.863049870000000055e-07 1.861461100000000066e-07 1.859762759999999925e-07 1.857991380000000059e-07 1.856177220000000122e-07 1.854345580000000039e-07 1.852517219999999942e-07 1.850709309999999912e-07 1.848936079999999953e-07 1.847208610000000022e-07 1.845536269999999963e-07 1.843926469999999922e-07 1.842384730000000069e-07 1.840915470000000028e-07 1.839521960000000013e-07 1.838206320000000039e-07 1.836969829999999983e-07 1.835813350000000054e-07 1.834737019999999967e-07 1.833740130000000056e-07 1.832822250000000085e-07 1.831981959999999934e-07 1.831217840000000009e-07 1.830528329999999945e-07 1.829911299999999957e-07 1.829364749999999937e-07 1.828886700000000113e-07 1.828474439999999921e-07 1.828125990000000117e-07 1.827838789999999887e-07 1.827610419999999980e-07 1.827438180000000132e-07 1.827319950000000064e-07 1.827252869999999989e-07 1.827234679999999915e-07 1.827262820000000084e-07 1.827335009999999901e-07 1.827448839999999891e-07 1.827601750000000029e-07 1.827791610000000001e-07 1.828016140000000007e-07 1.828273209999999997e-07 1.828560699999999955e-07 1.828876320000000047e-07 1.829218229999999949e-07 1.829584309999999914e-07 1.829972830000000016e-07 1.830381959999999972e-07 1.830809849999999953e-07 1.831254650000000129e-07 1.831714940000000114e-07 1.832189010000000059e-07 1.832675449999999876e-07 1.833172689999999961e-07 1.833679449999999903e-07 1.834194169999999869e-07 1.834715849999999935e-07 1.835243069999999981e-07 1.835774550000000127e-07 1.836309589999999952e-07 1.836846760000000093e-07 1.837385210000000111e-07 1.837923950000000124e-07 1.838461969999999906e-07 1.838998710000000075e-07
6.651410089999999666e-09 1.573593699999999920e-08 2.985721539999999978e-08 4.846277689999999862e-08 7.019087180000000512e-08 9.326562630000000114e-08 1.159854790000000064e-07 1.370700030000000068e-07 1.557741460000000026e-07 1.718218810000000067e-07 1.852624789999999987e-07 1.963281869999999995e-07 2.053282629999999985e-07 2.125833589999999971e-07 2.183910229999999907e-07 2.230113550000000016e-07 2.266640419999999908e-07 2.295308969999999894e-07 2.317606370000000132e-07 2.334742109999999879e-07 2.347696720000000052e-07 2.357265599999999958e-07 2.364093770000000006e-07 2.368706189999999983e-07 2.371530169999999883e-07 2.372914880000000005e-07 2.373146089999999890e-07 2.372457859999999970e-07 2.371043169999999887e-07 2.369060040000000052e-07 2.366639079999999914e-07 2.363887860000000046e-07 2.360895189999999940e-07 2.357733849999999967e-07 2.354464069999999968e-07 2.351135459999999911e-07 2.347788380000000087e-07 2.344456079999999880e-07 2.341165410000000071e-07 2.337938129999999923e-07 2.334791840000000015e-07 2.331740209999999908e-07 2.328794150000000003e-07 2.325961930000000123e-07 2.323249649999999897e-07 2.320661709999999933e-07 2.318201099999999960e-07 2.315869380000000078e-07 2.313666979999999995e-07 2.311593759999999996e-07 2.309648859999999874e-07 2.307830300000000122e-07 2.306136370000000096e-07 2.304564220000000046e-07 2.303111160000000007e-07 2.301774060000000008e-07 2.300549650000000097e-07 2.299434240000000125e-07 2.298424559999999876e-07 2.297516490000000021e-07 2.296706610000000068e-07 2.295990949999999907e-07 2.295365679999999939e-07 2.294826939999999927e-07 2.294371060000000057e-07 2.293994190000000128e-07 2.293692629999999952e-07 2.293462699999999945e-07 2.293300699999999920e-07 2.293203209999999912e-07 2.293166830000000028e-07 2.293187860000000081e-07 2.293263179999999871e-07 2.293389659999999955e-07 2.293564020000000082e-07 2.293783150000000087e-07 2.294044209999999992e-07 2.294344479999999988e-07 2.294680849999999911e-07 2.295050899999999983e-07 2.295451939999999974e-07 2.295881530000000033e-07 2.296337269999999925e-07 2.296816749999999906e-07 2.297317820000000119e-07 2.297838510000000036e-07 2.298376530000000083e-07 2.298930039999999939e-07 2.299497200000000078e-07 2.300076150000000103e-07 2.300665189999999936e-07 2.301262749999999971e-07 2.301867279999999879e-07 2.302477360000000067e-07 2.303091410000000097e-07 2.303708300000000107e-07 2.304326609999999973e-07 2.304945350000000076e-07 2.305563100000000029e-07 2.306178999999999888e-07
1.354556469999999954e-08 3.129282430000000292e-08 5.737758709999999842e-08 8.931238679999999687e-08 1.235254099999999944e-07 1.566489659999999978e-07 1.863892289999999992e-07 2.116863560000000014e-07 2.324166249999999988e-07 2.489874190000000158e-07 2.620199379999999998e-07 2.721600649999999941e-07 2.799891380000000043e-07 2.859939340000000119e-07 2.905666459999999968e-07 2.940169280000000084e-07 2.965867049999999961e-07 2.984644990000000019e-07 2.997972790000000007e-07 3.007000660000000137e-07 3.012632419999999935e-07 3.015582309999999970e-07 3.016418189999999741e-07 3.015592540000000021e-07 3.013469440000000137e-07 3.010341350000000075e-07 3.006445299999999923e-07 3.001973139999999989e-07 2.997080629999999897e-07 2.991894229999999924e-07 2.986517130000000108e-07 2.981032880000000183e-07 2.975509399999999829e-07 2.970001840000000050e-07 2.964554259999999737e-07 2.959201880000000125e-07 2.953973140000000088e-07 2.948890200000000075e-07 2.943969830000000036e-07 2.939225680000000253e-07 2.934666549999999827e-07 2.930299560000000231e-07 2.926129239999999901e-07 2.922157309999999780e-07 2.918385180000000219e-07 2.914812000000000253e-07 2.911436070000000067e-07 2.908254829999999904e-07 2.905264860000000064e-07 2.902462479999999902e-07 2.899843139999999854e-07 2.897402279999999791e-07 2.895134509999999748e-07 2.893034720000000246e-07 2.891097210000000197e-07 2.889316870000000121e-07 2.887687460000000149e-07 2.886203840000000162e-07 2.884860069999999790e-07 2.883650440000000025e-07 2.882569279999999886e-07 2.881611179999999867e-07 2.880770470000000044e-07 2.880041729999999817e-07 2.879419579999999785e-07 2.878898899999999905e-07 2.878474560000000097e-07 2.878141459999999859e-07 2.877894760000000164e-07 2.877729909999999860e-07 2.877641799999999996e-07 2.877626459999999937e-07 2.877679320000000045e-07 2.877796130000000256e-07 2.877972629999999940e-07 2.878205119999999969e-07 2.878489620000000199e-07 2.878822729999999943e-07 2.879200740000000038e-07 2.879619959999999802e-07 2.880077260000000058e-07 2.880569810000000070e-07 2.881093910000000180e-07 2.881647280000000058e-07 2.882227079999999990e-07 2.882830189999999776e-07 2.883454040000000151e-07 2.884096939999999750e-07 2.884755759999999924e-07 2.885428499999999770e-07 2.886113460000000005e-07 2.886808089999999848e-07 2.887510679999999978e-07 2.888219230000000023e-07 2.888932610000000119e-07 2.889648560000000009e-07 2.890365639999999762e-07 2.891082430000000051e-07 2.891797809999999991e-07 2.892510340000000179e-07
2.809647449999999964e-08 6.237749520000000232e-08 1.086098540000000042e-07 1.595543890000000087e-07 2.082597210000000071e-07 2.504203280000000136e-07 2.845739290000000247e-07 3.111035769999999787e-07 3.311943710000000166e-07 3.461821340000000055e-07 3.572588129999999931e-07 3.653859150000000228e-07 3.713014109999999795e-07 3.755582159999999964e-07 3.785665399999999768e-07 3.806302970000000064e-07 3.819754970000000070e-07 3.827714749999999828e-07 3.831461299999999771e-07 3.831971180000000179e-07 3.829995590000000167e-07 3.826119440000000204e-07 3.820800599999999967e-07 3.814400600000000122e-07 3.807206780000000082e-07 3.799448220000000212e-07 3.791308530000000047e-07 3.782934640000000004e-07 3.774444790000000185e-07 3.765934199999999777e-07 3.757478169999999821e-07 3.749137820000000212e-07 3.740960609999999998e-07 3.732984059999999758e-07 3.725237719999999747e-07 3.717743479999999961e-07 3.710517549999999909e-07 3.703571849999999951e-07 3.696914349999999879e-07 3.690549309999999796e-07 3.684478710000000001e-07 3.678702570000000038e-07 3.673218600000000069e-07 3.668023959999999852e-07 3.663113259999999950e-07 3.658481940000000235e-07 3.654122909999999869e-07 3.650029899999999930e-07 3.646195240000000123e-07 3.642611550000000148e-07 3.639270860000000211e-07 3.636164930000000066e-07 3.633286099999999986e-07 3.630625540000000232e-07 3.628175310000000061e-07 3.625927150000000214e-07 3.623872829999999953e-07 3.622004390000000050e-07 3.620313860000000182e-07 3.618793300000000133e-07 3.617435030000000102e-07 3.616231650000000244e-07 3.615175499999999773e-07 3.614259749999999853e-07 3.613476740000000226e-07 3.612820189999999817e-07 3.612283019999999941e-07 3.611858970000000126e-07 3.611541789999999934e-07 3.611324929999999958e-07 3.611202710000000239e-07 3.611169749999999791e-07 3.611219770000000185e-07 3.611348229999999775e-07 3.611549179999999742e-07 3.611818039999999883e-07 3.612150010000000257e-07 3.612540520000000167e-07 3.612984760000000164e-07 3.613478730000000033e-07 3.614018450000000159e-07 3.614599679999999985e-07 3.615218699999999780e-07 3.615872119999999953e-07 3.616556229999999751e-07 3.617267910000000033e-07 3.618004030000000032e-07 3.618761470000000078e-07 3.619537379999999890e-07 3.620329209999999748e-07 3.621134399999999894e-07 3.621950100000000049e-07 3.622774329999999912e-07 3.623604810000000212e-07 3.624439560000000119e-07 3.625276289999999798e-07 3.626113309999999999e-07 3.626949189999999771e-07 3.627781669999999914e-07 3.628609869999999884e-07
5.818857219999999842e-08 1.215639999999999893e-07 1.971330900000000046e-07 2.697402410000000060e-07 3.304672589999999771e-07 3.771085629999999952e-07 4.112203560000000198e-07 4.355158299999999858e-07 4.525753070000000162e-07 4.644459470000000214e-07 4.726311999999999765e-07 4.781979329999999471e-07 4.818935509999999995e-07 4.842407859999999928e-07 4.856074159999999625e-07 4.862546919999999768e-07 4.863704249999999868e-07 4.860917220000000331e-07 4.855197629999999568e-07 4.847305489999999534e-07 4.837819459999999734e-07 4.827182920000000220e-07 4.815742049999999974e-07 4.803766840000000059e-07 4.791471039999999759e-07 4.779024610000000445e-07 4.766560830000000133e-07 4.754186880000000101e-07 4.741986569999999965e-07 4.730026720000000183e-07 4.718359039999999865e-07 4.707023609999999879e-07 4.696050549999999897e-07 4.685461759999999955e-07 4.675273150000000060e-07 4.665495230000000221e-07 4.656133109999999917e-07 4.647189660000000029e-07 4.638664000000000012e-07 4.630552440000000244e-07 4.622850440000000140e-07 4.615550889999999848e-07 4.608645840000000174e-07 4.602126469999999831e-07 4.595982549999999825e-07 4.590204410000000018e-07 4.584780410000000009e-07 4.579700029999999752e-07 4.574951619999999869e-07 4.570523799999999842e-07 4.566404929999999799e-07 4.562583629999999751e-07 4.559048249999999790e-07 4.555787709999999958e-07 4.552790359999999817e-07 4.550045389999999857e-07 4.547542010000000114e-07 4.545269410000000020e-07 4.543216790000000102e-07 4.541374490000000261e-07 4.539732289999999950e-07 4.538280220000000061e-07 4.537008919999999993e-07 4.535909280000000052e-07 4.534972220000000122e-07 4.534188919999999972e-07 4.533551129999999852e-07 4.533050340000000125e-07 4.532678869999999931e-07 4.532428760000000043e-07 4.532292910000000115e-07 4.532264200000000261e-07 4.532335250000000179e-07 4.532499530000000004e-07 4.532750779999999792e-07 4.533083030000000123e-07 4.533489740000000035e-07 4.533965810000000088e-07 4.534505540000000250e-07 4.535103529999999992e-07 4.535754669999999835e-07 4.536454410000000215e-07 4.537198210000000015e-07 4.537981230000000208e-07 4.538799770000000077e-07 4.539649580000000087e-07 4.540526670000000058e-07 4.541427929999999826e-07 4.542349360000000233e-07 4.543287840000000020e-07 4.544240540000000039e-07 4.545204040000000060e-07 4.546175769999999759e-07 4.547153479999999975e-07 4.548134029999999905e-07 4.549115429999999742e-07 4.550095129999999765e-07 4.551071700000000080e-07 4.552042579999999872e-07 4.553006079999999893e-07
1.175279890000000051e-07 2.256714989999999932e-07 3.356073530000000055e-07 4.258033929999999876e-07 4.915013389999999608e-07 5.365023409999999884e-07 5.664257399999999759e-07 5.860279659999999941e-07 5.987242279999999883e-07 6.068160019999999797e-07 6.118199849999999806e-07 6.147317890000000305e-07 6.162088080000000007e-07 6.166899309999999600e-07 6.164722779999999657e-07 6.157600860000000501e-07 6.146966029999999778e-07 6.133838610000000337e-07 6.118959849999999609e-07 6.102879979999999847e-07 6.086012259999999841e-07 6.068672179999999476e-07 6.051103580000000249e-07 6.033498040000000429e-07 6.016004480000000241e-07 5.998739989999999852e-07 5.981797239999999784e-07 5.965248990000000336e-07 5.949149800000000371e-07 5.933542869999999895e-07 5.918459460000000072e-07 5.903921759999999869e-07 5.889945669999999788e-07 5.876539150000000118e-07 5.863706180000000471e-07 5.851447329999999741e-07 5.839758610000000393e-07 5.828633219999999995e-07 5.818062620000000392e-07 5.808036580000000472e-07 5.798543160000000333e-07 5.789569290000000211e-07 5.781101320000000353e-07 5.773123920000000206e-07 5.765622860000000033e-07 5.758582800000000303e-07 5.751987830000000477e-07 5.745822019999999945e-07 5.740070610000000222e-07 5.734717089999999651e-07 5.729747269999999697e-07 5.725144659999999837e-07 5.720894480000000453e-07 5.716982509999999725e-07 5.713393990000000229e-07 5.710114120000000158e-07 5.707129279999999868e-07 5.704426369999999486e-07 5.701991770000000425e-07 5.699811819999999723e-07 5.697875169999999617e-07 5.696168730000000268e-07 5.694680569999999695e-07 5.693399320000000062e-07 5.692313610000000359e-07 5.691413209999999475e-07 5.690686749999999578e-07 5.690124569999999505e-07 5.689717000000000179e-07 5.689454380000000438e-07 5.689327050000000182e-07 5.689326490000000269e-07 5.689444150000000387e-07 5.689672660000000272e-07 5.690002919999999736e-07 5.690428110000000510e-07 5.690940840000000139e-07 5.691533720000000403e-07 5.692200489999999769e-07 5.692934909999999954e-07 5.693730710000000449e-07 5.694582229999999780e-07 5.695483199999999554e-07 5.696429070000000208e-07 5.697414740000000182e-07 5.698435069999999889e-07 5.699484969999999923e-07 5.700561019999999524e-07 5.701658670000000188e-07 5.702774500000000096e-07 5.703903979999999755e-07 5.705043690000000525e-07 5.706190789999999515e-07 5.707342440000000187e-07 5.708494649999999714e-07 5.709645170000000522e-07 5.710791699999999562e-07 5.711931410000000332e-07 5.713062019999999856e-07 5.714181270000000523e-07
2.257837789999999977e-07 3.908866120000000201e-07 5.306469570000000296e-07 6.283303829999999754e-07 6.908722410000000212e-07 7.294354989999999770e-07 7.527781920000000009e-07 7.666549779999999517e-07 7.746363050000000498e-07 7.789083159999999575e-07 7.808155829999999914e-07 7.811949559999999478e-07 7.805751919999999950e-07 7.792955329999999923e-07 7.775777249999999583e-07 7.755694469999999552e-07 7.733711980000000007e-07 7.710527830000000491e-07 7.686639949999999885e-07 7.662410439999999864e-07 7.638111010000000317e-07 7.613946880000000292e-07 7.590074920000000261e-07 7.566619619999999709e-07 7.543675339999999993e-07 7.521317680000000068e-07 7.499604069999999677e-07 7.478577689999999815e-07 7.458270940000000486e-07 7.438705439999999648e-07 7.419897089999999922e-07 7.401852139999999626e-07 7.384573449999999607e-07 7.368057600000000164e-07 7.352299459999999628e-07 7.337288250000000189e-07 7.323012599999999776e-07 7.309457149999999846e-07 7.296605989999999861e-07 7.284442060000000404e-07 7.272946620000000200e-07 7.262100330000000031e-07 7.251883289999999709e-07 7.242275610000000140e-07 7.233256270000000247e-07 7.224805359999999805e-07 7.216901849999999820e-07 7.209525280000000188e-07 7.202655749999999661e-07 7.196272800000000255e-07 7.190357109999999647e-07 7.184889339999999681e-07 7.179850170000000153e-07 7.175220279999999802e-07 7.170982600000000234e-07 7.167118950000000087e-07 7.163611710000000030e-07 7.160443829999999626e-07 7.157598820000000467e-07 7.155060189999999909e-07 7.152813740000000442e-07 7.150842409999999472e-07 7.149133130000000409e-07 7.147670540000000476e-07 7.146441589999999978e-07 7.145432050000000237e-07 7.144629990000000327e-07 7.144022330000000448e-07 7.143597709999999624e-07 7.143343620000000121e-07 7.143249259999999820e-07 7.143303829999999779e-07 7.143497099999999945e-07 7.143818830000000230e-07 7.144259940000000520e-07 7.144811319999999533e-07 7.145463310000000342e-07 7.146207959999999520e-07 7.147037879999999906e-07 7.147944530000000168e-07 7.148920530000000004e-07 7.149959630000000036e-07 7.151053859999999940e-07 7.152198120000000275e-07 7.153386149999999507e-07 7.154611690000000340e-07 7.155869070000000206e-07 7.157153729999999503e-07 7.158460559999999813e-07 7.159785010000000511e-07 7.161121970000000003e-07 7.162468019999999646e-07 7.163819759999999812e-07 7.165172059999999893e-07 7.166522660000000159e-07 7.167867579999999938e-07 7.169203969999999479e-07 7.170529560000000078e-07 7.171840929999999916e-07 7.173135830000000360e-07
4.042385909999999962e-07 6.266653259999999718e-07 7.830095110000000475e-07 8.772753969999999568e-07 9.309436000000000326e-07 9.607039150000000865e-07 9.767157960000000235e-07 9.847832420000000684e-07 9.881983940000000187e-07 9.888516389999999803e-07 9.878481250000000754e-07 9.858449630000001017e-07 9.832398289999999176e-07 9.802765819999999234e-07 9.771073340000000626e-07 9.738288329999999810e-07 9.705034929999999272e-07 9.671729229999999599e-07 9.638655459999999511e-07 9.606018240000000113e-07 9.573961959999998959e-07 9.542601450000000725e-07 9.512018550000000528e-07 9.482280920000000284e-07 9.453439130000000264e-07 9.425531859999999960e-07 9.398587509999999690e-07 9.372625979999999644e-07 9.347658649999999809e-07 9.323691759999999527e-07 9.300724739999999908e-07 9.278752490000000451e-07 9.257765899999999872e-07 9.237751329999999515e-07 9.218693439999999850e-07 9.200573459999999493e-07 9.183370930000000458e-07 9.167063689999999652e-07 9.151627860000000448e-07 9.137039569999999901e-07 9.123272660000000525e-07 9.110302129999999512e-07 9.098101260000000522e-07 9.086643899999999751e-07 9.075903899999999749e-07 9.065854560000000011e-07 9.056470279999999790e-07 9.047725480000000525e-07 9.039594599999999497e-07 9.032052050000000225e-07 9.025073949999999732e-07 9.018635300000000503e-07 9.012712779999999472e-07 9.007284229999999899e-07 9.002325779999999897e-07 8.997815830000000523e-07 8.993732759999999583e-07 8.990056130000000224e-07 8.986765470000000187e-07 8.983840870000000306e-07 8.981263020000000415e-07 8.979014300000000125e-07 8.977075370000000218e-07 8.975429750000000207e-07 8.974060389999999652e-07 8.972950810000000181e-07 8.972085080000000126e-07 8.971449009999999892e-07 8.971026659999999891e-07 8.970804970000000393e-07 8.970769729999999615e-07 8.970908419999999786e-07 8.971207990000000155e-07 8.971657049999999637e-07 8.972243109999999514e-07 8.972956489999999609e-07 8.973785270000000096e-07 8.974719779999999775e-07 8.975750349999999570e-07 8.976867890000000387e-07 8.978063309999999956e-07 8.979328640000000073e-07 8.980655369999999513e-07 8.982036089999999984e-07 8.983464000000000112e-07 8.984931699999999524e-07 8.986432929999999863e-07 8.987961449999999671e-07 8.989511569999999481e-07 8.991077609999999867e-07 8.992655010000000168e-07 8.994238099999999933e-07 8.995822329999999599e-07 8.997403709999999515e-07 8.998978270000000102e-07 9.000542039999999664e-07 9.002092159999999475e-07 9.003624090000000005e-07 9.005135550000000396e-07 9.006623709999999911e-07
6.694558579999999706e-07 9.363263300000000484e-07 1.094113260000000068e-06 1.177340209999999894e-06 1.219411049999999982e-06 1.239716310000000048e-06 1.248452689999999897e-06 1.250944139999999986e-06 1.250024639999999910e-06 1.247239419999999951e-06 1.243448649999999901e-06 1.239138100000000060e-06 1.234584720000000057e-06 1.229946290000000067e-06 1.225312530000000077e-06 1.220734359999999934e-06 1.216240889999999990e-06 1.211848369999999899e-06 1.207566700000000000e-06 1.203401549999999895e-06 1.199357030000000093e-06 1.195435970000000061e-06 1.191640420000000036e-06 1.187971980000000105e-06 1.184431880000000069e-06 1.181020929999999903e-06 1.177739360000000017e-06 1.174586940000000002e-06 1.171563440000000081e-06 1.168667609999999955e-06 1.165898309999999935e-06 1.163253730000000021e-06 1.160731929999999952e-06 1.158330629999999926e-06 1.156047350000000054e-06 1.153879340000000101e-06 1.151823649999999953e-06 1.149877329999999920e-06 1.148037310000000091e-06 1.146300409999999940e-06 1.144663199999999942e-06 1.143122400000000058e-06 1.141674939999999952e-06 1.140317289999999946e-06 1.139046389999999953e-06 1.137858700000000048e-06 1.136751169999999967e-06 1.135720589999999925e-06 1.134763809999999929e-06 1.133877729999999957e-06 1.133059299999999958e-06 1.132305559999999994e-06 1.131613770000000076e-06 1.130980879999999943e-06 1.130404139999999994e-06 1.129880959999999939e-06 1.129408699999999943e-06 1.128984879999999903e-06 1.128606750000000009e-06 1.128272289999999920e-06 1.127978860000000013e-06 1.127724319999999937e-06 1.127506380000000066e-06 1.127323120000000001e-06 1.127172369999999916e-06 1.127052090000000035e-06 1.126960570000000083e-06 1.126895770000000074e-06 1.126855979999999943e-06 1.126839610000000065e-06 1.126844949999999954e-06 1.126870300000000008e-06 1.126914299999999952e-06 1.126975460000000099e-06 1.127052429999999998e-06 1.127143829999999937e-06 1.127248310000000102e-06 1.127364839999999933e-06 1.127492169999999977e-06 1.127629159999999911e-06 1.127774790000000058e-06 1.127928159999999906e-06 1.128088229999999917e-06 1.128253979999999993e-06 1.128424740000000031e-06 1.128599590000000082e-06 1.128777850000000010e-06 1.128958729999999912e-06 1.129141540000000039e-06 1.129325710000000017e-06 1.129510569999999957e-06 1.129695530000000049e-06 1.129880160000000001e-06 1.130063880000000041e-06 1.130246120000000007e-06 1.130426649999999910e-06 1.130605030000000061e-06 1.130780790000000025e-06 1.130953590000000052e-06 1.131123100000000002e-06
1.032268070000000058e-06 1.324145390000000068e-06 1.471519230000000103e-06 1.539586149999999994e-06 1.569086979999999928e-06 1.579918939999999995e-06 1.581562859999999981e-06 1.578645420000000027e-06 1.573496210000000070e-06 1.567318120000000097e-06 1.560740430000000063e-06 1.554090430000000092e-06 1.547534230000000086e-06 1.541150599999999906e-06 1.534972169999999970e-06 1.529007820000000091e-06 1.523255150000000032e-06 1.517707230000000066e-06 1.512356109999999942e-06 1.507194499999999898e-06 1.502216260000000106e-06 1.497416410000000078e-06 1.492791280000000053e-06 1.488337720000000039e-06 1.484053429999999953e-06 1.479936260000000041e-06 1.475984160000000068e-06 1.472195210000000055e-06 1.468567229999999932e-06 1.465097849999999993e-06 1.461784450000000053e-06 1.458624409999999924e-06 1.455614439999999955e-06 1.452751459999999984e-06 1.450032069999999960e-06 1.447452410000000068e-06 1.445009049999999936e-06 1.442697910000000010e-06 1.440515010000000042e-06 1.438456479999999968e-06 1.436518229999999987e-06 1.434696059999999898e-06 1.432986100000000063e-06 1.431384129999999996e-06 1.429886199999999981e-06 1.428488189999999895e-06 1.427186249999999959e-06 1.425976390000000101e-06 1.424854990000000105e-06 1.423818050000000074e-06 1.422861939999999967e-06 1.421983139999999934e-06 1.421178009999999900e-06 1.420443139999999988e-06 1.419775119999999899e-06 1.419170759999999920e-06 1.418626879999999950e-06 1.418140300000000101e-06 1.417708060000000011e-06 1.417327209999999991e-06 1.416994909999999902e-06 1.416708529999999947e-06 1.416465240000000022e-06 1.416262649999999929e-06 1.416098139999999905e-06 1.415969450000000010e-06 1.415874180000000008e-06 1.415810059999999923e-06 1.415775159999999955e-06 1.415767200000000091e-06 1.415784369999999907e-06 1.415824729999999987e-06 1.415886460000000084e-06 1.415967739999999948e-06 1.416067109999999999e-06 1.416182729999999917e-06 1.416313350000000037e-06 1.416457279999999946e-06 1.416613259999999945e-06 1.416779919999999933e-06 1.416956140000000084e-06 1.417140540000000049e-06 1.417332209999999917e-06 1.417529920000000095e-06 1.417732619999999952e-06 1.417939530000000045e-06 1.418149740000000039e-06 1.418362220000000009e-06 1.418576290000000029e-06 1.418791269999999962e-06 1.419006249999999895e-06 1.419220780000000102e-06 1.419434169999999985e-06 1.419645740000000042e-06 1.419855039999999911e-06 1.420061610000000042e-06 1.420264880000000060e-06 1.420464510000000004e-06 1.420660059999999970e-06 1.420851279999999899e-06
1.503043900000000056e-06 1.800822469999999962e-06 1.929853399999999879e-06 1.980599110000000094e-06 1.997106210000000196e-06 1.998434980000000048e-06 1.992990969999999873e-06 1.984627940000000155e-06 1.975169880000000171e-06 1.965489670000000080e-06 1.955997279999999866e-06 1.946870040000000108e-06 1.938168679999999815e-06 1.929896599999999885e-06 1.922030609999999843e-06 1.914539100000000007e-06 1.907388880000000049e-06 1.900549929999999913e-06 1.893997019999999982e-06 1.887709689999999941e-06 1.881671660000000027e-06 1.875870680000000060e-06 1.870296960000000102e-06 1.864942990000000016e-06 1.859802979999999975e-06 1.854872150000000003e-06 1.850145959999999937e-06 1.845620889999999925e-06 1.841293060000000081e-06 1.837158719999999931e-06 1.833214130000000094e-06 1.829455300000000075e-06 1.825878260000000083e-06 1.822478790000000056e-06 1.819252250000000103e-06 1.816194189999999965e-06 1.813299950000000101e-06 1.810564639999999925e-06 1.807983379999999946e-06 1.805551389999999978e-06 1.803263559999999906e-06 1.801114879999999980e-06 1.799100570000000013e-06 1.797215529999999927e-06 1.795454859999999948e-06 1.793813789999999924e-06 1.792287429999999906e-06 1.790871009999999953e-06 1.789559970000000042e-06 1.788349780000000045e-06 1.787235759999999927e-06 1.786213719999999947e-06 1.785279320000000031e-06 1.784428490000000026e-06 1.783656899999999897e-06 1.782960680000000004e-06 1.782336080000000084e-06 1.781779249999999937e-06 1.781286530000000050e-06 1.780854519999999947e-06 1.780479579999999978e-06 1.780158530000000041e-06 1.779888180000000001e-06 1.779665349999999967e-06 1.779487090000000040e-06 1.779350550000000045e-06 1.779253010000000067e-06 1.779191619999999933e-06 1.779163880000000103e-06 1.779167409999999991e-06 1.779199809999999996e-06 1.779258699999999955e-06 1.779342030000000055e-06 1.779447640000000084e-06 1.779573720000000041e-06 1.779718100000000100e-06 1.779879200000000037e-06 1.780055189999999988e-06 1.780244470000000080e-06 1.780445359999999935e-06 1.780656590000000029e-06 1.780876570000000101e-06 1.781104170000000073e-06 1.781337910000000083e-06 1.781576770000000032e-06 1.781819610000000018e-06 1.782065280000000106e-06 1.782312890000000031e-06 1.782561410000000081e-06 1.782810049999999931e-06 1.783057880000000019e-06 1.783304360000000080e-06 1.783548559999999918e-06 1.783789910000000005e-06 1.784027750000000065e-06 1.784261600000000051e-06 1.784490790000000073e-06 1.784714979999999958e-06 1.784933599999999966e-06 1.785146309999999923e-06
2.097159489999999811e-06 2.384663049999999808e-06 2.489920460000000184e-06 2.521855089999999875e-06 2.524878480000000033e-06 2.516423820000000176e-06 2.503638830000000088e-06 2.489574400000000156e-06 2.475550219999999907e-06 2.462115389999999821e-06 2.449464549999999953e-06 2.437627239999999885e-06 2.426558919999999833e-06 2.416187270000000035e-06 2.406432940000000007e-06 2.397222259999999961e-06 2.388490429999999888e-06 2.380183789999999953e-06 2.372259129999999903e-06 2.364682359999999954e-06 2.357426640000000154e-06 2.350471960000000125e-06 2.343802860000000115e-06 2.337407069999999871e-06 2.331275249999999817e-06 2.325399690000000150e-06 2.319773779999999974e-06 2.314392079999999882e-06 2.309249109999999903e-06 2.304339890000000183e-06 2.299659170000000099e-06 2.295202190000000174e-06 2.290963490000000082e-06 2.286937840000000121e-06 2.283119560000000017e-06 2.279503180000000044e-06 2.276083019999999927e-06 2.272853179999999862e-06 2.269807510000000200e-06 2.266940329999999816e-06 2.264245500000000156e-06 2.261717100000000074e-06 2.259348780000000040e-06 2.257135069999999905e-06 2.255069600000000067e-06 2.253146700000000076e-06 2.251360679999999831e-06 2.249705399999999929e-06 2.248175860000000022e-06 2.246765919999999858e-06 2.245470339999999912e-06 2.244284130000000082e-06 2.243201610000000092e-06 2.242218219999999919e-06 2.241328729999999860e-06 2.240528149999999813e-06 2.239812369999999905e-06 2.239176409999999859e-06 2.238615930000000024e-06 2.238126630000000048e-06 2.237704620000000010e-06 2.237345830000000179e-06 2.237046149999999835e-06 2.236801949999999998e-06 2.236609590000000168e-06 2.236465889999999823e-06 2.236367210000000157e-06 2.236310590000000173e-06 2.236292629999999822e-06 2.236310590000000173e-06 2.236361520000000057e-06 2.236442920000000144e-06 2.236552060000000061e-06 2.236686209999999857e-06 2.236843330000000179e-06 2.237021139999999956e-06 2.237217359999999812e-06 2.237430180000000168e-06 2.237657330000000202e-06 2.237896979999999840e-06 2.238147770000000077e-06 2.238407659999999867e-06 2.238675279999999957e-06 2.238949259999999825e-06 2.239227800000000140e-06 2.239509969999999859e-06 2.239794640000000176e-06 2.240080220000000194e-06 2.240365799999999789e-06 2.240650470000000107e-06 2.240933329999999999e-06 2.241213450000000117e-06 2.241489710000000208e-06 2.241761880000000074e-06 2.242028809999999991e-06 2.242290289999999831e-06 2.242545180000000118e-06 2.242793470000000181e-06 2.243034260000000142e-06 2.243267319999999804e-06
2.837584820000000149e-06 3.101266660000000037e-06 3.178455930000000160e-06 3.190095640000000024e-06 3.178856100000000171e-06 3.160033430000000168e-06 3.139399499999999841e-06 3.119174379999999951e-06 3.100165489999999945e-06 3.082594050000000156e-06 3.066434829999999908e-06 3.051565950000000080e-06 3.037834179999999849e-06 3.025086700000000091e-06 3.013185960000000113e-06 3.002012820000000144e-06 2.991469270000000196e-06 2.981475970000000032e-06 2.971970390000000041e-06 2.962903409999999918e-06 2.954237969999999905e-06 2.945944969999999898e-06 2.938002809999999894e-06 2.930394660000000040e-06 2.923107099999999937e-06 2.916129689999999829e-06 2.909453770000000067e-06 2.903071389999999975e-06 2.896975960000000000e-06 2.891160650000000144e-06 2.885619100000000204e-06 2.880345389999999881e-06 2.875332479999999896e-06 2.870574239999999825e-06 2.866064049999999792e-06 2.861794879999999920e-06 2.857759910000000032e-06 2.853952079999999931e-06 2.850364129999999961e-06 2.846988990000000100e-06 2.843819399999999845e-06 2.840848310000000094e-06 2.838068210000000073e-06 2.835471829999999880e-06 2.833052350000000187e-06 2.830802489999999997e-06 2.828715200000000204e-06 2.826783430000000013e-06 2.825000820000000067e-06 2.823360550000000193e-06 2.821856009999999917e-06 2.820480630000000182e-06 2.819228260000000067e-06 2.818092980000000120e-06 2.817068659999999916e-06 2.816149620000000026e-06 2.815329940000000151e-06 2.814604390000000166e-06 2.813967739999999946e-06 2.813414539999999837e-06 2.812939780000000090e-06 2.812538919999999905e-06 2.812207409999999929e-06 2.811940249999999814e-06 2.811733570000000131e-06 2.811582819999999834e-06 2.811484360000000119e-06 2.811434110000000161e-06 2.811428429999999886e-06 2.811463900000000016e-06 2.811536889999999877e-06 2.811644440000000167e-06 2.811783129999999915e-06 2.811950479999999865e-06 2.812143069999999894e-06 2.812358840000000152e-06 2.812594859999999962e-06 2.812848609999999926e-06 2.813118269999999793e-06 2.813401119999999861e-06 2.813695570000000079e-06 2.813999339999999802e-06 2.814310850000000072e-06 2.814628260000000145e-06 2.814949989999999796e-06 2.815274229999999869e-06 2.815600059999999992e-06 2.815925879999999868e-06 2.816250570000000091e-06 2.816572760000000140e-06 2.816891310000000113e-06 2.817205540000000086e-06 2.817514310000000158e-06 2.817816949999999804e-06 2.818112310000000148e-06 2.818399929999999943e-06 2.818679150000000184e-06 2.818949499999999801e-06 2.819210069999999940e-06 2.819460410000000027e-06
3.755826360000000013e-06 3.983768239999999860e-06 4.028908729999999777e-06 4.018489110000000245e-06 3.991850919999999685e-06 3.961770290000000349e-06 3.932536860000000343e-06 3.905500309999999773e-06 3.880935759999999676e-06 3.858720450000000282e-06 3.838600149999999884e-06 3.820290199999999685e-06 3.803521620000000167e-06 3.788055890000000073e-06 3.773690199999999996e-06 3.760257190000000159e-06 3.747621579999999845e-06 3.735676049999999810e-06 3.724336689999999967e-06 3.713538719999999955e-06 3.703232550000000093e-06 3.693379990000000125e-06 3.683952850000000071e-06 3.674928619999999804e-06 3.666290240000000119e-06 3.658024069999999817e-06 3.650118969999999993e-06 3.642564930000000123e-06 3.635353549999999806e-06 3.628476859999999989e-06 3.621926679999999796e-06 3.615695500000000151e-06 3.609775829999999929e-06 3.604159469999999879e-06 3.598838479999999996e-06 3.593804880000000133e-06 3.589050269999999888e-06 3.584566230000000058e-06 3.580344359999999819e-06 3.576375779999999992e-06 3.572651850000000152e-06 3.569164160000000074e-06 3.565903849999999806e-06 3.562862049999999994e-06 3.560030340000000164e-06 3.557400299999999842e-06 3.554963540000000147e-06 3.552711629999999931e-06 3.550636170000000065e-06 3.548729410000000177e-06 3.546983409999999838e-06 3.545390199999999996e-06 3.543942740000000101e-06 3.542633070000000078e-06 3.541454359999999925e-06 3.540399580000000189e-06 3.539461659999999998e-06 3.538634249999999822e-06 3.537910969999999813e-06 3.537285470000000017e-06 3.536751819999999887e-06 3.536304120000000044e-06 3.535936679999999964e-06 3.535644509999999969e-06 3.535422139999999911e-06 3.535264340000000086e-06 3.535166799999999897e-06 3.535124729999999966e-06 3.535133369999999967e-06 3.535189079999999826e-06 3.535287310000000189e-06 3.535424640000000085e-06 3.535596989999999962e-06 3.535800940000000118e-06 3.536033550000000052e-06 3.536291160000000042e-06 3.536570830000000009e-06 3.536870049999999955e-06 3.537185879999999803e-06 3.537515569999999953e-06 3.537857080000000204e-06 3.538208149999999982e-06 3.538566259999999887e-06 3.538929599999999918e-06 3.539296589999999848e-06 3.539664929999999804e-06 3.540033280000000009e-06 3.540400260000000114e-06 3.540764060000000119e-06 3.541123529999999875e-06 3.541477549999999979e-06 3.541824749999999906e-06 3.542164450000000157e-06 3.542495280000000207e-06 3.542816329999999931e-06 3.543127150000000028e-06 3.543426829999999949e-06 3.543714679999999943e-06 3.543990029999999910e-06 3.544252650000000073e-06
4.892770899999999874e-06 5.073944979999999931e-06 5.082951699999999996e-06 5.048310870000000270e-06 5.004761529999999922e-06 4.962229009999999676e-06 4.923407230000000340e-06 4.888719560000000109e-06 4.857873140000000084e-06 4.830380479999999868e-06 4.805736809999999908e-06 4.783483749999999736e-06 4.763223389999999915e-06 4.744622859999999771e-06 4.727407940000000261e-06 4.711356720000000029e-06 4.696292309999999672e-06 4.682076909999999916e-06 4.668602290000000124e-06 4.655785230000000381e-06 4.643563440000000254e-06 4.631888259999999836e-06 4.620723760000000292e-06 4.610041740000000124e-06 4.599820839999999776e-06 4.590044229999999819e-06 4.580697810000000350e-06 4.571769749999999750e-06 4.563249150000000406e-06 4.555126910000000226e-06 4.547393470000000105e-06 4.540039300000000414e-06 4.533055290000000081e-06 4.526432799999999953e-06 4.520161379999999604e-06 4.514231930000000328e-06 4.508634449999999731e-06 4.503358470000000280e-06 4.498394449999999978e-06 4.493731919999999599e-06 4.489360440000000233e-06 4.485269530000000288e-06 4.481448740000000185e-06 4.477888070000000070e-06 4.474576600000000143e-06 4.471504329999999704e-06 4.468661249999999922e-06 4.466037350000000274e-06 4.463622639999999885e-06 4.461407570000000322e-06 4.459382579999999941e-06 4.457538130000000136e-06 4.455865109999999834e-06 4.454354889999999706e-06 4.452998840000000422e-06 4.451788299999999791e-06 4.450715099999999728e-06 4.449771499999999685e-06 4.448949310000000234e-06 4.448241270000000028e-06 4.447640550000000335e-06 4.447139870000000160e-06 4.446732420000000422e-06 4.446411369999999850e-06 4.446171260000000238e-06 4.446005729999999690e-06 4.445909329999999824e-06 4.445876129999999670e-06 4.445900689999999823e-06 4.445978900000000409e-06 4.446104869999999754e-06 4.446274489999999680e-06 4.446483669999999962e-06 4.446727869999999799e-06 4.447003450000000388e-06 4.447306309999999986e-06 4.447633270000000185e-06 4.447980700000000312e-06 4.448345409999999595e-06 4.448724670000000200e-06 4.449115750000000060e-06 4.449515469999999921e-06 4.449922020000000206e-06 4.450332200000000318e-06 4.450744650000000406e-06 4.451157110000000318e-06 4.451567749999999982e-06 4.451974749999999993e-06 4.452375829999999706e-06 4.452770550000000064e-06 4.453157089999999973e-06 4.453533620000000204e-06 4.453900149999999736e-06 4.454254389999999790e-06 4.454595910000000290e-06 4.454923779999999767e-06 4.455237099999999615e-06 4.455535420000000107e-06 4.455817819999999602e-06 4.456083389999999667e-06
6.300197580000000375e-06 6.424104409999999731e-06 6.392582240000000375e-06 6.331100849999999735e-06 6.268736339999999908e-06 6.212248080000000345e-06 6.162602400000000322e-06 6.119224050000000422e-06 6.081207630000000261e-06 6.047664100000000352e-06 6.017817670000000154e-06 5.991014399999999619e-06 5.966715430000000259e-06 5.944481470000000339e-06 5.923957359999999855e-06 5.904860249999999586e-06 5.886966850000000372e-06 5.870102999999999793e-06 5.854134090000000197e-06 5.838956889999999599e-06 5.824492750000000055e-06 5.810682979999999788e-06 5.797481659999999937e-06 5.784855600000000173e-06 5.772777970000000366e-06 5.761228289999999918e-06 5.750189759999999720e-06 5.739647799999999823e-06 5.729590160000000047e-06 5.720004989999999970e-06 5.710881400000000111e-06 5.702208909999999723e-06 5.693976159999999950e-06 5.686172239999999968e-06 5.678785780000000247e-06 5.671805869999999964e-06 5.665220209999999818e-06 5.659017010000000026e-06 5.653183959999999769e-06 5.647709710000000013e-06 5.642580620000000409e-06 5.637784850000000358e-06 5.633310139999999856e-06 5.629143739999999875e-06 5.625273390000000411e-06 5.621686800000000293e-06 5.618371230000000316e-06 5.615315329999999754e-06 5.612506809999999978e-06 5.609934309999999589e-06 5.607585989999999683e-06 5.605450950000000108e-06 5.603517819999999642e-06 5.601776139999999727e-06 5.600215450000000114e-06 5.598825740000000278e-06 5.597597010000000367e-06 5.596519259999999681e-06 5.595583840000000088e-06 5.594781669999999991e-06 5.594103190000000287e-06 5.593541569999999705e-06 5.593087280000000309e-06 5.592733489999999981e-06 5.592472010000000141e-06 5.592296469999999916e-06 5.592199609999999652e-06 5.592175060000000170e-06 5.592216439999999928e-06 5.592317390000000417e-06 5.592472920000000265e-06 5.592676639999999798e-06 5.592924480000000135e-06 5.593210969999999854e-06 5.593531569999999852e-06 5.593881719999999682e-06 5.594257349999999613e-06 5.594654339999999947e-06 5.595069520000000409e-06 5.595498809999999750e-06 5.595939459999999643e-06 5.596387840000000259e-06 5.596841670000000104e-06 5.597298240000000147e-06 5.597754349999999793e-06 5.598208190000000310e-06 5.598657480000000203e-06 5.599100400000000071e-06 5.599534689999999762e-06 5.599958969999999777e-06 5.600371419999999864e-06 5.600771150000000397e-06 5.601156319999999783e-06 5.601525569999999864e-06 5.601878459999999892e-06 5.602213610000000366e-06 5.602530110000000315e-06 5.602827510000000011e-06 5.603104460000000276e-06 5.603361390000000340e-06
8.043348320000000506e-06 8.099772460000000408e-06 8.022854669999999978e-06 7.931397699999999693e-06 7.847888809999999712e-06 7.775604899999999283e-06 7.713631930000000562e-06 7.660305529999999682e-06 7.614045900000000344e-06 7.573524269999999731e-06 7.537659709999999596e-06 7.505581830000000132e-06 7.476591689999999839e-06 7.450129490000000078e-06 7.425749120000000207e-06 7.403098149999999752e-06 7.381899200000000062e-06 7.361938060000000187e-06 7.343049220000000075e-06 7.325106249999999981e-06 7.308013660000000165e-06 7.291698690000000117e-06 7.276107679999999581e-06 7.261198329999999696e-06 7.246939729999999934e-06 7.233306859999999744e-06 7.220279709999999595e-06 7.207841010000000158e-06 7.195976200000000284e-06 7.184672090000000196e-06 7.173915490000000117e-06 7.163693679999999644e-06 7.153993920000000421e-06 7.144803020000000129e-06 7.136107799999999663e-06 7.127895060000000266e-06 7.120150710000000168e-06 7.112860660000000138e-06 7.106010340000000051e-06 7.099585669999999653e-06 7.093570729999999641e-06 7.087951869999999839e-06 7.082713179999999920e-06 7.077840110000000255e-06 7.073317649999999971e-06 7.069131700000000011e-06 7.065266350000000050e-06 7.061707949999999911e-06 7.058441949999999967e-06 7.055454719999999689e-06 7.052731689999999801e-06 7.050259680000000350e-06 7.048025509999999689e-06 7.046015979999999908e-06 7.044218820000000334e-06 7.042621749999999620e-06 7.041212940000000379e-06 7.039980569999999969e-06 7.038913280000000380e-06 7.038001060000000242e-06 7.037232989999999753e-06 7.036599069999999906e-06 7.036090210000000128e-06 7.035695940000000343e-06 7.035408539999999652e-06 7.035218459999999623e-06 7.035118410000000281e-06 7.035100229999999978e-06 7.035156609999999938e-06 7.035279849999999757e-06 7.035464020000000159e-06 7.035702310000000369e-06 7.035988350000000362e-06 7.036316670000000412e-06 7.036682289999999819e-06 7.037079289999999978e-06 7.037502659999999868e-06 7.037948759999999836e-06 7.038412600000000205e-06 7.038890089999999903e-06 7.039377580000000301e-06 7.039871889999999603e-06 7.040368930000000126e-06 7.040866420000000376e-06 7.041360729999999679e-06 7.041849589999999752e-06 7.042330710000000124e-06 7.042801829999999796e-06 7.043260210000000265e-06 7.043704950000000382e-06 7.044133329999999599e-06 7.044543960000000284e-06 7.044935960000000094e-06 7.045307480000000151e-06 7.045657639999999804e-06 7.045985060000000402e-06 7.046288830000000124e-06 7.046568500000000091e-06 7.046823160000000179e-06 7.047052349999999990e-06
1.020448600000000034e-05 1.018317290000000056e-05 1.005533520000000074e-05 9.930157829999999939e-06 9.822693759999999379e-06 9.732396389999999170e-06 9.656288060000000505e-06 9.591504749999999217e-06 9.535720890000000209e-06 9.487112039999999818e-06 9.444258470000000696e-06 9.406043319999999832e-06 9.371586200000000109e-06 9.340189539999999702e-06 9.311303070000000447e-06 9.284493899999999263e-06 9.259424590000000285e-06 9.235834110000000011e-06 9.213520570000000677e-06 9.192332980000000691e-06 9.172153109999999561e-06 9.152896379999999219e-06 9.134496389999999355e-06 9.116903130000000036e-06 9.100080209999999488e-06 9.083997609999999351e-06 9.068631699999999248e-06 9.053962459999999822e-06 9.039972609999999379e-06 9.026647600000000830e-06 9.013970160000000609e-06 9.001927540000000534e-06 8.990504279999999158e-06 8.979684030000000488e-06 8.969452209999999491e-06 8.959793379999999452e-06 8.950690240000000719e-06 8.942125529999999549e-06 8.934083779999999755e-06 8.926545889999999388e-06 8.919494580000000142e-06 8.912912560000000494e-06 8.906781660000000813e-06 8.901083670000000476e-06 8.895800419999999852e-06 8.890915520000000261e-06 8.886409889999999405e-06 8.882267140000000300e-06 8.878469090000000100e-06 8.874999369999999775e-06 8.871840689999999498e-06 8.868977599999999339e-06 8.866393730000000269e-06 8.864072700000000043e-06 8.862000869999999157e-06 8.860163690000000524e-06 8.858544790000000030e-06 8.857132340000000291e-06 8.855911800000000654e-06 8.854870429999999376e-06 8.853995499999999617e-06 8.853276089999999882e-06 8.852700379999999222e-06 8.852256540000000252e-06 8.851933669999999431e-06 8.851722670000000594e-06 8.851613529999999831e-06 8.851597160000000800e-06 8.851663549999999589e-06 8.851805430000000109e-06 8.852015529999999492e-06 8.852284740000000056e-06 8.852605790000000628e-06 8.852973220000000460e-06 8.853379769999999898e-06 8.853819960000000239e-06 8.854287439999999413e-06 8.854776750000000060e-06 8.855284249999999986e-06 8.855803569999999168e-06 8.856331989999999596e-06 8.856864040000000699e-06 8.857396099999999931e-06 8.857924510000000535e-06 8.858447470000000215e-06 8.858960429999999196e-06 8.859460649999999820e-06 8.859947229999999246e-06 8.860415619999999391e-06 8.860864909999999285e-06 8.861292369999999399e-06 8.861697100000000282e-06 8.862077270000000165e-06 8.862431969999999770e-06 8.862758479999999396e-06 8.863056789999999217e-06 8.863325999999999781e-06 8.863564290000000838e-06 8.863771649999999176e-06 8.863948099999999526e-06
1.288720429999999997e-05 1.277751200000000039e-05 1.259237889999999919e-05 1.242902270000000053e-05 1.229423830000000040e-05 1.218327179999999924e-05 1.209086800000000053e-05 1.201282880000000071e-05 1.194599190000000032e-05 1.188797889999999963e-05 1.183698080000000015e-05 1.179160239999999928e-05 1.175075519999999949e-05 1.171358509999999970e-05 1.167942170000000072e-05 1.164773950000000002e-05 1.161813089999999963e-05 1.159027940000000046e-05 1.156394499999999928e-05 1.153894299999999988e-05 1.151513519999999987e-05 1.149241870000000078e-05 1.147071449999999980e-05 1.144996440000000010e-05 1.143012379999999999e-05 1.141115810000000016e-05 1.139303910000000082e-05 1.137574599999999935e-05 1.135925599999999945e-05 1.134355259999999927e-05 1.132861779999999961e-05 1.131443419999999916e-05 1.130098459999999992e-05 1.128825079999999939e-05 1.127621539999999967e-05 1.126485769999999979e-05 1.125416020000000022e-05 1.124410210000000005e-05 1.123466250000000011e-05 1.122582130000000077e-05 1.121755759999999948e-05 1.120984959999999931e-05 1.120267549999999997e-05 1.119601349999999946e-05 1.118984349999999982e-05 1.118414269999999967e-05 1.117889129999999917e-05 1.117406650000000033e-05 1.116964810000000017e-05 1.116561729999999995e-05 1.116195199999999955e-05 1.115863320000000035e-05 1.115564190000000034e-05 1.115295889999999934e-05 1.115056689999999938e-05 1.114844779999999960e-05 1.114658329999999928e-05 1.114495900000000037e-05 1.114355749999999991e-05 1.114236239999999938e-05 1.114136099999999973e-05 1.114053700000000070e-05 1.113987759999999991e-05 1.113936920000000053e-05 1.113899999999999957e-05 1.113875709999999979e-05 1.113862889999999976e-05 1.113860429999999947e-05 1.113867349999999977e-05 1.113882630000000009e-05 1.113905359999999919e-05 1.113934650000000077e-05 1.113969570000000033e-05 1.114009410000000048e-05 1.114053339999999950e-05 1.114100810000000073e-05 1.114151020000000055e-05 1.114203410000000067e-05 1.114257339999999991e-05 1.114312359999999930e-05 1.114367839999999928e-05 1.114423499999999987e-05 1.114478799999999925e-05 1.114533280000000023e-05 1.114586669999999936e-05 1.114638509999999944e-05 1.114688619999999987e-05 1.114736639999999944e-05 1.114782299999999981e-05 1.114825499999999987e-05 1.114865790000000068e-05 1.114903170000000054e-05 1.114937369999999939e-05 1.114968289999999954e-05 1.114995760000000033e-05 1.115019680000000066e-05 1.115039959999999940e-05 1.115056419999999933e-05 1.115069149999999990e-05 1.115077980000000045e-05
1.622171660000000097e-05 1.601231630000000109e-05 1.576248180000000117e-05 1.555565719999999974e-05 1.538954350000000130e-05 1.525474729999999988e-05 1.514347789999999981e-05 1.505004370000000045e-05 1.497033830000000007e-05 1.490135310000000072e-05 1.484083900000000030e-05 1.478707959999999996e-05 1.473874910000000068e-05 1.469481050000000072e-05 1.465445440000000065e-05 1.461705050000000063e-05 1.458210769999999924e-05 1.454924860000000051e-05 1.451818480000000010e-05 1.448869629999999958e-05 1.446062019999999967e-05 1.443383100000000041e-05 1.440823689999999999e-05 1.438376969999999918e-05 1.436037659999999958e-05 1.433801660000000070e-05 1.431665809999999971e-05 1.429627540000000037e-05 1.427684309999999948e-05 1.425834220000000012e-05 1.424075070000000041e-05 1.422404969999999997e-05 1.420821809999999977e-05 1.419323600000000005e-05 1.417908059999999941e-05 1.416573009999999924e-05 1.415316179999999978e-05 1.414135200000000019e-05 1.413027530000000066e-05 1.411990800000000034e-05 1.411022370000000002e-05 1.410119779999999941e-05 1.409280409999999919e-05 1.408501610000000020e-05 1.407780930000000041e-05 1.407115720000000065e-05 1.406503359999999993e-05 1.405941379999999968e-05 1.405427339999999949e-05 1.404958679999999968e-05 1.404532939999999994e-05 1.404147949999999991e-05 1.403801249999999928e-05 1.403490570000000001e-05 1.403213900000000074e-05 1.402968880000000057e-05 1.402753609999999919e-05 1.402565979999999926e-05 1.402404179999999991e-05 1.402266390000000035e-05 1.402150700000000033e-05 1.402055390000000013e-05 1.401978900000000076e-05 1.401919689999999973e-05 1.401876219999999961e-05 1.401846929999999972e-05 1.401830650000000039e-05 1.401826009999999979e-05 1.401831830000000000e-05 1.401846750000000081e-05 1.401869940000000050e-05 1.401900139999999994e-05 1.401936520000000080e-05 1.401977989999999952e-05 1.402023830000000048e-05 1.402073120000000081e-05 1.402125139999999979e-05 1.402179170000000012e-05 1.402234560000000065e-05 1.402290670000000019e-05 1.402346970000000027e-05 1.402402809999999976e-05 1.402457840000000079e-05 1.402511499999999997e-05 1.402563429999999950e-05 1.402613180000000043e-05 1.402660469999999936e-05 1.402705039999999957e-05 1.402746420000000053e-05 1.402784439999999989e-05 1.402818999999999994e-05 1.402849650000000003e-05 1.402876390000000017e-05 1.402898940000000036e-05 1.402917219999999940e-05 1.402931139999999951e-05 1.402940599999999962e-05 1.402945420000000083e-05 1.402945689999999919e-05 1.402941139999999973e-05
2.037170630000000138e-05 2.005022359999999911e-05 1.972704010000000038e-05 1.947048259999999975e-05 1.926828550000000016e-05 1.910590249999999965e-05 1.897271610000000086e-05 1.886134850000000118e-05 1.876661740000000047e-05 1.868480100000000047e-05 1.861314189999999967e-05 1.854955550000000103e-05 1.849244109999999977e-05 1.844055440000000155e-05 1.839292050000000079e-05 1.834878819999999995e-05 1.830757169999999926e-05 1.826881819999999943e-05 1.823218739999999888e-05 1.819741560000000030e-05 1.816431180000000118e-05 1.813272499999999841e-05 1.810254979999999844e-05 1.807370429999999851e-05 1.804612479999999838e-05 1.801976759999999919e-05 1.799459459999999867e-05 1.797057299999999983e-05 1.794767740000000115e-05 1.792588409999999841e-05 1.790516759999999862e-05 1.788550619999999973e-05 1.786687430000000036e-05 1.784924830000000128e-05 1.783260450000000166e-05 1.781691389999999879e-05 1.780215099999999970e-05 1.778828659999999841e-05 1.777528999999999833e-05 1.776313370000000093e-05 1.775178859999999848e-05 1.774122029999999832e-05 1.773139960000000127e-05 1.772229549999999906e-05 1.771387540000000132e-05 1.770611199999999925e-05 1.769897059999999867e-05 1.769242229999999852e-05 1.768643599999999907e-05 1.768098259999999935e-05 1.767603500000000059e-05 1.767156209999999966e-05 1.766753849999999846e-05 1.766393319999999886e-05 1.766072460000000046e-05 1.765788330000000078e-05 1.765538760000000116e-05 1.765321210000000008e-05 1.765133489999999900e-05 1.764973239999999871e-05 1.764838449999999955e-05 1.764726949999999948e-05 1.764636910000000114e-05 1.764566509999999865e-05 1.764513759999999901e-05 1.764477200000000095e-05 1.764455190000000087e-05 1.764446100000000020e-05 1.764448459999999941e-05 1.764460830000000048e-05 1.764482289999999882e-05 1.764511220000000090e-05 1.764546690000000050e-05 1.764587609999999918e-05 1.764632909999999834e-05 1.764681659999999856e-05 1.764732950000000029e-05 1.764785879999999883e-05 1.764839910000000085e-05 1.764894300000000068e-05 1.764948139999999877e-05 1.765001070000000069e-05 1.765052370000000067e-05 1.765101660000000099e-05 1.765148409999999982e-05 1.765192250000000108e-05 1.765232629999999964e-05 1.765269370000000000e-05 1.765302110000000095e-05 1.765330670000000020e-05 1.765354499999999938e-05 1.765373780000000081e-05 1.765387970000000098e-05 1.765397060000000164e-05 1.765400879999999876e-05 1.765399429999999910e-05 1.765392339999999983e-05 1.765379780000000162e-05 1.765361589999999865e-05 1.765337770000000110e-05
2.554306590000000152e-05 2.509557450000000101e-05 2.468887209999999838e-05 2.437516919999999838e-05 2.413124460000000030e-05 2.393682369999999840e-05 2.377809689999999874e-05 2.364577629999999899e-05 2.353346279999999981e-05 2.343660530000000038e-05 2.335186579999999959e-05 2.327673789999999926e-05 2.320929710000000162e-05 2.314805719999999840e-05 2.309185950000000083e-05 2.303980550000000094e-05 2.299119659999999973e-05 2.294549990000000085e-05 2.290230800000000116e-05 2.286131169999999879e-05 2.282228160000000103e-05 2.278504140000000148e-05 2.274946560000000020e-05 2.271545960000000044e-05 2.268295070000000065e-05 2.265188230000000135e-05 2.262221459999999961e-05 2.259390750000000116e-05 2.256693549999999948e-05 2.254126589999999920e-05 2.251687149999999989e-05 2.249372849999999908e-05 2.247180420000000140e-05 2.245107500000000086e-05 2.243150630000000155e-05 2.241306899999999911e-05 2.239572859999999928e-05 2.237945410000000056e-05 2.236420910000000135e-05 2.234995739999999994e-05 2.233666240000000162e-05 2.232428959999999856e-05 2.231279900000000151e-05 2.230215430000000035e-05 2.229231719999999971e-05 2.228325319999999854e-05 2.227492040000000027e-05 2.226728609999999937e-05 2.226031029999999981e-05 2.225396200000000010e-05 2.224820310000000137e-05 2.224299900000000093e-05 2.223831870000000067e-05 2.223412780000000118e-05 2.223039519999999933e-05 2.222709010000000027e-05 2.222418330000000143e-05 2.222164770000000064e-05 2.221945400000000046e-05 2.221757679999999938e-05 2.221598879999999874e-05 2.221467000000000054e-05 2.221359320000000097e-05 2.221273639999999985e-05 2.221208160000000134e-05 2.221160869999999903e-05 2.221129580000000113e-05 2.221112659999999891e-05 2.221108300000000169e-05 2.221115029999999976e-05 2.221131400000000023e-05 2.221155769999999953e-05 2.221187060000000081e-05 2.221223800000000117e-05 2.221264910000000039e-05 2.221309300000000000e-05 2.221356040000000058e-05 2.221404069999999840e-05 2.221452449999999917e-05 2.221500650000000104e-05 2.221547769999999931e-05 2.221592880000000132e-05 2.221635800000000140e-05 2.221675639999999986e-05 2.221712019999999902e-05 2.221744580000000106e-05 2.221772589999999856e-05 2.221795880000000103e-05 2.221814070000000061e-05 2.221826799999999949e-05 2.221833889999999875e-05 2.221834980000000060e-05 2.221830070000000164e-05 2.221818800000000067e-05 2.221801150000000119e-05 2.221776960000000081e-05 2.221746220000000126e-05 2.221708750000000025e-05 2.221664539999999955e-05 2.221613430000000011e-05
3.199467760000000054e-05 3.140514670000000235e-05 3.090293469999999944e-05 3.052329699999999806e-05 3.023095090000000009e-05 2.999920430000000148e-05 2.981064060000000125e-05 2.965378740000000147e-05 2.952085009999999869e-05 2.940632660000000077e-05 2.930621120000000070e-05 2.921749910000000160e-05 2.913790190000000154e-05 2.906564439999999845e-05 2.899935129999999965e-05 2.893795679999999889e-05 2.888063499999999831e-05 2.882674929999999848e-05 2.877582120000000051e-05 2.872748149999999835e-05 2.868146110000000136e-05 2.863755620000000125e-05 2.859561209999999886e-05 2.855552159999999833e-05 2.851719910000000087e-05 2.848058100000000107e-05 2.844561640000000107e-05 2.841226340000000092e-05 2.838048929999999846e-05 2.835025769999999887e-05 2.832153769999999892e-05 2.829429650000000158e-05 2.826850499999999914e-05 2.824412509999999949e-05 2.822112219999999995e-05 2.819945799999999837e-05 2.817909629999999983e-05 2.815999509999999933e-05 2.814211259999999858e-05 2.812540520000000034e-05 2.810982910000000073e-05 2.809534089999999904e-05 2.808189490000000100e-05 2.806944760000000086e-05 2.805795160000000031e-05 2.804736320000000052e-05 2.803763530000000128e-05 2.802872769999999994e-05 2.802059320000000145e-05 2.801319170000000138e-05 2.800647959999999912e-05 2.800041509999999975e-05 2.799495809999999883e-05 2.799007229999999979e-05 2.798571769999999982e-05 2.798185779999999909e-05 2.797845809999999992e-05 2.797548399999999963e-05 2.797290290000000108e-05 2.797068370000000114e-05 2.796879740000000051e-05 2.796721309999999932e-05 2.796590519999999958e-05 2.796484659999999911e-05 2.796401169999999993e-05 2.796338050000000063e-05 2.796292569999999918e-05 2.796263109999999862e-05 2.796247460000000055e-05 2.796243640000000005e-05 2.796250189999999921e-05 2.796265110000000002e-05 2.796287120000000011e-05 2.796314769999999980e-05 2.796346600000000119e-05 2.796381340000000015e-05 2.796417900000000160e-05 2.796455369999999922e-05 2.796492479999999903e-05 2.796528320000000146e-05 2.796562329999999978e-05 2.796593439999999877e-05 2.796621080000000022e-05 2.796644730000000050e-05 2.796663650000000073e-05 2.796677470000000145e-05 2.796685479999999851e-05 2.796687659999999882e-05 2.796683110000000106e-05 2.796672019999999899e-05 2.796653829999999941e-05 2.796628360000000003e-05 2.796595619999999908e-05 2.796555049999999997e-05 2.796506850000000149e-05 2.796450639999999916e-05 2.796386619999999856e-05 2.796314400000000035e-05 2.796234370000000047e-05 2.796146330000000014e-05
4.005186199999999786e-05 3.930164889999999901e-05 3.868975180000000231e-05 3.823377849999999757e-05 3.788507819999999718e-05 3.760973409999999800e-05 3.738622399999999687e-05 3.720058879999999754e-05 3.704341359999999692e-05 3.690810629999999776e-05 3.678988290000000013e-05 3.668516360000000082e-05 3.659123100000000108e-05 3.650597860000000196e-05 3.642777300000000330e-05 3.635535900000000213e-05 3.628775079999999780e-05 3.622419900000000185e-05 3.616413959999999786e-05 3.610713610000000206e-05 3.605286840000000058e-05 3.600109630000000049e-05 3.595164159999999825e-05 3.590437699999999839e-05 3.585920060000000013e-05 3.581603960000000029e-05 3.577483219999999915e-05 3.573553480000000288e-05 3.569810719999999863e-05 3.566250600000000261e-05 3.562869459999999980e-05 3.559663669999999701e-05 3.556629600000000104e-05 3.553762870000000125e-05 3.551059130000000204e-05 3.548513999999999954e-05 3.546123119999999992e-05 3.543881389999999689e-05 3.541783739999999924e-05 3.539825049999999743e-05 3.538000240000000200e-05 3.536303479999999925e-05 3.534730060000000254e-05 3.533274139999999995e-05 3.531929910000000135e-05 3.530692629999999829e-05 3.529556490000000066e-05 3.528516029999999759e-05 3.527566510000000095e-05 3.526702129999999854e-05 3.525918510000000005e-05 3.525210199999999962e-05 3.524572820000000016e-05 3.524001289999999866e-05 3.523491609999999908e-05 3.523038690000000018e-05 3.522638870000000048e-05 3.522288170000000045e-05 3.521982220000000123e-05 3.521717740000000242e-05 3.521490730000000123e-05 3.521298280000000009e-05 3.521137109999999861e-05 3.521003600000000185e-05 3.520895550000000283e-05 3.520809699999999766e-05 3.520743479999999687e-05 3.520694739999999829e-05 3.520661269999999669e-05 3.520640169999999955e-05 3.520629979999999879e-05 3.520628890000000033e-05 3.520634710000000223e-05 3.520645990000000145e-05 3.520661269999999669e-05 3.520679090000000021e-05 3.520697650000000263e-05 3.520716559999999783e-05 3.520734030000000178e-05 3.520749670000000161e-05 3.520762039999999929e-05 3.520770039999999811e-05 3.520773680000000309e-05 3.520771859999999721e-05 3.520763859999999839e-05 3.520748940000000096e-05 3.520727110000000318e-05 3.520697650000000263e-05 3.520660179999999823e-05 3.520614699999999677e-05 3.520560129999999804e-05 3.520497189999999765e-05 3.520424800000000217e-05 3.520343670000000220e-05 3.520252719999999752e-05 3.520152680000000235e-05 3.520043170000000204e-05 3.519924209999999987e-05 3.519795789999999758e-05 3.519657910000000196e-05
5.012355539999999897e-05 4.919077399999999891e-05 4.845242440000000259e-05 4.790777889999999991e-05 4.749331129999999969e-05 4.716692640000000157e-05 4.690241260000000258e-05 4.668293700000000112e-05 4.649723270000000143e-05 4.633743080000000286e-05 4.619784890000000255e-05 4.607424130000000042e-05 4.596338110000000072e-05 4.586278369999999879e-05 4.577050999999999895e-05 4.568507570000000025e-05 4.560531670000000026e-05 4.553035250000000040e-05 4.545950650000000185e-05 4.539227300000000192e-05 4.532826639999999773e-05 4.526721020000000316e-05 4.520889340000000073e-05 4.515316320000000198e-05 4.509990320000000310e-05 4.504902970000000244e-05 4.500047000000000183e-05 4.495416939999999893e-05 4.491008439999999815e-05 4.486816029999999715e-05 4.482836080000000275e-05 4.479063859999999795e-05 4.475495010000000247e-05 4.472124060000000042e-05 4.468946639999999971e-05 4.465957319999999778e-05 4.463149890000000017e-05 4.460519269999999709e-05 4.458058900000000130e-05 4.455762609999999778e-05 4.453624210000000212e-05 4.451637510000000281e-05 4.449795229999999665e-05 4.448091569999999855e-05 4.446519230000000206e-05 4.445072410000000177e-05 4.443744180000000081e-05 4.442528009999999991e-05 4.441418060000000068e-05 4.440407789999999881e-05 4.439491020000000136e-05 4.438662289999999747e-05 4.437915410000000272e-05 4.437244929999999772e-05 4.436645389999999871e-05 4.436111699999999766e-05 4.435639129999999788e-05 4.435222579999999990e-05 4.434857329999999850e-05 4.434539010000000160e-05 4.434263610000000139e-05 4.434026780000000227e-05 4.433825229999999884e-05 4.433654979999999832e-05 4.433512369999999925e-05 4.433394860000000013e-05 4.433298820000000097e-05 4.433222059999999986e-05 4.433160939999999857e-05 4.433113650000000303e-05 4.433077630000000169e-05 4.433050710000000264e-05 4.433031060000000177e-05 4.433016150000000259e-05 4.433004870000000337e-05 4.432995410000000326e-05 4.432985950000000315e-05 4.432975770000000063e-05 4.432963030000000012e-05 4.432946659999999965e-05 4.432925929999999856e-05 4.432899730000000192e-05 4.432866990000000097e-05 4.432827339999999966e-05 4.432779680000000129e-05 4.432723650000000126e-05 4.432658900000000001e-05 4.432584680000000040e-05 4.432500279999999828e-05 4.432406059999999823e-05 4.432301649999999743e-05 4.432186320000000199e-05 4.432060449999999946e-05 4.431923299999999770e-05 4.431775230000000132e-05 4.431615889999999719e-05 4.431445629999999843e-05 4.431264099999999870e-05 4.431071280000000150e-05 4.430867559999999939e-05
6.272413159999999915e-05 6.158277389999999992e-05 6.069803930000000213e-05 6.005006429999999924e-05 5.955864619999999831e-05 5.917236559999999667e-05 5.885963400000000106e-05 5.860030799999999717e-05 5.838096330000000256e-05 5.819226130000000336e-05 5.802745360000000074e-05 5.788152699999999854e-05 5.775066169999999705e-05 5.763191800000000219e-05 5.752301149999999944e-05 5.742218129999999667e-05 5.732805949999999671e-05 5.723960199999999875e-05 5.715601220000000236e-05 5.707668969999999970e-05 5.700118710000000175e-05 5.692916599999999730e-05 5.686039000000000127e-05 5.679467360000000270e-05 5.673188210000000044e-05 5.667191360000000051e-05 5.661468820000000233e-05 5.656013670000000052e-05 5.650821189999999665e-05 5.645884809999999847e-05 5.641200190000000185e-05 5.636761849999999944e-05 5.632564349999999719e-05 5.628601499999999713e-05 5.624867840000000196e-05 5.621356470000000278e-05 5.618060460000000273e-05 5.614973269999999752e-05 5.612087630000000253e-05 5.609395520000000211e-05 5.606889680000000310e-05 5.604562100000000168e-05 5.602405139999999683e-05 5.600410800000000329e-05 5.598570709999999907e-05 5.596877599999999954e-05 5.595323460000000088e-05 5.593900279999999923e-05 5.592600790000000320e-05 5.591417360000000325e-05 5.590343060000000253e-05 5.589370630000000111e-05 5.588492790000000257e-05 5.587703709999999999e-05 5.586996120000000196e-05 5.586364199999999981e-05 5.585802139999999666e-05 5.585304100000000089e-05 5.584864629999999988e-05 5.584478639999999915e-05 5.584140670000000138e-05 5.583846719999999701e-05 5.583591699999999831e-05 5.583371970000000032e-05 5.583182790000000133e-05 5.583021270000000028e-05 5.582883389999999789e-05 5.582765520000000095e-05 5.582665110000000294e-05 5.582579249999999952e-05 5.582504670000000210e-05 5.582439549999999802e-05 5.582380980000000326e-05 5.582327139999999839e-05 5.582275840000000181e-05 5.582225279999999734e-05 5.582173980000000075e-05 5.582120500000000048e-05 5.582062659999999959e-05 5.582000090000000203e-05 5.581930959999999690e-05 5.581854569999999862e-05 5.581770170000000328e-05 5.581676669999999886e-05 5.581572989999999870e-05 5.581459480000000237e-05 5.581334340000000048e-05 5.581198269999999894e-05 5.581049850000000299e-05 5.580889410000000215e-05 5.580716610000000189e-05 5.580531070000000111e-05 5.580332440000000026e-05 5.580121069999999890e-05 5.579896609999999746e-05 5.579658680000000164e-05 5.579408030000000180e-05 5.579144640000000146e-05 5.578867789999999820e-05 5.578578569999999726e-05
7.850075779999999409e-05 7.711955549999999421e-05 7.606462900000000285e-05 7.529585860000000672e-05 7.471416030000000244e-05 7.425745569999999654e-05 7.388791710000000600e-05 7.358157749999999541e-05 7.332250969999999386e-05 7.309964709999999398e-05 7.290501530000000334e-05 7.273267689999999446e-05 7.257814290000000161e-05 7.243792059999999743e-05 7.230933260000000631e-05 7.219029069999999954e-05 7.207917949999999990e-05 7.197476220000000003e-05 7.187610029999999593e-05 7.178249510000000392e-05 7.169340100000000317e-05 7.160843959999999323e-05 7.152731270000000285e-05 7.144980920000000275e-05 7.137577630000000448e-05 7.130508309999999440e-05 7.123764229999999338e-05 7.117338099999999997e-05 7.111221930000000005e-05 7.105410619999999412e-05 7.099896900000000433e-05 7.094675679999999554e-05 7.089738940000000632e-05 7.085080870000000591e-05 7.080693470000000227e-05 7.076569449999999396e-05 7.072700829999999897e-05 7.069078130000000038e-05 7.065692629999999696e-05 7.062536320000000519e-05 7.059599740000000465e-05 7.056871980000000572e-05 7.054345770000000344e-05 7.052009460000000255e-05 7.049855049999999746e-05 7.047871619999999352e-05 7.046051180000000372e-05 7.044384260000000259e-05 7.042860669999999616e-05 7.041471689999999675e-05 7.040210039999999440e-05 7.039065529999999511e-05 7.038031619999999460e-05 7.037098839999999448e-05 7.036259920000000338e-05 7.035508320000000344e-05 7.034836020000000611e-05 7.034236479999999355e-05 7.033703879999999773e-05 7.033231669999999577e-05 7.032814030000000610e-05 7.032445140000000649e-05 7.032120629999999808e-05 7.031833960000000367e-05 7.031582209999999358e-05 7.031360290000000042e-05 7.031163840000000326e-05 7.030989220000000389e-05 7.030832779999999908e-05 7.030691630000000130e-05 7.030562119999999378e-05 7.030441340000000605e-05 7.030327110000000055e-05 7.030216510000000178e-05 7.030108100000000495e-05 7.029998959999999393e-05 7.029886909999999889e-05 7.029771220000000564e-05 7.029649710000000372e-05 7.029521659999999749e-05 7.029384869999999355e-05 7.029237900000000064e-05 7.029081459999999583e-05 7.028913390000000579e-05 7.028732940000000627e-05 7.028540129999999377e-05 7.028333490000000263e-05 7.028113029999999721e-05 7.027878750000000462e-05 7.027629180000000500e-05 7.027365790000000465e-05 7.027086390000000164e-05 7.026792450000000228e-05 7.026482489999999524e-05 7.026157980000000039e-05 7.025818190000000351e-05 7.025462399999999545e-05 7.025092779999999519e-05 7.024707159999999729e-05 7.024307709999999365e-05
9.826755559999999395e-05 9.660869550000000664e-05 9.535506250000000536e-05 9.444464379999999745e-05 9.375678929999999456e-05 9.321708059999999382e-05 9.278050859999999525e-05 9.241862429999999685e-05 9.211257570000000255e-05 9.184928790000000394e-05 9.161934579999999467e-05 9.141574259999999741e-05 9.123315979999999993e-05 9.106750800000000372e-05 9.091560789999999766e-05 9.077499999999999740e-05 9.064377080000000529e-05 9.052046520000000260e-05 9.040398439999999976e-05 9.029348439999999463e-05 9.018833230000000082e-05 9.008807680000000288e-05 8.999236889999999943e-05 8.990096099999999864e-05 8.981366409999999676e-05 8.973033249999999594e-05 8.965085730000000306e-05 8.957515089999999681e-05 8.950312619999999456e-05 8.943470309999999922e-05 8.936982340000000212e-05 8.930839979999999703e-05 8.925035220000000042e-05 8.919560060000000670e-05 8.914405769999999608e-05 8.909562170000000670e-05 8.905020509999999516e-05 8.900769169999999482e-05 8.896798679999999375e-05 8.893097400000000172e-05 8.889654420000000200e-05 8.886458089999999931e-05 8.883496779999999488e-05 8.880759560000000261e-05 8.878234080000000099e-05 8.875909410000000391e-05 8.873774639999999466e-05 8.871818140000000156e-05 8.870028979999999787e-05 8.868396979999999461e-05 8.866910500000000153e-05 8.865560809999999885e-05 8.864337720000000612e-05 8.863231049999999373e-05 8.862232790000000528e-05 8.861333480000000676e-05 8.860525849999999323e-05 8.859800439999999846e-05 8.859150689999999455e-05 8.858568619999999949e-05 8.858048389999999457e-05 8.857582719999999691e-05 8.857165809999999434e-05 8.856791830000000025e-05 8.856454950000000094e-05 8.856150819999999404e-05 8.855875060000000280e-05 8.855621850000000496e-05 8.855388299999999947e-05 8.855170020000000452e-05 8.854963379999999983e-05 8.854765470000000138e-05 8.854572660000000243e-05 8.854382760000000104e-05 8.854193579999999528e-05 8.854002229999999763e-05 8.853805780000000047e-05 8.853604230000000381e-05 8.853393960000000592e-05 8.853174949999999678e-05 8.852945029999999803e-05 8.852703469999999547e-05 8.852448080000000072e-05 8.852178870000000524e-05 8.851895109999999484e-05 8.851596069999999599e-05 8.851280289999999382e-05 8.850948509999999401e-05 8.850599260000000380e-05 8.850233280000000175e-05 8.849849110000000013e-05 8.849447479999999957e-05 8.849028379999999505e-05 8.848591820000000516e-05 8.848137079999999360e-05 8.847664870000000520e-05 8.847175200000000430e-05 8.846668059999999946e-05 8.846144189999999633e-05 8.845603589999999491e-05
1.230482739999999944e-04 1.210661359999999946e-04 1.195796940000000067e-04 1.185027289999999989e-04 1.176897710000000000e-04 1.170520850000000027e-04 1.165362770000000014e-04 1.161086769999999989e-04 1.157470030000000031e-04 1.154358250000000054e-04 1.151640320000000048e-04 1.149233650000000025e-04 1.147075450000000022e-04 1.145117420000000050e-04 1.143322079999999980e-04 1.141660399999999936e-04 1.140109890000000066e-04 1.138653319999999964e-04 1.137277579999999974e-04 1.135972710000000049e-04 1.134731430000000005e-04 1.133548209999999984e-04 1.132418979999999986e-04 1.131340690000000001e-04 1.130311279999999993e-04 1.129328960000000067e-04 1.128392399999999981e-04 1.127500510000000025e-04 1.126652350000000025e-04 1.125846969999999981e-04 1.125083509999999943e-04 1.124361079999999942e-04 1.123678589999999998e-04 1.123035110000000032e-04 1.122429599999999998e-04 1.121860840000000028e-04 1.121327660000000052e-04 1.120828820000000013e-04 1.120363009999999994e-04 1.119928860000000048e-04 1.119525110000000061e-04 1.119150330000000053e-04 1.118803120000000064e-04 1.118482180000000001e-04 1.118185970000000056e-04 1.117913199999999961e-04 1.117662540000000017e-04 1.117432620000000006e-04 1.117222130000000013e-04 1.117029820000000018e-04 1.116854400000000025e-04 1.116694690000000006e-04 1.116549539999999948e-04 1.116417839999999951e-04 1.116298519999999952e-04 1.116190470000000051e-04 1.116092749999999937e-04 1.116004500000000065e-04 1.115924749999999975e-04 1.115852649999999946e-04 1.115787380000000001e-04 1.115728229999999997e-04 1.115674530000000035e-04 1.115625560000000011e-04 1.115580669999999947e-04 1.115539270000000032e-04 1.115500929999999952e-04 1.115464979999999945e-04 1.115431080000000013e-04 1.115398699999999970e-04 1.115367489999999996e-04 1.115336999999999991e-04 1.115307019999999981e-04 1.115277190000000049e-04 1.115247210000000038e-04 1.115216799999999985e-04 1.115185729999999993e-04 1.115153789999999954e-04 1.115120830000000061e-04 1.115086629999999972e-04 1.115051130000000064e-04 1.115014089999999939e-04 1.114975459999999934e-04 1.114935150000000001e-04 1.114893020000000021e-04 1.114849069999999996e-04 1.114803159999999942e-04 1.114755289999999995e-04 1.114705450000000059e-04 1.114653570000000008e-04 1.114599579999999985e-04 1.114543629999999934e-04 1.114485570000000046e-04 1.114425540000000035e-04 1.114363400000000051e-04 1.114299300000000040e-04 1.114233160000000048e-04 1.114165060000000027e-04 1.114095069999999969e-04 1.114023180000000049e-04
1.541300729999999961e-04 1.517699999999999919e-04 1.500100480000000067e-04 1.487368859999999905e-04 1.477762419999999980e-04 1.470227290000000037e-04 1.464131489999999966e-04 1.459077030000000073e-04 1.454801089999999944e-04 1.451121350000000052e-04 1.447906980000000039e-04 1.445060479999999998e-04 1.442507930000000123e-04 1.440192279999999881e-04 1.438069300000000092e-04 1.436104650000000009e-04 1.434271840000000042e-04 1.432550490000000039e-04 1.430925040000000103e-04 1.429383850000000126e-04 1.427918180000000065e-04 1.426521340000000090e-04 1.425188820000000060e-04 1.423916839999999902e-04 1.422702920000000037e-04 1.421544879999999962e-04 1.420441260000000088e-04 1.419390759999999919e-04 1.418392060000000122e-04 1.417444150000000123e-04 1.416545859999999990e-04 1.415696170000000005e-04 1.414893779999999940e-04 1.414137660000000117e-04 1.413426360000000096e-04 1.412758429999999977e-04 1.412132549999999887e-04 1.411547129999999944e-04 1.411000560000000075e-04 1.410491390000000113e-04 1.410017720000000059e-04 1.409578109999999975e-04 1.409170800000000118e-04 1.408794200000000065e-04 1.408446410000000089e-04 1.408126120000000004e-04 1.407831440000000044e-04 1.407560780000000056e-04 1.407312669999999952e-04 1.407085509999999890e-04 1.406877999999999916e-04 1.406688389999999973e-04 1.406515660000000074e-04 1.406358210000000105e-04 1.406215010000000116e-04 1.406084630000000129e-04 1.405965889999999982e-04 1.405857909999999936e-04 1.405759539999999980e-04 1.405669749999999892e-04 1.405587539999999874e-04 1.405512159999999940e-04 1.405442740000000044e-04 1.405378570000000041e-04 1.405318909999999906e-04 1.405263030000000117e-04 1.405210210000000027e-04 1.405160150000000021e-04 1.405111980000000053e-04 1.405065409999999926e-04 1.405020010000000003e-04 1.404975189999999930e-04 1.404930809999999997e-04 1.404886280000000121e-04 1.404841460000000048e-04 1.404795909999999911e-04 1.404749489999999998e-04 1.404701910000000112e-04 1.404653010000000079e-04 1.404602519999999894e-04 1.404550419999999909e-04 1.404496429999999886e-04 1.404440410000000114e-04 1.404382490000000074e-04 1.404322390000000071e-04 1.404260110000000105e-04 1.404195649999999906e-04 1.404128710000000129e-04 1.404059590000000118e-04 1.403987989999999988e-04 1.403914069999999913e-04 1.403837809999999972e-04 1.403759230000000086e-04 1.403678329999999983e-04 1.403595090000000014e-04 1.403509519999999869e-04 1.403421630000000050e-04 1.403331699999999980e-04 1.403239440000000004e-04 1.403145140000000048e-04
1.931311420000000065e-04 1.903282970000000037e-04 1.882465289999999867e-04 1.867418909999999971e-04 1.856066960000000087e-04 1.847161039999999890e-04 1.839954200000000050e-04 1.833976859999999890e-04 1.828918759999999906e-04 1.824565119999999898e-04 1.820761539999999907e-04 1.817392909999999918e-04 1.814372230000000079e-04 1.811632100000000012e-04 1.809120289999999979e-04 1.806796350000000064e-04 1.804628850000000089e-04 1.802593760000000120e-04 1.800672759999999905e-04 1.798851879999999973e-04 1.797120790000000128e-04 1.795471760000000088e-04 1.793899139999999932e-04 1.792398540000000125e-04 1.790966930000000034e-04 1.789601809999999892e-04 1.788301450000000107e-04 1.787063960000000098e-04 1.785888159999999972e-04 1.784772610000000064e-04 1.783715849999999972e-04 1.782716719999999995e-04 1.781773610000000061e-04 1.780885070000000001e-04 1.780049639999999956e-04 1.779265289999999906e-04 1.778530569999999954e-04 1.777843429999999888e-04 1.777202119999999924e-04 1.776604620000000003e-04 1.776048879999999914e-04 1.775533020000000120e-04 1.775054839999999927e-04 1.774612460000000069e-04 1.774203849999999986e-04 1.773827099999999990e-04 1.773480180000000061e-04 1.773161059999999909e-04 1.772867980000000061e-04 1.772599210000000110e-04 1.772352990000000043e-04 1.772127430000000094e-04 1.771921090000000052e-04 1.771732349999999886e-04 1.771559619999999986e-04 1.771401579999999935e-04 1.771256940000000008e-04 1.771124079999999903e-04 1.771002130000000113e-04 1.770889940000000085e-04 1.770786039999999999e-04 1.770689850000000006e-04 1.770600210000000132e-04 1.770516250000000059e-04 1.770437080000000090e-04 1.770362000000000042e-04 1.770290399999999912e-04 1.770221419999999885e-04 1.770154490000000068e-04 1.770089150000000132e-04 1.770024679999999972e-04 1.769960950000000108e-04 1.769897210000000013e-04 1.769833319999999975e-04 1.769768710000000104e-04 1.769703229999999915e-04 1.769636440000000080e-04 1.769568190000000117e-04 1.769498340000000042e-04 1.769426449999999987e-04 1.769352680000000125e-04 1.769276570000000127e-04 1.769198129999999952e-04 1.769117370000000103e-04 1.769034130000000135e-04 1.768948130000000082e-04 1.768859659999999869e-04 1.768768419999999883e-04 1.768674560000000067e-04 1.768577929999999934e-04 1.768478689999999930e-04 1.768376679999999882e-04 1.768271900000000060e-04 1.768164660000000039e-04 1.768054640000000014e-04 1.767942160000000060e-04 1.767827199999999987e-04 1.767709760000000065e-04 1.767589859999999945e-04 1.767467619999999958e-04
2.420865639999999954e-04 2.387645799999999928e-04 2.363037350000000080e-04 2.345257380000000005e-04 2.331840370000000102e-04 2.321310890000000007e-04 2.312786820000000028e-04 2.305714440000000134e-04 2.299727930000000024e-04 2.294574079999999914e-04 2.290070410000000104e-04 2.286081870000000022e-04 2.282505009999999954e-04 2.279260950000000128e-04 2.276287559999999978e-04 2.273537249999999931e-04 2.270973049999999987e-04 2.268566169999999989e-04 2.266295049999999893e-04 2.264143260000000028e-04 2.262098280000000004e-04 2.260151090000000085e-04 2.258294989999999939e-04 2.256524599999999920e-04 2.254836440000000111e-04 2.253227290000000096e-04 2.251694969999999912e-04 2.250237590000000066e-04 2.248853419999999879e-04 2.247540539999999976e-04 2.246297660000000091e-04 2.245122889999999916e-04 2.244014469999999978e-04 2.242970509999999969e-04 2.241989130000000081e-04 2.241068290000000065e-04 2.240205650000000055e-04 2.239399180000000030e-04 2.238646410000000103e-04 2.237945150000000079e-04 2.237292790000000088e-04 2.236686999999999953e-04 2.236125440000000079e-04 2.235605500000000054e-04 2.235124849999999973e-04 2.234681159999999929e-04 2.234271960000000035e-04 2.233895210000000039e-04 2.233548440000000053e-04 2.233229610000000097e-04 2.232936679999999920e-04 2.232667470000000102e-04 2.232420230000000045e-04 2.232193069999999983e-04 2.231984250000000093e-04 2.231792020000000049e-04 2.231614780000000010e-04 2.231451070000000118e-04 2.231299439999999933e-04 2.231158580000000080e-04 2.231027169999999873e-04 2.230904210000000053e-04 2.230788379999999933e-04 2.230678800000000046e-04 2.230574460000000093e-04 2.230474350000000042e-04 2.230378010000000106e-04 2.230284299999999960e-04 2.230192770000000049e-04 2.230102690000000036e-04 2.230013490000000030e-04 2.229924719999999932e-04 2.229835810000000123e-04 2.229746309999999961e-04 2.229655949999999982e-04 2.229564270000000128e-04 2.229470989999999891e-04 2.229375970000000101e-04 2.229278760000000118e-04 2.229179229999999918e-04 2.229077360000000123e-04 2.228972879999999916e-04 2.228865489999999952e-04 2.228755329999999944e-04 2.228642410000000122e-04 2.228526280000000116e-04 2.228407250000000043e-04 2.228285010000000056e-04 2.228159860000000043e-04 2.228031520000000037e-04 2.227900110000000100e-04 2.227765800000000096e-04 2.227628279999999909e-04 2.227487999999999907e-04 2.227344669999999896e-04 2.227198570000000111e-04 2.227049550000000067e-04 2.226897919999999882e-04 2.226743529999999883e-04 2.226586660000000036e-04
3.035566770000000243e-04 2.996257969999999919e-04 2.967181790000000038e-04 2.946170859999999833e-04 2.930309269999999871e-04 2.917855160000000243e-04 2.907768069999999965e-04 2.899395769999999883e-04 2.892306660000000160e-04 2.886201839999999810e-04 2.880866520000000030e-04 2.876140930000000090e-04 2.871903709999999743e-04 2.868060550000000155e-04 2.864539270000000261e-04 2.861283140000000147e-04 2.858248189999999865e-04 2.855400669999999834e-04 2.852714969999999928e-04 2.850171590000000004e-04 2.847755389999999842e-04 2.845456180000000045e-04 2.843264960000000253e-04 2.841176469999999801e-04 2.839185470000000111e-04 2.837288779999999795e-04 2.835483760000000186e-04 2.833767499999999902e-04 2.832137979999999966e-04 2.830593439999999823e-04 2.829131550000000108e-04 2.827750290000000219e-04 2.826447890000000182e-04 2.825221450000000201e-04 2.824068649999999787e-04 2.822987440000000086e-04 2.821974629999999748e-04 2.821027879999999993e-04 2.820144289999999940e-04 2.819320939999999873e-04 2.818554640000000069e-04 2.817843050000000123e-04 2.817182689999999843e-04 2.816571209999999947e-04 2.816005140000000205e-04 2.815481860000000245e-04 2.814998729999999773e-04 2.814553149999999963e-04 2.814141920000000048e-04 2.813762990000000090e-04 2.813413449999999788e-04 2.813091560000000133e-04 2.812794409999999743e-04 2.812520250000000188e-04 2.812266759999999897e-04 2.812032179999999939e-04 2.811814479999999753e-04 2.811611919999999786e-04 2.811423039999999909e-04 2.811245790000000181e-04 2.811079610000000130e-04 2.810922159999999889e-04 2.810772860000000152e-04 2.810630250000000245e-04 2.810493459999999851e-04 2.810361039999999884e-04 2.810232689999999918e-04 2.810106959999999782e-04 2.809983270000000169e-04 2.809861030000000183e-04 2.809739669999999933e-04 2.809618310000000225e-04 2.809496650000000090e-04 2.809374130000000139e-04 2.809250439999999983e-04 2.809124999999999773e-04 2.808997520000000125e-04 2.808867719999999990e-04 2.808735589999999949e-04 2.808600550000000151e-04 2.808462889999999981e-04 2.808321730000000243e-04 2.808177670000000167e-04 2.808030399999999907e-04 2.807879350000000115e-04 2.807725399999999984e-04 2.807567649999999858e-04 2.807406420000000086e-04 2.807241690000000203e-04 2.807073760000000097e-04 2.806902049999999917e-04 2.806727130000000094e-04 2.806549020000000008e-04 2.806367409999999812e-04 2.806182599999999935e-04 2.805994589999999834e-04 2.805803669999999976e-04 2.805609839999999820e-04 2.805413099999999908e-04 2.805213439999999737e-04
3.807643079999999776e-04 3.761187250000000231e-04 3.726839790000000007e-04 3.702007530000000265e-04 3.683249519999999967e-04 3.668512219999999955e-04 3.656570040000000103e-04 3.646653489999999802e-04 3.638253840000000043e-04 3.631018630000000264e-04 3.624694650000000141e-04 3.619093040000000258e-04 3.614070299999999928e-04 3.609515839999999777e-04 3.605343810000000235e-04 3.601487259999999941e-04 3.597893810000000027e-04 3.594524169999999737e-04 3.591347189999999942e-04 3.588340190000000192e-04 3.585485100000000052e-04 3.582769420000000136e-04 3.580183259999999848e-04 3.577719040000000203e-04 3.575371229999999988e-04 3.573135759999999743e-04 3.571009149999999823e-04 3.568988180000000083e-04 3.567070530000000035e-04 3.565253569999999889e-04 3.563534409999999809e-04 3.561910999999999853e-04 3.560380139999999799e-04 3.558939499999999741e-04 3.557585879999999997e-04 3.556316079999999802e-04 3.555126900000000014e-04 3.554015419999999835e-04 3.552977579999999766e-04 3.552010460000000090e-04 3.551110280000000191e-04 3.550273539999999959e-04 3.549496759999999748e-04 3.548776729999999916e-04 3.548109379999999920e-04 3.547491510000000078e-04 3.546920200000000132e-04 3.546391959999999934e-04 3.545903309999999834e-04 3.545451909999999970e-04 3.545034270000000189e-04 3.544647770000000121e-04 3.544290079999999859e-04 3.543958010000000224e-04 3.543649510000000192e-04 3.543362549999999741e-04 3.543094500000000167e-04 3.542843329999999821e-04 3.542607590000000162e-04 3.542384950000000200e-04 3.542173939999999845e-04 3.541973129999999932e-04 3.541781039999999871e-04 3.541596519999999919e-04 3.541417540000000056e-04 3.541243789999999896e-04 3.541074109999999735e-04 3.540907059999999907e-04 3.540742330000000025e-04 3.540578759999999845e-04 3.540415780000000017e-04 3.540252510000000265e-04 3.540088950000000044e-04 3.539923930000000237e-04 3.539757159999999832e-04 3.539588359999999950e-04 3.539417230000000162e-04 3.539243480000000002e-04 3.539066530000000159e-04 3.538886670000000018e-04 3.538703019999999842e-04 3.538516179999999945e-04 3.538325550000000013e-04 3.538130840000000121e-04 3.537932640000000079e-04 3.537730370000000037e-04 3.537524319999999921e-04 3.537314479999999770e-04 3.537100570000000161e-04 3.536882869999999975e-04 3.536661390000000256e-04 3.536436119999999961e-04 3.536207080000000093e-04 3.535974540000000116e-04 3.535738509999999989e-04 3.535499270000000221e-04 3.535256550000000263e-04 3.535010620000000122e-04 3.534761489999999756e-04 3.534509740000000102e-04
4.777675200000000176e-04 4.722814190000000200e-04 4.682240250000000033e-04 4.652883800000000075e-04 4.630690669999999840e-04 4.613243509999999967e-04 4.599097300000000010e-04 4.587345760000000050e-04 4.577387880000000097e-04 4.568808650000000162e-04 4.561308889999999834e-04 4.554665359999999922e-04 4.548708970000000075e-04 4.543309039999999881e-04 4.538363719999999736e-04 4.533794129999999868e-04 4.529538560000000201e-04 4.525549300000000015e-04 4.521790829999999752e-04 4.518234929999999957e-04 4.514861210000000249e-04 4.511653390000000085e-04 4.508600399999999789e-04 4.505693210000000204e-04 4.502924859999999870e-04 4.500290380000000214e-04 4.497785410000000226e-04 4.495406169999999831e-04 4.493149459999999889e-04 4.491012080000000178e-04 4.488990819999999970e-04 4.487082480000000127e-04 4.485283859999999881e-04 4.483591470000000169e-04 4.482001529999999831e-04 4.480510539999999842e-04 4.479114139999999735e-04 4.477808829999999941e-04 4.476589970000000029e-04 4.475453460000000118e-04 4.474395250000000128e-04 4.473410950000000254e-04 4.472496219999999947e-04 4.471647259999999755e-04 4.470859709999999753e-04 4.470129499999999940e-04 4.469452539999999854e-04 4.468825349999999848e-04 4.468243859999999922e-04 4.467704859999999892e-04 4.467204560000000266e-04 4.466740070000000122e-04 4.466307580000000049e-04 4.465904790000000020e-04 4.465528759999999858e-04 4.465176610000000227e-04 4.464845699999999752e-04 4.464534289999999963e-04 4.464239460000000059e-04 4.463959489999999868e-04 4.463692599999999995e-04 4.463436779999999798e-04 4.463190269999999806e-04 4.462951909999999774e-04 4.462719950000000190e-04 4.462493230000000267e-04 4.462270589999999763e-04 4.462051150000000024e-04 4.461833449999999838e-04 4.461616919999999856e-04 4.461400970000000267e-04 4.461184439999999743e-04 4.460967030000000024e-04 4.460747880000000211e-04 4.460526689999999876e-04 4.460303170000000177e-04 4.460076450000000255e-04 4.459846820000000034e-04 4.459613700000000206e-04 4.459376509999999835e-04 4.459135819999999898e-04 4.458890760000000075e-04 4.458641630000000251e-04 4.458388429999999886e-04 4.458130570000000252e-04 4.457868640000000075e-04 4.457602340000000013e-04 4.457331670000000065e-04 4.457056640000000192e-04 4.456777529999999816e-04 4.456494060000000057e-04 4.456206810000000224e-04 4.455915189999999962e-04 4.455620070000000134e-04 4.455321180000000191e-04 4.455018500000000213e-04 4.454712330000000086e-04 4.454402659999999849e-04 4.454090089999999816e-04 4.453774310000000142e-04
5.996766270000000384e-04 5.931996269999999715e-04 5.884055860000000047e-04 5.849335579999999845e-04 5.823066460000000119e-04 5.802399829999999471e-04 5.785634279999999534e-04 5.771700530000000101e-04 5.759889609999999972e-04 5.749711420000000505e-04 5.740812629999999736e-04 5.732929569999999564e-04 5.725863159999999667e-04 5.719457989999999787e-04 5.713594149999999842e-04 5.708177920000000270e-04 5.703135980000000223e-04 5.698413009999999572e-04 5.693965360000000347e-04 5.689759859999999562e-04 5.685772630000000480e-04 5.681983889999999739e-04 5.678379679999999994e-04 5.674950079999999683e-04 5.671685790000000190e-04 5.668581579999999644e-04 5.665631029999999846e-04 5.662830079999999671e-04 5.660174650000000243e-04 5.657660660000000518e-04 5.655284620000000347e-04 5.653041879999999879e-04 5.650928940000000088e-04 5.648940570000000189e-04 5.647073270000000072e-04 5.645322379999999926e-04 5.643682670000000050e-04 5.642148899999999698e-04 5.640716989999999993e-04 5.639380540000000488e-04 5.638136059999999949e-04 5.636977150000000098e-04 5.635899719999999929e-04 5.634897969999999850e-04 5.633967230000000090e-04 5.633102849999999714e-04 5.632299580000000184e-04 5.631553940000000227e-04 5.630860690000000180e-04 5.630215750000000085e-04 5.629615039999999980e-04 5.629055089999999636e-04 5.628531800000000258e-04 5.628042270000000423e-04 5.627582430000000130e-04 5.627149950000000017e-04 5.626741329999999973e-04 5.626354249999999512e-04 5.625985800000000503e-04 5.625634220000000222e-04 5.625296620000000457e-04 5.624971239999999569e-04 5.624656330000000213e-04 5.624349579999999692e-04 5.624050390000000406e-04 5.623756439999999697e-04 5.623467149999999883e-04 5.623180770000000368e-04 5.622896130000000405e-04 5.622612660000000104e-04 5.622329189999999803e-04 5.622045139999999651e-04 5.621759919999999838e-04 5.621472369999999576e-04 5.621182499999999912e-04 5.620889709999999989e-04 5.620593439999999876e-04 5.620293089999999804e-04 5.619989239999999622e-04 5.619681320000000525e-04 5.619368169999999557e-04 5.619050929999999753e-04 5.618729050000000058e-04 5.618402499999999508e-04 5.618071300000000191e-04 5.617734860000000129e-04 5.617393760000000255e-04 5.617048590000000381e-04 5.616698179999999761e-04 5.616343110000000414e-04 5.615983969999999983e-04 5.615620179999999701e-04 5.615251719999999648e-04 5.614879770000000530e-04 5.614503750000000327e-04 5.614124239999999976e-04 5.613740649999999664e-04 5.613353570000000287e-04 5.612963579999999527e-04 5.612570089999999743e-04
7.529271529999999541e-04 7.452786669999999798e-04 7.396116850000000178e-04 7.355031560000000086e-04 7.323920139999999480e-04 7.299426939999999631e-04 7.279546699999999825e-04 7.263016890000000090e-04 7.249001060000000119e-04 7.236920060000000396e-04 7.226356539999999979e-04 7.216999659999999515e-04 7.208612510000000223e-04 7.201012340000000501e-04 7.194057109999999790e-04 7.187635060000000138e-04 7.181661199999999625e-04 7.176067450000000320e-04 7.170803149999999734e-04 7.165829299999999747e-04 7.161116229999999654e-04 7.156641220000000249e-04 7.152386819999999703e-04 7.148340810000000222e-04 7.144492120000000505e-04 7.140834350000000103e-04 7.137359929999999991e-04 7.134063049999999533e-04 7.130939050000000001e-04 7.127982679999999606e-04 7.125189880000000475e-04 7.122554230000000073e-04 7.120071680000000488e-04 7.117736390000000118e-04 7.115543120000000386e-04 7.113486059999999571e-04 7.111559970000000180e-04 7.109757859999999785e-04 7.108074499999999770e-04 7.106503469999999765e-04 7.105038380000000368e-04 7.103673419999999858e-04 7.102402160000000075e-04 7.101218800000000343e-04 7.100117510000000104e-04 7.099093049999999697e-04 7.098139029999999718e-04 7.097250780000000396e-04 7.096422490000000010e-04 7.095649489999999874e-04 7.094927709999999986e-04 7.094251339999999711e-04 7.093617459999999875e-04 7.093020829999999730e-04 7.092458550000000023e-04 7.091926529999999750e-04 7.091421279999999844e-04 7.090940489999999780e-04 7.090480069999999637e-04 7.090038269999999901e-04 7.089612190000000235e-04 7.089199500000000192e-04 7.088798450000000258e-04 7.088406709999999986e-04 7.088022539999999823e-04 7.087644190000000257e-04 7.087269909999999607e-04 7.086899710000000002e-04 7.086530680000000058e-04 7.086162799999999855e-04 7.085794929999999613e-04 7.085425899999999669e-04 7.085055110000000253e-04 7.084681420000000498e-04 7.084305400000000296e-04 7.083925879999999984e-04 7.083542299999999632e-04 7.083154630000000444e-04 7.082762900000000132e-04 7.082365920000000198e-04 7.081963699999999518e-04 7.081556830000000071e-04 7.081144719999999879e-04 7.080727370000000024e-04 7.080304790000000468e-04 7.079877540000000056e-04 7.079444480000000092e-04 7.079006750000000356e-04 7.078563789999999835e-04 7.078116179999999463e-04 7.077663900000000403e-04 7.077206389999999474e-04 7.076745389999999480e-04 7.076279729999999674e-04 7.075809410000000058e-04 7.075336180000000143e-04 7.074858880000000228e-04 7.074377500000000353e-04 7.073893210000000180e-04 7.073406009999999708e-04
9.456226250000000170e-04 9.365860019999999861e-04 9.298831569999999698e-04 9.250186849999999725e-04 9.213319280000000378e-04 9.184275989999999721e-04 9.160690240000000538e-04 9.141070769999999580e-04 9.124430940000000361e-04 9.110086250000000397e-04 9.097541330000000421e-04 9.086430069999999661e-04 9.076471910000000285e-04 9.067450880000000072e-04 9.059198200000000145e-04 9.051582310000000353e-04 9.044501929999999900e-04 9.037876150000000077e-04 9.031645599999999592e-04 9.025761969999999577e-04 9.020190919999999555e-04 9.014904499999999536e-04 9.009882920000000534e-04 9.005109900000000380e-04 9.000573190000000319e-04 8.996263499999999523e-04 8.992172080000000430e-04 8.988292540000000384e-04 8.984617890000000211e-04 8.981141729999999462e-04 8.977858229999999750e-04 8.974761590000000398e-04 8.971844800000000142e-04 8.969102050000000515e-04 8.966525780000000282e-04 8.964109580000000120e-04 8.961846469999999731e-04 8.959728290000000279e-04 8.957748650000000191e-04 8.955899980000000442e-04 8.954174699999999879e-04 8.952565260000000481e-04 8.951064659999999860e-04 8.949665349999999997e-04 8.948361500000000333e-04 8.947144959999999824e-04 8.946010489999999893e-04 8.944950530000000391e-04 8.943959839999999486e-04 8.943032589999999876e-04 8.942162389999999987e-04 8.941345149999999900e-04 8.940575060000000062e-04 8.939848050000000473e-04 8.939158870000000427e-04 8.938504029999999774e-04 8.937880050000000494e-04 8.937282249999999604e-04 8.936708329999999787e-04 8.936154190000000080e-04 8.935618099999999807e-04 8.935096559999999941e-04 8.934587240000000036e-04 8.934088400000000539e-04 8.933597709999999918e-04 8.933113419999999744e-04 8.932633790000000466e-04 8.932157650000000252e-04 8.931682679999999701e-04 8.931209449999999786e-04 8.930735060000000169e-04 8.930260079999999658e-04 8.929782779999999743e-04 8.929302569999999530e-04 8.928818860000000291e-04 8.928331659999999819e-04 8.927839809999999496e-04 8.927343300000000446e-04 8.926842130000000501e-04 8.926335139999999960e-04 8.925822909999999756e-04 8.925305449999999851e-04 8.924782740000000323e-04 8.924253630000000348e-04 8.923719289999999587e-04 8.923179700000000289e-04 8.922634300000000353e-04 8.922083649999999711e-04 8.921527770000000452e-04 8.920967230000000298e-04 8.920401450000000482e-04 8.919830429999999919e-04 8.919255920000000292e-04 8.918676179999999879e-04 8.918092940000000440e-04 8.917505619999999958e-04 8.916914810000000410e-04 8.916320509999999628e-04 8.915722719999999782e-04 8.915122599999999488e-04
