1.326615749999999886e-04 1.889155830000000045e-05 4.805720440000000030e-06 1.621998190000000097e-06 6.758301080000000054e-07 3.353105170000000254e-07 1.913936389999999873e-07 1.222611269999999962e-07 8.585762859999999768e-08 6.573543489999999404e-08 5.483016349999999947e-08 4.995531100000000284e-08 4.972334370000000000e-08 5.369037840000000119e-08 6.198250449999999579e-08 7.512889509999999529e-08 9.399106910000000485e-08 1.197405769999999876e-07 1.538629990000000024e-07 1.981778870000000032e-07 2.548689790000000073e-07 3.265222400000000141e-07 4.161700249999999851e-07 5.273405460000000310e-07 6.641128039999999895e-07 8.311756120000000261e-07 1.033892090000000066e-06 1.278368810000000056e-06 1.571529539999999911e-06 1.921194100000000116e-06 2.336162419999999808e-06 2.826304129999999890e-06 3.402652059999999789e-06 4.077503949999999641e-06 4.864526090000000167e-06 5.778867490000000289e-06 6.837273760000000271e-06 8.058214919999999264e-06 9.462009979999999566e-06 1.107096979999999926e-05 1.290953330000000075e-05 1.500441979999999969e-05 1.738478749999999910e-05 2.008239060000000168e-05 2.313176080000000113e-05 2.657036929999999892e-05 3.043882499999999905e-05 3.478106740000000093e-05 3.964455749999999689e-05 4.508049820000000087e-05 5.114403389999999829e-05 5.789450370000000224e-05 6.539564489999999928e-05 7.371585529999999506e-05 8.292842540000000529e-05 9.311182660000000603e-05 1.043499509999999946e-04 1.167324010000000034e-04 1.303547759999999951e-04 1.453189619999999984e-04 1.617334639999999939e-04 1.797136649999999910e-04 1.993822079999999918e-04 2.208693190000000017e-04 2.443130940000000210e-04 2.698599709999999750e-04 2.976649850000000230e-04 3.278921359999999825e-04 3.607148829999999844e-04 3.963164640000000076e-04 4.348903019999999912e-04 4.766404449999999738e-04 5.217819710000000475e-04 5.705413639999999936e-04 6.231571900000000509e-04 6.798802060000000468e-04 7.409741519999999727e-04 8.067160960000000153e-04 8.773967270000000360e-04 9.533212869999999669e-04 1.034809739999999895e-03 1.122197369999999948e-03 1.215835219999999951e-03 1.316090929999999982e-03 1.423348909999999894e-03 1.538011250000000021e-03 1.660497859999999961e-03 1.791247520000000025e-03 1.930717960000000047e-03 2.079386730000000027e-03 2.237751850000000136e-03 2.406332639999999787e-03 2.585668819999999927e-03 2.776323580000000096e-03 2.978882050000000205e-03 3.193952380000000119e-03 3.422167380000000047e-03 3.664183660000000075e-03 3.920682709999999752e-03 4.192371389999999601e-03
1.882898360000000062e-04 2.681996189999999845e-05 6.822791869999999654e-06 2.302799890000000025e-06 9.594936050000000781e-07 4.760442489999999745e-07 2.717184489999999859e-07 1.735661499999999954e-07 1.218794380000000030e-07 9.330637600000000258e-08 7.781674329999999387e-08 7.088569019999999416e-08 7.054222809999999889e-08 7.615482639999999363e-08 8.790084389999999566e-08 1.065295120000000049e-07 1.332614940000000099e-07 1.697570719999999991e-07 2.181218260000000034e-07 2.809347000000000175e-07 3.612910290000000017e-07 4.628562919999999994e-07 5.899286750000000003e-07 7.475094319999999526e-07 9.413802790000000356e-07 1.178187630000000023e-06 1.465533609999999934e-06 1.812074059999999904e-06 2.227623330000000206e-06 2.723266109999999924e-06 3.311475889999999971e-06 4.006242759999999966e-06 4.823205470000000404e-06 5.779795629999999732e-06 6.895385919999999830e-06 8.191447710000000526e-06 9.691719240000000227e-06 1.142238029999999937e-05 1.341223290000000043e-05 1.569290000000000013e-05 1.829902429999999926e-05 2.126847900000000064e-05 2.464259159999999851e-05 2.846637469999999917e-05 3.278876830000000084e-05 3.766288859999999830e-05 4.314629040000000302e-05 4.930125210000000209e-05 5.619504369999999869e-05 6.390022459999999710e-05 7.249496410000000281e-05 8.206335769999999457e-05 9.269572179999999780e-05 1.044889870000000065e-04 1.175470389999999979e-04 1.319810540000000102e-04 1.479099010000000010e-04 1.654605729999999921e-04 1.847684909999999933e-04 2.059780240000000113e-04 2.292428689999999954e-04 2.547265319999999751e-04 2.826026760000000253e-04 3.130557890000000088e-04 3.462814489999999816e-04 3.824870509999999985e-04 4.218920370000000066e-04 4.647287129999999968e-04 5.112426009999999519e-04 5.616930429999999813e-04 6.163538780000000009e-04 6.755137000000000034e-04 7.394768179999999629e-04 8.085637820000000095e-04 8.831117300000000192e-04 9.634754969999999525e-04 1.050027669999999960e-03 1.143159929999999899e-03 1.243282920000000078e-03 1.350827860000000007e-03 1.466246550000000013e-03 1.590011990000000063e-03 1.722619990000000051e-03 1.864588699999999944e-03 2.016460290000000009e-03 2.178801220000000163e-03 2.352203240000000101e-03 2.537283579999999837e-03 2.734686950000000168e-03 2.945084360000000019e-03 3.169176169999999865e-03 3.407690909999999945e-03 3.661387129999999802e-03 3.931053910000000158e-03 4.217511040000000017e-03 4.521610219999999680e-03 4.844236650000000033e-03 5.186307240000000152e-03 5.548773800000000173e-03 5.932622119999999763e-03
2.672239790000000177e-04 3.807537719999999832e-05 9.686458720000000529e-06 3.269355370000000087e-06 1.362218999999999951e-06 6.758462520000000165e-07 3.857546739999999844e-07 2.464008159999999783e-07 1.730145129999999981e-07 1.324413860000000118e-07 1.104401970000000015e-07 1.005856730000000032e-07 1.000780119999999951e-07 1.080187030000000039e-07 1.246572200000000064e-07 1.510543649999999978e-07 1.889396800000000003e-07 2.406660259999999810e-07 3.092177110000000203e-07 3.982501369999999768e-07 5.121506769999999579e-07 6.561149350000000248e-07 8.362354719999999619e-07 1.059601459999999988e-06 1.334408239999999911e-06 1.670077150000000021e-06 2.077383899999999838e-06 2.568598350000000008e-06 3.157631680000000204e-06 3.860196099999999733e-06 4.693973550000000269e-06 5.678793969999999675e-06 6.836825379999999655e-06 8.192776479999999955e-06 9.774106730000000636e-06 1.161125240000000024e-05 1.373786200000000044e-05 1.619104109999999839e-05 1.901162069999999866e-05 2.224441960000000164e-05 2.593854149999999927e-05 3.014767029999999878e-05 3.493038459999999937e-05 4.035048189999999846e-05 4.647732929999999713e-05 5.338621120000000054e-05 6.115870199999999990e-05 6.988306999999999972e-05 7.965464470000000298e-05 9.057626449999999494e-05 1.027587130000000049e-04 1.163211490000000007e-04 1.313915850000000099e-04 1.481073560000000107e-04 1.666156599999999951e-04 1.870740230000000079e-04 2.096508689999999973e-04 2.345260869999999883e-04 2.618915169999999843e-04 2.919516990000000094e-04 3.249243020000000212e-04 3.610408460000000068e-04 4.005473459999999851e-04 4.437049500000000046e-04 4.907905820000000143e-04 5.420977829999999720e-04 5.979372650000000164e-04 6.586376109999999466e-04 7.245463199999999798e-04 7.960302169999999801e-04 8.734765580000000305e-04 9.572934939999999887e-04 1.047911240000000020e-03 1.145782759999999919e-03 1.251384379999999916e-03 1.365217259999999995e-03 1.487807600000000050e-03 1.619708139999999959e-03 1.761498399999999933e-03 1.913786399999999922e-03 2.077208829999999812e-03 2.252432749999999997e-03 2.440155949999999949e-03 2.641107650000000182e-03 2.856050849999999808e-03 3.085781819999999873e-03 3.331131529999999813e-03 3.592966820000000148e-03 3.872191300000000190e-03 4.169746299999999885e-03 4.486611580000000009e-03 4.823807159999999629e-03 5.182392430000000091e-03 5.563469140000000014e-03 5.968180019999999933e-03 6.397712039999999684e-03 6.853295019999999620e-03 7.336203010000000302e-03 7.847756149999999403e-03 8.389318360000000072e-03
3.791397320000000192e-04 5.404330299999999962e-05 1.374941079999999939e-05 4.640720359999999625e-06 1.933613480000000197e-06 9.593278489999999809e-07 5.475489499999999526e-07 3.497363540000000160e-07 2.455608410000000165e-07 1.879599549999999925e-07 1.567175189999999898e-07 1.427115279999999961e-07 1.419658989999999931e-07 1.532028620000000011e-07 1.767735820000000109e-07 2.141802749999999945e-07 2.678735310000000262e-07 3.411879280000000012e-07 4.383531690000000120e-07 5.645504759999999891e-07 7.259986320000000298e-07 9.300622990000000329e-07 1.185377409999999913e-06 1.501992639999999960e-06 1.891524899999999920e-06 2.367328530000000130e-06 2.944678270000000105e-06 3.640966270000000205e-06 4.475911280000000046e-06 5.471786149999999802e-06 6.653652689999999620e-06 8.049621100000000707e-06 9.691113519999999338e-06 1.161315409999999998e-05 1.385466659999999964e-05 1.645879269999999837e-05 1.947322380000000096e-05 2.295056219999999937e-05 2.694867730000000025e-05 3.153109720000000208e-05 3.676742560000000108e-05 4.273375090000000175e-05 4.951309529999999980e-05 5.719589170000000236e-05 6.588044199999999512e-05 7.567345889999999595e-05 8.669054660000000167e-05 9.905678599999999834e-05 1.129072990000000063e-04 1.283878080000000130e-04 1.456553000000000079e-04 1.648785979999999984e-04 1.862391069999999962e-04 2.099314010000000034e-04 2.361639929999999983e-04 2.651600810000000175e-04 2.971582290000000098e-04 3.324131830000000179e-04 3.711967149999999770e-04 4.137983780000000053e-04 4.605263819999999932e-04 5.117085530000000000e-04 5.676930890000000517e-04 6.288496079999999653e-04 6.955699649999999871e-04 7.682694120000000066e-04 8.473874189999999621e-04 9.333887720000000072e-04 1.026764629999999973e-03 1.128033619999999982e-03 1.237742719999999951e-03 1.356468540000000007e-03 1.484818639999999990e-03 1.623432150000000008e-03 1.772981600000000067e-03 1.934173279999999934e-03 2.107749229999999856e-03 2.294488019999999830e-03 2.495205959999999973e-03 2.710758479999999995e-03 2.942041260000000102e-03 3.189991689999999939e-03 3.455589289999999938e-03 3.739858510000000115e-03 4.043867809999999834e-03 4.368733149999999912e-03 4.715617749999999678e-03 5.085733250000000136e-03 5.480341149999999953e-03 5.900754589999999619e-03 6.348337980000000325e-03 6.824510639999999823e-03 7.330743600000000013e-03 7.868564689999999612e-03 8.439556699999999773e-03 9.045359680000000097e-03 9.687669580000000599e-03 1.036824100000000026e-02 1.108888629999999972e-02 1.185147559999999954e-02
5.375894830000000138e-04 7.666776950000000470e-05 1.950662590000000007e-05 6.583989489999999761e-06 2.743304549999999837e-06 1.361035520000000071e-06 7.768205709999999971e-07 4.961696619999999670e-07 3.483649779999999827e-07 2.666357090000000093e-07 2.222990929999999908e-07 2.024118969999999965e-07 2.013313040000000089e-07 2.172423880000000119e-07 2.506406530000000127e-07 3.036541900000000015e-07 3.797557329999999870e-07 4.836714419999999791e-07 6.213965090000000343e-07 8.002749040000000068e-07 1.029121680000000105e-06 1.318375889999999944e-06 1.680278729999999954e-06 2.129074349999999996e-06 2.681229260000000103e-06 3.355673019999999869e-06 4.174057720000000348e-06 5.161036369999999806e-06 6.344560460000000348e-06 7.756199920000000090e-06 9.431481890000000410e-06 1.141024950000000003e-05 1.373704619999999981e-05 1.646151399999999982e-05 1.963882639999999996e-05 2.333013440000000158e-05 2.760304229999999953e-05 3.253210530000000164e-05 3.819934500000000179e-05 4.469481429999999747e-05 5.211716049999999827e-05 6.057422430000000067e-05 7.018368340000000357e-05 8.107369649999999638e-05 9.338359090000000198e-05 1.072645750000000012e-04 1.228805050000000040e-04 1.404086219999999962e-04 1.600403630000000056e-04 1.819822649999999916e-04 2.064566940000000085e-04 2.337028710000000091e-04 2.639777670000000086e-04 2.975570100000000115e-04 3.347359309999999792e-04 3.758305970000000115e-04 4.211788759999999946e-04 4.711414509999999945e-04 5.261030750000000129e-04 5.864735579999999461e-04 6.526891960000000010e-04 7.252137289999999572e-04 8.045397700000000160e-04 8.911900800000000433e-04 9.857187980000000748e-04 1.088712830000000079e-03 1.200793309999999975e-03 1.322616819999999959e-03 1.454876969999999940e-03 1.598305879999999905e-03 1.753675290000000038e-03 1.921798800000000008e-03 2.103532429999999988e-03 2.299777230000000193e-03 2.511479430000000072e-03 2.739633899999999872e-03 2.985283730000000153e-03 3.249522999999999821e-03 3.533498150000000202e-03 3.838409200000000160e-03 4.165511579999999631e-03 4.516118210000000417e-03 4.891599059999999707e-03 5.293385589999999655e-03 5.722968840000000265e-03 6.181904579999999635e-03 6.671810989999999754e-03 7.194372360000000390e-03 7.751339119999999840e-03 8.344530129999999657e-03 8.975831789999999533e-03 9.647200820000000066e-03 1.036066469999999927e-02 1.111832069999999992e-02 1.192233990000000042e-02 1.277496109999999921e-02 1.367849860000000008e-02 1.463533749999999974e-02 1.564793100000000034e-02 1.671880670000000166e-02
7.613860070000000443e-04 1.086533810000000003e-04 2.764692909999999878e-05 9.331721229999999245e-06 3.888204450000000150e-06 1.929059640000000008e-06 1.101026439999999904e-06 7.032476219999999508e-07 4.937579090000000338e-07 3.779202590000000249e-07 3.150814790000000046e-07 2.868967500000000243e-07 2.853684859999999809e-07 3.079246080000000069e-07 3.552679289999999826e-07 4.304150420000000264e-07 5.382887589999999829e-07 6.855884749999999606e-07 8.808123079999999653e-07 1.134370450000000057e-06 1.458758109999999994e-06 1.868772530000000096e-06 2.381765849999999794e-06 3.017928749999999832e-06 3.800602600000000199e-06 4.756620459999999590e-06 5.916673220000000299e-06 7.315706170000000255e-06 8.993341910000000558e-06 1.099432850000000039e-05 1.336902639999999945e-05 1.617391169999999909e-05 1.947212150000000164e-05 2.333402519999999879e-05 2.783782660000000045e-05 3.307020230000000090e-05 3.912697499999999819e-05 4.611381880000000097e-05 5.414699260000000293e-05 6.335412760000000063e-05 7.387503869999999847e-05 8.586256440000000149e-05 9.948348449999999807e-05 1.149194140000000012e-04 1.323678010000000130e-04 1.520429359999999925e-04 1.741769519999999982e-04 1.990210150000000120e-04 2.268463720000000073e-04 2.579455610000000194e-04 2.926336020000000222e-04 3.312493789999999892e-04 3.741567779999999815e-04 4.217461100000000182e-04 4.744355969999999932e-04 5.326726819999999703e-04 5.969355700000000429e-04 6.677347119999999881e-04 7.456144669999999978e-04 8.311546989999999899e-04 9.249722349999999621e-04 1.027722960000000078e-03 1.140102980000000030e-03 1.262851059999999925e-03 1.396749870000000074e-03 1.542628039999999938e-03 1.701362429999999900e-03 1.873878989999999993e-03 2.061155859999999878e-03 2.264224459999999908e-03 2.484172120000000157e-03 2.722143660000000184e-03 2.979343289999999891e-03 3.257036669999999971e-03 3.556553510000000189e-03 3.879288439999999810e-03 4.226704129999999879e-03 4.600332579999999796e-03 5.001776850000000385e-03 5.432713310000000101e-03 5.894892849999999740e-03 6.390145049999999653e-03 6.920375860000000344e-03 7.487571800000000430e-03 8.093801330000000710e-03 8.741215800000000369e-03 9.432050399999999252e-03 1.016862600000000005e-02 1.095334910000000071e-02 1.178871190000000020e-02 1.267729700000000057e-02 1.362177080000000033e-02 1.462489089999999964e-02 1.568949780000000044e-02 1.681852530000000137e-02 1.801498229999999937e-02 1.928197220000000059e-02 2.062267439999999896e-02 2.204035039999999862e-02 2.353833240000000049e-02
1.076306910000000014e-03 1.537167120000000045e-04 3.911722519999999702e-05 1.320363840000000048e-05 5.501567560000000039e-06 2.729539119999999900e-06 1.557943280000000026e-06 9.951287440000000938e-07 6.987363010000000504e-07 5.348649670000000312e-07 4.459974429999999857e-07 4.061826079999999858e-07 4.041112620000000087e-07 4.361527890000000035e-07 5.033122080000000405e-07 6.098711649999999853e-07 7.628112259999999865e-07 9.716309249999999929e-07 1.248378000000000010e-06 1.607809960000000009e-06 2.067639339999999887e-06 2.648842379999999945e-06 3.376015680000000077e-06 4.277779679999999919e-06 5.387221790000000334e-06 6.742377079999999891e-06 8.386750780000000501e-06 1.036987760000000050e-05 1.274792160000000080e-05 1.558431360000000107e-05 1.895043719999999843e-05 2.292634779999999910e-05 2.760153620000000164e-05 3.307574660000000129e-05 3.945983190000000048e-05 4.687664479999999759e-05 5.546200189999999909e-05 6.536568250000000552e-05 7.675245430000000315e-05 8.980321580000000161e-05 1.047161130000000007e-04 1.217077440000000006e-04 1.410144469999999913e-04 1.628935859999999900e-04 1.876249300000000020e-04 2.155120890000000028e-04 2.468839810000000249e-04 2.820963560000000047e-04 3.215334440000000007e-04 3.656095939999999870e-04 4.147709699999999880e-04 4.694973180000000111e-04 5.303038630000000021e-04 5.977431430000000514e-04 6.724069239999999528e-04 7.549283910000000432e-04 8.459839150000000516e-04 9.462955640000000153e-04 1.056632839999999953e-03 1.177815370000000065e-03 1.310714639999999978e-03 1.456256840000000070e-03 1.615424870000000063e-03 1.789261120000000061e-03 1.978869549999999825e-03 2.185418040000000010e-03 2.410141749999999798e-03 2.654344539999999898e-03 2.919402209999999789e-03 3.206764810000000201e-03 3.517959269999999979e-03 3.854591870000000087e-03 4.218350630000000136e-03 4.611008330000000190e-03 5.034424360000000313e-03 5.490546580000000079e-03 5.981415510000000040e-03 6.509164349999999911e-03 7.076022220000000376e-03 7.684316489999999840e-03 8.336473259999999455e-03 9.035022000000000192e-03 9.782591829999999489e-03 1.058191810000000052e-02 1.143584029999999974e-02 1.234730430000000045e-02 1.331936100000000005e-02 1.435516870000000042e-02 1.545799240000000040e-02 1.663120090000000037e-02 1.787826979999999899e-02 1.920277440000000072e-02 2.060839349999999889e-02 2.209890260000000120e-02 2.367817239999999920e-02 2.535016459999999902e-02 2.711892499999999859e-02 2.898858119999999858e-02 3.096333520000000075e-02 3.304745629999999990e-02
1.517038679999999952e-03 2.168772770000000085e-04 5.519698610000000022e-05 1.863183019999999865e-05 7.763514079999999699e-06 3.851906970000000000e-06 2.198685480000000071e-06 1.404537559999999939e-06 9.863661029999999563e-07 7.552329749999999594e-07 6.299894720000000354e-07 5.740344589999999878e-07 5.714336450000000160e-07 6.170941450000000297e-07 7.124721150000000223e-07 8.636561120000000237e-07 1.080554740000000013e-06 1.376640630000000086e-06 1.768996979999999975e-06 2.278546389999999800e-06 2.930399430000000191e-06 3.754291809999999932e-06 4.785090820000000303e-06 6.063368350000000008e-06 7.636024750000000450e-06 9.556977600000000206e-06 1.188789519999999967e-05 1.469899230000000066e-05 1.806988079999999938e-05 2.209047670000000027e-05 2.686195879999999926e-05 3.249780269999999916e-05 3.912486499999999966e-05 4.688451369999999823e-05 5.593387319999999926e-05 6.644707170000000481e-05 7.861661290000000616e-05 9.265475820000000098e-05 1.087950370000000057e-04 1.272938099999999914e-04 1.484318639999999924e-04 1.725161270000000072e-04 1.998814839999999966e-04 2.308925609999999923e-04 2.659457389999999905e-04 3.054710399999999789e-04 3.499344170000000015e-04 3.998396570000000089e-04 4.557309149999999782e-04 5.181947489999999676e-04 5.878628000000000325e-04 6.654140310000000074e-04 7.515774920000000033e-04 8.471347390000000125e-04 9.529229139999999612e-04 1.069837020000000052e-03 1.198833110000000054e-03 1.340931280000000033e-03 1.497218389999999989e-03 1.668851120000000013e-03 1.857059429999999896e-03 2.063149350000000135e-03 2.288505900000000013e-03 2.534597180000000127e-03 2.802976640000000037e-03 3.095287129999999866e-03 3.413263479999999964e-03 3.758736190000000043e-03 4.133634270000000402e-03 4.539988929999999763e-03 4.979936410000000008e-03 5.455720699999999646e-03 5.969697139999999812e-03 6.524334199999999757e-03 7.122217210000000159e-03 7.766051220000000366e-03 8.458661850000000204e-03 9.202998130000000776e-03 1.000213439999999947e-02 1.085927239999999981e-02 1.177774000000000008e-02 1.276099590000000054e-02 1.381262670000000040e-02 1.493634840000000047e-02 1.613600739999999922e-02 1.741557380000000044e-02 1.877914560000000163e-02 2.023094519999999938e-02 2.177531460000000155e-02 2.341670920000000003e-02 2.515969980000000092e-02 2.700896369999999935e-02 2.896927479999999999e-02 3.104549829999999830e-02 3.324258699999999705e-02 3.556556629999999691e-02 3.801951559999999786e-02 4.060957209999999790e-02 4.334090649999999822e-02 4.621871190000000074e-02
2.129123310000000189e-03 3.047570059999999857e-04 7.757517600000000328e-05 2.618680990000000049e-05 1.091194010000000070e-05 5.414349289999999846e-06 3.090869999999999936e-06 1.974839730000000047e-06 1.387302060000000102e-06 1.062738650000000025e-06 8.871360249999999687e-07 8.091029139999999948e-07 8.063083780000000174e-07 8.716758089999999718e-07 1.007353149999999969e-06 1.222022319999999978e-06 1.529761900000000018e-06 1.949690839999999960e-06 2.506040120000000077e-06 3.228477680000000017e-06 4.152605920000000148e-06 5.320580389999999735e-06 6.781830509999999944e-06 8.593870010000000267e-06 1.082318339999999991e-05 1.354619959999999940e-05 1.685033570000000059e-05 2.083512299999999937e-05 2.561340810000000128e-05 3.131264750000000232e-05 3.807625400000000084e-05 4.606508079999999859e-05 5.545892049999999793e-05 6.645816030000000559e-05 7.928549169999999497e-05 9.418770789999999637e-05 1.114376279999999950e-04 1.313360700000000092e-04 1.542139800000000098e-04 1.804346099999999892e-04 2.103958100000000099e-04 2.445324789999999793e-04 2.833189790000000051e-04 3.272718749999999912e-04 3.769525209999999836e-04 4.329700020000000157e-04 4.959839860000000425e-04 5.667077489999999959e-04 6.459113789999999930e-04 7.344251499999999728e-04 8.331424320000000491e-04 9.430236529999999661e-04 1.065099610000000072e-03 1.200475029999999990e-03 1.350332519999999968e-03 1.515936110000000057e-03 1.698635630000000073e-03 1.899869879999999947e-03 2.121171450000000191e-03 2.364170499999999810e-03 2.630598610000000215e-03 2.922293500000000023e-03 3.241202329999999868e-03 3.589386820000000158e-03 3.969026730000000183e-03 4.382424059999999975e-03 4.832007460000000039e-03 5.320335269999999610e-03 5.850099959999999731e-03 6.424132729999999618e-03 7.045404049999999703e-03 7.717030589999999968e-03 8.442275230000000769e-03 9.224550800000000036e-03 1.006742289999999936e-02 1.097461209999999951e-02 1.194999270000000023e-02 1.299759839999999923e-02 1.412161720000000044e-02 1.532639560000000067e-02 1.661643570000000125e-02 1.799639310000000075e-02 1.947107719999999903e-02 2.104544269999999995e-02 2.272459120000000152e-02 2.451375869999999901e-02 2.641831340000000070e-02 2.844375370000000111e-02 3.059568260000000012e-02 3.287981450000000000e-02 3.530195359999999810e-02 3.786798570000000225e-02 4.058384899999999823e-02 4.345554110000000164e-02 4.648908229999999808e-02 4.969049989999999722e-02 5.306580660000000116e-02 5.662097409999999886e-02 6.036191059999999886e-02 6.429443510000000528e-02
2.970443809999999928e-03 4.258244590000000033e-04 1.084135000000000014e-04 3.659900899999999767e-05 1.525156770000000079e-05 7.568383350000000200e-06 4.321320829999999992e-06 2.761871430000000100e-06 1.941190479999999922e-06 1.488264499999999979e-06 1.243842229999999936e-06 1.136218429999999962e-06 1.134335660000000064e-06 1.228494399999999984e-06 1.421934600000000038e-06 1.727082800000000023e-06 2.163972339999999986e-06 2.759755260000000154e-06 3.548813989999999941e-06 4.573227670000000319e-06 5.883480750000000344e-06 7.539341819999999626e-06 9.610887900000000326e-06 1.217965110000000053e-05 1.533988319999999864e-05 1.919992250000000049e-05 2.388368919999999949e-05 2.953226610000000041e-05 3.630562059999999780e-05 4.438440369999999754e-05 5.397191130000000234e-05 6.529611710000000468e-05 7.861187620000000291e-05 9.420318380000000603e-05 1.123856559999999966e-04 1.335090489999999925e-04 1.579599779999999918e-04 1.861647320000000042e-04 2.185922060000000005e-04 2.557570700000000026e-04 2.982229630000000063e-04 3.466058989999999782e-04 4.015777379999999996e-04 4.638700049999999958e-04 5.342774679999999672e-04 6.136623560000000486e-04 7.029582049999999948e-04 8.031743929999999795e-04 9.154002180000000207e-04 1.040809549999999932e-03 1.180665329999999996e-03 1.336324839999999958e-03 1.509243620000000081e-03 1.700981399999999984e-03 1.913206539999999988e-03 2.147701799999999963e-03 2.406368500000000046e-03 2.691232830000000152e-03 3.004451049999999797e-03 3.348313969999999924e-03 3.725253510000000115e-03 4.137846179999999860e-03 4.588820510000000095e-03 5.081060339999999599e-03 5.617610640000000356e-03 6.201681679999999572e-03 6.836654620000000293e-03 7.526083379999999601e-03 8.273703049999999240e-03 9.083426559999999844e-03 9.959355930000000218e-03 1.090577900000000086e-02 1.192717069999999976e-02 1.302819979999999926e-02 1.421372499999999997e-02 1.548879499999999965e-02 1.685865040000000120e-02 1.832871510000000023e-02 1.990459860000000011e-02 2.159208989999999995e-02 2.339715139999999985e-02 2.532590740000000007e-02 2.738464250000000044e-02 2.957978290000000052e-02 3.191789240000000166e-02 3.440564499999999859e-02 3.704982619999999671e-02 3.985729810000000067e-02 4.283498969999999934e-02 4.598986730000000078e-02 4.932891579999999776e-02 5.285909770000000313e-02 5.658734590000000231e-02 6.052051480000000122e-02 6.466533989999999343e-02 6.902842219999999474e-02 7.361616940000000053e-02 7.843476530000000058e-02 8.349013330000000510e-02 8.878785370000000232e-02
4.111510700000000317e-03 5.904792920000000080e-04 1.503694069999999964e-04 5.076680099999999926e-05 2.115744790000000146e-05 1.050075390000000039e-05 5.997314929999999898e-06 3.834913509999999577e-06 2.697564469999999879e-06 2.070802789999999891e-06 1.733937099999999937e-06 1.587765840000000033e-06 1.589538780000000053e-06 1.726216620000000029e-06 2.002808060000000135e-06 2.437184779999999992e-06 3.057907860000000116e-06 3.903575359999999757e-06 5.022997810000000334e-06 6.475876490000000175e-06 8.333810909999999706e-06 1.068155140000000024e-05 1.361845530000000020e-05 1.726011029999999981e-05 2.174013029999999897e-05 2.721209780000000123e-05 3.385166930000000322e-05 4.185884249999999936e-05 5.146035259999999777e-05 6.291228060000000574e-05 7.650276530000000121e-05 9.255492480000000234e-05 1.114299670000000052e-04 1.335303819999999954e-04 1.593034539999999910e-04 1.892447909999999897e-04 2.239022000000000126e-04 2.638796579999999853e-04 3.098414749999999895e-04 3.625166429999999887e-04 4.227034220000000161e-04 4.912741129999999680e-04 5.691800620000000456e-04 6.574565200000000382e-04 7.572283499999999919e-04 8.697153529999999619e-04 9.962378539999999175e-04 1.138222869999999925e-03 1.297209880000000076e-03 1.474856980000000071e-03 1.672947429999999949e-03 1.893396259999999926e-03 2.138256099999999871e-03 2.409724979999999794e-03 2.710152180000000108e-03 3.042045049999999966e-03 3.408076710000000099e-03 3.811091420000000014e-03 4.254112489999999774e-03 4.740349020000000392e-03 5.273200569999999913e-03 5.856265309999999884e-03 6.493345369999999582e-03 7.188452409999999786e-03 7.945813240000000263e-03 8.769873529999999695e-03 9.665302929999999501e-03 1.063699830000000048e-02 1.169008759999999938e-02 1.282992869999999980e-02 1.406211220000000081e-02 1.539246269999999979e-02 1.682703569999999954e-02 1.837211100000000000e-02 2.003419589999999931e-02 2.182001429999999922e-02 2.373649740000000063e-02 2.579077889999999845e-02 2.799017540000000095e-02 3.034218030000000038e-02 3.285444159999999919e-02 3.553474689999999714e-02 3.839099409999999907e-02 4.143117369999999716e-02 4.466333990000000143e-02 4.809557650000000073e-02 5.173596739999999916e-02 5.559255180000000074e-02 5.967329069999999930e-02 6.398603320000000039e-02 6.853844970000000369e-02 7.333799450000000331e-02 7.839186489999999674e-02 8.370692279999999985e-02 8.928965780000000518e-02 9.514611959999999535e-02 1.012818659999999982e-01 1.077018980000000042e-01 1.144105940000000043e-01 1.214116590000000051e-01
5.633576310000000011e-03 8.108341720000000405e-04 2.065424630000000088e-04 6.973874410000000228e-05 2.906783269999999852e-05 1.443015749999999991e-05 8.244985110000000242e-06 5.275976490000000025e-06 3.715696039999999882e-06 2.857771730000000134e-06 2.399463940000000125e-06 2.205033069999999959e-06 2.216428360000000035e-06 2.416584270000000194e-06 2.813433869999999865e-06 3.432823180000000210e-06 4.315566000000000145e-06 5.516593769999999892e-06 7.105244999999999935e-06 9.166251399999999691e-06 1.180118220000000042e-05 1.513022930000000040e-05 1.929427339999999845e-05 2.445719469999999837e-05 3.080841270000000211e-05 3.856565309999999877e-05 4.797791920000000208e-05 5.932870410000000259e-05 7.293940870000000486e-05 8.917297960000000040e-05 1.084378310000000054e-04 1.311919189999999986e-04 1.579470990000000083e-04 1.892737780000000104e-04 2.258057359999999971e-04 2.682451739999999730e-04 3.173681909999999970e-04 3.740302639999999973e-04 4.391722900000000229e-04 5.138264969999999619e-04 5.991231300000000393e-04 6.962968040000000426e-04 8.066936280000000211e-04 9.317781659999999555e-04 1.073141120000000066e-03 1.232506709999999948e-03 1.411740440000000063e-03 1.612857450000000029e-03 1.838030530000000096e-03 2.089598450000000173e-03 2.370074859999999825e-03 2.682156160000000004e-03 3.028730859999999910e-03 3.412888389999999949e-03 3.837927010000000052e-03 4.307363179999999965e-03 4.824939179999999592e-03 5.394632929999999653e-03 6.020663770000000276e-03 6.707501129999999742e-03 7.459873330000000094e-03 8.282769469999999579e-03 9.181451979999999749e-03 1.016145390000000072e-02 1.122858929999999943e-02 1.238895389999999930e-02 1.364892350000000004e-02 1.501516160000000016e-02 1.649461129999999984e-02 1.809449119999999994e-02 1.982230130000000104e-02 2.168579959999999973e-02 2.369300280000000147e-02 2.585217360000000020e-02 2.817179820000000057e-02 3.066057709999999922e-02 3.332739700000000166e-02 3.618130089999999771e-02 3.923147540000000016e-02 4.248720780000000280e-02 4.595783729999999845e-02 4.965274039999999917e-02 5.358127129999999683e-02 5.775270610000000221e-02 6.217620890000000178e-02 6.686075029999999364e-02 7.181508089999999456e-02 7.704763109999999970e-02 8.256645499999999693e-02 8.837918190000000618e-02 9.449291229999999542e-02 1.009141650000000001e-01 1.076487819999999984e-01 1.147018669999999990e-01 1.220777180000000017e-01 1.297797109999999920e-01 1.378102900000000020e-01 1.461708100000000121e-01 1.548615989999999887e-01 1.638817340000000011e-01
7.623553279999999675e-03 1.100034099999999985e-03 2.803030070000000020e-04 9.465622129999999568e-05 3.946067590000000260e-05 1.959600009999999833e-05 1.120334130000000027e-05 7.176463440000000177e-06 5.062816849999999970e-06 3.904338429999999897e-06 3.290952010000000109e-06 3.039462630000000045e-06 3.072394289999999837e-06 3.368234730000000197e-06 3.939803719999999897e-06 4.824706140000000406e-06 6.081417719999999819e-06 7.788214130000000466e-06 1.004366729999999962e-05 1.296808390000000002e-05 1.670558230000000036e-05 2.142664200000000071e-05 2.733104160000000154e-05 3.465114420000000125e-05 4.365550190000000295e-05 5.465276630000000143e-05 6.799591939999999563e-05 8.408680150000000350e-05 1.033809749999999966e-04 1.263928720000000042e-04 1.537013159999999954e-04 1.859552719999999881e-04 2.238801099999999987e-04 2.682839989999999853e-04 3.200648349999999742e-04 3.802173310000000008e-04 4.498406780000000177e-04 5.301462950000000165e-04 6.224661479999999639e-04 7.282613659999999595e-04 8.491310870000000170e-04 9.868217170000000930e-04 1.143236639999999993e-03 1.320445790000000048e-03 1.520696100000000018e-03 1.746421910000000004e-03 2.000255509999999959e-03 2.285037660000000144e-03 2.603829370000000035e-03 2.959922649999999818e-03 3.356850939999999912e-03 3.798401449999999797e-03 4.288625439999999879e-03 4.831849600000000244e-03 5.432685369999999854e-03 6.096041299999999628e-03 6.827129979999999911e-03 7.631479759999999606e-03 8.514940739999999134e-03 9.483694100000000446e-03 1.054425630000000065e-02 1.170348470000000078e-02 1.296858019999999959e-02 1.434708950000000011e-02 1.584690440000000033e-02 1.747625690000000065e-02 1.924371719999999966e-02 2.115817929999999972e-02 2.322885770000000100e-02 2.546526489999999948e-02 2.787719849999999860e-02 3.047470929999999967e-02 3.326808290000000251e-02 3.626780959999999915e-02 3.948453069999999926e-02 4.292902350000000339e-02 4.661212859999999680e-02 5.054470900000000017e-02 5.473759029999999970e-02 5.920150500000000149e-02 6.394699959999999850e-02 6.898439680000000018e-02 7.432367650000000492e-02 7.997441289999999980e-02 8.594570310000000657e-02 9.224603330000000212e-02 9.888321160000000665e-02 1.058642790000000056e-01 1.131953900000000068e-01 1.208817209999999975e-01 1.289273950000000002e-01 1.373353599999999897e-01 1.461073310000000069e-01 1.552436799999999950e-01 1.647433640000000032e-01 1.746038940000000095e-01 1.848212330000000014e-01 1.953897629999999941e-01 2.063022700000000098e-01 2.175499349999999998e-01
1.016499660000000013e-02 1.470982559999999949e-03 3.749689200000000020e-04 1.266449540000000123e-04 5.280904950000000082e-05 2.623690309999999928e-05 1.501265610000000069e-05 9.630478419999999597e-06 6.810273130000000404e-06 5.271508600000000122e-06 4.467088269999999985e-06 4.153865119999999839e-06 4.230646940000000224e-06 4.671745499999999976e-06 5.498156500000000321e-06 6.764922550000000081e-06 8.556047759999999512e-06 1.098322810000000001e-05 1.418669580000000006e-05 1.833734310000000067e-05 2.363972089999999917e-05 3.033567190000000007e-05 3.870853110000000021e-05 4.908777920000000029e-05 6.185415990000000044e-05 7.744524190000000514e-05 9.636140020000000532e-05 1.191722189999999958e-04 1.465233949999999866e-04 1.791440010000000006e-04 2.178542779999999919e-04 2.635738349999999894e-04 3.173303269999999936e-04 3.802686699999999914e-04 4.536605269999999983e-04 5.389145809999999932e-04 6.375869269999999726e-04 7.513922170000000324e-04 8.822152160000000000e-04 1.032122529999999951e-03 1.203374940000000040e-03 1.398440680000000028e-03 1.620007680000000016e-03 1.870998059999999996e-03 2.154581019999999951e-03 2.474187169999999842e-03 2.833523090000000192e-03 3.236584829999999968e-03 3.687672779999999831e-03 4.191405609999999775e-03 4.752734209999999807e-03 5.376955959999999736e-03 6.069725849999999846e-03 6.837072779999999947e-03 7.685406130000000009e-03 8.621530610000000677e-03 9.652653710000000387e-03 1.078639179999999961e-02 1.203077940000000026e-02 1.339427009999999939e-02 1.488573760000000065e-02 1.651447639999999856e-02 1.829019189999999892e-02 2.022300100000000087e-02 2.232340719999999917e-02 2.460229209999999916e-02 2.707089299999999865e-02 2.974077129999999972e-02 3.262378280000000075e-02 3.573203090000000304e-02 3.907784450000000021e-02 4.267368839999999969e-02 4.653213550000000198e-02 5.066578089999999868e-02 5.508718640000000166e-02 5.980877209999999750e-02 6.484275309999999737e-02 7.020102440000000610e-02 7.589507099999999451e-02 8.193585280000000026e-02 8.833368869999999595e-02 9.509814530000000599e-02 1.022379030000000050e-01 1.097606500000000013e-01 1.176729430000000021e-01 1.259800789999999948e-01 1.346859930000000038e-01 1.437931510000000079e-01 1.533023860000000127e-01 1.632128949999999967e-01 1.735220550000000084e-01 1.842254399999999903e-01 1.953166719999999967e-01 2.067874520000000105e-01 2.186275420000000080e-01 2.308246939999999969e-01 2.433647359999999982e-01 2.562316359999999849e-01 2.694074810000000042e-01 2.828726469999999771e-01
1.332518830000000050e-02 1.934440690000000006e-03 4.933208110000000118e-04 1.666519529999999874e-04 6.951405520000000597e-05 3.455830670000000182e-05 1.979692209999999857e-05 1.272466940000000029e-05 9.027616219999999730e-06 7.023089440000000382e-06 5.994003909999999697e-06 5.623948249999999962e-06 5.784233959999999979e-06 6.446658519999999922e-06 7.645809090000000284e-06 9.462681189999999791e-06 1.201825400000000062e-05 1.547212379999999957e-05 2.002393559999999853e-05 2.591654450000000003e-05 3.344033760000000323e-05 4.293846359999999734e-05 5.481278639999999955e-05 6.953052799999999770e-05 8.763151710000000093e-05 1.097360730000000007e-04 1.365534699999999975e-04 1.688910559999999995e-04 2.076639209999999998e-04 2.539052219999999964e-04 3.087771469999999970e-04 3.735825300000000120e-04 4.497769990000000041e-04 5.389819269999999909e-04 6.429977369999999521e-04 7.638183309999999624e-04 9.036455890000000442e-04 1.064904730000000100e-03 1.250260389999999959e-03 1.462632670000000093e-03 1.705214609999999983e-03 1.981489129999999821e-03 2.295247050000000059e-03 2.650605050000000122e-03 3.052023469999999919e-03 3.504325400000000111e-03 4.012714609999999855e-03 4.582792989999999976e-03 5.220579450000000302e-03 5.932525269999999913e-03 6.725532000000000211e-03 7.606965490000000031e-03 8.584670719999999700e-03 9.666980239999999405e-03 1.086273140000000061e-02 1.218126429999999948e-02 1.363243440000000070e-02 1.522660810000000045e-02 1.697466339999999935e-02 1.888798179999999841e-02 2.097843400000000066e-02 2.325836010000000009e-02 2.574055830000000072e-02 2.843823280000000106e-02 3.136497740000000062e-02 3.453471140000000106e-02 3.796163200000000210e-02 4.166016360000000113e-02 4.564484950000000096e-02 4.993031170000000046e-02 5.453112350000000053e-02 5.946172770000000135e-02 6.473631409999999753e-02 7.036869229999999364e-02 7.637216900000000364e-02 8.275941759999999592e-02 8.954230700000000154e-02 9.673176710000000456e-02 1.043376179999999931e-01 1.123684270000000068e-01 1.208313550000000014e-01 1.297319530000000110e-01 1.390741020000000050e-01 1.488597389999999909e-01 1.590888649999999960e-01 1.697593480000000044e-01 1.808668079999999900e-01 1.924045980000000100e-01 2.043637189999999992e-01 2.167327699999999913e-01 2.294979839999999882e-01 2.426432219999999917e-01 2.561500070000000129e-01 2.699977159999999987e-01 2.841635350000000226e-01 2.986227269999999767e-01 3.133487699999999987e-01 3.283135589999999771e-01 3.434875609999999968e-01 3.588401079999999910e-01
1.713949999999999849e-02 2.496626689999999898e-03 6.369868060000000078e-04 2.152385709999999968e-04 8.981972500000000509e-05 4.469148190000000315e-05 2.564175340000000023e-05 1.652555510000000167e-05 1.177539619999999972e-05 9.222228069999999949e-06 7.944895509999999963e-06 7.540979369999999798e-06 7.852128870000000502e-06 8.851764509999999903e-06 1.059678929999999964e-05 1.320686350000000071e-05 1.685658570000000075e-05 2.177424539999999850e-05 2.824426159999999955e-05 3.661187659999999821e-05 4.728944259999999945e-05 6.076389759999999748e-05 7.760527659999999777e-05 9.847614269999999332e-05 1.241418789999999871e-04 1.554818739999999882e-04 1.935014880000000045e-04 2.393448960000000019e-04 2.943088769999999805e-04 3.598571929999999815e-04 4.376362780000000096e-04 5.294912259999999538e-04 6.374831429999999657e-04 7.639070970000000219e-04 9.113108970000000216e-04 1.082514759999999914e-03 1.280631640000000002e-03 1.509088559999999940e-03 1.771648299999999902e-03 2.072431379999999795e-03 2.415939470000000051e-03 2.807078650000000182e-03 3.251181919999999916e-03 3.754033710000000135e-03 4.321892750000000394e-03 4.961514380000000418e-03 5.680174100000000108e-03 6.485687569999999853e-03 7.386431100000000194e-03 8.391359819999999470e-03 9.510023520000000785e-03 1.075258010000000077e-02 1.212980410000000057e-02 1.365309489999999917e-02 1.533447859999999968e-02 1.718660259999999981e-02 1.922272519999999874e-02 2.145670170000000057e-02 2.390296009999999874e-02 2.657646500000000050e-02 2.949268000000000028e-02 3.266751390000000033e-02 3.611725570000000329e-02 3.985850509999999680e-02 4.390807449999999806e-02 4.828289899999999718e-02 5.299992490000000195e-02 5.807596820000000132e-02 6.352758410000000633e-02 6.937092540000000529e-02 7.562154529999999542e-02 8.229425549999999645e-02 8.940289910000000229e-02 9.696020930000000260e-02 1.049775480000000039e-01 1.134647649999999952e-01 1.224299300000000063e-01 1.318791810000000120e-01 1.418165120000000057e-01 1.522436139999999993e-01 1.631596680000000077e-01 1.745612619999999948e-01 1.864421960000000045e-01 1.987934859999999915e-01 2.116032240000000064e-01 2.248565849999999977e-01 2.385358810000000052e-01 2.526205480000000003e-01 2.670873400000000064e-01 2.819103600000000265e-01 2.970612939999999758e-01 3.125096860000000087e-01 3.282230199999999765e-01 3.441671729999999929e-01 3.603066209999999936e-01 3.766047659999999797e-01 3.930243549999999919e-01 4.095276889999999725e-01 4.260770079999999793e-01 4.426348809999999800e-01
2.159551900000000052e-02 3.156651280000000084e-03 8.057808149999999689e-04 2.723578360000000016e-04 1.137217330000000028e-04 5.664987840000000076e-05 3.257121349999999769e-05 2.106665670000000030e-05 1.509838970000000048e-05 1.192896430000000015e-05 1.040134340000000057e-05 1.001700549999999918e-05 1.058903220000000051e-05 1.210065149999999986e-05 1.464481190000000034e-05 1.839869949999999916e-05 2.361466070000000126e-05 3.061952160000000093e-05 3.981866029999999747e-05 5.170302029999999900e-05 6.685822879999999910e-05 8.597534909999999554e-05 1.098629869999999994e-04 1.394607389999999978e-04 1.758537690000000020e-04 2.202886239999999891e-04 2.741901840000000260e-04 3.391798240000000139e-04 4.170947360000000015e-04 5.100083650000000052e-04 6.202521619999999593e-04 7.504382520000000504e-04 9.034834799999999890e-04 1.082634440000000047e-03 1.291493419999999951e-03 1.534045560000000087e-03 1.814687039999999998e-03 2.138253069999999836e-03 2.510048449999999903e-03 2.935875670000000041e-03 3.422067029999999871e-03 3.975512460000000386e-03 4.603690930000000313e-03 5.314699370000000242e-03 6.117279179999999920e-03 7.020844150000000311e-03 8.035505190000000186e-03 9.172090330000000347e-03 1.044216379999999937e-02 1.185804049999999998e-02 1.343279520000000005e-02 1.518026739999999916e-02 1.711505279999999893e-02 1.925249580000000169e-02 2.160866930000000102e-02 2.420034449999999837e-02 2.704494069999999889e-02 3.016048110000000074e-02 3.356551750000000278e-02 3.727905079999999788e-02 4.132041709999999951e-02 4.570920020000000111e-02 5.046506230000000204e-02 5.560761320000000285e-02 6.115623939999999953e-02 6.712990250000000492e-02 7.354694600000000193e-02 8.042487500000000678e-02 8.778008819999999490e-02 9.562769529999999574e-02 1.039812039999999937e-01 1.128522750000000019e-01 1.222504680000000010e-01 1.321829860000000023e-01 1.426544190000000045e-01 1.536665409999999898e-01 1.652180550000000026e-01 1.773044470000000039e-01 1.899178480000000002e-01 2.030469030000000008e-01 2.166767270000000134e-01 2.307888569999999862e-01 2.453613729999999937e-01 2.603689129999999796e-01 2.757828829999999787e-01 2.915716170000000051e-01 3.077006339999999729e-01 3.241330090000000275e-01 3.408296109999999768e-01 3.577496410000000071e-01 3.748508099999999787e-01 3.920899930000000255e-01 4.094235900000000039e-01 4.268078510000000159e-01 4.441994430000000271e-01 4.615558089999999836e-01 4.788355830000000091e-01 4.959988300000000017e-01 5.130075809999999903e-01 5.298258070000000375e-01
2.662034710000000040e-02 3.904298410000000153e-03 9.971257529999999914e-04 3.371604829999999987e-04 1.408885440000000051e-04 7.029215340000000221e-05 4.052899020000000027e-05 2.633901389999999975e-05 1.902190709999999901e-05 1.520102069999999994e-05 1.345838339999999968e-05 1.319476089999999948e-05 1.420128499999999968e-05 1.648541179999999935e-05 2.019725799999999899e-05 2.559929449999999895e-05 3.305647620000000197e-05 4.303691460000000254e-05 5.611852980000000033e-05 7.299957360000000064e-05 9.451184450000000377e-05 1.216361270000000064e-04 1.555194760000000085e-04 1.974942860000000126e-04 2.490989569999999768e-04 3.121003389999999975e-04 3.885175390000000220e-04 4.806476060000000258e-04 5.910926269999999729e-04 7.227883909999999884e-04 8.790348660000000093e-04 1.063527660000000057e-03 1.280391359999999944e-03 1.534214240000000016e-03 1.830083549999999898e-03 2.173622599999999825e-03 2.571028889999999855e-03 3.029110839999999902e-03 3.555328349999999863e-03 4.157829099999999639e-03 4.845488820000000418e-03 5.627946459999999887e-03 6.515639370000000409e-03 7.519837930000000323e-03 8.652674029999999836e-03 9.927166629999999506e-03 1.135724500000000019e-02 1.295775830000000031e-02 1.474448849999999978e-02 1.673414559999999995e-02 1.894435289999999925e-02 2.139362880000000161e-02 2.410134859999999921e-02 2.708768469999999970e-02 3.037354719999999994e-02 3.398048509999999911e-02 3.793058920000000334e-02 4.224634919999999821e-02 4.695051539999999662e-02 5.206590149999999750e-02 5.761521309999999979e-02 6.362078340000000554e-02 7.010436059999999858e-02 7.708681370000000643e-02 8.458783479999999744e-02 9.262566269999999991e-02 1.012167260000000069e-01 1.103753150000000016e-01 1.201132540000000026e-01 1.304395939999999920e-01 1.413602529999999913e-01 1.528777329999999879e-01 1.649908569999999908e-01 1.776945289999999900e-01 1.909795250000000111e-01 2.048324350000000071e-01 2.192354649999999905e-01 2.341665629999999942e-01 2.495993669999999887e-01 2.655034359999999816e-01 2.818444370000000032e-01 2.985843420000000026e-01 3.156819639999999816e-01 3.330931959999999803e-01 3.507715459999999896e-01 3.686686459999999887e-01 3.867348429999999948e-01 4.049195950000000210e-01 4.231722350000000077e-01 4.414423699999999728e-01 4.596804680000000087e-01 4.778384270000000100e-01 4.958698449999999758e-01 5.137306449999999858e-01 5.313793420000000323e-01 5.487771630000000123e-01 5.658887030000000484e-01 5.826815370000000271e-01 5.991268749999999477e-01 6.151992680000000213e-01
3.207461159999999700e-02 4.718750719999999579e-03 1.205715819999999975e-03 4.078824130000000122e-04 1.706171610000000035e-04 8.530302150000000183e-05 4.937048289999999959e-05 3.228944840000000062e-05 2.355448120000000080e-05 1.910059109999999834e-05 1.723596320000000100e-05 1.726504709999999835e-05 1.897211589999999966e-05 2.241247779999999923e-05 2.782522819999999896e-05 3.559863400000000134e-05 4.626042940000000089e-05 6.048106660000000269e-05 7.908451520000000243e-05 1.030638670000000041e-04 1.336005950000000025e-04 1.720866129999999955e-04 2.201489840000000055e-04 2.796769260000000101e-04 3.528511440000000211e-04 4.421753689999999900e-04 5.505100129999999882e-04 6.811082710000000403e-04 8.376538170000000401e-04 1.024301050000000048e-03 1.245717290000000060e-03 1.507126140000000000e-03 1.814353749999999925e-03 2.173874990000000066e-03 2.592862119999999986e-03 3.079233920000000024e-03 3.641704799999999787e-03 4.289833829999999994e-03 5.034074650000000366e-03 5.885819439999999576e-03 6.857447790000000334e-03 7.962363769999999605e-03 9.215036410000000330e-03 1.063102580000000082e-02 1.222701279999999918e-02 1.402080519999999997e-02 1.603134910000000163e-02 1.827871429999999853e-02 2.078406699999999982e-02 2.356963789999999906e-02 2.665864299999999923e-02 3.007521850000000052e-02 3.384429590000000154e-02 3.799147159999999995e-02 4.254284500000000274e-02 4.752480979999999799e-02 5.296384920000000301e-02 5.888624490000000239e-02 6.531780210000000253e-02 7.228352870000000208e-02 7.980725909999999979e-02 8.791129289999999319e-02 9.661597010000000374e-02 1.059392839999999947e-01 1.158964039999999945e-01 1.264993100000000037e-01 1.377563179999999887e-01 1.496717180000000091e-01 1.622454229999999997e-01 1.754726319999999895e-01 1.893435420000000036e-01 2.038432510000000031e-01 2.189515979999999973e-01 2.346431310000000048e-01 2.508872449999999810e-01 2.676482499999999765e-01 2.848858539999999939e-01 3.025552630000000187e-01 3.206079299999999854e-01 3.389919100000000074e-01 3.576524560000000075e-01 3.765329119999999974e-01 3.955751060000000097e-01 4.147203269999999997e-01 4.339098929999999910e-01 4.530858400000000175e-01 4.721916910000000245e-01 4.911730289999999832e-01 5.099778769999999684e-01 5.285574790000000522e-01 5.468664170000000491e-01 5.648630860000000142e-01 5.825097559999999897e-01 5.997729899999999503e-01 6.166234609999999838e-01 6.330360170000000064e-01 6.489895580000000219e-01 6.644672160000000272e-01 6.794556980000000523e-01 6.939454670000000380e-01
3.775580969999999675e-02 5.568779999999999737e-03 1.423556940000000014e-03 4.818607409999999913e-04 2.018432420000000073e-04 1.012020879999999984e-04 5.887182489999999777e-05 3.883078530000000144e-05 2.870023129999999971e-05 2.371011400000000018e-05 2.189981389999999997e-05 2.249499079999999943e-05 2.530034729999999904e-05 3.045582709999999948e-05 3.833654409999999994e-05 4.951517989999999682e-05 6.475411650000000583e-05 8.501327829999999594e-05 1.114671470000000041e-04 1.455280290000000127e-04 1.888738479999999920e-04 2.434798229999999956e-04 3.116535369999999744e-04 3.960733590000000163e-04 4.998295920000000482e-04 6.264692059999999851e-04 7.800428429999999892e-04 9.651550789999999939e-04 1.187017419999999903e-03 1.451503719999999980e-03 1.765207740000000053e-03 2.135503339999999910e-03 2.570605599999999883e-03 3.079633930000000210e-03 3.672674999999999811e-03 4.360846239999999728e-03 5.156357769999999827e-03 6.072572899999999912e-03 7.124063560000000288e-03 8.326664569999999571e-03 9.697515519999999958e-03 1.125510220000000040e-02 1.301927769999999991e-02 1.501128080000000038e-02 1.725372860000000050e-02 1.977059620000000059e-02 2.258717450000000126e-02 2.572999889999999859e-02 2.922675569999999903e-02 3.310614080000000292e-02 3.739771249999999936e-02 4.213167350000000116e-02 4.733861980000000219e-02 5.304927379999999776e-02 5.929413070000000285e-02 6.610310079999999477e-02 7.350506630000000485e-02 8.152744920000000450e-02 9.019568560000000568e-02 9.953274580000000260e-02 1.095585530000000030e-01 1.202894520000000050e-01 1.317376789999999964e-01 1.439107950000000080e-01 1.568112520000000121e-01 1.704359199999999908e-01 1.847757550000000137e-01 1.998154970000000086e-01 2.155335100000000115e-01 2.319017650000000097e-01 2.488858100000000129e-01 2.664451299999999745e-01 2.845333520000000171e-01 3.030987680000000184e-01 3.220849339999999894e-01 3.414313789999999793e-01 3.610743880000000239e-01 3.809477980000000041e-01 4.009840490000000091e-01 4.211148619999999787e-01 4.412724670000000016e-01 4.613901670000000177e-01 4.814034099999999761e-01 5.012503270000000510e-01 5.208726529999999633e-01 5.402159090000000496e-01 5.592302080000000064e-01 5.778704289999999633e-01 5.960963959999999728e-01 6.138729450000000032e-01 6.311702129999999800e-01 6.479632849999999999e-01 6.642321939999999980e-01 6.799615620000000193e-01 6.951404810000000323e-01 7.097622160000000013e-01 7.238236070000000355e-01 7.373250719999999703e-01 7.502701280000000361e-01 7.626648550000000304e-01
4.341185089999999996e-02 6.414683069999999737e-03 1.640462199999999935e-03 5.557052209999999636e-04 2.332176659999999951e-04 1.173869749999999977e-04 6.875993860000000578e-05 4.586707290000000123e-05 3.448366260000000226e-05 2.915984620000000062e-05 2.769495950000000085e-05 2.927116659999999849e-05 3.375775850000000040e-05 4.143449409999999965e-05 5.288099419999999748e-05 6.893857059999999848e-05 9.070688250000000610e-05 1.195592269999999993e-04 1.571690949999999989e-04 2.055443910000000055e-04 2.670676329999999740e-04 3.445412149999999745e-04 4.412371780000000246e-04 5.609514770000000082e-04 7.080620269999999715e-04 8.875910430000000110e-04 1.105271159999999912e-03 1.367614839999999965e-03 1.681987310000000084e-03 2.056682719999999940e-03 2.501002280000000182e-03 3.025333629999999926e-03 3.641233550000000201e-03 4.361507019999999631e-03 5.200288719999999684e-03 6.173118949999999681e-03 7.297016209999999947e-03 8.590545510000000343e-03 1.007387040000000053e-02 1.176880209999999968e-02 1.369882749999999996e-02 1.588912309999999939e-02 1.836653800000000170e-02 2.115956139999999874e-02 2.429824880000000173e-02 2.781411820000000146e-02 3.174000230000000033e-02 3.610985729999999921e-02 4.095850880000000138e-02 4.632136969999999659e-02 5.223407969999999817e-02 5.873207750000000033e-02 6.585014610000000657e-02 7.362186910000000084e-02 8.207904550000000299e-02 9.125106780000000195e-02 1.011642440000000004e-01 1.118410829999999939e-01 1.232996430000000004e-01 1.355527940000000042e-01 1.486075520000000039e-01 1.624645140000000043e-01 1.771173329999999879e-01 1.925522239999999941e-01 2.087477739999999971e-01 2.256747339999999880e-01 2.432960570000000100e-01 2.615671159999999884e-01 2.804360089999999861e-01 2.998442350000000145e-01 3.197273310000000035e-01 3.400157690000000232e-01 3.606359060000000061e-01 3.815111520000000200e-01 4.025631250000000216e-01 4.237127299999999819e-01 4.448814689999999739e-01 4.659923320000000091e-01 4.869711700000000087e-01 5.077472929999999884e-01 5.282543899999999626e-01 5.484313960000000154e-01 5.682227020000000239e-01 5.875786539999999780e-01 6.064557430000000471e-01 6.248167749999999909e-01 6.426307559999999697e-01 6.598725909999999528e-01 6.765230890000000219e-01 6.925685409999999820e-01 7.080002429999999736e-01 7.228142020000000167e-01 7.370106579999999852e-01 7.505934829999999502e-01 7.635700109999999929e-01 7.759502529999999787e-01 7.877467870000000039e-01 7.989742159999999593e-01 8.096486330000000065e-01 8.197875019999999457e-01
4.876342040000000017e-02 7.211873310000000217e-03 1.844983319999999932e-03 6.256202470000000061e-04 2.632475230000000063e-04 1.332105020000000069e-04 7.876423480000000648e-05 5.333504669999999714e-05 4.098864159999999763e-05 3.566970550000000007e-05 3.499530429999999926e-05 3.816237949999999965e-05 4.517172420000000209e-05 5.652355689999999947e-05 7.310052019999999367e-05 9.613283330000000064e-05 1.272034710000000102e-04 1.682751749999999893e-04 2.217310250000000037e-04 2.904246210000000221e-04 3.777379169999999734e-04 4.876456219999999921e-04 6.247857820000000083e-04 7.945358520000000329e-04 1.003094250000000033e-03 1.257567320000000039e-03 1.566060240000000103e-03 1.937772959999999999e-03 2.383099169999999822e-03 2.913728589999999789e-03 3.542750140000000200e-03 4.284756259999999636e-03 5.155945660000000284e-03 6.174222570000000368e-03 7.359289100000000229e-03 8.732731449999999590e-03 1.031809109999999932e-02 1.214092320000000058e-02 1.422882829999999946e-02 1.661146250000000019e-02 1.932051959999999888e-02 2.238966339999999902e-02 2.585443109999999850e-02 2.975207189999999960e-02 3.412133080000000207e-02 3.900218379999999957e-02 4.443546009999999741e-02 5.046245829999999877e-02 5.712440240000000308e-02 6.446187940000000505e-02 7.251416889999999504e-02 8.131852000000000524e-02 9.090933199999999548e-02 1.013173009999999985e-01 1.125685569999999996e-01 1.246837229999999963e-01 1.376770730000000109e-01 1.515556720000000024e-01 1.663185950000000135e-01 1.819563359999999963e-01 1.984502670000000135e-01 2.157723009999999997e-01 2.338848859999999863e-01 2.527409789999999767e-01 2.722845079999999807e-01 2.924509639999999799e-01 3.131681680000000245e-01 3.343574400000000058e-01 3.559346800000000033e-01 3.778118189999999932e-01 3.998982609999999771e-01 4.221024219999999771e-01 4.443331660000000016e-01 4.665012359999999858e-01 4.885206519999999997e-01 5.103098750000000239e-01 5.317927599999999755e-01 5.528994799999999987e-01 5.735670330000000039e-01 5.937399270000000007e-01 6.133699419999999458e-01 6.324166060000000478e-01 6.508470179999999994e-01 6.686353090000000110e-01 6.857625840000000084e-01 7.022163270000000290e-01 7.179899220000000026e-01 7.330820559999999819e-01 7.474961279999999819e-01 7.612397669999999561e-01 7.743241189999999774e-01 7.867634300000000414e-01 7.985742689999999477e-01 8.097755309999999929e-01 8.203873630000000361e-01 8.304312830000000201e-01 8.399296400000000329e-01 8.489052059999999678e-01 8.573810459999999800e-01 8.653801679999999497e-01
5.353187019999999796e-02 7.915638390000000191e-03 2.025654769999999955e-03 6.878353310000000090e-04 2.904858849999999819e-04 1.480851350000000053e-04 8.868698209999999540e-05 6.126108929999999329e-05 4.841246120000000094e-05 4.360772070000000191e-05 4.437327150000000293e-05 5.000816240000000257e-05 6.074200059999999846e-05 7.741120500000000214e-05 1.013419309999999976e-04 1.343243349999999998e-04 1.786320349999999889e-04 2.370669239999999907e-04 3.130201949999999881e-04 4.105452970000000130e-04 5.344407980000000224e-04 6.903417520000000541e-04 8.848188439999999863e-04 1.125485050000000087e-03 1.421109310000000106e-03 1.781735449999999939e-03 2.218807809999999957e-03 2.745300300000000100e-03 3.375847590000000207e-03 4.126879850000000037e-03 5.016753920000000325e-03 6.065881809999999763e-03 7.296852300000000041e-03 8.734541009999999273e-03 1.040620169999999928e-02 1.234154399999999943e-02 1.457277130000000052e-02 1.713459380000000032e-02 2.006418999999999911e-02 2.340112440000000071e-02 2.718719470000000027e-02 3.146620840000000086e-02 3.628369050000000012e-02 4.168648650000000150e-02 4.772226510000000116e-02 5.443893749999999948e-02 6.188394869999999659e-02 7.010347399999999896e-02 7.914149759999999922e-02 8.903883399999999726e-02 9.983201319999999990e-02 1.115521859999999976e-01 1.242239619999999933e-01 1.378642770000000073e-01 1.524813030000000125e-01 1.680734750000000000e-01 1.846287249999999935e-01 2.021237909999999971e-01 2.205239240000000100e-01 2.397827509999999884e-01 2.598425449999999803e-01 2.806347310000000261e-01 3.020808990000000138e-01 3.240937289999999971e-01 3.465787169999999806e-01 3.694356979999999790e-01 3.925606609999999774e-01 4.158476589999999806e-01 4.391908350000000016e-01 4.624861180000000016e-01 4.856331050000000094e-01 5.085365179999999929e-01 5.311076049999999826e-01 5.532651539999999812e-01 5.749363899999999639e-01 5.960574149999999793e-01 6.165735129999999620e-01 6.364392639999999490e-01 6.556181909999999613e-01 6.740826370000000400e-01 6.918130519999999839e-01 7.087974550000000207e-01 7.250308389999999825e-01 7.405143379999999942e-01 7.552544469999999954e-01 7.692623140000000026e-01 7.825531959999999509e-01 7.951454519999999748e-01 8.070601819999999593e-01 8.183204530000000032e-01 8.289509419999999684e-01 8.389773959999999864e-01 8.484262230000000349e-01 8.573240039999999729e-01 8.656975030000000348e-01 8.735731839999999471e-01 8.809770940000000161e-01 8.879346249999999774e-01 8.944705130000000226e-01 9.006085400000000130e-01
5.746824670000000301e-02 8.486264389999999616e-03 2.172341339999999885e-03 7.390757090000000477e-04 3.137419700000000037e-04 1.616020750000000006e-04 9.848686749999999493e-05 6.983181080000000474e-05 5.713558129999999843e-05 5.356796099999999939e-05 5.669484739999999969e-05 6.604135710000000163e-05 8.220401650000000286e-05 1.065195970000000009e-04 1.409569960000000015e-04 1.881087660000000110e-04 2.512330830000000055e-04 3.343246639999999958e-04 4.422054629999999783e-04 5.806298579999999735e-04 7.564024419999999544e-04 9.775069779999999431e-04 1.253245280000000019e-03 1.594384780000000041e-03 2.013314750000000028e-03 2.524209209999999943e-03 3.143193900000000162e-03 3.888516920000000075e-03 4.780719059999999875e-03 5.842799319999999672e-03 7.100373969999999695e-03 8.581819940000000660e-03 1.031840030000000068e-02 1.234435759999999958e-02 1.469697520000000021e-02 1.741658709999999860e-02 2.054653500000000119e-02 2.413303959999999956e-02 2.822501209999999858e-02 3.287373860000000064e-02 3.813247759999999903e-02 4.405591639999999892e-02 5.069950599999999835e-02 5.811863390000000101e-02 6.636767829999999646e-02 7.549890880000000026e-02 8.556124569999999652e-02 9.659893070000000193e-02 1.086500809999999956e-01 1.217452440000000025e-01 1.359059210000000129e-01 1.511432229999999932e-01 1.674564930000000118e-01 1.848323639999999990e-01 2.032439109999999993e-01 2.226501700000000084e-01 2.429960969999999942e-01 2.642128469999999729e-01 2.862186130000000106e-01 3.089198169999999855e-01 3.322126870000000065e-01 3.559852239999999890e-01 3.801193540000000204e-01 4.044934210000000196e-01 4.289845230000000065e-01 4.534709749999999984e-01 4.778346720000000158e-01 5.019631390000000026e-01 5.257511729999999606e-01 5.491026639999999626e-01 5.719313620000000542e-01 5.941618079999999580e-01 6.157296899999999962e-01 6.365819569999999761e-01 6.566765310000000078e-01 6.759818199999999555e-01 6.944762469999999910e-01 7.121472359999999613e-01 7.289905549999999845e-01 7.450091239999999670e-01 7.602122430000000097e-01 7.746146320000000252e-01 7.882353069999999962e-01 8.010972140000000019e-01 8.132259250000000161e-01 8.246492149999999910e-01 8.353964090000000065e-01 8.454978469999999691e-01 8.549842829999999561e-01 8.638865949999999794e-01 8.722355960000000019e-01 8.800613880000000000e-01 8.873935339999999838e-01 8.942605259999999445e-01 9.006900789999999768e-01 9.067085980000000323e-01 9.123414159999999606e-01 9.176127309999999593e-01 9.225453139999999497e-01 9.271609779999999690e-01
6.037865209999999927e-02 8.893585759999999424e-03 2.277441790000000153e-03 7.769889199999999510e-04 3.322799460000000092e-04 1.736509580000000135e-04 1.083696699999999981e-04 7.947674750000000422e-05 6.780876720000000672e-05 6.647255940000000552e-05 7.324795299999999878e-05 8.805700779999999937e-05 1.120564479999999980e-04 1.473147569999999900e-04 1.967252169999999980e-04 2.640259629999999812e-04 3.538755700000000221e-04 4.719622959999999882e-04 6.251363079999999479e-04 8.215605049999999757e-04 1.070876840000000016e-03 1.384386789999999916e-03 1.775243089999999991e-03 2.258653050000000023e-03 2.852088999999999926e-03 3.575505689999999934e-03 4.451557059999999844e-03 5.505812819999999878e-03 6.766965150000000054e-03 8.267018940000000690e-03 1.004145849999999937e-02 1.212938040000000051e-02 1.457357220000000085e-02 1.742054150000000093e-02 2.072045210000000165e-02 2.452698349999999847e-02 2.889705639999999923e-02 3.389043359999999866e-02 3.956918420000000297e-02 4.599694909999999665e-02 5.323803419999999925e-02 6.135633590000000304e-02 7.041402909999999737e-02 8.047011490000000045e-02 9.157875930000000664e-02 1.037875340000000007e-01 1.171355619999999986e-01 1.316516399999999865e-01 1.473523969999999961e-01 1.642406730000000037e-01 1.823040250000000084e-01 2.015137080000000136e-01 2.218239459999999941e-01 2.431718559999999918e-01 2.654777770000000259e-01 2.886463400000000012e-01 3.125679490000000116e-01 3.371209800000000145e-01 3.621741529999999987e-01 3.875896329999999890e-01 4.132259189999999971e-01 4.389410020000000245e-01 4.645954970000000239e-01 4.900554120000000236e-01 5.151946539999999741e-01 5.398972029999999922e-01 5.640584830000000549e-01 5.875869390000000303e-01 6.104041930000000393e-01 6.324456929999999755e-01 6.536602379999999490e-01 6.740096209999999477e-01 6.934676170000000361e-01 7.120192650000000123e-01 7.296595569999999586e-01 7.463923099999999478e-01 7.622288470000000427e-01 7.771869900000000220e-01 7.912897469999999878e-01 8.045644159999999490e-01 8.170413370000000342e-01 8.287532930000000020e-01 8.397347330000000110e-01 8.500209450000000277e-01 8.596476910000000471e-01 8.686505559999999626e-01 8.770646450000000316e-01 8.849244120000000491e-01 8.922632339999999607e-01 8.991132379999999813e-01 9.055053589999999542e-01 9.114691620000000549e-01 9.170324800000000387e-01 9.222220780000000007e-01 9.270628690000000116e-01 9.315785170000000504e-01 9.357912539999999613e-01 9.397218819999999528e-01 9.433898330000000110e-01 9.468132849999999490e-01
6.214209269999999841e-02 9.120127190000000550e-03 2.336727460000000145e-03 8.004558039999999782e-04 3.459775180000000151e-04 1.845291409999999868e-04 1.188825919999999972e-04 9.096426219999999838e-05 8.146218170000000343e-05 8.370602879999999727e-05 9.591667909999999680e-05 1.186457229999999976e-04 1.538790530000000000e-04 2.047420710000000135e-04 2.754499440000000073e-04 3.713714829999999732e-04 4.991539170000000320e-04 6.668862769999999753e-04 8.842906099999999804e-04 1.162935400000000060e-03 1.516468590000000010e-03 1.960866849999999984e-03 2.514697839999999879e-03 3.199393400000000165e-03 4.039527379999999571e-03 5.063094199999999823e-03 6.301777899999999599e-03 7.791208570000000312e-03 9.571184400000000078e-03 1.168585660000000075e-02 1.418385380000000001e-02 1.711832729999999969e-02 2.054689449999999931e-02 2.453146499999999883e-02 2.913790750000000082e-02 3.443553669999999817e-02 4.049640520000000188e-02 4.739437249999999685e-02 5.520389230000000147e-02 6.399857999999999936e-02 7.384951409999999938e-02 8.482327309999999898e-02 9.697977450000000443e-02 1.103699880000000022e-01 1.250335280000000049e-01 1.409962770000000032e-01 1.582681830000000067e-01 1.768412739999999927e-01 1.966881159999999962e-01 2.177608159999999959e-01 2.399906219999999868e-01 2.632883489999999771e-01 2.875455020000000084e-01 3.126361970000000046e-01 3.384198250000000074e-01 3.647442759999999784e-01 3.914496000000000087e-01 4.183719160000000103e-01 4.453474579999999738e-01 4.722163380000000132e-01 4.988261760000000100e-01 5.250349640000000484e-01 5.507137180000000187e-01 5.757481460000000162e-01 6.000398989999999877e-01 6.235071420000000142e-01 6.460844869999999851e-01 6.677224040000000471e-01 6.883865000000000123e-01 7.080563309999999833e-01 7.267236110000000471e-01 7.443912630000000252e-01 7.610715030000000381e-01 7.767843599999999515e-01 7.915564179999999839e-01 8.054192070000000259e-01 8.184080719999999864e-01 8.305612209999999607e-01 8.419185279999999993e-01 8.525210020000000277e-01 8.624097109999999677e-01 8.716257809999999884e-01 8.802093859999999825e-01 8.881998060000000361e-01 8.956348299999999929e-01 9.025509360000000258e-01 9.089827539999999484e-01 9.149633649999999729e-01 9.205238220000000471e-01 9.256936310000000168e-01 9.305004479999999800e-01 9.349700810000000084e-01 9.391268489999999858e-01 9.429932829999999599e-01 9.465904830000000381e-01 9.499380589999999458e-01 9.530541300000000549e-01 9.559556249999999755e-01 9.586582179999999509e-01 9.611763359999999645e-01
6.271828710000000584e-02 9.162317959999999317e-03 2.349678430000000026e-03 8.097413230000000085e-04 3.554307330000000022e-04 1.950368460000000018e-04 1.310144580000000025e-04 1.055163739999999937e-04 9.964573839999999740e-05 1.072953459999999949e-04 1.274205569999999933e-04 1.615184880000000093e-04 2.127783809999999969e-04 2.858394869999999772e-04 3.867995980000000036e-04 5.233433909999999625e-04 7.049374399999999664e-04 9.430694039999999506e-04 1.251520820000000082e-03 1.646666090000000046e-03 2.147794470000000035e-03 2.777448860000000103e-03 3.561776830000000157e-03 4.530887120000000323e-03 5.719201640000000191e-03 7.165791000000000348e-03 8.914682079999999842e-03 1.101511529999999947e-02 1.352173180000000065e-02 1.649466529999999917e-02 1.999950600000000023e-02 2.410711349999999920e-02 2.889321560000000094e-02 3.443779050000000258e-02 4.082417859999999676e-02 4.813785849999999839e-02 5.646494400000000302e-02 6.589028239999999981e-02 7.649524509999999777e-02 8.835518359999999793e-02 1.015366169999999957e-01 1.160942610000000041e-01 1.320679780000000025e-01 1.494797920000000002e-01 1.683312060000000110e-01 1.886009570000000135e-01 2.102433740000000106e-01 2.331876159999999865e-01 2.573377190000000203e-01 2.825739380000000245e-01 3.087548019999999949e-01 3.357203009999999987e-01 3.632960319999999910e-01 3.912976980000000271e-01 4.195360839999999758e-01 4.478222130000000245e-01 4.759721760000000246e-01 5.038114790000000065e-01 5.311788320000000452e-01 5.579292769999999457e-01 5.839360949999999884e-01 6.090921759999999852e-01 6.333102579999999593e-01 6.565231080000000219e-01 6.786820890000000439e-01 6.997562050000000200e-01 7.197303179999999800e-01 7.386031149999999768e-01 7.563853860000000484e-01 7.730980520000000356e-01 7.887700199999999606e-01 8.034368750000000503e-01 8.171387909999999755e-01 8.299196359999999606e-01 8.418253060000000509e-01 8.529030079999999625e-01 8.632002469999999761e-01 8.727641109999999536e-01 8.816409109999999716e-01 8.898754719999999452e-01 8.975110050000000284e-01 9.045888779999999851e-01 9.111483689999999580e-01 9.172266719999999651e-01 9.228587750000000201e-01 9.280774590000000490e-01 9.329136009999999812e-01 9.373958110000000232e-01 9.415507319999999458e-01 9.454031590000000485e-01 9.489762189999999542e-01 9.522910709999999890e-01 9.553674460000000090e-01 9.582235810000000464e-01 9.608762859999999684e-01 9.633409979999999484e-01 9.656320210000000070e-01 9.677625890000000064e-01 9.697448610000000135e-01 9.715899230000000220e-01
6.214506549999999907e-02 9.029712529999999251e-03 2.319307070000000207e-03 8.064865829999999774e-04 3.620093630000000093e-04 2.065663870000000128e-04 1.463116349999999993e-04 1.249552010000000088e-04 1.246169119999999888e-04 1.401572229999999966e-04 1.716477270000000004e-04 2.219624439999999879e-04 2.960157290000000187e-04 4.006030789999999822e-04 5.444958810000000409e-04 7.386614450000000050e-04 9.965563660000000597e-04 1.334470929999999897e-03 1.771911979999999916e-03 2.332016130000000038e-03 3.041985679999999973e-03 3.933539150000000054e-03 5.043365529999999791e-03 6.413565950000000085e-03 8.092069999999999819e-03 1.013299540000000068e-02 1.259693410000000020e-02 1.555112280000000083e-02 1.906945369999999904e-02 2.323230169999999928e-02 2.812608330000000018e-02 3.384253379999999783e-02 4.047761109999999801e-02 4.813001680000000143e-02 5.689925700000000169e-02 6.688325109999999907e-02 7.817549259999999334e-02 9.086175259999999809e-02 1.050165150000000047e-01 1.206991149999999957e-01 1.379498690000000027e-01 1.567864419999999981e-01 1.772005110000000050e-01 1.991552259999999908e-01 2.225836660000000133e-01 2.473882880000000117e-01 2.734419109999999820e-01 3.005899490000000229e-01 3.286540210000000184e-01 3.574368059999999958e-01 3.867276909999999845e-01 4.163090289999999971e-01 4.459625480000000142e-01 4.754756390000000055e-01 5.046469569999999516e-01 5.332911009999999896e-01 5.612425800000000464e-01 5.883581039999999929e-01 6.145184040000000181e-01 6.396282319999999633e-01 6.636159419999999587e-01 6.864324210000000148e-01 7.080487610000000265e-01 7.284546490000000096e-01 7.476552720000000374e-01 7.656693460000000284e-01 7.825264330000000212e-01 7.982646230000000065e-01 8.129287360000000406e-01 8.265679479999999968e-01 8.392348290000000155e-01 8.509833810000000387e-01 8.618682619999999961e-01 8.719438309999999470e-01 8.812633159999999632e-01 8.898783919999999625e-01 8.978387119999999832e-01 9.051914810000000200e-01 9.119817609999999464e-01 9.182516929999999800e-01 9.240409729999999877e-01 9.293867949999999878e-01 9.343236679999999961e-01 9.388837220000000316e-01 9.430966379999999871e-01 9.469900730000000433e-01 9.505893589999999671e-01 9.539179209999999465e-01 9.569973950000000285e-01 9.598476889999999484e-01 9.624869230000000497e-01 9.649319650000000026e-01 9.671981929999999839e-01 9.692997930000000206e-01 9.712496999999999936e-01 9.730597730000000167e-01 9.747410420000000020e-01 9.763033989999999607e-01 9.777562020000000187e-01 9.791077379999999497e-01
6.052698570000000083e-02 8.742609990000000525e-03 2.251576630000000009e-03 7.935853209999999902e-04 3.678891519999999762e-04 2.212051770000000048e-04 1.670290370000000041e-04 1.519019419999999981e-04 1.596010549999999891e-04 1.864442019999999983e-04 2.341235669999999921e-04 3.074837440000000055e-04 4.138939550000000087e-04 5.632099929999999973e-04 7.679914119999999662e-04 1.043849510000000036e-03 1.409876630000000096e-03 1.889132080000000078e-03 2.509170910000000070e-03 3.302602329999999951e-03 4.307665859999999618e-03 5.568806079999999610e-03 7.137226869999999980e-03 9.071396659999999765e-03 1.143747009999999953e-02 1.430957759999999974e-02 1.776994390000000146e-02 2.190876010000000068e-02 2.682375719999999936e-02 3.261938689999999835e-02 3.940556199999999815e-02 4.729586840000000320e-02 5.640519039999999928e-02 6.684672090000000344e-02 7.872840759999999438e-02 9.214874359999999931e-02 1.071922180000000058e-01 1.239244270000000037e-01 1.423871820000000010e-01 1.625939309999999971e-01 1.845258029999999883e-01 2.081286910000000046e-01 2.333117130000000039e-01 2.599472999999999923e-01 2.878731190000000106e-01 3.168957530000000022e-01 3.467962740000000155e-01 3.773368599999999962e-01 4.082686600000000055e-01 4.393397869999999816e-01 4.703034159999999742e-01 5.009250640000000310e-01 5.309887530000000355e-01 5.603020789999999529e-01 5.886994599999999522e-01 6.160440440000000129e-01 6.422281269999999820e-01 6.671723130000000168e-01 6.908240319999999768e-01 7.131547329999999851e-01 7.341573829999999967e-01 7.538430689999999768e-01 7.722378970000000065e-01 7.893801329999999838e-01 8.053172229999999709e-01 8.201035260000000271e-01 8.337977530000000304e-01 8.464614750000000187e-01 8.581573959999999612e-01 8.689481019999999445e-01 8.788952230000000032e-01 8.880584839999999813e-01 8.964952830000000317e-01 9.042603970000000491e-01 9.114055039999999774e-01 9.179793600000000220e-01 9.240275030000000278e-01 9.295922519999999523e-01 9.347130059999999574e-01 9.394263029999999626e-01 9.437656399999999612e-01 9.477621320000000349e-01 9.514442090000000407e-01 9.548380370000000283e-01 9.579676390000000374e-01 9.608549480000000420e-01 9.635201690000000374e-01 9.659816030000000220e-01 9.682561760000000239e-01 9.703592659999999981e-01 9.723049400000000064e-01 9.741060139999999645e-01 9.757742879999999897e-01 9.773204330000000439e-01 9.787543419999999994e-01 9.800848960000000387e-01 9.813203809999999638e-01 9.824682470000000167e-01 9.835354090000000271e-01 9.845281839999999729e-01
5.801834909999999818e-02 8.328768420000000339e-03 2.154608489999999908e-03 7.750201039999999805e-04 3.761011180000000125e-04 2.418832739999999908e-04 1.963443939999999868e-04 1.900587089999999880e-04 2.091597420000000109e-04 2.520344860000000024e-04 3.226741100000000018e-04 4.287172050000000027e-04 5.810112340000000248e-04 7.937444609999999828e-04 1.084832470000000057e-03 1.476442209999999930e-03 1.995603319999999896e-03 2.674880670000000064e-03 3.553087360000000208e-03 4.676016510000000417e-03 6.097170520000000371e-03 7.878447880000000181e-03 1.009075159999999957e-02 1.281446869999999967e-02 1.613974010000000098e-02 2.016646789999999856e-02 2.500394729999999913e-02 3.077003550000000087e-02 3.758975120000000031e-02 4.559322069999999921e-02 5.491283160000000330e-02 6.567963960000000601e-02 7.801889630000000131e-02 9.204488249999999427e-02 1.078550739999999952e-01 1.255240139999999893e-01 1.450971510000000075e-01 1.665850279999999961e-01 1.899585279999999876e-01 2.151454540000000137e-01 2.420290860000000044e-01 2.704489529999999919e-01 3.002040089999999939e-01 3.310582939999999752e-01 3.627485930000000081e-01 3.949936030000000264e-01 4.275040330000000055e-01 4.599929449999999864e-01 4.921852050000000145e-01 5.238260030000000400e-01 5.546874400000000316e-01 5.845732689999999510e-01 6.133216019999999657e-01 6.408054829999999535e-01 6.669324639999999471e-01 6.916421059999999787e-01 7.149029369999999606e-01 7.367089390000000071e-01 7.570754889999999904e-01 7.760355469999999922e-01 7.936356660000000174e-01 8.099328879999999620e-01 8.249912860000000459e-01 8.388798830000000484e-01 8.516698480000000071e-01 8.634332420000000452e-01 8.742414120000000510e-01 8.841638569999999975e-01 8.932674529999999891e-01 9.016160960000000335e-01 9.092701079999999658e-01 9.162861700000000109e-01 9.227172139999999523e-01 9.286124110000000265e-01 9.340173010000000220e-01 9.389737839999999780e-01 9.435205460000000155e-01 9.476929899999999574e-01 9.515235420000000000e-01 9.550419449999999477e-01 9.582752589999999904e-01 9.612482190000000148e-01 9.639834170000000091e-01 9.665012960000000097e-01 9.688206320000000149e-01 9.709584119999999929e-01 9.729301329999999748e-01 9.747499229999999626e-01 9.764305949999999568e-01 9.779838320000000529e-01 9.794203040000000193e-01 9.807496669999999916e-01 9.819808009999999587e-01 9.831216929999999632e-01 9.841796760000000033e-01 9.851614239999999523e-01 9.860731360000000167e-01 9.869202969999999464e-01 9.877079730000000168e-01 9.884409309999999671e-01
5.480425800000000153e-02 7.819958959999999751e-03 2.037887229999999893e-03 7.557403299999999532e-04 3.906468629999999939e-04 2.726037060000000034e-04 2.386730779999999966e-04 2.446141150000000143e-04 2.797163029999999852e-04 3.452275119999999938e-04 4.483656959999999777e-04 6.007122570000000480e-04 8.180299189999999708e-04 1.120626810000000017e-03 1.533973259999999936e-03 2.089461309999999985e-03 2.825254340000000076e-03 3.787192280000000171e-03 5.029721190000000126e-03 6.616810340000000255e-03 8.622801859999999416e-03 1.113313999999999970e-02 1.424488890000000056e-02 1.806695570000000153e-02 2.271988800000000058e-02 2.833512610000000001e-02 3.505356610000000261e-02 4.302328080000000082e-02 5.239630120000000196e-02 6.332431730000000203e-02 7.595331219999999772e-02 9.041720629999999703e-02 1.068305890000000036e-01 1.252809910000000082e-01 1.458210799999999918e-01 1.684614120000000048e-01 1.931644829999999979e-01 2.198405410000000004e-01 2.483462389999999964e-01 2.784861920000000213e-01 3.100176749999999926e-01 3.426585200000000220e-01 3.760975300000000132e-01 4.100065529999999958e-01 4.440534110000000090e-01 4.779145419999999977e-01 5.112862590000000207e-01 5.438942909999999742e-01 5.755005479999999451e-01 6.059073209999999987e-01 6.349591610000000497e-01 6.625418659999999793e-01 6.885806920000000497e-01 7.130358820000000097e-01 7.358987930000000510e-01 7.571865319999999677e-01 7.769373059999999942e-01 7.952053550000000026e-01 8.120571370000000400e-01 8.275671009999999717e-01 8.418149350000000419e-01 8.548825979999999936e-01 8.668523430000000252e-01 8.778051730000000497e-01 8.878196480000000168e-01 8.969707489999999561e-01 9.053296450000000162e-01 9.129631520000000000e-01 9.199336169999999813e-01 9.262989160000000277e-01 9.321124549999999509e-01 9.374233480000000451e-01 9.422767760000000381e-01 9.467138050000000193e-01 9.507722259999999981e-01 9.544861319999999871e-01 9.578867549999999786e-01 9.610024689999999703e-01 9.638588430000000207e-01 9.664793609999999813e-01 9.688850639999999625e-01 9.710951450000000484e-01 9.731270069999999883e-01 9.749963280000000232e-01 9.767174720000000310e-01 9.783033129999999522e-01 9.797655939999999619e-01 9.811149239999999994e-01 9.823610780000000542e-01 9.835127000000000175e-01 9.845778349999999568e-01 9.855636949999999619e-01 9.864767789999999703e-01 9.873232250000000265e-01 9.881083370000000032e-01 9.888371830000000084e-01 9.895142319999999936e-01 9.901435969999999864e-01 9.907290939999999768e-01 9.912741179999999819e-01
5.108267439999999993e-02 7.248937149999999836e-03 1.911624219999999994e-03 7.416557640000000099e-04 4.167290459999999932e-04 3.188001570000000202e-04 3.001301959999999906e-04 3.228262070000000017e-04 3.803043799999999823e-04 4.777305000000000028e-04 6.268334110000000183e-04 8.447457219999999784e-04 1.154161639999999947e-03 1.584011939999999900e-03 2.170387890000000097e-03 2.957605060000000063e-03 3.999348730000000345e-03 5.359849889999999777e-03 7.115034390000000292e-03 9.353572500000000706e-03 1.217774020000000033e-02 1.570396870000000111e-02 2.006294579999999897e-02 2.539909820000000110e-02 3.186925129999999828e-02 3.964031860000000185e-02 4.888573660000000015e-02 5.978062750000000258e-02 7.249546799999999347e-02 8.718843010000000560e-02 1.039964929999999954e-01 1.230258050000000020e-01 1.443418120000000138e-01 1.679600780000000126e-01 1.938385810000000098e-01 2.218726279999999884e-01 2.518931629999999755e-01 2.836690550000000033e-01 3.169136639999999838e-01 3.512952919999999812e-01 3.864508269999999968e-01 4.220013619999999910e-01 4.575683770000000261e-01 4.927891189999999977e-01 5.273299219999999510e-01 5.608965750000000083e-01 5.932413340000000090e-01 6.241663100000000020e-01 6.535238620000000109e-01 6.812143920000000019e-01 7.071819310000000414e-01 7.314090130000000523e-01 7.539101240000000148e-01 7.747258540000000471e-01 7.939168810000000187e-01 8.115583659999999755e-01 8.277354839999999658e-01 8.425392510000000446e-01 8.560634849999999574e-01 8.684020040000000051e-01 8.796467780000000181e-01 8.898867369999999832e-01 8.992062809999999962e-01 9.076851609999999626e-01 9.153977629999999754e-01 9.224132900000000523e-01 9.287953380000000259e-01 9.346024990000000310e-01 9.398882990000000381e-01 9.447016719999999923e-01 9.490869050000000362e-01 9.530843500000000246e-01 9.567306039999999845e-01 9.600586890000000206e-01 9.630985260000000103e-01 9.658770559999999561e-01 9.684187170000000400e-01 9.707455040000000368e-01 9.728772639999999639e-01 9.748319389999999807e-01 9.766256810000000232e-01 9.782731529999999509e-01 9.797875289999999904e-01 9.811806079999999541e-01 9.824633000000000393e-01 9.836452599999999657e-01 9.847353699999999987e-01 9.857414960000000503e-01 9.866709110000000393e-01 9.875301119999999599e-01 9.883251189999999742e-01 9.890612960000000342e-01 9.897434710000000413e-01 9.903761150000000013e-01 9.909632800000000019e-01 9.915087219999999535e-01 9.920156599999999658e-01 9.924871920000000181e-01 9.929261799999999916e-01 9.933350680000000432e-01
4.704900089999999868e-02 6.647097410000000345e-03 1.786365989999999992e-03 7.397975420000000484e-04 4.611456239999999905e-04 3.878739659999999936e-04 3.891990639999999731e-04 4.348540389999999874e-04 5.236284340000000497e-04 6.660504730000000153e-04 8.801500659999999610e-04 1.190863429999999921e-03 1.630635579999999921e-03 2.240504600000000138e-03 3.071419890000000059e-03 4.185682629999999682e-03 5.658428650000000074e-03 7.579068189999999677e-03 1.005257849999999925e-02 1.320051400000000000e-02 1.716156679999999990e-02 2.209146689999999871e-02 2.816197280000000067e-02 3.555871170000000220e-02 4.447755219999999926e-02 5.511934310000000253e-02 6.768275799999999565e-02 8.235534279999999485e-02 9.930282090000000506e-02 1.186572310000000019e-01 1.405045540000000037e-01 1.648729150000000088e-01 1.917225720000000078e-01 2.209391589999999961e-01 2.523312569999999755e-01 2.856331169999999919e-01 3.205131889999999761e-01 3.565872909999999729e-01 3.934362229999999738e-01 4.306255580000000194e-01 4.677255750000000045e-01 5.043302179999999968e-01 5.400725010000000381e-01 5.746362210000000026e-01 6.077626350000000510e-01 6.392532589999999626e-01 6.689686780000000388e-01 6.968240740000000155e-01 7.227830290000000213e-01 7.468504310000000368e-01 7.690642479999999503e-01 7.894883160000000233e-01 8.082053660000000361e-01 8.253108260000000529e-01 8.409078719999999452e-01 8.551030760000000175e-01 8.680034880000000452e-01 8.797138329999999451e-01 8.903350230000000032e-01 8.999627230000000200e-01 9.086868759999999767e-01 9.165910480000000193e-01 9.237525460000000077e-01 9.302422999999999664e-01 9.361249799999999954e-01 9.414596560000000336e-01 9.462998510000000252e-01 9.506939049999999503e-01 9.546856280000000083e-01 9.583143589999999490e-01 9.616156820000000272e-01 9.646214250000000323e-01 9.673604369999999619e-01 9.698584080000000052e-01 9.721386429999999690e-01 9.742218849999999541e-01 9.761269089999999871e-01 9.778704639999999948e-01 9.794678089999999671e-01 9.809324149999999465e-01 9.822766179999999903e-01 9.835113880000000419e-01 9.846466780000000529e-01 9.856914879999999490e-01 9.866538049999999949e-01 9.875409600000000232e-01 9.883595109999999684e-01 9.891154770000000207e-01 9.898142220000000213e-01 9.904605749999999542e-01 9.910590049999999929e-01 9.916135069999999496e-01 9.921277760000000168e-01 9.926050309999999710e-01 9.930483100000000452e-01 9.934603570000000161e-01 9.938436750000000375e-01 9.942005280000000278e-01 9.945329429999999471e-01 9.948428870000000090e-01
4.288363459999999794e-02 6.042855330000000171e-03 1.672883750000000048e-03 7.586908179999999995e-04 5.329021370000000231e-04 4.899748600000000415e-04 5.176834530000000434e-04 5.949325280000000065e-04 7.275562379999999957e-04 9.334474449999999660e-04 1.239438770000000000e-03 1.681415249999999991e-03 2.305491360000000087e-03 3.169617379999999790e-03 4.345381629999999808e-03 5.919876969999999725e-03 7.997502570000000408e-03 1.070155669999999989e-02 1.417542530000000071e-02 1.858311710000000103e-02 2.410886060000000039e-02 3.095541519999999922e-02 3.934070840000000041e-02 4.949247839999999787e-02 6.164059790000000344e-02 7.600695640000000586e-02 9.279301759999999955e-02 1.121654509999999993e-01 1.342407909999999982e-01 1.590703129999999910e-01 1.866268219999999978e-01 2.167952509999999944e-01 2.493685330000000033e-01 2.840504349999999900e-01 3.204652370000000139e-01 3.581744729999999932e-01 3.966986239999999997e-01 4.355417189999999938e-01 4.742165210000000020e-01 5.122671720000000484e-01 5.492877959999999948e-01 5.849354860000000045e-01 6.189373139999999607e-01 6.510919330000000116e-01 6.812664870000000317e-01 7.093903419999999516e-01 7.354462739999999554e-01 7.594611049999999697e-01 7.814961670000000193e-01 8.016382459999999988e-01 8.199917669999999825e-01 8.366719479999999987e-01 8.517993090000000045e-01 8.654956219999999645e-01 8.778804540000000323e-01 8.890689019999999942e-01 8.991701600000000516e-01 9.082865719999999587e-01 9.165129069999999878e-01 9.239364860000000013e-01 9.306371209999999561e-01 9.366874099999999981e-01 9.421530369999999710e-01 9.470934269999999877e-01 9.515621069999999904e-01 9.556071160000000342e-01 9.592714909999999762e-01 9.625939129999999677e-01 9.656090139999999877e-01 9.683477280000000187e-01 9.708377719999999877e-01 9.731038810000000039e-01 9.751682280000000258e-01 9.770506620000000142e-01 9.787688850000000329e-01 9.803388119999999484e-01 9.817746880000000065e-01 9.830892089999999639e-01 9.842938780000000110e-01 9.853989480000000523e-01 9.864135979999999471e-01 9.873461719999999664e-01 9.882041809999999593e-01 9.889942409999999962e-01 9.897224310000000136e-01 9.903942350000000117e-01 9.910145999999999677e-01 9.915879370000000304e-01 9.921182990000000368e-01 9.926093219999999606e-01 9.930642840000000193e-01 9.934862850000000245e-01 9.938779469999999838e-01 9.942418339999999910e-01 9.945800900000000278e-01 9.948948029999999942e-01 9.951878790000000530e-01 9.954609869999999638e-01 9.957156780000000484e-01 9.959533210000000025e-01
3.874244909999999958e-02 5.460709799999999628e-03 1.582356750000000079e-03 8.089886979999999896e-04 6.441121800000000012e-04 6.391121420000000315e-04 7.020477790000000540e-04 8.230181989999999772e-04 1.017203439999999921e-03 1.312653300000000099e-03 1.748492240000000053e-03 2.375918910000000134e-03 3.260109340000000126e-03 4.482459739999999915e-03 6.142935250000000277e-03 8.362330499999999153e-03 1.128424050000000067e-02 1.507645749999999944e-02 1.993146910000000160e-02 2.606562150000000036e-02 3.371648120000000221e-02 4.313789679999999876e-02 5.459225549999999899e-02 6.833968310000000657e-02 8.462405950000000121e-02 1.036561950000000065e-01 1.255951230000000030e-01 1.505289519999999936e-01 1.784573349999999947e-01 2.092780469999999948e-01 2.427799549999999917e-01 2.786444129999999797e-01 3.164559299999999964e-01 3.557216530000000265e-01 3.958978349999999757e-01 4.364204999999999890e-01 4.767362179999999894e-01 5.163303609999999599e-01 5.547495479999999812e-01 5.916165110000000116e-01 6.266380550000000271e-01 6.596053240000000484e-01 6.903889180000000181e-01 7.189300060000000103e-01 7.452293039999999813e-01 7.693348530000000407e-01 7.913308140000000490e-01 8.113266829999999930e-01 8.294484020000000291e-01 8.458306789999999742e-01 8.606115579999999987e-01 8.739275930000000026e-01 8.859108089999999658e-01 8.966865539999999690e-01 9.063724279999999522e-01 9.150770310000000407e-01 9.229001999999999484e-01 9.299328919999999554e-01 9.362574820000000297e-01 9.419484729999999528e-01 9.470726250000000013e-01 9.516898390000000374e-01 9.558537599999999967e-01 9.596122500000000555e-01 9.630079870000000097e-01 9.660790559999999916e-01 9.688593149999999987e-01 9.713789219999999780e-01 9.736647609999999897e-01 9.757407900000000245e-01 9.776282910000000381e-01 9.793462750000000439e-01 9.809116719999999567e-01 9.823395609999999722e-01 9.836434130000000220e-01 9.848353269999999826e-01 9.859260920000000317e-01 9.869253040000000032e-01 9.878416660000000071e-01 9.886828060000000251e-01 9.894558190000000142e-01 9.901668430000000187e-01 9.908215400000000006e-01 9.914249179999999884e-01 9.919816259999999497e-01 9.924956560000000039e-01 9.929707650000000330e-01 9.934103490000000258e-01 9.938173289999999716e-01 9.941945669999999735e-01 9.945444460000000264e-01 9.948692919999999607e-01 9.951711300000000149e-01 9.954518079999999935e-01 9.957130549999999580e-01 9.959563609999999567e-01 9.961831570000000413e-01 9.963947530000000219e-01 9.965922830000000232e-01 9.967768190000000361e-01
3.475056220000000140e-02 4.920962729999999764e-03 1.526890560000000079e-03 9.044389589999999928e-04 8.112804499999999889e-04 8.547109900000000090e-04 9.652837179999999980e-04 1.147075090000000078e-03 1.427820879999999954e-03 1.849620489999999947e-03 2.468727300000000090e-03 3.357649079999999991e-03 4.607934499999999899e-03 6.333135529999999770e-03 8.671663700000000266e-03 1.178924370000000027e-02 1.588059220000000160e-02 2.116985249999999916e-02 2.790919879999999992e-02 3.637496009999999919e-02 4.686058690000000082e-02 5.966586620000000063e-02 7.508204129999999921e-02 9.337296339999999473e-02 1.147529709999999953e-01 1.393631850000000005e-01 1.672485170000000132e-01 1.983385530000000008e-01 2.324356439999999968e-01 2.692130209999999968e-01 3.082247670000000106e-01 3.489272299999999771e-01 3.907105619999999835e-01 4.329357149999999987e-01 4.749729340000000133e-01 5.162367820000000052e-01 5.562139750000000271e-01 5.944817070000000259e-01 6.307168600000000458e-01 6.646954419999999697e-01 6.962860229999999762e-01 7.254379389999999761e-01 7.521671650000000264e-01 7.765417700000000201e-01 7.986680870000000265e-01 8.186780809999999464e-01 8.367193339999999813e-01 8.529465200000000413e-01 8.675152059999999832e-01 8.805772069999999729e-01 8.922774789999999845e-01 9.027519229999999562e-01 9.121267199999999464e-01 9.205172659999999452e-01 9.280287029999999548e-01 9.347560409999999820e-01 9.407845740000000401e-01 9.461907149999999600e-01 9.510427710000000090e-01 9.554015399999999936e-01 9.593209029999999471e-01 9.628489609999999477e-01 9.660281539999999723e-01 9.688962700000000039e-01 9.714866880000000426e-01 9.738289709999999877e-01 9.759495259999999561e-01 9.778715369999999574e-01 9.796156879999999845e-01 9.812002779999999813e-01 9.826416970000000362e-01 9.839543699999999671e-01 9.851512310000000161e-01 9.862437250000000155e-01 9.872421030000000375e-01 9.881555440000000523e-01 9.889921550000000394e-01 9.897592069999999742e-01 9.904633760000000064e-01 9.911103839999999554e-01 9.917055369999999703e-01 9.922536020000000123e-01 9.927587509999999948e-01 9.932248000000000188e-01 9.936552640000000380e-01 9.940531849999999503e-01 9.944214220000000548e-01 9.947624800000000045e-01 9.950786230000000510e-01 9.953719970000000083e-01 9.956443910000000175e-01 9.958976510000000504e-01 9.961332080000000477e-01 9.963524940000000329e-01 9.965568780000000348e-01 9.967474339999999877e-01 9.969252939999999619e-01 9.970914130000000375e-01 9.972466829999999671e-01 9.973919390000000051e-01
3.099985229999999842e-02 4.440135789999999881e-03 1.520431480000000073e-03 1.063283529999999987e-03 1.057096759999999989e-03 1.163767420000000070e-03 1.339484940000000091e-03 1.606219560000000024e-03 2.008749169999999966e-03 2.608621959999999837e-03 3.485855879999999896e-03 4.742378830000000371e-03 6.505821370000000430e-03 8.933168840000000124e-03 1.221386810000000059e-02 1.657189239999999966e-02 2.226613649999999861e-02 2.958833989999999983e-02 3.885765370000000135e-02 5.041096359999999721e-02 6.458822640000000392e-02 8.171249930000000494e-02 1.020651010000000053e-01 1.258572040000000003e-01 1.532005969999999939e-01 1.840811220000000137e-01 2.183393989999999896e-01 2.556627989999999961e-01 2.955919209999999797e-01 3.375424149999999845e-01 3.808402719999999797e-01 4.247660930000000112e-01 4.686025380000000129e-01 5.116783379999999548e-01 5.534039739999999652e-01 5.932952759999999826e-01 6.309852000000000238e-01 6.662232879999999691e-01 6.988674400000000064e-01 7.288691400000000264e-01 7.562559840000000477e-01 7.811138629999999639e-01 8.035702710000000026e-01 8.237798210000000232e-01 8.419120310000000051e-01 8.581421380000000543e-01 8.726443050000000090e-01 8.855864409999999465e-01 8.971272710000000039e-01 9.074142579999999736e-01 9.165827629999999671e-01 9.247558710000000071e-01 9.320446850000000394e-01 9.385486250000000252e-01 9.443566799999999484e-01 9.495478269999999554e-01 9.541921620000000104e-01 9.583517310000000400e-01 9.620813729999999619e-01 9.654294850000000316e-01 9.684388040000000419e-01 9.711470009999999542e-01 9.735872749999999742e-01 9.757890700000000361e-01 9.777781370000000472e-01 9.795774820000000549e-01 9.812072520000000297e-01 9.826853869999999658e-01 9.840276239999999897e-01 9.852480289999999696e-01 9.863591189999999509e-01 9.873718620000000445e-01 9.882961510000000116e-01 9.891406889999999619e-01 9.899132250000000077e-01 9.906208520000000517e-01 9.912696479999999477e-01 9.918652180000000484e-01 9.924125670000000232e-01 9.929161069999999922e-01 9.933798310000000464e-01 9.938073750000000484e-01 9.942019579999999968e-01 9.945664410000000233e-01 9.949035050000000213e-01 9.952154760000000433e-01 9.955045580000000394e-01 9.957726599999999761e-01 9.960214499999999749e-01 9.962526560000000142e-01 9.964675899999999586e-01 9.966676829999999709e-01 9.968540070000000419e-01 9.970277549999999600e-01 9.971898200000000045e-01 9.973411559999999509e-01 9.974825980000000536e-01 9.976148609999999639e-01 9.977386590000000277e-01 9.978545899999999857e-01
2.755049990000000074e-02 4.032087049999999971e-03 1.580158359999999989e-03 1.310216849999999971e-03 1.412902960000000019e-03 1.603795450000000027e-03 1.869358360000000080e-03 2.254993419999999898e-03 2.828762869999999850e-03 3.679071549999999875e-03 4.918667950000000372e-03 6.689643490000000102e-03 9.168232789999999563e-03 1.256885850000000020e-02 1.714678669999999960e-02 2.319855430000000024e-02 3.105914590000000142e-02 4.109468680000000207e-02 5.368953199999999815e-02 6.922683120000000523e-02 8.806232360000000592e-02 1.104922220000000010e-01 1.367175880000000010e-01 1.668090969999999895e-01 2.006776479999999863e-01 2.380566450000000112e-01 2.785009150000000155e-01 3.214052319999999852e-01 3.660412129999999764e-01 4.116083380000000180e-01 4.572914840000000258e-01 5.023167729999999942e-01 5.459977980000000342e-01 5.877678990000000381e-01 6.271964309999999987e-01 6.639902589999999716e-01 6.979839209999999516e-01 7.291219230000000051e-01 7.574375869999999678e-01 7.830314640000000104e-01 8.060508969999999884e-01 8.266727329999999929e-01 8.450893760000000032e-01 8.614979390000000459e-01 8.760923739999999516e-01 8.890582919999999723e-01 9.005696770000000129e-01 9.107868080000000033e-01 9.198556540000000226e-01 9.279080629999999497e-01 9.350619909999999813e-01 9.414225219999999839e-01 9.470828180000000485e-01 9.521251920000000091e-01 9.566222429999999832e-01 9.606378669999999786e-01 9.642282129999999452e-01 9.674426320000000246e-01 9.703243369999999812e-01 9.729113579999999484e-01 9.752371309999999793e-01 9.773309829999999865e-01 9.792186619999999619e-01 9.809229369999999948e-01 9.824637170000000141e-01 9.838586449999999761e-01 9.851232770000000194e-01 9.862713220000000058e-01 9.873149390000000025e-01 9.882648590000000510e-01 9.891306159999999625e-01 9.899207349999999961e-01 9.906426670000000323e-01 9.913031460000000239e-01 9.919081330000000252e-01 9.924628730000000232e-01 9.929722549999999703e-01 9.934404489999999477e-01 9.938713310000000245e-01 9.942682390000000536e-01 9.946342710000000142e-01 9.949721689999999619e-01 9.952844379999999935e-01 9.955733420000000278e-01 9.958408469999999735e-01 9.960888030000000226e-01 9.963188769999999916e-01 9.965325000000000433e-01 9.967311020000000354e-01 9.969158169999999819e-01 9.970878359999999496e-01 9.972481730000000155e-01 9.973977210000000149e-01 9.975373149999999800e-01 9.976677889999999715e-01 9.977897409999999523e-01 9.979038239999999949e-01 9.980106949999999477e-01 9.981108899999999728e-01 9.982048270000000167e-01
2.443596719999999861e-02 3.709765150000000119e-03 1.728433300000000025e-03 1.679061099999999956e-03 1.922034310000000044e-03 2.226804849999999836e-03 2.616948909999999850e-03 3.169084200000000032e-03 3.983152099999999821e-03 5.184427840000000245e-03 6.930252540000000037e-03 9.416695679999999985e-03 1.288407580000000031e-02 1.762058400000000163e-02 2.396297080000000038e-02 3.229298440000000214e-02 4.302795229999999832e-02 5.660406130000000119e-02 7.345118370000000563e-02 9.395918250000000194e-02 1.184372749999999946e-01 1.470699910000000110e-01 1.798758360000000112e-01 2.166758030000000002e-01 2.570796309999999751e-01 3.004952069999999864e-01 3.461624090000000042e-01 3.932083849999999936e-01 4.407152240000000165e-01 4.877899889999999794e-01 5.336256619999999451e-01 5.775462390000000168e-01 6.190311910000000362e-01 6.577216980000000213e-01 6.934103369999999877e-01 7.260213490000000380e-01 7.555848360000000374e-01 7.822106479999999529e-01 8.060635919999999954e-01 8.273425100000000310e-01 8.462634089999999665e-01 8.630468249999999619e-01 8.779087660000000071e-01 8.910545709999999620e-01 9.026755090000000425e-01 9.129466410000000032e-01 9.220264550000000225e-01 9.300569890000000006e-01 9.371645450000000155e-01 9.434610009999999658e-01 9.490448830000000058e-01 9.540027380000000168e-01 9.584105609999999942e-01 9.623346329999999949e-01 9.658331869999999819e-01 9.689568280000000478e-01 9.717500209999999639e-01 9.742514490000000471e-01 9.764950869999999838e-01 9.785105589999999465e-01 9.803238509999999684e-01 9.819577339999999710e-01 9.834321139999999684e-01 9.847645760000000026e-01 9.859705570000000252e-01 9.870636459999999612e-01 9.880558249999999987e-01 9.889577029999999658e-01 9.897785780000000200e-01 9.905267949999999599e-01 9.912096259999999548e-01 9.918336869999999639e-01 9.924046399999999490e-01 9.929277899999999768e-01 9.934076670000000497e-01 9.938483240000000052e-01 9.942535160000000038e-01 9.946265819999999813e-01 9.949703220000000181e-01 9.952874179999999793e-01 9.955803749999999619e-01 9.958511589999999858e-01 9.961017970000000110e-01 9.963340160000000445e-01 9.965493680000000465e-01 9.967492820000000142e-01 9.969350099999999548e-01 9.971077440000000180e-01 9.972685580000000272e-01 9.974184040000000362e-01 9.975581169999999664e-01 9.976885319999999613e-01 9.978103040000000368e-01 9.979242090000000065e-01 9.980307819999999497e-01 9.981305600000000000e-01 9.982240199999999897e-01 9.983116979999999696e-01 9.983940119999999974e-01 9.984712599999999716e-01
2.167002670000000089e-02 3.487467529999999788e-03 1.995406349999999818e-03 2.216341909999999978e-03 2.644276010000000052e-03 3.104590349999999856e-03 3.667891720000000105e-03 4.452830179999999784e-03 5.602886429999999647e-03 7.293466480000000002e-03 9.741746819999999238e-03 1.321482289999999921e-02 1.803507840000000140e-02 2.458163719999999913e-02 3.328626600000000185e-02 4.462178420000000034e-02 5.908098819999999668e-02 7.714486119999999780e-02 9.924004969999999926e-02 1.256882249999999868e-01 1.566526440000000076e-01 1.920901979999999898e-01 2.317192110000000083e-01 2.750121059999999784e-01 3.212186399999999997e-01 3.694190079999999932e-01 4.185994570000000081e-01 4.677372570000000174e-01 5.158807640000000472e-01 5.622125860000000142e-01 6.060887579999999497e-01 6.470529440000000188e-01 6.848298310000000555e-01 7.193031909999999529e-01 7.504861350000000542e-01 7.784893510000000516e-01 8.034908179999999955e-01 8.257099989999999723e-01 8.453873990000000394e-01 8.627688289999999594e-01 8.780948520000000368e-01 8.915933969999999542e-01 9.034757610000000438e-01 9.139344099999999749e-01 9.231426120000000290e-01 9.312547450000000504e-01 9.384073619999999671e-01 9.447207450000000284e-01 9.503000969999999548e-01 9.552374479999999890e-01 9.596129660000000117e-01 9.634966249999999954e-01 9.669490459999999787e-01 9.700230960000000291e-01 9.727647900000000458e-01 9.752140639999999916e-01 9.774057269999999464e-01 9.793701769999999529e-01 9.811338189999999626e-01 9.827198390000000394e-01 9.841483239999999633e-01 9.854370359999999884e-01 9.866014720000000349e-01 9.876552819999999677e-01 9.886103269999999554e-01 9.894772769999999884e-01 9.902653099999999542e-01 9.909826520000000194e-01 9.916365740000000484e-01 9.922335150000000104e-01 9.927791360000000065e-01 9.932785629999999477e-01 9.937362669999999509e-01 9.941562409999999961e-01 9.945421220000000284e-01 9.948970679999999955e-01 9.952239389999999464e-01 9.955253600000000258e-01 9.958035349999999619e-01 9.960606100000000129e-01 9.962983730000000149e-01 9.965186120000000258e-01 9.967226980000000180e-01 9.969121220000000116e-01 9.970880749999999626e-01 9.972516299999999445e-01 9.974038600000000310e-01 9.975456600000000007e-01 9.976778630000000536e-01 9.978012440000000316e-01 9.979164600000000052e-01 9.980241659999999904e-01 9.981248969999999554e-01 9.982192519999999458e-01 9.983076450000000213e-01 9.983905549999999574e-01 9.984683389999999825e-01 9.985414150000000433e-01 9.986100789999999838e-01 9.986746909999999477e-01
1.925428209999999890e-02 3.383507950000000115e-03 2.422408669999999951e-03 2.985994559999999992e-03 3.661708909999999897e-03 4.335635810000000243e-03 5.139511079999999933e-03 6.248816380000000135e-03 7.866084580000000034e-03 1.023393870000000039e-02 1.364822689999999929e-02 1.846687309999999957e-02 2.511320449999999982e-02 3.407197449999999767e-02 4.587576909999999814e-02 6.107934560000000124e-02 8.022034170000000297e-02 1.037666800000000000e-01 1.320543289999999981e-01 1.652230620000000039e-01 2.031618360000000123e-01 2.454765439999999910e-01 2.914918360000000042e-01 3.402917389999999820e-01 3.907951709999999967e-01 4.418536129999999784e-01 4.923529030000000084e-01 5.413009519999999464e-01 5.878892540000000277e-01 6.315226550000000438e-01 6.718210580000000265e-01 7.085983750000000025e-01 7.418296340000000155e-01 7.716124060000000284e-01 7.981301549999999523e-01 8.216200470000000200e-01 8.423468469999999542e-01 8.605836629999999987e-01 8.765985370000000110e-01 8.906453850000000116e-01 9.029589890000000452e-01 9.137526150000000458e-01 9.232173559999999890e-01 9.315226669999999709e-01 9.388176799999999877e-01 9.452329870000000245e-01 9.508823749999999464e-01 9.558647869999999935e-01 9.602659940000000116e-01 9.641602639999999891e-01 9.676119690000000162e-01 9.706768390000000135e-01 9.734030369999999710e-01 9.758323429999999910e-01 9.780009979999999548e-01 9.799404139999999819e-01 9.816778299999999735e-01 9.832371469999999780e-01 9.846388700000000549e-01 9.859012369999999859e-01 9.870398639999999890e-01 9.880686400000000535e-01 9.889996650000000278e-01 9.898435469999999903e-01 9.906095860000000419e-01 9.913060670000000130e-01 9.919402000000000497e-01 9.925184849999999503e-01 9.930465219999999871e-01 9.935293200000000491e-01 9.939714069999999735e-01 9.943767190000000200e-01 9.947488310000000000e-01 9.950908419999999754e-01 9.954056140000000497e-01 9.956955910000000465e-01 9.959631559999999606e-01 9.962102769999999774e-01 9.964387420000000439e-01 9.966502189999999484e-01 9.968461990000000439e-01 9.970279340000000046e-01 9.971967339999999735e-01 9.973536130000000277e-01 9.974995260000000252e-01 9.976354840000000168e-01 9.977621439999999620e-01 9.978803400000000323e-01 9.979907270000000219e-01 9.980939030000000045e-01 9.981904029999999484e-01 9.982807639999999871e-01 9.983654619999999813e-01 9.984448550000000200e-01 9.985193610000000497e-01 9.985893369999999658e-01 9.986550810000000000e-01 9.987169500000000477e-01 9.987751839999999826e-01 9.988300799999999535e-01
1.718506779999999859e-02 3.423302200000000097e-03 3.066324400000000183e-03 4.075455940000000110e-03 5.086233370000000156e-03 6.053926420000000329e-03 7.191027509999999706e-03 8.749728090000000527e-03 1.101174759999999989e-02 1.430816300000000048e-02 1.903548840000000159e-02 2.566341499999999845e-02 3.473250940000000009e-02 4.683944210000000330e-02 6.260690089999999819e-02 8.263624460000000560e-02 1.074435789999999974e-01 1.373842949999999896e-01 1.725765170000000126e-01 2.128388429999999998e-01 2.576590480000000016e-01 3.062072690000000041e-01 3.573971089999999906e-01 4.099865850000000145e-01 4.626992639999999990e-01 5.143416520000000380e-01 5.638963580000000420e-01 6.105781789999999987e-01 6.538522839999999503e-01 6.934205890000000316e-01 7.291873690000000297e-01 7.612152100000000310e-01 7.896794080000000271e-01 8.148279189999999561e-01 8.369480969999999465e-01 8.563416000000000361e-01 8.733068699999999573e-01 8.881278630000000174e-01 9.010671970000000419e-01 9.123630520000000077e-01 9.222280980000000516e-01 9.308502079999999568e-01 9.383943080000000103e-01 9.450037479999999768e-01 9.508030410000000154e-01 9.558999540000000517e-01 9.603873490000000013e-01 9.643452759999999735e-01 9.678428770000000458e-01 9.709395170000000297e-01 9.736864570000000052e-01 9.761279229999999529e-01 9.783020620000000278e-01 9.802418950000000297e-01 9.819759129999999780e-01 9.835289120000000329e-01 9.849222899999999781e-01 9.861747029999999858e-01 9.873024820000000368e-01 9.883197550000000220e-01 9.892389769999999638e-01 9.900709389999999832e-01 9.908251169999999775e-01 9.915099739999999606e-01 9.921327829999999626e-01 9.927000400000000058e-01 9.932175279999999606e-01 9.936901930000000549e-01 9.941226239999999548e-01 9.945187570000000310e-01 9.948821070000000155e-01 9.952158330000000497e-01 9.955227970000000148e-01 9.958054419999999851e-01 9.960660340000000446e-01 9.963065979999999877e-01 9.965288639999999587e-01 9.967345600000000472e-01 9.969250560000000316e-01 9.971017239999999671e-01 9.972656970000000065e-01 9.974180459999999471e-01 9.975597259999999800e-01 9.976916909999999916e-01 9.978146549999999948e-01 9.979293940000000251e-01 9.980364440000000226e-01 9.981365800000000510e-01 9.982301590000000058e-01 9.983178379999999574e-01 9.983999730000000516e-01 9.984769820000000129e-01 9.985492830000000097e-01 9.986171130000000007e-01 9.986809490000000400e-01 9.987409710000000329e-01 9.987974760000000174e-01 9.988507030000000064e-01 9.989008900000000413e-01 9.989482760000000239e-01
1.545948259999999942e-02 3.643047300000000054e-03 4.005188120000000192e-03 5.603401459999999938e-03 7.069003299999999587e-03 8.439847270000000110e-03 1.003594229999999962e-02 1.221230629999999970e-02 1.535517259999999960e-02 1.990918070000000095e-02 2.639513090000000090e-02 3.541302679999999703e-02 4.762828350000000016e-02 6.373821940000000408e-02 8.441673959999999866e-02 1.102380830000000006e-01 1.415864530000000010e-01 1.785652040000000051e-01 2.209255400000000036e-01 2.680363359999999862e-01 3.189102109999999990e-01 3.722881379999999907e-01 4.267683030000000155e-01 4.809517260000000238e-01 5.335748200000000052e-01 5.836052299999999748e-01 6.302902099999999619e-01 6.731607910000000361e-01 7.120024560000000058e-01 7.468069200000000407e-01 7.777184249999999910e-01 8.049825430000000503e-01 8.289034370000000207e-01 8.498106600000000510e-01 8.680358529999999684e-01 8.838971850000000297e-01 8.976899390000000478e-01 9.096821550000000478e-01 9.201129080000000071e-01 9.291929599999999567e-01 9.371063710000000491e-01 9.440128800000000542e-01 9.500504140000000097e-01 9.553377629999999510e-01 9.599767919999999677e-01 9.640551809999999833e-01 9.676479100000000555e-01 9.708193539999999677e-01 9.736247059999999509e-01 9.761114119999999561e-01 9.783202410000000349e-01 9.802862409999999471e-01 9.820396900000000207e-01 9.836066959999999471e-01 9.850098489999999929e-01 9.862686400000000297e-01 9.874001740000000193e-01 9.884190560000000181e-01 9.893382790000000426e-01 9.901689890000000549e-01 9.909210800000000097e-01 9.916030759999999722e-01 9.922224880000000136e-01 9.927861089999999722e-01 9.932996029999999754e-01 9.937682749999999787e-01 9.941965339999999651e-01 9.945885540000000136e-01 9.949479100000000464e-01 9.952777029999999581e-01 9.955807920000000477e-01 9.958596830000000510e-01 9.961166980000000226e-01 9.963538650000000052e-01 9.965728520000000090e-01 9.967754479999999528e-01 9.969629650000000343e-01 9.971368309999999457e-01 9.972981210000000374e-01 9.974479680000000181e-01 9.975873229999999703e-01 9.977170229999999806e-01 9.978379010000000271e-01 9.979506129999999864e-01 9.980558750000000368e-01 9.981541630000000387e-01 9.982461929999999484e-01 9.983322620000000258e-01 9.984129670000000401e-01 9.984886050000000290e-01 9.985596540000000187e-01 9.986263509999999677e-01 9.986890550000000477e-01 9.987480039999999670e-01 9.988035560000000368e-01 9.988558889999999968e-01 9.989052409999999993e-01 9.989517930000000323e-01 9.989957210000000032e-01 9.990372659999999794e-01
1.408096120000000041e-02 4.094299860000000062e-03 5.345262590000000175e-03 7.729291919999999906e-03 9.811826049999999855e-03 1.173306999999999996e-02 1.395624040000000010e-02 1.697261450000000019e-02 2.130351219999999934e-02 2.753480520000000167e-02 3.633344170000000345e-02 4.843981940000000042e-02 6.463382389999999811e-02 8.567272870000000595e-02 1.122024130000000008e-01 1.446504150000000044e-01 1.831184770000000017e-01 2.273001070000000012e-01 2.764502759999999948e-01 3.294253349999999858e-01 3.847933709999999952e-01 4.409930409999999745e-01 4.965054990000000168e-01 5.500016210000000516e-01 6.004389519999999703e-01 6.471007469999999762e-01 6.895844340000000239e-01 7.277565000000000284e-01 7.616910340000000446e-01 7.916069629999999968e-01 8.178125019999999967e-01 8.406605719999999948e-01 8.605166669999999574e-01 8.777368070000000078e-01 8.926545380000000529e-01 9.055734869999999548e-01 9.167650339999999787e-01 9.264678960000000130e-01 9.348902700000000232e-01 9.422121049999999665e-01 9.485883120000000446e-01 9.541516300000000284e-01 9.590154889999999988e-01 9.632769820000000038e-01 9.670188429999999613e-01 9.703117009999999709e-01 9.732158779999999787e-01 9.757830499999999851e-01 9.780573249999999774e-01 9.800764920000000213e-01 9.818731550000000530e-01 9.834751489999999929e-01 9.849066140000000136e-01 9.861883519999999903e-01 9.873382450000000032e-01 9.883719680000000452e-01 9.893029930000000194e-01 9.901431200000000432e-01 9.909025430000000245e-01 9.915903209999999968e-01 9.922142029999999613e-01 9.927812219999999632e-01 9.932972190000000090e-01 9.937676789999999594e-01 9.941972489999999496e-01 9.945901040000000304e-01 9.949498180000000414e-01 9.952797890000000258e-01 9.955828190000000077e-01 9.958614709999999981e-01 9.961181279999999916e-01 9.963547590000000342e-01 9.965732689999999838e-01 9.967752699999999910e-01 9.969621899999999703e-01 9.971353410000000084e-01 9.972960349999999696e-01 9.974452259999999626e-01 9.975839850000000064e-01 9.977130290000000290e-01 9.978333120000000278e-01 9.979454869999999644e-01 9.980502129999999639e-01 9.981480240000000226e-01 9.982395170000000206e-01 9.983251690000000123e-01 9.984053969999999723e-01 9.984806779999999549e-01 9.985513089999999981e-01 9.986176490000000516e-01 9.986800550000000110e-01 9.987387660000000000e-01 9.987940189999999774e-01 9.988460540000000387e-01 9.988951680000000000e-01 9.989415409999999884e-01 9.989852909999999975e-01 9.990266559999999574e-01 9.990657569999999987e-01 9.991027710000000006e-01
1.306517050000000069e-02 4.849815740000000021e-03 7.229768670000000057e-03 1.066462879999999919e-02 1.358014350000000085e-02 1.624671000000000101e-02 1.931724510000000158e-02 2.346071790000000060e-02 2.936848809999999949e-02 3.779486189999999718e-02 4.956721890000000130e-02 6.555883590000000094e-02 8.662386240000000126e-02 1.134972870000000023e-01 1.466704759999999941e-01 1.862643360000000026e-01 2.319324759999999985e-01 2.828282120000000233e-01 3.376578390000000152e-01 3.948177700000000123e-01 4.525863230000000126e-01 5.093234180000000277e-01 5.636333230000000194e-01 6.144624349999999735e-01 6.611278649999999812e-01 7.032896280000000555e-01 7.408897279999999697e-01 7.740778329999999929e-01 8.031405209999999961e-01 8.284415600000000213e-01 8.503765460000000109e-01 8.693415519999999619e-01 8.857132199999999678e-01 8.998373750000000504e-01 9.120242600000000310e-01 9.225472209999999729e-01 9.316442609999999735e-01 9.395208950000000225e-01 9.463531969999999793e-01 9.522916080000000116e-01 9.574643369999999987e-01 9.619803430000000155e-01 9.659321899999999683e-01 9.693986180000000452e-01 9.724465009999999632e-01 9.751327629999999580e-01 9.775059820000000510e-01 9.796074630000000116e-01 9.814727899999999838e-01 9.831321240000000516e-01 9.846115109999999948e-01 9.859334229999999755e-01 9.871171709999999599e-01 9.881792659999999451e-01 9.891342520000000471e-01 9.899945860000000097e-01 9.907711740000000322e-01 9.914734360000000413e-01 9.921097159999999748e-01 9.926871659999999542e-01 9.932121630000000367e-01 9.936903120000000200e-01 9.941264389999999729e-01 9.945248960000000471e-01 9.948895570000000355e-01 9.952237010000000161e-01 9.955303669999999716e-01 9.958121779999999923e-01 9.960715770000000413e-01 9.963106510000000471e-01 9.965312480000000361e-01 9.967350959999999871e-01 9.969236249999999799e-01 9.970983270000000065e-01 9.972602729999999749e-01 9.974106550000000349e-01 9.975504280000000445e-01 9.976804849999999503e-01 9.978016020000000097e-01 9.979146119999999787e-01 9.980199929999999942e-01 9.981185200000000091e-01 9.982106689999999949e-01 9.982968570000000375e-01 9.983776810000000168e-01 9.984534379999999709e-01 9.985245470000000401e-01 9.985913629999999541e-01 9.986541869999999710e-01 9.987133150000000459e-01 9.987689849999999980e-01 9.988214370000000342e-01 9.988709089999999735e-01 9.989176389999999683e-01 9.989617469999999555e-01 9.990034100000000361e-01 9.990428689999999445e-01 9.990802410000000355e-01 9.991155860000000555e-01 9.991490840000000206e-01
1.244691390000000029e-02 6.010987800000000027e-03 9.849149729999999436e-03 1.468522289999999939e-02 1.871634089999999959e-02 2.238093320000000136e-02 2.658053670000000077e-02 3.221114719999999820e-02 4.017109049999999931e-02 5.140453579999999800e-02 6.689733270000000620e-02 8.761892470000000321e-02 1.144158319999999951e-01 1.478704809999999981e-01 1.881526560000000015e-01 2.349037380000000008e-01 2.871967850000000100e-01 3.436004819999999849e-01 4.023433920000000219e-01 4.615408779999999878e-01 5.194256900000000510e-01 5.745282769999999761e-01 6.257765290000000258e-01 6.725137230000000077e-01 7.144548299999999852e-01 7.516095640000000078e-01 7.841955419999999677e-01 8.125599030000000278e-01 8.371158239999999529e-01 8.582966330000000310e-01 8.765251040000000549e-01 8.921955820000000426e-01 9.056647420000000226e-01 9.172481300000000504e-01 9.272208809999999968e-01 9.358202220000000349e-01 9.432491659999999722e-01 9.496805670000000310e-01 9.552611109999999961e-01 9.601150750000000400e-01 9.643476010000000542e-01 9.680475589999999464e-01 9.712902310000000039e-01 9.741393919999999929e-01 9.766491059999999891e-01 9.788654449999999452e-01 9.808275100000000135e-01 9.825686219999999471e-01 9.841173890000000091e-01 9.854982500000000201e-01 9.867322440000000361e-01 9.878373150000000491e-01 9.888291359999999974e-01 9.897211790000000065e-01 9.905251259999999780e-01 9.912510509999999941e-01 9.919078350000000155e-01 9.925031659999999922e-01 9.930437800000000426e-01 9.935355780000000303e-01 9.939837459999999458e-01 9.943928119999999593e-01 9.947667719999999658e-01 9.951092000000000271e-01 9.954232570000000058e-01 9.957116839999999858e-01 9.959769849999999813e-01 9.962213039999999742e-01 9.964466690000000071e-01 9.966548680000000271e-01 9.968473319999999749e-01 9.970255489999999554e-01 9.971907730000000303e-01 9.973440770000000510e-01 9.974865910000000335e-01 9.976191519999999535e-01 9.977425930000000109e-01 9.978576900000000194e-01 9.979650970000000232e-01 9.980654719999999536e-01 9.981592889999999496e-01 9.982471469999999458e-01 9.983294609999999736e-01 9.984066489999999794e-01 9.984790679999999696e-01 9.985471369999999736e-01 9.986111519999999464e-01 9.986714119999999806e-01 9.987280960000000096e-01 9.987816210000000083e-01 9.988320469999999451e-01 9.988796709999999690e-01 9.989246729999999852e-01 9.989671709999999871e-01 9.990074629999999845e-01 9.990455510000000316e-01 9.990816710000000045e-01 9.991158839999999541e-01 9.991483690000000362e-01 9.991791840000000535e-01
1.228859650000000032e-02 7.717077150000000406e-03 1.345220859999999956e-02 2.014271910000000124e-02 2.565065769999999926e-02 3.063233939999999988e-02 3.631021450000000012e-02 4.386302830000000236e-02 5.443044749999999959e-02 6.915427740000000545e-02 8.914959429999999574e-02 1.154046880000000053e-01 1.486285330000000071e-01 1.890798509999999932e-01 2.364276800000000012e-01 2.896979450000000123e-01 3.473429379999999900e-01 4.074313339999999783e-01 4.679120780000000090e-01 5.268802639999999871e-01 5.827788710000000316e-01 6.345031859999999968e-01 6.814097169999999704e-01 7.232570050000000084e-01 7.601123450000000226e-01 7.922530770000000278e-01 8.200801009999999502e-01 8.440508249999999490e-01 8.646320699999999748e-01 8.822709920000000317e-01 8.973778489999999497e-01 9.103190899999999974e-01 9.214153290000000052e-01 9.309436679999999464e-01 9.391408559999999683e-01 9.462081789999999826e-01 9.523159860000000032e-01 9.576078059999999503e-01 9.622048739999999878e-01 9.662090540000000116e-01 9.697063569999999633e-01 9.727692599999999690e-01 9.754589799999999755e-01 9.778272510000000084e-01 9.799180029999999819e-01 9.817686079999999871e-01 9.834106559999999941e-01 9.848713279999999903e-01 9.861737489999999884e-01 9.873378280000000284e-01 9.883806109999999645e-01 9.893167609999999890e-01 9.901590940000000174e-01 9.909185169999999987e-01 9.916046259999999890e-01 9.922257070000000123e-01 9.927889699999999928e-01 9.933007360000000174e-01 9.937666059999999968e-01 9.941914680000000226e-01 9.945794940000000084e-01 9.949344989999999722e-01 9.952598209999999890e-01 9.955583810000000478e-01 9.958328010000000452e-01 9.960854649999999477e-01 9.963183399999999690e-01 9.965333339999999929e-01 9.967319970000000362e-01 9.969159359999999470e-01 9.970863460000000122e-01 9.972445370000000420e-01 9.973914619999999509e-01 9.975280760000000413e-01 9.976553320000000058e-01 9.977738860000000543e-01 9.978845720000000252e-01 9.979879860000000491e-01 9.980846639999999548e-01 9.981751439999999587e-01 9.982599020000000323e-01 9.983394740000000045e-01 9.984140989999999993e-01 9.984841939999999916e-01 9.985501770000000388e-01 9.986122250000000200e-01 9.986706969999999961e-01 9.987258319999999800e-01 9.987778659999999586e-01 9.988269210000000342e-01 9.988733530000000194e-01 9.989172219999999935e-01 9.989587659999999980e-01 9.989981060000000523e-01 9.990353579999999845e-01 9.990707039999999761e-01 9.991042610000000490e-01 9.991360900000000322e-01 9.991663689999999987e-01 9.991951580000000277e-01
1.269065030000000004e-02 1.015616209999999943e-02 1.835649829999999941e-02 2.747197640000000052e-02 3.490482269999999748e-02 4.159300400000000286e-02 4.916504769999999885e-02 5.914097649999999762e-02 7.292668519999999377e-02 9.184558689999999803e-02 1.170747349999999992e-01 1.494970919999999981e-01 1.895132210000000095e-01 2.368745509999999888e-01 2.906083760000000016e-01 3.490846160000000142e-01 4.102273289999999739e-01 4.718170460000000177e-01 5.317968130000000349e-01 5.885021689999999639e-01 6.407748460000000090e-01 6.879658699999999794e-01 7.298616770000000420e-01 7.665751579999999787e-01 7.984341980000000394e-01 8.258866670000000187e-01 8.494296070000000309e-01 8.695604799999999690e-01 8.867486719999999600e-01 9.014196399999999665e-01 9.139493699999999832e-01 9.246639610000000342e-01 9.338427190000000433e-01 9.417227510000000246e-01 9.485045079999999684e-01 9.543563130000000116e-01 9.594197270000000000e-01 9.638134839999999981e-01 9.676370619999999922e-01 9.709741469999999541e-01 9.738950130000000316e-01 9.764588480000000459e-01 9.787155389999999677e-01 9.807074669999999994e-01 9.824703930000000529e-01 9.840346570000000348e-01 9.854263070000000013e-01 9.866673950000000026e-01 9.877769349999999671e-01 9.887711999999999612e-01 9.896641969999999677e-01 9.904679659999999775e-01 9.911929969999999646e-01 9.918484090000000419e-01 9.924420120000000400e-01 9.929807189999999562e-01 9.934705499999999523e-01 9.939166900000000471e-01 9.943238500000000091e-01 9.946959610000000174e-01 9.950367209999999574e-01 9.953492280000000303e-01 9.956362840000000380e-01 9.959003330000000265e-01 9.961436390000000252e-01 9.963681100000000290e-01 9.965754749999999884e-01 9.967673419999999451e-01 9.969451430000000336e-01 9.971100090000000193e-01 9.972631339999999955e-01 9.974054690000000445e-01 9.975380299999999645e-01 9.976615909999999587e-01 9.977768660000000400e-01 9.978845119999999458e-01 9.979851840000000252e-01 9.980794189999999677e-01 9.981676940000000497e-01 9.982504840000000490e-01 9.983282690000000459e-01 9.984012840000000555e-01 9.984699489999999678e-01 9.985346200000000394e-01 9.985955359999999503e-01 9.986529950000000433e-01 9.987071749999999470e-01 9.987583759999999478e-01 9.988067149999999561e-01 9.988524909999999535e-01 9.988958239999999877e-01 9.989368320000000523e-01 9.989757540000000491e-01 9.990126489999999748e-01 9.990476369999999884e-01 9.990808960000000516e-01 9.991125459999999903e-01 9.991425870000000264e-01 9.991711970000000109e-01 9.991984369999999949e-01
1.380434730000000033e-02 1.357726010000000032e-02 2.495504540000000049e-02 3.718889499999999959e-02 4.708109049999999879e-02 5.593035739999999839e-02 6.586651500000000048e-02 7.880597559999999446e-02 9.642715749999999919e-02 1.201852409999999982e-01 1.512078789999999895e-01 1.901081799999999877e-01 2.367936370000000013e-01 2.903616430000000026e-01 3.491521779999999797e-01 4.109728630000000216e-01 4.734389190000000136e-01 5.343256589999999528e-01 5.918351410000000090e-01 6.447276469999999593e-01 6.923235060000000329e-01 7.344168420000000141e-01 7.711510660000000517e-01 8.028940559999999671e-01 8.301339150000000000e-01 8.534027339999999962e-01 8.732262849999999910e-01 8.900949360000000032e-01 9.044492240000000516e-01 9.166747929999999878e-01 9.271037580000000000e-01 9.360186459999999542e-01 9.436577560000000142e-01 9.502214789999999800e-01 9.558773040000000387e-01 9.607654209999999528e-01 9.650028940000000555e-01 9.686875339999999612e-01 9.719013570000000213e-01 9.747129079999999890e-01 9.771800040000000465e-01 9.793511029999999451e-01 9.812672140000000542e-01 9.829630259999999620e-01 9.844679240000000497e-01 9.858069419999999639e-01 9.870014190000000465e-01 9.880696540000000194e-01 9.890272620000000181e-01 9.898877139999999741e-01 9.906625749999999897e-01 9.913619160000000097e-01 9.919945000000000013e-01 9.925677779999999562e-01 9.930884239999999696e-01 9.935621019999999470e-01 9.939939380000000213e-01 9.943882819999999567e-01 9.947490100000000446e-01 9.950795770000000484e-01 9.953830240000000051e-01 9.956619740000000052e-01 9.959188100000000432e-01 9.961556790000000161e-01 9.963743689999999820e-01 9.965766670000000271e-01 9.967639449999999846e-01 9.969376330000000452e-01 9.970988629999999464e-01 9.972487690000000349e-01 9.973883030000000316e-01 9.975183010000000516e-01 9.976395959999999619e-01 9.977529050000000233e-01 9.978588219999999787e-01 9.979579450000000129e-01 9.980508089999999832e-01 9.981379510000000232e-01 9.982197280000000283e-01 9.982965590000000278e-01 9.983687999999999452e-01 9.984368679999999774e-01 9.985010029999999981e-01 9.985614419999999658e-01 9.986184839999999729e-01 9.986723659999999780e-01 9.987233279999999658e-01 9.987715480000000090e-01 9.988172050000000413e-01 9.988604189999999994e-01 9.989014269999999529e-01 9.989403489999999497e-01 9.989772439999999865e-01 9.990123509999999651e-01 9.990457299999999652e-01 9.990774989999999800e-01 9.991077179999999780e-01 9.991364480000000103e-01 9.991639260000000355e-01 9.991900919999999742e-01
1.584744449999999846e-02 1.830228420000000120e-02 3.371495010000000181e-02 4.987146709999999705e-02 6.282771380000000405e-02 7.433797420000000378e-02 8.713249859999999680e-02 1.035669599999999996e-01 1.255704159999999903e-01 1.546402420000000111e-01 1.917044519999999974e-01 2.369263169999999974e-01 2.895687519999999848e-01 3.480204639999999738e-01 4.100216930000000204e-01 4.730376009999999742e-01 5.346626039999999858e-01 5.929354430000000065e-01 6.464998130000000343e-01 6.946126219999999574e-01 7.370498779999999917e-01 7.739667300000000472e-01 8.057582380000000155e-01 8.329447509999999832e-01 8.560889959999999910e-01 8.757426740000000542e-01 8.924165960000000064e-01 9.065660829999999670e-01 9.185873270000000090e-01 9.288192389999999632e-01 9.375485780000000213e-01 9.450160260000000090e-01 9.514228110000000349e-01 9.569364790000000065e-01 9.616967440000000478e-01 9.658198359999999871e-01 9.694025520000000284e-01 9.725257750000000367e-01 9.752570390000000478e-01 9.776530270000000078e-01 9.797612430000000039e-01 9.816218610000000400e-01 9.832686189999999549e-01 9.847302439999999768e-01 9.860310549999999896e-01 9.871918560000000342e-01 9.882303479999999807e-01 9.891616699999999929e-01 9.899989959999999645e-01 9.907534120000000000e-01 9.914347529999999464e-01 9.920514230000000433e-01 9.926106329999999645e-01 9.931188819999999806e-01 9.935817120000000058e-01 9.940038919999999445e-01 9.943897720000000051e-01 9.947430489999999903e-01 9.950670600000000032e-01 9.953647260000000330e-01 9.956386090000000078e-01 9.958910349999999800e-01 9.961240289999999664e-01 9.963393809999999684e-01 9.965387580000000245e-01 9.967235330000000504e-01 9.968950149999999955e-01 9.970543979999999529e-01 9.972026939999999451e-01 9.973408580000000523e-01 9.974697829999999987e-01 9.975901249999999942e-01 9.977026580000000200e-01 9.978079800000000388e-01 9.979066250000000471e-01 9.979991910000000077e-01 9.980860350000000381e-01 9.981676940000000497e-01 9.982444639999999980e-01 9.983167649999999949e-01 9.983848929999999955e-01 9.984491469999999813e-01 9.985098239999999903e-01 9.985671040000000387e-01 9.986212850000000252e-01 9.986725450000000226e-01 9.987211230000000439e-01 9.987671380000000543e-01 9.988107680000000155e-01 9.988521930000000548e-01 9.988915320000000264e-01 9.989289049999999781e-01 9.989644890000000110e-01 9.989982840000000142e-01 9.990305299999999722e-01 9.990612269999999961e-01 9.990904929999999684e-01 9.991184469999999651e-01 9.991450910000000407e-01 9.991705419999999949e-01
1.912273089999999912e-02 2.473532969999999928e-02 4.516216740000000146e-02 6.611653419999999337e-02 8.277286590000000610e-02 9.744984660000000076e-02 1.135712339999999931e-01 1.339520660000000085e-01 1.607153420000000110e-01 1.952747400000000022e-01 2.381913659999999877e-01 2.890259620000000251e-01 3.463307919999999984e-01 4.078599210000000141e-01 4.709661900000000068e-01 5.330603120000000361e-01 5.919877890000000420e-01 6.462341550000000323e-01 6.949528459999999574e-01 7.378680709999999587e-01 7.751226430000000001e-01 8.071228860000000394e-01 8.344116209999999922e-01 8.575767869999999515e-01 8.771935699999999780e-01 8.937922120000000303e-01 9.078433510000000206e-01 9.197543860000000349e-01 9.298722740000000542e-01 9.384890200000000071e-01 9.458487629999999813e-01 9.521546960000000226e-01 9.575755000000000239e-01 9.622511860000000361e-01 9.662979250000000020e-01 9.698122139999999503e-01 9.728743429999999748e-01 9.755514259999999993e-01 9.778994319999999574e-01 9.799652699999999994e-01 9.817885160000000555e-01 9.834024909999999897e-01 9.848352670000000142e-01 9.861108659999999748e-01 9.872494939999999497e-01 9.882686729999999864e-01 9.891831279999999671e-01 9.900056120000000348e-01 9.907472729999999839e-01 9.914174679999999684e-01 9.920244219999999613e-01 9.925752879999999445e-01 9.930763240000000103e-01 9.935328960000000542e-01 9.939497710000000374e-01 9.943310619999999878e-01 9.946804639999999864e-01 9.950012560000000006e-01 9.952961799999999748e-01 9.955678580000000277e-01 9.958184359999999735e-01 9.960499409999999942e-01 9.962640999999999858e-01 9.964625240000000161e-01 9.966467020000000510e-01 9.968177679999999929e-01 9.969769120000000484e-01 9.971251490000000439e-01 9.972633720000000368e-01 9.973924760000000278e-01 9.975131149999999502e-01 9.976260070000000368e-01 9.977318050000000271e-01 9.978310470000000265e-01 9.979242090000000065e-01 9.980117080000000529e-01 9.980940820000000491e-01 9.981715679999999535e-01 9.982446430000000426e-01 9.983136059999999645e-01 9.983786340000000425e-01 9.984401459999999728e-01 9.984982610000000536e-01 9.985533359999999581e-01 9.986054300000000161e-01 9.986548419999999870e-01 9.987017510000000264e-01 9.987462160000000200e-01 9.987884759999999806e-01 9.988287089999999813e-01 9.988669159999999936e-01 9.989033339999999761e-01 9.989380239999999800e-01 9.989710450000000019e-01 9.990025759999999755e-01 9.990326170000000117e-01 9.990613459999999613e-01 9.990888239999999865e-01 9.991150500000000045e-01 9.991401429999999806e-01
2.403819369999999830e-02 3.336505220000000188e-02 5.984646450000000173e-02 8.646756410000000503e-02 1.074250040000000045e-01 1.257197260000000039e-01 1.455422789999999966e-01 1.701547949999999976e-01 2.017830760000000057e-01 2.416120770000000084e-01 2.896885280000000007e-01 3.448932169999999742e-01 4.051220420000000155e-01 4.676904680000000258e-01 5.298452380000000517e-01 5.892162920000000303e-01 6.440867780000000264e-01 6.934580209999999800e-01 7.369611259999999664e-01 7.746951579999999948e-01 8.070567849999999988e-01 8.345984220000000064e-01 8.579261900000000329e-01 8.776354189999999722e-01 8.942747709999999683e-01 9.083303209999999961e-01 9.202215670000000181e-01 9.303045269999999922e-01 9.388778810000000252e-01 9.461902979999999852e-01 9.524481299999999484e-01 9.578221439999999864e-01 9.624536040000000181e-01 9.664593339999999477e-01 9.699361920000000303e-01 9.729646440000000451e-01 9.756116270000000368e-01 9.779329300000000336e-01 9.799752830000000303e-01 9.817779660000000019e-01 9.833739999999999704e-01 9.847912789999999639e-01 9.860534669999999613e-01 9.871806499999999929e-01 9.881900550000000116e-01 9.890962239999999683e-01 9.899117950000000388e-01 9.906476140000000097e-01 9.913130399999999787e-01 9.919160599999999883e-01 9.924638869999999891e-01 9.929624200000000123e-01 9.934171440000000297e-01 9.938327070000000374e-01 9.942131039999999587e-01 9.945620299999999858e-01 9.948826429999999554e-01 9.951776860000000058e-01 9.954497220000000368e-01 9.957008960000000020e-01 9.959331750000000039e-01 9.961482289999999962e-01 9.963477250000000174e-01 9.965330359999999832e-01 9.967053529999999606e-01 9.968658089999999916e-01 9.970154169999999594e-01 9.971551300000000007e-01 9.972856639999999606e-01 9.974077940000000142e-01 9.975222350000000349e-01 9.976295830000000420e-01 9.977303149999999787e-01 9.978250269999999755e-01 9.979140760000000387e-01 9.979979989999999690e-01 9.980770350000000013e-01 9.981516000000000277e-01 9.982219930000000296e-01 9.982885719999999852e-01 9.983515139999999954e-01 9.984111190000000136e-01 9.984675650000000013e-01 9.985210900000000001e-01 9.985718730000000543e-01 9.986200929999999865e-01 9.986659289999999523e-01 9.987095000000000278e-01 9.987509850000000355e-01 9.987904429999999723e-01 9.988280529999999935e-01 9.988639350000000361e-01 9.988982079999999542e-01 9.989308709999999980e-01 9.989620449999999652e-01 9.989919069999999568e-01 9.990203979999999762e-01 9.990476969999999568e-01 9.990738630000000065e-01 9.990988969999999858e-01
3.112486750000000024e-02 4.475373769999999723e-02 7.828212530000000502e-02 1.113155710000000020e-01 1.370491530000000069e-01 1.592822369999999932e-01 1.830100269999999918e-01 2.118914430000000126e-01 2.481401259999999886e-01 2.925775050000000155e-01 3.446498219999999946e-01 4.025878909999999755e-01 4.638017420000000168e-01 5.254348519999999523e-01 5.848999620000000510e-01 6.402382250000000496e-01 6.902449130000000155e-01 7.344070670000000245e-01 7.727402450000000478e-01 8.056038620000000039e-01 8.335425850000000025e-01 8.571709389999999651e-01 8.770995139999999690e-01 8.938934800000000180e-01 9.080542329999999884e-01 9.200140829999999825e-01 9.301392440000000317e-01 9.387362599999999890e-01 9.460597630000000535e-01 9.523203369999999612e-01 9.576917889999999600e-01 9.623175259999999787e-01 9.663160440000000406e-01 9.697850940000000142e-01 9.728057979999999993e-01 9.754455090000000439e-01 9.777603150000000465e-01 9.797970649999999670e-01 9.815950390000000025e-01 9.831872579999999529e-01 9.846016170000000400e-01 9.858617189999999697e-01 9.869875909999999974e-01 9.879962209999999523e-01 9.889023300000000516e-01 9.897183779999999542e-01 9.904550909999999542e-01 9.911217690000000413e-01 9.917264580000000329e-01 9.922761319999999774e-01 9.927768710000000052e-01 9.932339789999999891e-01 9.936520460000000110e-01 9.940351250000000194e-01 9.943867920000000193e-01 9.947102669999999813e-01 9.950082300000000490e-01 9.952831269999999897e-01 9.955372810000000516e-01 9.957724810000000426e-01 9.959905740000000174e-01 9.961930509999999961e-01 9.963812229999999825e-01 9.965564609999999490e-01 9.967197780000000007e-01 9.968722460000000174e-01 9.970147010000000032e-01 9.971480369999999871e-01 9.972728490000000168e-01 9.973899720000000135e-01 9.974998830000000316e-01 9.976031779999999793e-01 9.977003340000000220e-01 9.977918270000000200e-01 9.978781340000000277e-01 9.979594950000000297e-01 9.980363249999999464e-01 9.981089829999999496e-01 9.981776479999999729e-01 9.982427360000000194e-01 9.983043670000000258e-01 9.983628390000000019e-01 9.984183309999999922e-01 9.984710220000000414e-01 9.985210900000000001e-01 9.985687140000000239e-01 9.986140730000000465e-01 9.986572860000000329e-01 9.986984129999999515e-01 9.987376930000000375e-01 9.987751839999999826e-01 9.988109469999999490e-01 9.988451600000000097e-01 9.988778230000000535e-01 9.989091159999999858e-01 9.989390369999999741e-01 9.989677070000000381e-01 9.989951249999999838e-01 9.990214710000000498e-01 9.990467429999999593e-01
4.104405269999999994e-02 5.950494480000000086e-02 1.008646490000000007e-01 1.407863799999999888e-01 1.715433000000000097e-01 1.978296489999999963e-01 2.254322169999999903e-01 2.583199740000000078e-01 2.985754609999999865e-01 3.465647700000000220e-01 4.011369650000000120e-01 4.600090980000000052e-01 5.203471179999999974e-01 5.793874260000000387e-01 6.349070669999999916e-01 6.854426260000000548e-01 7.302787299999999870e-01 7.692978980000000355e-01 8.027861710000000484e-01 8.312572240000000168e-01 8.553200960000000297e-01 8.755931850000000516e-01 8.926550749999999645e-01 9.070215820000000484e-01 9.191381929999999922e-01 9.293823839999999503e-01 9.380698200000000542e-01 9.454622270000000439e-01 9.517756699999999626e-01 9.571881890000000226e-01 9.618462319999999677e-01 9.658705589999999619e-01 9.693607690000000110e-01 9.723991159999999523e-01 9.750539660000000497e-01 9.773819449999999742e-01 9.794305559999999522e-01 9.812393190000000542e-01 9.828415510000000355e-01 9.842653270000000232e-01 9.855343100000000245e-01 9.866687060000000065e-01 9.876855610000000452e-01 9.885995979999999683e-01 9.894233350000000149e-01 9.901675580000000032e-01 9.908415080000000374e-01 9.914532900000000426e-01 9.920098779999999561e-01 9.925173520000000194e-01 9.929809569999999974e-01 9.934053419999999690e-01 9.937946199999999619e-01 9.941523669999999813e-01 9.944816229999999813e-01 9.947852489999999825e-01 9.950657489999999994e-01 9.953252080000000168e-01 9.955656529999999949e-01 9.957887530000000265e-01 9.959961179999999858e-01 9.961890580000000162e-01 9.963688849999999819e-01 9.965367320000000362e-01 9.966934920000000142e-01 9.968401190000000245e-01 9.969775079999999567e-01 9.971063140000000491e-01 9.972271919999999845e-01 9.973407979999999728e-01 9.974476700000000085e-01 9.975483419999999768e-01 9.976432320000000464e-01 9.977327590000000246e-01 9.978172779999999742e-01 9.978972080000000355e-01 9.979727859999999451e-01 9.980443719999999574e-01 9.981122609999999451e-01 9.981765750000000104e-01 9.982376689999999941e-01 9.982957239999999954e-01 9.983509179999999761e-01 9.984033700000000122e-01 9.984533789999999742e-01 9.985009430000000297e-01 9.985463620000000207e-01 9.985896349999999755e-01 9.986310010000000181e-01 9.986704589999999548e-01 9.987081890000000239e-01 9.987443089999999968e-01 9.987788199999999561e-01 9.988119009999999465e-01 9.988435509999999962e-01 9.988739490000000387e-01 9.989030359999999664e-01 9.989309910000000459e-01 9.989578129999999723e-01 9.989835620000000471e-01
5.457038429999999662e-02 7.820185270000000466e-02 1.277720479999999992e-01 1.746396719999999958e-01 2.103518100000000002e-01 2.405475830000000093e-01 2.717306019999999878e-01 3.080653850000000249e-01 3.514031470000000268e-01 4.016285540000000265e-01 4.570871890000000048e-01 5.151877999999999735e-01 5.731013419999999581e-01 6.283596160000000097e-01 6.792019609999999652e-01 7.246504430000000330e-01 7.643961910000000026e-01 7.986064550000000484e-01 8.277324440000000116e-01 8.523585799999999768e-01 8.731001619999999575e-01 8.905439969999999761e-01 9.052181839999999813e-01 9.175813200000000336e-01 9.280228609999999767e-01 9.368686680000000155e-01 9.443888660000000490e-01 9.508062600000000142e-01 9.563040139999999800e-01 9.610328080000000162e-01 9.651165010000000155e-01 9.686570759999999503e-01 9.717386959999999574e-01 9.744311570000000478e-01 9.767922159999999909e-01 9.788702129999999890e-01 9.807053799999999599e-01 9.823315139999999612e-01 9.837770460000000439e-01 9.850660559999999677e-01 9.862189890000000458e-01 9.872530699999999548e-01 9.881832000000000393e-01 9.890219569999999516e-01 9.897803069999999703e-01 9.904676679999999678e-01 9.910920859999999832e-01 9.916606550000000020e-01 9.921795129999999574e-01 9.926539060000000303e-01 9.930886629999999826e-01 9.934877159999999652e-01 9.938548209999999994e-01 9.941930770000000361e-01 9.945052859999999884e-01 9.947939519999999813e-01 9.950612779999999935e-01 9.953092340000000426e-01 9.955396060000000213e-01 9.957538839999999780e-01 9.959535000000000471e-01 9.961397050000000419e-01 9.963136320000000046e-01 9.964763519999999541e-01 9.966286420000000090e-01 9.967714549999999729e-01 9.969055650000000490e-01 9.970315100000000097e-01 9.971500039999999787e-01 9.972615839999999787e-01 9.973667859999999497e-01 9.974660279999999490e-01 9.975597259999999800e-01 9.976483579999999574e-01 9.977322220000000019e-01 9.978116150000000406e-01 9.978868370000000265e-01 9.979582430000000226e-01 9.980260130000000451e-01 9.980904459999999645e-01 9.981516599999999961e-01 9.982099530000000387e-01 9.982654450000000290e-01 9.983183150000000117e-01 9.983687399999999768e-01 9.984168410000000549e-01 9.984627959999999858e-01 9.985066649999999600e-01 9.985486270000000220e-01 9.985887409999999464e-01 9.986271860000000000e-01 9.986639619999999606e-01 9.986992479999999839e-01 9.987330439999999587e-01 9.987654689999999613e-01 9.987965819999999884e-01 9.988264439999999800e-01 9.988551740000000123e-01 9.988827710000000026e-01 9.989092950000000304e-01
7.253383100000000694e-02 1.013141419999999959e-01 1.588713079999999889e-01 2.122138590000000047e-01 2.524536250000000148e-01 2.861468200000000239e-01 3.203736839999999919e-01 3.593653439999999755e-01 4.046771530000000117e-01 4.557545190000000246e-01 5.105955599999999484e-01 5.665216450000000181e-01 6.209097500000000380e-01 6.717001200000000116e-01 7.176023719999999884e-01 7.580540180000000516e-01 7.930486799999999503e-01 8.229349849999999522e-01 8.482461569999999451e-01 8.695793750000000433e-01 8.875210879999999580e-01 9.026081559999999948e-01 9.153111579999999581e-01 9.260317679999999774e-01 9.351069929999999975e-01 9.428165560000000278e-01 9.493911269999999458e-01 9.550203680000000084e-01 9.598599669999999806e-01 9.640378360000000368e-01 9.676592349999999509e-01 9.708108309999999852e-01 9.735643269999999516e-01 9.759792090000000142e-01 9.781048300000000362e-01 9.799825549999999774e-01 9.816470149999999562e-01 9.831272960000000394e-01 9.844478960000000445e-01 9.856297370000000058e-01 9.866904020000000219e-01 9.876450900000000033e-01 9.885066150000000329e-01 9.892861840000000129e-01 9.899932740000000342e-01 9.906361700000000381e-01 9.912220840000000033e-01 9.917572140000000536e-01 9.922469849999999703e-01 9.926961659999999910e-01 9.931089279999999464e-01 9.934889670000000006e-01 9.938395020000000413e-01 9.941633340000000096e-01 9.944630859999999961e-01 9.947409630000000336e-01 9.949989320000000026e-01 9.952388410000000407e-01 9.954622389999999710e-01 9.956705569999999561e-01 9.958651069999999716e-01 9.960470200000000052e-01 9.962173100000000225e-01 9.963769319999999929e-01 9.965267780000000020e-01 9.966675040000000374e-01 9.967998860000000239e-01 9.969245789999999774e-01 9.970421200000000317e-01 9.971529839999999645e-01 9.972577099999999639e-01 9.973567129999999503e-01 9.974503519999999845e-01 9.975391030000000381e-01 9.976232050000000129e-01 9.977029560000000297e-01 9.977787139999999555e-01 9.978507159999999709e-01 9.979192019999999497e-01 9.979843499999999645e-01 9.980463979999999458e-01 9.981055260000000207e-01 9.981619720000000084e-01 9.982157950000000168e-01 9.982671739999999794e-01 9.983163480000000201e-01 9.983633159999999451e-01 9.984082579999999929e-01 9.984512930000000175e-01 9.984924790000000439e-01 9.985319969999999490e-01 9.985698459999999832e-01 9.986062049999999690e-01 9.986411330000000142e-01 9.986746309999999793e-01 9.987068180000000517e-01 9.987378120000000026e-01 9.987675550000000291e-01 9.987962249999999820e-01 9.988238219999999723e-01
9.570696950000000258e-02 1.290836479999999953e-01 1.936614510000000122e-01 2.524492440000000171e-01 2.964490949999999958e-01 3.330019410000000235e-01 3.695649500000000032e-01 4.103063940000000187e-01 4.564614889999999980e-01 5.071282980000000329e-01 5.601339340000000000e-01 6.129006740000000342e-01 6.631369590000000258e-01 7.092212439999999729e-01 7.502816919999999445e-01 7.860777970000000225e-01 8.168064360000000246e-01 8.429155350000000491e-01 8.649622799999999723e-01 8.835210799999999587e-01 8.991313579999999916e-01 9.122731689999999949e-01 9.233601089999999845e-01 9.327409269999999974e-01 9.407059549999999826e-01 9.474950429999999812e-01 9.533053639999999884e-01 9.582989219999999975e-01 9.626085159999999696e-01 9.663434619999999864e-01 9.695935850000000356e-01 9.724332690000000445e-01 9.749240279999999981e-01 9.771169419999999883e-01 9.790546890000000335e-01 9.807729720000000206e-01 9.823018310000000142e-01 9.836664800000000097e-01 9.848884340000000348e-01 9.859858160000000149e-01 9.869741800000000342e-01 9.878667589999999832e-01 9.886750579999999955e-01 9.894087910000000097e-01 9.900764819999999800e-01 9.906855230000000123e-01 9.912422899999999704e-01 9.917522669999999652e-01 9.922205210000000219e-01 9.926511649999999465e-01 9.930480720000000039e-01 9.934144620000000536e-01 9.937533739999999671e-01 9.940673110000000090e-01 9.943586589999999781e-01 9.946294430000000020e-01 9.948814510000000277e-01 9.951163530000000090e-01 9.953356979999999909e-01 9.955406789999999839e-01 9.957325460000000517e-01 9.959123730000000174e-01 9.960810540000000213e-01 9.962395429999999497e-01 9.963886140000000058e-01 9.965289240000000381e-01 9.966612459999999452e-01 9.967859980000000064e-01 9.969038959999999561e-01 9.970152970000000225e-01 9.971207380000000065e-01 9.972206350000000219e-01 9.973152880000000220e-01 9.974050519999999587e-01 9.974903459999999722e-01 9.975714089999999645e-01 9.976484780000000052e-01 9.977218509999999929e-01 9.977917080000000549e-01 9.978583460000000072e-01 9.979218840000000368e-01 9.979825020000000491e-01 9.980404379999999742e-01 9.980957510000000310e-01 9.981487390000000071e-01 9.981993439999999884e-01 9.982478620000000413e-01 9.982943530000000232e-01 9.983388779999999851e-01 9.983816150000000000e-01 9.984226229999999536e-01 9.984619620000000362e-01 9.984998109999999594e-01 9.985361099999999768e-01 9.985710979999999903e-01 9.986046549999999522e-01 9.986370209999999581e-01 9.986681939999999535e-01 9.986981750000000213e-01 9.987271429999999839e-01
1.246398759999999967e-01 1.614163520000000129e-01 2.312850509999999915e-01 2.940029499999999851e-01 3.407386840000000139e-01 3.793712850000000025e-01 4.174922999999999829e-01 4.590873120000000251e-01 5.050799249999999851e-01 5.543334479999999509e-01 6.046626569999999923e-01 6.537197829999999987e-01 6.995961670000000465e-01 7.410795690000000491e-01 7.776380779999999548e-01 8.092611429999999606e-01 8.362686630000000232e-01 8.591496349999999671e-01 8.784491420000000161e-01 8.947000499999999690e-01 9.083877799999999780e-01 9.199362989999999574e-01 9.297062750000000264e-01 9.379996659999999542e-01 9.450665120000000252e-01 9.511128070000000045e-01 9.563078879999999948e-01 9.607906339999999767e-01 9.646752480000000407e-01 9.680556059999999574e-01 9.710092540000000438e-01 9.736003880000000388e-01 9.758822919999999845e-01 9.778992530000000238e-01 9.796885250000000323e-01 9.812812810000000052e-01 9.827037450000000174e-01 9.839781520000000503e-01 9.851234559999999529e-01 9.861556289999999780e-01 9.870885609999999755e-01 9.879339339999999581e-01 9.887019989999999980e-01 9.894015189999999516e-01 9.900401229999999941e-01 9.906244279999999458e-01 9.911602139999999839e-01 9.916524890000000259e-01 9.921057220000000232e-01 9.925237890000000451e-01 9.929101470000000207e-01 9.932678339999999606e-01 9.935995340000000065e-01 9.939076300000000419e-01 9.941942689999999638e-01 9.944612980000000491e-01 9.947105050000000226e-01 9.949433210000000471e-01 9.951611160000000122e-01 9.953652020000000045e-01 9.955566529999999581e-01 9.957364800000000349e-01 9.959055190000000168e-01 9.960647230000000407e-01 9.962146880000000149e-01 9.963561890000000032e-01 9.964897630000000284e-01 9.966160659999999671e-01 9.967356320000000380e-01 9.968487620000000549e-01 9.969560499999999825e-01 9.970578549999999929e-01 9.971545339999999813e-01 9.972463849999999574e-01 9.973337650000000387e-01 9.974169139999999878e-01 9.974961279999999819e-01 9.975715880000000091e-01 9.976436499999999929e-01 9.977123740000000129e-01 9.977780579999999677e-01 9.978408220000000162e-01 9.979008440000000091e-01 9.979582430000000226e-01 9.980132579999999587e-01 9.980659480000000361e-01 9.981164930000000490e-01 9.981649519999999942e-01 9.982114429999999761e-01 9.982560870000000142e-01 9.982990029999999626e-01 9.983402489999999574e-01 9.983798860000000497e-01 9.984180329999999826e-01 9.984547499999999465e-01 9.984901550000000459e-01 9.985241889999999509e-01 9.985570310000000394e-01 9.985886809999999780e-01 9.986191989999999574e-01
1.594740900000000128e-01 1.978202609999999972e-01 2.706233559999999816e-01 3.354373279999999791e-01 3.837517200000000184e-01 4.236414729999999906e-01 4.625709949999999848e-01 5.042394399999999832e-01 5.492854120000000284e-01 5.964446070000000155e-01 6.436365250000000149e-01 6.888105869999999742e-01 7.304368020000000516e-01 7.676526900000000264e-01 8.001846080000000194e-01 8.281748289999999457e-01 8.520081640000000123e-01 8.721774220000000355e-01 8.891956810000000155e-01 9.035470490000000465e-01 9.156631229999999677e-01 9.259160159999999529e-01 9.346196650000000439e-01 9.420356149999999928e-01 9.483799339999999800e-01 9.538304210000000394e-01 9.585332269999999877e-01 9.626084569999999729e-01 9.661548730000000251e-01 9.692540170000000233e-01 9.719733000000000400e-01 9.743686910000000090e-01 9.764867419999999631e-01 9.783664939999999755e-01 9.800404910000000136e-01 9.815363879999999819e-01 9.828773739999999703e-01 9.840832349999999451e-01 9.851708409999999638e-01 9.861544970000000188e-01 9.870465400000000278e-01 9.878576399999999813e-01 9.885970349999999573e-01 9.892725350000000084e-01 9.898911710000000141e-01 9.904589059999999723e-01 9.909810420000000342e-01 9.914621710000000032e-01 9.919064039999999638e-01 9.923173189999999755e-01 9.926980730000000142e-01 9.930515290000000439e-01 9.933801289999999451e-01 9.936860800000000271e-01 9.939714069999999735e-01 9.942379000000000078e-01 9.944871659999999780e-01 9.947205780000000219e-01 9.949394459999999496e-01 9.951449629999999935e-01 9.953380819999999574e-01 9.955199359999999942e-01 9.956911800000000090e-01 9.958527679999999993e-01 9.960052969999999561e-01 9.961494800000000316e-01 9.962858559999999697e-01 9.964150189999999574e-01 9.965373870000000522e-01 9.966535570000000233e-01 9.967638250000000477e-01 9.968686100000000438e-01 9.969682100000000213e-01 9.970630999999999799e-01 9.971534010000000503e-01 9.972395299999999851e-01 9.973216649999999683e-01 9.974000450000000129e-01 9.974749090000000207e-01 9.975464939999999503e-01 9.976149199999999606e-01 9.976804259999999536e-01 9.977431890000000303e-01 9.978032709999999916e-01 9.978608490000000497e-01 9.979161020000000271e-01 9.979691510000000543e-01 9.980200529999999626e-01 9.980689879999999903e-01 9.981160159999999948e-01 9.981611969999999445e-01 9.982047080000000516e-01 9.982466100000000342e-01 9.982869030000000032e-01 9.983257060000000349e-01 9.983631370000000116e-01 9.983992579999999561e-01 9.984340670000000362e-01 9.984676239999999980e-01 9.985000490000000006e-01
1.997981369999999868e-01 2.374233010000000033e-01 3.104565739999999852e-01 3.754306729999999925e-01 4.241625960000000028e-01 4.645307659999999839e-01 5.036193129999999574e-01 5.447558160000000038e-01 5.883256789999999903e-01 6.330206990000000200e-01 6.769356130000000471e-01 7.183346750000000336e-01 7.560285930000000265e-01 7.894365190000000032e-01 8.184711340000000446e-01 8.433697220000000438e-01 8.645430800000000193e-01 8.824663160000000284e-01 8.976121540000000509e-01 9.104152920000000426e-01 9.212576150000000297e-01 9.304653410000000013e-01 9.383122919999999922e-01 9.450258609999999670e-01 9.507938620000000451e-01 9.557708499999999496e-01 9.600839020000000446e-01 9.638377430000000246e-01 9.671187399999999768e-01 9.699982400000000116e-01 9.725355509999999981e-01 9.747799040000000304e-01 9.767725470000000465e-01 9.785480500000000026e-01 9.801353809999999722e-01 9.815592770000000078e-01 9.828404779999999619e-01 9.839967490000000039e-01 9.850432869999999896e-01 9.859930869999999903e-01 9.868573550000000472e-01 9.876457450000000193e-01 9.883666629999999786e-01 9.890274409999999516e-01 9.896343349999999761e-01 9.901930089999999574e-01 9.907082320000000220e-01 9.911843540000000452e-01 9.916251299999999658e-01 9.920339580000000490e-01 9.924137589999999509e-01 9.927671550000000122e-01 9.930964709999999807e-01 9.934039120000000000e-01 9.936912660000000175e-01 9.939602610000000116e-01 9.942123290000000058e-01 9.944488999999999690e-01 9.946712260000000194e-01 9.948803779999999541e-01 9.950773720000000155e-01 9.952630999999999561e-01 9.954384569999999988e-01 9.956040980000000484e-01 9.957607979999999470e-01 9.959090950000000220e-01 9.960497019999999813e-01 9.961829779999999968e-01 9.963095779999999735e-01 9.964298010000000039e-01 9.965441229999999484e-01 9.966529610000000039e-01 9.967565539999999613e-01 9.968553190000000175e-01 9.969494939999999916e-01 9.970393779999999762e-01 9.971252680000000090e-01 9.972072840000000271e-01 9.972857830000000368e-01 9.973608259999999781e-01 9.974327090000000284e-01 9.975015520000000135e-01 9.975675939999999464e-01 9.976308940000000458e-01 9.976916310000000232e-01 9.977499250000000375e-01 9.978059529999999677e-01 9.978597759999999761e-01 9.979115720000000245e-01 9.979613419999999735e-01 9.980092640000000070e-01 9.980553979999999825e-01 9.980998639999999478e-01 9.981427189999999561e-01 9.981839660000000336e-01 9.982238409999999451e-01 9.982622270000000020e-01 9.982993009999999723e-01 9.983351230000000465e-01 9.983697529999999709e-01
2.446151229999999899e-01 2.790781560000000217e-01 3.496408460000000051e-01 4.129486680000000187e-01 4.610362650000000007e-01 5.012034180000000116e-01 5.399336219999999464e-01 5.801175830000000477e-01 6.219149229999999529e-01 6.640290620000000033e-01 7.047605510000000129e-01 7.426720860000000091e-01 7.768632770000000187e-01 8.069704770000000194e-01 8.330356479999999619e-01 8.553501959999999515e-01 8.743269439999999948e-01 8.904128070000000283e-01 9.040383100000000116e-01 9.155921339999999464e-01 9.254120590000000091e-01 9.337849620000000517e-01 9.409507510000000297e-01 9.471085670000000123e-01 9.524227379999999910e-01 9.570288059999999541e-01 9.610384109999999813e-01 9.645437599999999723e-01 9.676209690000000530e-01 9.703333969999999864e-01 9.727335569999999709e-01 9.748654369999999458e-01 9.767658710000000077e-01 9.784659150000000194e-01 9.799916739999999793e-01 9.813654419999999767e-01 9.826059940000000381e-01 9.837296009999999535e-01 9.847500919999999658e-01 9.856793280000000212e-01 9.865276219999999929e-01 9.873039129999999775e-01 9.880159499999999761e-01 9.886704680000000245e-01 9.892734290000000374e-01 9.898298979999999858e-01 9.903445840000000278e-01 9.908214810000000039e-01 9.912640449999999825e-01 9.916755560000000136e-01 9.920587539999999871e-01 9.924162029999999968e-01 9.927500489999999678e-01 9.930623170000000277e-01 9.933548570000000355e-01 9.936292169999999535e-01 9.938868880000000239e-01 9.941291810000000284e-01 9.943572880000000058e-01 9.945722820000000297e-01 9.947751160000000148e-01 9.949667450000000413e-01 9.951478839999999826e-01 9.953193070000000420e-01 9.954816699999999852e-01 9.956356290000000220e-01 9.957817789999999780e-01 9.959205389999999936e-01 9.960525040000000052e-01 9.961779710000000509e-01 9.962974789999999858e-01 9.964113239999999871e-01 9.965199230000000297e-01 9.966234560000000187e-01 9.967224000000000084e-01 9.968168739999999639e-01 9.969072340000000310e-01 9.969936609999999755e-01 9.970763919999999780e-01 9.971556070000000549e-01 9.972315430000000536e-01 9.973043799999999903e-01 9.973742370000000523e-01 9.974412919999999794e-01 9.975056650000000413e-01 9.975675339999999780e-01 9.976270200000000310e-01 9.976842400000000000e-01 9.977392550000000471e-01 9.977922439999999948e-01 9.978432659999999510e-01 9.978924390000000200e-01 9.979398250000000026e-01 9.979855420000000032e-01 9.980295900000000220e-01 9.980721470000000206e-01 9.981132150000000536e-01 9.981528520000000348e-01 9.981911780000000123e-01 9.982281920000000142e-01
2.924589510000000225e-01 3.215252160000000026e-01 3.872466090000000194e-01 4.473313389999999945e-01 4.938749969999999823e-01 5.332823989999999625e-01 5.712667110000000381e-01 6.102359889999999787e-01 6.501446960000000219e-01 6.897374990000000317e-01 7.275219560000000252e-01 7.623251680000000530e-01 7.934815290000000187e-01 8.207896350000000174e-01 8.443776370000000142e-01 8.645640020000000536e-01 8.817498089999999955e-01 8.963500260000000219e-01 9.087548260000000155e-01 9.193118209999999735e-01 9.283208849999999845e-01 9.360355729999999541e-01 9.426677230000000129e-01 9.483930470000000446e-01 9.533568019999999477e-01 9.576788539999999683e-01 9.614583850000000265e-01 9.647774099999999464e-01 9.677038789999999890e-01 9.702945349999999580e-01 9.725966449999999819e-01 9.746497269999999657e-01 9.764872789999999858e-01 9.781373740000000039e-01 9.796238539999999606e-01 9.809671039999999786e-01 9.821844699999999762e-01 9.832907920000000246e-01 9.842988249999999883e-01 9.852197769999999633e-01 9.860630630000000174e-01 9.868370290000000322e-01 9.875490670000000026e-01 9.882053729999999980e-01 9.888115530000000097e-01 9.893726109999999574e-01 9.898927210000000310e-01 9.903758169999999916e-01 9.908252360000000536e-01 9.912440780000000284e-01 9.916349049999999554e-01 9.920002820000000110e-01 9.923421740000000213e-01 9.926626680000000258e-01 9.929634929999999748e-01 9.932460779999999767e-01 9.935120339999999883e-01 9.937624929999999690e-01 9.939986469999999574e-01 9.942216280000000239e-01 9.944322709999999788e-01 9.946315879999999554e-01 9.948202969999999645e-01 9.949991110000000472e-01 9.951686859999999690e-01 9.953297380000000194e-01 9.954827429999999477e-01 9.956282969999999954e-01 9.957667590000000013e-01 9.958986640000000445e-01 9.960243699999999922e-01 9.961442350000000445e-01 9.962586759999999542e-01 9.963679909999999529e-01 9.964724179999999709e-01 9.965723159999999581e-01 9.966679219999999839e-01 9.967594149999999820e-01 9.968470929999999619e-01 9.969311360000000510e-01 9.970117809999999858e-01 9.970890879999999568e-01 9.971633549999999735e-01 9.972347019999999729e-01 9.973032469999999483e-01 9.973691110000000304e-01 9.974325299999999839e-01 9.974935050000000025e-01 9.975522759999999600e-01 9.976088400000000522e-01 9.976633190000000484e-01 9.977158900000000497e-01 9.977665540000000277e-01 9.978154299999999477e-01 9.978626369999999968e-01 9.979081749999999529e-01 9.979521630000000032e-01 9.979946610000000051e-01 9.980357290000000381e-01 9.980754849999999845e-01
3.416307869999999913e-01 3.635618090000000135e-01 4.226236340000000258e-01 4.782871309999999765e-01 5.225741860000000516e-01 5.607804659999999775e-01 5.977381470000000530e-01 6.353466509999999845e-01 6.733694080000000026e-01 7.106026410000000348e-01 7.457444669999999665e-01 7.778453229999999774e-01 8.064237829999999496e-01 8.313964609999999755e-01 8.529467579999999716e-01 8.714020850000000484e-01 8.871449829999999981e-01 9.005581139999999651e-01 9.119949939999999478e-01 9.217675330000000278e-01 9.301434760000000246e-01 9.373486039999999742e-01 9.435714480000000348e-01 9.489685890000000290e-01 9.536696669999999987e-01 9.577819709999999542e-01 9.613944290000000503e-01 9.645808340000000536e-01 9.674026970000000336e-01 9.699112770000000161e-01 9.721495510000000007e-01 9.741537569999999535e-01 9.759544730000000445e-01 9.775775070000000122e-01 9.790449140000000439e-01 9.803755280000000516e-01 9.815854429999999464e-01 9.826886059999999645e-01 9.836969380000000207e-01 9.846208100000000130e-01 9.854692819999999465e-01 9.862502220000000097e-01 9.869704839999999813e-01 9.876361489999999632e-01 9.882525210000000504e-01 9.888243079999999852e-01 9.893556239999999891e-01 9.898502230000000290e-01 9.903112649999999961e-01 9.907417889999999838e-01 9.911444190000000543e-01 9.915213579999999638e-01 9.918748739999999620e-01 9.922067519999999696e-01 9.925187829999999600e-01 9.928123949999999587e-01 9.930890799999999574e-01 9.933500889999999917e-01 9.935965540000000207e-01 9.938295480000000071e-01 9.940499659999999515e-01 9.942587609999999909e-01 9.944566489999999703e-01 9.946444030000000103e-01 9.948227410000000104e-01 9.949922559999999638e-01 9.951534269999999793e-01 9.953068489999999935e-01 9.954530600000000007e-01 9.955923559999999561e-01 9.957253339999999620e-01 9.958522319999999484e-01 9.959734080000000045e-01 9.960892799999999658e-01 9.962000850000000129e-01 9.963061210000000445e-01 9.964076880000000136e-01 9.965049620000000496e-01 9.965982439999999665e-01 9.966877100000000045e-01 9.967735410000000407e-01 9.968559740000000335e-01 9.969351290000000310e-01 9.970112439999999632e-01 9.970843790000000206e-01 9.971547720000000226e-01 9.972225430000000168e-01 9.972877500000000284e-01 9.973505740000000452e-01 9.974110720000000097e-01 9.974694250000000206e-01 9.975256919999999639e-01 9.975799920000000265e-01 9.976323839999999832e-01 9.976829889999999645e-01 9.977318050000000271e-01 9.977790119999999652e-01 9.978246090000000290e-01 9.978687170000000162e-01 9.979113939999999516e-01
3.904718160000000271e-01 4.041701260000000184e-01 4.553918240000000006e-01 5.058162210000000103e-01 5.473192329999999606e-01 5.839853289999999975e-01 6.197137240000000213e-01 6.558889749999999852e-01 6.920936109999999974e-01 7.271736859999999858e-01 7.599922420000000400e-01 7.897811529999999580e-01 8.161996009999999968e-01 8.392472269999999845e-01 8.591400380000000503e-01 8.762031789999999987e-01 8.907973169999999774e-01 9.032744769999999646e-01 9.139555689999999677e-01 9.231219290000000077e-01 9.310141210000000278e-01 9.378349179999999619e-01 9.437537190000000464e-01 9.489114279999999457e-01 9.534249310000000310e-01 9.573912620000000206e-01 9.608911869999999800e-01 9.639917609999999470e-01 9.667492509999999761e-01 9.692106839999999890e-01 9.714156390000000529e-01 9.733976130000000504e-01 9.751847980000000193e-01 9.768013949999999612e-01 9.782680270000000400e-01 9.796022180000000246e-01 9.808192249999999612e-01 9.819321629999999690e-01 9.829524160000000510e-01 9.838897589999999749e-01 9.847528930000000180e-01 9.855493309999999729e-01 9.862856269999999981e-01 9.869677420000000367e-01 9.876007439999999749e-01 9.881891010000000142e-01 9.887370469999999800e-01 9.892479779999999723e-01 9.897252319999999548e-01 9.901716710000000310e-01 9.905897970000000496e-01 9.909819960000000316e-01 9.913502929999999935e-01 9.916965960000000413e-01 9.920226340000000143e-01 9.923298360000000207e-01 9.926197530000000491e-01 9.928935169999999477e-01 9.931523199999999774e-01 9.933972359999999613e-01 9.936292770000000329e-01 9.938492180000000342e-01 9.940579529999999941e-01 9.942561389999999832e-01 9.944445490000000110e-01 9.946237799999999574e-01 9.947943689999999561e-01 9.949569110000000549e-01 9.951118230000000064e-01 9.952596430000000272e-01 9.954007270000000407e-01 9.955355529999999620e-01 9.956643579999999716e-01 9.957875609999999877e-01 9.959055190000000168e-01 9.960184100000000207e-01 9.961265919999999774e-01 9.962303040000000109e-01 9.963297840000000516e-01 9.964252110000000329e-01 9.965168829999999645e-01 9.966048600000000368e-01 9.966894979999999515e-01 9.967707989999999851e-01 9.968490599999999535e-01 9.969243410000000472e-01 9.969968200000000058e-01 9.970666169999999884e-01 9.971339110000000394e-01 9.971987610000000446e-01 9.972612859999999690e-01 9.973216059999999716e-01 9.973798390000000458e-01 9.974359870000000239e-01 9.974902869999999755e-01 9.975426790000000432e-01 9.975934029999999897e-01 9.976423380000000174e-01 9.976897240000000000e-01 9.977355599999999658e-01
4.375820460000000023e-01 4.425814149999999780e-01 4.853827359999999813e-01 5.301018950000000451e-01 5.684622529999999729e-01 6.033343079999999858e-01 6.376852990000000387e-01 6.723958249999999470e-01 7.068775889999999729e-01 7.400179510000000072e-01 7.708159690000000452e-01 7.986458539999999884e-01 8.232707980000000259e-01 8.447461130000000207e-01 8.633039590000000096e-01 8.792600630000000361e-01 8.929519059999999619e-01 9.047030209999999961e-01 9.148058890000000387e-01 9.235154989999999620e-01 9.310497049999999497e-01 9.375921489999999858e-01 9.432963730000000213e-01 9.482904079999999736e-01 9.526807670000000394e-01 9.565563200000000155e-01 9.599909189999999981e-01 9.630466100000000251e-01 9.657751319999999806e-01 9.682202939999999813e-01 9.704189300000000129e-01 9.724022749999999826e-01 9.741969700000000509e-01 9.758256669999999522e-01 9.773079159999999987e-01 9.786604049999999555e-01 9.798976179999999703e-01 9.810321330000000284e-01 9.820748569999999678e-01 9.830352660000000187e-01 9.839217070000000342e-01 9.847414490000000464e-01 9.855009909999999929e-01 9.862059349999999780e-01 9.868614079999999955e-01 9.874718789999999968e-01 9.880412819999999652e-01 9.885731939999999884e-01 9.890707730000000142e-01 9.895368810000000348e-01 9.899741410000000297e-01 9.903847580000000317e-01 9.907708760000000225e-01 9.911344050000000516e-01 9.914770130000000181e-01 9.918002489999999671e-01 9.921054839999999819e-01 9.923940900000000065e-01 9.926671980000000284e-01 9.929258819999999819e-01 9.931711549999999722e-01 9.934038520000000316e-01 9.936248060000000271e-01 9.938348529999999625e-01 9.940345879999999967e-01 9.942247269999999748e-01 9.944058660000000271e-01 9.945785400000000109e-01 9.947432280000000349e-01 9.949004049999999877e-01 9.950505499999999781e-01 9.951940769999999548e-01 9.953312869999999535e-01 9.954626559999999458e-01 9.955883620000000045e-01 9.957088229999999651e-01 9.958242769999999799e-01 9.959349629999999509e-01 9.960412379999999954e-01 9.961432220000000504e-01 9.962411519999999632e-01 9.963352680000000516e-01 9.964257479999999445e-01 9.965127710000000194e-01 9.965965150000000161e-01 9.966771009999999542e-01 9.967547060000000458e-01 9.968295099999999742e-01 9.969015719999999581e-01 9.969710710000000420e-01 9.970381259999999690e-01 9.971027970000000407e-01 9.971652030000000000e-01 9.972255230000000026e-01 9.972837570000000484e-01 9.973400239999999917e-01 9.973944430000000194e-01 9.974470140000000207e-01 9.974979160000000400e-01 9.975470899999999697e-01
4.819338320000000064e-01 4.782801870000000233e-01 5.125645399999999574e-01 5.514041189999999704e-01 5.864089129999999761e-01 6.193053720000000206e-01 6.521703599999999490e-01 6.854074000000000000e-01 7.182677979999999573e-01 7.496694919999999929e-01 7.787189479999999664e-01 8.048979640000000213e-01 8.280431630000000265e-01 8.482444289999999665e-01 8.657380340000000452e-01 8.808253999999999806e-01 8.938207030000000497e-01 9.050213689999999644e-01 9.146946670000000168e-01 9.230732320000000213e-01 9.303556680000000245e-01 9.367095229999999884e-01 9.422753449999999864e-01 9.471706149999999935e-01 9.514933819999999987e-01 9.553257229999999600e-01 9.587362409999999890e-01 9.617825749999999729e-01 9.645132419999999929e-01 9.669691919999999774e-01 9.691852330000000348e-01 9.711909290000000361e-01 9.730116130000000529e-01 9.746688599999999703e-01 9.761813280000000148e-01 9.775651100000000149e-01 9.788342709999999780e-01 9.800008540000000323e-01 9.810754659999999516e-01 9.820674059999999761e-01 9.829847809999999741e-01 9.838348630000000039e-01 9.846239089999999639e-01 9.853575230000000129e-01 9.860407709999999826e-01 9.866780640000000213e-01 9.872733350000000296e-01 9.878302220000000355e-01 9.883518220000000465e-01 9.888410570000000233e-01 9.893005489999999735e-01 9.897325040000000129e-01 9.901391269999999523e-01 9.905222649999999573e-01 9.908837679999999981e-01 9.912250639999999891e-01 9.915477630000000264e-01 9.918529990000000129e-01 9.921420810000000090e-01 9.924161430000000284e-01 9.926760789999999890e-01 9.929229019999999961e-01 9.931574459999999993e-01 9.933804870000000342e-01 9.935927989999999710e-01 9.937949179999999716e-01 9.939876199999999606e-01 9.941713210000000522e-01 9.943466779999999838e-01 9.945141669999999490e-01 9.946741460000000368e-01 9.948271509999999651e-01 9.949735400000000451e-01 9.951136109999999535e-01 9.952478409999999664e-01 9.953764080000000458e-01 9.954997300000000271e-01 9.956179859999999548e-01 9.957315329999999465e-01 9.958405489999999638e-01 9.959452749999999632e-01 9.960459470000000426e-01 9.961427449999999961e-01 9.962359069999999761e-01 9.963255519999999477e-01 9.964118600000000381e-01 9.964949490000000187e-01 9.965750580000000136e-01 9.966523050000000161e-01 9.967268110000000458e-01 9.967986349999999884e-01 9.968680140000000245e-01 9.969349499999999864e-01 9.969996209999999470e-01 9.970620869999999858e-01 9.971224669999999568e-01 9.971808199999999678e-01 9.972373249999999523e-01 9.972919230000000246e-01 9.973447920000000355e-01
5.228818659999999729e-01 5.109694599999999864e-01 5.369765159999999593e-01 5.699803829999999794e-01 6.015362140000000135e-01 6.323381660000000348e-01 6.636422279999999452e-01 6.954123970000000154e-01 7.267521019999999554e-01 7.565984730000000491e-01 7.841386799999999768e-01 8.089322450000000497e-01 8.308644889999999839e-01 8.500429390000000529e-01 8.666993379999999858e-01 8.811175230000000136e-01 8.935884830000000445e-01 9.043859239999999522e-01 9.137548800000000471e-01 9.219084979999999652e-01 9.290290469999999967e-01 9.352707860000000206e-01 9.407633539999999961e-01 9.456155299999999819e-01 9.499184489999999981e-01 9.537487629999999994e-01 9.571706650000000316e-01 9.602385159999999864e-01 9.629981520000000517e-01 9.654884339999999510e-01 9.677425619999999729e-01 9.697887899999999561e-01 9.716514349999999522e-01 9.733514189999999955e-01 9.749068020000000168e-01 9.763332009999999839e-01 9.776442650000000123e-01 9.788519140000000451e-01 9.799665810000000032e-01 9.809973840000000278e-01 9.819523690000000471e-01 9.828386900000000148e-01 9.836626649999999916e-01 9.844298959999999710e-01 9.851453900000000097e-01 9.858135580000000342e-01 9.864385129999999613e-01 9.870237710000000497e-01 9.875725509999999652e-01 9.880878330000000265e-01 9.885721210000000259e-01 9.890279170000000342e-01 9.894573089999999516e-01 9.898622630000000200e-01 9.902445669999999645e-01 9.906058309999999922e-01 9.909475450000000407e-01 9.912710190000000310e-01 9.915776250000000180e-01 9.918683769999999678e-01 9.921443460000000103e-01 9.924065469999999722e-01 9.926557539999999458e-01 9.928929210000000394e-01 9.931187030000000471e-01 9.933338170000000078e-01 9.935389159999999942e-01 9.937345979999999690e-01 9.939213989999999832e-01 9.940999149999999451e-01 9.942705040000000549e-01 9.944336409999999793e-01 9.945898060000000207e-01 9.947393540000000201e-01 9.948825839999999587e-01 9.950199130000000336e-01 9.951515789999999528e-01 9.952780009999999677e-01 9.953992959999999890e-01 9.955158229999999664e-01 9.956278200000000522e-01 9.957354659999999580e-01 9.958390590000000264e-01 9.959387180000000006e-01 9.960346220000000361e-01 9.961270089999999522e-01 9.962159990000000187e-01 9.963017699999999754e-01 9.963845009999999780e-01 9.964643119999999632e-01 9.965412620000000388e-01 9.966155890000000239e-01 9.966873529999999981e-01 9.967566730000000375e-01 9.968236679999999961e-01 9.968883990000000361e-01 9.969510440000000084e-01 9.970116020000000523e-01 9.970701929999999935e-01 9.971268770000000226e-01
5.601038339999999671e-01 5.405193569999999781e-01 5.586852429999999980e-01 5.860417489999999452e-01 6.141472460000000355e-01 6.427912709999999974e-01 6.724922660000000052e-01 7.028185729999999465e-01 7.327387330000000309e-01 7.611981030000000148e-01 7.874410750000000458e-01 8.110794430000000110e-01 8.320268990000000420e-01 8.503960369999999935e-01 8.664072160000000355e-01 8.803247810000000007e-01 8.924170729999999496e-01 9.029359219999999464e-01 9.121065739999999478e-01 9.201254840000000490e-01 9.271609189999999723e-01 9.333558079999999535e-01 9.388307930000000523e-01 9.436874990000000407e-01 9.480115180000000530e-01 9.518749709999999586e-01 9.553387169999999484e-01 9.584544900000000478e-01 9.612659810000000471e-01 9.638106229999999774e-01 9.661203029999999581e-01 9.682224390000000458e-01 9.701406959999999691e-01 9.718953369999999703e-01 9.735041859999999936e-01 9.749826190000000503e-01 9.763440490000000471e-01 9.776003359999999587e-01 9.787616730000000542e-01 9.798373580000000471e-01 9.808353779999999800e-01 9.817628859999999458e-01 9.826262000000000052e-01 9.834310410000000058e-01 9.841824169999999761e-01 9.848849179999999981e-01 9.855425359999999690e-01 9.861589670000000529e-01 9.867374899999999949e-01 9.872811439999999994e-01 9.877924919999999664e-01 9.882740970000000180e-01 9.887281060000000510e-01 9.891566040000000504e-01 9.895613189999999948e-01 9.899440409999999968e-01 9.903061990000000536e-01 9.906492829999999916e-01 9.909745450000000400e-01 9.912832379999999555e-01 9.915763140000000142e-01 9.918548459999999567e-01 9.921197889999999742e-01 9.923719170000000478e-01 9.926121230000000129e-01 9.928410050000000542e-01 9.930593370000000419e-01 9.932677149999999955e-01 9.934667350000000452e-01 9.936568740000000233e-01 9.938387269999999774e-01 9.940126540000000510e-01 9.941791890000000187e-01 9.943386910000000523e-01 9.944915770000000155e-01 9.946381450000000291e-01 9.947786929999999916e-01 9.949136969999999858e-01 9.950432780000000310e-01 9.951677319999999716e-01 9.952874179999999793e-01 9.954024550000000193e-01 9.955132009999999587e-01 9.956197140000000445e-01 9.957222940000000078e-01 9.958211179999999496e-01 9.959163669999999691e-01 9.960081579999999768e-01 9.960966709999999891e-01 9.961820839999999677e-01 9.962645169999999606e-01 9.963440900000000156e-01 9.964209790000000400e-01 9.964951869999999490e-01 9.965669510000000342e-01 9.966363310000000419e-01 9.967034460000000484e-01 9.967683550000000503e-01 9.968311789999999561e-01 9.968919750000000413e-01
5.935142039999999897e-01 5.669159289999999851e-01 5.777635570000000387e-01 5.997418759999999516e-01 6.244615909999999825e-01 6.509326100000000226e-01 6.790221929999999961e-01 7.079476120000000039e-01 7.365547420000000400e-01 7.637870310000000051e-01 7.889250519999999600e-01 8.116119499999999709e-01 8.317736980000000058e-01 8.495178820000000020e-01 8.650490050000000375e-01 8.786103730000000001e-01 8.904487490000000394e-01 9.007956390000000368e-01 9.098589419999999484e-01 9.178203940000000394e-01 9.248363379999999800e-01 9.310402869999999664e-01 9.365452530000000220e-01 9.414471389999999884e-01 9.458270069999999974e-01 9.497534629999999645e-01 9.532848000000000432e-01 9.564706090000000271e-01 9.593532089999999846e-01 9.619688389999999645e-01 9.643486140000000484e-01 9.665193560000000517e-01 9.685041899999999870e-01 9.703233839999999555e-01 9.719942809999999600e-01 9.735323190000000348e-01 9.749508500000000355e-01 9.762616160000000542e-01 9.774750469999999858e-01 9.786003829999999626e-01 9.796456690000000522e-01 9.806181790000000342e-01 9.815243479999999909e-01 9.823699000000000181e-01 9.831600790000000201e-01 9.838994149999999994e-01 9.845921399999999490e-01 9.852419500000000330e-01 9.858521820000000213e-01 9.864260550000000238e-01 9.869661929999999916e-01 9.874751569999999923e-01 9.879553319999999639e-01 9.884086250000000407e-01 9.888371230000000400e-01 9.892424349999999755e-01 9.896262289999999684e-01 9.899899359999999593e-01 9.903349280000000032e-01 9.906623959999999451e-01 9.909734730000000491e-01 9.912692309999999729e-01 9.915506240000000471e-01 9.918185470000000503e-01 9.920738340000000433e-01 9.923172590000000071e-01 9.925494790000000123e-01 9.927711489999999639e-01 9.929829239999999890e-01 9.931854009999999677e-01 9.933789969999999858e-01 9.935643079999999516e-01 9.937416909999999826e-01 9.939116839999999620e-01 9.940746430000000355e-01 9.942308659999999909e-01 9.943808320000000478e-01 9.945247769999999710e-01 9.946630600000000433e-01 9.947959180000000012e-01 9.949236510000000200e-01 9.950464959999999470e-01 9.951646920000000174e-01 9.952784780000000220e-01 9.953880910000000304e-01 9.954936500000000077e-01 9.955953960000000214e-01 9.956935049999999787e-01 9.957881570000000071e-01 9.958794709999999606e-01 9.959676269999999665e-01 9.960527420000000465e-01 9.961349959999999948e-01 9.962144490000000019e-01 9.962912200000000329e-01 9.963654880000000214e-01 9.964373109999999922e-01 9.965068099999999651e-01 9.965741040000000162e-01 9.966392520000000310e-01
6.231796739999999613e-01 5.902190800000000070e-01 5.942850710000000536e-01 6.111887689999999651e-01 6.326308250000000077e-01 6.569550039999999536e-01 6.834583880000000278e-01 7.110487819999999903e-01 7.384594679999999522e-01 7.646217939999999658e-01 7.888345719999999561e-01 8.107547760000000103e-01 8.303082590000000485e-01 8.475900889999999910e-01 8.627855779999999974e-01 8.761166329999999780e-01 8.878092770000000078e-01 8.980765939999999503e-01 9.071109889999999787e-01 9.150814409999999954e-01 9.221342209999999762e-01 9.283948539999999916e-01 9.339703919999999826e-01 9.389518500000000323e-01 9.434168339999999819e-01 9.474312660000000497e-01 9.510515330000000045e-01 9.543257360000000356e-01 9.572952390000000200e-01 9.599954490000000007e-01 9.624570009999999787e-01 9.647064810000000046e-01 9.667668339999999638e-01 9.686581490000000239e-01 9.703978899999999852e-01 9.720014329999999703e-01 9.734821919999999684e-01 9.748521449999999477e-01 9.761217239999999684e-01 9.773002859999999625e-01 9.783961180000000368e-01 9.794165489999999696e-01 9.803681370000000284e-01 9.812568430000000452e-01 9.820878509999999562e-01 9.828659889999999955e-01 9.835955499999999851e-01 9.842803479999999716e-01 9.849238399999999949e-01 9.855293040000000504e-01 9.860994819999999716e-01 9.866370559999999568e-01 9.871443509999999755e-01 9.876236320000000291e-01 9.880767459999999502e-01 9.885056610000000354e-01 9.889118670000000000e-01 9.892970319999999651e-01 9.896624680000000174e-01 9.900094870000000213e-01 9.903392199999999645e-01 9.906528589999999967e-01 9.909513589999999761e-01 9.912356730000000393e-01 9.915066359999999968e-01 9.917650820000000200e-01 9.920116660000000142e-01 9.922472239999999832e-01 9.924722910000000065e-01 9.926874639999999639e-01 9.928932790000000175e-01 9.930903319999999646e-01 9.932790989999999987e-01 9.934599400000000413e-01 9.936333299999999813e-01 9.937996860000000154e-01 9.939593079999999858e-01 9.941126110000000349e-01 9.942598940000000329e-01 9.944014549999999897e-01 9.945375920000000258e-01 9.946684839999999639e-01 9.947945480000000007e-01 9.949158430000000219e-01 9.950327279999999774e-01 9.951453799999999683e-01 9.952539209999999859e-01 9.953586460000000136e-01 9.954596759999999600e-01 9.955571290000000406e-01 9.956512450000000181e-01 9.957421419999999967e-01 9.958299990000000212e-01 9.959148759999999490e-01 9.959968919999999670e-01 9.960762859999999774e-01 9.961530570000000084e-01 9.962273240000000252e-01 9.962992670000000439e-01 9.963688849999999819e-01
6.492531900000000356e-01 6.105316280000000484e-01 6.083279249999999916e-01 6.204661129999999858e-01 6.387665869999999968e-01 6.610043639999999554e-01 6.859786509999999948e-01 7.123232480000000200e-01 7.386657599999999491e-01 7.639157180000000213e-01 7.873745559999999477e-01 8.086990710000000471e-01 8.278050420000000464e-01 8.447698949999999929e-01 8.597577809999999987e-01 8.729691510000000543e-01 8.846105930000000006e-01 8.948785660000000419e-01 9.039517639999999910e-01 9.119883779999999884e-01 9.191260930000000329e-01 9.254840020000000278e-01 9.311642049999999671e-01 9.362540839999999864e-01 9.408285020000000110e-01 9.449515939999999503e-01 9.486782550000000258e-01 9.520557520000000329e-01 9.551247950000000264e-01 9.579204319999999884e-01 9.604731199999999580e-01 9.628093239999999664e-01 9.649520520000000046e-01 9.669214489999999884e-01 9.687351579999999851e-01 9.704087380000000485e-01 9.719557170000000523e-01 9.733882550000000355e-01 9.747170210000000168e-01 9.759514929999999477e-01 9.771001940000000330e-01 9.781706930000000355e-01 9.791696069999999974e-01 9.801030760000000175e-01 9.809765219999999619e-01 9.817948939999999736e-01 9.825625420000000387e-01 9.832834599999999980e-01 9.839612250000000504e-01 9.845992329999999626e-01 9.852003459999999491e-01 9.857673049999999826e-01 9.863026139999999664e-01 9.868085380000000129e-01 9.872870449999999742e-01 9.877400400000000413e-01 9.881693719999999903e-01 9.885764719999999839e-01 9.889628889999999561e-01 9.893299939999999904e-01 9.896789190000000458e-01 9.900108579999999936e-01 9.903269409999999606e-01 9.906280039999999509e-01 9.909150599999999587e-01 9.911888840000000478e-01 9.914503099999999458e-01 9.916999939999999736e-01 9.919386510000000046e-01 9.921668769999999471e-01 9.923853280000000110e-01 9.925944209999999490e-01 9.927947520000000026e-01 9.929867980000000038e-01 9.931709170000000420e-01 9.933476449999999458e-01 9.935172199999999787e-01 9.936801199999999445e-01 9.938367009999999890e-01 9.939871430000000174e-01 9.941318630000000045e-01 9.942711589999999600e-01 9.944052100000000394e-01 9.945343140000000304e-01 9.946586490000000058e-01 9.947785139999999471e-01 9.948940870000000380e-01 9.950056080000000414e-01 9.951131340000000103e-01 9.952169659999999807e-01 9.953172209999999742e-01 9.954140780000000355e-01 9.955076579999999620e-01 9.955981369999999941e-01 9.956856370000000123e-01 9.957702160000000413e-01 9.958520530000000148e-01 9.959313269999999774e-01 9.960080390000000117e-01 9.960823060000000284e-01
6.719289419999999735e-01 6.279801130000000065e-01 6.199799179999999632e-01 6.276558639999999523e-01 6.429699660000000039e-01 6.632109880000000013e-01 6.867414120000000510e-01 7.119501830000000142e-01 7.373633979999999477e-01 7.618589399999999845e-01 7.847278119999999690e-01 8.056153059999999755e-01 8.244200350000000510e-01 8.411981459999999799e-01 8.560916779999999671e-01 8.692802790000000446e-01 8.809526559999999451e-01 8.912904860000000484e-01 9.004604819999999510e-01 9.086116549999999625e-01 9.158748979999999928e-01 9.223639369999999671e-01 9.281771180000000232e-01 9.333991409999999878e-01 9.381030200000000097e-01 9.423514600000000296e-01 9.461986420000000342e-01 9.496913550000000148e-01 9.528700110000000167e-01 9.557695980000000535e-01 9.584206939999999619e-01 9.608498810000000168e-01 9.630802870000000349e-01 9.651324150000000213e-01 9.670240279999999800e-01 9.687709209999999516e-01 9.703871010000000297e-01 9.718847870000000277e-01 9.732749459999999742e-01 9.745673540000000523e-01 9.757707119999999845e-01 9.768927099999999975e-01 9.779403209999999458e-01 9.789198040000000045e-01 9.798367620000000278e-01 9.806962609999999581e-01 9.815028310000000200e-01 9.822607039999999845e-01 9.829734559999999677e-01 9.836446639999999464e-01 9.842773080000000174e-01 9.848742489999999794e-01 9.854379890000000142e-01 9.859709740000000000e-01 9.864752890000000329e-01 9.869529009999999936e-01 9.874055980000000510e-01 9.878350500000000478e-01 9.882427449999999780e-01 9.886301760000000272e-01 9.889985919999999542e-01 9.893491269999999949e-01 9.896829719999999941e-01 9.900010820000000322e-01 9.903044699999999922e-01 9.905939099999999664e-01 9.908703570000000349e-01 9.911344050000000516e-01 9.913868900000000206e-01 9.916283489999999645e-01 9.918594960000000071e-01 9.920808669999999774e-01 9.922929409999999839e-01 9.924963119999999916e-01 9.926913379999999787e-01 9.928785559999999677e-01 9.930582639999999683e-01 9.932308789999999554e-01 9.933968189999999865e-01 9.935563800000000168e-01 9.937098619999999993e-01 9.938575630000000549e-01 9.939997200000000310e-01 9.941366910000000168e-01 9.942687150000000251e-01 9.943959119999999929e-01 9.945185779999999864e-01 9.946369529999999903e-01 9.947512149999999664e-01 9.948614839999999626e-01 9.949679369999999690e-01 9.950708750000000213e-01 9.951702949999999825e-01 9.952664380000000310e-01 9.953594209999999665e-01 9.954493639999999477e-01 9.955363870000000226e-01 9.956206079999999625e-01 9.957022070000000058e-01 9.957812430000000381e-01
6.914159659999999930e-01 6.427041890000000368e-01 6.293443440000000555e-01 6.328548790000000368e-01 6.453547480000000336e-01 6.637140510000000271e-01 6.859100460000000510e-01 7.101094719999999638e-01 7.347387079999999626e-01 7.586353420000000458e-01 7.810689210000000271e-01 8.016648290000000232e-01 8.202993870000000465e-01 8.370055560000000394e-01 8.519030210000000380e-01 8.651521210000000517e-01 8.769252300000000000e-01 8.873909709999999729e-01 8.967060449999999516e-01 9.050118919999999845e-01 9.124338029999999877e-01 9.190815089999999632e-01 9.250504969999999716e-01 9.304236769999999490e-01 9.352728129999999807e-01 9.396598940000000511e-01 9.436387419999999748e-01 9.472559689999999755e-01 9.505521059999999522e-01 9.535623189999999916e-01 9.563174840000000509e-01 9.588443639999999490e-01 9.611666199999999716e-01 9.633048770000000038e-01 9.652774330000000180e-01 9.671003219999999567e-01 9.687878490000000342e-01 9.703526500000000388e-01 9.718059300000000400e-01 9.731577040000000123e-01 9.744169120000000239e-01 9.755915400000000348e-01 9.766888620000000465e-01 9.777151939999999541e-01 9.786763790000000407e-01 9.795776609999999884e-01 9.804238079999999522e-01 9.812191129999999761e-01 9.819673300000000271e-01 9.826721550000000471e-01 9.833366869999999871e-01 9.839639070000000265e-01 9.845564369999999510e-01 9.851167199999999458e-01 9.856470819999999522e-01 9.861494299999999935e-01 9.866257309999999503e-01 9.870777130000000232e-01 9.875069260000000071e-01 9.879148009999999536e-01 9.883027669999999709e-01 9.886720780000000097e-01 9.890238049999999781e-01 9.893590810000000291e-01 9.896787999999999696e-01 9.899840349999999844e-01 9.902754430000000330e-01 9.905539749999999755e-01 9.908203479999999619e-01 9.910751580000000116e-01 9.913190600000000297e-01 9.915527109999999755e-01 9.917766449999999567e-01 9.919913409999999709e-01 9.921973349999999581e-01 9.923950430000000322e-01 9.925849439999999690e-01 9.927673940000000252e-01 9.929427499999999851e-01 9.931113719999999923e-01 9.932736159999999703e-01 9.934297800000000400e-01 9.935801629999999607e-01 9.937250610000000206e-01 9.938646549999999857e-01 9.939993019999999735e-01 9.941291209999999490e-01 9.942543510000000362e-01 9.943752879999999683e-01 9.944920539999999587e-01 9.946048259999999974e-01 9.947137830000000180e-01 9.948191050000000368e-01 9.949209089999999645e-01 9.950194359999999794e-01 9.951147439999999955e-01 9.952069519999999780e-01 9.952962400000000542e-01 9.953827259999999955e-01 9.954665299999999606e-01
7.079238300000000317e-01 6.548523899999999509e-01 6.365437510000000465e-01 6.361864210000000019e-01 6.460624339999999632e-01 6.626786590000000032e-01 6.836689110000000458e-01 7.069962020000000180e-01 7.309877280000000033e-01 7.544335720000000522e-01 7.765734789999999554e-01 7.970070240000000084e-01 8.155851360000000438e-01 8.323168159999999594e-01 8.473005890000000484e-01 8.606786130000000368e-01 8.726090189999999858e-01 8.832492229999999722e-01 8.927476410000000362e-01 9.012394550000000226e-01 9.088457229999999942e-01 9.156732560000000465e-01 9.218155740000000264e-01 9.273543950000000535e-01 9.323607090000000097e-01 9.368964429999999677e-01 9.410152440000000285e-01 9.447640179999999832e-01 9.481835370000000207e-01 9.513093830000000084e-01 9.541727899999999929e-01 9.568010569999999548e-01 9.592182040000000187e-01 9.614452719999999619e-01 9.635010360000000329e-01 9.654018880000000413e-01 9.671624899999999858e-01 9.687958359999999658e-01 9.703134890000000290e-01 9.717257019999999690e-01 9.730417730000000542e-01 9.742699270000000356e-01 9.754176140000000439e-01 9.764913920000000136e-01 9.774973989999999890e-01 9.784410599999999736e-01 9.793271420000000393e-01 9.801602360000000180e-01 9.809442760000000039e-01 9.816829559999999955e-01 9.823796150000000393e-01 9.830373529999999471e-01 9.836588499999999735e-01 9.842466709999999619e-01 9.848031400000000213e-01 9.853304029999999658e-01 9.858304260000000374e-01 9.863049980000000438e-01 9.867557289999999703e-01 9.871842269999999697e-01 9.875918030000000458e-01 9.879798890000000000e-01 9.883495570000000452e-01 9.887019400000000013e-01 9.890381689999999670e-01 9.893590810000000291e-01 9.896656270000000477e-01 9.899585840000000303e-01 9.902388450000000342e-01 9.905069469999999709e-01 9.907636640000000439e-01 9.910096529999999904e-01 9.912453890000000323e-01 9.914714690000000497e-01 9.916883709999999574e-01 9.918966289999999741e-01 9.920966629999999897e-01 9.922888880000000356e-01 9.924736619999999787e-01 9.926514029999999877e-01 9.928224679999999580e-01 9.929870960000000135e-01 9.931456450000000213e-01 9.932984710000000161e-01 9.934456940000000458e-01 9.935877319999999457e-01 9.937247040000000142e-01 9.938568469999999877e-01 9.939844610000000413e-01 9.941076639999999465e-01 9.942266939999999664e-01 9.943417909999999749e-01 9.944529530000000284e-01 9.945605400000000484e-01 9.946645499999999807e-01 9.947652219999999490e-01 9.948626760000000013e-01 9.949570300000000200e-01 9.950484040000000530e-01 9.951369169999999542e-01
7.216565010000000058e-01 6.645814180000000349e-01 6.417235140000000504e-01 6.378057599999999994e-01 6.452697520000000297e-01 6.603025200000000039e-01 6.802299019999999974e-01 7.028263209999999761e-01 7.263208629999999832e-01 7.494509820000000433e-01 7.714211939999999768e-01 7.918016909999999742e-01 8.104169369999999484e-01 8.272524479999999736e-01 8.423868420000000246e-01 8.559463619999999606e-01 8.680765630000000233e-01 8.789255620000000491e-01 8.886348609999999981e-01 8.973350519999999664e-01 9.051437970000000277e-01 9.121657610000000194e-01 9.184933899999999651e-01 9.242076280000000033e-01 9.293793439999999961e-01 9.340704079999999632e-01 9.383348230000000401e-01 9.422199129999999645e-01 9.457668070000000426e-01 9.490117430000000187e-01 9.519863720000000251e-01 9.547185299999999541e-01 9.572327139999999845e-01 9.595505600000000523e-01 9.616911409999999716e-01 9.636713860000000187e-01 9.655063750000000278e-01 9.672093990000000252e-01 9.687923790000000368e-01 9.702659850000000530e-01 9.716396929999999710e-01 9.729220870000000465e-01 9.741207360000000426e-01 9.752426149999999794e-01 9.762939210000000090e-01 9.772802590000000400e-01 9.782067540000000117e-01 9.790779950000000342e-01 9.798981549999999929e-01 9.806710480000000452e-01 9.814001319999999806e-01 9.820885660000000517e-01 9.827392099999999742e-01 9.833547470000000290e-01 9.839375620000000433e-01 9.844898579999999955e-01 9.850137230000000077e-01 9.855110049999999955e-01 9.859834309999999657e-01 9.864326119999999865e-01 9.868599770000000548e-01 9.872668390000000072e-01 9.876545669999999832e-01 9.880242350000000284e-01 9.883769150000000225e-01 9.887136819999999826e-01 9.890353680000000258e-01 9.893428680000000419e-01 9.896370169999999522e-01 9.899185299999999632e-01 9.901881219999999484e-01 9.904464480000000348e-01 9.906940459999999948e-01 9.909315709999999555e-01 9.911594989999999994e-01 9.913783069999999586e-01 9.915885330000000497e-01 9.917905930000000536e-01 9.919848439999999767e-01 9.921717639999999561e-01 9.923515920000000046e-01 9.925247430000000426e-01 9.926915760000000200e-01 9.928522709999999529e-01 9.930072429999999839e-01 9.931566720000000181e-01 9.933007959999999859e-01 9.934399720000000045e-01 9.935742619999999858e-01 9.937040209999999929e-01 9.938293700000000452e-01 9.939505459999999903e-01 9.940676689999999871e-01 9.941809769999999657e-01 9.942905899999999741e-01 9.943966869999999458e-01 9.944993850000000135e-01 9.945988059999999464e-01 9.946951269999999568e-01 9.947884679999999813e-01
7.328093049999999664e-01 6.720573899999999767e-01 6.450534460000000303e-01 6.379021999999999748e-01 6.431890729999999445e-01 6.568158859999999599e-01 6.758307810000000471e-01 6.978342530000000155e-01 7.209601399999999716e-01 7.438908819999999755e-01 7.657933239999999975e-01 7.862070199999999787e-01 8.049303290000000555e-01 8.219268920000000200e-01 8.372573850000000206e-01 8.510341049999999852e-01 8.633919359999999710e-01 8.744713659999999722e-01 8.844084740000000000e-01 8.933301569999999581e-01 9.013516900000000387e-01 9.085763690000000503e-01 9.150957469999999594e-01 9.209906460000000239e-01 9.263319970000000181e-01 9.311819080000000026e-01 9.355949759999999671e-01 9.396188260000000181e-01 9.432953600000000272e-01 9.466611740000000497e-01 9.497486950000000316e-01 9.525862339999999762e-01 9.551988240000000019e-01 9.576085810000000142e-01 9.598351120000000458e-01 9.618958229999999832e-01 9.638060929999999749e-01 9.655796890000000188e-01 9.672288300000000394e-01 9.687645440000000052e-01 9.701966050000000452e-01 9.715338350000000123e-01 9.727841619999999523e-01 9.739546780000000181e-01 9.750518799999999819e-01 9.760814909999999678e-01 9.770488739999999561e-01 9.779587389999999658e-01 9.788154359999999832e-01 9.796229600000000426e-01 9.803848269999999587e-01 9.811043739999999458e-01 9.817845819999999613e-01 9.824281929999999496e-01 9.830377099999999535e-01 9.836153979999999741e-01 9.841634630000000161e-01 9.846838119999999916e-01 9.851781729999999904e-01 9.856483339999999593e-01 9.860956669999999535e-01 9.865217210000000181e-01 9.869276879999999696e-01 9.873148800000000058e-01 9.876843090000000380e-01 9.880371089999999690e-01 9.883742330000000464e-01 9.886965159999999697e-01 9.890047910000000497e-01 9.892998929999999858e-01 9.895825390000000388e-01 9.898534420000000278e-01 9.901131389999999755e-01 9.903622269999999839e-01 9.906013609999999581e-01 9.908310169999999806e-01 9.910516139999999696e-01 9.912636879999999762e-01 9.914675950000000348e-01 9.916638140000000323e-01 9.918526410000000348e-01 9.920344949999999606e-01 9.922096729999999587e-01 9.923785330000000071e-01 9.925413130000000361e-01 9.926983120000000271e-01 9.928498270000000181e-01 9.929960970000000220e-01 9.931373000000000006e-01 9.932737350000000465e-01 9.934055210000000136e-01 9.935329560000000226e-01 9.936562180000000355e-01 9.937753679999999923e-01 9.938907030000000420e-01 9.940023420000000387e-01 9.941104050000000303e-01 9.942151310000000297e-01 9.943165179999999825e-01 9.944148059999999845e-01
7.415686849999999497e-01 6.774564979999999625e-01 6.467286349999999961e-01 6.366972920000000258e-01 6.400648359999999704e-01 6.524751189999999923e-01 6.707274909999999535e-01 6.922646159999999993e-01 7.151307460000000393e-01 7.379546169999999794e-01 7.598654030000000503e-01 7.803731560000000123e-01 7.992517350000000187e-01 8.164449929999999522e-01 8.319979309999999684e-01 8.460108039999999496e-01 8.586098549999999774e-01 8.699291940000000167e-01 8.801006080000000065e-01 8.892480729999999722e-01 8.974852559999999535e-01 9.049144390000000149e-01 9.116268159999999510e-01 9.177032109999999632e-01 9.232147339999999813e-01 9.282239679999999549e-01 9.327859280000000419e-01 9.369489549999999722e-01 9.407554270000000329e-01 9.442426560000000135e-01 9.474434849999999741e-01 9.503868220000000200e-01 9.530984160000000038e-01 9.556007389999999768e-01 9.579138759999999975e-01 9.600556489999999554e-01 9.620419140000000535e-01 9.638867380000000207e-01 9.656028150000000032e-01 9.672013520000000142e-01 9.686925410000000181e-01 9.700853820000000516e-01 9.713880419999999516e-01 9.726079699999999884e-01 9.737517829999999819e-01 9.748254419999999865e-01 9.758343699999999510e-01 9.767836330000000400e-01 9.776776430000000406e-01 9.785204530000000123e-01 9.793158170000000329e-01 9.800671939999999749e-01 9.807775619999999916e-01 9.814499020000000407e-01 9.820867180000000252e-01 9.826904539999999910e-01 9.832633139999999994e-01 9.838072660000000136e-01 9.843242169999999458e-01 9.848158959999999684e-01 9.852838520000000155e-01 9.857295750000000245e-01 9.861543769999999709e-01 9.865595700000000523e-01 9.869463440000000309e-01 9.873156549999999587e-01 9.876686329999999625e-01 9.880061749999999865e-01 9.883291130000000368e-01 9.886382820000000349e-01 9.889344570000000445e-01 9.892182950000000252e-01 9.894905090000000181e-01 9.897516969999999858e-01 9.900024530000000045e-01 9.902432559999999606e-01 9.904746410000000445e-01 9.906971449999999457e-01 9.909110669999999788e-01 9.911170009999999975e-01 9.913151860000000148e-01 9.915060999999999458e-01 9.916900400000000504e-01 9.918673630000000019e-01 9.920383689999999755e-01 9.922032950000000406e-01 9.923624399999999568e-01 9.925161599999999806e-01 9.926645760000000207e-01 9.928079840000000322e-01 9.929465650000000032e-01 9.930805560000000032e-01 9.932101370000000484e-01 9.933354850000000180e-01 9.934568409999999794e-01 9.935742619999999858e-01 9.936880470000000187e-01 9.937981959999999670e-01 9.939050080000000342e-01 9.940084820000000265e-01
7.481128569999999645e-01 6.809664370000000355e-01 6.469674709999999607e-01 6.344395879999999988e-01 6.361641879999999638e-01 6.475513579999999658e-01 6.651816369999999923e-01 6.863594060000000052e-01 7.090492250000000052e-01 7.318306570000000510e-01 7.537981870000000084e-01 7.744346260000000148e-01 7.934920789999999613e-01 8.108969329999999864e-01 8.266806009999999594e-01 8.409334419999999755e-01 8.537741300000000200e-01 8.653317090000000045e-01 8.757345079999999671e-01 8.851043579999999800e-01 8.935534360000000342e-01 9.011834859999999781e-01 9.080854649999999806e-01 9.143401979999999929e-01 9.200191500000000078e-01 9.251853820000000006e-01 9.298943880000000162e-01 9.341949819999999516e-01 9.381302000000000252e-01 9.417378899999999664e-01 9.450514909999999658e-01 9.481004480000000401e-01 9.509108659999999658e-01 9.535058140000000071e-01 9.559057949999999471e-01 9.581291079999999516e-01 9.601919049999999567e-01 9.621086720000000536e-01 9.638923409999999858e-01 9.655545949999999600e-01 9.671056869999999916e-01 9.685550330000000097e-01 9.699110979999999715e-01 9.711813929999999484e-01 9.723727699999999974e-01 9.734914300000000464e-01 9.745430349999999464e-01 9.755327110000000523e-01 9.764649869999999510e-01 9.773441550000000477e-01 9.781740899999999961e-01 9.789582489999999471e-01 9.796998500000000387e-01 9.804019330000000032e-01 9.810670609999999625e-01 9.816977980000000104e-01 9.822963479999999858e-01 9.828649160000000329e-01 9.834053520000000104e-01 9.839195010000000297e-01 9.844089150000000510e-01 9.848752020000000051e-01 9.853197339999999471e-01 9.857438210000000200e-01 9.861486550000000406e-01 9.865353700000000226e-01 9.869049789999999600e-01 9.872585539999999549e-01 9.875968689999999883e-01 9.879208800000000013e-01 9.882313010000000064e-01 9.885288479999999600e-01 9.888142939999999825e-01 9.890882370000000368e-01 9.893512129999999516e-01 9.896038769999999651e-01 9.898467060000000206e-01 9.900801780000000329e-01 9.903048279999999703e-01 9.905210140000000330e-01 9.907291529999999735e-01 9.909296629999999606e-01 9.911229609999999690e-01 9.913092260000000433e-01 9.914889340000000439e-01 9.916623230000000122e-01 9.918296930000000122e-01 9.919912819999999742e-01 9.921473859999999645e-01 9.922982449999999677e-01 9.924440979999999968e-01 9.925850630000000452e-01 9.927214979999999800e-01 9.928534629999999916e-01 9.929811950000000387e-01 9.931049349999999665e-01 9.932247400000000503e-01 9.933407899999999735e-01 9.934533239999999710e-01 9.935623409999999600e-01
7.526142599999999794e-01 6.827865239999999503e-01 6.460073589999999477e-01 6.313948040000000317e-01 6.317643520000000290e-01 6.423162820000000162e-01 6.594464180000000342e-01 6.803452370000000471e-01 7.029119729999999677e-01 7.256850599999999929e-01 7.477291820000000477e-01 7.685036659999999742e-01 7.877415420000000168e-01 8.053541180000000077e-01 8.213612439999999904e-01 8.358444569999999851e-01 8.489162919999999612e-01 8.607014419999999832e-01 8.713252540000000490e-01 8.809075950000000432e-01 8.895596860000000161e-01 8.973824980000000284e-01 9.044669269999999761e-01 9.108939169999999974e-01 9.167350530000000219e-01 9.220538740000000510e-01 9.269062879999999671e-01 9.313415290000000013e-01 9.354031680000000071e-01 9.391295910000000413e-01 9.425545929999999961e-01 9.457082749999999871e-01 9.486169819999999975e-01 9.513044360000000310e-01 9.537913799999999664e-01 9.560964699999999761e-01 9.582363369999999936e-01 9.602257010000000426e-01 9.620778559999999535e-01 9.638046620000000342e-01 9.654167890000000529e-01 9.669238329999999548e-01 9.683343770000000239e-01 9.696562890000000046e-01 9.708965419999999735e-01 9.720615740000000393e-01 9.731571669999999896e-01 9.741885660000000335e-01 9.751605389999999929e-01 9.760774370000000477e-01 9.769432540000000387e-01 9.777615670000000536e-01 9.785357709999999987e-01 9.792688489999999968e-01 9.799636600000000142e-01 9.806226489999999574e-01 9.812483189999999800e-01 9.818426970000000420e-01 9.824079279999999859e-01 9.829456810000000155e-01 9.834578040000000465e-01 9.839458469999999846e-01 9.844111800000000523e-01 9.848552940000000477e-01 9.852793220000000129e-01 9.856845140000000116e-01 9.860718849999999813e-01 9.864425060000000522e-01 9.867972729999999748e-01 9.871370790000000284e-01 9.874626990000000548e-01 9.877749089999999788e-01 9.880744809999999489e-01 9.883620739999999794e-01 9.886382219999999554e-01 9.889035819999999477e-01 9.891586300000000387e-01 9.894040229999999658e-01 9.896400570000000174e-01 9.898673300000000452e-01 9.900861979999999729e-01 9.902971390000000484e-01 9.905003909999999800e-01 9.906964299999999612e-01 9.908855559999999452e-01 9.910680060000000013e-01 9.912442559999999903e-01 9.914144280000000142e-01 9.915788169999999457e-01 9.917377229999999599e-01 9.918913839999999871e-01 9.920399789999999607e-01 9.921838050000000298e-01 9.923229220000000517e-01 9.924576880000000045e-01 9.925881619999999961e-01 9.927145240000000426e-01 9.928370119999999632e-01 9.929557439999999735e-01 9.930708409999999819e-01
7.552424070000000045e-01 6.831278800000000206e-01 6.440975669999999820e-01 6.278327110000000433e-01 6.271360519999999994e-01 6.370256539999999967e-01 6.537518500000000232e-01 6.744211909999999754e-01 6.968860030000000316e-01 7.196544999999999748e-01 7.417681219999999742e-01 7.626667019999999741e-01 7.820671799999999729e-01 7.998676300000000516e-01 8.160778279999999496e-01 8.307714459999999690e-01 8.440555929999999929e-01 8.560507299999999820e-01 8.668795820000000374e-01 8.766602279999999858e-01 8.855026959999999780e-01 8.935073610000000555e-01 9.007648230000000478e-01 9.073558449999999942e-01 9.133524299999999929e-01 9.188181159999999625e-01 9.238092300000000368e-01 9.283753630000000090e-01 9.325604440000000439e-01 9.364032749999999794e-01 9.399380680000000154e-01 9.431952829999999954e-01 9.462016819999999884e-01 9.489812250000000393e-01 9.515551920000000496e-01 9.539424180000000142e-01 9.561598900000000123e-01 9.582226870000000174e-01 9.601442810000000438e-01 9.619367720000000510e-01 9.636111859999999529e-01 9.651771780000000245e-01 9.666436910000000271e-01 9.680187110000000317e-01 9.693094490000000452e-01 9.705224040000000052e-01 9.716635350000000226e-01 9.727383259999999865e-01 9.737516050000000201e-01 9.747078420000000465e-01 9.756111499999999825e-01 9.764653439999999573e-01 9.772737030000000491e-01 9.780394430000000083e-01 9.787654279999999929e-01 9.794543390000000072e-01 9.801085590000000458e-01 9.807303550000000536e-01 9.813217520000000471e-01 9.818846580000000213e-01 9.824209210000000025e-01 9.829320910000000078e-01 9.834196570000000026e-01 9.838851090000000355e-01 9.843296999999999741e-01 9.847546219999999684e-01 9.851610060000000058e-01 9.855499269999999923e-01 9.859222770000000136e-01 9.862790700000000355e-01 9.866210220000000142e-01 9.869490859999999754e-01 9.872638580000000497e-01 9.875661129999999677e-01 9.878564480000000536e-01 9.881355170000000188e-01 9.884038569999999968e-01 9.886620040000000387e-01 9.889104960000000277e-01 9.891497489999999670e-01 9.893802400000000219e-01 9.896023269999999483e-01 9.898164870000000226e-01 9.900230770000000291e-01 9.902223940000000058e-01 9.904147979999999851e-01 9.906005860000000052e-01 9.907801149999999613e-01 9.909535649999999807e-01 9.911212329999999904e-01 9.912834170000000000e-01 9.914402960000000542e-01 9.915921090000000548e-01 9.917390940000000432e-01 9.918813709999999562e-01 9.920192359999999709e-01 9.921528099999999961e-01 9.922822709999999935e-01 9.924077989999999794e-01 9.925295109999999754e-01
7.561671730000000258e-01 6.822113389999999722e-01 6.414893870000000220e-01 6.240114570000000471e-01 6.225264670000000278e-01 6.319041850000000071e-01 6.482936139999999625e-01 6.687513590000000452e-01 6.911045909999999903e-01 7.138442400000000188e-01 7.359960079999999794e-01 7.569847109999999768e-01 7.765136360000000071e-01 7.944692970000000187e-01 8.108519910000000497e-01 8.257282970000000555e-01 8.391996029999999607e-01 8.513826129999999548e-01 8.623970149999999890e-01 8.723589179999999832e-01 8.813770410000000277e-01 8.895509839999999890e-01 8.969707489999999561e-01 9.037169219999999781e-01 9.098613260000000258e-01 9.154676800000000059e-01 9.205924269999999909e-01 9.252854590000000323e-01 9.295908809999999800e-01 9.335477349999999896e-01 9.371905919999999890e-01 9.405501480000000303e-01 9.436535839999999897e-01 9.465250370000000135e-01 9.491861459999999528e-01 9.516559839999999548e-01 9.539517760000000290e-01 9.560889009999999910e-01 9.580810069999999845e-01 9.599405530000000297e-01 9.616786240000000374e-01 9.633051160000000168e-01 9.648292059999999948e-01 9.662590030000000052e-01 9.676018360000000484e-01 9.688645009999999891e-01 9.700530170000000174e-01 9.711729289999999626e-01 9.722293020000000174e-01 9.732267260000000419e-01 9.741694330000000290e-01 9.750611780000000284e-01 9.759054780000000484e-01 9.767056699999999703e-01 9.774646160000000084e-01 9.781850579999999962e-01 9.788695570000000012e-01 9.795203799999999683e-01 9.801396129999999651e-01 9.807292819999999800e-01 9.812912339999999567e-01 9.818270799999999632e-01 9.823383690000000446e-01 9.828266500000000239e-01 9.832931759999999910e-01 9.837392569999999781e-01 9.841660260000000271e-01 9.845745559999999896e-01 9.849658610000000536e-01 9.853408340000000543e-01 9.857004879999999858e-01 9.860454800000000297e-01 9.863767030000000213e-01 9.866947529999999800e-01 9.870004650000000490e-01 9.872943159999999496e-01 9.875769620000000026e-01 9.878489379999999542e-01 9.881108400000000458e-01 9.883630279999999768e-01 9.886060949999999625e-01 9.888404010000000355e-01 9.890663029999999800e-01 9.892843369999999581e-01 9.894946810000000426e-01 9.896978739999999775e-01 9.898940920000000032e-01 9.900836939999999586e-01 9.902669790000000472e-01 9.904441830000000335e-01 9.906156059999999819e-01 9.907814860000000445e-01 9.909420009999999612e-01 9.910974500000000464e-01 9.912480120000000117e-01 9.913939240000000375e-01 9.915352459999999812e-01 9.916723370000000148e-01 9.918052550000000522e-01 9.919341210000000020e-01
7.555592660000000071e-01 6.802631019999999529e-01 6.384246350000000181e-01 6.201624270000000161e-01 6.181448699999999574e-01 6.271340850000000078e-01 6.432253119999999935e-01 6.634610300000000072e-01 6.856665610000000077e-01 7.083296180000000497e-01 7.304681539999999806e-01 7.514964339999999909e-01 7.711065409999999787e-01 7.891744379999999781e-01 8.056914210000000187e-01 8.207166790000000045e-01 8.343459960000000342e-01 8.466914890000000193e-01 8.578698040000000136e-01 8.679945470000000052e-01 8.771727089999999949e-01 8.855027559999999465e-01 8.930737970000000026e-01 8.999659420000000187e-01 9.062507149999999845e-01 9.119916559999999839e-01 9.172451499999999536e-01 9.220611450000000264e-01 9.264838699999999871e-01 9.305526020000000065e-01 9.343020319999999490e-01 9.377630350000000226e-01 9.409630300000000336e-01 9.439264539999999704e-01 9.466749429999999910e-01 9.492281080000000149e-01 9.516031150000000549e-01 9.538156389999999929e-01 9.558796290000000084e-01 9.578075999999999812e-01 9.596108199999999755e-01 9.612995389999999807e-01 9.628828759999999987e-01 9.643692369999999903e-01 9.657660719999999754e-01 9.670802950000000342e-01 9.683180449999999606e-01 9.694850440000000180e-01 9.705864189999999780e-01 9.716269370000000238e-01 9.726107720000000123e-01 9.735420350000000278e-01 9.744241829999999993e-01 9.752606150000000529e-01 9.760543109999999523e-01 9.768081309999999684e-01 9.775246380000000013e-01 9.782062169999999890e-01 9.788550139999999677e-01 9.794730539999999541e-01 9.800623059999999942e-01 9.806243780000000188e-01 9.811609980000000064e-01 9.816736579999999490e-01 9.821636080000000213e-01 9.826322790000000529e-01 9.830808039999999748e-01 9.835103750000000478e-01 9.839219449999999645e-01 9.843164680000000555e-01 9.846949579999999536e-01 9.850582479999999697e-01 9.854070539999999490e-01 9.857422110000000348e-01 9.860643150000000245e-01 9.863741400000000104e-01 9.866722230000000149e-01 9.869590999999999781e-01 9.872354269999999987e-01 9.875016210000000516e-01 9.877582190000000484e-01 9.880056379999999638e-01 9.882442949999999948e-01 9.884746070000000051e-01 9.886969920000000522e-01 9.889117480000000349e-01 9.891192319999999594e-01 9.893197419999999465e-01 9.895136359999999742e-01 9.897011519999999729e-01 9.898825879999999522e-01 9.900581840000000078e-01 9.902282359999999839e-01 9.903928640000000394e-01 9.905523659999999619e-01 9.907069210000000181e-01 9.908567670000000271e-01 9.910020229999999541e-01 9.911429880000000026e-01 9.912796619999999503e-01
7.535892130000000355e-01 6.775069830000000071e-01 6.351234909999999845e-01 6.164778469999999677e-01 6.141524310000000542e-01 6.228485700000000458e-01 6.386554840000000510e-01 6.586364510000000116e-01 6.806380749999999535e-01 7.031589150000000510e-01 7.252175210000000316e-01 7.462222579999999716e-01 7.658561470000000426e-01 7.839854360000000355e-01 8.005924220000000258e-01 8.157287239999999606e-01 8.294836279999999729e-01 8.419643639999999651e-01 8.532836440000000078e-01 8.635520340000000239e-01 8.728743789999999780e-01 8.813472989999999729e-01 8.890588280000000232e-01 8.960881229999999587e-01 9.025061730000000226e-01 9.083759780000000283e-01 9.137538079999999452e-01 9.186894300000000291e-01 9.232270120000000135e-01 9.274058339999999845e-01 9.312607050000000219e-01 9.348226189999999658e-01 9.381190539999999523e-01 9.411746859999999826e-01 9.440112710000000407e-01 9.466485380000000394e-01 9.491039510000000012e-01 9.513931869999999735e-01 9.535304900000000083e-01 9.555284979999999484e-01 9.573986530000000439e-01 9.591512679999999458e-01 9.607957599999999987e-01 9.623405929999999664e-01 9.637933370000000277e-01 9.651610259999999775e-01 9.664500360000000123e-01 9.676660900000000343e-01 9.688144330000000304e-01 9.698999520000000096e-01 9.709269999999999845e-01 9.718996290000000426e-01 9.728215340000000433e-01 9.736960529999999503e-01 9.745264049999999845e-01 9.753153919999999477e-01 9.760657550000000349e-01 9.767797590000000252e-01 9.774598479999999645e-01 9.781079889999999555e-01 9.787262079999999864e-01 9.793162349999999794e-01 9.798796770000000045e-01 9.804182049999999871e-01 9.809331300000000420e-01 9.814258810000000555e-01 9.818976520000000097e-01 9.823495749999999749e-01 9.827827810000000497e-01 9.831982849999999496e-01 9.835969209999999574e-01 9.839797019999999561e-01 9.843474030000000097e-01 9.847007989999999600e-01 9.850406050000000135e-01 9.853674770000000471e-01 9.856820699999999658e-01 9.859849809999999826e-01 9.862768050000000342e-01 9.865580200000000355e-01 9.868291620000000375e-01 9.870907070000000116e-01 9.873430730000000155e-01 9.875866770000000239e-01 9.878219369999999833e-01 9.880491500000000427e-01 9.882687930000000343e-01 9.884811039999999993e-01 9.886864419999999987e-01 9.888851050000000420e-01 9.890773299999999768e-01 9.892634150000000348e-01 9.894436599999999471e-01 9.896182420000000368e-01 9.897873999999999839e-01 9.899513130000000549e-01 9.901102779999999548e-01 9.902644750000000329e-01 9.904140830000000006e-01 9.905592199999999625e-01
7.504234309999999741e-01 6.741533880000000201e-01 6.317725180000000051e-01 6.131020780000000503e-01 6.106570359999999864e-01 6.191295980000000032e-01 6.346470119999999548e-01 6.543254259999999878e-01 6.760537620000000025e-01 6.983549589999999974e-01 7.202567460000000032e-01 7.411659360000000252e-01 7.607589359999999967e-01 7.788929940000000052e-01 7.955415249999999716e-01 8.107476829999999968e-01 8.245937230000000007e-01 8.371810910000000439e-01 8.486176130000000484e-01 8.590102790000000432e-01 8.684608339999999593e-01 8.770638109999999710e-01 8.849054570000000064e-01 8.920636769999999993e-01 8.986083870000000084e-01 9.046021100000000148e-01 9.101004600000000000e-01 9.151528479999999632e-01 9.198033810000000310e-01 9.240911010000000259e-01 9.280508159999999451e-01 9.317135210000000445e-01 9.351068139999999529e-01 9.382552499999999851e-01 9.411809439999999638e-01 9.439035059999999477e-01 9.464406969999999975e-01 9.488083120000000426e-01 9.510206580000000187e-01 9.530904890000000407e-01 9.550294280000000136e-01 9.568480249999999909e-01 9.585556979999999561e-01 9.601609709999999742e-01 9.616717099999999574e-01 9.630950090000000019e-01 9.644373659999999626e-01 9.657045010000000484e-01 9.669019580000000058e-01 9.680345649999999580e-01 9.691067930000000219e-01 9.701228739999999684e-01 9.710864420000000496e-01 9.720011349999999606e-01 9.728699920000000168e-01 9.736960529999999503e-01 9.744820589999999561e-01 9.752304550000000516e-01 9.759435650000000129e-01 9.766235349999999871e-01 9.772723909999999625e-01 9.778919820000000485e-01 9.784839749999999503e-01 9.790499209999999897e-01 9.795914289999999580e-01 9.801097509999999735e-01 9.806062580000000084e-01 9.810820820000000220e-01 9.815383549999999735e-01 9.819760920000000226e-01 9.823963049999999697e-01 9.827999469999999516e-01 9.831877949999999755e-01 9.835606810000000477e-01 9.839193219999999851e-01 9.842644929999999626e-01 9.845967890000000278e-01 9.849168659999999464e-01 9.852253199999999600e-01 9.855226280000000116e-01 9.858094450000000064e-01 9.860861300000000051e-01 9.863531589999999794e-01 9.866110089999999833e-01 9.868600960000000200e-01 9.871008399999999794e-01 9.873334769999999594e-01 9.875584840000000142e-01 9.877761600000000142e-01 9.879868029999999690e-01 9.881906510000000310e-01 9.883880619999999562e-01 9.885792730000000361e-01 9.887645840000000019e-01 9.889441730000000375e-01 9.891182779999999619e-01 9.892870780000000419e-01 9.894508720000000368e-01 9.896097780000000510e-01 9.897640349999999865e-01
7.462204099999999451e-01 6.703880429999999890e-01 6.285149460000000188e-01 6.101268530000000245e-01 6.077131030000000322e-01 6.160086390000000245e-01 6.312183139999999471e-01 6.505377890000000329e-01 6.719167830000000174e-01 6.939153670000000051e-01 7.155780200000000368e-01 7.363150720000000149e-01 7.557984589999999780e-01 7.738775009999999677e-01 7.905163760000000206e-01 8.057493570000000549e-01 8.196508289999999697e-01 8.323153260000000220e-01 8.438450690000000032e-01 8.543424010000000290e-01 8.639056090000000188e-01 8.726260660000000335e-01 8.805879349999999883e-01 8.878673910000000058e-01 8.945329789999999504e-01 9.006461500000000342e-01 9.062618019999999497e-01 9.114288689999999749e-01 9.161910410000000393e-01 9.205870630000000387e-01 9.246515629999999542e-01 9.284155370000000129e-01 9.319064019999999671e-01 9.351488949999999800e-01 9.381650689999999626e-01 9.409746530000000497e-01 9.435954090000000516e-01 9.460433129999999968e-01 9.483326669999999625e-01 9.504765269999999600e-01 9.524865150000000336e-01 9.543732400000000116e-01 9.561463590000000012e-01 9.578144549999999535e-01 9.593855140000000503e-01 9.608666900000000233e-01 9.622645969999999993e-01 9.635851979999999761e-01 9.648339750000000103e-01 9.660158749999999683e-01 9.671355489999999833e-01 9.681972269999999936e-01 9.692046640000000490e-01 9.701614979999999555e-01 9.710710049999999871e-01 9.719361659999999903e-01 9.727598429999999574e-01 9.735444779999999909e-01 9.742925759999999658e-01 9.750062819999999464e-01 9.756876230000000039e-01 9.763385060000000504e-01 9.769607780000000297e-01 9.775559310000000446e-01 9.781256320000000226e-01 9.786711930000000503e-01 9.791939849999999890e-01 9.796952610000000394e-01 9.801760910000000271e-01 9.806376100000000484e-01 9.810808899999999833e-01 9.815067050000000348e-01 9.819161299999999981e-01 9.823098780000000252e-01 9.826887250000000407e-01 9.830534459999999974e-01 9.834046960000000226e-01 9.837431909999999613e-01 9.840694669999999755e-01 9.843840600000000052e-01 9.846876260000000380e-01 9.849805830000000206e-01 9.852634070000000355e-01 9.855366349999999942e-01 9.858006240000000142e-01 9.860557319999999626e-01 9.863024950000000013e-01 9.865411520000000323e-01 9.867720599999999509e-01 9.869955780000000400e-01 9.872120020000000329e-01 9.874216319999999936e-01 9.876247639999999883e-01 9.878215790000000052e-01 9.880124329999999677e-01 9.881974460000000349e-01 9.883769749999999910e-01 9.885511399999999949e-01 9.887201789999999768e-01 9.888842700000000097e-01
7.411276700000000162e-01 6.663630010000000103e-01 6.254460219999999904e-01 6.075924630000000271e-01 6.053248049999999658e-01 6.134709120000000349e-01 6.283460859999999704e-01 6.472471359999999452e-01 6.682000759999999762e-01 6.898126009999999697e-01 7.111536259999999832e-01 7.316414119999999910e-01 7.509459849999999825e-01 7.689095740000000401e-01 7.854871150000000135e-01 8.007035850000000510e-01 8.146244289999999832e-01 8.273364899999999800e-01 8.389354350000000071e-01 8.495181800000000116e-01 8.591784829999999928e-01 8.680043219999999948e-01 8.760769959999999967e-01 8.834704159999999806e-01 8.902514580000000510e-01 8.964802029999999755e-01 9.022105929999999496e-01 9.074907899999999916e-01 9.123637679999999639e-01 9.168680310000000278e-01 9.210378529999999619e-01 9.249039890000000375e-01 9.284938569999999780e-01 9.318320159999999852e-01 9.349405170000000265e-01 9.378391499999999548e-01 9.405457379999999645e-01 9.430762529999999755e-01 9.454451799999999961e-01 9.476655130000000149e-01 9.497491120000000064e-01 9.517065879999999645e-01 9.535477159999999897e-01 9.552813169999999632e-01 9.569152589999999625e-01 9.584569929999999793e-01 9.599130750000000045e-01 9.612896440000000542e-01 9.625922439999999858e-01 9.638260010000000433e-01 9.649955630000000006e-01 9.661051630000000445e-01 9.671588540000000123e-01 9.681602719999999884e-01 9.691126350000000000e-01 9.700191620000000459e-01 9.708826539999999561e-01 9.717057350000000149e-01 9.724909069999999600e-01 9.732403760000000181e-01 9.739562269999999522e-01 9.746404889999999988e-01 9.752948879999999710e-01 9.759211540000000129e-01 9.765208359999999477e-01 9.770954849999999858e-01 9.776463509999999690e-01 9.781746860000000154e-01 9.786818029999999613e-01 9.791687730000000478e-01 9.796366100000000188e-01 9.800863269999999794e-01 9.805187579999999903e-01 9.809348580000000206e-01 9.813354020000000233e-01 9.817211030000000394e-01 9.820927379999999651e-01 9.824509019999999593e-01 9.827963109999999780e-01 9.831295610000000407e-01 9.834511280000000077e-01 9.837616089999999813e-01 9.840614199999999645e-01 9.843511579999999483e-01 9.846311810000000220e-01 9.849019650000000459e-01 9.851638670000000264e-01 9.854172469999999961e-01 9.856625199999999865e-01 9.858999849999999787e-01 9.861299399999999826e-01 9.863528010000000013e-01 9.865687490000000226e-01 9.867780800000000019e-01 9.869810940000000032e-01 9.871780279999999852e-01 9.873690609999999923e-01 9.875544910000000343e-01 9.877344970000000446e-01 9.879093169999999535e-01
7.352821229999999542e-01 6.621935370000000542e-01 6.226144430000000174e-01 6.054935460000000491e-01 6.034544710000000478e-01 6.114633680000000071e-01 6.259723900000000452e-01 6.443966629999999807e-01 6.648502349999999561e-01 6.859977839999999993e-01 7.069388629999999729e-01 7.271039489999999716e-01 7.461633090000000523e-01 7.639531489999999980e-01 7.804194089999999528e-01 7.955770490000000361e-01 8.094820980000000388e-01 8.222126960000000206e-01 8.338571790000000039e-01 8.445062639999999510e-01 8.542485829999999503e-01 8.631678820000000529e-01 8.713421230000000239e-01 8.788425920000000335e-01 8.857339619999999858e-01 8.920747639999999645e-01 8.979175689999999710e-01 9.033095239999999748e-01 9.082930089999999845e-01 9.129058119999999832e-01 9.171818489999999935e-01 9.211515190000000297e-01 9.248420600000000213e-01 9.282779690000000361e-01 9.314811229999999664e-01 9.344713089999999722e-01 9.372663500000000258e-01 9.398822780000000154e-01 9.423335790000000323e-01 9.446333649999999471e-01 9.467934970000000394e-01 9.488247629999999599e-01 9.507369399999999748e-01 9.525389079999999620e-01 9.542387719999999574e-01 9.558439250000000387e-01 9.573611619999999878e-01 9.587966199999999883e-01 9.601559039999999490e-01 9.614443179999999645e-01 9.626665119999999742e-01 9.638268949999999613e-01 9.649294609999999883e-01 9.659780260000000451e-01 9.669758680000000162e-01 9.679262640000000362e-01 9.688320759999999865e-01 9.696960449999999510e-01 9.705206159999999471e-01 9.713081719999999697e-01 9.720607999999999471e-01 9.727805849999999754e-01 9.734693770000000246e-01 9.741288420000000503e-01 9.747606519999999497e-01 9.753662939999999670e-01 9.759472009999999864e-01 9.765046830000000400e-01 9.770399330000000271e-01 9.775541420000000148e-01 9.780483840000000484e-01 9.785236120000000426e-01 9.789808989999999600e-01 9.794210199999999755e-01 9.798448090000000388e-01 9.802530999999999883e-01 9.806466700000000536e-01 9.810261729999999458e-01 9.813922050000000175e-01 9.817454220000000342e-01 9.820864799999999839e-01 9.824158549999999490e-01 9.827340839999999522e-01 9.830416440000000478e-01 9.833390119999999568e-01 9.836266639999999839e-01 9.839049579999999962e-01 9.841743109999999684e-01 9.844350809999999896e-01 9.846876860000000065e-01 9.849323629999999774e-01 9.851694699999999916e-01 9.853993650000000271e-01 9.856222869999999858e-01 9.858385320000000451e-01 9.860483410000000504e-01 9.862519499999999883e-01 9.864495989999999548e-01 9.866415259999999909e-01 9.868279699999999988e-01
7.288140060000000142e-01 6.579616670000000278e-01 6.200311779999999606e-01 6.037911179999999600e-01 6.020354629999999929e-01 6.099073289999999981e-01 6.240165229999999896e-01 6.419092419999999910e-01 6.617970469999999716e-01 6.824085119999999671e-01 7.028789519999999458e-01 7.226544620000000529e-01 7.414078120000000549e-01 7.589700219999999664e-01 7.752781509999999709e-01 7.903370259999999980e-01 8.041926029999999503e-01 8.169138430000000284e-01 8.285809159999999451e-01 8.392776849999999955e-01 8.490869399999999567e-01 8.580878969999999883e-01 8.663544650000000180e-01 8.739548919999999832e-01 8.809515239999999858e-01 8.874007459999999625e-01 8.933537599999999967e-01 8.988563419999999748e-01 9.039499760000000439e-01 9.086717960000000316e-01 9.130550619999999729e-01 9.171298740000000116e-01 9.209231140000000426e-01 9.244590400000000097e-01 9.277594089999999794e-01 9.308440089999999723e-01 9.337304830000000555e-01 9.364348649999999497e-01 9.389717579999999897e-01 9.413542150000000497e-01 9.435942170000000129e-01 9.457026120000000535e-01 9.476891760000000220e-01 9.495629070000000116e-01 9.513320330000000213e-01 9.530040029999999884e-01 9.545856120000000278e-01 9.560831789999999497e-01 9.575024250000000459e-01 9.588485960000000530e-01 9.601265190000000116e-01 9.613407250000000071e-01 9.624952669999999877e-01 9.635939000000000032e-01 9.646401409999999510e-01 9.656372069999999974e-01 9.665881400000000401e-01 9.674956799999999690e-01 9.683623310000000206e-01 9.691905979999999587e-01 9.699825640000000471e-01 9.707403780000000149e-01 9.714659450000000529e-01 9.721609949999999722e-01 9.728272559999999736e-01 9.734662179999999942e-01 9.740793699999999999e-01 9.746680859999999891e-01 9.752336139999999709e-01 9.757771490000000103e-01 9.762998219999999838e-01 9.768026469999999684e-01 9.772865769999999896e-01 9.777526260000000136e-01 9.782015680000000213e-01 9.786342980000000136e-01 9.790515300000000032e-01 9.794539810000000291e-01 9.798423649999999929e-01 9.802172780000000252e-01 9.805793760000000026e-01 9.809291959999999477e-01 9.812673330000000194e-01 9.815942650000000214e-01 9.819104079999999568e-01 9.822163579999999561e-01 9.825124739999999690e-01 9.827991130000000020e-01 9.830767510000000264e-01 9.833457469999999923e-01 9.836063980000000484e-01 9.838591220000000304e-01 9.841041560000000077e-01 9.843418600000000129e-01 9.845724700000000329e-01 9.847962860000000207e-01 9.850135450000000459e-01 9.852245450000000071e-01 9.854294660000000317e-01 9.856286050000000465e-01
7.218536730000000290e-01 6.537267570000000472e-01 6.176835889999999774e-01 6.024279000000000162e-01 6.009874339999999870e-01 6.087132100000000046e-01 6.223887209999999781e-01 6.397005919999999568e-01 6.589645739999999696e-01 6.789782049999999458e-01 6.989166140000000471e-01 7.182440759999999536e-01 7.366374140000000459e-01 7.539234759999999813e-01 7.700307969999999891e-01 7.849538919999999864e-01 7.987283469999999497e-01 8.114134670000000549e-01 8.230808379999999813e-01 8.338068130000000355e-01 8.436681029999999470e-01 8.527385589999999516e-01 8.610880370000000283e-01 8.687811490000000303e-01 8.758775589999999722e-01 8.824313879999999832e-01 8.884919879999999548e-01 8.941038249999999632e-01 8.993071910000000058e-01 9.041383269999999639e-01 9.086298940000000490e-01 9.128113989999999678e-01 9.167093630000000548e-01 9.203476910000000233e-01 9.237480160000000051e-01 9.269298910000000058e-01 9.299109580000000097e-01 9.327071909999999910e-01 9.353331329999999832e-01 9.378018380000000542e-01 9.401252869999999762e-01 9.423143859999999483e-01 9.443789719999999832e-01 9.463281630000000000e-01 9.481701850000000542e-01 9.499125480000000232e-01 9.515622259999999555e-01 9.531254770000000542e-01 9.546082019999999613e-01 9.560156459999999967e-01 9.573528169999999671e-01 9.586241840000000458e-01 9.598339799999999755e-01 9.609859589999999452e-01 9.620838170000000078e-01 9.631307719999999684e-01 9.641298649999999748e-01 9.650840160000000445e-01 9.659957289999999697e-01 9.668675660000000116e-01 9.677017329999999529e-01 9.685003159999999722e-01 9.692653420000000297e-01 9.699986579999999581e-01 9.707019329999999613e-01 9.713767770000000246e-01 9.720246790000000026e-01 9.726470710000000297e-01 9.732452029999999477e-01 9.738203880000000368e-01 9.743736979999999548e-01 9.749062659999999658e-01 9.754191039999999813e-01 9.759131669999999703e-01 9.763892889999999936e-01 9.768484229999999657e-01 9.772912259999999574e-01 9.777185919999999975e-01 9.781311750000000194e-01 9.785296319999999826e-01 9.789145590000000174e-01 9.792866110000000290e-01 9.796463250000000400e-01 9.799942369999999903e-01 9.803308840000000135e-01 9.806566829999999735e-01 9.809721710000000039e-01 9.812776450000000317e-01 9.815736409999999967e-01 9.818604589999999632e-01 9.821385740000000419e-01 9.824081660000000271e-01 9.826697709999999697e-01 9.829235079999999458e-01 9.831698540000000097e-01 9.834089280000000155e-01 9.836411480000000207e-01 9.838666919999999871e-01 9.840857979999999561e-01 9.842987659999999916e-01
7.145386339999999503e-01 6.495382189999999722e-01 6.155505780000000149e-01 6.013433929999999483e-01 6.002308729999999981e-01 6.077948210000000406e-01 6.210035090000000091e-01 6.376907830000000388e-01 6.562810540000000303e-01 6.756442790000000143e-01 6.949980850000000432e-01 7.138268949999999613e-01 7.318130139999999839e-01 7.487798329999999503e-01 7.646476030000000090e-01 7.794007659999999671e-01 7.930644150000000225e-01 8.056878450000000136e-01 8.173338169999999625e-01 8.280708789999999819e-01 8.379690650000000129e-01 8.470967409999999864e-01 8.555191760000000478e-01 8.632973430000000503e-01 8.704875709999999600e-01 8.771417139999999613e-01 8.833069799999999638e-01 8.890263440000000239e-01 8.943386669999999761e-01 8.992792370000000091e-01 9.038799410000000201e-01 9.081695680000000381e-01 9.121742250000000052e-01 9.159173969999999665e-01 9.194204209999999877e-01 9.227026099999999786e-01 9.257815480000000097e-01 9.286730290000000387e-01 9.313915369999999916e-01 9.339501860000000155e-01 9.363608960000000536e-01 9.386345740000000548e-01 9.407811160000000283e-01 9.428097009999999445e-01 9.447284940000000297e-01 9.465451839999999839e-01 9.482667449999999665e-01 9.498996140000000032e-01 9.514495729999999929e-01 9.529221060000000465e-01 9.543221589999999477e-01 9.556543830000000517e-01 9.569230079999999639e-01 9.581319689999999722e-01 9.592848419999999710e-01 9.603850840000000000e-01 9.614357350000000135e-01 9.624397749999999974e-01 9.633998270000000419e-01 9.643183349999999709e-01 9.651978020000000491e-01 9.660402540000000426e-01 9.668477180000000226e-01 9.676221609999999806e-01 9.683653119999999781e-01 9.690787789999999458e-01 9.697641129999999832e-01 9.704228040000000277e-01 9.710562230000000516e-01 9.716655020000000142e-01 9.722520110000000271e-01 9.728167650000000277e-01 9.733607770000000103e-01 9.738851790000000452e-01 9.743907450000000026e-01 9.748784299999999625e-01 9.753490689999999574e-01 9.758034349999999968e-01 9.762422440000000368e-01 9.766662120000000336e-01 9.770759940000000032e-01 9.774721859999999651e-01 9.778553250000000530e-01 9.782261249999999464e-01 9.785849450000000394e-01 9.789323810000000181e-01 9.792689089999999652e-01 9.795949459999999664e-01 9.799108509999999717e-01 9.802171589999999490e-01 9.805141689999999910e-01 9.808022979999999613e-01 9.810818430000000090e-01 9.813531639999999445e-01 9.816166160000000529e-01 9.818723799999999891e-01 9.821208719999999781e-01 9.823622699999999819e-01 9.825968739999999535e-01 9.828249220000000452e-01
7.070178390000000368e-01 6.454455850000000439e-01 6.136146190000000278e-01 6.004849079999999839e-01 5.996969939999999832e-01 6.070777179999999884e-01 6.197873350000000503e-01 6.358106730000000484e-01 6.536837819999999910e-01 6.723513009999999568e-01 6.910749670000000400e-01 7.093608980000000175e-01 7.268978950000000161e-01 7.435064909999999916e-01 7.590993050000000020e-01 7.736507649999999625e-01 7.871754770000000123e-01 7.997127769999999858e-01 8.113161920000000471e-01 8.220463989999999832e-01 8.319664599999999632e-01 8.411389590000000194e-01 8.496243359999999800e-01 8.574793929999999786e-01 8.647572989999999793e-01 8.715071680000000542e-01 8.777739409999999465e-01 8.835987450000000187e-01 8.890191320000000452e-01 8.940691349999999593e-01 8.987796310000000233e-01 9.031787510000000019e-01 9.072918890000000181e-01 9.111422300000000529e-01 9.147506949999999470e-01 9.181363580000000413e-01 9.213164449999999839e-01 9.243067499999999548e-01 9.271215800000000007e-01 9.297739860000000522e-01 9.322758909999999677e-01 9.346381430000000323e-01 9.368707539999999723e-01 9.389827250000000181e-01 9.409824610000000478e-01 9.428775910000000149e-01 9.446751479999999646e-01 9.463816290000000020e-01 9.480028750000000226e-01 9.495444299999999949e-01 9.510114189999999690e-01 9.524083730000000303e-01 9.537397029999999942e-01 9.550093410000000116e-01 9.562210439999999645e-01 9.573782090000000355e-01 9.584840540000000297e-01 9.595415000000000472e-01 9.605532289999999529e-01 9.615219830000000245e-01 9.624499680000000446e-01 9.633395080000000110e-01 9.641926290000000233e-01 9.650112990000000446e-01 9.657973650000000188e-01 9.665524359999999593e-01 9.672781830000000136e-01 9.679760339999999852e-01 9.686474200000000367e-01 9.692936540000000045e-01 9.699159859999999522e-01 9.705154900000000362e-01 9.710932970000000219e-01 9.716504809999999548e-01 9.721879359999999748e-01 9.727066159999999684e-01 9.732074139999999929e-01 9.736910460000000045e-01 9.741582869999999561e-01 9.746099110000000509e-01 9.750466349999999949e-01 9.754689930000000064e-01 9.758777020000000135e-01 9.762732389999999594e-01 9.766562579999999993e-01 9.770272370000000484e-01 9.773866530000000497e-01 9.777349829999999464e-01 9.780726429999999638e-01 9.784001110000000168e-01 9.787178039999999690e-01 9.790260200000000523e-01 9.793252350000000162e-01 9.796156879999999845e-01 9.798977380000000181e-01 9.801717399999999580e-01 9.804379340000000109e-01 9.806966780000000439e-01 9.809481500000000187e-01 9.811927080000000245e-01
6.994483470000000258e-01 6.415024400000000071e-01 6.118669509999999923e-01 5.998123290000000329e-01 5.993314979999999625e-01 6.065027710000000516e-01 6.186808350000000400e-01 6.340034599999999632e-01 6.511198879999999800e-01 6.690507530000000536e-01 6.871032120000000187e-01 7.048059700000000039e-01 7.218552230000000458e-01 7.380694749999999749e-01 7.533540730000000130e-01 7.676737900000000225e-01 7.810327409999999748e-01 7.934603099999999465e-01 8.050007219999999464e-01 8.157064910000000335e-01 8.256336450000000271e-01 8.348387480000000194e-01 8.433769349999999942e-01 8.513010140000000225e-01 8.586603999999999903e-01 8.655013440000000058e-01 8.718664050000000110e-01 8.777947430000000439e-01 8.833221789999999851e-01 8.884814979999999807e-01 8.933024999999999993e-01 8.978125449999999619e-01 9.020362499999999839e-01 9.059961439999999477e-01 9.097129109999999574e-01 9.132050870000000264e-01 9.164898400000000001e-01 9.195826049999999974e-01 9.224976299999999574e-01 9.252477879999999599e-01 9.278450010000000026e-01 9.302999969999999896e-01 9.326228500000000032e-01 9.348225589999999974e-01 9.369075300000000439e-01 9.388853910000000136e-01 9.407632350000000310e-01 9.425475599999999510e-01 9.442443849999999639e-01 9.458592529999999554e-01 9.473971719999999541e-01 9.488630289999999690e-01 9.502611159999999613e-01 9.515954850000000187e-01 9.528698920000000516e-01 9.540878529999999857e-01 9.552525880000000136e-01 9.563671950000000033e-01 9.574343560000000419e-01 9.584567550000000491e-01 9.594368930000000129e-01 9.603769180000000238e-01 9.612790940000000006e-01 9.621453290000000491e-01 9.629775289999999988e-01 9.637774230000000220e-01 9.645466209999999929e-01 9.652866719999999567e-01 9.659990670000000446e-01 9.666850569999999587e-01 9.673460130000000046e-01 9.679831269999999988e-01 9.685974120000000465e-01 9.691900610000000471e-01 9.697620270000000264e-01 9.703142049999999852e-01 9.708475469999999774e-01 9.713628890000000071e-01 9.718610049999999445e-01 9.723426099999999961e-01 9.728085400000000549e-01 9.732593299999999781e-01 9.736956359999999755e-01 9.741181730000000316e-01 9.745274189999999503e-01 9.749239090000000330e-01 9.753082389999999657e-01 9.756807680000000316e-01 9.760420920000000278e-01 9.763926269999999574e-01 9.767327310000000207e-01 9.770628810000000497e-01 9.773833750000000542e-01 9.776946309999999807e-01 9.779970049999999748e-01 9.782907960000000180e-01 9.785763619999999774e-01 9.788539410000000052e-01 9.791238899999999967e-01 9.793864490000000478e-01
6.919839979999999890e-01 6.377618309999999457e-01 6.103054879999999516e-01 5.992964509999999523e-01 5.990930799999999445e-01 6.060240270000000207e-01 6.176369790000000304e-01 6.322229499999999502e-01 6.485447880000000387e-01 6.656998990000000394e-01 6.830418710000000226e-01 7.001229519999999651e-01 7.166475060000000452e-01 7.324327229999999522e-01 7.473770379999999935e-01 7.614358070000000200e-01 7.746030689999999774e-01 7.868979569999999812e-01 7.983555789999999819e-01 8.090199829999999981e-01 8.189399240000000413e-01 8.281656499999999754e-01 8.367470500000000477e-01 8.447324040000000478e-01 8.521674280000000046e-01 8.590950969999999742e-01 8.655554650000000239e-01 8.715854880000000193e-01 8.772192599999999452e-01 8.824880720000000123e-01 8.874205950000000342e-01 8.920430539999999464e-01 8.963794710000000387e-01 9.004516599999999871e-01 9.042797089999999871e-01 9.078818560000000426e-01 9.112748499999999696e-01 9.144739509999999516e-01 9.174931649999999994e-01 9.203453059999999741e-01 9.230420590000000258e-01 9.255942700000000523e-01 9.280118349999999516e-01 9.303036930000000426e-01 9.324783679999999464e-01 9.345434900000000322e-01 9.365060929999999839e-01 9.383727910000000394e-01 9.401496049999999993e-01 9.418420790000000542e-01 9.434553980000000006e-01 9.449943899999999619e-01 9.464634659999999755e-01 9.478666780000000180e-01 9.492079020000000478e-01 9.504907129999999871e-01 9.517183900000000252e-01 9.528940320000000019e-01 9.540204410000000523e-01 9.551003580000000381e-01 9.561362270000000052e-01 9.571304320000000310e-01 9.580851790000000090e-01 9.590024350000000419e-01 9.598841670000000104e-01 9.607322219999999691e-01 9.615481500000000459e-01 9.623336200000000007e-01 9.630900620000000245e-01 9.638189670000000264e-01 9.645215870000000136e-01 9.651991130000000529e-01 9.658527970000000407e-01 9.664837120000000503e-01 9.670928720000000478e-01 9.676812889999999445e-01 9.682498569999999916e-01 9.687994720000000504e-01 9.693309070000000194e-01 9.698449970000000420e-01 9.703424569999999916e-01 9.708240630000000149e-01 9.712903499999999690e-01 9.717420340000000323e-01 9.721797110000000020e-01 9.726039170000000400e-01 9.730151889999999471e-01 9.734140629999999961e-01 9.738010169999999910e-01 9.741765260000000426e-01 9.745410079999999864e-01 9.748949409999999594e-01 9.752386210000000277e-01 9.755725259999999954e-01 9.758970139999999516e-01 9.762123230000000484e-01 9.765189290000000355e-01 9.768170120000000400e-01 9.771069879999999541e-01 9.773890969999999845e-01
6.847576499999999955e-01 6.342670320000000084e-01 6.089283229999999936e-01 5.989140870000000394e-01 5.989491340000000497e-01 6.056050060000000013e-01 6.166183950000000413e-01 6.304315919999999851e-01 6.459210520000000511e-01 6.622617840000000200e-01 6.788543460000000529e-01 6.952756049999999632e-01 7.112389799999999651e-01 7.265607120000000529e-01 7.411330940000000478e-01 7.549023630000000207e-01 7.678523059999999845e-01 7.799921629999999606e-01 7.913475039999999794e-01 8.019539709999999877e-01 8.118527530000000381e-01 8.210876580000000535e-01 8.297030330000000342e-01 8.377423290000000078e-01 8.452473280000000200e-01 8.522577289999999639e-01 8.588107230000000536e-01 8.649410010000000426e-01 8.706806299999999554e-01 8.760594130000000090e-01 8.811045889999999936e-01 8.858413699999999613e-01 8.902928230000000109e-01 8.944801089999999677e-01 8.984227179999999535e-01 9.021384120000000006e-01 9.056435229999999503e-01 9.089530110000000329e-01 9.120807050000000471e-01 9.150391820000000065e-01 9.178400639999999555e-01 9.204940200000000239e-01 9.230108860000000304e-01 9.253996610000000400e-01 9.276686910000000452e-01 9.298257229999999929e-01 9.318777919999999826e-01 9.338314530000000335e-01 9.356928469999999942e-01 9.374675749999999974e-01 9.391608240000000052e-01 9.407774209999999471e-01 9.423218370000000510e-01 9.437983039999999768e-01 9.452106359999999929e-01 9.465625290000000414e-01 9.478572610000000065e-01 9.490979910000000297e-01 9.502876399999999890e-01 9.514289500000000510e-01 9.525244830000000329e-01 9.535766239999999838e-01 9.545876380000000161e-01 9.555595519999999787e-01 9.564944509999999678e-01 9.573940629999999619e-01 9.582601189999999658e-01 9.590943459999999865e-01 9.598982329999999896e-01 9.606731530000000019e-01 9.614205359999999922e-01 9.621416929999999645e-01 9.628377559999999891e-01 9.635098579999999968e-01 9.641591309999999471e-01 9.647865300000000310e-01 9.653930659999999664e-01 9.659796360000000304e-01 9.665470720000000071e-01 9.670962100000000117e-01 9.676278230000000535e-01 9.681426290000000323e-01 9.686413409999999891e-01 9.691245560000000259e-01 9.695929880000000445e-01 9.700471760000000110e-01 9.704876540000000329e-01 9.709150199999999620e-01 9.713297490000000201e-01 9.717323780000000077e-01 9.721232650000000142e-01 9.725029469999999510e-01 9.728717799999999638e-01 9.732302430000000504e-01 9.735786320000000549e-01 9.739173650000000348e-01 9.742467400000000000e-01 9.745671150000000393e-01 9.748788480000000201e-01 9.751821760000000117e-01
6.778636569999999528e-01 6.310413480000000019e-01 6.077272299999999516e-01 5.986426470000000277e-01 5.988714099999999929e-01 6.052159670000000213e-01 6.155951619999999735e-01 6.285999420000000226e-01 6.432197689999999968e-01 6.587076189999999665e-01 6.745120289999999574e-01 6.902354960000000039e-01 7.056010369999999865e-01 7.204250690000000290e-01 7.345938680000000387e-01 7.480449679999999768e-01 7.607520819999999961e-01 7.727144959999999729e-01 7.839481830000000206e-01 7.944801449999999710e-01 8.043438790000000393e-01 8.135764599999999458e-01 8.222165110000000388e-01 8.303024169999999593e-01 8.378719089999999703e-01 8.449610469999999651e-01 8.516040440000000045e-01 8.578330280000000529e-01 8.636781569999999464e-01 8.691672679999999929e-01 8.743263479999999754e-01 8.791793580000000219e-01 8.837483529999999865e-01 8.880536559999999691e-01 8.921141620000000438e-01 8.959469799999999484e-01 8.995681410000000433e-01 9.029922489999999691e-01 9.062327740000000187e-01 9.093020560000000252e-01 9.122116569999999536e-01 9.149720070000000316e-01 9.175929430000000497e-01 9.200833440000000252e-01 9.224516149999999470e-01 9.247053269999999658e-01 9.268516300000000374e-01 9.288970829999999568e-01 9.308478239999999904e-01 9.327094550000000206e-01 9.344872239999999497e-01 9.361860749999999509e-01 9.378104210000000052e-01 9.393646119999999877e-01 9.408524630000000277e-01 9.422777300000000356e-01 9.436438080000000284e-01 9.449538589999999516e-01 9.462109210000000381e-01 9.474177360000000103e-01 9.485768679999999620e-01 9.496908779999999606e-01 9.507619739999999542e-01 9.517923590000000322e-01 9.527840020000000187e-01 9.537388679999999619e-01 9.546586870000000058e-01 9.555451270000000497e-01 9.563997389999999710e-01 9.572241310000000336e-01 9.580195550000000226e-01 9.587874410000000180e-01 9.595290419999999987e-01 9.602454299999999554e-01 9.609377980000000097e-01 9.616072180000000413e-01 9.622545839999999684e-01 9.628809689999999755e-01 9.634871480000000155e-01 9.640740749999999748e-01 9.646424649999999490e-01 9.651930930000000020e-01 9.657266740000000071e-01 9.662439819999999457e-01 9.667455550000000342e-01 9.672321080000000348e-01 9.677041769999999987e-01 9.681622979999999767e-01 9.686070079999999916e-01 9.690389040000000342e-01 9.694584010000000251e-01 9.698659179999999935e-01 9.702619909999999903e-01 9.706469770000000219e-01 9.710212950000000065e-01 9.713853000000000071e-01 9.717394110000000529e-01 9.720839860000000110e-01 9.724192619999999510e-01 9.727456570000000413e-01
6.713477970000000239e-01 6.280831690000000522e-01 6.066835520000000148e-01 5.984573960000000303e-01 5.988339190000000478e-01 6.048321719999999457e-01 6.145448089999999697e-01 6.267076729999999651e-01 6.404225230000000213e-01 6.550204750000000464e-01 6.699991229999999742e-01 6.849872470000000213e-01 6.997188330000000400e-01 7.140108939999999516e-01 7.277444600000000374e-01 7.408484220000000064e-01 7.532868980000000381e-01 7.650489209999999929e-01 7.761409879999999761e-01 7.865813369999999916e-01 7.963954810000000162e-01 8.056137559999999587e-01 8.142684700000000220e-01 8.223931789999999742e-01 8.300209640000000277e-01 8.371842499999999632e-01 8.439139719999999567e-01 8.502398129999999554e-01 8.561894300000000291e-01 8.617889880000000336e-01 8.670627469999999670e-01 8.720334770000000013e-01 8.767220380000000368e-01 8.811480400000000213e-01 8.853294250000000032e-01 8.892828820000000523e-01 8.930237890000000123e-01 8.965664509999999865e-01 8.999239209999999600e-01 9.031084179999999684e-01 9.061312080000000213e-01 9.090026020000000484e-01 9.117322559999999632e-01 9.143289919999999515e-01 9.168012140000000310e-01 9.191564319999999677e-01 9.214017389999999974e-01 9.235437509999999683e-01 9.255885480000000110e-01 9.275417919999999761e-01 9.294087890000000129e-01 9.311944840000000445e-01 9.329034090000000168e-01 9.345397949999999510e-01 9.361076350000000490e-01 9.376107449999999677e-01 9.390524630000000039e-01 9.404361249999999561e-01 9.417647719999999723e-01 9.430411459999999968e-01 9.442680479999999710e-01 9.454478619999999722e-01 9.465830330000000181e-01 9.476757049999999793e-01 9.487279650000000064e-01 9.497417209999999832e-01 9.507188800000000439e-01 9.516611099999999768e-01 9.525700209999999890e-01 9.534472229999999549e-01 9.542941449999999826e-01 9.551121000000000194e-01 9.559023979999999865e-01 9.566662310000000335e-01 9.574048520000000284e-01 9.581192139999999968e-01 9.588105080000000058e-01 9.594795699999999483e-01 9.601273540000000439e-01 9.607548120000000136e-01 9.613627200000000039e-01 9.619519109999999928e-01 9.625231029999999910e-01 9.630770090000000394e-01 9.636143449999999833e-01 9.641357059999999812e-01 9.646416899999999961e-01 9.651330110000000406e-01 9.656100869999999503e-01 9.660735129999999948e-01 9.665238259999999748e-01 9.669614429999999761e-01 9.673868420000000246e-01 9.678004980000000090e-01 9.682028289999999870e-01 9.685941930000000477e-01 9.689750080000000265e-01 9.693456289999999864e-01 9.697064159999999600e-01 9.700577259999999535e-01
6.652091150000000175e-01 6.253686550000000510e-01 6.057696940000000252e-01 5.983316899999999716e-01 5.988132360000000265e-01 6.044346689999999800e-01 6.134532089999999993e-01 6.247454879999999600e-01 6.375240680000000548e-01 6.511984469999999581e-01 6.653160449999999670e-01 6.795332429999999535e-01 6.935957069999999502e-01 7.073220609999999464e-01 7.205885650000000142e-01 7.333161830000000103e-01 7.454593179999999819e-01 7.569971079999999741e-01 7.679265739999999729e-01 7.782568340000000084e-01 7.880055900000000335e-01 7.971959109999999793e-01 8.058541420000000510e-01 8.140082360000000516e-01 8.216868040000000484e-01 8.289182189999999562e-01 8.357303139999999742e-01 8.421496750000000420e-01 8.482017520000000310e-01 8.539106250000000342e-01 8.592988849999999568e-01 8.643878099999999787e-01 8.691972489999999496e-01 8.737456799999999690e-01 8.780502679999999671e-01 8.821270469999999975e-01 8.859907980000000238e-01 8.896553520000000104e-01 8.931334610000000174e-01 8.964369890000000174e-01 8.995769620000000355e-01 9.025635119999999567e-01 9.054061770000000342e-01 9.081137179999999587e-01 9.106943010000000394e-01 9.131554960000000110e-01 9.155043959999999981e-01 9.177474979999999949e-01 9.198908810000000491e-01 9.219403269999999484e-01 9.239010810000000129e-01 9.257780909999999697e-01 9.275760050000000367e-01 9.292990570000000394e-01 9.309512970000000109e-01 9.325365420000000238e-01 9.340582490000000071e-01 9.355197549999999529e-01 9.369241000000000374e-01 9.382742640000000245e-01 9.395728709999999761e-01 9.408225420000000394e-01 9.420256019999999619e-01 9.431844350000000432e-01 9.443010689999999929e-01 9.453775290000000497e-01 9.464156630000000181e-01 9.474172589999999561e-01 9.483840470000000078e-01 9.493175149999999451e-01 9.502192739999999471e-01 9.510906340000000458e-01 9.519329069999999948e-01 9.527474639999999884e-01 9.535354379999999574e-01 9.542979600000000007e-01 9.550361040000000523e-01 9.557508230000000271e-01 9.564431909999999704e-01 9.571140999999999677e-01 9.577643279999999981e-01 9.583948249999999502e-01 9.590062499999999490e-01 9.595994350000000006e-01 9.601750970000000329e-01 9.607338309999999826e-01 9.612763519999999451e-01 9.618031980000000258e-01 9.623150830000000155e-01 9.628124240000000000e-01 9.632958169999999987e-01 9.637658000000000058e-01 9.642227890000000246e-01 9.646673199999999948e-01 9.650997519999999774e-01 9.655205610000000549e-01 9.659301639999999800e-01 9.663289189999999529e-01 9.667171839999999516e-01 9.670953150000000109e-01
6.594125029999999832e-01 6.228600140000000174e-01 6.049537659999999484e-01 5.982397200000000304e-01 5.987900499999999626e-01 6.040113569999999710e-01 6.123157139999999554e-01 6.227158900000000497e-01 6.345331069999999851e-01 6.472554209999999975e-01 6.604807379999999561e-01 6.738941069999999645e-01 6.872541309999999903e-01 7.003819350000000110e-01 7.131499049999999729e-01 7.254713179999999761e-01 7.372915740000000051e-01 7.485799789999999510e-01 7.593240140000000471e-01 7.695239780000000529e-01 7.791894670000000245e-01 7.883362769999999742e-01 7.969844940000000433e-01 8.051564690000000413e-01 8.128761650000000394e-01 8.201677800000000129e-01 8.270556930000000362e-01 8.335634469999999574e-01 8.397140499999999896e-01 8.455293769999999709e-01 8.510302899999999671e-01 8.562365170000000303e-01 8.611664770000000413e-01 8.658377529999999878e-01 8.702664970000000277e-01 8.744680879999999767e-01 8.784565930000000078e-01 8.822454210000000296e-01 8.858468529999999896e-01 8.892723319999999987e-01 8.925327060000000090e-01 8.956378699999999471e-01 8.985971809999999671e-01 9.014191630000000233e-01 9.041119810000000090e-01 9.066830869999999987e-01 9.091395140000000374e-01 9.114877580000000368e-01 9.137339589999999845e-01 9.158837199999999568e-01 9.179423450000000484e-01 9.199149009999999516e-01 9.218059180000000019e-01 9.236198070000000149e-01 9.253605599999999987e-01 9.270319940000000258e-01 9.286377430000000155e-01 9.301810860000000458e-01 9.316651820000000361e-01 9.330930109999999722e-01 9.344672560000000239e-01 9.357905979999999735e-01 9.370654819999999496e-01 9.382941719999999819e-01 9.394788739999999638e-01 9.406216139999999948e-01 9.417243600000000381e-01 9.427888989999999581e-01 9.438170190000000348e-01 9.448102120000000381e-01 9.457701440000000348e-01 9.466981890000000233e-01 9.475958349999999975e-01 9.484642149999999994e-01 9.493047000000000013e-01 9.501184230000000452e-01 9.509064560000000110e-01 9.516698719999999723e-01 9.524097440000000026e-01 9.531269070000000232e-01 9.538223150000000317e-01 9.544968609999999742e-01 9.551513200000000259e-01 9.557864069999999490e-01 9.564030169999999664e-01 9.570017459999999865e-01 9.575832490000000252e-01 9.581482409999999561e-01 9.586972590000000238e-01 9.592309589999999941e-01 9.597498770000000290e-01 9.602544899999999606e-01 9.607453350000000336e-01 9.612228870000000258e-01 9.616876840000000426e-01 9.621400829999999793e-01 9.625805020000000045e-01 9.630094169999999787e-01 9.634271859999999910e-01 9.638341670000000194e-01
6.539066430000000096e-01 6.205161209999999761e-01 6.042053099999999954e-01 5.981596710000000039e-01 5.987508889999999528e-01 6.035575269999999826e-01 6.111369730000000278e-01 6.206322309999999787e-01 6.314710970000000367e-01 6.432193520000000220e-01 6.555263999999999536e-01 6.681068540000000278e-01 6.807336210000000110e-01 6.932314040000000510e-01 7.054695490000000291e-01 7.173546549999999522e-01 7.288233039999999496e-01 7.398355009999999510e-01 7.503693700000000355e-01 7.604165080000000465e-01 7.699782849999999845e-01 7.790634629999999561e-01 7.876854540000000071e-01 7.958611850000000265e-01 8.036096099999999742e-01 8.109508159999999632e-01 8.179054260000000465e-01 8.244940039999999470e-01 8.307368160000000445e-01 8.366535309999999503e-01 8.422629830000000206e-01 8.475832939999999871e-01 8.526316290000000020e-01 8.574242589999999664e-01 8.619764450000000355e-01 8.663026689999999697e-01 8.704164030000000052e-01 8.743302819999999587e-01 8.780562880000000181e-01 8.816055059999999832e-01 8.849882479999999774e-01 8.882142899999999619e-01 8.912926909999999703e-01 8.942319149999999883e-01 8.970398899999999509e-01 8.997240659999999890e-01 9.022912379999999954e-01 9.047480230000000123e-01 9.071003199999999600e-01 9.093539120000000420e-01 9.115140440000000233e-01 9.135857219999999890e-01 9.155735369999999929e-01 9.174818989999999896e-01 9.193148020000000420e-01 9.210762380000000471e-01 9.227696659999999884e-01 9.243986010000000419e-01 9.259660840000000226e-01 9.274752139999999923e-01 9.289287330000000065e-01 9.303293820000000380e-01 9.316795469999999968e-01 9.329816699999999852e-01 9.342379570000000077e-01 9.354504940000000213e-01 9.366212489999999891e-01 9.377520679999999942e-01 9.388448000000000349e-01 9.399010540000000136e-01 9.409224390000000549e-01 9.419103859999999884e-01 9.428664450000000530e-01 9.437918069999999826e-01 9.446878429999999716e-01 9.455558059999999987e-01 9.463967079999999754e-01 9.472117420000000232e-01 9.480019210000000252e-01 9.487682579999999755e-01 9.495116470000000142e-01 9.502329830000000310e-01 9.509330990000000039e-01 9.516128299999999651e-01 9.522729519999999503e-01 9.529142379999999690e-01 9.535372850000000122e-01 9.541428690000000046e-01 9.547315240000000536e-01 9.553039070000000077e-01 9.558606149999999690e-01 9.564022420000000135e-01 9.569292069999999484e-01 9.574421050000000433e-01 9.579414130000000194e-01 9.584275479999999625e-01 9.589009880000000097e-01 9.593621490000000529e-01 9.598115090000000071e-01 9.602493050000000530e-01
6.486409309999999762e-01 6.183014510000000019e-01 6.035003660000000103e-01 5.980762240000000451e-01 5.986887810000000032e-01 6.030755639999999529e-01 6.099292640000000265e-01 6.185166239999999593e-01 6.283687350000000116e-01 6.391285660000000091e-01 6.504970789999999781e-01 6.622199420000000059e-01 6.740855569999999464e-01 6.859233980000000175e-01 6.976011399999999529e-01 7.090193030000000451e-01 7.201066019999999845e-01 7.308141590000000187e-01 7.411110400000000542e-01 7.509803179999999800e-01 7.604153750000000045e-01 7.694177629999999768e-01 7.779944540000000019e-01 7.861567739999999471e-01 7.939186099999999691e-01 8.012957569999999974e-01 8.083051439999999754e-01 8.149639960000000238e-01 8.212899569999999594e-01 8.273001909999999626e-01 8.330115679999999800e-01 8.384404779999999890e-01 8.436026570000000335e-01 8.485129479999999891e-01 8.531857130000000122e-01 8.576344249999999780e-01 8.618718389999999729e-01 8.659099940000000162e-01 8.697601560000000065e-01 8.734331130000000387e-01 8.769388200000000078e-01 8.802866339999999568e-01 8.834853769999999606e-01 8.865433339999999607e-01 8.894682529999999865e-01 8.922674659999999536e-01 8.949476480000000400e-01 8.975152370000000213e-01 8.999763130000000277e-01 9.023363589999999768e-01 9.046007390000000425e-01 9.067744020000000349e-01 9.088619949999999781e-01 9.108678100000000555e-01 9.127960210000000130e-01 9.146505000000000329e-01 9.164348239999999812e-01 9.181524519999999523e-01 9.198066000000000297e-01 9.214002489999999490e-01 9.229362610000000355e-01 9.244173770000000401e-01 9.258461590000000019e-01 9.272248739999999767e-01 9.285559650000000387e-01 9.298413989999999574e-01 9.310833219999999910e-01 9.322836399999999690e-01 9.334440830000000355e-01 9.345664380000000548e-01 9.356522560000000155e-01 9.367032050000000387e-01 9.377206559999999858e-01 9.387059810000000226e-01 9.396605489999999561e-01 9.405855539999999904e-01 9.414821859999999987e-01 9.423516389999999632e-01 9.431949849999999858e-01 9.440131189999999561e-01 9.448071719999999729e-01 9.455779789999999574e-01 9.463264350000000213e-01 9.470533730000000316e-01 9.477595690000000239e-01 9.484458569999999478e-01 9.491129520000000097e-01 9.497615099999999755e-01 9.503921870000000549e-01 9.510056970000000387e-01 9.516025780000000323e-01 9.521834249999999722e-01 9.527487749999999922e-01 9.532992240000000006e-01 9.538351889999999722e-01 9.543572660000000374e-01 9.548658129999999522e-01 9.553613069999999929e-01 9.558442230000000484e-01 9.563149810000000084e-01
