2.408837234629655064e-15 2.282361715630426043e-15 2.162617505417679447e-15 2.049233008451298234e-15 1.941859074812614900e-15 1.840167375422183921e-15 1.743848928884431682e-15 1.652612762285845901e-15 1.566184690584212326e-15 1.484306201255262834e-15 1.406733432590042020e-15 1.333236235532665935e-15 1.263597310244642879e-15 1.197611409688128073e-15 1.135084603484416818e-15 1.075833596137699846e-15 1.019685094418075755e-15 9.664752193324697982e-16 9.160489586386895130e-16 8.682596563181617185e-16 8.229685358460093488e-16 7.856124900529487436e-16 7.192147281571194997e-16 6.281485415415002046e-16 5.407297729220307769e-16 4.746386138130732855e-16 4.151965677291512234e-16 3.578655957192120698e-16 3.128486869871231524e-16 2.849499507684854512e-16 2.682379798660141102e-16 2.497874686104235114e-16 2.243752462014971608e-16 1.960202467251801612e-16 1.708479900593985858e-16 1.504095605035248059e-16 1.342626301469690329e-16 1.253153369122844601e-16 1.180729121742163288e-16 1.133168488521558708e-16 1.090482070389643639e-16 1.020078899599503234e-16 9.537409252980385511e-17 8.776852979979423922e-17 7.990257084332439945e-17 7.278053804565744061e-17 6.468838556079867037e-17 5.655766481422679671e-17 4.868465162279919998e-17 4.128712112235898569e-17 3.465910082766482596e-17 2.885446866440892408e-17 2.435412995791740119e-17 2.060084927445966469e-17 1.762926942421103991e-17 1.505973002085373608e-17 1.285870461705644826e-17 1.086149894280581796e-17 9.613154437534245352e-18 8.414939140589541781e-18 7.517783254618325563e-18 6.505182086848769480e-18 5.826477646575150958e-18 5.171181437048092079e-18 4.513061841929768538e-18 4.161383261716460446e-18 3.616333215215986613e-18 3.227314715932114166e-18 3.067998548979409607e-18 2.737166695420042493e-18 2.430224285596371214e-18 2.321596188189914972e-18 2.035992183219535621e-18 1.954077624148969122e-18 1.707352613476495810e-18 1.637834909118994875e-18 1.569778453987145492e-18 1.363066078736417193e-18 1.316636331894043935e-18 1.268005619360309803e-18 1.224623111802991547e-18 1.188759827079943202e-18 1.160537598544130165e-18 1.261521400967663144e-18 1.241923914943226803e-18 1.424419428566838721e-18 1.613656167606916341e-18 1.938890288855475895e-18 2.654954875794301663e-18 3.876282247615082943e-18 6.747077252372652510e-18 1.291296702703939207e-17 1.858346366117172613e-17 1.495633370574736032e-17 9.276926825647955898e-18 5.249933281245291741e-18 2.591740115830854481e-18 3.154939636241722972e-18 6.216265996957611008e-18 2.958374487167733041e-18
5.078508713520801391e-15 4.811492850929173911e-15 4.558742507747650595e-15 4.319462306094985245e-15 4.092906004581620134e-15 3.878372803714205078e-15 3.675204010251198862e-15 3.482780017627400800e-15 3.300517565219629408e-15 3.127867244169270090e-15 2.964311221712436395e-15 2.809361159630836513e-15 2.662556305609634364e-15 2.523461739000880714e-15 2.391666754846697369e-15 2.266783372054176748e-15 2.148444953343693202e-15 2.036304926126461302e-15 1.930035594761464737e-15 1.829327035759141979e-15 1.733886068517697203e-15 1.655172464604028885e-15 1.515282046683579912e-15 1.323418169421302339e-15 1.139236211659394001e-15 9.999876330242812341e-16 8.747491906786818984e-16 7.539590670501051302e-16 6.591125415477851422e-16 6.003313370079332099e-16 5.651195880038994733e-16 5.262465846150540669e-16 4.727074165781793652e-16 4.129688800271636243e-16 3.599356472481372057e-16 3.168756494850483920e-16 2.828570162381469409e-16 2.640064307200609204e-16 2.487478407817718496e-16 2.387275079564429475e-16 2.297341891427381220e-16 2.149018774546675495e-16 2.009260612553321448e-16 1.849030929962807695e-16 1.683315939817431010e-16 1.533273825932281947e-16 1.362794616886810540e-16 1.191503351279497504e-16 1.025641399995723049e-16 8.697966206476220116e-17 7.301633646054175702e-17 6.078765872188544129e-17 5.130675795757923676e-17 4.339969633208538311e-17 3.713945619396387924e-17 3.172620237975839987e-17 2.708930355683579215e-17 2.288179715502587982e-17 2.025191341177243552e-17 1.772763990864530350e-17 1.583760706763092284e-17 1.370436956392268828e-17 1.227454907180863195e-17 1.089404366405221519e-17 9.507591482613898998e-18 8.766714069661447524e-18 7.618465003288151062e-18 6.798925422544785254e-18 6.463295911594512067e-18 5.766337734629623379e-18 5.119707242397607752e-18 4.890861948078675109e-18 4.289185066330500883e-18 4.116616880300873498e-18 3.596845861012192431e-18 3.450394043067522919e-18 3.307020658853933344e-18 2.871543692086173301e-18 2.773730937666582094e-18 2.671281483868703884e-18 2.579888336544348720e-18 2.504335797373853855e-18 2.444880526545579946e-18 2.657620930134714748e-18 2.616335241070572785e-18 3.000794662331759943e-18 3.399455668452758405e-18 4.084619494287587330e-18 5.593137624490051734e-18 8.166082168842968269e-18 1.421392529020792748e-17 2.720347490575293876e-17 3.914939083278134406e-17 3.150819325467130210e-17 1.954350687773094051e-17 1.105992473058784396e-17 5.459964674805587559e-18 6.646444875346001577e-18 1.309567644684600859e-17 6.232345403069189749e-18
7.900839167892261642e-15 7.484590481754439586e-15 7.090703580378091539e-15 6.717913913446643364e-15 6.365037489373445887e-15 6.030964519578743999e-15 5.714653709206253682e-15 5.415127115282582424e-15 5.131465503618462926e-15 4.862804144897818942e-15 4.608328998315365315e-15 4.367273237927667011e-15 4.138914082787070125e-15 3.922569897005757123e-15 3.717597530281949096e-15 3.523389873209835453e-15 3.339373604941871807e-15 3.165007113603383551e-15 2.999778572282894697e-15 2.843204155494118582e-15 2.694826382882879074e-15 2.572467490487802620e-15 2.355050278513129552e-15 2.056854491502051378e-15 1.770591814105039977e-15 1.554162641331628282e-15 1.359511221862318818e-15 1.171774712662907515e-15 1.024358890194770494e-15 9.329952884156119547e-16 8.782645732913932097e-16 8.178471934938176967e-16 7.346383180405466706e-16 6.417958478053924660e-16 5.593741220445703879e-16 4.924522026499380456e-16 4.395818933726230833e-16 4.102844936275571641e-16 3.865699605604629890e-16 3.709963840064955338e-16 3.570191907983692717e-16 3.339682444894112600e-16 3.122485019393048536e-16 2.873475737822506732e-16 2.615943172590789592e-16 2.382768062804140211e-16 2.117834040574760066e-16 1.851639110005891471e-16 1.593881929941077045e-16 1.351692144144149213e-16 1.134696129684687154e-16 9.446574340026518539e-17 7.973205229507229372e-17 6.744418212767922677e-17 5.771555044592452326e-17 4.930317869592893024e-17 4.209730099553893271e-17 3.555872440501559084e-17 3.147181385821013018e-17 2.754903174962254993e-17 2.461187605656067993e-17 2.129678190264831977e-17 1.907481167982508594e-17 1.692948079320723883e-17 1.477491130104801901e-17 1.362357419580812421e-17 1.183917839639235671e-17 1.056560210673128968e-17 1.004402794038005297e-17 8.960945939158969122e-18 7.956074210487482050e-18 7.600445170138603029e-18 6.665432695523739340e-18 6.397259292212899316e-18 5.589529828601722259e-18 5.361941855266499740e-18 5.139137907337386498e-18 4.462402654295089183e-18 4.310400488733142986e-18 4.151192923031272364e-18 4.009166993132935144e-18 3.891757529778739887e-18 3.799363378691359772e-18 4.129963437568675595e-18 4.065804992408896502e-18 4.663257700996512042e-18 5.282779751458546408e-18 6.347529300357888350e-18 8.691777522013970573e-18 1.269015215368421218e-17 2.208854459445891799e-17 4.227439970526138570e-17 6.083844172621797667e-17 4.896396573898015103e-17 3.037075560774968942e-17 1.718720688962622924e-17 8.484826352758170524e-18 1.032862455119091772e-17 2.035077769590268712e-17 9.685111297707671801e-18
1.128850511666566736e-14 1.069212564646422647e-14 1.012802687229503184e-14 9.594348773547911011e-15 9.089354480403215261e-15 8.611420010228765533e-15 8.159025096893440973e-15 7.730744977045064863e-15 7.325243014989720488e-15 6.941264063005491779e-15 6.577628468059447762e-15 6.233226647560917348e-15 5.907014167079377150e-15 5.598007261818068917e-15 5.305278751291042189e-15 5.027954303265212826e-15 4.765209008710082415e-15 4.516264234436931373e-15 4.280384724338212246e-15 4.056875923777986328e-15 3.845081504891199791e-15 3.670453297988033643e-15 3.360238522308708546e-15 2.934764147491017663e-15 2.526304015053078227e-15 2.217480025961848920e-15 1.939735334337745642e-15 1.671859611217631445e-15 1.461512684001544538e-15 1.331141380123488996e-15 1.253041184869736906e-15 1.166834348684434492e-15 1.048113320370169607e-15 9.156497425248213564e-16 7.980534653863682826e-16 7.025715000464040738e-16 6.271377575599733278e-16 5.853358891648160111e-16 5.515001567375882789e-16 5.292794568158505122e-16 5.093369061589851476e-16 4.764500995013205563e-16 4.454627618900147252e-16 4.099374172792001823e-16 3.731963417391721522e-16 3.399303830315491841e-16 3.021338606460552260e-16 2.641576637827746202e-16 2.273852884052277431e-16 1.928338500566656455e-16 1.618766883823211856e-16 1.347653515103323498e-16 1.137459836624441386e-16 9.621589729986311654e-17 8.233689631101527458e-17 7.033571688300722873e-17 6.005576089090346071e-17 5.072780625056123855e-17 4.489740351004327807e-17 3.930116139763845472e-17 3.511101633822366525e-17 3.038171892078375641e-17 2.721186623970042472e-17 2.415135220253302504e-17 2.107766394793949337e-17 1.943517461772641884e-17 1.688957683213713581e-17 1.507270841272565065e-17 1.432863491847160988e-17 1.278352535698648096e-17 1.134999026161723352e-17 1.084265387965682164e-17 9.508780522659018096e-18 9.126207686853385991e-18 7.973914966840981411e-18 7.649241243356294719e-18 7.331392540824782078e-18 6.365974647037035970e-18 6.149130724661222942e-18 5.922007857282843088e-18 5.719396057327592992e-18 5.551901679002208080e-18 5.420093694036929840e-18 5.891720574314881951e-18 5.800193133935646878e-18 6.652506439921849275e-18 7.536303354685247996e-18 9.055252434865809596e-18 1.239950738044530367e-17 1.810350401295619640e-17 3.151105179045042553e-17 6.030776563354668747e-17 8.679083771613276239e-17 6.985096336994508547e-17 4.332628322458126809e-17 2.451891153750064124e-17 1.210427633713752554e-17 1.473459841500542065e-17 2.903199026405354913e-17 1.381657671856501873e-17
1.603224846551711136e-14 1.518227515880833601e-14 1.437874256920767299e-14 1.361891348419460814e-14 1.290023997505769804e-14 1.222034672395472505e-14 1.157701619970179363e-14 1.096817544797760351e-14 1.039188429511369968e-14 9.846324786548996377e-15 9.329791707865543725e-15 8.840684054944856232e-15 8.377497338040921368e-15 7.938816619731085706e-15 7.523310200023154184e-15 7.129723873348971229e-15 6.756875692084518640e-15 6.403651179804424440e-15 6.068998944845993055e-15 5.751926651105636855e-15 5.451497308521759886e-15 5.203836698180169256e-15 4.764027432712313527e-15 4.160801827687793221e-15 3.581676149193865562e-15 3.143803914768052422e-15 2.750006175937351535e-15 2.370205010893665044e-15 2.071963095460449120e-15 1.887106082776019992e-15 1.776361711154392646e-15 1.654137108497432990e-15 1.485824486565991186e-15 1.298033371094262978e-15 1.131318325736138093e-15 9.959540770658807696e-16 8.890118143278164470e-16 8.297471538069337116e-16 7.817772857602454201e-16 7.502735992106299879e-16 7.220005070313678165e-16 6.753798069316356541e-16 6.314522486900076458e-16 5.810926366389895412e-16 5.290101103550882547e-16 4.818540136667319819e-16 4.282762151584028957e-16 3.744441052414632991e-16 3.223185583431952707e-16 2.733413193595580768e-16 2.294591473244276567e-16 1.910285358758718562e-16 1.612334260821208426e-16 1.363844459455999968e-16 1.167109540757598180e-16 9.969932393534912772e-17 8.512756928257342870e-17 7.190531386547767441e-17 6.364078791486100434e-17 5.570820783019392751e-17 4.976875073040344895e-17 4.306508088142316398e-17 3.857188677721787094e-17 3.423368733880927079e-17 2.987682377467913434e-17 2.754863787953485832e-17 2.394033480518980287e-17 2.136498280259512714e-17 2.031027888615439979e-17 1.812013991606510271e-17 1.608815529435110778e-17 1.536902184703721778e-17 1.347830700031743929e-17 1.293602255547698997e-17 1.130269280920585755e-17 1.084247926240224197e-17 1.039194030297421473e-17 9.023499703807575914e-18 8.716131413992085756e-18 8.394193402231539638e-18 8.106998950809991800e-18 7.869582070583270585e-18 7.682749229088634179e-18 8.351259337605411577e-18 8.221522556720419044e-18 9.429639127070673444e-18 1.068238224785894914e-17 1.283542577228779928e-17 1.757576053794035473e-17 2.566092556514838082e-17 4.466553644930536540e-17 8.548361540710398433e-17 1.230222131374803674e-16 9.901068750454296864e-17 6.141311684251585608e-17 3.475449225514571866e-17 1.715728549967659528e-17 2.088564912181011855e-17 4.115157538079340851e-17 1.958439487855206535e-17
2.278153932576063697e-14 2.156843969910895314e-14 2.042238859002555631e-14 1.933932718211991296e-14 1.831549094677226553e-14 1.734738230535273783e-14 1.643174642115762210e-14 1.556554972346080529e-14 1.474596082237261765e-14 1.397033350749977884e-14 1.323619157218006122e-14 1.254121523216245861e-14 1.188322894141034112e-14 1.126019043305683086e-14 1.067018083618508208e-14 1.011139573916855496e-14 9.582137087396882538e-15 9.080805818074083760e-15 8.605895147596534645e-15 8.155984438070921556e-15 7.729733579122833635e-15 7.378438527030581921e-15 6.754844572043721563e-15 5.899535242857081125e-15 5.078356505060554331e-15 4.457445789322004672e-15 3.899047912251838660e-15 3.360503908401629916e-15 2.937596042825430535e-15 2.675451890034936059e-15 2.518399074998444198e-15 2.345092073841837048e-15 2.106454485711087230e-15 1.840207953930808647e-15 1.603840817216469089e-15 1.411921773654552712e-15 1.260298855260192553e-15 1.176269300827111596e-15 1.108255706837351091e-15 1.063587128194981643e-15 1.023500447866452203e-15 9.574066652316800858e-16 8.951317054328940298e-16 8.237400045597836161e-16 7.499066740514733505e-16 6.830576193615632678e-16 6.071061407524272886e-16 5.307948387093912247e-16 4.569029392710221694e-16 3.874741603044672793e-16 3.252682220848106555e-16 2.707903367796142888e-16 2.285539605912325260e-16 1.933291079028067165e-16 1.654409091418198815e-16 1.413261249304495147e-16 1.206700633377076755e-16 1.019270530430721232e-16 9.021178838452482394e-17 7.896711560832320285e-17 7.054776186325916495e-17 6.104516138345653909e-17 5.467595711803095129e-17 4.852647856502637480e-17 4.235056118540337699e-17 3.905031465369784002e-17 3.393550633035015303e-17 3.028491831089240178e-17 2.878985762466511515e-17 2.568531964301254006e-17 2.280496917269605782e-17 2.178558901349132398e-17 1.910549438560573105e-17 1.833680081875097371e-17 1.602155301725972286e-17 1.536919720759327061e-17 1.473055584047357174e-17 1.279079140090181865e-17 1.235509534752120016e-17 1.189874719166410444e-17 1.149164824273476488e-17 1.115510909538865727e-17 1.089027286701475519e-17 1.183788264331597608e-17 1.165398012877308284e-17 1.336648011185803836e-17 1.514223789973286940e-17 1.819416792841449827e-17 2.491357306546508801e-17 3.637426120770732715e-17 6.331321892639488165e-17 1.211726781739411680e-16 1.743834944003700848e-16 1.403472613464067680e-16 8.705285967419225658e-17 4.926436873412686808e-17 2.432039002382792642e-17 2.960532557124928506e-17 5.833219340757879205e-17 2.776080527603891371e-17
3.239662181180705976e-14 3.066209805679098618e-14 2.902479610081547089e-14 2.747864519484815236e-14 2.601803737968080392e-14 2.463778234854878914e-14 2.333306758806073531e-14 2.209942314011058716e-14 2.093269040759299810e-14 1.982899448846872510e-14 1.878471959807142653e-14 1.779648718535874032e-14 1.686113640364773774e-14 1.597570664299184810e-14 1.513742186542796514e-14 1.434367652179409633e-14 1.359202285685252447e-14 1.288015943551053652e-14 1.220592074506315385e-14 1.156726774759134055e-14 1.096227927326555090e-14 1.046383396067303990e-14 9.579486046186876441e-15 8.366509646570952998e-15 7.201862837649875411e-15 6.321204906160097418e-15 5.529236613695161456e-15 4.765439172658281130e-15 4.165622842295554778e-15 3.793790486636478907e-15 3.571009621505944628e-15 3.325219766049996807e-15 2.986810709585526942e-15 2.609264319067757051e-15 2.274084579252082977e-15 2.001932893053686918e-15 1.786922432698127751e-15 1.667756216489430524e-15 1.571305522733799149e-15 1.507958100743648427e-15 1.451110883717067094e-15 1.357395095407416902e-15 1.269095493992446416e-15 1.167872533048608505e-15 1.063189205827266767e-15 9.684092418133747094e-16 8.607255738955164321e-16 7.525329810888987061e-16 6.477709510356759572e-16 5.493368985282019300e-16 4.611435591631449798e-16 3.839069507408642089e-16 3.240260974189876573e-16 2.740860212020835622e-16 2.345476786839141725e-16 2.003592300128995337e-16 1.710744957471281580e-16 1.445020977036358867e-16 1.278930792533852400e-16 1.119513141117135903e-16 1.000150641805174099e-16 8.654316303382570684e-17 7.751349505973463146e-17 6.879536486163812365e-17 6.003978445385650800e-17 5.536101777605994772e-17 4.810979321127366893e-17 4.293438445512246499e-17 4.081483652600027088e-17 3.641357027761336687e-17 3.233013658719462486e-17 3.088496771053698062e-17 2.708544313433909997e-17 2.599567294577978459e-17 2.271339015011642761e-17 2.178855358916783405e-17 2.088316098997950254e-17 1.813319835785409643e-17 1.751551861802197303e-17 1.686856169040720190e-17 1.629142469671753270e-17 1.581431900486499366e-17 1.543886509682037375e-17 1.678226541622134286e-17 1.652154960054434600e-17 1.894931501082917913e-17 2.146675907301340977e-17 2.579339898279121729e-17 3.531932208760907536e-17 5.156683644113446010e-17 8.975748409519801336e-17 1.717833093125801221e-16 2.472188908333714495e-16 1.989666339138741645e-16 1.234125705770347408e-16 6.984082622870322422e-17 3.447838861835326080e-17 4.197069377682329144e-17 8.269601571194384395e-17 3.935577019479027768e-17
4.610602647958004924e-14 4.362076297342721675e-14 4.127717979834899456e-14 3.906611207693424404e-14 3.697913034909121742e-14 3.500846578145166405e-14 3.314694419487708424e-14 3.138792785526084239e-14 2.972526407969898706e-14 2.815323981050935875e-14 2.666654141135841628e-14 2.526021902679745928e-14 2.392965492405887646e-14 2.267053532090336035e-14 2.147882525255061652e-14 2.035074610147814027e-14 1.928275545550353091e-14 1.827152900739757775e-14 1.731394424642341105e-14 1.640706572527962611e-14 1.554813171487031143e-14 1.484074367625370110e-14 1.358650520900613627e-14 1.186614313837017492e-14 1.021419330137236931e-14 8.964977585640292784e-15 7.841613971518375124e-15 6.758231010892848535e-15 5.907402784409564432e-15 5.379912338080377848e-15 5.063846703977558404e-15 4.715223327059782405e-15 4.235293393636190070e-15 3.699885267214257935e-15 3.224552366895178642e-15 2.838599667478157701e-15 2.533680360274569466e-15 2.364670539928848815e-15 2.227882021917170883e-15 2.138036790903980279e-15 2.057414922044097107e-15 1.924527401399754998e-15 1.799322457708850698e-15 1.655798614944821998e-15 1.507371032372726058e-15 1.372986637098064981e-15 1.220310053338105837e-15 1.066914112961720549e-15 9.183827289314552128e-16 7.788236417127556058e-16 6.537844536770656011e-16 5.442798687810962708e-16 4.593823412319868095e-16 3.885788616569659486e-16 3.325229643533550730e-16 2.840522141644186069e-16 2.425339877137467340e-16 2.048614161304393846e-16 1.813142267531477473e-16 1.587131760849292428e-16 1.417908688061229903e-16 1.226915843160872646e-16 1.098901027269751673e-16 9.753034816334142873e-17 8.511755800512534915e-17 7.848443846603410708e-17 6.820441837009877232e-17 6.086727397929174184e-17 5.786238144106545916e-17 5.162275529136077531e-17 4.583372510790886708e-17 4.378491471120551904e-17 3.839839515512140954e-17 3.685343549350824665e-17 3.220020890264329464e-17 3.088907918677063957e-17 2.960551704990243289e-17 2.570695825219802032e-17 2.483128293771919306e-17 2.391410357264453863e-17 2.309590701726598522e-17 2.241952285694864709e-17 2.188724825326109714e-17 2.379174552333221106e-17 2.342213264599854131e-17 2.686390323468253023e-17 3.043280812515778646e-17 3.656655708825064158e-17 5.007117804774751394e-17 7.310480049679609380e-17 1.272465566858946095e-16 2.435321538934353163e-16 3.504749826917640925e-16 2.820691977207502137e-16 1.749584276272643653e-16 9.901134289255426818e-17 4.887902295309241351e-17 5.950062867805744166e-17 1.172357204391138658e-16 5.579353576187015992e-17
6.567286162063949333e-14 6.210327216945538728e-14 5.874133045508036150e-14 5.557306662516182319e-14 5.258568950736453054e-14 4.976746285234698089e-14 4.710759602581608966e-14 4.459614755515041758e-14 4.222394004806611493e-14 3.998248512922289261e-14 3.786391717450396887e-14 3.586093475470330415e-14 3.396674882059026458e-14 3.217503678648716501e-14 3.047990175634876540e-14 2.887583625326018161e-14 2.735768987658644646e-14 2.592064039502306689e-14 2.456016784849111860e-14 2.327203128464807434e-14 2.205224780818407587e-14 2.104818145137021995e-14 1.926938163403912763e-14 1.682943123414102986e-14 1.448626527664688389e-14 1.271420304705916208e-14 1.112074805443464652e-14 9.584042827946440164e-15 8.377130409818057547e-15 7.628781403977422317e-15 7.180338123032863888e-15 6.685855181771772343e-15 6.005241382913261236e-15 5.245998050692025077e-15 4.571934426960725725e-15 4.024614995509548553e-15 3.592206078304694493e-15 3.352508217636446160e-15 3.158516359889967473e-15 3.031090799358036008e-15 2.916754024810782620e-15 2.728334601895044129e-15 2.550812710437784309e-15 2.347327885272169052e-15 2.136895515769350100e-15 1.946375458432585757e-15 1.729928249698796349e-15 1.512465187607420945e-15 1.301899644047488696e-15 1.104054583732583161e-15 9.267948048214473897e-16 7.715579690846147089e-16 6.512055175126007746e-16 5.508335582629544858e-16 4.713685579959781198e-16 4.026567847314371429e-16 3.438013439950530730e-16 2.903978948459128641e-16 2.570180830282705004e-16 2.249797599235222557e-16 2.009914287053856779e-16 1.739173826882679924e-16 1.557707260932057179e-16 1.382503369796942585e-16 1.206548720191622189e-16 1.112521919297454510e-16 9.668006536952378502e-17 8.627952774352393023e-17 8.201999593712288784e-17 7.317524896636290727e-17 6.496924223291604069e-17 6.206500913159300075e-17 5.442959465951768295e-17 5.223958695884424750e-17 4.564363338648009401e-17 4.378509221189644912e-17 4.196563218943887057e-17 3.643943566835237197e-17 3.519815936739058225e-17 3.389805397315033411e-17 3.273825769511013487e-17 3.177948067932348557e-17 3.102497885882147614e-17 3.372457974428572454e-17 3.320065079554263318e-17 3.807932141904844202e-17 4.313820267732408018e-17 5.183272318259314356e-17 7.097537683907803862e-17 1.036252854529452018e-16 1.803706346092428726e-16 3.452042027695581112e-16 4.967945450518277697e-16 3.998301233813420356e-16 2.480017742807223090e-16 1.403476080790439116e-16 6.928553056792978765e-17 8.434151479477984879e-17 1.661803824618761033e-16 7.908676389373141608e-17
9.364415384031868940e-14 8.850206669155731894e-14 8.366627850586794763e-14 7.911529242346377477e-14 7.482951111202506548e-14 7.079103370488094807e-14 6.698347557036864374e-14 6.339180879148961506e-14 6.000222123654191854e-14 5.680199218818380027e-14 5.377938263383126209e-14 5.092353848031782834e-14 4.822440512319654397e-14 4.567265197099639757e-14 4.325960567447790273e-14 4.097719097237248831e-14 3.881787818784103040e-14 3.677463652949560290e-14 3.484089247450634423e-14 3.301049258508533742e-14 3.127767021009948013e-14 2.985220129564235600e-14 2.732947088667157907e-14 2.386893060358161173e-14 2.054521490112379066e-14 1.803133150817562821e-14 1.577096765042237466e-14 1.359117268686457514e-14 1.187905669865484543e-14 1.081728169913705738e-14 1.018094416136977430e-14 9.479554007904797317e-15 8.514352666999880240e-15 7.437728547648271271e-15 6.481871543897414112e-15 5.705735693663534224e-15 5.092545369793969583e-15 4.752592419807199773e-15 4.477477010250008245e-15 4.296749990756544683e-15 4.134600200138650722e-15 3.867459587869405823e-15 3.615777574749928922e-15 3.327305485126193338e-15 3.028992893801213650e-15 2.758913119829875764e-15 2.452090236676684343e-15 2.143834460844885368e-15 1.845358204071008211e-15 1.564914834316846988e-15 1.313653111843192625e-15 1.093609424556602526e-15 9.230146113676997650e-16 7.807422190726529224e-16 6.681054825825844169e-16 5.707116795612156969e-16 4.872893636150961000e-16 4.115955916525820754e-16 3.642831110213632673e-16 3.188725389492917834e-16 2.848719553029057507e-16 2.464982338496466263e-16 2.207778292280107651e-16 1.959452533512619484e-16 1.710064554782359678e-16 1.576795407265544664e-16 1.370259909152745215e-16 1.222849804259176905e-16 1.162477370845636643e-16 1.037118667080973305e-16 9.208132486652327292e-17 8.796505160225525535e-17 7.714327499143550647e-17 7.403930983065485188e-17 6.469080221673135232e-17 6.205664993583151811e-17 5.947789510217034714e-17 5.164559067263214002e-17 4.988630783327154063e-17 4.804365126320026441e-17 4.639985772371120968e-17 4.504097078344447393e-17 4.397160456721618111e-17 4.779772781411511017e-17 4.705515420120308142e-17 5.396966349787504173e-17 6.113958279622378515e-17 7.346227437617253008e-17 1.005930504326823097e-16 1.468675812631356186e-16 2.556383310315041201e-16 4.892560192411417559e-16 7.041042413794349842e-16 5.666771729630685364e-16 3.514917113190234613e-16 1.989140669182853592e-16 9.819807764612636233e-17 1.195367923340612365e-16 2.355265652350113079e-16 1.120892866366872094e-16
1.337245131678465015e-13 1.262903490739711126e-13 1.193112547124018683e-13 1.127538644296875219e-13 1.065878764755235053e-13 1.007857262179415101e-13 9.532229300460635613e-14 9.017463872736192147e-14 8.532177564187641469e-14 8.074446078214998048e-14 7.642501428678339972e-14 7.234715904846279502e-14 6.849587926083947302e-14 6.485729563543069221e-14 6.141855527134165194e-14 5.816773437366482909e-14 5.509375221951476054e-14 5.218629494954629386e-14 4.943574795784135852e-14 4.683313577436995766e-14 4.437006851097853448e-14 4.234550557255616540e-14 3.876722128508162445e-14 3.385843784558226139e-14 2.914293099342587169e-14 2.557589169979113609e-14 2.236883468771258440e-14 1.927620911060502502e-14 1.684688038051692996e-14 1.534001037418539037e-14 1.443678397740431428e-14 1.344171959321930695e-14 1.207275002101090749e-14 1.054589827462298519e-14 9.190281042589823772e-15 8.089532483160388867e-15 7.219870392125864415e-15 6.737653194994307930e-15 6.347433323305079563e-15 6.091066315518145600e-15 5.861075926880357371e-15 5.482297016547022999e-15 5.125451435804040393e-15 4.716477326632151006e-15 4.293567816092474209e-15 3.910691759155769863e-15 3.475746986211159720e-15 3.038783761440866435e-15 2.615687346129804019e-15 2.218155852227674264e-15 1.861993635556857155e-15 1.550084638148284796e-15 1.308271040676034337e-15 1.106605271272245792e-15 9.469488138724684380e-16 8.088999948623114195e-16 6.906563322778950632e-16 5.833686847924367836e-16 5.163082154382743833e-16 4.519443731840421021e-16 4.037528907702632882e-16 3.493639315787008889e-16 3.129090931509933178e-16 2.777129436885576385e-16 2.423665780310902081e-16 2.234778399559086205e-16 1.942053167413340863e-16 1.733127244331382377e-16 1.647559402164627474e-16 1.469888405669986666e-16 1.305049119979730649e-16 1.246708518491568003e-16 1.093332791060179136e-16 1.049339991994695551e-16 9.168452118983988202e-17 8.795113901141576773e-17 8.429628396377436599e-17 7.319574187029217792e-17 7.070232241438027513e-17 6.809074836760794822e-17 6.576102233101759614e-17 6.383508966109305578e-17 6.231948890646321508e-17 6.774210317946583701e-17 6.668965902026956869e-17 7.648933519772349469e-17 8.665099195475927996e-17 1.041154871594129060e-16 1.425669478326755857e-16 2.081501509685737118e-16 3.623069643465497992e-16 6.934047924980849528e-16 9.979014901068585383e-16 8.031312271222367707e-16 4.981567263703294808e-16 2.819139949646666737e-16 1.391727060111895751e-16 1.694152039462848640e-16 3.338032899269239390e-16 1.588601672294200944e-16
1.913265575831224836e-13 1.805318748512356372e-13 1.704184435353021066e-13 1.609341345870750085e-13 1.520317301369295808e-13 1.436684173964472443e-13 1.358053250939899685e-13 1.284071036586566263e-13 1.214415481765193123e-13 1.148792618284627947e-13 1.086933568003560131e-13 1.028591893353933937e-13 9.735412553573970477e-14 9.215733461933555088e-14 8.724960653170881197e-14 8.261319105696030188e-14 7.823165583823120031e-14 7.408976098214770079e-14 7.017334818977048308e-14 6.646924257377417133e-14 6.296516557912244426e-14 6.008784458881666856e-14 5.501076459586442362e-14 4.804532674253366963e-14 4.135266152094762611e-14 3.628912911963564233e-14 3.173705299634865269e-14 2.734760657265298823e-14 2.389917382658419746e-14 2.175960585472277470e-14 2.047688945761046756e-14 1.906464638232828128e-14 1.712239529249405946e-14 1.495641825157796448e-14 1.303328834023138269e-14 1.147169591817002233e-14 1.023791971816099461e-14 9.553668126396885736e-15 9.000005419236359096e-15 8.636212164590642300e-15 8.309891817767717985e-15 7.772695328295562198e-15 7.266631596836876833e-15 6.686702539519622269e-15 6.087041239859140382e-15 5.544160447076383334e-15 4.927486926452174288e-15 4.307974557700163235e-15 3.708129304378161355e-15 3.144533990688466040e-15 2.639596586800445604e-15 2.197400993926122061e-15 1.854584212782483087e-15 1.568687391960055606e-15 1.342349552317064430e-15 1.146646779569311719e-15 9.790232809412700965e-16 8.269338321820486350e-16 7.318694915412953609e-16 6.406294331507906460e-16 5.723149891545014593e-16 4.952168316656142938e-16 4.435407998077042670e-16 3.936495876454818486e-16 3.435460462780541156e-16 3.167709027095637623e-16 2.752775049239656060e-16 2.456625753395607512e-16 2.335332213768849556e-16 2.083488528796433613e-16 1.849834303225572113e-16 1.767136992491077002e-16 1.549733700813726702e-16 1.487374634884213315e-16 1.299570031672737915e-16 1.246650449825843100e-16 1.194844190232520884e-16 1.037500511761106287e-16 1.002157229083978369e-16 9.651393376385717615e-17 9.321165504188299235e-17 9.048173319987102425e-17 8.833343454784782621e-17 9.601956308960416623e-17 9.452776375048576629e-17 1.084180572944179540e-16 1.228214262920740261e-16 1.475760234347683965e-16 2.020780787214830459e-16 2.950373327461856356e-16 5.135430138610939089e-16 9.828492775586805210e-16 1.414450706521637951e-15 1.138378704566112310e-15 7.061003010635016667e-16 3.995924942877828928e-16 1.972671137035466691e-16 2.401334291878111395e-16 4.731411953375037003e-16 2.251725327379796196e-16
2.743762161324418577e-13 2.586246533074525695e-13 2.439004488350610638e-13 2.301219399796138268e-13 2.172151966206840037e-13 2.051132953528761027e-13 1.937556258028381555e-13 1.830872431260005526e-13 1.730582735327821387e-13 1.636233749962348166e-13 1.547412522951955189e-13 1.463742237254968100e-13 1.384878357959206836e-13 1.310505217484307694e-13 1.240332996171788175e-13 1.174095056369626290e-13 1.111545590408518795e-13 1.052457545867549184e-13 9.966207948730307172e-14 9.438405174956969401e-14 8.939357726856944127e-14 8.530096479087486399e-14 7.809450822468090902e-14 6.820659431365386156e-14 5.870317749554335630e-14 5.151148658121499745e-14 4.504700493879100521e-14 3.881383493342194267e-14 3.391616943192536252e-14 3.087640592266897547e-14 2.905355559791998552e-14 2.704825209061844456e-14 2.429155018485416253e-14 2.121779627733760632e-14 1.848855127195746920e-14 1.627233590705883349e-14 1.452132525274137734e-14 1.354996728796217434e-14 1.276407756869938784e-14 1.224761013785440820e-14 1.178442057481891047e-14 1.102232378346339886e-14 1.030444083084588106e-14 9.481885557262121703e-15 8.631393558895534948e-15 7.861460254299834380e-15 6.986935536385257013e-15 6.108426215853256048e-15 5.257819125993557758e-15 4.458625508952614047e-15 3.742623218655001893e-15 3.115594771164163982e-15 2.629491636582405039e-15 2.224104136392364382e-15 1.903174336641210252e-15 1.625687894105228779e-15 1.388020001946614095e-15 1.172382152187797389e-15 1.037595850932946247e-15 9.082346017266200248e-16 8.113779359823555278e-16 7.020705454941110031e-16 6.288056981916894544e-16 5.580723697842717678e-16 4.870391016556267416e-16 4.490786084814248563e-16 3.902530231764167990e-16 3.482677106414091993e-16 3.310713912098649459e-16 2.953677213134153660e-16 2.622429121594742527e-16 2.505187771315820873e-16 2.196981485402000149e-16 2.108574645388269367e-16 1.842331124141451069e-16 1.767307591956424159e-16 1.693862809613454965e-16 1.470804131021000979e-16 1.420698687714339504e-16 1.368219526129225702e-16 1.321404168314201064e-16 1.282702905595809323e-16 1.252247071318681554e-16 1.361207704627747636e-16 1.340058786898644526e-16 1.536971783130526345e-16 1.741158213853322391e-16 2.092086991750539729e-16 2.864725358618845127e-16 4.182545012656170995e-16 7.280150374652444165e-16 1.393318398812538349e-15 2.005170674297345102e-15 1.613802643557881832e-15 1.000991160351938765e-15 5.664760218708591836e-16 2.796525699340147426e-16 3.404209419529443836e-16 6.707401375024338369e-16 3.192120356734107594e-16
3.945048155796422784e-13 3.714004154056417387e-13 3.498545634000179721e-13 3.297398561787393640e-13 3.109406058649500830e-13 2.933519677564633220e-13 2.768790169155030982e-13 2.614358275741675455e-13 2.469445890071962607e-13 2.333347773998976433e-13 2.205423936592832485e-13 2.085092707303643117e-13 1.971824498777740676e-13 1.865136228775986912e-13 1.764586356343403073e-13 1.669770480377734245e-13 1.580317446538655979e-13 1.495885909264753406e-13 1.416161298331864722e-13 1.340853143062587601e-13 1.269692711453138327e-13 1.211429301196527731e-13 1.109105248045524700e-13 9.686857308882311856e-14 8.336763097059754437e-14 7.314787573122328826e-14 6.396291573606925917e-14 5.510722999412187387e-14 4.814753767374385678e-14 4.382610772018863373e-14 4.123387080686639232e-14 3.838508354282052433e-14 3.447097300133321158e-14 3.010757692556239530e-14 2.623302024150449145e-14 2.308668578553718156e-14 2.060073647513199792e-14 1.922122803533440731e-14 1.810527247379734802e-14 1.737173925248342591e-14 1.671401784649052484e-14 1.563260588619653690e-14 1.461401822588847382e-14 1.344711224884962909e-14 1.224066610789998451e-14 1.114854434392216940e-14 9.908179128652901839e-15 8.662236679089868223e-15 7.455889841524993341e-15 6.322475590524412784e-15 5.307066051478168741e-15 4.417846573120244270e-15 3.728493084352615188e-15 3.153613097113713961e-15 2.698513344117557641e-15 2.305028432008500797e-15 1.968016549311696978e-15 1.662251820191104522e-15 1.471129658342465943e-15 1.287705110045647699e-15 1.150370279875980952e-15 9.953865450545560619e-16 8.915061658356199108e-16 7.912170597238482978e-16 6.905046518725350357e-16 6.366824354551011326e-16 5.532798207053829759e-16 4.937533545304642442e-16 4.693717376820562340e-16 4.187520643067213016e-16 3.717889100084122862e-16 3.551663814197781722e-16 3.114705705269511040e-16 2.989363274584027262e-16 2.611900522878088909e-16 2.505534440439655355e-16 2.401407395356345216e-16 2.085172074846206824e-16 2.014134744562879438e-16 1.939732674956711778e-16 1.873360550549693301e-16 1.818492076307238725e-16 1.775313390754114126e-16 1.929785787364732951e-16 1.899801795979512709e-16 2.178964181980284085e-16 2.468437934336092305e-16 2.965947824262360625e-16 4.061314051401948790e-16 5.929581328869130186e-16 1.032104323380946964e-15 1.975302095173067393e-15 2.842723341547618842e-15 2.287883154133314256e-15 1.419102924873925425e-15 8.030926360655278539e-16 3.964631431754564441e-16 4.826137269336448923e-16 9.509059252168350331e-16 4.525461867860109912e-16
5.688465133178472149e-13 5.347855593283924797e-13 5.030958063611245758e-13 4.735815739176224433e-13 4.460635678329211116e-13 4.203783458289688513e-13 3.963774280396815533e-13 3.739262164826262910e-13 3.529028350625820815e-13 3.331969634594075816e-13 3.147087111540160824e-13 2.973475588827312010e-13 2.810313818180163082e-13 2.656855601333264731e-13 2.512421769999610021e-13 2.376393005951577987e-13 2.248203446958835465e-13 2.127335014160454815e-13 2.013312392797485520e-13 1.905698598742473825e-13 1.804091066306493174e-13 1.721067943920077483e-13 1.575740613866130291e-13 1.376265043597876333e-13 1.184381982587273503e-13 1.039078677745163293e-13 9.085124182061775339e-14 7.826374588301253998e-14 6.836864361567086182e-14 6.222117555293292516e-14 5.853210448477602016e-14 5.448318576708360421e-14 4.892399859981902354e-14 4.272828202736536216e-14 3.722629277603381364e-14 3.275822194031807393e-14 2.922784425101455133e-14 2.726794449149372970e-14 2.568275704500184493e-14 2.464051144662853536e-14 2.370623974000193988e-14 2.217148896742374464e-14 2.072605257579557445e-14 1.907050265037574438e-14 1.735902086387023132e-14 1.580981064536191943e-14 1.405052080774249469e-14 1.228345413891349447e-14 1.057258642842957431e-14 8.965184059465009844e-15 7.525176705388545885e-15 6.264145088457400577e-15 5.286573197749806266e-15 4.471352062207687982e-15 3.826007189333794083e-15 3.268050640855582570e-15 2.790188308898847200e-15 2.356648121714468963e-15 2.085655890201854521e-15 1.825587280245206217e-15 1.630868162345038479e-15 1.411135093758523036e-15 1.263854836512847402e-15 1.121669665115261653e-15 9.788879096149532436e-16 9.025812744433686348e-16 7.843426106581789615e-16 6.999529776583063589e-16 6.653861245441343995e-16 5.936248090370088888e-16 5.270476909946032021e-16 5.034819694054735875e-16 4.415377984719493329e-16 4.237682410243679847e-16 3.702587779392880899e-16 3.551797535192254770e-16 3.404182802924315084e-16 2.955889735552724213e-16 2.855184586405854701e-16 2.749710574801607064e-16 2.655620201115045535e-16 2.577837534029130194e-16 2.516626341050479526e-16 2.735598964269425570e-16 2.693092609552842941e-16 3.088821217082919128e-16 3.499166529432983992e-16 4.204415630976666588e-16 5.757162293299890794e-16 8.405541708854030438e-16 1.463069891890117777e-15 2.800108630862921441e-15 4.029731182806321288e-15 3.243213446157405547e-15 2.011666034190398099e-15 1.138434927818779029e-15 5.620115651153852543e-16 6.841342618163121580e-16 1.347966325178146251e-15 6.415121656611477267e-16
8.227557023729127494e-13 7.723290160576743678e-13 7.255001051519810973e-13 6.819789662685575195e-13 6.414946050022797940e-13 6.037965159014578769e-13 5.686549198172380970e-13 5.358601947094014869e-13 5.052218141692643886e-13 4.765670142860736322e-13 4.497393396319249766e-13 4.245971682903553222e-13 4.010122793392638567e-13 3.788685007905966745e-13 3.580604584260436021e-13 3.384924342481778199e-13 3.200773356153594605e-13 3.027357713515424614e-13 2.863952283207867881e-13 2.709893404919307142e-13 2.564572419394724612e-13 2.446134891533507244e-13 2.239674356830164134e-13 1.956203306637546663e-13 1.683349251354893634e-13 1.476630164589090512e-13 1.290919715771748024e-13 1.111899854878126387e-13 9.711239659998107353e-14 8.836036028684002347e-14 8.310561998774790947e-14 7.734779338207977451e-14 6.944922518658738055e-14 6.064912847679152418e-14 5.283365402032282931e-14 4.648650971003776885e-14 4.147120399297711525e-14 3.868546407673742882e-14 3.643282677813293170e-14 3.495123308892376889e-14 3.362359150640457223e-14 3.144509905771252730e-14 2.939366049259168296e-14 2.704466624660016570e-14 2.461661196486361256e-14 2.241893082199857030e-14 1.992361102583786272e-14 1.741750171538415239e-14 1.499117174145291916e-14 1.271163041574185678e-14 1.066955499458238560e-14 8.881318881333073883e-15 7.495090910935248157e-15 6.339109989428343047e-15 5.424047550030694478e-15 4.632926727149886495e-15 3.955399732653879931e-15 3.340741988317576590e-15 2.956534450957765422e-15 2.587830764443845121e-15 2.311776193549508597e-15 2.000276210526966309e-15 1.791486338831100340e-15 1.589925637883231959e-15 1.387525645282431612e-15 1.279353804541637181e-15 1.111749682868222155e-15 9.921270786419528225e-16 9.431257802128734981e-16 8.414062351434287047e-16 7.470360565912672687e-16 7.136310936537403545e-16 6.258297460231332684e-16 6.006413642697460214e-16 5.247965239576349969e-16 5.034225079677757280e-16 4.824988526184869677e-16 4.189582546893153431e-16 4.046838465196137724e-16 3.897336806605147667e-16 3.763971003145240120e-16 3.653719958225734130e-16 3.566957349752046588e-16 3.877315318511718762e-16 3.817064995903251882e-16 4.377948401593824202e-16 4.959548267246747856e-16 5.959129396026078846e-16 8.159909568713471774e-16 1.191358041841020757e-15 2.073678436203306819e-15 3.968725547423440768e-15 5.711529442655795732e-15 4.596763308583392349e-15 2.851234044701086057e-15 1.613563007802241588e-15 7.965678965125136104e-16 9.696565257722402936e-16 1.910536758778374214e-15 9.092470072733498881e-16
1.193798916999445711e-12 1.118968581616238675e-12 1.049530342936768840e-12 9.850851435940061964e-13 9.252445439066224901e-13 8.696388740065762540e-13 8.179219066764592679e-13 7.697730673205207441e-13 7.248979618931238845e-13 6.830278037210455414e-13 6.439181596507953594e-13 6.073473121763793134e-13 5.731144411418892383e-13 5.410377608314761399e-13 5.109526993309163039e-13 4.827101728630166216e-13 4.561749841606066533e-13 4.312243580167478222e-13 4.077466167459967610e-13 3.856399917206419746e-13 3.648115632440238495e-13 3.478906932449693719e-13 3.185469852600288472e-13 2.782411527507724575e-13 2.394127293016939526e-13 2.099769515721549377e-13 1.835400881677084991e-13 1.580586547404394995e-13 1.380120880610875834e-13 1.255379545795818530e-13 1.180435888762079822e-13 1.098488302335447474e-13 9.861985966850854364e-14 8.611438852803383255e-14 7.500681451047675725e-14 6.598545734032317309e-14 5.885669173868813731e-14 5.489435282108264747e-14 5.169117827675730940e-14 4.958348532085290917e-14 4.769563914804256380e-14 4.460236195681778372e-14 4.168999122084112314e-14 3.835636053738541424e-14 3.491107101734622707e-14 3.179295909542623809e-14 2.825323156800505271e-14 2.469863266120055625e-14 2.125732834077440320e-14 1.802431694485001856e-14 1.512823048822450998e-14 1.259220129224730966e-14 1.062636299907750096e-14 8.987093815729377604e-15 7.689527098676158740e-15 6.567764448362915657e-15 5.607123334464011296e-15 4.735672706263313608e-15 4.190941837234700834e-15 3.668222272185403317e-15 3.276857009703244637e-15 2.835271277359085566e-15 2.539286414718765708e-15 2.253560970992254592e-15 1.966657389465814919e-15 1.813316518524212710e-15 1.575745133086144267e-15 1.406185894137358342e-15 1.336724072736484142e-15 1.192545849020334724e-15 1.058786348346472266e-15 1.011435561345556037e-15 8.869899768159759941e-16 8.512867043752675974e-16 7.437893919934614808e-16 7.134937543505192775e-16 6.838369013729661101e-16 5.937804168574702097e-16 5.735481845049434885e-16 5.523585163097348523e-16 5.334559394499579933e-16 5.178295019151770470e-16 5.055321319855444230e-16 5.495172689867294683e-16 5.409775470874513988e-16 6.204686077735966409e-16 7.028956273292437022e-16 8.445611681186977390e-16 1.156467035766973936e-15 1.688456429044335718e-15 2.938925970079904261e-15 5.624683762433126913e-15 8.094679567222480806e-15 6.514779482918341835e-15 4.040926198241225013e-15 2.286835384699300761e-15 1.128941816042895247e-15 1.374249126653561474e-15 2.707713148988197733e-15 1.288635019251067172e-15
1.737236886898325057e-12 1.626351541399171192e-12 1.523320256424565565e-12 1.427677349567128990e-12 1.338924945918871141e-12 1.256558722421023234e-12 1.180085409399756600e-12 1.109033989831223623e-12 1.042962254570759865e-12 9.814600506408153351e-13 9.241502561975188653e-13 8.706882552168086037e-13 8.207604738845910697e-13 7.740823770299092277e-13 7.303961993667568150e-13 6.894685956785306890e-13 6.510883289219048627e-13 6.150640690532333181e-13 5.812223436542980316e-13 5.494056598475728652e-13 5.194708028299576063e-13 4.952493473807202346e-13 4.535167011897113311e-13 3.961599595204384122e-13 3.408453021214630283e-13 2.988765076233802670e-13 2.611961815128613325e-13 2.248825020403422340e-13 1.962979387105807728e-13 1.784905685020303516e-13 1.677831662530368576e-13 1.561059869430896053e-13 1.401279160383612090e-13 1.223427580111602563e-13 1.065432640262957495e-13 9.371007445516523070e-14 8.356844493118526495e-14 7.792660884383478594e-14 7.336733914006994049e-14 7.036567307647742410e-14 6.767861519682121095e-14 6.328384399622120335e-14 5.914700032592769294e-14 5.441390180455705678e-14 4.952324823499773415e-14 4.509755064997255001e-14 4.007466089991129743e-14 3.503145119096830062e-14 3.014923107132019741e-14 2.556269955580411856e-14 2.145438873787432097e-14 1.785695410906100628e-14 1.506848369950593719e-14 1.274333110474725699e-14 1.090296227146993931e-14 9.312036962174470929e-15 7.949713916283955177e-15 6.713966217350713602e-15 5.941502880593277322e-15 5.200306999174785265e-15 4.645372575074371753e-15 4.019284189571859292e-15 3.599627410727991759e-15 3.194537032225667881e-15 2.787797357832180395e-15 2.570396111767362816e-15 2.233609942543279702e-15 1.993240023886490506e-15 1.894760940110244372e-15 1.690379345375142791e-15 1.500769948135526203e-15 1.433643079334349306e-15 1.257242524396755140e-15 1.206629024103254106e-15 1.054255521231611174e-15 1.011309714129934060e-15 9.692702255207213932e-16 8.416214108282750579e-16 8.129417608502991980e-16 7.829055938393420868e-16 7.561114876250716307e-16 7.339612105055542097e-16 7.165297239887592843e-16 7.788718211049965585e-16 7.667666252151744827e-16 8.794337377008396394e-16 9.962620143714283074e-16 1.197052771970630639e-15 1.639135896952260540e-15 2.393156564145233955e-15 4.165522576845539516e-15 7.972209699957850650e-15 1.147309304561073757e-14 9.233811366197924537e-15 5.727469614270609770e-15 3.241290410277815298e-15 1.600126546486339237e-15 1.947810519594552214e-15 3.837810496345189130e-15 1.826466883540566349e-15
2.532674679584265069e-12 2.369684510667175200e-12 2.217502766511179505e-12 2.075807615015533036e-12 1.944118006654344564e-12 1.821857439668057964e-12 1.708401962851243984e-12 1.603114713022778668e-12 1.505369606216475811e-12 1.414566678112556849e-12 1.330141233211319477e-12 1.251568559242064607e-12 1.178365573540363096e-12 1.110090428981950949e-12 1.046340830128639790e-12 9.867515937188402943e-13 9.309918240616531568e-13 8.787619527201977812e-13 8.297908049316887770e-13 7.838327932048313303e-13 7.406652957880354246e-13 7.059108566731114233e-13 6.465116799916118102e-13 5.648060612244803692e-13 4.858956733073655227e-13 4.259588364317337709e-13 3.721680446990516203e-13 3.203359270193905127e-13 2.795059699905333597e-13 2.540327657766902125e-13 2.386997982023517142e-13 2.220339191853254860e-13 1.992708654552283615e-13 1.739501045795351746e-13 1.514518839845400579e-13 1.331754914583638088e-13 1.187309455819537113e-13 1.106865013163612671e-13 1.041885622177010123e-13 9.990752971643687013e-14 9.607793968840476179e-14 8.982906609111527578e-14 8.394857453097852916e-14 7.722434941447686370e-14 7.027806096302793862e-14 6.399309789831875563e-14 5.686228230014509309e-14 4.970403202955300658e-14 4.277473871241842428e-14 3.626544102263549286e-14 3.043527581824165051e-14 2.533029776394347883e-14 2.137352247106873594e-14 1.807434807617952009e-14 1.546323368991230819e-14 1.320620328482004594e-14 1.127365722323876308e-14 9.520830378408642398e-15 8.425112134952231869e-15 7.373843695062693195e-15 6.586768275662159446e-15 5.698875194560767080e-15 5.103727386284297387e-15 4.529274075960780903e-15 3.952520039986272808e-15 3.644224957815956320e-15 3.166693209267579729e-15 2.825872161276286137e-15 2.686222164014225705e-15 2.396443174961164937e-15 2.127614153508433550e-15 2.032431768583062094e-15 1.782341183612844374e-15 1.710576192173194230e-15 1.494555257611499610e-15 1.433665488235330290e-15 1.374062192971966690e-15 1.193098966508027320e-15 1.152437435487850630e-15 1.109853879020848263e-15 1.071866967734550785e-15 1.040463687122721825e-15 1.015750196831227146e-15 1.104123543047291221e-15 1.086961109013354324e-15 1.246674547216365428e-15 1.412286488859399191e-15 1.696921836688616757e-15 2.323608132302237941e-15 3.392489156027768796e-15 5.904951476293323617e-15 1.130121788133940678e-14 1.626399999861602007e-14 1.308966053522048316e-14 8.119156873724136356e-15 4.594809963635528017e-15 2.268316229498518397e-15 2.761175692565411971e-15 5.440394584975419094e-15 2.589166256031194743e-15
3.690266173047160667e-12 3.455141059958970593e-12 3.233332716034455786e-12 3.025248797751769112e-12 2.830849618490891107e-12 2.649773065842271004e-12 2.481440126710057024e-12 2.325138986739345779e-12 2.180088845306300127e-12 2.045486189512906682e-12 1.920536812265545582e-12 1.804476775993014531e-12 1.696585129931986204e-12 1.596190685821876800e-12 1.502674657667087576e-12 1.415470530462746129e-12 1.334062159786150777e-12 1.257980818179073040e-12 1.186801687377565068e-12 1.120140134083692159e-12 1.057647990520078716e-12 1.007645482858376637e-12 9.230364080458032718e-13 8.065145469056756204e-13 6.937629934561373988e-13 6.079986992764409158e-13 5.310649008463290180e-13 4.569440490890293691e-13 3.985006029660048328e-13 3.619702130081019951e-13 3.399520965325271115e-13 3.161208104228115355e-13 2.836454299884871094e-13 2.475512692046189652e-13 2.154723144284541771e-13 1.894090081921899421e-13 1.688076440668380865e-13 1.573181568456078822e-13 1.480427485083335646e-13 1.419263622355564848e-13 1.364599351764252947e-13 1.275665619227367477e-13 1.192004386632177756e-13 1.096409076672629392e-13 9.976889476768573048e-14 9.083844858498666687e-14 8.071014480387276743e-14 7.054542873738773367e-14 6.070664976002919232e-14 5.146480828260694044e-14 4.318797155805664676e-14 3.594100310867073180e-14 3.032442600422596763e-14 2.564159565151824483e-14 2.193574668953433199e-14 1.873274742437106587e-14 1.599053403181473979e-14 1.350363112746528764e-14 1.194897444507603808e-14 1.045756254493396742e-14 9.340974260057532442e-15 8.081545325283779101e-15 7.237345262928123114e-15 6.422566545458829492e-15 5.604593847029189195e-15 5.167319198153452404e-15 4.490119058830419687e-15 4.006794104185157787e-15 3.808723792379053225e-15 3.397808284527474092e-15 3.016610388640523514e-15 2.881624673049948484e-15 2.527017557234051950e-15 2.425246115378515208e-15 2.118956799477601524e-15 2.032613549235493066e-15 1.948097246684819485e-15 1.691524875578506246e-15 1.633868127950137447e-15 1.573488243498937696e-15 1.519626450535685712e-15 1.475099467317151060e-15 1.440057606277208810e-15 1.565342231746008821e-15 1.541006678701470238e-15 1.767431290300715918e-15 2.002217757045545547e-15 2.405744281841820153e-15 3.294198220738987629e-15 4.809551563685527325e-15 8.371471381878595014e-15 1.602176377377824019e-14 2.305753307606523834e-14 1.855728916319163735e-14 1.151060194351220140e-14 6.514131392503621811e-15 3.215822962418597167e-15 3.914534539146126011e-15 7.712868100965709896e-15 3.670684328396574665e-15
5.352581158530817111e-12 5.024872785576799187e-12 4.710082724409751721e-12 4.410543528089370470e-12 4.127652634897331531e-12 3.862039424703401267e-12 3.613739432625301852e-12 3.382355594360037038e-12 3.167196016550137393e-12 2.967384780782354529e-12 2.781946697888087927e-12 2.609869243420800123e-12 2.450145774617903142e-12 2.301804125981974968e-12 2.163924229006013036e-12 2.035647777329734447e-12 1.916182321042734577e-12 1.804801602043243003e-12 1.700843466828851655e-12 1.603706316148228526e-12 1.512844762748952250e-12 1.440694035461147719e-12 1.320104239889631714e-12 1.153744378441407583e-12 9.923540208855105435e-13 8.693585905003181107e-13 7.590858823191317445e-13 6.528608645277389618e-13 5.689988096780229743e-13 5.164546516624118412e-13 4.847304167781421119e-13 4.505761577290432499e-13 4.041685796610861313e-13 3.526443018320136180e-13 3.068363207375966991e-13 2.696109553280387427e-13 2.401819553816640327e-13 2.237396521904199667e-13 2.104754157056986601e-13 2.017187561628782135e-13 1.939016629394546064e-13 1.812318794163021424e-13 1.693186268398915089e-13 1.557186343880751851e-13 1.416799297801061037e-13 1.289832653149314319e-13 1.145908999789692550e-13 1.001514186998977208e-13 8.617643420336501241e-14 7.305041566779284083e-14 6.129638050185711091e-14 5.100550568571355227e-14 4.303056756261795113e-14 3.638197545748507319e-14 3.112111403677273120e-14 2.657466674588749590e-14 2.268282130151825532e-14 1.915385530538118238e-14 1.694765811414667901e-14 1.483153305284381681e-14 1.324726752213072124e-14 1.146067034496108318e-14 1.026307910272264108e-14 9.107346908630923747e-15 7.947210276164934529e-15 7.326946972238726726e-15 6.366563635538552178e-15 5.681131343749189085e-15 5.400180690542561170e-15 4.817483471230412095e-15 4.276945248421596886e-15 4.085503061657530933e-15 3.582706606615218748e-15 3.438377940311567368e-15 3.004109249250686620e-15 2.881670930747627910e-15 2.761828250542799089e-15 2.398067823279704136e-15 2.316312455744911409e-15 2.230699863124487698e-15 2.154330075381254138e-15 2.091195709445986264e-15 2.041509502910538604e-15 2.219111602956697206e-15 2.184605057527042069e-15 2.505587539461709524e-15 2.838423178412104547e-15 3.410469531772124022e-15 4.669963021419350202e-15 6.818162999741945248e-15 1.186762359043839791e-14 2.271285873879933938e-14 3.268698164064989339e-14 2.630736611598173312e-14 1.631781750719282291e-14 9.234702229118854547e-15 4.558878047010450665e-15 5.549359807110275444e-15 1.093397110866154784e-14 5.203685842618059657e-15
7.686133526613882388e-12 7.253903504508213926e-12 6.826862459923854288e-12 6.410942121356044592e-12 6.010673456044709413e-12 5.629224906574276534e-12 5.268551377206843343e-12 4.929600016087534747e-12 4.612530832264971020e-12 4.316924364147809051e-12 4.041961257329077297e-12 3.786568066829841154e-12 3.549529696156731820e-12 3.329572203823524420e-12 3.125421062574512931e-12 2.935840098017486569e-12 2.759655830676998291e-12 2.595771176895466831e-12 2.443171652477234402e-12 2.300926482850843043e-12 2.168186401011423598e-12 2.063754869182301784e-12 1.891824889728292400e-12 1.654045541568362689e-12 1.422571487092539349e-12 1.245717193598409523e-12 1.087249029758644532e-12 9.346146976987153581e-13 8.139157804938092125e-13 7.380596192256820348e-13 6.921614082897734250e-13 6.430771326637683751e-13 5.766281560812212112e-13 5.029512511486980095e-13 4.374195064817214269e-13 3.841514465222298457e-13 3.420306933801887772e-13 3.184431989193816619e-13 2.994321404928208812e-13 2.868634673243846929e-13 2.756598060832056715e-13 2.575881709484700389e-13 2.406054237659849679e-13 2.212411999942005323e-13 2.012629541046013692e-13 1.832000867136964096e-13 1.627381609818340534e-13 1.422176342008364722e-13 1.223599283813398130e-13 1.037105150460564222e-13 8.701294795381360681e-14 7.239505814224461473e-14 6.106820711342943840e-14 5.162611546353692931e-14 4.415595901689847337e-14 3.770125072770515954e-14 3.217688283457731436e-14 2.716857802596715506e-14 2.403733981419288905e-14 2.103452622933770447e-14 1.878648449961794511e-14 1.625195394216402712e-14 1.455295357596700235e-14 1.291355961911444212e-14 1.126814793124522115e-14 1.038829788991666236e-14 9.026366548023007101e-15 8.054352132302424685e-15 7.655832842987144764e-15 6.829593029643365507e-15 6.063165774269197131e-15 5.791660383797161313e-15 5.078812884038814461e-15 4.874138521512608666e-15 4.258480283564555244e-15 4.084868395483833582e-15 3.914946117788946884e-15 3.399278928463273401e-15 3.283361486495351616e-15 3.161982565572961991e-15 3.053709308340904625e-15 2.964200115935880424e-15 2.893755884359120192e-15 3.145483686561802709e-15 3.096559281986007523e-15 3.551520116691288743e-15 4.023280378715415847e-15 4.834102915071409728e-15 6.619327757991664097e-15 9.664216610316984528e-15 1.682139423067226510e-14 3.219358969232959641e-14 4.633114775412402588e-14 3.728865248111336764e-14 2.312932250944848728e-14 1.308960975439878954e-14 6.461912878975475175e-15 7.865785648020357068e-15 1.549801981668391291e-14 7.375847072130660323e-15
1.085939857588300838e-11 1.033278023941276556e-11 9.791519503147137058e-12 9.245999146254134706e-12 8.705545802065535216e-12 8.177940563543708981e-12 7.669209526102355008e-12 7.183639523071898136e-12 6.723946684604388377e-12 6.291527790587729807e-12 5.886738365607397554e-12 5.509159330827963951e-12 5.157830561959803367e-12 4.831442410045926818e-12 4.528484644058571247e-12 4.247357002654679538e-12 3.986447609672548515e-12 3.744185893721961763e-12 3.519076118174369906e-12 3.309716691133881437e-12 3.114809396675252329e-12 2.963175027047616396e-12 2.718050525892784775e-12 2.377803933517464298e-12 2.045027201596205965e-12 1.789909101702750159e-12 1.561448355070625872e-12 1.341403226563906484e-12 1.167021943743529897e-12 1.056999796745695902e-12 9.902472880372774313e-13 9.194558860948794924e-13 8.240640889897821325e-13 7.184734964410769907e-13 6.245019105590528105e-13 5.480888385725013347e-13 4.876494901031469340e-13 4.537044022361395449e-13 4.263766653186154015e-13 4.082766411256976982e-13 3.921722161338378523e-13 3.663536757663876843e-13 3.421086391378948222e-13 3.145056698059674040e-13 2.860468014699564925e-13 2.603264054670354909e-13 2.312141565942188703e-13 2.020337405725112017e-13 1.738007918651373598e-13 1.472893085419565496e-13 1.235570941625432736e-13 1.027827713083906351e-13 8.668787449382668559e-14 7.327281715393000311e-14 6.266145094745809496e-14 5.349436374589912187e-14 4.565033877921747404e-14 3.854081732333614667e-14 3.409548576652138033e-14 2.983354221930106964e-14 2.664295261642830830e-14 2.304688324599447484e-14 2.063618373433258355e-14 1.831046423569353078e-14 1.597662746864617733e-14 1.472840404068376346e-14 1.279696637648388761e-14 1.141850178802076075e-14 1.085315181914876044e-14 9.681574276337517686e-15 8.594868784007107512e-15 8.209794029874482466e-15 7.199178789192834156e-15 6.908916101801374301e-15 6.036147751532085112e-15 5.789972659705081199e-15 5.549046112312106764e-15 4.818085655599368781e-15 4.653733649446983384e-15 4.481651982549066951e-15 4.328153294766038973e-15 4.201255575669779949e-15 4.101384093379738520e-15 4.458134357416217579e-15 4.388769476335425368e-15 5.033561457069184743e-15 5.702160224120563178e-15 6.851302951007659546e-15 9.381440727477230238e-15 1.369685389723537798e-14 2.384047068841384183e-14 4.562695167546541620e-14 6.566378463894338845e-14 5.284828589071076473e-14 3.278076223646957155e-14 1.855182227043252195e-14 9.158410816200010776e-15 1.114798056976578173e-14 2.196489480633859614e-14 1.045365184900483406e-14
1.501823299975001175e-11 1.443884874051867013e-11 1.381312170429260309e-11 1.315324081708284138e-11 1.247257701199522519e-11 1.178435955457321001e-11 1.110063256417913342e-11 1.043157340223470768e-11 9.785170663838285714e-12 9.167200374628955544e-12 8.581411252450612834e-12 8.029828934200401294e-12 7.513104791102156192e-12 7.030857182371917001e-12 6.581974464470822660e-12 6.164866056848729028e-12 5.777659388313996503e-12 5.418347239291830172e-12 5.084893096701709323e-12 4.775302917719636614e-12 4.487671172703725085e-12 4.266858191363887081e-12 3.917615444903960189e-12 3.430237383706137978e-12 2.950507353520954661e-12 2.581043895378306755e-12 2.250356149764021199e-12 1.931799886352688216e-12 1.678630830020191004e-12 1.518106182484670560e-12 1.420379937942654331e-12 1.317811657555565013e-12 1.180402934087327420e-12 1.028622036071709173e-12 8.934399519696786469e-13 7.834638974657687217e-13 6.964450595083742925e-13 6.473899227013362526e-13 6.079545062825678392e-13 5.817751652526081826e-13 5.585364762209514470e-13 5.215674200005268359e-13 4.868838954950240042e-13 4.474731206584702042e-13 4.068756231853606444e-13 3.702028006344233753e-13 3.287379939625494946e-13 2.872037056683210769e-13 2.470269938260483015e-13 2.093064843168156985e-13 1.755485891397825068e-13 1.460018435142828463e-13 1.231146733476257099e-13 1.040413010402926202e-13 8.895779896862791591e-14 7.593057465584342751e-14 6.478674272176582450e-14 5.468957036748827799e-14 4.837541170623554845e-14 4.232368407514408380e-14 3.779337824351780207e-14 3.268939829295264657e-14 2.926763412597254273e-14 2.596723172363459320e-14 2.265607781342618930e-14 2.088467949852946080e-14 1.814500446381998675e-14 1.618971319999033759e-14 1.538743852613848809e-14 1.372589395518881105e-14 1.218482568923019523e-14 1.163854046054613383e-14 1.020559690069398833e-14 9.793864333388244525e-15 8.556482690718175084e-15 8.207353436264660497e-15 7.865698843285331353e-15 6.829475025636744859e-15 6.596415350589270476e-15 6.352420099758102085e-15 6.134778904147516739e-15 5.954853043851265052e-15 5.813243076368317115e-15 6.318842340974312949e-15 6.220483272147924535e-15 7.134339915292806923e-15 8.081933954378371336e-15 9.710614185749399982e-15 1.329661176961781287e-14 1.941289846224905964e-14 3.378957247635576088e-14 6.466783632658230779e-14 9.306658902056693231e-14 7.490322490630680868e-14 4.646127060967839878e-14 2.629440390966768282e-14 1.298063093954870086e-14 1.580031209690836278e-14 3.113128860506118376e-14 1.481631004236787836e-14
2.028845662501250327e-11 1.971909275041843274e-11 1.907137753581799856e-11 1.835148559386557494e-11 1.757077296768542114e-11 1.674419073658987311e-11 1.588848164127176821e-11 1.502047065266810871e-11 1.415568043272891509e-11 1.330739284617604857e-11 1.248616972040865337e-11 1.169976577160420257e-11 1.095332506755106019e-11 1.024974604013672318e-11 9.590117060263140707e-12 8.974151869121940625e-12 8.400581802813271520e-12 7.867484297636998207e-12 7.372542873743567226e-12 6.913243190430269101e-12 6.487014347625006466e-12 6.164868132222548008e-12 5.668310698485234901e-12 4.969813899793607163e-12 4.276212090649006319e-12 3.738711643769181331e-12 3.257760386985904691e-12 2.794225831305762915e-12 2.424444121301924762e-12 2.188504236389496939e-12 2.044254287206533393e-12 1.894780666415096032e-12 1.695983009435849706e-12 1.476963831193259358e-12 1.281700019037713745e-12 1.122743310993103726e-12 9.969056477489444399e-13 9.256330155731525665e-13 8.684398767265436507e-13 8.303628593666621998e-13 7.966616092776756984e-13 7.435696847210079243e-13 6.938192137401016779e-13 6.374273585915424577e-13 5.794019226802092674e-13 5.270188711906644169e-13 4.678717221065694639e-13 4.086756645935581348e-13 3.514308893276791968e-13 2.976975953292689957e-13 2.496240571245948835e-13 2.075541488548519291e-13 1.749738010690471918e-13 1.478279037145887471e-13 1.263669979132263036e-13 1.078377631933607414e-13 9.199315971601666912e-14 7.764247216834942455e-14 6.866697011227177150e-14 6.006806792474809447e-14 5.363121684156596737e-14 4.638305925007312752e-14 4.152341472575261977e-14 3.683748760928946371e-14 3.213770243804373177e-14 2.962254050129670850e-14 2.573494486756105897e-14 2.296040247940131538e-14 2.182132822060449411e-14 1.946413609984141677e-14 1.727806195532389308e-14 1.650274710780756772e-14 1.447045710335284205e-14 1.388619424536356643e-14 1.213146359787027855e-14 1.163615844810099133e-14 1.115151517308418610e-14 9.682242998482448930e-15 9.351653920149506199e-15 9.005600121072458984e-15 8.696933449583072878e-15 8.441753639274717828e-15 8.240907952948028826e-15 8.957551804139927290e-15 8.818040003912824249e-15 1.011341760121703311e-14 1.145661111486846021e-14 1.376526435765210063e-14 1.884847360570488441e-14 2.751839965726099299e-14 4.789755500789362754e-14 9.166799185533492358e-14 1.319241968014538103e-13 1.061777104392994258e-13 6.586079739053662076e-14 3.727393033498916593e-14 1.840078342384262683e-14 2.239743700088593368e-14 4.412938424959415240e-14 2.100273955869762324e-14
2.683773562026772739e-11 2.632320412977687748e-11 2.572002226942930390e-11 2.501876515950833861e-11 2.421797614267544933e-11 2.332417710114862835e-11 2.235072511320748704e-11 2.131589271920606219e-11 2.024060212837724316e-11 1.914622000604998484e-11 1.805272521037991269e-11 1.697742525218585140e-11 1.593425802004259195e-11 1.493360735927450443e-11 1.398250089874970273e-11 1.308504406885889126e-11 1.224296187792954984e-11 1.145615315998582211e-11 1.072319737271690506e-11 1.004178379673380366e-11 9.409054280655494254e-12 8.939374828008062153e-12 8.236728843517937187e-12 7.236507292466685908e-12 6.231097955910633207e-12 5.445324947937032247e-12 4.742068322634850361e-12 4.063542266748360815e-12 3.519521395508737977e-12 3.169646034149657666e-12 2.954612084597229827e-12 2.735234207910382168e-12 2.446074800735260814e-12 2.128522510360184061e-12 1.845032952830405616e-12 1.614056465555279711e-12 1.431083060647601263e-12 1.326835025381258555e-12 1.243367285842727922e-12 1.187599245117764626e-12 1.138419448710868091e-12 1.061889809158563046e-12 9.902846829586045362e-13 9.093755823994115690e-13 8.262406182925289084e-13 7.512493928004636110e-13 6.667224293816732426e-13 5.822170381370388543e-13 5.005272603634683334e-13 4.238700663259335628e-13 3.553143329614950038e-13 2.953321756355386148e-13 2.488930604035574517e-13 2.102098145695585738e-13 1.796393333985561498e-13 1.532557805988539972e-13 1.307053285510232686e-13 1.102915079854560138e-13 9.752107075504485573e-14 8.529298242574108802e-14 7.613987434006501322e-14 6.584009146872177817e-14 5.893365457286414355e-14 5.227659711702681443e-14 4.560243844461309983e-14 4.202902268726364608e-14 3.651016637951474845e-14 3.257141889663273820e-14 3.095316571700738477e-14 2.760785857250793157e-14 2.450577045727880433e-14 2.340486237067637586e-14 2.052174187620236928e-14 1.969228146684452513e-14 1.720329185547138225e-14 1.650034672374295862e-14 1.581264041565815891e-14 1.372891911797445369e-14 1.325983393037087510e-14 1.276889264132446376e-14 1.233101004744814774e-14 1.196900115629257465e-14 1.168405962450982003e-14 1.269994423024199518e-14 1.250200189557442847e-14 1.433839415191588351e-14 1.624256195176254546e-14 1.951547103359507401e-14 2.672189524748149833e-14 3.901316423538551780e-14 6.790451077392653318e-14 1.299575150974091079e-13 1.870293431047844169e-13 1.505294237956967572e-13 9.337248081098715891e-14 5.284508800638754969e-14 2.608759580323408329e-14 3.175310101776075581e-14 6.256238523524501804e-14 2.977610206471626965e-14
3.499660867265444203e-11 3.451519447140133765e-11 3.397130279773131101e-11 3.333980791464594389e-11 3.259940897374153653e-11 3.173656672263072175e-11 3.074762273255582371e-11 2.963911281700069953e-11 2.842655192669821934e-11 2.713214118398001835e-11 2.578193734957323860e-11 2.440301538835397242e-11 2.302104802709442294e-11 2.165855644622528540e-11 2.033390549008114961e-11 1.906097114435084106e-11 1.784932181472906995e-11 1.670472834922078809e-11 1.562983490005954434e-11 1.462486268200940600e-11 1.368826374056251325e-11 1.300716601904113337e-11 1.202240517667079084e-11 1.059524831814538565e-11 9.135899145122319281e-12 7.981902556159656174e-12 6.947852217824953171e-12 5.948048018741353935e-12 5.140993968329696078e-12 4.616746704823628825e-12 4.292464109414304526e-12 3.967761568076532754e-12 3.544452511295483002e-12 3.081385243657156994e-12 2.667246818349701887e-12 2.329430422104324558e-12 2.061584065161638312e-12 1.907848646085445928e-12 1.785096850171446446e-12 1.702721528739681238e-12 1.630403856789443135e-12 1.519586134887017610e-12 1.416096459818133205e-12 1.299626345648882455e-12 1.180168168425547858e-12 1.072520356263401661e-12 9.514550583575877813e-13 8.305876154265445428e-13 7.138024610977991660e-13 6.042515459935618721e-13 5.063276525879749821e-13 4.206718929811080511e-13 3.543790589893007990e-13 2.991754357433580084e-13 2.555700301875034248e-13 2.179564903203536374e-13 1.858266016888182737e-13 1.567600344009970186e-13 1.385711959728924633e-13 1.211667980655716695e-13 1.081397537798917783e-13 9.349363922796036280e-14 8.367127708112607883e-14 7.420818384373274356e-14 6.472554828771900305e-14 5.964536772086201468e-14 5.180769957019690421e-14 4.621403485023893373e-14 4.391356211378709086e-14 3.916446907126660033e-14 3.476133839396977727e-14 3.319735200976136186e-14 2.910640047399973434e-14 2.792834541170033954e-14 2.439731960537687147e-14 2.339936708290913952e-14 2.242324910223140610e-14 1.946782553143314872e-14 1.880204955418458957e-14 1.810541562254987283e-14 1.748410485715121912e-14 1.697044399283590741e-14 1.656611127093477520e-14 1.800613490319924639e-14 1.772522667821332323e-14 2.032854761377447993e-14 2.302793112304872736e-14 2.766778748546031960e-14 3.788421286441264239e-14 5.530931327798553050e-14 9.626806700493091447e-14 1.842396062816558450e-13 2.651510659966445099e-13 2.134069263569114525e-13 1.323765029943143875e-13 7.492144366682659382e-14 3.698566592456996557e-14 4.501663077258072950e-14 8.869458596800576415e-14 4.221432316849138894e-14
4.533662490479906476e-11 4.481005318807525758e-11 4.425737921274965479e-11 4.366027672614018281e-11 4.299001237335874105e-11 4.221466190241827067e-11 4.130606935119807897e-11 4.024516501259394498e-11 3.902503976824166637e-11 3.765172333127376361e-11 3.614296295309709043e-11 3.452553029708510355e-11 3.283172043564622648e-11 3.109572456601573865e-11 2.935044685766173317e-11 2.762513062252743618e-11 2.594392595442665320e-11 2.432533423562392866e-11 2.278234153228132006e-11 2.132300751296667791e-11 1.995129091758372242e-11 1.897684338803462129e-11 1.762102446435113583e-11 1.560188191092882379e-11 1.348643149690764665e-11 1.178602988134829489e-11 1.025781748699441591e-11 8.774471608757133737e-12 7.566040741853650646e-12 6.771150305492335130e-12 6.275593803764341542e-12 5.790224473011331487e-12 5.165771428878524002e-12 4.485827088602929041e-12 3.876252389410349323e-12 3.378231536089866187e-12 2.982894521559871157e-12 2.753899389392844362e-12 2.571669622686289668e-12 2.448728714673806286e-12 2.341389879292615329e-12 2.180013858052527248e-12 2.029669190331046760e-12 1.861321093592933441e-12 1.689050278750666022e-12 1.534008349539896638e-12 1.360138799089607171e-12 1.186858545993287589e-12 1.019532090492049391e-12 8.626431906688932525e-13 7.224948497301267280e-13 5.999440322616340848e-13 5.051374971532235676e-13 4.262213961612694238e-13 3.639226730046088363e-13 3.102202470789505142e-13 2.643815905322039463e-13 2.229480518400437688e-13 1.970098536681495414e-13 1.722123614302950007e-13 1.536527393357545741e-13 1.328103642501248483e-13 1.188295104700337301e-13 1.053685307712848787e-13 9.188856175427141244e-14 8.466107297583669032e-14 7.352596968031588195e-14 6.557889407509416258e-14 6.230624234630650086e-14 5.556238714422371404e-14 4.931106869867262501e-14 4.708807342860139946e-14 4.128251411144598087e-14 3.960863420539775323e-14 3.459893512488036194e-14 3.318173641162546222e-14 3.179592035355283871e-14 2.760409388001820231e-14 2.665894218684734230e-14 2.567028715156525444e-14 2.478859438807569999e-14 2.405965376599433915e-14 2.348581803543669352e-14 2.552671728910378032e-14 2.512799946391096073e-14 2.881801879030896433e-14 3.264417024180431466e-14 3.922100274790815546e-14 5.370279486037943521e-14 7.840285385130937783e-14 1.364619103204291182e-13 2.611617774321712969e-13 3.758569281780895258e-13 3.025116468559537746e-13 1.876509145135885236e-13 1.062081709921583477e-13 5.243032709865620213e-14 6.381257238639262806e-14 1.257264154354881317e-13 5.984110241165192129e-14
5.851671328059821505e-11 5.794101652638316255e-11 5.731269592741802180e-11 5.665266781230824225e-11 5.596166652989551154e-11 5.521982905744958945e-11 5.439262278951255276e-11 5.343982187836033062e-11 5.232454121911557305e-11 5.102038758575373921e-11 4.951583553421336366e-11 4.781568384990820626e-11 4.593991441651676200e-11 4.392057446770968718e-11 4.179748936439008658e-11 3.961366537027003235e-11 3.741113525737146946e-11 3.522776099916349170e-11 3.309521428914813430e-11 3.103809309199076359e-11 2.907395724616261328e-11 2.771621689791011146e-11 2.590717776702485546e-11 2.309808931523137279e-11 2.005097719341892828e-11 1.754464041782659370e-11 1.527838147863482045e-11 1.306357513830018978e-11 1.123628131359052274e-11 1.001517096810600675e-11 9.246650204063389554e-12 8.512826739731268329e-12 7.583308626704855533e-12 6.576590556212195330e-12 5.671076859740515693e-12 4.929674111198375455e-12 4.340197902411889054e-12 3.994912427728202588e-12 3.721251237429859314e-12 3.535452702028518472e-12 3.374302834394061092e-12 3.137625744948012787e-12 2.917783898650773044e-12 2.673178690986227993e-12 2.423600437620275759e-12 2.199340693808802922e-12 1.948761262289305415e-12 1.699589210743149543e-12 1.459164652673235364e-12 1.233870458104391847e-12 1.032778340832508151e-12 8.570074045869094725e-13 7.211017785236767645e-13 6.080319816549996416e-13 5.188379873874359738e-13 4.420165190823610373e-13 3.765069659199742962e-13 3.173565004741816616e-13 2.803066779753452305e-13 2.449269104348745670e-13 2.184486629883436022e-13 1.887581382171779409e-13 1.688361667434890708e-13 1.496707304156155354e-13 1.304945682851688934e-13 1.202020304494819460e-13 1.043735464537395462e-13 9.307660361808340442e-14 8.841633623168152526e-14 7.883594817396168213e-14 6.995759580185432467e-14 6.679563622588826915e-14 5.855508859798285046e-14 5.617524115200614928e-14 4.906668318804921503e-14 4.705322177795388678e-14 4.508505133809447628e-14 3.913929296003735934e-14 3.779708574993241335e-14 3.639366702610144401e-14 3.514220582212240770e-14 3.410753799583371713e-14 3.329294906957165812e-14 3.618491430485369601e-14 3.561883025860709543e-14 4.084839027928773144e-14 4.627083106674955064e-14 5.559196387141569085e-14 7.611722338358232439e-14 1.111249295623650680e-13 1.934129085387908747e-13 3.701522149502969963e-13 5.327169704603378286e-13 4.287672903003321151e-13 2.659733136586800289e-13 1.505429709353024342e-13 7.431590585110433213e-14 9.044517658417964026e-14 1.781971775888742504e-13 8.481778581597235035e-14
7.498729841325361330e-11 7.454037286192903880e-11 7.394507300995975197e-11 7.323554616943323836e-11 7.245284031708171329e-11 7.162657187922485899e-11 7.076247676612066421e-11 6.983985389290122419e-11 6.881774847066454729e-11 6.764589384749192381e-11 6.627635556890019891e-11 6.467310901220503651e-11 6.281820139130706671e-11 6.071419222379926523e-11 5.838321554821401321e-11 5.586340718913214948e-11 5.320368582286343637e-11 5.045796493272855528e-11 4.767977253950349481e-11 4.491798385744746513e-11 4.221401111758197677e-11 4.040784676057576774e-11 3.812121837583457644e-11 3.433115578498870843e-11 3.000884009204525694e-11 2.633562164369377591e-11 2.297681292901831638e-11 1.965564752104578298e-11 1.686667409706885158e-11 1.496524910209309184e-11 1.375471846993405200e-11 1.263126341140175253e-11 1.123326639084276145e-11 9.728048083213745188e-12 8.367966948366396033e-12 7.251042793423274529e-12 6.361076262333092942e-12 5.832716877715825018e-12 5.415956408311527980e-12 5.130900864566097212e-12 4.885586799966664537e-12 4.535337936494593025e-12 4.211196525658611142e-12 3.853397014432392473e-12 3.489653976587037742e-12 3.163460442071830661e-12 2.800662763358596394e-12 2.440923873699772525e-12 2.094156072823858446e-12 1.769455110346239002e-12 1.479930235356686854e-12 1.226990982883000908e-12 1.031546950617834890e-12 8.690451661999530832e-13 7.409767782393424697e-13 6.307919729177235727e-13 5.369460625743250841e-13 4.523263209712263699e-13 3.992835805065287512e-13 3.487069766135324666e-13 3.108577759719243235e-13 2.684994453427033508e-13 2.400660203321003342e-13 2.127415609743589920e-13 1.854320727882554680e-13 1.707533536920833992e-13 1.482335164326021707e-13 1.321602830811650732e-13 1.255143242914144993e-13 1.118948379528262978e-13 9.927769655341194390e-14 9.477515843561406772e-14 8.307318951731007241e-14 7.968633636009558087e-14 6.959616276553510678e-14 6.673343536962007353e-14 6.393642849970249151e-14 5.550099286699725746e-14 5.359377974763759961e-14 5.160065201709725856e-14 4.982356535700340575e-14 4.835429275295872278e-14 4.719739847019871090e-14 5.129498448116380365e-14 5.049087623147473723e-14 5.790204498263119106e-14 6.558648230435555381e-14 7.879673932010581097e-14 1.078871629843762953e-13 1.575034613216776478e-13 2.741302093177177768e-13 5.246233742271774015e-13 7.550364127837511530e-13 6.077151488153409333e-13 3.769870082996637218e-13 2.133870030558291409e-13 1.053380010435094237e-13 1.281927217602302936e-13 2.525646708761622014e-13 1.202195804252859117e-13
9.519276788472496747e-11 9.503553922540263817e-11 9.470412897056072490e-11 9.417243510547284317e-11 9.344971069311408537e-11 9.257566346599403569e-11 9.160171181491486625e-11 9.056828565424050376e-11 8.948792688769158619e-11 8.833989026369821603e-11 8.707611086376995319e-11 8.563420559820988136e-11 8.395228145115172161e-11 8.198166228386059874e-11 7.969549018649663298e-11 7.709260189945507698e-11 7.419700222510106171e-11 7.105382017838984628e-11 6.772297298555015341e-11 6.427189807939042842e-11 6.076861661829385864e-11 5.854155771161270127e-11 5.590984654363428391e-11 5.106185512725471976e-11 4.511537945582648095e-11 3.982194478106819716e-11 3.488699587495197215e-11 2.991115465033513991e-11 2.562612262924464799e-11 2.262867809901066915e-11 2.069310405767035077e-11 1.895101551127026596e-11 1.682488044764092729e-11 1.454930790015055851e-11 1.247996741672884325e-11 1.077341373250539175e-11 9.409586850864305487e-12 8.586899271837275412e-12 7.941552745773031334e-12 7.496408868765932836e-12 7.116771319517858203e-12 6.592620205241225123e-12 6.109700682744244723e-12 5.581837734326437448e-12 5.047640158966200999e-12 4.569764126356466008e-12 4.041348547782796805e-12 3.519257249618818492e-12 3.016619289391697151e-12 2.546414757024508807e-12 2.127686313066904362e-12 1.762104014943455813e-12 1.479847008678518357e-12 1.245349307329726914e-12 1.060755139100524243e-12 9.021544456723342085e-13 7.672803782497904284e-13 6.458796913979054612e-13 5.697037806576057465e-13 4.972088009550762181e-13 4.429600086986933326e-13 3.824024069239414075e-13 3.417299518507438892e-13 3.026981370306461365e-13 2.637439975216168693e-13 2.427669757075750672e-13 2.106857449612075934e-13 1.877866918960828005e-13 1.782892853996587570e-13 1.589073548520385519e-13 1.409599247306255278e-13 1.345380925109541349e-13 1.179088359347373550e-13 1.130819882581148634e-13 9.875122638710165933e-14 9.467642301164442051e-14 9.069766896955238399e-14 7.872491672157834294e-14 7.601231761151461313e-14 7.317952438375756297e-14 7.065422755248529519e-14 6.856628732736559844e-14 6.692199919298637036e-14 7.272795534849573083e-14 7.158483028873415831e-14 8.208866703555329257e-14 9.297969086232237558e-14 1.117038057383716075e-13 1.529386800784295235e-13 2.232683173274980011e-13 3.885838578139114190e-13 7.436527828757296454e-13 1.070275574422762056e-12 8.614631416026020157e-13 5.344111963228629249e-13 3.025111079023110681e-13 1.493321110901190262e-13 1.817186377449381589e-13 3.580147058251865601e-13 1.704214742150946711e-13
1.200889916216067025e-10 1.201693021434032440e-10 1.201555823880823802e-10 1.199921225884247396e-10 1.196156890664445322e-10 1.189869144351770414e-10 1.181108776587724838e-10 1.170340812969673321e-10 1.158217674709877351e-10 1.145288987543785224e-10 1.131775736657676171e-10 1.117481513249527992e-10 1.101847036721767321e-10 1.084102267864238000e-10 1.063452248486283159e-10 1.039244346750204565e-10 1.011086945165964803e-10 9.789088908066697660e-11 9.429618325839891935e-11 9.037755827481864942e-11 8.620815828353529818e-11 8.377399268270855802e-11 8.122493209354096556e-11 7.555954693866707685e-11 6.781807381492627807e-11 6.045831278642482786e-11 5.337676754413087967e-11 4.600628199340952619e-11 3.942357201860526153e-11 3.466053958914571765e-11 3.152873424644155738e-11 2.879737124859117532e-11 2.552945498038188998e-11 2.204976559967238917e-11 1.885629877926883361e-11 1.620668058486098699e-11 1.408032176897310767e-11 1.277363784948203434e-11 1.175494716457363728e-11 1.104566162391905320e-11 1.044687807458414637e-11 9.651761769731459161e-12 8.923080838877994104e-12 8.136035785220721721e-12 7.343984283860669076e-12 6.637562009483307236e-12 5.862100546515554728e-12 5.099342093238802135e-12 4.366157286359217462e-12 3.681102497744895993e-12 3.072021769674124001e-12 2.540670523853327558e-12 2.130824012844518197e-12 1.790659513099669277e-12 1.523271169243434540e-12 1.293931457853316500e-12 1.099281677079668875e-12 9.244696811124008634e-13 8.146285036117126661e-13 7.103535892960508909e-13 6.323269202466293641e-13 5.455141813111015613e-13 4.871635461784950864e-13 4.312679710658272059e-13 3.755886293814052925e-13 3.455300585427729262e-13 2.997507473773243466e-13 2.670707151470792366e-13 2.534612850377186353e-13 2.258405999561159006e-13 2.002792361034230140e-13 1.911004431866253463e-13 1.674471041870781993e-13 1.605550385442693654e-13 1.401860483572540115e-13 1.343773368019125561e-13 1.287102837938020721e-13 1.117074686117555857e-13 1.078446224425896271e-13 1.038143896564185936e-13 1.002224775334509840e-13 9.725255718334219467e-14 9.491322339315353602e-14 1.031399401279726773e-13 1.015131850147427900e-13 1.164018494784018337e-13 1.318391647950600854e-13 1.583820771002985281e-13 2.168401123203861939e-13 3.165452413738523320e-13 5.509114064921953190e-13 1.054290967375184521e-12 1.517373115586374853e-12 1.221363016792380230e-12 7.577038023698880706e-13 4.289392781294048228e-13 2.117391497324758893e-13 2.576362240517416761e-13 5.075728257525399237e-13 2.416285049284177635e-13
1.510412035203405807e-10 1.513316854736209675e-10 1.515252540436969850e-10 1.516390990220891694e-10 1.516483489087605159e-10 1.514851105694250006e-10 1.510656103639757681e-10 1.503304168189553810e-10 1.492749481729313145e-10 1.479514698823018914e-10 1.464427494687695774e-10 1.448239997851997346e-10 1.431316685465690322e-10 1.413495582719631546e-10 1.394134286289006647e-10 1.372287845400475554e-10 1.346940618135368248e-10 1.317224015407826072e-10 1.282578142224968989e-10 1.242840168877922730e-10 1.198259445883622211e-10 1.176395566956765205e-10 1.159899674355054924e-10 1.103195344778449103e-10 1.011400253108470109e-10 9.156095825391739879e-11 8.188250236160887027e-11 7.129191050003445198e-11 6.131583311752903299e-11 5.375941166363546976e-11 4.866949477951770021e-11 4.436246716986903994e-11 3.930244898041020572e-11 3.392860010497171970e-11 2.892982280358797508e-11 2.474491982160993823e-11 2.136600337594845018e-11 1.924487811779333150e-11 1.760217570926983989e-11 1.644673328244002837e-11 1.548208063683729642e-11 1.425646141457589702e-11 1.314016670520652060e-11 1.195154273859143144e-11 1.076340854209985490e-11 9.707528294341612217e-12 8.558864198722766234e-12 7.435275911485855832e-12 6.357360182310244998e-12 5.351702870654145280e-12 4.459351703933953610e-12 3.681646070475757374e-12 3.082476455150349590e-12 2.585782996307252922e-12 2.196048860050717669e-12 1.862501064104275194e-12 1.580103476563349637e-12 1.327211466718795802e-12 1.168015475906864922e-12 1.017368117706721946e-12 9.046439266260225287e-13 7.797660566992988853e-13 6.957430534279496159e-13 6.154447120630871233e-13 5.356533986247996991e-13 4.924349074814541892e-13 4.269729781983907717e-13 3.802343810819375298e-13 3.606647812445862013e-13 3.212369800602477846e-13 2.847770064483412024e-13 2.716224514813579029e-13 2.379415380664548616e-13 2.280774123877851994e-13 1.991012791535885253e-13 1.908056609001405231e-13 1.827213472444479199e-13 1.585611911684874635e-13 1.530521408482954353e-13 1.473115119372791318e-13 1.421968405633075519e-13 1.379677039599984172e-13 1.346356589010386743e-13 1.462908725460298238e-13 1.439730681623875544e-13 1.650767447148087473e-13 1.869578774309228706e-13 2.245853764341206117e-13 3.074641785235356324e-13 4.488209863948327961e-13 7.810955667319347100e-13 1.494769791520514174e-12 2.151366525357680454e-12 1.731733659882750082e-12 1.074374968737412593e-12 6.082622752934025140e-13 3.002535047516378617e-13 3.652940302660425153e-13 7.196500343070608126e-13 3.426135176188116835e-13
1.892423198956631653e-10 1.899500225746035203e-10 1.905135270571105627e-10 1.909121418219150697e-10 1.911717777290497295e-10 1.913254959820796598e-10 1.913599453677122452e-10 1.911995283836618342e-10 1.907371062915690444e-10 1.898863184967105941e-10 1.886252329309784536e-10 1.870073446046880277e-10 1.851344152920288587e-10 1.831081476008898962e-10 1.809863362446863500e-10 1.787606297531285151e-10 1.763590373483913928e-10 1.736666424543086790e-10 1.705545372899954060e-10 1.669080609773513624e-10 1.626485913082560894e-10 1.612988891618535772e-10 1.616242783773365384e-10 1.574157505743968023e-10 1.480800053240301596e-10 1.369304549583404929e-10 1.248228290286479398e-10 1.105176941419440995e-10 9.594955098728995126e-11 8.419017641047326389e-11 7.599702539417649775e-11 6.924265416744801185e-11 6.141228158637894270e-11 5.307337609354118430e-11 4.515681302652826167e-11 3.843742454424635119e-11 3.296190488719749901e-11 2.943991541943737458e-11 2.673031574104529884e-11 2.480374482378750857e-11 2.321395977801639048e-11 2.128980426679839039e-11 1.954935253776786551e-11 1.772672476977080666e-11 1.591930469699403951e-11 1.431981215104379225e-11 1.259879938105816058e-11 1.092677058071122232e-11 9.326537269443236927e-12 7.836295464519164685e-12 6.517179487911551043e-12 5.368918679295842302e-12 4.485484695414734982e-12 3.754245601162412486e-12 3.181728046145034716e-12 2.693088881450900430e-12 2.280665084488029207e-12 1.912672273087931895e-12 1.680447982583345495e-12 1.461591114771987132e-12 1.297824027539183481e-12 1.117411902818446148e-12 9.958522832396968797e-13 8.800361948286998404e-13 7.653194788742928701e-13 7.029103380732091779e-13 6.090609298795814087e-13 5.420368043571346494e-13 5.137719004238438594e-13 4.573727199071840284e-13 4.052718265209477482e-13 3.863551327363245103e-13 3.383337438644360995e-13 3.241737950426791679e-13 2.829130895358675039e-13 2.710386801743890093e-13 2.594838552229834018e-13 2.251323315498776135e-13 2.172610937855006597e-13 2.090725272355916735e-13 2.017799501498772065e-13 1.957497636562911993e-13 1.909971501072649031e-13 2.075040374819672280e-13 2.041968546251253919e-13 2.341047037630322863e-13 2.651141228359766472e-13 3.184485416731416243e-13 4.359387785541465523e-13 6.363286347457305921e-13 1.107371382008599490e-12 2.119105012629865128e-12 3.050021626897327448e-12 2.455204985809622825e-12 1.523308944625972652e-12 8.625253627129593349e-13 4.257541957383437035e-13 5.179030836341002301e-13 1.020260685769465588e-12 4.857764926470493382e-13
2.365142026590609368e-10 2.375919061523331733e-10 2.385951109308970833e-10 2.394997549104605365e-10 2.402479088691705542e-10 2.407984269093927955e-10 2.411614289351363625e-10 2.413751969315218376e-10 2.414412799703021070e-10 2.412837985014896729e-10 2.407733997631542387e-10 2.397921716640822053e-10 2.382939732408321857e-10 2.363276096405785497e-10 2.340124602219481196e-10 2.314813174920987057e-10 2.288211019564702609e-10 2.260376949699022284e-10 2.230534333161167444e-10 2.197303696000345415e-10 2.159062199376189977e-10 2.157794288831819126e-10 2.189232128617740017e-10 2.178474151651927148e-10 2.105504150120087494e-10 1.997348567377420480e-10 1.867004282250072925e-10 1.694010221218961395e-10 1.496546452603466525e-10 1.322176768989816081e-10 1.194618102248088898e-10 1.091414941812414829e-10 9.722242653331147098e-11 8.436910358626910041e-11 7.177639038531867534e-11 6.085335047835117813e-11 5.182118866397989647e-11 4.584540615623237418e-11 4.127435570672498543e-11 3.798668571016223605e-11 3.530511228975485569e-11 3.222254857717601638e-11 2.945459700740641042e-11 2.660996583269821894e-11 2.381456919060509335e-11 2.135243761570141079e-11 1.873780801561263275e-11 1.621827245579209588e-11 1.381378059838874272e-11 1.157943072498366367e-11 9.607462938437335401e-12 7.893380937168076182e-12 6.576763971351247562e-12 5.488976505865446344e-12 4.639573904424233688e-12 3.917090757762725181e-12 3.309655225099182031e-12 2.770139920699326947e-12 2.428565534162529660e-12 2.108326772392517006e-12 1.868676206166870066e-12 1.606566663998531769e-12 1.429626099317718175e-12 1.261711086391789121e-12 1.096080521225355762e-12 1.005449520316953364e-12 8.704456008052138543e-13 7.739929017744350685e-13 7.329318723115388716e-13 6.520352841541356280e-13 5.774037178126191484e-13 5.500786656212085723e-13 4.814949552957963074e-13 4.610883166120633000e-13 4.022594421080368173e-13 3.852107550826138085e-13 3.686535305610528275e-13 3.197725450937230617e-13 3.084989122591975217e-13 2.967965151805297808e-13 2.863805767572165866e-13 2.777673949156230413e-13 2.709761876445901945e-13 2.943430652316490004e-13 2.896152846718011137e-13 3.319896712122970573e-13 3.759247110369939857e-13 4.515087135457321162e-13 6.180409962306014933e-13 9.020775790647610296e-13 1.569752088126790701e-12 3.003836227387564037e-12 4.323542645897310064e-12 3.480547786870023691e-12 2.159633712575254331e-12 1.222998129705082152e-12 6.036709269888890595e-13 7.341885213658649609e-13 1.446271101771191484e-12 6.886974350486259389e-13
2.951373377968503638e-10 2.966635544498466240e-10 2.981486818021716924e-10 2.995489468536837003e-10 3.008367331124147366e-10 3.019879366369351267e-10 3.029551524455071215e-10 3.036947374736075859e-10 3.042041985636878122e-10 3.045148972540785999e-10 3.046341482906564322e-10 3.044868918773460619e-10 3.039229082432872800e-10 3.027893110784903074e-10 3.010108064154157803e-10 2.986277816699656433e-10 2.957761958748385647e-10 2.926232427515622076e-10 2.892920949386870638e-10 2.858100887864137063e-10 2.820971946993602273e-10 2.830111894257968249e-10 2.889651860915731184e-10 2.918696914133226151e-10 2.887527996535475743e-10 2.810825848209258015e-10 2.702250742107068322e-10 2.528554338196204273e-10 2.293523549029026033e-10 2.057677770154135609e-10 1.872507924305365919e-10 1.724025179271862763e-10 1.550602635272413637e-10 1.358162155980337680e-10 1.160104215283362186e-10 9.821795634060674616e-11 8.314657620933054515e-11 7.282975429392496505e-11 6.496381331978788118e-11 5.923376683203129141e-11 5.460964182929791594e-11 4.956593869312112199e-11 4.506882775075409411e-11 4.054026744976113930e-11 3.613365176993563298e-11 3.227180129866751363e-11 2.823277404699948572e-11 2.437765990438754741e-11 2.071053446265344519e-11 1.731140226485667394e-11 1.432179150871528859e-11 1.172751240761365445e-11 9.738534006133711043e-12 8.098914074559980910e-12 6.822740157995728691e-12 5.741835996109318236e-12 4.837403252542980016e-12 4.038696068773295251e-12 3.530881723895582396e-12 3.057908186599409134e-12 2.703897586366746446e-12 2.320269981910346964e-12 2.060646336695369364e-12 1.815512938284901995e-12 1.575010190008223540e-12 1.442409447338742467e-12 1.247311769389157849e-12 1.107846540027282937e-12 1.047736914359076281e-12 9.312669732393630296e-13 8.240050717031414363e-13 7.842958855251822698e-13 6.861117911091324096e-13 6.565461247008435975e-13 5.725143439803742782e-13 5.479349158141131366e-13 5.241261987990768681e-13 4.544869252807671397e-13 4.382858400722716599e-13 4.215174975652614954e-13 4.066040622253336039e-13 3.942714170045200708e-13 3.845423738579719019e-13 4.176028815551635129e-13 4.108266410777187228e-13 4.708518012039990319e-13 5.330881989391284187e-13 6.401918335460349413e-13 8.762241960172525554e-13 1.278803298890039587e-12 2.225149661240387571e-12 4.257812175583771058e-12 6.128673199111989105e-12 4.934049574849270689e-12 3.061800570720692645e-12 1.734206187923501488e-12 8.559720982869420078e-13 1.040789275411840460e-12 2.050117481625035241e-12 9.763940015537591489e-13
3.680206516319339157e-10 3.701076708650599410e-10 3.721077503552861464e-10 3.740168095631124345e-10 3.758766370167694221e-10 3.776764227112882635e-10 3.793550858001269941e-10 3.808470433370453527e-10 3.820937638343125152e-10 3.830587676936598959e-10 3.837486179938710666e-10 3.841960560174960848e-10 3.844051418032077553e-10 3.842920794066480798e-10 3.836800056764224834e-10 3.823735911496761140e-10 3.802612747812892389e-10 3.773730499581437831e-10 3.738645694179061046e-10 3.699435943685925707e-10 3.657775217559081586e-10 3.670875779515758712e-10 3.749072321660389361e-10 3.809674350362652295e-10 3.824756443062424249e-10 3.800174840382941374e-10 3.748049703962929262e-10 3.622179815997331457e-10 3.395774778405886313e-10 3.121994043786031095e-10 2.884175077687514301e-10 2.693468819037077520e-10 2.463500926686221955e-10 2.194499092782802775e-10 1.895499457940955025e-10 1.611199588102965606e-10 1.360418243742318078e-10 1.180963811794352329e-10 1.043840649130643709e-10 9.423824890403498341e-11 8.611743286853926803e-11 7.769946070419361446e-11 7.023577376199373060e-11 6.287414687160114278e-11 5.578077303647665576e-11 4.959385317652643154e-11 4.323218673740981300e-11 3.722508644417256674e-11 3.153074598381423791e-11 2.626669937840757254e-11 2.165493530478858081e-11 1.766049824297422709e-11 1.460451915092791203e-11 1.209205555207245855e-11 1.014406764231371887e-11 8.502655476677986213e-12 7.137267761935253606e-12 5.940020480965134469e-12 5.174708214693550555e-12 4.467720838789258677e-12 3.938410423469090453e-12 3.371477582573926911e-12 2.986540689765145965e-12 2.625423812888283461e-12 2.273558560326711214e-12 2.077647645658361199e-12 1.793964610736607241e-12 1.591010346155264819e-12 1.502127312883880311e-12 1.333584477919312653e-12 1.178721512646185508e-12 1.120551669465929526e-12 9.795245608609574276e-13 9.363833089332813993e-13 8.160381021679801424e-13 7.804011760864790745e-13 7.460000883008071643e-13 6.466127546519322769e-13 6.232229136075392126e-13 5.991070939084713237e-13 5.776812274537085213e-13 5.599628093088063408e-13 5.459756317501376770e-13 5.927250991164201882e-13 5.829779761412380773e-13 6.679962940233709364e-13 7.561487860819015012e-13 9.079181852295846000e-13 1.242485327775296591e-12 1.813135355247792566e-12 3.154604097663515523e-12 6.035999626427213222e-12 8.688602594157586822e-12 6.995584626283248551e-12 4.341594417201496293e-12 2.459641696098511744e-12 1.213979886000854268e-12 1.475648123698110214e-12 2.906466709499023427e-12 1.384513706997824026e-12
4.587776610620100130e-10 4.614000302794734734e-10 4.639815039406011157e-10 4.666040383749631829e-10 4.691908397654046806e-10 4.716371085535848318e-10 4.739610344121692098e-10 4.762211795659972743e-10 4.783881737074497220e-10 4.803497485847917071e-10 4.819894877193818945e-10 4.832490638718586477e-10 4.841529298841773966e-10 4.847644370320578860e-10 4.850986971783530401e-10 4.850561053611621486e-10 4.844191410504370352e-10 4.829336501597184758e-10 4.804357163492016686e-10 4.769376314952569618e-10 4.726199420800139020e-10 4.741977686667178930e-10 4.831102909260599724e-10 4.904407451927063273e-10 4.945257598912938680e-10 4.965635461979324369e-10 4.981305624840155502e-10 4.943178915163321963e-10 4.791094067048463838e-10 4.540751753556557755e-10 4.289501351160640217e-10 4.088470240928031797e-10 3.831330975942628602e-10 3.502781528750627610e-10 3.091093209912914894e-10 2.662482257183508774e-10 2.257873090917098963e-10 1.949490538698657936e-10 1.710772371600381681e-10 1.530235192003888987e-10 1.386194068005572502e-10 1.243622944810052324e-10 1.117488629100388204e-10 9.954425283446252744e-11 8.788245073902364834e-11 7.774632065114348373e-11 6.750915351342453446e-11 5.795192456156223237e-11 4.892164262573455400e-11 4.059481283907007806e-11 3.333000779050373474e-11 2.704976512849907635e-11 2.225607406862063653e-11 1.832737602378277095e-11 1.529527494428487278e-11 1.275626110414293071e-11 1.065915328566918895e-11 8.836156778233336671e-12 7.663039476711606456e-12 6.590158338615078756e-12 5.786602815606171453e-12 4.938363830970074450e-12 4.360004932371809806e-12 3.821803458655254528e-12 3.301943138356333234e-12 3.008856311384001337e-12 2.593022884700447043e-12 2.295189227258288289e-12 2.162064817440630780e-12 1.916520043458837899e-12 1.691575876736546132e-12 1.605474219691890768e-12 1.402008110425585233e-12 1.338471168505523618e-12 1.165514682032066377e-12 1.113460216603564567e-12 1.063436246462466605e-12 9.212552965184597767e-13 8.872794340249489266e-13 8.524257298740112976e-13 8.215027081238577512e-13 7.959306171626677443e-13 7.757266312046724225e-13 8.417841882147512655e-13 8.276971137442092380e-13 9.480996532490824140e-13 1.072947443621894569e-12 1.288021154751428489e-12 1.762331621148433157e-12 2.571354587787028206e-12 4.473257215869584315e-12 8.558522460608680989e-12 1.232042561686194201e-11 9.920802952921341391e-12 6.157973788863392395e-12 3.489677707700606020e-12 1.722270357908150882e-12 2.092692910848448389e-12 4.121405773901171224e-12 1.963747419706278053e-12
5.717358343142765661e-10 5.750180372035565016e-10 5.783796489214933946e-10 5.817594631926651211e-10 5.850298802891534716e-10 5.882761764724049410e-10 5.915531371329350428e-10 5.947270454255114696e-10 5.976968218687569412e-10 6.005189397710420350e-10 6.032514747217564132e-10 6.058035713954675460e-10 6.079898364769772806e-10 6.096754886433991634e-10 6.108661796942088257e-10 6.116690484273376724e-10 6.121481289249618969e-10 6.122056214744165904e-10 6.115744006304838303e-10 6.099192858989117699e-10 6.069969532612330108e-10 6.101584485888148951e-10 6.212161333110468052e-10 6.294379666517166071e-10 6.336210614218035283e-10 6.367848900449179906e-10 6.420845404602372743e-10 6.461523876977395138e-10 6.420372530265841092e-10 6.264823764164235738e-10 6.069867201009520777e-10 5.922819306654651080e-10 5.714075946512539672e-10 5.402363866953789540e-10 4.926886440684285156e-10 4.355741747964168031e-10 3.753521039802364074e-10 3.248444707377433065e-10 2.844424951188600133e-10 2.528077511527563529e-10 2.274131045048487245e-10 2.032047374882088422e-10 1.816887758899297248e-10 1.611714823761974388e-10 1.416535380770532282e-10 1.246947468837216363e-10 1.078597374531271352e-10 9.231223822083623557e-11 7.765236377935863748e-11 6.415658897826793936e-11 5.242769719487277474e-11 4.230500247283253334e-11 3.459663122677148975e-11 2.830207449312738337e-11 2.347008898261297739e-11 1.945378890191922807e-11 1.616443305991808029e-11 1.333461127099055156e-11 1.149892264325720407e-11 9.840231658720825964e-12 8.597350080384553965e-12 7.308474706982984560e-12 6.425071365371131976e-12 5.611156230603604132e-12 4.833489974775160578e-12 4.388150047017028046e-12 3.772280048040635095e-12 3.330497140085312574e-12 3.127915075630447183e-12 2.767072684140127030e-12 2.437772337527790278e-12 2.308646314328058405e-12 2.013403219398266781e-12 1.918719031505490336e-12 1.669020467882623942e-12 1.592255214824227863e-12 1.518912131970209817e-12 1.314889574680396093e-12 1.265144671623466382e-12 1.214449853593617362e-12 1.169555199923721641e-12 1.132430836632823035e-12 1.103068884315603470e-12 1.196300058717097574e-12 1.175816833568307276e-12 1.346276872627256251e-12 1.523047567116760424e-12 1.827813029492570775e-12 2.500291051153052052e-12 3.647374441013869073e-12 6.344157812257256266e-12 1.213699239609782407e-11 1.747314314678460255e-11 1.407187426764054657e-11 8.736279100876558908e-12 4.952585794533038530e-12 2.444100680754369619e-12 2.968323440847753807e-12 5.845160917969276839e-12 2.785954779311700540e-12
7.123879575649258282e-10 7.165067375507571819e-10 7.207459678177490191e-10 7.249315336019319104e-10 7.290912638528635091e-10 7.333580581665591154e-10 7.375787520822839506e-10 7.416592479186973287e-10 7.457257389685276086e-10 7.497761829967965830e-10 7.536338946585157441e-10 7.572291215823981545e-10 7.606457827491815776e-10 7.638867801521751383e-10 7.667645425678122332e-10 7.690518065081606946e-10 7.706726345659804414e-10 7.717385780782497951e-10 7.723836729140216258e-10 7.725535434882482878e-10 7.719457726526602596e-10 7.782810709879710143e-10 7.938445326268095777e-10 8.057596620507512950e-10 8.112618314026344822e-10 8.138846930764011152e-10 8.185947580298812606e-10 8.245855032372847086e-10 8.275975650835125944e-10 8.228851372738067787e-10 8.139769067562672723e-10 8.106662932340385562e-10 8.039343585581572095e-10 7.873339304205383557e-10 7.479192579052240870e-10 6.874873878560464173e-10 6.112747757683813799e-10 5.370833606534062470e-10 4.736733576902369558e-10 4.210286245608066639e-10 3.777963192759081917e-10 3.375570945781241926e-10 3.011910678463315478e-10 2.666975223296965870e-10 2.337641879025515482e-10 2.049717905454265367e-10 1.767783634146813326e-10 1.509496047022228161e-10 1.265724196662790063e-10 1.041141983567723133e-10 8.464522049894499915e-11 6.785286563846692623e-11 5.509255287114082923e-11 4.471431937364601166e-11 3.679696163000188814e-11 3.027292736193672759e-11 2.498240984724036461e-11 2.048640828660790022e-11 1.754279803500934464e-11 1.492044824814037894e-11 1.295458210867861088e-11 1.095874218811533015e-11 9.582151523928684371e-12 8.328992698475729465e-12 7.147499213775977327e-12 6.457878714353572821e-12 5.533789584228644217e-12 4.869570843465218540e-12 4.555308385380137011e-12 4.019147194678961885e-12 3.532248368454509201e-12 3.335441165935493571e-12 2.903845108782222597e-12 2.760658887306985640e-12 2.398057922647358182e-12 2.283475918911907021e-12 2.174810540745592582e-12 1.880905721518544492e-12 1.807335437923163915e-12 1.732994602070211838e-12 1.667319221723379029e-12 1.613016880063247190e-12 1.570013389357468829e-12 1.701356433197380155e-12 1.671343367826046476e-12 1.912522131090359223e-12 2.162671518149194630e-12 2.594420482239218187e-12 3.547794892637997807e-12 5.174129647223685491e-12 8.997923673462612730e-12 1.721197370443798548e-11 2.478176995280898551e-11 1.996132428875283497e-11 1.239567289988788501e-11 7.030329304422861219e-12 3.469185820638587324e-12 4.210662582802658631e-12 8.290212097740733138e-12 3.952914891742616996e-12
8.876260361817276788e-10 8.927321064243678397e-10 8.979567958148139118e-10 9.031301379986715245e-10 9.084054986783166330e-10 9.137748003035287756e-10 9.190245364597692967e-10 9.243034738077049405e-10 9.296840473714719805e-10 9.349370095400828208e-10 9.400212667673125067e-10 9.450703138722101467e-10 9.500210922346388568e-10 9.546881666605548773e-10 9.590348202534923029e-10 9.631091570103299809e-10 9.668008187409870023e-10 9.698537433946187761e-10 9.720933816310976622e-10 9.735695807178419870e-10 9.744512255678545876e-10 9.834864334317654647e-10 1.003600620810176467e-09 1.021240212527015664e-09 1.032397704985461975e-09 1.038672331774310614e-09 1.044252107206446129e-09 1.048932047419072461e-09 1.051613146021239770e-09 1.050619834191048614e-09 1.048773894462932896e-09 1.055510909695788539e-09 1.065305846416101067e-09 1.072010427404348757e-09 1.058737153945622496e-09 1.018139391095599412e-09 9.466643301225951681e-10 8.578770538923200129e-10 7.724613362989357674e-10 6.941719904895233836e-10 6.265422368064374693e-10 5.638252066455701022e-10 5.050121576365407821e-10 4.486281172972398549e-10 3.938001324078498005e-10 3.449735702888414708e-10 2.974186476723208147e-10 2.539041835455009678e-10 2.125287302068004447e-10 1.741775541549341694e-10 1.408929374989664090e-10 1.121267597154297669e-10 9.029162966187965256e-11 7.260485778914380337e-11 5.920733400243565330e-11 4.827688814944175207e-11 3.951387156764643305e-11 3.217139771038530379e-11 2.731540860645931914e-11 2.305895212751677862e-11 1.986713860976124912e-11 1.670529955513029902e-11 1.450863590600520959e-11 1.253695366302291538e-11 1.070739371858735642e-11 9.615185242354241191e-12 8.205891194185451591e-12 7.190314108563646016e-12 6.691642559367290330e-12 5.883795117962452406e-12 5.154683345274116342e-12 4.848795113585967888e-12 4.211821959099068361e-12 3.991367793547219908e-12 3.460803588232178037e-12 3.287174974611042209e-12 3.124029528628675443e-12 2.698482084707143026e-12 2.588278650871946090e-12 2.478113733308207686e-12 2.381096933070891168e-12 2.300897557511395932e-12 2.237286730184073558e-12 2.421831576389904244e-12 2.377424602955967897e-12 2.718338407648008740e-12 3.072029609138361382e-12 3.683406666043319076e-12 5.034777993246165352e-12 7.340287105846703168e-12 1.276152939859020040e-11 2.440777453999690739e-11 3.514652784592004155e-11 2.831629440891036574e-11 1.758944971426764395e-11 9.981850737656707049e-12 4.925161628334692728e-12 5.973121141635633005e-12 1.175781312755567159e-11 5.609181482290283404e-12
1.106159679332703531e-09 1.112413353425281422e-09 1.118802474506118856e-09 1.125194150976324998e-09 1.131752512356201599e-09 1.138359965357047895e-09 1.144916087764032749e-09 1.151665986839484470e-09 1.158416897932059906e-09 1.165011021785099072e-09 1.171700115963947267e-09 1.178446042213801608e-09 1.184965328282546787e-09 1.191263512960937879e-09 1.197464476216339414e-09 1.203474599986089717e-09 1.209113727410211699e-09 1.214313857101900085e-09 1.218999816695177762e-09 1.222961102038692522e-09 1.225990325991997097e-09 1.237517424024343662e-09 1.260673343652202107e-09 1.281574963783255826e-09 1.297773614561804825e-09 1.311068019293010769e-09 1.323776961227748052e-09 1.333435457155347731e-09 1.337517315311659612e-09 1.335422701360944502e-09 1.332452568420561028e-09 1.339913231907946360e-09 1.356521821524161163e-09 1.379830022648487014e-09 1.396387552297040255e-09 1.393954105952118918e-09 1.358173822724806694e-09 1.284237075485523381e-09 1.196977481174680718e-09 1.102504319122565353e-09 1.012792294918988580e-09 9.275811059020006259e-10 8.419580022119176015e-10 7.568697271081444529e-10 6.705319614251292154e-10 5.905158422299743151e-10 5.117663375620015841e-10 4.388012275898473375e-10 3.680111265131737479e-10 3.012613970045169237e-10 2.427722619428995213e-10 1.918060690063844969e-10 1.530484588387821106e-10 1.217564719532597011e-10 9.823814766556566187e-11 7.926455136996472617e-11 6.425030598717128820e-11 5.186976555995188071e-11 4.359738833929421789e-11 3.647606004466195633e-11 3.113680003350970979e-11 2.599137449477539873e-11 2.238835765887652361e-11 1.920591288686940620e-11 1.630689807043586620e-11 1.453142992049972506e-11 1.233871141739598677e-11 1.075365993005608051e-11 9.941648198292172457e-12 8.703043408845538665e-12 7.593611930380363875e-12 7.107104382839995207e-12 6.155358386553656119e-12 5.808586223480909698e-12 5.024496510225720880e-12 4.756473254295809520e-12 4.507452411940418700e-12 3.887093345274280471e-12 3.719361338892904682e-12 3.553911302785392674e-12 3.408793134096996986e-12 3.288873366986818910e-12 3.193583772178069672e-12 3.451930529456652154e-12 3.385412534309459022e-12 3.866710513869265917e-12 4.366266464646303177e-12 5.231568958737648046e-12 7.146807521268080663e-12 1.041482686372754589e-11 1.810053330633675451e-11 3.461270007227253285e-11 4.984895195664975530e-11 4.017293837273473615e-11 2.496440717611081211e-11 1.417752960422765412e-11 6.994541157051617846e-12 8.474332329844538383e-12 1.667688820912017457e-11 7.961017733566850543e-12
1.379011239914106723e-09 1.386620413378049369e-09 1.394397537584932118e-09 1.402245960620609404e-09 1.410279679596491201e-09 1.418387684977452738e-09 1.426545566039339612e-09 1.434937076070496108e-09 1.443253300898960009e-09 1.451609020602748410e-09 1.460199059735966568e-09 1.468646270196310866e-09 1.476943847199032087e-09 1.485393811477826811e-09 1.493806997280213715e-09 1.501854814258724145e-09 1.509586618900405644e-09 1.517143377677563621e-09 1.524422659713161117e-09 1.531186974254812663e-09 1.537222915442386170e-09 1.552618201720353493e-09 1.580022686294887925e-09 1.603453220959967454e-09 1.621084370151423866e-09 1.637550613562033716e-09 1.656457978860483622e-09 1.675315268412628186e-09 1.689815042170132215e-09 1.695275882720524462e-09 1.693940559995863329e-09 1.698158326945024986e-09 1.710365189249711239e-09 1.732842085432497864e-09 1.761350216951247875e-09 1.789049616437074714e-09 1.800375334322978252e-09 1.771415643560156701e-09 1.717265956330709521e-09 1.637651548804273102e-09 1.548650656104606593e-09 1.459270268466378845e-09 1.357872680101384356e-09 1.249424169380467755e-09 1.130165304420509015e-09 1.011070228523506486e-09 8.894987871379961979e-10 7.726793596914197618e-10 6.543887687356671023e-10 5.385019354784893339e-10 4.341143903400277143e-10 3.410825142656001631e-10 2.696310249348749273e-10 2.119382108176326294e-10 1.689179532270349679e-10 1.346353763066486028e-10 1.079043990625385346e-10 8.625336889405743332e-11 7.164945612052399132e-11 5.932239918474009177e-11 5.008967025874182597e-11 4.145381919252232352e-11 3.535834635303409021e-11 3.006897575282611845e-11 2.534950009177058429e-11 2.237790549639413285e-11 1.888319367485161452e-11 1.634799811752272099e-11 1.498757897245566398e-11 1.304764036701901747e-11 1.132576773567470766e-11 1.053143433724410005e-11 9.086848216829914456e-12 8.527693431476938040e-12 7.353887801102669947e-12 6.930899794018338486e-12 6.543076899516767238e-12 5.630504394656490392e-12 5.370191531812000197e-12 5.117518207518212639e-12 4.897003742989383774e-12 4.714881148626103143e-12 4.569862359021591856e-12 4.929685519188344946e-12 4.828510133989560257e-12 5.506930223861654045e-12 6.211570185832184230e-12 7.435606729719337002e-12 1.014988197440996405e-11 1.478243540464657071e-11 2.567963334566250601e-11 4.909390063482402409e-11 7.071827093894510702e-11 5.701206746753585576e-11 3.544647679892028333e-11 2.014919947859126311e-11 9.939319104649825759e-12 1.202681455050364225e-11 2.365980270151118604e-11 1.130370820325191101e-11
1.719990442737756760e-09 1.729213218858982659e-09 1.738633444482543689e-09 1.748208625976086648e-09 1.757976983943145735e-09 1.767900162708079677e-09 1.777937339028993259e-09 1.788223991981149932e-09 1.798485322537922362e-09 1.808953204646634596e-09 1.819602519383370830e-09 1.830079284120720835e-09 1.840757542758052561e-09 1.851607540012335311e-09 1.862154722674941174e-09 1.872608279181086643e-09 1.883235699650529092e-09 1.893654678394780059e-09 1.903507508749617706e-09 1.912929237851163291e-09 1.922110720147030936e-09 1.942126419968942231e-09 1.975200418600502813e-09 2.003158419782454322e-09 2.023113169489145572e-09 2.040509152040601379e-09 2.060079015725955667e-09 2.081675840135772050e-09 2.104991310576754609e-09 2.125237238148230161e-09 2.137811210766546512e-09 2.149692026774568013e-09 2.163065259795355553e-09 2.180073167709912587e-09 2.202361187584850118e-09 2.232817761131393755e-09 2.267275822703165902e-09 2.280373039890399347e-09 2.276238874779120487e-09 2.243187505554966574e-09 2.190824683642533929e-09 2.134216644449026103e-09 2.052484899030614467e-09 1.952381843232322147e-09 1.825219443306877235e-09 1.680506115201323542e-09 1.521226255732429445e-09 1.356488146882145719e-09 1.176002147550486322e-09 9.856416196155865249e-10 8.032298840687594780e-10 6.317476880451996037e-10 4.958408667493466258e-10 3.848757009094234512e-10 3.025332683238397500e-10 2.377312202913177308e-10 1.880371408439910239e-10 1.485828477100646472e-10 1.217745611232313250e-10 9.962061476581741418e-11 8.306952883380859372e-11 6.806677324245124730e-11 5.740020981715093904e-11 4.831834138207940333e-11 4.039518664332600566e-11 3.526228580352699876e-11 2.953431879669243979e-11 2.536344586171260016e-11 2.301450024359193668e-11 1.989852074559396223e-11 1.716196149264582492e-11 1.582733938386484447e-11 1.359156768993038174e-11 1.266480199770044866e-11 1.087863818625392344e-11 1.019390522011743133e-11 9.575465678474313385e-12 8.217135217331185855e-12 7.803758918978799695e-12 7.409966461840807892e-12 7.068371421990119685e-12 6.786480146171706811e-12 6.561506258196387927e-12 7.058988242180865430e-12 6.902228612134524475e-12 7.856428627411783907e-12 8.848563086354527898e-12 1.057888627825094889e-11 1.442560231500916309e-11 2.099330050927202148e-11 3.644736141837492178e-11 6.965751153058687377e-11 1.003638413879175188e-10 8.094939990851164480e-11 5.036145638525308392e-11 2.866129798386886079e-11 1.413596170750606715e-11 1.707721182101342196e-11 3.358034416035278761e-11 1.606007214359269964e-11
2.146229474048915362e-09 2.157361568230991797e-09 2.168730633291320566e-09 2.180339848581844225e-09 2.192172158619031062e-09 2.204247650079440140e-09 2.216497591710888023e-09 2.229030470822507383e-09 2.241651448390035684e-09 2.254544962500796660e-09 2.267613857054719225e-09 2.280650236963615819e-09 2.294075895967993654e-09 2.307489262082654535e-09 2.320746650921309260e-09 2.334364508226526651e-09 2.347969654631514119e-09 2.361140237363998944e-09 2.374303419713809461e-09 2.387572509855064795e-09 2.400352056475367656e-09 2.424796218484192206e-09 2.463036672428372384e-09 2.495655404272340534e-09 2.520325617907768703e-09 2.542285131873475098e-09 2.564055633994823384e-09 2.584192005207571136e-09 2.606051002463443560e-09 2.631667654906652946e-09 2.657814951966803754e-09 2.685824399159418537e-09 2.715055038317702571e-09 2.742748885193932661e-09 2.767988568026355446e-09 2.794108516760201966e-09 2.824993532519770807e-09 2.846224104669947600e-09 2.866357254131358912e-09 2.874271659893658688e-09 2.872007667000304009e-09 2.874084077396732790e-09 2.852309850972464962e-09 2.809970329340586493e-09 2.730836325358307467e-09 2.612347826874595282e-09 2.462074178624705078e-09 2.284490844052162871e-09 2.062098262460616078e-09 1.796256324300140708e-09 1.510316140902127500e-09 1.210347165920815130e-09 9.524701433754313852e-10 7.324600182399812974e-10 5.674674819639701192e-10 4.386566833688713635e-10 3.416145068133929855e-10 2.662791081907323517e-10 2.149052710984084898e-10 1.734222903026520456e-10 1.425826987029418912e-10 1.155173550789226177e-10 9.616760285781127971e-11 8.001739850736270177e-11 6.625755808550631737e-11 5.709415477617878907e-11 4.740572493048749123e-11 4.032590978550779129e-11 3.614361830376125049e-11 3.099262888452110809e-11 2.652251821829233561e-11 2.421184164569530817e-11 2.066969111421387500e-11 1.908805491297749490e-11 1.631496983473681266e-11 1.517508702520021286e-11 1.416226870490637702e-11 1.211005328962718336e-11 1.143635316012704424e-11 1.080791419429726392e-11 1.026662722576094584e-11 9.820459023357278053e-12 9.463536237417364467e-12 1.014376984359167995e-11 9.895610286423027647e-12 1.123336326258063110e-11 1.262658426076640366e-11 1.507001709300022921e-11 2.052112399798009279e-11 2.983306203287031461e-11 5.175410435110696300e-11 9.887088257890772394e-11 1.424984934460587495e-10 1.150016127317598523e-10 7.160500353278664768e-11 4.081218789059582118e-11 2.012523316576051017e-11 2.426265205017131988e-11 4.768234376561567828e-11 2.283470503767906452e-11
2.678988376011622832e-09 2.692364845555241233e-09 2.706051286802905506e-09 2.720044938008463135e-09 2.734338718279921318e-09 2.748942123570510385e-09 2.763817659647487050e-09 2.779010514650462239e-09 2.794436982104289894e-09 2.810157089871637912e-09 2.826147214684277886e-09 2.842244252202742690e-09 2.858783334003741183e-09 2.875290821357775448e-09 2.891954730635180313e-09 2.909065125370115619e-09 2.925902585085917425e-09 2.942743108275572971e-09 2.960007349845204295e-09 2.976979632479583899e-09 2.993441212178296771e-09 3.023887671371558668e-09 3.069522245586243101e-09 3.107052069796626745e-09 3.133884772866542185e-09 3.158936550986240815e-09 3.185955798981922163e-09 3.211088980334000154e-09 3.234907563856912658e-09 3.259771469580496528e-09 3.286669472048450439e-09 3.318901347442899144e-09 3.357455540167428066e-09 3.400964654024533164e-09 3.448302568559754317e-09 3.495523746119645597e-09 3.538352427879791909e-09 3.560175354076902927e-09 3.574535170213227863e-09 3.584364806960395737e-09 3.598991159575703076e-09 3.636583583628388148e-09 3.672581358290352926e-09 3.707607863176089582e-09 3.722344209641603453e-09 3.696916802652120441e-09 3.637609301433086274e-09 3.534231694283404655e-09 3.359629741021302106e-09 3.097169345463868665e-09 2.754329600613979170e-09 2.321408821366001376e-09 1.881439609784388123e-09 1.458099046582802395e-09 1.119948789410619577e-09 8.511755229032628642e-10 6.507775574077585334e-10 4.988421915774730720e-10 3.954145464294302545e-10 3.140920841082023963e-10 2.541687153934309593e-10 2.033039411223597150e-10 1.668463898362190605e-10 1.370433374650382584e-10 1.122648648741752621e-10 9.534700141409537084e-11 7.839004716282799121e-11 6.596390351239600473e-11 5.828804947862021322e-11 4.949987863694731908e-11 4.197178631730114683e-11 3.784875925334116015e-11 3.208271622721513867e-11 2.930192602396795108e-11 2.489248791495091707e-11 2.293823824118875217e-11 2.123118491132174344e-11 1.807292957267392043e-11 1.694371181899131939e-11 1.591385031642001606e-11 1.503386462318996985e-11 1.430962860026791028e-11 1.372893882643679292e-11 1.464324318483963603e-11 1.424082419679832787e-11 1.610711729091930150e-11 1.805571807135252228e-11 2.150025016175918735e-11 2.922216751006167416e-11 4.242368824002433949e-11 7.352062515851826954e-11 1.403782890026433060e-10 2.023991732541105574e-10 1.634677130018142883e-10 1.018882430200513073e-10 5.818241748432701085e-11 2.868514712862036190e-11 3.449170432463111239e-11 6.773468672958295396e-11 3.249237968638032537e-11
3.344937995322124906e-09 3.360960929874102025e-09 3.377379366116291547e-09 3.394189377732709491e-09 3.411388508592339524e-09 3.428978083162552202e-09 3.446952166784558213e-09 3.465301383095946742e-09 3.484029647782375002e-09 3.503098501806921835e-09 3.522565326296249018e-09 3.542267554078710198e-09 3.562445006730503425e-09 3.582742212216780036e-09 3.603385504555952528e-09 3.624442320505724519e-09 3.645301955329434541e-09 3.666661804340798169e-09 3.688287183541749713e-09 3.709436105608796124e-09 3.730838567224329229e-09 3.768356003386144456e-09 3.821612552599172696e-09 3.864743042846710161e-09 3.896486492450896793e-09 3.926210984146066272e-09 3.956127394528205278e-09 3.982839539914445835e-09 4.010020829282368240e-09 4.041438772909988468e-09 4.075658193082237057e-09 4.110827275818339210e-09 4.146040043551395795e-09 4.185074951288515608e-09 4.235552767952408747e-09 4.301121256071636098e-09 4.378921322740557832e-09 4.441589561546518243e-09 4.477322545889866497e-09 4.486811583917935745e-09 4.488525135134415969e-09 4.513483087041849021e-09 4.554319500503659409e-09 4.620134368108281445e-09 4.702023247973836459e-09 4.776072702080867194e-09 4.847959572447429555e-09 4.894262712910249581e-09 4.886353937386150169e-09 4.788406302747409340e-09 4.567612757816031837e-09 4.164072567177116857e-09 3.608375266844052148e-09 2.938757563745612554e-09 2.304062402907442600e-09 1.743917990008253042e-09 1.310410823009104976e-09 9.841647828423100804e-10 7.628023737297107529e-10 5.943520104933491079e-10 4.721686064923786065e-10 3.721307224913298536e-10 3.005976318626342040e-10 2.434117721872617528e-10 1.970535024195341672e-10 1.647422219825427873e-10 1.339720677676186338e-10 1.113924605270918174e-10 9.688515857091739385e-11 8.138135417486092860e-11 6.828132490699942918e-11 6.070541138747824038e-11 5.103025286135585797e-11 4.599641830772655823e-11 3.878923487509778936e-11 3.533785500443734595e-11 3.237397619365568139e-11 2.740430114657030574e-11 2.545577553991142198e-11 2.371933308753413880e-11 2.224835490306647264e-11 2.104010200383254096e-11 2.006940306271902418e-11 2.126507613055170819e-11 2.059539798091899640e-11 2.317992949300983499e-11 2.588904635309115875e-11 3.073226501623231669e-11 4.166368999862921204e-11 6.037403527279777176e-11 1.044867147165151257e-10 1.993640272811649734e-10 2.875846262082020051e-10 2.324939663434406260e-10 1.451047165726687737e-10 8.305920339024696632e-11 4.094157868982198824e-11 4.906463665636644337e-11 9.625985854530519075e-11 4.627525505647654635e-11
4.177940973140710619e-09 4.197085011619778387e-09 4.216722165582840063e-09 4.236855347850373021e-09 4.257481365505345156e-09 4.278601604429207436e-09 4.300220792969388838e-09 4.322324724741908355e-09 4.344921247207244599e-09 4.367984330245747193e-09 4.391542057788403582e-09 4.415513348317441862e-09 4.439992467578447916e-09 4.464830121439141956e-09 4.490087750017120837e-09 4.515843518568840182e-09 4.541637608205758756e-09 4.568145871244548441e-09 4.594740288805882115e-09 4.621236846023298483e-09 4.648542733839727858e-09 4.693663021891290892e-09 4.755840398540181845e-09 4.806876557340172440e-09 4.844370034335747646e-09 4.878402874200996172e-09 4.912861396155580043e-09 4.943787497835869258e-09 4.974007081046325252e-09 5.008761099235411647e-09 5.049645780180151303e-09 5.094738145862923536e-09 5.137144516112059400e-09 5.175837838567975907e-09 5.216998639865357555e-09 5.270812586451608252e-09 5.348039059547652168e-09 5.441691989811237825e-09 5.527932926812665871e-09 5.588442658793566639e-09 5.618093514386136061e-09 5.639552633909396569e-09 5.657854195001294571e-09 5.695827060523207764e-09 5.766605893100803052e-09 5.863265378191500962e-09 6.002293199658697573e-09 6.164715515756658672e-09 6.340202659844960654e-09 6.496865602760637918e-09 6.574039379895857449e-09 6.488012870897588964e-09 6.153550466283687134e-09 5.513540683688892279e-09 4.642438984928795336e-09 3.668851940109728982e-09 2.787666083225046165e-09 2.066171386907069428e-09 1.558751902943434534e-09 1.184117996076529352e-09 9.188893186838476864e-10 7.109691442523737857e-10 5.639204013270048864e-10 4.494056996733224669e-10 3.590723409013522574e-10 2.951808208237264004e-10 2.372019916032535001e-10 1.946954599863063611e-10 1.664879790328314850e-10 1.381775152766803617e-10 1.145921669150373251e-10 1.002766621321240605e-10 8.350166236099968703e-11 7.413219346827808536e-11 6.198516861509086996e-11 5.571101807968530723e-11 5.041078852557387500e-11 4.238415120848048059e-11 3.892337467435020141e-11 3.590847540438150528e-11 3.337733075844478779e-11 3.130328620281506508e-11 2.963454928300754329e-11 3.112734799623179881e-11 2.998270452241086577e-11 3.352267851849248475e-11 3.725618002515842135e-11 4.404078801370273137e-11 5.950102320776043794e-11 8.600834009142764649e-11 1.485832796274309234e-10 2.832403860807306555e-10 4.088255703259315344e-10 3.309229361418599447e-10 2.068874102921412319e-10 1.187823637097876599e-10 5.853913589890140818e-11 6.985483649267030740e-11 1.368756154885818078e-10 6.598096750485934429e-11
5.221065456890879627e-09 5.243887200522101628e-09 5.267320148840382541e-09 5.291370223729204253e-09 5.316040072767101417e-09 5.341330839426887312e-09 5.367248670050373355e-09 5.393794888611250099e-09 5.420958596924194479e-09 5.448745553452063395e-09 5.477147228311999116e-09 5.506153573675914166e-09 5.535751733193402399e-09 5.565947195278284870e-09 5.596654329882880902e-09 5.628021714695566162e-09 5.659685692058325585e-09 5.692126069968995551e-09 5.724786734740577208e-09 5.757765775946874845e-09 5.791624047329168583e-09 5.845603250245209378e-09 5.919245215085246019e-09 5.979705432280945921e-09 6.022400840431922103e-09 6.062080577189749322e-09 6.104113934881669104e-09 6.140639998793179472e-09 6.174406798500308517e-09 6.213346263736537100e-09 6.261104941738194638e-09 6.315661554633985488e-09 6.367252510799270012e-09 6.414367486699439584e-09 6.458827061472257673e-09 6.505924329511198982e-09 6.565611168949018720e-09 6.648194542693214392e-09 6.744234589586868324e-09 6.845609002238220862e-09 6.933330802858566139e-09 7.003845718661614660e-09 7.052862947425711045e-09 7.088910858167073004e-09 7.128244489651338129e-09 7.179228186033917359e-09 7.277915983894277723e-09 7.430032402549766634e-09 7.661592834216854061e-09 7.976487132025211794e-09 8.332309367849144737e-09 8.678384989933845888e-09 8.840532111894199725e-09 8.696037466450342781e-09 8.150646002736934824e-09 7.196493072918771372e-09 5.899752227165807729e-09 4.529715619420544965e-09 3.399293774656947229e-09 2.519243756645662962e-09 1.894887649298420078e-09 1.428638253284688098e-09 1.106750852334289824e-09 8.650556579832997635e-10 6.806799329823953239e-10 5.494616909488953427e-10 4.357774560873063786e-10 3.528074645311689937e-10 2.964020188286275006e-10 2.428683274444582901e-10 1.989102762712992585e-10 1.711294938272712076e-10 1.410314407429700145e-10 1.231285849778693220e-10 1.019698358081099502e-10 9.024700053037331817e-11 8.049516610144209042e-11 6.714220474626047308e-11 6.082264242351646370e-11 5.543381401662848948e-11 5.095034382133828121e-11 4.728713814061645963e-11 4.433749014105190185e-11 4.604576574579713284e-11 4.403655706107706501e-11 4.880442159139751740e-11 5.388272782834213856e-11 6.333688390884696691e-11 8.517467622838558781e-11 1.227111134518070570e-10 2.114833511295166883e-10 4.026562602187542411e-10 5.816322824517314989e-10 4.715577065576416695e-10 2.954491106137743361e-10 1.702762738115444363e-10 8.390495330543437198e-11 9.958043255620801581e-11 1.948002696554108543e-10 9.423170886623838573e-11
6.528590349463005307e-09 6.555743490238803303e-09 6.583649508660267050e-09 6.612317506354396711e-09 6.641755064146057887e-09 6.671967975458604073e-09 6.702962950012630522e-09 6.734747222454633399e-09 6.767318923496613116e-09 6.800674865511172295e-09 6.834822462349441898e-09 6.869757179032386779e-09 6.905455004932251256e-09 6.941942721759935772e-09 6.979145273075400916e-09 7.017148080179600388e-09 7.055766795336819486e-09 7.095194429500921680e-09 7.135193160176386403e-09 7.175733315433279661e-09 7.217213390721420344e-09 7.282036628532212560e-09 7.369316872126368949e-09 7.439929013738775622e-09 7.489490693689726314e-09 7.537925966209616361e-09 7.587425636690981155e-09 7.627979839060321241e-09 7.667957431749320305e-09 7.716748191519821803e-09 7.774683516880331171e-09 7.837799649710922147e-09 7.896199397683952915e-09 7.951124744077049744e-09 8.005444578123394522e-09 8.062943883725040581e-09 8.124318829475224090e-09 8.194868219672584319e-09 8.273339938013606029e-09 8.367729246964915288e-09 8.471579078265954665e-09 8.578002783011295111e-09 8.683798298905786061e-09 8.774607797786760687e-09 8.847462819835215405e-09 8.896810680481268300e-09 8.948023431838060316e-09 9.016289750062642406e-09 9.155652478102306849e-09 9.417097929574756540e-09 9.821642468896700762e-09 1.040404244606110111e-08 1.099583501989457551e-08 1.152284206610484931e-08 1.177540339484780541e-08 1.155882833039299732e-08 1.068237453964634777e-08 9.305342920942844683e-09 7.500996283733982229e-09 5.660399429416258807e-09 4.194081419672834532e-09 3.072369757340453006e-09 2.300269463740264677e-09 1.748773445941204247e-09 1.348057110031744447e-09 1.065186063609042515e-09 8.319424944838840407e-10 6.635701923602439004e-10 5.474149646731829722e-10 4.425188976059266691e-10 3.576778215026559982e-10 3.023568334846077983e-10 2.464366680385842985e-10 2.113673312599012923e-10 1.732272453580906087e-10 1.507520510321466145e-10 1.323205714676975748e-10 1.093787773899068067e-10 9.753467993818547639e-11 8.763074598180478241e-11 7.946356538625940498e-11 7.281305738075034963e-11 6.745837800451272224e-11 6.905339629891503233e-11 6.543539191316043205e-11 7.168705580596048264e-11 7.845574924592572186e-11 9.152822329057113442e-11 1.223195023044212651e-10 1.754425869449705603e-10 3.014038413332155459e-10 5.729437364146764196e-10 8.284010898224223647e-10 6.730145761412521429e-10 4.228359258341775302e-10 2.448632107095360389e-10 1.206545976455299171e-10 1.422056481015052079e-10 2.775865034202884776e-10 1.348765657413291700e-10
8.168152625412430780e-09 8.200401151270786291e-09 8.233571614849223990e-09 8.267677522844448562e-09 8.302731331189490539e-09 8.338744314583897942e-09 8.375726997263040362e-09 8.413689579445513453e-09 8.452638845286143700e-09 8.492575818520429113e-09 8.533506980371279214e-09 8.575440515233302395e-09 8.618365151650292729e-09 8.662273732335398029e-09 8.707173963271849729e-09 8.753036548312973346e-09 8.799858840988734002e-09 8.847599743147796128e-09 8.896297350395897287e-09 8.945733878001947917e-09 8.996287355989373015e-09 9.074084885436121780e-09 9.177078145345253838e-09 9.259793112204305566e-09 9.318651719907018368e-09 9.376560858722849510e-09 9.433429219031925717e-09 9.481369133953898882e-09 9.530270314608567246e-09 9.587129299747296265e-09 9.654859838955878454e-09 9.732790403692292278e-09 9.806206398939512974e-09 9.871178509618494383e-09 9.932018680857798401e-09 9.996848370116386220e-09 1.006686613895072116e-08 1.014854054095014320e-08 1.023731702316038987e-08 1.032920899107699411e-08 1.041932429068210951e-08 1.050977840563310326e-08 1.061670688878878035e-08 1.073513600374589089e-08 1.086210689431678703e-08 1.097815823527956240e-08 1.106771485738804752e-08 1.112009514124713313e-08 1.117681589137057621e-08 1.129650373640244773e-08 1.153487929743860707e-08 1.200576753915712260e-08 1.266953305029931151e-08 1.357415907888149406e-08 1.444931465365683753e-08 1.517150752375570271e-08 1.556866915981119742e-08 1.537666749216312300e-08 1.395747612120515061e-08 1.188270835690086190e-08 9.514087541926142142e-09 7.065619211631264114e-09 5.155755703226618843e-09 3.784976794017641737e-09 2.825693875358856163e-09 2.165706349245656399e-09 1.656281979896152151e-09 1.297692724721934483e-09 1.049978752062125225e-09 8.364797261565988866e-10 6.667200167794336365e-10 5.536492282407051534e-10 4.460400365914007793e-10 3.756673016962948608e-10 3.044954127962016611e-10 2.603452156102795564e-10 2.246169964216081097e-10 1.838436185421153969e-10 1.611031820061446139e-10 1.424198653446080741e-10 1.271453875203570941e-10 1.147557052466471466e-10 1.047903236283259085e-10 1.053654392209683283e-10 9.869351940864680951e-11 1.065222458985166633e-10 1.152480249808272911e-10 1.331106349988490084e-10 1.764066369370706633e-10 2.515143245189898999e-10 4.302701740316312973e-10 8.161783896860329814e-10 1.181494831232806648e-09 9.624368225054315761e-10 6.068047541522114226e-10 3.535178118721717875e-10 1.742243504852244681e-10 2.035357718286550593e-10 3.961845531930412660e-10 1.935963996647708639e-10
1.022375441844457312e-08 1.026198684729986852e-08 1.030134238010910282e-08 1.034184010522464270e-08 1.038349819130710705e-08 1.042633380912920270e-08 1.047036312892888703e-08 1.051560122021499543e-08 1.056206128981696021e-08 1.060975336369392244e-08 1.065868655264052747e-08 1.070887343360253270e-08 1.076031837882038186e-08 1.081301155272271312e-08 1.086696250368033525e-08 1.092216869013556941e-08 1.097861607812002422e-08 1.103627228566454752e-08 1.109518306958853262e-08 1.115518872361029090e-08 1.121648852276716816e-08 1.130959504147188946e-08 1.143090410022745394e-08 1.152842524435946843e-08 1.159839866278137435e-08 1.166667606630174098e-08 1.173334679695057844e-08 1.179094870790243990e-08 1.184762764097247261e-08 1.191359295235542173e-08 1.199721645965534362e-08 1.209258001685131644e-08 1.217723894367339315e-08 1.225309445115050080e-08 1.232959189815399840e-08 1.241108721297152783e-08 1.249614532941889506e-08 1.258780773986107589e-08 1.268315339361368698e-08 1.278841934916298811e-08 1.290097455339825500e-08 1.300457023202279852e-08 1.310234420618233565e-08 1.319609631374757016e-08 1.330213034605447417e-08 1.342814368411440399e-08 1.355735923179859184e-08 1.366873176289610593e-08 1.376560748285576489e-08 1.385888816207695454e-08 1.395646705004443964e-08 1.416058217158079330e-08 1.457571063149953041e-08 1.538002752037993026e-08 1.638728846361624974e-08 1.765745660123833952e-08 1.894123691572299126e-08 1.994353088675549916e-08 2.031129664713648448e-08 2.005009645488579458e-08 1.820564156234837230e-08 1.512839071333562585e-08 1.196019586046907208e-08 8.853817383230712131e-09 6.416785813004045231e-09 4.713607077094350296e-09 3.482340203466800650e-09 2.655931134741505375e-09 2.098221718219572343e-09 1.642651860358788063e-09 1.288850436016969682e-09 1.051032471260774504e-09 8.363992064353259718e-10 6.916955220068040644e-10 5.542201384019780239e-10 4.654410724063974498e-10 3.945063627225753749e-10 3.195104475778328296e-10 2.748594598155133326e-10 2.387515885700648463e-10 2.094803167808112826e-10 1.858431773900756230e-10 1.668701093128055278e-10 1.642209981251762570e-10 1.516472671538089554e-10 1.606241762900070578e-10 1.712235955315247730e-10 1.951761430741075454e-10 2.557867545913921358e-10 3.617923970835454545e-10 6.154491543549069028e-10 1.164171059281689063e-09 1.687753104036366397e-09 1.379565548044219176e-09 8.737105932023706156e-10 5.128561070226050191e-10 2.528881719381746049e-10 2.921240987111256173e-10 5.665192994721442131e-10 2.788392228119054496e-10
1.280056176913523367e-08 1.284581094768734509e-08 1.289242197505540687e-08 1.294042076077510581e-08 1.298983242171503826e-08 1.304068110817524275e-08 1.309299000528574562e-08 1.314678116727002481e-08 1.320207515465628536e-08 1.325889059280029242e-08 1.331724438285962613e-08 1.337715300217833588e-08 1.343863050826629059e-08 1.350168126813784658e-08 1.356630848888337541e-08 1.363253027948516431e-08 1.370033921060323538e-08 1.376971589138217163e-08 1.384066840177682515e-08 1.391317449505209802e-08 1.398720228975680054e-08 1.409825286867492279e-08 1.424116284361129013e-08 1.435644401104638387e-08 1.443949487612036283e-08 1.452006627139692651e-08 1.459932418463813074e-08 1.466737408757643381e-08 1.473252483735535176e-08 1.481119721154381109e-08 1.491330147987023331e-08 1.502557445508649822e-08 1.512492855550338912e-08 1.521738207123114228e-08 1.530688384032538114e-08 1.540095795560165956e-08 1.550721300592603397e-08 1.562554378263503438e-08 1.574346002632008818e-08 1.586459831000801798e-08 1.599015050209599915e-08 1.611488808758955924e-08 1.624080490078721984e-08 1.635764652064072198e-08 1.646389383522275697e-08 1.656752830934682333e-08 1.666751649482778901e-08 1.676922101028703030e-08 1.687261888852887522e-08 1.697005004233844736e-08 1.705940480964168414e-08 1.720625945819631382e-08 1.744763514207629179e-08 1.782261060838569414e-08 1.845588181429041395e-08 1.975314638741289712e-08 2.130198060309305152e-08 2.295192448583289426e-08 2.459166980789100202e-08 2.583776930240815146e-08 2.618853600452872595e-08 2.583018885448422402e-08 2.373033631546695834e-08 1.934101254047415247e-08 1.509025724105307047e-08 1.117248927598801175e-08 7.947903237741187487e-09 5.813879023265693306e-09 4.423992673088743119e-09 3.372182373228293862e-09 2.590206701121061418e-09 2.070380085834404697e-09 1.624912725651854477e-09 1.319234883616310623e-09 1.044266083521140224e-09 8.615300074858766190e-10 7.173867098238120462e-10 5.746717149416522621e-10 4.851257988356015959e-10 4.137573824960338232e-10 3.563882041431150353e-10 3.102991459372453890e-10 2.734203682198171766e-10 2.624899236244410521e-10 2.383245515206638292e-10 2.466689398762173538e-10 2.580667312667306702e-10 2.891997015809864291e-10 3.734572254110899101e-10 5.226407560923738063e-10 8.824239244433622991e-10 1.662959295090964097e-09 2.415316842038231630e-09 1.983065598325996235e-09 1.263109729563047664e-09 7.483999210028488309e-10 3.694590988482697043e-10 4.207100052636592288e-10 8.119171839273460925e-10 4.033228764948934127e-10
1.603186972639857329e-08 1.608534127914665041e-08 1.614045763227121204e-08 1.619725296400716195e-08 1.625576077438833753e-08 1.631601384389492460e-08 1.637804394816254674e-08 1.644188190351736685e-08 1.650755730797231462e-08 1.657509816009126454e-08 1.664453070596527795e-08 1.671587950846353193e-08 1.678916694301892826e-08 1.686441095877110472e-08 1.694162519276328475e-08 1.702082731766751600e-08 1.710203386938467813e-08 1.718523445208290115e-08 1.727042375982942730e-08 1.735762807645792813e-08 1.744679641083251107e-08 1.757877880104850477e-08 1.774731100256342932e-08 1.788357612830819057e-08 1.798236643361910774e-08 1.807767080501330257e-08 1.817223355198645409e-08 1.825189803080605641e-08 1.832801236563898788e-08 1.842211234442430607e-08 1.854394044484002967e-08 1.867639243838847678e-08 1.879637902413773584e-08 1.890589432711097204e-08 1.900619327739763916e-08 1.911632868954802815e-08 1.924420674538193240e-08 1.938837633037678572e-08 1.953578725111204131e-08 1.968862317074997452e-08 1.984239487203477554e-08 1.999173748053989315e-08 2.014281475382809935e-08 2.029202578465358505e-08 2.043605115115610476e-08 2.057051163368870974e-08 2.068240470107006513e-08 2.077788786921989622e-08 2.086666286558647832e-08 2.094519216551335630e-08 2.099833017726915604e-08 2.102430106262081180e-08 2.109400575170214034e-08 2.129920609015436913e-08 2.180412748326050196e-08 2.260166738093365829e-08 2.349688977474397214e-08 2.533849573824981008e-08 2.764860132696205323e-08 2.948562721983430919e-08 3.152281435423280891e-08 3.341410967858782851e-08 3.391447513845769732e-08 3.281957617171531927e-08 3.072518268360133214e-08 2.507271244853328047e-08 1.879542524224708886e-08 1.393780189661890108e-08 1.014957190434739900e-08 7.399062330613272663e-09 5.478332246411766951e-09 4.255967798261656636e-09 3.277453126379515838e-09 2.607446749650777089e-09 2.035971908762361180e-09 1.650173681400403495e-09 1.350215488170384935e-09 1.069375521601316388e-09 8.860579635868414066e-10 7.419634713831681379e-10 6.271365734563299251e-10 5.354348622039318754e-10 4.623731111546984082e-10 4.318892839022857951e-10 3.846120057632111341e-10 3.873335122434686255e-10 3.960113349693726162e-10 4.343051928611461356e-10 5.501542947909657845e-10 7.591597636034186321e-10 1.269035467059791349e-09 2.379701723303206161e-09 3.464182294661679730e-09 2.860607923552961534e-09 1.835299114967175558e-09 1.100076705231782102e-09 5.442289603484110701e-10 6.085702707107505591e-10 1.166943527722166394e-09 5.865221511833169387e-10
2.008755489371416818e-08 2.015066223625304763e-08 2.021574941040430755e-08 2.028286061484885047e-08 2.035203955388618822e-08 2.042332947344812549e-08 2.049677271289519668e-08 2.057241083368685677e-08 2.065028427793227635e-08 2.073043225591899078e-08 2.081289222799483053e-08 2.089769979295795983e-08 2.098488848493397204e-08 2.107448912219253392e-08 2.116652935845094523e-08 2.126103529685535438e-08 2.135803209213561379e-08 2.145753360346602526e-08 2.155954065958962641e-08 2.166407251750517952e-08 2.177114672215054914e-08 2.192769440214943353e-08 2.212642700205542755e-08 2.228764446529327659e-08 2.240537003091767859e-08 2.251836393636092287e-08 2.263121381333325608e-08 2.272461700037628811e-08 2.281441658126518180e-08 2.292617950466851367e-08 2.307070791963966304e-08 2.322896358459207106e-08 2.337285549865918209e-08 2.349947826574495144e-08 2.361540475330840069e-08 2.374719772785302343e-08 2.389336655480112948e-08 2.406010013862680892e-08 2.424020999576127982e-08 2.443179520499141716e-08 2.462323426767103718e-08 2.480676061682335299e-08 2.499234686161331994e-08 2.517347230375640897e-08 2.535127120347711682e-08 2.553028123454205449e-08 2.569919174588109528e-08 2.585088036026735131e-08 2.598318698845853273e-08 2.609365860211028891e-08 2.617018105423826275e-08 2.616479043038895379e-08 2.610177671712701714e-08 2.603239600162013740e-08 2.612461460076246224e-08 2.641975184021866418e-08 2.713554309982301035e-08 2.873581690858417556e-08 3.019443434070794359e-08 3.211854766567167473e-08 3.553049163177010719e-08 3.803009476323182261e-08 4.030353814913883778e-08 4.278709946191240405e-08 4.413011174146039298e-08 4.188723932194756498e-08 3.854987295381094297e-08 3.244120689261789005e-08 2.413809397129046114e-08 1.767924295895776008e-08 1.262707327470291242e-08 9.335713336357565391e-09 6.947370571060352512e-09 5.368483870619577022e-09 4.113693398967573064e-09 3.270678479839504185e-09 2.628816204368338390e-09 2.056897066781480538e-09 1.673538932537503690e-09 1.376454958677520498e-09 1.141919087245014174e-09 9.559154184227353285e-10 8.085400285125257835e-10 7.336976905115734765e-10 6.396629451539563338e-10 6.244484667591539827e-10 6.212246480573403630e-10 6.633698416993705688e-10 8.198822702355462406e-10 1.110678221486398134e-09 1.832267185578080024e-09 3.413260653640827669e-09 4.982526103409634511e-09 4.145063846534923603e-09 2.683821113174994771e-09 1.631620473030855341e-09 8.101657307227930133e-10 8.854271101939137392e-10 1.683526624137219432e-09 8.588555745407242039e-10
2.518284143058698869e-08 2.525724134595979424e-08 2.533401739925297914e-08 2.541322594480876242e-08 2.549492312514486916e-08 2.557916478794105650e-08 2.566600619433787425e-08 2.575550201047014040e-08 2.584770588747101435e-08 2.594267058105567170e-08 2.604044731975349213e-08 2.614108564461087261e-08 2.624463312767205181e-08 2.635113528250663283e-08 2.646063503323282876e-08 2.657317247931941880e-08 2.668878473708857256e-08 2.680750351590380438e-08 2.692935179769815035e-08 2.705435285475629455e-08 2.718253855901231501e-08 2.736797309231331859e-08 2.760221659457621725e-08 2.779321991602706616e-08 2.793355007294985498e-08 2.806805079788999783e-08 2.820242089491862968e-08 2.831275794728336177e-08 2.841870932336541994e-08 2.855126878943666371e-08 2.872273750055649656e-08 2.891245045274679872e-08 2.908294259638910648e-08 2.923072497260753071e-08 2.936785518916622907e-08 2.952233227647836453e-08 2.968836803750984398e-08 2.988578824234842704e-08 3.010231189605524082e-08 3.032773512648734752e-08 3.055632995226549640e-08 3.078318885696852342e-08 3.101472098018792304e-08 3.123422277019370982e-08 3.144803139169361592e-08 3.166627598866011722e-08 3.187691867024035805e-08 3.207861780933755838e-08 3.228200993006343500e-08 3.249652473716034335e-08 3.271384933151146951e-08 3.289627807366042842e-08 3.295228290389115890e-08 3.274015994793167910e-08 3.235633585122911499e-08 3.214273278085797478e-08 3.233522297926699553e-08 3.293769818893423579e-08 3.376700573932497105e-08 3.604585961427844652e-08 3.912454205453078425e-08 4.108153129939756901e-08 4.521767772327225651e-08 4.905558030132777333e-08 5.143233842267515364e-08 5.429068705057560511e-08 5.678423239661969210e-08 5.442081929457315755e-08 4.817835941781653909e-08 4.142351787245958174e-08 3.070810630319329293e-08 2.220655169558798004e-08 1.603854311688117191e-08 1.177889054421945324e-08 8.711462621127960969e-09 6.738439958480671021e-09 5.301110116276907859e-09 4.087551894622954820e-09 3.265396649023508822e-09 2.639087403089428837e-09 2.150079933380236745e-09 1.765512256947851577e-09 1.462936740779406663e-09 1.289299823851171065e-09 1.099273263287196227e-09 1.037392250397913958e-09 1.000318309354117354e-09 1.034658529807437202e-09 1.239984641427405492e-09 1.640191282641729513e-09 2.659111185595609061e-09 4.910247481873828391e-09 7.191649798268707685e-09 6.040502841945121633e-09 3.956349037793559984e-09 2.446796243161888450e-09 1.222304580763633020e-09 1.298026891769789022e-09 2.440757180419998068e-09 1.268829673493476786e-09
3.158726644540268892e-08 3.167489154697462835e-08 3.176536086913703550e-08 3.185874548385016298e-08 3.195511657127122791e-08 3.205454527794874839e-08 3.215710251759360482e-08 3.226285884397323612e-08 3.237188415207067354e-08 3.248424756599788835e-08 3.260001711620924392e-08 3.271925948185964299e-08 3.284203950513666080e-08 3.296842023746032268e-08 3.309846252182337359e-08 3.323222440579064954e-08 3.336976049211848924e-08 3.351112134600369813e-08 3.365635253487140208e-08 3.380549565011564048e-08 3.395859199211100200e-08 3.417789146431503816e-08 3.445392282883974525e-08 3.468037557495243253e-08 3.484773489261340812e-08 3.500826951144006976e-08 3.516813208700726740e-08 3.529924462410919723e-08 3.542414544396644632e-08 3.558157678721427392e-08 3.578490759937374104e-08 3.601207265669935825e-08 3.621343764370777551e-08 3.638780820524916548e-08 3.654944433580003902e-08 3.672860357669319055e-08 3.692186895078696153e-08 3.715802615092868081e-08 3.741184256029803437e-08 3.767529548053692799e-08 3.795418244854357947e-08 3.822802632424340317e-08 3.849618796306298738e-08 3.875607716502837655e-08 3.902271029368010526e-08 3.929015288345461481e-08 3.953007918360227201e-08 3.975626257605432211e-08 4.000165958253109737e-08 4.028320517026296619e-08 4.059267610281323058e-08 4.096719444531920870e-08 4.135872905961250753e-08 4.161616562169733135e-08 4.156247395631406143e-08 4.108210251037427900e-08 3.998963853839287510e-08 3.930871952852964435e-08 3.994374771749746153e-08 4.142337353162992883e-08 4.276751805775907221e-08 4.477369752587253763e-08 5.028938870890231398e-08 5.356670491283323677e-08 5.677674260372139968e-08 6.280979374871863524e-08 6.585552664669248164e-08 6.900550546159063803e-08 7.158474060901626418e-08 7.077300042214195870e-08 6.101828489610479062e-08 5.139263002511899055e-08 3.969184956889976328e-08 2.807455771473901308e-08 1.999788013518962774e-08 1.475534893971487928e-08 1.118845463761455107e-08 8.423153620045495978e-09 6.584715073832320069e-09 5.225020864364054697e-09 4.181088409416466505e-09 3.369618800014706674e-09 2.737033120378348121e-09 2.344663803702398816e-09 1.954579722472946273e-09 1.780707456041491199e-09 1.659399031146746435e-09 1.654443106961744440e-09 1.909876196335043589e-09 2.450883026158310784e-09 3.884115386424705324e-09 7.089164190067430320e-09 1.042370720231410778e-08 8.864071612135706219e-09 5.889969235087543506e-09 3.717726369927308922e-09 1.875194953338362751e-09 1.921454653535391911e-09 3.560751325353975132e-09 1.895484327789161919e-09
3.963608510042547923e-08 3.973917751459172874e-08 3.984566581781033771e-08 3.995563881611632507e-08 4.006918581456352318e-08 4.018639646912630650e-08 4.030736060260807799e-08 4.043216802649102983e-08 4.056090831125023594e-08 4.069367057832994370e-08 4.083054324576703982e-08 4.097161369130336267e-08 4.111696805850242153e-08 4.126669067238437065e-08 4.142086408250312709e-08 4.157956849258206482e-08 4.174288094386425834e-08 4.191087484261568045e-08 4.208361971652603074e-08 4.226118096326881842e-08 4.244361967333111368e-08 4.270257003686985911e-08 4.302764099069742221e-08 4.329619630382056271e-08 4.349600721658089179e-08 4.368760410399737516e-08 4.387821180388437621e-08 4.403419184401140250e-08 4.418187098364732758e-08 4.436865214380786415e-08 4.460997511033886837e-08 4.488108919953930539e-08 4.511955509147076053e-08 4.532572127535499127e-08 4.551577402026729101e-08 4.572375299643114945e-08 4.595080689428048147e-08 4.623027559395178065e-08 4.652838720474189804e-08 4.684321732061646042e-08 4.718025474876289573e-08 4.750029652067799203e-08 4.781751764065790921e-08 4.813752844023083489e-08 4.845123419225490949e-08 4.875376163965614148e-08 4.903959199800299082e-08 4.932130631157159380e-08 4.959357966726080739e-08 4.986131897840816209e-08 5.016429351286458849e-08 5.061541612437996625e-08 5.118427713247562462e-08 5.183600152224794296e-08 5.247144062787418535e-08 5.278387333601807002e-08 5.226673015975480194e-08 5.147660642107485991e-08 4.984004888072751128e-08 4.824316162578217000e-08 4.931247675894672666e-08 5.167543121306585674e-08 5.496661883063633074e-08 5.646480544746835887e-08 6.239735535231524489e-08 7.045955397783163277e-08 7.234577207275140661e-08 7.956243116986828502e-08 8.393534867294624462e-08 8.737973243752228206e-08 9.017465155156456489e-08 9.034261929514517422e-08 7.944748052791921769e-08 6.372744437854828333e-08 4.959392983717803105e-08 3.530669309324718820e-08 2.546463193158972667e-08 1.837671320343591399e-08 1.384102116124248364e-08 1.070882813569628609e-08 8.394773097407877877e-09 6.636595138739557358e-09 5.286549417607983517e-09 4.408548741371164582e-09 3.594962410278109645e-09 3.162187820750938987e-09 2.843190118830530084e-09 2.721809482908125799e-09 3.006660486650578969e-09 3.715751777588274878e-09 5.718266552324165018e-09 1.027688916035960855e-08 1.517856451974690055e-08 1.311409157935948485e-08 8.871800001225076728e-09 5.735013553373463316e-09 2.936446786073507737e-09 2.879238120111270657e-09 5.235001973395139357e-09 2.870721820805675602e-09
4.974807327015828982e-08 4.986923096615924598e-08 4.999443331655223976e-08 5.012379040504767983e-08 5.025741331561556097e-08 5.039541398223592766e-08 5.053790500665947077e-08 5.068499946108998489e-08 5.083681067118166083e-08 5.099345199186922873e-08 5.115503653385611588e-08 5.132167685593606808e-08 5.149348476057616729e-08 5.167057066420560565e-08 5.185304366882516103e-08 5.204101066216164630e-08 5.223457640153557959e-08 5.243384215560087965e-08 5.263890567138232726e-08 5.284986091038619600e-08 5.306679722273169370e-08 5.337209655442068472e-08 5.375460803871392015e-08 5.407303092120215660e-08 5.431173238026622107e-08 5.454045574086239009e-08 5.476784370212833830e-08 5.495380018851892776e-08 5.512886976919879008e-08 5.535007901216012876e-08 5.563691483379242226e-08 5.595929401524694982e-08 5.624280552389020559e-08 5.648612725718062791e-08 5.671022329880054473e-08 5.695210063918044370e-08 5.721927549240205939e-08 5.754753094065075680e-08 5.789964803149467280e-08 5.827664930581445306e-08 5.867836460197752894e-08 5.905541242401318637e-08 5.943942271774757808e-08 5.982345074936536022e-08 6.018457697837144392e-08 6.054827500843696325e-08 6.090036074177856031e-08 6.122252360487522257e-08 6.152344666590611276e-08 6.183743678674452337e-08 6.217967788413775279e-08 6.256668916555749024e-08 6.296859122473638123e-08 6.363697786693333647e-08 6.468522024395304975e-08 6.579309004882728819e-08 6.667638651696753247e-08 6.724079541341676764e-08 6.576600628104323234e-08 6.393689122039544538e-08 6.279297713114503371e-08 5.959552051839493587e-08 6.053705453852493172e-08 6.413024189543514278e-08 6.990742424879482661e-08 7.341482566548464318e-08 7.731222897170484578e-08 9.110970785517700607e-08 9.365454167843953901e-08 9.863842228034921299e-08 1.073515671778251291e-07 1.113806165326222250e-07 1.132989632729679866e-07 1.130317903582340514e-07 1.026455452951961391e-07 7.972480962561439517e-08 6.171918732975380587e-08 4.401531361296749352e-08 3.121151412577045543e-08 2.311404292085340836e-08 1.751886880816230472e-08 1.350170219001733466e-08 1.052651152333891622e-08 8.554345387953877221e-09 6.828145440684325895e-09 5.806765488400339575e-09 5.036774520968021805e-09 4.618659085241215597e-09 4.854061083744704473e-09 5.731881685751082706e-09 8.497528093511007495e-09 1.496422747745638909e-08 2.220874282725724689e-08 1.958124234354140234e-08 1.354464368406251139e-08 8.997253482039017911e-09 4.713647772412358876e-09 4.380403722814373175e-09 7.769572356297729261e-09 4.420676393056093144e-09
6.245252140984465343e-08 6.259476687726377535e-08 6.274181885169883667e-08 6.289381286352545979e-08 6.305088607996588906e-08 6.321317715363814982e-08 6.338082603846961035e-08 6.355397379214065536e-08 6.373276234898115025e-08 6.391733429341545196e-08 6.410783257575305021e-08 6.430440022540962835e-08 6.450718004732046273e-08 6.471631418240066657e-08 6.493194391513687814e-08 6.515420884776228473e-08 6.538324710528460042e-08 6.561919393110394393e-08 6.586218177879376863e-08 6.611233916831435589e-08 6.636979096981796709e-08 6.672920736072315315e-08 6.717891541687891659e-08 6.755630525700681048e-08 6.784150471694564739e-08 6.811460497302072474e-08 6.838595246649571844e-08 6.860798805849690015e-08 6.881596089967472086e-08 6.907793712139930442e-08 6.941848851445867225e-08 6.980178256950102245e-08 7.013867417240675259e-08 7.042652782387258231e-08 7.069086952548130267e-08 7.097318553778560465e-08 7.128708836379278596e-08 7.167263549060902239e-08 7.208906158918144139e-08 7.253839196856784147e-08 7.301461421248459243e-08 7.346376621045364737e-08 7.392526391722383758e-08 7.437788969506177702e-08 7.480351394656120415e-08 7.524873214895494747e-08 7.566226421743163464e-08 7.602984084261172825e-08 7.639901210550779894e-08 7.678839880526297355e-08 7.718981697767393493e-08 7.761130792565414294e-08 7.800895700695788278e-08 7.854840636527823369e-08 7.918385118817996797e-08 8.006821968034733173e-08 8.183705911620718549e-08 8.390782995154172625e-08 8.462952215986390033e-08 8.521278689571906572e-08 8.349392516459560012e-08 7.864410150985658847e-08 7.810688487816187323e-08 7.517365423216104787e-08 7.436205631934773220e-08 7.982555903906851255e-08 8.724067316129835180e-08 9.692298827376325537e-08 9.770054291181619965e-08 1.108569227881326646e-07 1.238911565001104776e-07 1.242325884822765380e-07 1.348527272660429494e-07 1.418644812829200457e-07 1.441409540372032871e-07 1.397222690457001623e-07 1.298498030189710645e-07 1.008042599324567035e-07 7.450933985558723346e-08 5.443437590273007517e-08 3.901741647858114404e-08 2.874649905899709716e-08 2.168374081627766466e-08 1.711410756073286759e-08 1.336064798911474812e-08 1.100340647660523111e-08 9.217618981553079439e-09 8.091528645697051182e-09 8.056936283669904730e-09 9.020946661803214411e-09 1.276510338527401659e-08 2.188964474953463932e-08 3.264142376210340219e-08 2.952645780221124189e-08 2.099111987233238280e-08 1.437048476941910263e-08 7.792598447537307206e-09 6.790095673228737702e-09 1.166461148371182357e-08 6.944518504905081627e-09
7.842412865172819552e-08 7.859099777410427852e-08 7.876356758237083979e-08 7.894200395653539869e-08 7.912647522326113529e-08 7.931715199745158584e-08 7.951420699446486764e-08 7.971781484013441958e-08 7.992815183691187424e-08 8.014539573052128649e-08 8.036972542835804054e-08 8.060132069466567393e-08 8.084036183647081750e-08 8.108702931520269408e-08 8.134150338407164328e-08 8.160396354003867233e-08 8.187458826559015643e-08 8.215355413261790286e-08 8.244103570207486342e-08 8.273720413391960860e-08 8.304222743989202888e-08 8.346481188923431501e-08 8.399308118910293025e-08 8.444013707350759810e-08 8.478086586674669604e-08 8.510696083047577868e-08 8.543089860265971315e-08 8.569634439807796227e-08 8.594380825185968508e-08 8.625424447692029721e-08 8.665812730557903879e-08 8.711374690465180778e-08 8.751408978648751253e-08 8.785541813588066387e-08 8.816709442465983061e-08 8.849838176434375967e-08 8.886594212308505534e-08 8.932034291541566898e-08 8.981175474338931238e-08 9.034653148056908024e-08 9.091031724708727619e-08 9.144693370064144077e-08 9.199586768914226636e-08 9.253066117152941051e-08 9.303918480398903171e-08 9.357216689204284112e-08 9.405010171669313947e-08 9.448862065433836935e-08 9.493802186211169171e-08 9.538085786594201447e-08 9.584507511296639168e-08 9.638827011218685626e-08 9.697303878720561696e-08 9.763195187828836170e-08 9.804134973272838515e-08 9.847487578238409380e-08 9.963218852451068232e-08 1.009949995330669059e-07 1.033823242533819020e-07 1.068007900729732223e-07 1.076759261659298372e-07 1.069640618333791603e-07 1.064861465362735310e-07 9.792336068609937897e-08 9.428108221640584239e-08 9.616837775250119408e-08 9.322512562582564049e-08 9.963387124121966986e-08 1.069707779704111283e-07 1.231713835930610480e-07 1.303198561115198007e-07 1.356469572596742022e-07 1.596315150090313008e-07 1.591577290505217280e-07 1.686787209587184116e-07 1.796486970199010744e-07 1.835994146400347657e-07 1.735603140958068920e-07 1.592302663118353011e-07 1.260715230461689956e-07 9.129084633755330066e-08 6.601770246623327847e-08 4.718751684525757611e-08 3.555785706101862290e-08 2.693251550537553225e-08 2.145733630492591464e-08 1.737837543425171189e-08 1.461714673179983194e-08 1.376245227096416188e-08 1.451439912836558654e-08 1.940906490537695304e-08 3.215967474304979969e-08 4.813590636641429493e-08 4.494632066497944819e-08 3.304575945652328577e-08 2.336616708646409677e-08 1.333096918705567443e-08 1.076804287038181347e-08 1.775612309098102960e-08 1.116755857610641095e-08
9.852100485847049983e-08 9.871664154505354317e-08 9.891902816784103058e-08 9.912836673888561045e-08 9.934486272681088385e-08 9.956872489364898310e-08 9.980016511341773476e-08 1.000393981854489711e-07 1.002866416000671487e-07 1.005421153014534225e-07 1.008060414088972137e-07 1.010786439027037940e-07 1.013601483026190606e-07 1.016507812810956668e-07 1.019507702536863647e-07 1.022603429267042181e-07 1.025797268223310393e-07 1.029091486429359574e-07 1.032488338306655873e-07 1.035990057106461026e-07 1.039598848496743420e-07 1.044561989869561820e-07 1.050762786967817796e-07 1.056055807914956418e-07 1.060125736210353030e-07 1.064019209586138446e-07 1.067887571849956447e-07 1.071064819737204003e-07 1.074013455308611881e-07 1.077693572748056139e-07 1.082481437640121844e-07 1.087893582450691944e-07 1.092654438281723276e-07 1.096708507363209252e-07 1.100387493575787170e-07 1.104285486461985938e-07 1.108591463347457536e-07 1.113949204779547123e-07 1.119748619051654211e-07 1.126102166305461257e-07 1.132783833954045916e-07 1.139182400054072054e-07 1.145697624715944308e-07 1.152041282551135834e-07 1.158113024834707900e-07 1.164409828172646140e-07 1.170031038441758343e-07 1.175299917658901039e-07 1.180530041869041921e-07 1.185526434819382334e-07 1.191009807929859809e-07 1.197360155925142464e-07 1.204348579582491576e-07 1.212997564456288205e-07 1.220664337884485339e-07 1.228454603617211984e-07 1.234388780912039866e-07 1.232199855356162941e-07 1.250587178868143666e-07 1.278464450310838510e-07 1.308477207117550605e-07 1.353466135728517174e-07 1.381530641186809629e-07 1.335489868166721654e-07 1.339999434786184423e-07 1.261069481765954926e-07 1.130151155736507773e-07 1.193527451222129294e-07 1.190223781532216692e-07 1.258841524133541558e-07 1.355283922142680883e-07 1.513634740424105185e-07 1.754320865506664156e-07 1.717470244056769708e-07 1.974557348922122877e-07 2.063563193290712586e-07 2.108835228436025010e-07 2.260788344018204947e-07 2.339637628255495183e-07 2.163137193458855338e-07 1.917973817389804871e-07 1.531897923467512512e-07 1.081595568586336469e-07 7.831554971052107070e-08 5.661140992811609381e-08 4.310361406288109499e-08 3.364135513546703866e-08 2.712956311168235792e-08 2.415612820369157726e-08 2.388594089121255492e-08 2.988344407580557714e-08 4.740471305526625727e-08 7.103857511763682103e-08 6.890449965752916742e-08 5.278250609824071252e-08 3.860149662855690071e-08 2.368543914497825618e-08 1.754696041615612662e-08 2.746883469374260821e-08 1.844097027525056577e-08
1.238229822193322439e-07 1.240522253044204916e-07 1.242894486647656904e-07 1.245348972384261361e-07 1.247888206605841364e-07 1.250514731081910099e-07 1.253231131435147274e-07 1.256040035196951344e-07 1.258944109567328267e-07 1.261946059126007842e-07 1.265048622934903079e-07 1.268254571534321991e-07 1.271566703592731265e-07 1.274987842009079363e-07 1.278520829717168906e-07 1.282168525137133412e-07 1.285933797062611971e-07 1.289819518850764435e-07 1.293828562622379809e-07 1.297963791914396417e-07 1.302228054327973027e-07 1.308051243475163751e-07 1.315323923353003037e-07 1.321586632154066799e-07 1.326446162912594168e-07 1.331093750125611956e-07 1.335713539631911898e-07 1.339519915916277126e-07 1.343037597814507682e-07 1.347401434338519598e-07 1.353074877310327132e-07 1.359501088160223740e-07 1.365163877113897038e-07 1.369986652511525717e-07 1.374338396962347551e-07 1.378928068563578142e-07 1.383985445895132336e-07 1.390296586715358187e-07 1.397149063342201764e-07 1.404680388626944969e-07 1.412613468673649619e-07 1.420215973416715379e-07 1.427966376731674819e-07 1.435485498210584592e-07 1.442729866106565578e-07 1.450153397771607667e-07 1.456842505737510312e-07 1.463091425365441554e-07 1.469163459643147943e-07 1.475020231886242287e-07 1.481490593993774517e-07 1.488590879980180733e-07 1.496262476869780931e-07 1.505756595936845109e-07 1.515844888342229100e-07 1.528891758193876576e-07 1.540836973406802029e-07 1.543904502951533281e-07 1.553723930643533210e-07 1.548682044428707328e-07 1.565984357255407618e-07 1.616820803523615541e-07 1.670429632609234110e-07 1.703305006390285002e-07 1.775352079383962149e-07 1.693522621628817002e-07 1.636821958971410495e-07 1.636993054302699039e-07 1.417266799943251039e-07 1.413107942520408021e-07 1.535603542276582830e-07 1.602265381681317397e-07 1.753743639727010971e-07 1.847414213581358449e-07 2.258672225817918108e-07 2.281269771153156589e-07 2.392463377756705028e-07 2.667730901324793790e-07 2.682593267920964929e-07 2.816555711865664412e-07 2.923368054671601505e-07 2.692120466705586325e-07 2.259582156554795728e-07 1.766023520373546974e-07 1.248928826573960090e-07 9.015257007744799622e-08 6.694006837612166923e-08 5.149583229098065205e-08 4.337174180708900397e-08 4.011662035870932684e-08 4.653582963302689248e-08 6.994059577742886583e-08 1.044201200428516117e-07 1.057625599468724632e-07 8.512733201461880117e-08 6.448087181275038926e-08 4.366467433688104005e-08 2.950340099446927355e-08 4.325980152784138353e-08 3.131858091500679452e-08
1.556761811359314953e-07 1.559446484156527833e-07 1.562225365750074888e-07 1.565101413937352172e-07 1.568077648701620830e-07 1.571157150912984395e-07 1.574343061032678783e-07 1.577638577165311037e-07 1.581046953037966820e-07 1.584571495866091325e-07 1.588215563347852677e-07 1.591982560816253584e-07 1.595875937998971175e-07 1.599899184886036357e-07 1.604055827785966883e-07 1.608349424351200825e-07 1.612783558691903107e-07 1.617361835327465225e-07 1.622087873098545933e-07 1.626965297966378780e-07 1.631997735429242461e-07 1.638822735319221547e-07 1.647344564723941238e-07 1.654748041771824791e-07 1.660546242829593230e-07 1.666091059404150642e-07 1.671606783856054696e-07 1.676168904142679155e-07 1.680369153888040515e-07 1.685544388829608182e-07 1.692263514068148488e-07 1.699889939545127483e-07 1.706626240144938291e-07 1.712369089195350472e-07 1.717526026303292308e-07 1.722937595805247441e-07 1.728882309243012447e-07 1.736320790959911714e-07 1.744415085066675109e-07 1.753334519263277982e-07 1.762755652620589112e-07 1.771774070979347629e-07 1.781000023414895059e-07 1.789911305104287107e-07 1.798543250611904589e-07 1.807312305859517629e-07 1.815278741921779077e-07 1.822650495628310169e-07 1.829753012149204910e-07 1.836653896929011201e-07 1.844150762028506647e-07 1.852355183469568485e-07 1.861614497068084521e-07 1.872433675551826754e-07 1.882739665513268282e-07 1.895121821627475953e-07 1.910243679794279142e-07 1.927595056810838847e-07 1.948523878279285999e-07 1.945491030510815729e-07 1.947441375896145067e-07 1.952852591127011263e-07 1.964520696870606140e-07 2.033411647509396867e-07 2.140637663696826347e-07 2.152458266174763757e-07 2.235731778952566437e-07 2.197893002548288695e-07 1.995867637405288373e-07 2.031207101169384997e-07 1.851783308112277775e-07 1.694795748182600812e-07 1.934494699230671323e-07 2.016239271012918056e-07 2.285563471144929803e-07 2.361229909743922319e-07 2.736502804507133535e-07 3.102520938717476590e-07 3.016883911615147142e-07 3.349598497964332218e-07 3.403463667637650557e-07 3.515675436560652915e-07 3.592854734890158103e-07 3.220921096583024342e-07 2.586597154138538260e-07 1.935395144180846716e-07 1.374566558023703331e-07 9.980559876139129691e-08 7.913924187460554276e-08 6.837487386640294073e-08 7.302438122703366701e-08 1.028540206997940261e-07 1.517851855219453963e-07 1.608429325667582926e-07 1.371629272767860103e-07 1.079383581663915344e-07 8.240277633210172145e-08 5.132907565319066495e-08 6.935730805326767448e-08 5.458759227569432299e-08
1.957592497814997050e-07 1.960734462466724201e-07 1.963987476080637962e-07 1.967355096687346439e-07 1.970840963101514871e-07 1.974448794104220225e-07 1.978182387264556844e-07 1.982045617337696762e-07 1.986042434356443485e-07 1.990176861836467104e-07 1.994452993876040993e-07 1.998874992298182816e-07 2.003447083717358255e-07 2.008173555339936920e-07 2.013058751178495065e-07 2.018107066912980241e-07 2.023322945041578443e-07 2.028710868821135694e-07 2.034275355829208688e-07 2.040020951018170426e-07 2.045952218566707472e-07 2.053942242943276815e-07 2.063916810722484631e-07 2.072659003317691792e-07 2.079570103789938250e-07 2.086179855017807505e-07 2.092761396889580460e-07 2.098229451699929989e-07 2.103247298959201639e-07 2.109384414993907643e-07 2.117336406615516044e-07 2.126380784361062615e-07 2.134393086653760530e-07 2.141235760804575050e-07 2.147354796870713978e-07 2.153744020526039051e-07 2.160737486507101046e-07 2.169504717056158552e-07 2.179065740620417060e-07 2.189621460778756789e-07 2.200797685665009041e-07 2.211503802003345354e-07 2.222460274589835256e-07 2.233049958381321747e-07 2.243298346042751089e-07 2.253702761402881984e-07 2.263150769281989626e-07 2.271880070950601070e-07 2.280204047370131176e-07 2.288334378242985751e-07 2.296983676752950628e-07 2.306510994905308157e-07 2.317319389585117609e-07 2.329706668120523211e-07 2.342791303764798057e-07 2.357434478660154343e-07 2.371273482733594175e-07 2.384467001919183045e-07 2.408402095767615637e-07 2.431818465061068552e-07 2.457229834024646615e-07 2.464129923854340262e-07 2.432321097080094450e-07 2.459802339693633856e-07 2.475385818238601303e-07 2.548704445492698184e-07 2.721847131693973676e-07 2.774349376220665341e-07 2.748184892963990562e-07 2.846870932616767273e-07 2.496466162059244251e-07 2.422893577974942034e-07 2.495874273565935492e-07 2.114526042781819786e-07 2.314012953316285197e-07 2.578673190087045155e-07 2.921276713752129687e-07 3.171602593341885931e-07 3.397845366574840525e-07 4.071269634867572387e-07 3.866825264679738153e-07 4.161485130624710985e-07 4.304847395496441919e-07 4.341688984139550619e-07 4.283444358929763621e-07 3.639521688109039243e-07 2.755047347182346184e-07 1.962944714020685524e-07 1.457417488103756060e-07 1.172435264367685046e-07 1.147050250860946838e-07 1.498794772907011498e-07 2.162799868843217502e-07 2.388195376719514274e-07 2.168916853829062231e-07 1.783747080861292023e-07 1.537629105524340573e-07 9.229078970216817587e-08 1.128324556856193547e-07 9.676211578888356311e-08
2.461866476824771793e-07 2.465541283359943457e-07 2.469346803802672207e-07 2.473287302962092520e-07 2.477367149306552806e-07 2.481590814267523197e-07 2.485962871641390175e-07 2.490487996175831644e-07 2.495170962250942157e-07 2.500016642107847210e-07 2.505030003578548533e-07 2.510216107211670781e-07 2.515580103577676503e-07 2.521127229436239521e-07 2.526862803843018395e-07 2.532792223237195670e-07 2.538920956668013646e-07 2.545254539578585924e-07 2.551798567503946867e-07 2.558558688877854055e-07 2.565540596924664920e-07 2.574884072182474124e-07 2.586545733954405825e-07 2.596855910503863492e-07 2.605083540476707027e-07 2.612954806029764498e-07 2.620801807753167780e-07 2.627353845275929668e-07 2.633349821633833740e-07 2.640626197778176181e-07 2.650030138125149003e-07 2.660747343327625776e-07 2.670274406592321448e-07 2.678430746711151911e-07 2.685698962882129878e-07 2.693251071265320339e-07 2.701485882515865534e-07 2.711818110832091040e-07 2.723109426532658594e-07 2.735595131630408749e-07 2.748840143497830359e-07 2.761547203850209606e-07 2.774554949041736416e-07 2.787134867785495709e-07 2.799300877188321720e-07 2.811663492818892958e-07 2.822847065983756608e-07 2.833223840279922063e-07 2.842979223602240582e-07 2.852564059219641124e-07 2.862555030983929514e-07 2.873655215076391967e-07 2.886209244690867566e-07 2.900634894956582120e-07 2.916008079617781776e-07 2.932498406207485825e-07 2.950313688486069477e-07 2.968270158563745194e-07 2.988277720241332401e-07 3.003235632798316670e-07 3.034640149971651378e-07 3.074307880319166717e-07 3.090554885691444465e-07 3.120806992391288033e-07 3.049286890830296375e-07 3.075692127673353468e-07 3.135012520820551887e-07 3.229484400081445616e-07 3.378824869957126640e-07 3.608328540323239012e-07 3.409012187792372902e-07 3.555231354432781625e-07 3.315069335806581057e-07 2.866488890957513398e-07 3.065875010589096942e-07 2.792613410337894888e-07 2.822206860517532322e-07 3.382472663059212849e-07 3.711004636161645021e-07 4.278749028973142260e-07 4.295090137205442523e-07 5.152365492142885113e-07 5.001148776570483863e-07 5.168882376062728073e-07 5.353916035123165722e-07 5.225001865421971318e-07 4.746731687441778477e-07 3.656729654318192232e-07 2.656919674638776801e-07 1.999642969726325724e-07 1.787140570285573615e-07 2.149888206388090373e-07 2.996811377204774792e-07 3.408347639963482675e-07 3.289036322130464483e-07 2.846518387063356344e-07 2.707194305637541883e-07 1.695383818319477916e-07 1.846104489885956519e-07 1.711910890545950779e-07
3.096502003419354558e-07 3.100797924526343109e-07 3.105247521117749276e-07 3.109855889235559061e-07 3.114628256296613056e-07 3.119569980246907571e-07 3.124686550177506701e-07 3.129983585004367363e-07 3.135466833038328192e-07 3.141142170207937548e-07 3.147015598656112083e-07 3.153093244201787588e-07 3.159381353771485334e-07 3.165886292311474110e-07 3.172614538577453200e-07 3.179572681040311694e-07 3.186767412974357011e-07 3.194205526335029042e-07 3.201893905829650472e-07 3.209839521269376764e-07 3.218049419852359147e-07 3.228965188571148972e-07 3.242585244913949536e-07 3.254730104997398324e-07 3.264513010073002819e-07 3.273876933068344736e-07 3.283224713440333715e-07 3.291072215517426417e-07 3.298237650346228659e-07 3.306863232281756488e-07 3.317976607276366406e-07 3.330666290048233280e-07 3.341990724809691139e-07 3.351715816358986766e-07 3.360357331698593449e-07 3.369293508846780144e-07 3.378998890488268925e-07 3.391175712621363272e-07 3.404507353418094791e-07 3.419269425789222072e-07 3.434956318108228238e-07 3.450031125456773040e-07 3.465474885899684893e-07 3.480416258740051268e-07 3.494860990768022495e-07 3.509552655778591017e-07 3.522814439477062230e-07 3.535130476217111013e-07 3.546633238701437230e-07 3.557885950112652971e-07 3.569512883952415514e-07 3.582437721090365215e-07 3.597097371301630056e-07 3.613797870098290686e-07 3.631387387168146904e-07 3.650804677086988457e-07 3.672450785664909192e-07 3.693365447813040448e-07 3.716345228775058496e-07 3.738680696789102830e-07 3.764074685790887855e-07 3.787143181725634558e-07 3.822537084544623218e-07 3.888062897146356993e-07 3.897580520944382892e-07 3.915517615221025501e-07 3.856714413129819277e-07 3.832141790993012925e-07 3.948307501483690075e-07 4.145507216203501863e-07 4.211009588420680766e-07 4.601911712293453997e-07 4.377645036529599112e-07 4.273528026747348768e-07 4.311833879414442237e-07 3.538120526614956166e-07 3.589103271211334910e-07 3.836530695903196939e-07 3.567793173562070599e-07 4.353474617442550202e-07 4.688686076076056563e-07 5.662817356042419706e-07 5.670686577403629717e-07 6.437567767297217362e-07 6.355594013539397107e-07 6.406338467602064734e-07 6.370347892091845159e-07 5.736264374285153192e-07 4.529589403920959656e-07 3.324716679479759520e-07 2.732752790201136938e-07 3.019138763757525104e-07 4.023520250559107257e-07 4.629205939225373045e-07 4.685191537323186537e-07 4.275868768978020667e-07 4.335402753487748104e-07 3.083174123081181140e-07 2.987973713465630485e-07 2.942818222896807190e-07
3.895819147680606044e-07 3.900839681854097456e-07 3.906040714039439387e-07 3.911428317277956888e-07 3.917008728897055476e-07 3.922788350441104305e-07 3.928773748906462617e-07 3.934971656361564810e-07 3.941388970146935103e-07 3.948032751656852395e-07 3.954910225693637991e-07 3.962028778703504091e-07 3.969395956333898167e-07 3.977019461535083494e-07 3.984907149898986190e-07 3.993067027003652694e-07 4.001507242982959127e-07 4.010236087396910416e-07 4.019261983122183285e-07 4.028593478777806229e-07 4.038239241560571044e-07 4.050982375994753443e-07 4.066875929927401876e-07 4.081166510515556717e-07 4.092785129017667588e-07 4.103913972608434217e-07 4.115040350818754997e-07 4.124434790420849642e-07 4.132998028820678693e-07 4.143221846928958753e-07 4.156348102720062624e-07 4.171363300146652801e-07 4.184820170146345425e-07 4.196418680250217941e-07 4.206702099215587553e-07 4.217287003610777585e-07 4.228736247182470317e-07 4.243088991725423539e-07 4.258828276764753298e-07 4.276275863814796609e-07 4.294847233603594059e-07 4.312727442724074612e-07 4.331059675759827482e-07 4.348811617881302926e-07 4.365964570186366215e-07 4.383425091363796519e-07 4.399180496749144243e-07 4.413798175121586009e-07 4.427406563644542989e-07 4.440616492519885631e-07 4.454220892232206920e-07 4.469238776502569923e-07 4.486367551056306801e-07 4.505626772370663659e-07 4.526430923895682417e-07 4.549659019099260012e-07 4.572966912908285633e-07 4.595834386906803207e-07 4.626421649860352167e-07 4.658359072444061390e-07 4.684379958412171237e-07 4.708981367300652968e-07 4.734726769168329453e-07 4.777437879907855702e-07 4.827023937398808968e-07 4.902554891720965464e-07 4.940481090962696119e-07 4.876601881793454698e-07 4.909529650362676159e-07 4.816557555934398523e-07 4.938657695571243463e-07 5.295781230854291245e-07 5.342800913094892189e-07 5.675849247588217968e-07 5.739756334731237485e-07 5.129267928310233737e-07 5.404222504854762724e-07 4.664749318537308215e-07 4.205090936163518258e-07 5.006689613272877990e-07 4.669850397526555088e-07 5.600313977915629877e-07 6.181423759906746351e-07 7.418764411442241182e-07 7.510171786466779359e-07 8.049967381552276229e-07 7.783953479490108348e-07 7.560641427065403555e-07 6.666710080530457333e-07 5.190213870612633522e-07 4.054749934342887183e-07 4.142274658728138112e-07 5.254378769904746383e-07 5.999084003441138542e-07 6.229029868557579473e-07 5.944880199991432683e-07 6.235861854819553072e-07 5.263326489299719774e-07 4.672161578906791852e-07 4.779056913344829434e-07
4.903198138937749475e-07 4.909064376473638680e-07 4.915142447715014062e-07 4.921439573000235358e-07 4.927963175932726225e-07 4.934720885143513222e-07 4.941720535765702648e-07 4.948970170508446316e-07 4.956478040437640180e-07 4.964252605086893060e-07 4.972302532430179124e-07 4.980636698221812878e-07 4.989264183992863662e-07 4.998194276405260211e-07 5.007436462784215960e-07 5.017000429853291210e-07 5.026896058129549655e-07 5.037133417840361936e-07 5.047722763150068254e-07 5.058674524833255606e-07 5.069999303647098724e-07 5.084866433985035057e-07 5.103398540193084889e-07 5.120196638942132086e-07 5.133979493068143945e-07 5.147193090040292041e-07 5.160425136804231192e-07 5.171664689277222758e-07 5.181897497850253174e-07 5.194014200956930392e-07 5.209510099333673332e-07 5.227265612320710284e-07 5.243250986759962328e-07 5.257085620899712428e-07 5.269332003946721779e-07 5.281881491582910579e-07 5.295399853349069417e-07 5.312320340775742877e-07 5.330901481544205370e-07 5.351517385044285837e-07 5.373495464050332337e-07 5.394700454303116403e-07 5.416457576735074454e-07 5.437551118910331258e-07 5.457929682035497849e-07 5.478685119971322613e-07 5.497418723438326555e-07 5.514805797459548065e-07 5.530916447272618725e-07 5.546468912332774315e-07 5.562420589878274627e-07 5.579897917381673150e-07 5.599916550161665190e-07 5.622330581512073997e-07 5.646822405514069317e-07 5.673303313596828745e-07 5.700151152663023207e-07 5.731009054453965694e-07 5.764211106649723464e-07 5.790538418147845473e-07 5.827917495143734472e-07 5.877864899456595780e-07 5.907832264107909181e-07 5.933613716646787819e-07 5.953704630782145481e-07 6.021729724310958627e-07 6.119607213479472150e-07 6.168474663894789717e-07 6.277470596343492924e-07 6.111269063209422066e-07 6.145257005091898892e-07 6.094431689929651176e-07 6.194589838024651767e-07 6.638605995421366806e-07 6.983559874090689131e-07 6.934873225445184898e-07 7.482931053152381075e-07 6.336421492749265278e-07 6.488359514838987078e-07 6.225422975472367353e-07 5.121817643783499944e-07 6.152533096138069710e-07 6.301057613213495277e-07 7.500921226377207663e-07 8.373395066837568253e-07 9.738908520585885951e-07 9.682805284670562917e-07 9.594086504236864222e-07 8.767353997216129775e-07 7.391512965492613609e-07 5.780211125891064856e-07 5.565859560667279629e-07 6.746147432112680994e-07 7.539332866825105985e-07 7.834746729597434070e-07 7.682210605502150927e-07 8.059648889411390439e-07 8.028354352388437748e-07 6.888742591177811934e-07 7.160135326910275487e-07
6.172876283254332501e-07 6.179729086345253324e-07 6.186830305098212544e-07 6.194188504854843795e-07 6.201812500727383920e-07 6.209711361489527283e-07 6.217894411598420473e-07 6.226371233947792546e-07 6.235151671654991260e-07 6.244245829646559926e-07 6.253664075790072484e-07 6.263417041249995334e-07 6.273515619879453093e-07 6.283970968344501037e-07 6.294794503093083340e-07 6.305997899860286428e-07 6.317593089108566862e-07 6.329592252477546149e-07 6.342007818184937358e-07 6.354852454450770003e-07 6.368139062774121084e-07 6.385473092194149808e-07 6.407064022599267729e-07 6.426787862586320063e-07 6.443117445638398200e-07 6.458789227226062601e-07 6.474509641887308457e-07 6.487945714831802430e-07 6.500169636136748818e-07 6.514525868222835815e-07 6.532808349034909673e-07 6.553788592777995691e-07 6.572767816767755029e-07 6.589267708101955581e-07 6.603858711026226507e-07 6.618747732804184492e-07 6.634720271548482558e-07 6.654669180192855434e-07 6.676602342649103346e-07 6.700952788322933781e-07 6.726950006175009973e-07 6.752091577768025687e-07 6.777906688523719259e-07 6.802969659096174314e-07 6.827187290190139938e-07 6.851867135226139262e-07 6.874156562038870927e-07 6.894864518477827887e-07 6.913976719023399429e-07 6.932313787795531049e-07 6.951055314288726568e-07 6.971459491465491818e-07 6.994845890554444849e-07 7.021040260685954941e-07 7.049610728004644044e-07 7.080232554082468106e-07 7.112576498461596291e-07 7.148503048535851339e-07 7.181763216699467712e-07 7.221278160006299149e-07 7.271765731676478712e-07 7.301697722531764006e-07 7.336578331043474649e-07 7.406004402868382403e-07 7.466505939732956085e-07 7.490396192392093935e-07 7.502722226504442974e-07 7.574976256112758458e-07 7.712050504653361037e-07 7.801077097240483853e-07 7.917618063437686696e-07 7.734724307494433471e-07 7.624919562894688993e-07 7.718733070975332179e-07 7.925467848172859113e-07 8.257380693421400242e-07 9.141780240331600458e-07 8.577633867368725273e-07 9.424386153780674045e-07 8.097239206387847151e-07 7.559416779343461887e-07 7.861132199175782649e-07 6.589297019634120041e-07 7.881383459586822596e-07 8.691753039664602119e-07 1.033660899762992123e-06 1.152168275396872168e-06 1.222876938982902285e-06 1.137458276718494813e-06 9.883450660696321713e-07 7.928871401020653555e-07 7.369339216495004214e-07 8.621348247573323506e-07 9.410254404498423953e-07 9.605908839431557560e-07 9.461524944885047386e-07 9.658090852956260991e-07 1.079776473107451545e-06 9.448337908275816904e-07 9.778013851545096380e-07
7.772435462785015104e-07 7.780438028250015922e-07 7.788731664869036902e-07 7.797326511526851956e-07 7.806233012394906462e-07 7.815461923023479978e-07 7.825024312905848729e-07 7.834931570897334533e-07 7.845195408327561131e-07 7.855827861687707511e-07 7.866841296141673343e-07 7.878248406555381777e-07 7.890062219401432545e-07 7.902296093678811399e-07 7.914963719786822272e-07 7.928079119795971595e-07 7.941656645021521714e-07 7.955710973485620304e-07 7.970257105891732876e-07 7.985310361085045933e-07 8.000886369532855426e-07 8.021082034279875570e-07 8.046213476816667352e-07 8.069344191437765132e-07 8.088663576407752725e-07 8.107227341874222532e-07 8.125881588760424369e-07 8.141926106139937009e-07 8.156519625394120724e-07 8.173521283230433181e-07 8.195075316148368126e-07 8.219843166720633550e-07 8.242360165099605019e-07 8.262030443275935434e-07 8.279417365554885860e-07 8.297089097052533920e-07 8.315969687644052223e-07 8.339486085383621830e-07 8.365367950832121123e-07 8.394113998078255024e-07 8.424845501209246986e-07 8.454641155336797257e-07 8.485258034608424735e-07 8.515030517144539454e-07 8.543811361947201654e-07 8.573160405278396834e-07 8.599694125712041077e-07 8.624377131442331948e-07 8.647086163422298724e-07 8.668747827480460451e-07 8.690801691531988539e-07 8.714672417929297814e-07 8.742044279146352800e-07 8.772642609829757034e-07 8.806008769345921048e-07 8.841807720600503626e-07 8.879964882327340312e-07 8.920144467128094456e-07 8.960317111907084324e-07 9.012388374346321982e-07 9.056905069421660116e-07 9.094800600183445311e-07 9.168413976863860366e-07 9.214752854320760717e-07 9.240422972677327966e-07 9.331325794542356356e-07 9.445140372980436947e-07 9.452251359982852734e-07 9.452050978917890369e-07 9.504163844425249205e-07 9.714969845247057844e-07 9.945747376603442612e-07 9.875461171167005683e-07 9.877719473497253773e-07 9.520066071389674942e-07 9.689943328117797945e-07 1.021566458674127236e-06 1.031494263923256423e-06 1.181723098902620528e-06 1.084844638436700655e-06 1.130389666011189734e-06 1.031024621199944256e-06 8.976752540775180379e-07 9.716071918082689915e-07 8.949778498410015601e-07 1.085371672129876793e-06 1.233756952668267132e-06 1.426634255396974789e-06 1.467469959048554795e-06 1.307709601065721482e-06 1.062873442868462490e-06 9.670772418052568046e-07 1.102505019372780816e-06 1.186096072431803108e-06 1.186566179183948901e-06 1.152691508527797980e-06 1.144032609798185612e-06 1.317109667398136696e-06 1.212928160314472144e-06 1.230641322237351011e-06
9.786711583208474313e-07 9.796053246101345080e-07 9.805735675322438667e-07 9.815770848207814267e-07 9.826171113257803553e-07 9.836949197499164829e-07 9.848118212352361672e-07 9.859691660403470638e-07 9.871683440407651476e-07 9.884107852229379963e-07 9.896979602473643649e-07 9.910313807417152304e-07 9.924125997077549842e-07 9.938432117863363252e-07 9.953248533861244921e-07 9.968592028395224760e-07 9.984479804077021849e-07 1.000092948134070285e-06 1.001795909702254867e-06 1.003558710021449151e-06 1.005383234897165332e-06 1.007734478539316495e-06 1.010656966233247123e-06 1.013366114172014193e-06 1.015648348699609730e-06 1.017844300412230178e-06 1.020054931284035848e-06 1.021968458120484352e-06 1.023709274549123214e-06 1.025721501398233329e-06 1.028260481138874303e-06 1.031181421384610787e-06 1.033850431687289559e-06 1.036193887673769480e-06 1.038265488893273571e-06 1.040363282264509993e-06 1.042595642224767233e-06 1.045367138626032936e-06 1.048419965228905247e-06 1.051811315128806499e-06 1.055441406269033491e-06 1.058970455839407555e-06 1.062599596444903860e-06 1.066134906090187026e-06 1.069554707237616902e-06 1.073044420391191709e-06 1.076204013641935156e-06 1.079147920441593160e-06 1.081849485851990420e-06 1.084413166284945752e-06 1.087013033265682559e-06 1.089810151186368432e-06 1.093019047694113338e-06 1.096595754235743525e-06 1.100498141717704166e-06 1.104690862168873678e-06 1.109138621666551949e-06 1.113761543498469970e-06 1.118731476377574274e-06 1.124558589692559783e-06 1.129121832724014240e-06 1.135686623738729468e-06 1.142842931231180993e-06 1.145471050271106762e-06 1.154030064856366918e-06 1.164432939644988457e-06 1.167872447528984964e-06 1.174349763712700210e-06 1.186446121599463531e-06 1.190609234959603116e-06 1.190458023782686563e-06 1.202690991456402713e-06 1.226143856542956859e-06 1.257942612953597791e-06 1.234518949021605288e-06 1.247479913724155783e-06 1.202667854566543075e-06 1.208110009406900562e-06 1.317647344645637414e-06 1.315101297014109938e-06 1.466405465462980030e-06 1.381341036997496074e-06 1.353262019335018472e-06 1.268147845279225895e-06 1.112127386142050959e-06 1.241465415902809117e-06 1.293415411465833684e-06 1.570161768468189448e-06 1.726379358958479380e-06 1.691823290225683923e-06 1.407093940578412205e-06 1.258193651817919394e-06 1.403225657067808132e-06 1.503030814023128679e-06 1.495100256789167643e-06 1.429424840051228478e-06 1.400074037939860872e-06 1.549562208622968462e-06 1.500159140308471676e-06 1.486813230196737829e-06
1.232343784543992350e-06 1.233433952119827888e-06 1.234563986433058106e-06 1.235735299889417119e-06 1.236949349768138965e-06 1.238207639138661338e-06 1.239511717836450536e-06 1.240863183282607686e-06 1.242263681238960084e-06 1.243714906668093339e-06 1.245218604387756537e-06 1.246776569826233728e-06 1.248390649498232028e-06 1.250062741578501429e-06 1.251794796405672237e-06 1.253588816753607368e-06 1.255446858090571770e-06 1.257371028729802911e-06 1.259363489940499194e-06 1.261426455661930670e-06 1.263562192483438262e-06 1.266297917027105919e-06 1.269693618591745930e-06 1.272862951838543442e-06 1.275555171555674393e-06 1.278149438023350018e-06 1.280765788393839265e-06 1.283045027248646102e-06 1.285119789531807397e-06 1.287499921269227502e-06 1.290488410149088452e-06 1.293929796551730892e-06 1.297090580854591409e-06 1.299880481566899314e-06 1.302348152215043856e-06 1.304838595007439611e-06 1.307478545521786875e-06 1.310744091904337228e-06 1.314343482902725609e-06 1.318342063325403751e-06 1.322626994841854327e-06 1.326804429420062930e-06 1.331103750505332126e-06 1.335299977635272138e-06 1.339362611138656586e-06 1.343511270727529243e-06 1.347274584179320394e-06 1.350787731965090615e-06 1.354005285335788724e-06 1.357044642587965417e-06 1.360115334427176126e-06 1.363398439876972486e-06 1.367165149926051498e-06 1.371351124095139649e-06 1.375920434489821830e-06 1.380828980025904666e-06 1.386016819084230089e-06 1.391425735884630199e-06 1.397341883577754548e-06 1.403807288609026408e-06 1.409540375873838620e-06 1.417844337173800578e-06 1.423462456123964097e-06 1.429597260946846731e-06 1.442581205040218892e-06 1.445998565955049964e-06 1.452626562141228848e-06 1.468876007659426084e-06 1.473503028983553196e-06 1.476033947437687481e-06 1.490855222797982516e-06 1.504910094459179913e-06 1.509680494369794357e-06 1.522811604327162039e-06 1.541556925373866483e-06 1.578683920773238938e-06 1.568081222401616154e-06 1.548909340846437594e-06 1.523834015138407473e-06 1.526953492593620396e-06 1.669896858773560808e-06 1.699559831908857328e-06 1.828764803304538286e-06 1.710486710608525664e-06 1.619294581907919830e-06 1.522774535436126580e-06 1.492971363321792821e-06 1.723147350061968603e-06 1.959499430933763073e-06 2.059067711518219610e-06 1.816908974664857620e-06 1.616501568486700340e-06 1.767221521080373504e-06 1.884732715939485447e-06 1.887566147457801462e-06 1.803674759676110177e-06 1.756870913967312590e-06 1.861335699662965573e-06 1.854064832089805052e-06 1.803661966998096698e-06
1.552011866036651729e-06 1.553283936070688480e-06 1.554602624203023739e-06 1.555969593530052395e-06 1.557386561166522830e-06 1.558855299432838247e-06 1.560377637115553510e-06 1.561955460672537636e-06 1.563590715241442335e-06 1.565285405844960433e-06 1.567041598283163228e-06 1.568861420444259407e-06 1.570747062796460517e-06 1.572700779508803759e-06 1.574724889195649055e-06 1.576821775531897503e-06 1.578993887841713578e-06 1.581243741536162281e-06 1.583573918584767840e-06 1.585987067486794842e-06 1.588485903542768250e-06 1.591667692242825344e-06 1.595610784707848034e-06 1.599314866885881493e-06 1.602486791049517921e-06 1.605548134267262858e-06 1.608641127283086189e-06 1.611352792825366694e-06 1.613823572548712676e-06 1.616637474889574857e-06 1.620152835147546442e-06 1.624204017234249409e-06 1.627944141299965751e-06 1.631263262319442261e-06 1.634202023753418643e-06 1.637158834129299509e-06 1.640281503064369124e-06 1.644128656288329421e-06 1.648371175606310958e-06 1.653083464630651865e-06 1.658138418064285647e-06 1.663080955833617279e-06 1.668171788017609936e-06 1.673150744497304659e-06 1.677976262306830843e-06 1.682907695589061522e-06 1.687391183234998307e-06 1.691585923842496983e-06 1.695422228967411635e-06 1.699031386794996841e-06 1.702664805864677002e-06 1.706525265346083208e-06 1.710952698282320897e-06 1.715857850758393646e-06 1.721214943410407609e-06 1.726962389373434364e-06 1.733031258959855048e-06 1.739364699952774401e-06 1.746317154412748020e-06 1.753712205336114270e-06 1.760890897546358127e-06 1.769956135130692747e-06 1.776155137346868071e-06 1.786695607438389132e-06 1.797369299988335677e-06 1.799439571441698834e-06 1.819250307209855315e-06 1.827695904709056421e-06 1.825795101813019989e-06 1.842639275584463538e-06 1.862111010258516838e-06 1.873848529368922578e-06 1.884003480565861638e-06 1.896200548520270323e-06 1.902865517444592753e-06 1.913765509190768262e-06 1.951865890569552194e-06 1.982286151890866384e-06 1.985709734995047136e-06 1.917107673080342791e-06 1.937594109568713171e-06 1.962767304437867389e-06 2.147547942213543606e-06 2.177099900825001555e-06 2.261902409737684437e-06 2.026855569648113294e-06 1.965504336381118369e-06 1.943408073454447001e-06 2.216381509277771134e-06 2.446880892122483886e-06 2.287257961320073816e-06 2.054120499432073078e-06 2.212486866562124093e-06 2.339742936570121487e-06 2.348290289373653612e-06 2.265010100700156292e-06 2.214058212173960384e-06 2.288797455686900297e-06 2.324883672103693803e-06 2.239239537457829613e-06
1.955123443725028594e-06 1.956607771785383728e-06 1.958146594991473427e-06 1.959741869254066898e-06 1.961395615304138882e-06 1.963109920119071956e-06 1.964886938562109987e-06 1.966728895076693378e-06 1.968638085010627371e-06 1.970616876156819729e-06 1.972667710094692089e-06 1.974793103957302869e-06 1.976995651217394693e-06 1.979278023316761789e-06 1.981642970730131418e-06 1.984093324033265645e-06 1.986631994989797362e-06 1.989261977228493263e-06 1.991986347254371904e-06 1.994808264765413550e-06 1.997730973321499791e-06 2.001430623931761473e-06 2.006007221772805523e-06 2.010332746179902636e-06 2.014065775362074353e-06 2.017674648945204185e-06 2.021327356892923657e-06 2.024549972142407267e-06 2.027490121783391253e-06 2.030815430099604684e-06 2.034948382809138124e-06 2.039713929017835288e-06 2.044136274468587648e-06 2.048082370746034566e-06 2.051581236681078535e-06 2.055091941369001765e-06 2.058786436800865433e-06 2.063318455942960206e-06 2.068317840973796597e-06 2.073869044578082729e-06 2.079829426959356920e-06 2.085674674318753350e-06 2.091700185366620800e-06 2.097605973413522759e-06 2.103336747020993545e-06 2.109197989526269059e-06 2.114540579702758848e-06 2.119551486146742517e-06 2.124130064450351665e-06 2.128422431084751126e-06 2.132729221050496233e-06 2.137276855949314146e-06 2.142488384155548737e-06 2.148243829034097408e-06 2.154532167990358316e-06 2.161267847887149594e-06 2.168379930660121683e-06 2.175789193114035689e-06 2.183968569546863090e-06 2.192513079394982351e-06 2.201258375500530285e-06 2.211091431721385176e-06 2.219389971788522476e-06 2.231770053976874270e-06 2.240810985785059079e-06 2.248997268804933105e-06 2.271022962113515558e-06 2.266699970572664508e-06 2.284710350824348109e-06 2.311451921233085887e-06 2.305536160063991305e-06 2.320704516622200696e-06 2.358616261539387797e-06 2.372632080240504694e-06 2.368413505269535862e-06 2.373042804871453999e-06 2.383025959356265158e-06 2.410905202889982275e-06 2.501026303232411526e-06 2.491755878029368164e-06 2.492337226563673730e-06 2.395613837172614824e-06 2.460398469659206396e-06 2.555271806065115576e-06 2.784704357882283306e-06 2.700793823858675181e-06 2.700347299222355843e-06 2.403801013153264617e-06 2.573959094395230123e-06 2.874859679623555747e-06 2.836900929156454377e-06 2.593183820231421019e-06 2.766934850915145969e-06 2.907271035098121734e-06 2.904058604130035695e-06 2.808456906035625401e-06 2.761033321069861131e-06 2.826315692868784445e-06 2.917249471246283498e-06 2.817376137463788294e-06
2.463570118194010178e-06 2.465302097121302546e-06 2.467097759790963263e-06 2.468959404062721211e-06 2.470889405130188465e-06 2.472890217500930259e-06 2.474964377036364260e-06 2.477114503086605896e-06 2.479343300310926814e-06 2.481653560681021253e-06 2.484048165300637377e-06 2.486530086654556475e-06 2.489102389893989176e-06 2.491768235057608915e-06 2.494530878491839414e-06 2.497393674559619988e-06 2.500360077187401108e-06 2.503433641056512758e-06 2.506618023155009686e-06 2.509916983673664976e-06 2.513334387056917702e-06 2.517635159316094484e-06 2.522944683157875088e-06 2.527991911205889745e-06 2.532380601241952346e-06 2.536630660903100846e-06 2.540939889508414435e-06 2.544765410541810834e-06 2.548261183054747689e-06 2.552188949703446818e-06 2.557045335207889899e-06 2.562646976423769290e-06 2.567871783231159778e-06 2.572559697914720159e-06 2.576723746506868530e-06 2.580891747327480257e-06 2.585263236408621494e-06 2.590601286271163651e-06 2.596490815493841672e-06 2.603027396337289962e-06 2.610051555789842902e-06 2.616960897766895611e-06 2.624089122557574822e-06 2.631091324273195200e-06 2.637895339798278482e-06 2.644860042420957562e-06 2.651226675577833608e-06 2.657214174855541932e-06 2.662682813047841007e-06 2.667794461854443027e-06 2.672907401843006066e-06 2.678273608646500252e-06 2.684416302699645963e-06 2.691177751791398165e-06 2.698566996705594127e-06 2.706468882951104321e-06 2.714810449414654321e-06 2.723488699284011877e-06 2.733108054520348356e-06 2.743039475525778740e-06 2.753526681962914351e-06 2.764436381724931346e-06 2.775343982499637644e-06 2.788306862677943741e-06 2.799239331776840041e-06 2.811834239350999572e-06 2.830691078282703060e-06 2.829097709513936178e-06 2.864015668951573437e-06 2.869403555011556795e-06 2.870909750707180942e-06 2.918164454528658127e-06 2.925639593195643796e-06 2.918727249132548120e-06 2.954754127831796731e-06 2.984010391979959772e-06 2.987221235820004143e-06 2.971833436303553129e-06 3.002706094332045324e-06 3.081611964804959605e-06 3.173324535441157128e-06 3.119964992009229532e-06 3.092924182165791361e-06 3.036887126665117145e-06 3.187832497899265906e-06 3.320760522212280624e-06 3.517733973136891642e-06 3.226594299682574215e-06 3.159727512502045599e-06 3.370497585938619854e-06 3.485165721132141966e-06 3.256938894941735418e-06 3.454012621934491457e-06 3.618707956505534918e-06 3.609333289965623761e-06 3.478799960954608576e-06 3.414213898922263531e-06 3.498131421790844557e-06 3.620308785167717060e-06 3.526990411458462421e-06
3.104636804734624038e-06 3.106657486689115922e-06 3.108752561281669756e-06 3.110924725192081186e-06 3.113176766922104104e-06 3.115511569797159228e-06 3.117932114193851603e-06 3.120441480338496313e-06 3.123042850605509768e-06 3.125739512260193870e-06 3.128534859666566351e-06 3.131432397321736455e-06 3.134435741452288446e-06 3.137548623335084026e-06 3.140774890866633537e-06 3.144118511185035212e-06 3.147583572746453567e-06 3.151174287218477332e-06 3.154894991605563549e-06 3.158750149996866772e-06 3.162744355098140075e-06 3.167742291948171607e-06 3.173898903670077338e-06 3.179783160793859538e-06 3.184936753463572672e-06 3.189936430054223617e-06 3.195014366115785727e-06 3.199549878318115414e-06 3.203702134785303978e-06 3.208338572688275682e-06 3.214041201540738966e-06 3.220619852852905574e-06 3.226786846328355391e-06 3.232350719165990741e-06 3.237303289833540431e-06 3.242250070200196873e-06 3.247422007691701424e-06 3.253707502660295827e-06 3.260642501100359931e-06 3.268334840178810216e-06 3.276606910237322933e-06 3.284768539553562493e-06 3.293195570755062850e-06 3.301492609324053040e-06 3.309566928908485540e-06 3.317839027279457378e-06 3.325424384379541808e-06 3.332578640765910157e-06 3.339113243984447319e-06 3.345206468286679070e-06 3.351284083401825618e-06 3.357625230882717266e-06 3.364873361314351711e-06 3.372824699080871366e-06 3.381514859816579519e-06 3.390792332460646513e-06 3.400582892355406008e-06 3.410761446889989516e-06 3.422053510067760883e-06 3.433692126220049280e-06 3.446066216765036536e-06 3.458571964463118821e-06 3.472068675225952126e-06 3.485902713049356551e-06 3.500317725451701494e-06 3.514534385778186199e-06 3.533703023722701426e-06 3.538886276398785961e-06 3.576221751601266738e-06 3.568555340285880618e-06 3.603602531305201295e-06 3.634335504013051633e-06 3.613824836660552201e-06 3.667640397617423645e-06 3.696250175782712945e-06 3.667458192166212003e-06 3.704750218305839166e-06 3.774469026472593678e-06 3.783194159111384127e-06 3.759352633854117503e-06 3.812355764295540555e-06 3.930200501500585559e-06 3.995964881060547953e-06 3.896728380686998281e-06 3.846319607914926447e-06 3.910119830357449798e-06 4.233136288556850994e-06 4.231384225986837961e-06 4.041528233017765248e-06 4.080560671510955372e-06 4.252394818290268646e-06 4.071498129486364828e-06 4.300875090486701570e-06 4.491056616972269563e-06 4.488745115332450451e-06 4.331611753489765382e-06 4.232333496369788827e-06 4.357797362630486835e-06 4.476795199214435827e-06 4.370792528846987780e-06
3.912470713116625617e-06 3.914827692038758807e-06 3.917271533923485009e-06 3.919805399809615199e-06 3.922432559980177180e-06 3.925156397357021247e-06 3.927980410244260800e-06 3.930908216156531768e-06 3.933943554321066100e-06 3.937090289571627591e-06 3.940352414860826844e-06 3.943734055262125790e-06 3.947239470200057651e-06 3.950873057432036499e-06 3.954639355776754561e-06 3.958543047931620481e-06 3.962588963774964697e-06 3.966782082972511439e-06 3.971127537709730836e-06 3.975630615500275750e-06 3.980296761635809436e-06 3.986102630864837848e-06 3.993237409294057453e-06 4.000091289591278222e-06 4.006135875402918615e-06 4.012010568167386508e-06 4.017987056657184869e-06 4.023357048567453982e-06 4.028283515274570450e-06 4.033752350385699391e-06 4.040443574972226305e-06 4.048162163022313936e-06 4.055433446794506474e-06 4.062029635507193440e-06 4.067915194201075778e-06 4.073783207420431190e-06 4.079900280498610029e-06 4.087298059055887735e-06 4.095459302576072159e-06 4.104505337844132314e-06 4.114239121009742005e-06 4.123872105326563759e-06 4.133826356999876253e-06 4.143649928394799807e-06 4.153225236214504275e-06 4.163043717765606688e-06 4.172077030715663372e-06 4.180622877516780860e-06 4.188432283012325919e-06 4.195700322547159163e-06 4.202931411229047601e-06 4.210433379392773855e-06 4.218993340926991747e-06 4.228351503296622448e-06 4.238578362096386024e-06 4.249477860869077276e-06 4.260976008668693284e-06 4.272922738345848947e-06 4.286182513011488441e-06 4.299841880077731563e-06 4.314360737923907879e-06 4.329057841915799784e-06 4.344864682643120036e-06 4.360876643878502037e-06 4.378159838088615811e-06 4.394421510823729493e-06 4.416434200640938976e-06 4.426369005905636398e-06 4.462366321969535885e-06 4.458128555939996577e-06 4.510900377561620402e-06 4.514451185297106116e-06 4.519942550604430958e-06 4.597060417741197328e-06 4.559027239188406509e-06 4.593727371389599614e-06 4.671293464084459847e-06 4.660896066990805404e-06 4.692429249687777909e-06 4.775280164251183685e-06 4.780929639782142478e-06 4.766508615577992872e-06 4.849037951252756108e-06 4.975963264254558836e-06 4.975172199139479093e-06 4.853126008198266344e-06 4.962346263326007429e-06 5.191421286216316433e-06 5.197858274721400886e-06 5.076390145431525534e-06 5.201318586096204252e-06 5.080011248228840138e-06 5.353670417471859853e-06 5.574917478665060476e-06 5.564303889957697221e-06 5.380525593086514642e-06 5.259595940569020319e-06 5.419849468664854430e-06 5.562135290956164225e-06 5.415395583131086426e-06
4.930293477090626588e-06 4.933042195813850321e-06 4.935892298200797049e-06 4.938847486145989235e-06 4.941911591138214046e-06 4.945088577961800676e-06 4.948382548334314304e-06 4.951797745735195312e-06 4.955338558398640087e-06 4.959009524122428138e-06 4.962815333780781184e-06 4.966760835837920512e-06 4.970851039959121746e-06 4.975091121296213668e-06 4.979486424571541643e-06 4.984042467854104027e-06 4.988764946407400924e-06 4.993659736802161157e-06 4.998732900250049644e-06 5.003990686628035289e-06 5.009439537860632495e-06 5.016181776814930715e-06 5.024446088130336367e-06 5.032422837519863958e-06 5.039504604214881208e-06 5.046399944664839005e-06 5.053425862604520406e-06 5.059775525638895222e-06 5.065614020369036876e-06 5.072059890561077253e-06 5.079905400241813884e-06 5.088953075471031669e-06 5.097517367187644803e-06 5.105328635887285503e-06 5.112316815694673599e-06 5.119273551576470862e-06 5.126505842512827392e-06 5.135208747429713417e-06 5.144807398534121408e-06 5.155437936394778535e-06 5.166882578802974253e-06 5.178242734233724385e-06 5.189991078124032200e-06 5.201612466565477079e-06 5.212959485150412927e-06 5.224605082680554058e-06 5.235356812926170732e-06 5.245560519698008351e-06 5.254893052994423529e-06 5.263566394576475117e-06 5.272176324025938886e-06 5.281060706664503815e-06 5.291177636763623102e-06 5.302199619186408472e-06 5.314242004155396018e-06 5.327054653137375969e-06 5.340565873454274286e-06 5.354595784306775326e-06 5.370174376993517200e-06 5.386211830585614990e-06 5.403248955454777939e-06 5.420522527406531878e-06 5.439009626413998275e-06 5.457985743805078282e-06 5.477461021335531375e-06 5.498070215334368781e-06 5.521339938630617519e-06 5.537957734695878600e-06 5.571436031011684477e-06 5.578724381472621388e-06 5.630443826039112454e-06 5.628617723035172842e-06 5.667190538233545525e-06 5.717418840394493142e-06 5.673213877835429018e-06 5.791591492982440277e-06 5.797884742369319841e-06 5.787853130581070651e-06 5.899074264657709872e-06 5.920047808375516663e-06 5.928511778294840546e-06 5.999636026753754442e-06 6.012271739018173189e-06 6.044171670811814608e-06 6.169242771079546120e-06 6.241820691380979209e-06 6.145326880066800773e-06 6.213705722071388478e-06 6.480202890520107366e-06 6.393430725048056440e-06 6.406811748767670257e-06 6.330026668435925640e-06 6.658124259418595057e-06 6.915808021860876967e-06 6.908401274651540248e-06 6.682622164126969936e-06 6.527104611496556593e-06 6.710122872695957306e-06 6.904962521791957864e-06 6.732279763082370007e-06
6.213255611105052731e-06 6.216461025813111051e-06 6.219784745651302453e-06 6.223231102831646953e-06 6.226804582748506218e-06 6.230509828345788041e-06 6.234351644811355395e-06 6.238335005152387879e-06 6.242465054320008649e-06 6.246747114716150543e-06 6.251186691078444219e-06 6.255789475598510447e-06 6.260561353123955360e-06 6.265508405760587601e-06 6.270636918834687472e-06 6.275953385247269586e-06 6.281464510844660542e-06 6.287177219535493566e-06 6.293098657905820888e-06 6.299236200340819586e-06 6.305597453763733400e-06 6.313425916150657485e-06 6.322995704160139143e-06 6.332273550920376157e-06 6.340562960895564769e-06 6.348649009716828618e-06 6.356900608171460381e-06 6.364400086887353510e-06 6.371312665868107107e-06 6.378905476680520659e-06 6.388099159287258413e-06 6.398696701443644551e-06 6.408774774554048195e-06 6.418015672666797356e-06 6.426306449382983181e-06 6.434549633067876054e-06 6.443097934694365959e-06 6.453332665785423922e-06 6.464616585553137324e-06 6.477102098223107616e-06 6.490549356388700715e-06 6.503936765909457537e-06 6.517792384736091952e-06 6.531530539101808263e-06 6.544968224077589857e-06 6.558771960763062894e-06 6.571562303742829313e-06 6.583740177983573505e-06 6.594891989861182431e-06 6.605246373504595594e-06 6.615505051270108031e-06 6.626036983882568276e-06 6.638003210828793164e-06 6.650994808666936959e-06 6.665183947234322819e-06 6.680255189828445011e-06 6.696141827231656247e-06 6.712628907993489015e-06 6.730939698189188212e-06 6.749781052906373990e-06 6.769791731687535517e-06 6.790049133899609588e-06 6.811770646315838445e-06 6.834143959759033250e-06 6.856611495892596976e-06 6.881532723233407026e-06 6.906613847992967422e-06 6.931784661273931735e-06 6.961285660295235689e-06 6.984422124984469752e-06 7.025129047853104372e-06 7.039751132970087458e-06 7.083965543327031278e-06 7.118509986463878570e-06 7.112380275525010076e-06 7.239860812910643917e-06 7.172258896312670250e-06 7.285140034470870793e-06 7.331659213698380145e-06 7.299765591862408486e-06 7.415922904346747848e-06 7.464669133594525249e-06 7.475469375453438143e-06 7.533809465174918768e-06 7.564862290240486616e-06 7.691047368318734706e-06 7.776966851214832505e-06 7.706183194354372150e-06 7.899668323646322893e-06 8.011199798390311046e-06 7.939439362553617362e-06 7.884010496013598465e-06 8.277296993988312042e-06 8.582444091491746822e-06 8.577101421035123466e-06 8.301171079589341855e-06 8.105835622393433473e-06 8.312296287155255842e-06 8.566246588300111659e-06 8.357768721163189561e-06
7.831555029964127560e-06 7.835293352412487888e-06 7.839169716628230036e-06 7.843189189942255748e-06 7.847357020240010997e-06 7.851678641381495654e-06 7.856159679279964942e-06 7.860805957661226625e-06 7.865623504456334181e-06 7.870618557412038281e-06 7.875797570807585267e-06 7.881167221520526760e-06 7.886734415689296171e-06 7.892506294164036818e-06 7.898490240496101286e-06 7.904693885808057198e-06 7.911125116289095309e-06 7.917792079285038855e-06 7.924703189553697116e-06 7.931867135978336742e-06 7.939292887391998887e-06 7.948382686001252844e-06 7.959462797629089913e-06 7.970249376998655137e-06 7.979945526719760114e-06 7.989421185352668295e-06 7.999104668782116117e-06 8.007953618564662992e-06 8.016131068114179027e-06 8.025070663160359884e-06 8.035839727245380369e-06 8.048245199636034958e-06 8.060095651231925798e-06 8.071018301989897438e-06 8.080847631293126211e-06 8.090610891314155097e-06 8.100712484255044346e-06 8.112745860076859107e-06 8.126006332986091503e-06 8.140664160720730437e-06 8.156456090061508488e-06 8.172223120405720616e-06 8.188553895219162132e-06 8.204784111936909340e-06 8.220688517951478544e-06 8.237040974458420854e-06 8.252249186297513407e-06 8.266777093582789170e-06 8.280101462324018205e-06 8.292466865341755126e-06 8.304697662071668801e-06 8.317194579795254345e-06 8.331358999838295380e-06 8.346684375047988468e-06 8.363414155894896280e-06 8.381154335553971782e-06 8.399846585051509270e-06 8.419234965306023153e-06 8.440768235128481988e-06 8.462915799763912051e-06 8.486434307560646671e-06 8.510220813417368992e-06 8.535712605802734136e-06 8.561995883266451928e-06 8.588565301556233452e-06 8.617495564865333598e-06 8.646429248399764114e-06 8.677896411565898650e-06 8.708988610090438495e-06 8.743173767777720048e-06 8.775714089354152384e-06 8.813900622410526738e-06 8.845126385247857639e-06 8.895176112227157864e-06 8.907254967997183144e-06 9.013850965927462224e-06 8.952026574730192432e-06 9.140325148887320936e-06 9.042267190695278109e-06 9.160621778198163383e-06 9.267917247923292397e-06 9.192048112956580856e-06 9.335862568570712594e-06 9.417474913382989325e-06 9.426278764340813350e-06 9.476649646186023602e-06 9.618557968886262119e-06 9.732203577740556168e-06 9.726320812668310748e-06 9.926670919075068547e-06 9.872229284653669760e-06 9.822559330577688589e-06 1.029293015870941347e-05 1.065549475518726248e-05 1.064479829420802884e-05 1.032007025897772927e-05 1.007568540000134289e-05 1.031401370697622264e-05 1.063176755024383434e-05 1.037709676646148436e-05
9.873606193184438588e-06 9.877966479689929692e-06 9.882487832368409936e-06 9.887176176046970461e-06 9.892037647862728669e-06 9.897078604223562029e-06 9.902305628207486355e-06 9.907725536200351574e-06 9.913345385962980125e-06 9.919172483326784532e-06 9.925214390461212157e-06 9.931478933211957538e-06 9.937974209384427927e-06 9.944708595936301533e-06 9.951690757877445007e-06 9.958929655786078928e-06 9.966434553652313063e-06 9.974215027783303592e-06 9.982280974307907416e-06 9.990642617991350860e-06 9.999310519446664891e-06 1.000986541478050759e-05 1.002269329415131249e-05 1.003522948828077310e-05 1.004656400896545363e-05 1.005766101232432457e-05 1.006901670070605584e-05 1.007944853273220565e-05 1.008911463322791934e-05 1.009963517845286041e-05 1.011224483041032026e-05 1.012675865885375916e-05 1.014068318966709696e-05 1.015358271638991219e-05 1.016522793925157335e-05 1.017678627112383239e-05 1.018872048313836478e-05 1.020286531752694898e-05 1.021844330671577126e-05 1.023564428689190178e-05 1.025418028721899377e-05 1.027273901869763307e-05 1.029197531927675767e-05 1.031113739393910613e-05 1.032995009188656027e-05 1.034931023869436567e-05 1.036738370685510688e-05 1.038470647558913402e-05 1.040062314547234495e-05 1.041539290809187465e-05 1.042998176095409113e-05 1.044482231117312895e-05 1.046159977693079515e-05 1.047969098447479682e-05 1.049942804498486245e-05 1.052032277256202914e-05 1.054232950900815275e-05 1.056514446483594381e-05 1.059047931958837589e-05 1.061652655962321488e-05 1.064418054965420859e-05 1.067213254399616481e-05 1.070207565710244661e-05 1.073292417772428613e-05 1.076420415263644703e-05 1.079828511044177004e-05 1.083214801861902643e-05 1.086777724616963803e-05 1.090665939654393216e-05 1.094540869771137972e-05 1.098200647403041911e-05 1.103124903605979115e-05 1.106082511368635417e-05 1.112796895936383259e-05 1.114015746583041231e-05 1.124607638635784970e-05 1.121057051130101703e-05 1.139892797201956950e-05 1.126870524264190651e-05 1.152918207746065694e-05 1.144367747059978490e-05 1.152343502194028233e-05 1.169170346502605006e-05 1.162212395813388113e-05 1.180005033416569271e-05 1.187458116929958494e-05 1.189739573447541481e-05 1.210073789158341125e-05 1.215904841880495241e-05 1.226298796834816922e-05 1.228821102025741172e-05 1.224367056579808549e-05 1.280316861817387465e-05 1.323009373576219964e-05 1.322391731830612709e-05 1.284084112300952927e-05 1.252728415192355062e-05 1.280635754752628715e-05 1.320305938428588368e-05 1.290116075545573282e-05
1.244975286043685502e-05 1.245483857386543369e-05 1.246011219546719184e-05 1.246558064936632664e-05 1.247125110921437972e-05 1.247713100681985290e-05 1.248322804036616582e-05 1.248955018394377009e-05 1.249610569513959156e-05 1.250290312513190799e-05 1.250995132776971220e-05 1.251725946833474946e-05 1.252483703404884776e-05 1.253269384348306638e-05 1.254084005593955308e-05 1.254928618259257019e-05 1.255804309471088058e-05 1.256712203576719493e-05 1.257653463071092602e-05 1.258629289625472795e-05 1.259640925177082285e-05 1.260866492396716594e-05 1.262351411038967589e-05 1.263807769296717709e-05 1.265131849726081497e-05 1.266430527109639339e-05 1.267761162219878718e-05 1.268989765030053660e-05 1.270131339476774890e-05 1.271368771007274025e-05 1.272844571032416372e-05 1.274541556258800720e-05 1.276176408256822642e-05 1.277698391320543451e-05 1.279076912448748844e-05 1.280444435348094787e-05 1.281853813298937684e-05 1.283515905121823058e-05 1.285345134362779292e-05 1.287362627428869180e-05 1.289536992333976405e-05 1.291719938144810748e-05 1.293984164930893490e-05 1.296244784982586222e-05 1.298468421657121433e-05 1.300758812712998018e-05 1.302905143180871573e-05 1.304969233813745452e-05 1.306869707020153760e-05 1.308633735140698666e-05 1.310374225576788457e-05 1.312137561647168461e-05 1.314125668036222205e-05 1.316262353119454219e-05 1.318591764049886076e-05 1.321053842535447644e-05 1.323645826332932062e-05 1.326331767869555094e-05 1.329313415802984549e-05 1.332377838984716390e-05 1.335630489403870231e-05 1.338916547043384854e-05 1.342435733990567060e-05 1.346059134595070192e-05 1.349734689503693137e-05 1.353745093103055202e-05 1.357740134425268647e-05 1.361885482466685949e-05 1.366404462841720148e-05 1.371012322374918147e-05 1.375772694300933898e-05 1.380527497452597172e-05 1.385284499300444841e-05 1.391780474129278129e-05 1.394607920194207642e-05 1.405091605003494265e-05 1.403889407581134677e-05 1.421785588521128032e-05 1.411448375500536063e-05 1.439707415149197677e-05 1.422936138433374557e-05 1.451960561875917839e-05 1.444853856855603220e-05 1.459184682941548420e-05 1.470632014686886537e-05 1.473555872427199137e-05 1.493085300904078354e-05 1.497313676986306614e-05 1.516449588588997205e-05 1.523185523446097210e-05 1.529320745771343024e-05 1.526692544638656940e-05 1.592904298489605111e-05 1.643335919617553982e-05 1.644128867803943048e-05 1.597693938718126687e-05 1.558820082711323711e-05 1.591508667354422262e-05 1.640714983891269129e-05 1.603584966826679338e-05
1.569777618462620116e-05 1.570370724923838348e-05 1.570985748671412276e-05 1.571623498443517952e-05 1.572284812310547743e-05 1.572970558675016126e-05 1.573681637201561202e-05 1.574418980070127575e-05 1.575183552809556546e-05 1.575976355509956566e-05 1.576798424004344692e-05 1.577650830816809848e-05 1.578534686511867476e-05 1.579451140834058689e-05 1.580401383848688155e-05 1.581386647220686984e-05 1.582408205431417230e-05 1.583467377069122856e-05 1.584565526110175829e-05 1.585704063105868210e-05 1.586884446645080168e-05 1.588307293285983509e-05 1.590025790300366460e-05 1.591716849806236250e-05 1.593262473720833875e-05 1.594781145516787236e-05 1.596339031119201350e-05 1.597784505045102502e-05 1.599131396925997713e-05 1.600585906114092169e-05 1.602312166797380740e-05 1.604294887463967526e-05 1.606212609908670805e-05 1.608006468132827153e-05 1.609636743610474557e-05 1.611253504116770644e-05 1.612916995118470446e-05 1.614869082396674192e-05 1.617015791660463076e-05 1.619380590269608775e-05 1.621929378459368982e-05 1.624494917402102332e-05 1.627157757456124102e-05 1.629822269237824576e-05 1.632448227878442157e-05 1.635155398712554163e-05 1.637702004679029036e-05 1.640159236941784174e-05 1.642426852432190236e-05 1.644532977092394619e-05 1.646609232925550601e-05 1.648704965268991509e-05 1.651061261819529422e-05 1.653585497769509725e-05 1.656335202097373861e-05 1.659236963808663869e-05 1.662290484789483443e-05 1.665453358155826767e-05 1.668962801547956457e-05 1.672568607338776787e-05 1.676394816942206154e-05 1.680258834681087199e-05 1.684395989335301633e-05 1.688654556258826684e-05 1.692976277790799567e-05 1.697688099944874560e-05 1.702392526635573407e-05 1.707287834139495255e-05 1.712537404764727966e-05 1.717897512382286524e-05 1.723607025636910448e-05 1.729297965311250043e-05 1.734899429633794571e-05 1.741174027885688763e-05 1.747752044255947986e-05 1.755487399908104969e-05 1.759382644611655132e-05 1.773960298406753074e-05 1.769150405424728241e-05 1.794440350968667225e-05 1.780706127652702207e-05 1.815592085560863896e-05 1.797296032957614175e-05 1.831470265326652861e-05 1.822467572078120259e-05 1.848217659187247289e-05 1.852580372313404952e-05 1.872251628191976087e-05 1.882771902138587224e-05 1.898466011408354588e-05 1.903547611842066291e-05 1.904097771313144113e-05 1.982185405798864288e-05 2.042093958169469568e-05 2.044605700791499061e-05 1.988739398727490439e-05 1.941114603230823578e-05 1.978967232865159366e-05 2.039004420461610579e-05 1.994809190720583413e-05
1.979143198334419398e-05 1.979834787447512244e-05 1.980551934427892733e-05 1.981295583411708236e-05 1.982066712928854887e-05 1.982866337143488175e-05 1.983695506882771556e-05 1.984555311162215422e-05 1.985446878233746541e-05 1.986371376943606225e-05 1.987330018227676884e-05 1.988324056234282137e-05 1.989354789955864999e-05 1.990423564579398282e-05 1.991531772908179879e-05 1.992680856867744859e-05 1.993872309104661837e-05 1.995107674431069740e-05 1.996388551442406721e-05 1.997716594099381405e-05 1.999093513309953968e-05 2.000745156608597992e-05 2.002733539573400259e-05 2.004696224999112791e-05 2.006499191433612581e-05 2.008273818091317354e-05 2.010096271826306385e-05 2.011795175649649792e-05 2.013382769813859633e-05 2.015091290971738670e-05 2.017109383171377185e-05 2.019424319625775225e-05 2.021671857547161785e-05 2.023783928647811454e-05 2.025710029755794749e-05 2.027619923031496487e-05 2.029582152300168303e-05 2.031873640219702121e-05 2.034391419144127247e-05 2.037161512549919763e-05 2.040147008347511967e-05 2.043159651205484392e-05 2.046288525025683210e-05 2.049426136199796950e-05 2.052524296301691070e-05 2.055721018258060569e-05 2.058739609769707609e-05 2.061661931141702689e-05 2.064365386215647149e-05 2.066878652757960023e-05 2.069354774712445184e-05 2.071845789994226464e-05 2.074638557086364249e-05 2.077621061439920407e-05 2.080867090110446175e-05 2.084287433524275427e-05 2.087885060350000500e-05 2.091610091527514042e-05 2.095740792023465207e-05 2.099983875250489946e-05 2.104484914155763984e-05 2.109029146337792785e-05 2.113893225155803754e-05 2.118899183558306957e-05 2.123981832091208834e-05 2.129517768540608379e-05 2.135050503298514888e-05 2.140826760609532942e-05 2.146990939587359456e-05 2.153219478046207382e-05 2.159828148600359939e-05 2.166756332709654601e-05 2.173452678311634027e-05 2.180457387951786091e-05 2.188031390197990689e-05 2.196114355021288003e-05 2.204830880137890700e-05 2.213697172364775744e-05 2.218514922790339574e-05 2.237683572217029045e-05 2.231352624699334733e-05 2.263782246292819720e-05 2.249434127318743234e-05 2.284229417236193152e-05 2.277044798866398461e-05 2.304896480312249219e-05 2.312194728797515407e-05 2.330460781118650913e-05 2.347390310283129113e-05 2.364285107267531799e-05 2.370954854708505374e-05 2.375282232756041820e-05 2.467143203559351013e-05 2.538497176020327361e-05 2.543120453046931369e-05 2.476875015419559108e-05 2.418266971718691633e-05 2.461905502249602589e-05 2.534903733027407910e-05 2.483052567163863844e-05
2.495209699899129181e-05 2.496016091290554682e-05 2.496852282348966995e-05 2.497719374939164389e-05 2.498618511165384383e-05 2.499550874906236882e-05 2.500517693089274971e-05 2.501520237354326389e-05 2.502559825441083254e-05 2.503637822797024026e-05 2.504755644234789324e-05 2.505914755489448273e-05 2.507116674989158197e-05 2.508362975592183899e-05 2.509655286210062824e-05 2.510995293776513163e-05 2.512384745003528642e-05 2.513825448349571724e-05 2.515319275726727520e-05 2.516868164699038546e-05 2.518474120268995132e-05 2.520391316656227985e-05 2.522691795629018602e-05 2.524969052842305844e-05 2.527071079220941652e-05 2.529143608698963480e-05 2.531274162768500850e-05 2.533269230843650423e-05 2.535138995477168836e-05 2.537144797252829259e-05 2.539503050244649210e-05 2.542204365558143003e-05 2.544836487838641730e-05 2.547320946444979814e-05 2.549594568138290900e-05 2.551849157018159226e-05 2.554162571937591172e-05 2.556851358471345015e-05 2.559802916656614294e-05 2.563046063691425307e-05 2.566540976000430101e-05 2.570076084487665910e-05 2.573749757075026191e-05 2.577441401302952841e-05 2.581093600446322223e-05 2.584865131949419848e-05 2.588439962602035675e-05 2.591912103708258203e-05 2.595132584482896253e-05 2.598130118162119163e-05 2.601082233271968680e-05 2.604043267319325480e-05 2.607353453498086290e-05 2.610877964130928387e-05 2.614710223882445422e-05 2.618742388139503997e-05 2.622981660932453601e-05 2.627369533987228707e-05 2.632231715690971628e-05 2.637225201976842789e-05 2.642520473401279557e-05 2.647865549688544566e-05 2.653584912346413732e-05 2.659470300629019496e-05 2.665448759542934017e-05 2.671953800707899097e-05 2.678456140118422736e-05 2.685250073547351831e-05 2.692492002414235164e-05 2.699781129504916273e-05 2.707465941114409511e-05 2.715561008811223509e-05 2.723659993842042292e-05 2.732113747158238778e-05 2.740259993508803752e-05 2.749658760259971119e-05 2.760372169168621580e-05 2.769633164736355372e-05 2.780979451941463642e-05 2.792207823412641321e-05 2.798172367562108491e-05 2.823686529314519585e-05 2.816810005445410042e-05 2.847974010562294566e-05 2.853969310141340625e-05 2.867427558971595832e-05 2.893196159933624780e-05 2.904041385347543196e-05 2.927057640976829704e-05 2.945782586941017144e-05 2.955458108029437094e-05 2.963989086451201073e-05 3.071841906903306237e-05 3.156825551874034873e-05 3.164450423379325949e-05 3.086499314467788026e-05 3.014215948730347423e-05 3.064584889238518701e-05 3.153254655847375460e-05 3.092096043523329894e-05
3.146214175425254660e-05 3.147154524930906565e-05 3.148129621309675419e-05 3.149140750307510763e-05 3.150189244718337597e-05 3.151276486251071500e-05 3.152403907104905424e-05 3.153572991812473046e-05 3.154785279017053315e-05 3.156042363311505408e-05 3.157345897187285443e-05 3.158697593068362998e-05 3.160099225138687242e-05 3.161552631683700419e-05 3.163059716912948786e-05 3.164622453400157525e-05 3.166242884054186295e-05 3.167923124703062471e-05 3.169665366012389482e-05 3.171471876260745801e-05 3.173345003395673116e-05 3.175570762897764123e-05 3.178232581530512999e-05 3.180874534529004919e-05 3.183324401568595152e-05 3.185743930821860394e-05 3.188233536575448522e-05 3.190574881637614127e-05 3.192775560953645532e-05 3.195129487837794063e-05 3.197884542588747735e-05 3.201035563285879417e-05 3.204116371824737412e-05 3.207036746203100093e-05 3.209718695961823214e-05 3.212378716338391084e-05 3.215105127273450950e-05 3.218259265150467209e-05 3.221718206875465152e-05 3.225513827656772221e-05 3.229603298967079986e-05 3.233749173558828912e-05 3.238059933454346561e-05 3.242400522342533665e-05 3.246702858504801068e-05 3.251149347134474078e-05 3.255379641232805166e-05 3.259501600459308620e-05 3.263335240138641685e-05 3.266908659023798594e-05 3.270427344356116687e-05 3.273947392582893256e-05 3.277871175032288106e-05 3.282037082190083561e-05 3.286562146052506765e-05 3.291316594049539562e-05 3.296313030408084188e-05 3.301482993296975954e-05 3.307206984593019156e-05 3.313084670945586763e-05 3.319315324104191818e-05 3.325603944726826825e-05 3.332330338836249361e-05 3.339251356134977252e-05 3.346285535873241699e-05 3.353930682907932734e-05 3.361570845937247528e-05 3.369554699737023181e-05 3.378065233835646756e-05 3.386618847511771224e-05 3.395607917755463399e-05 3.405053132480339640e-05 3.414509621939932287e-05 3.424660684411947388e-05 3.434580543925024553e-05 3.445080992388831588e-05 3.456567251030666458e-05 3.468875096542891094e-05 3.482521672304193713e-05 3.493336306874269908e-05 3.507714496773055844e-05 3.524093839747051605e-05 3.528461737213926070e-05 3.558346327433513481e-05 3.570432418311157100e-05 3.579222057772155318e-05 3.612467814409489673e-05 3.629632396637270974e-05 3.650816200283154298e-05 3.674364877666845970e-05 3.686897915965941348e-05 3.700377179612218139e-05 3.826782707808358346e-05 3.927931303415965026e-05 3.940066019968764560e-05 3.848427682716741018e-05 3.759568823044086685e-05 3.817724199626522765e-05 3.925102208269146370e-05 3.852761774874170590e-05
3.967859414259321954e-05 3.968956150407327806e-05 3.970093406232231019e-05 3.971272681894614913e-05 3.972495532613548792e-05 3.973763570802861956e-05 3.975078468042125672e-05 3.976441957175718046e-05 3.977855834459798436e-05 3.979321961719156235e-05 3.980842268653319053e-05 3.982418755338478660e-05 3.984053494318796359e-05 3.985748633324278956e-05 3.987506397773551737e-05 3.989329093254197260e-05 3.991219108281126964e-05 3.993178917068157665e-05 3.995211082177307688e-05 3.997318257634405620e-05 3.999503191454460097e-05 4.002087706867366924e-05 4.005168151965332683e-05 4.008233145954409057e-05 4.011087752926710683e-05 4.013911607929885223e-05 4.016819758725169421e-05 4.019566013431636849e-05 4.022154777772983259e-05 4.024916439149979610e-05 4.028134516872739759e-05 4.031809099920647733e-05 4.035413441206246732e-05 4.038844056410854433e-05 4.042005698513085688e-05 4.045142528031002140e-05 4.048354611808427914e-05 4.052053899764330303e-05 4.056106409057526780e-05 4.060547364938628840e-05 4.065330851970951390e-05 4.070190699776044815e-05 4.075246414566142489e-05 4.080346977422616092e-05 4.085412015458160241e-05 4.090650805133990765e-05 4.095653126103196423e-05 4.100542623335320957e-05 4.105102967393314828e-05 4.109360833212878547e-05 4.113553591152369993e-05 4.117738371985875986e-05 4.122389746047655496e-05 4.127314737496782295e-05 4.132658631936056589e-05 4.138265919949619541e-05 4.144156000914321619e-05 4.150248950317378410e-05 4.156988476320871631e-05 4.163908224179318140e-05 4.171240707334734400e-05 4.178641270577471590e-05 4.186553641069063912e-05 4.194694507427747070e-05 4.202973097996990010e-05 4.211960039309032075e-05 4.220940455120610128e-05 4.230327873266546621e-05 4.240337460769599208e-05 4.250393535453872554e-05 4.260931481239640505e-05 4.272002364864706405e-05 4.283067430261624771e-05 4.295063843338761840e-05 4.306944222781430832e-05 4.319490384493538564e-05 4.332534080641737808e-05 4.345670047945424504e-05 4.360915770493562654e-05 4.377327880807118298e-05 4.393642495964940027e-05 4.407506124234677260e-05 4.423840962762005111e-05 4.449507127680046121e-05 4.462866905095563559e-05 4.478576706518696150e-05 4.510565563845866769e-05 4.536551724483351588e-05 4.560571216781516592e-05 4.586959652574814055e-05 4.602972037935180864e-05 4.622387804334603307e-05 4.770263869584366167e-05 4.890664063088855670e-05 4.909094222760179439e-05 4.801436201138789886e-05 4.692825353527305951e-05 4.759817618848543951e-05 4.889385121174559453e-05 4.804051493643911818e-05
5.004806573141809013e-05 5.006085803369425796e-05 5.007412286653408758e-05 5.008787773073244612e-05 5.010214077178386027e-05 5.011693080295114694e-05 5.013226733089120246e-05 5.014817057860123349e-05 5.016466151122384623e-05 5.018176186286011823e-05 5.019949416180474961e-05 5.021788176133054713e-05 5.023694886581201130e-05 5.025672055924101223e-05 5.027722284049100741e-05 5.029848264695186300e-05 5.032052789358433401e-05 5.034338750045634642e-05 5.036709142913092953e-05 5.039167071592999265e-05 5.041715750675611378e-05 5.044717242835327281e-05 5.048282540701090393e-05 5.051838073832945437e-05 5.055163397274683551e-05 5.058458121427896435e-05 5.061853881031443548e-05 5.065073258078143560e-05 5.068116787493649099e-05 5.071355674584511209e-05 5.075113747606196994e-05 5.079397521746011719e-05 5.083612279624114466e-05 5.087639596747008119e-05 5.091364216778602715e-05 5.095061272075379166e-05 5.098844005934348472e-05 5.103181483622247565e-05 5.107927893744463807e-05 5.113122130302822570e-05 5.118715129247505168e-05 5.124408875402737442e-05 5.130334883130912758e-05 5.136324545449208858e-05 5.142283372319776235e-05 5.148451154424557195e-05 5.154361643137882594e-05 5.160156461730716187e-05 5.165576858087939988e-05 5.170647087633322125e-05 5.175640799060975876e-05 5.180615208087938225e-05 5.186128544179514980e-05 5.191951208972529481e-05 5.198262140993181691e-05 5.204875720870943100e-05 5.211819802058484510e-05 5.219001291900383200e-05 5.226936657689883789e-05 5.235083678201670273e-05 5.243713169033342877e-05 5.252423286546090988e-05 5.261731457520031505e-05 5.271308226259555438e-05 5.281052697317185684e-05 5.291617940686107763e-05 5.302176577083142256e-05 5.313216476079150928e-05 5.324989864088715182e-05 5.336812648507503282e-05 5.349181808603871766e-05 5.362204688302580485e-05 5.375244736088756134e-05 5.389390522011749263e-05 5.403442326249433312e-05 5.418372492508417371e-05 5.433830558667187335e-05 5.449110808985971891e-05 5.465955213517173657e-05 5.484272217170399634e-05 5.503540788109836685e-05 5.523189459321642695e-05 5.544633269007118160e-05 5.566020592730205142e-05 5.583873989666303817e-05 5.608621860655252221e-05 5.639815343958122219e-05 5.670107751293726282e-05 5.700002565863855386e-05 5.730688435839147274e-05 5.750778385859591467e-05 5.777216675732217254e-05 5.949869903634905419e-05 6.093208138258797744e-05 6.119956821771980560e-05 5.993977812240084649e-05 5.861734347571132447e-05 5.938760380292607341e-05 6.094453936448936896e-05 5.994361874661380566e-05
6.312750724908982561e-05 6.314242721336055307e-05 6.315789817471590892e-05 6.317394054485319570e-05 6.319057548930304526e-05 6.320782495398677479e-05 6.322571169554684774e-05 6.324425930799276849e-05 6.326349225379305976e-05 6.328343589529563133e-05 6.330411652458033816e-05 6.332556139924986293e-05 6.334779877408264605e-05 6.337085793561931450e-05 6.339476924167695851e-05 6.341956415216664321e-05 6.344527527355271789e-05 6.347193639271545853e-05 6.349958252064739688e-05 6.352824993087670012e-05 6.355797620296465720e-05 6.359283362277123256e-05 6.363409779002172060e-05 6.367533636716766966e-05 6.371405881672748280e-05 6.375248417279959961e-05 6.379211645902019073e-05 6.382983189337890532e-05 6.386558944512038484e-05 6.390355747429037785e-05 6.394742934797427697e-05 6.399734787375808347e-05 6.404660417132438245e-05 6.409384606501608605e-05 6.413769002570335049e-05 6.418123368203059538e-05 6.422575705329451341e-05 6.427659416039391911e-05 6.433216064371665181e-05 6.439288559417693310e-05 6.445824652442732174e-05 6.452491075759737111e-05 6.459432411029875152e-05 6.466460710431215151e-05 6.473465330189692181e-05 6.480720644469272580e-05 6.487697601759097365e-05 6.494558274619438077e-05 6.500994607258805535e-05 6.507027231447495039e-05 6.512970967423127914e-05 6.518881906334610468e-05 6.525414907458641106e-05 6.532297762870532105e-05 6.539749293688590078e-05 6.547548782578883030e-05 6.555734493080712510e-05 6.564198249442170679e-05 6.573540061084924232e-05 6.583130757046357811e-05 6.593285175546749932e-05 6.603535787734239875e-05 6.614484775723365761e-05 6.625749804991845865e-05 6.637219029786587884e-05 6.649638725471506578e-05 6.662053156489948795e-05 6.675036665030188547e-05 6.688881518094649521e-05 6.702783445052984022e-05 6.717307516011409652e-05 6.732632707795360087e-05 6.747967979186321767e-05 6.764569155440652056e-05 6.781084355305512870e-05 6.798811819200158266e-05 6.817195042300609265e-05 6.835608384910747443e-05 6.855195069734193751e-05 6.875678587823716437e-05 6.897305778081606637e-05 6.920093189312626601e-05 6.943950754967880966e-05 6.969416702822211866e-05 6.995063730790124202e-05 7.025250181217840349e-05 7.057723574998501625e-05 7.091541626128849431e-05 7.127312028863412217e-05 7.163656207475673648e-05 7.188717650286700748e-05 7.223425582997326745e-05 7.424596944303068515e-05 7.595082134885874784e-05 7.632928574337799520e-05 7.486246163081633920e-05 7.325438333940371808e-05 7.413973592636161471e-05 7.600277932780326784e-05 7.483674488497203572e-05
7.961672242870156862e-05 7.963412164446108214e-05 7.965216324815378051e-05 7.967087104016882702e-05 7.969026970147082337e-05 7.971038482463233216e-05 7.973124294881767929e-05 7.975287159232208377e-05 7.977529928823009142e-05 7.979855562216678973e-05 7.982267126725096809e-05 7.984767802491341861e-05 7.987360886499883690e-05 7.990049796614199888e-05 7.992838075818302368e-05 7.995729396613728761e-05 7.998727565624718251e-05 8.001836528088472817e-05 8.005060372695852952e-05 8.008403336553909237e-05 8.011869810023568045e-05 8.015917689629820380e-05 8.020693254344586317e-05 8.025475270136904178e-05 8.029982619993733398e-05 8.034462088742245079e-05 8.039085287294812194e-05 8.043500722008923003e-05 8.047698792931758333e-05 8.052147327757336521e-05 8.057266980180721250e-05 8.063081314883318522e-05 8.068834144916894446e-05 8.074371405814221420e-05 8.079528188793350194e-05 8.084652957261998678e-05 8.089890231482914731e-05 8.095845800115731054e-05 8.102347764213125051e-05 8.109443428892114294e-05 8.117077348481646312e-05 8.124877258002015986e-05 8.133001960577061578e-05 8.141242263105253599e-05 8.149469096288219591e-05 8.157995975787008783e-05 8.166223561978219454e-05 8.174337169295708635e-05 8.181971660919022487e-05 8.189142614407821498e-05 8.196211479572720361e-05 8.203231723936738799e-05 8.210969511489165458e-05 8.219103213053996818e-05 8.227898697604142295e-05 8.237094469528075526e-05 8.246741493223038832e-05 8.256714359921121403e-05 8.267708799412633010e-05 8.278996207148197901e-05 8.290941913714587738e-05 8.303003117624791298e-05 8.315879261517017222e-05 8.329127550121442458e-05 8.342624343930886953e-05 8.357221124049973437e-05 8.371815866144365710e-05 8.387083230280495882e-05 8.403360489776852556e-05 8.419705717859689320e-05 8.436765702543754224e-05 8.454783453231615165e-05 8.472811562957986448e-05 8.492275559017344814e-05 8.511720252071348837e-05 8.532572038846294006e-05 8.554148462175391353e-05 8.575775512003086141e-05 8.599413465230877022e-05 8.623522598868488167e-05 8.648376951249028702e-05 8.674118086576601007e-05 8.701070643943548209e-05 8.731814947140364470e-05 8.763186307034759987e-05 8.798264963881423167e-05 8.834865738039331378e-05 8.874185916781062290e-05 8.916233785340514867e-05 8.959032412686280188e-05 8.989938621579732724e-05 9.034348106243734772e-05 9.268271325071585878e-05 9.470766403196335351e-05 9.523101627009141780e-05 9.353117862929787290e-05 9.158154558921057225e-05 9.259702353497736046e-05 9.482040966749807551e-05 9.346853368696502980e-05
1.004050374290204256e-04 1.004253265971100486e-04 1.004463646360044760e-04 1.004681792915987126e-04 1.004907993384938821e-04 1.005142546156688471e-04 1.005385760667642289e-04 1.005637957792831328e-04 1.005899470264768735e-04 1.006170643109452164e-04 1.006451834070947376e-04 1.006743414074915029e-04 1.007045767712350782e-04 1.007359293725112309e-04 1.007684405474251136e-04 1.008021531507697775e-04 1.008371116053427487e-04 1.008733619599170168e-04 1.009109519432477341e-04 1.009499310250950167e-04 1.009903504729061697e-04 1.010373580168124870e-04 1.010926279245977894e-04 1.011480738526802117e-04 1.012005250959424287e-04 1.012527275723962370e-04 1.013066370434669776e-04 1.013583006666627241e-04 1.014075578601297405e-04 1.014596572187940815e-04 1.015193839157593330e-04 1.015870836649728328e-04 1.016542389060086366e-04 1.017190975432737034e-04 1.017797059727816334e-04 1.018399816270086806e-04 1.019015546766709667e-04 1.019712974735813342e-04 1.020473472952557393e-04 1.021302254265168627e-04 1.022193455166791156e-04 1.023105532168494341e-04 1.024055916158013311e-04 1.025021353165283974e-04 1.025986838751172708e-04 1.026988153418849077e-04 1.027957498920271034e-04 1.028916048945159340e-04 1.029820699623435875e-04 1.030672335220809933e-04 1.031512377390012307e-04 1.032345728458651659e-04 1.033261803406454861e-04 1.034222719369042286e-04 1.035260593397057543e-04 1.036344548979110106e-04 1.037481220506493283e-04 1.038656100944278677e-04 1.039949718786783187e-04 1.041277855703742685e-04 1.042682829891634867e-04 1.044101746177754646e-04 1.045615697171512940e-04 1.047173498729358197e-04 1.048761520759744704e-04 1.050476778720254515e-04 1.052192417006930802e-04 1.053987498346009956e-04 1.055900897704589942e-04 1.057822492694637377e-04 1.059826558731889734e-04 1.061944134136122290e-04 1.064063247134640680e-04 1.066348021604627920e-04 1.068635939266945379e-04 1.071079751599034321e-04 1.073607651006172495e-04 1.076145687093879220e-04 1.078940324625284817e-04 1.081754326320002931e-04 1.084710605278141370e-04 1.087781745901332249e-04 1.090918458388802223e-04 1.094468636597198266e-04 1.098150914710445565e-04 1.102175123799649592e-04 1.106361081884900025e-04 1.110979059574949198e-04 1.115930374099317473e-04 1.120944356663048318e-04 1.124719999933496020e-04 1.130295670639444035e-04 1.157444543676581578e-04 1.181460692143174000e-04 1.188561473237541500e-04 1.168950879120930357e-04 1.145385730206223597e-04 1.157010628069849367e-04 1.183471508579008076e-04 1.167869125098204076e-04
1.266278887091014328e-04 1.266515497936101652e-04 1.266760839353013547e-04 1.267015234799820779e-04 1.267279019725285215e-04 1.267552542023229166e-04 1.267836162462584180e-04 1.268130255176209281e-04 1.268435208143931772e-04 1.268751423698263848e-04 1.269079319031261150e-04 1.269419326747730961e-04 1.269771895402332137e-04 1.270137490099821959e-04 1.270516593060645912e-04 1.270909704255873316e-04 1.271317341986928087e-04 1.271740043625111923e-04 1.272178366185780160e-04 1.272632887093593076e-04 1.273104204827749542e-04 1.273650189517280427e-04 1.274289974526299186e-04 1.274932889508939809e-04 1.275543191151492280e-04 1.276151452085864783e-04 1.276779939770599523e-04 1.277384217073634085e-04 1.277961924242763090e-04 1.278571935662077053e-04 1.279268632159879691e-04 1.280056767644659926e-04 1.280840446224017096e-04 1.281599773430816590e-04 1.282311727028380324e-04 1.283020328323369256e-04 1.283743952930981144e-04 1.284560495367283346e-04 1.285449790856695485e-04 1.286417582979700199e-04 1.287457692100666968e-04 1.288523788819255272e-04 1.289634999100995410e-04 1.290765500222891028e-04 1.291897902602706465e-04 1.293073000535851960e-04 1.294214192272840789e-04 1.295345657996506449e-04 1.296416699602194098e-04 1.297427331405928772e-04 1.298424945964606243e-04 1.299413782258698486e-04 1.300497957848953379e-04 1.301632978630924340e-04 1.302857444698227879e-04 1.304135008346146794e-04 1.305474155199976233e-04 1.306858136529927869e-04 1.308380015278332357e-04 1.309942604934716552e-04 1.311594849835606041e-04 1.313263999975689174e-04 1.315043921370344393e-04 1.316875548496393390e-04 1.318743895694335475e-04 1.320759365942704270e-04 1.322776152256514642e-04 1.324886711767940702e-04 1.327135798215677270e-04 1.329394931342147465e-04 1.331749267635333293e-04 1.334238079872216711e-04 1.336728680570784650e-04 1.339412313460738055e-04 1.342100602083885449e-04 1.344968616240041406e-04 1.347934856073826424e-04 1.350930885365036788e-04 1.354181087395267926e-04 1.357470625253754206e-04 1.360969516962204666e-04 1.364594612582256683e-04 1.368366089505815449e-04 1.372450398728414158e-04 1.376745351814447169e-04 1.381381921551002060e-04 1.386234186538554429e-04 1.391611274922975941e-04 1.397416385562070726e-04 1.403282577525602373e-04 1.407865544836739587e-04 1.414765933793353308e-04 1.446220668366976199e-04 1.474659825818767824e-04 1.484148511226251836e-04 1.461629786492507773e-04 1.433217390025249107e-04 1.446503579840159310e-04 1.477911852396770131e-04 1.459986926636124688e-04
1.597260810355171723e-04 1.597536792265844550e-04 1.597822954143592305e-04 1.598119673103328721e-04 1.598427340241652264e-04 1.598746361193702670e-04 1.599077156602570881e-04 1.599420162727081373e-04 1.599775831975734077e-04 1.600144633526413471e-04 1.600527053903419135e-04 1.600923597639066789e-04 1.601334787908486766e-04 1.601761167195635044e-04 1.602203298031851762e-04 1.602661763678242621e-04 1.603137168843586332e-04 1.603630140538734987e-04 1.604141328758272567e-04 1.604671407411333137e-04 1.605221075034278370e-04 1.605855392948576401e-04 1.606596198056600916e-04 1.607341806538315713e-04 1.608051940560335335e-04 1.608760663077419672e-04 1.609493306723777651e-04 1.610199927571267066e-04 1.610877290003312359e-04 1.611591431691262869e-04 1.612404103439572941e-04 1.613321579530678138e-04 1.614235929867742698e-04 1.615124595080726186e-04 1.615960567792787232e-04 1.616793302838754123e-04 1.617643503231819540e-04 1.618599394482122937e-04 1.619639165141913302e-04 1.620769144212913027e-04 1.621982841604814216e-04 1.623228616985822076e-04 1.624527453083772391e-04 1.625850698714483922e-04 1.627178255065682617e-04 1.628556593324038309e-04 1.629899254999871074e-04 1.631233843028444199e-04 1.632500924014970007e-04 1.633699413356689059e-04 1.634883458514624496e-04 1.636056372821185318e-04 1.637339145857721597e-04 1.638679652720408954e-04 1.640124074886336572e-04 1.641629741670236646e-04 1.643207355671939590e-04 1.644837614699458991e-04 1.646627914571086894e-04 1.648466271185016732e-04 1.650409214339001063e-04 1.652372729066356211e-04 1.654465307867298369e-04 1.656618895026549891e-04 1.658817058819414330e-04 1.661185301341595096e-04 1.663556260204771041e-04 1.666037848532771540e-04 1.668681528863162936e-04 1.671337693205049251e-04 1.674103838491620890e-04 1.677029147338690693e-04 1.679956897634110136e-04 1.683109338099565992e-04 1.686267606461477474e-04 1.689636769164674880e-04 1.693118353679833434e-04 1.696645943496918386e-04 1.700438487969169600e-04 1.704322505035432667e-04 1.708409635088132454e-04 1.712634122084006629e-04 1.717147776121820597e-04 1.721902733810747933e-04 1.726844303979315572e-04 1.732270410965696154e-04 1.737972121641019098e-04 1.744213940098893472e-04 1.750984246491912681e-04 1.757845163599419018e-04 1.763378272490363243e-04 1.771822828494332863e-04 1.808209073914157964e-04 1.841829808402064921e-04 1.854342870047007131e-04 1.828611939180529034e-04 1.794436779648914441e-04 1.809595034019073037e-04 1.846790803971019650e-04 1.826292573021555908e-04
2.015075090318233864e-04 2.015397036188412878e-04 2.015730853419122237e-04 2.016076981695296452e-04 2.016435877035077065e-04 2.016808012398552325e-04 2.017193878270389003e-04 2.017593983355724845e-04 2.018008855203243842e-04 2.018439040939370565e-04 2.018885107954250296e-04 2.019347644638799701e-04 2.019827261195832079e-04 2.020324590358921625e-04 2.020840288277704101e-04 2.021375035338002061e-04 2.021929537026593443e-04 2.022504524856895522e-04 2.023100757248377020e-04 2.023719020597071136e-04 2.024360130130320153e-04 2.025097233423337525e-04 2.025955222700257506e-04 2.026820050062429061e-04 2.027646345497227426e-04 2.028472084577170214e-04 2.029326064616578985e-04 2.030152166278535882e-04 2.030946140970565895e-04 2.031782057078108505e-04 2.032729979019590649e-04 2.033797955655711361e-04 2.034864553143918850e-04 2.035904222354371191e-04 2.036885410079105274e-04 2.037863661114767369e-04 2.038862289728294046e-04 2.039981151891396606e-04 2.041196673465153983e-04 2.042515829941828434e-04 2.043931830828931719e-04 2.045387143640667738e-04 2.046904786254298374e-04 2.048452994531556803e-04 2.050008598066321375e-04 2.051624490535435073e-04 2.053203186812767539e-04 2.054776184554185756e-04 2.056274027563237633e-04 2.057694266933611331e-04 2.059098683177692461e-04 2.060489351552643317e-04 2.062006587248584033e-04 2.063589476639511556e-04 2.065293040405137407e-04 2.067067316926338866e-04 2.068925650397140166e-04 2.070845835297640170e-04 2.072951633021143710e-04 2.075114200170442424e-04 2.077398737899696039e-04 2.079708375136355672e-04 2.082168327865762986e-04 2.084700301665871522e-04 2.087286330533547301e-04 2.090068925547867236e-04 2.092856242629310070e-04 2.095773998718943206e-04 2.098881302829004689e-04 2.102004276677513239e-04 2.105254416366826088e-04 2.108692716521888110e-04 2.112134655380169346e-04 2.115837934945825102e-04 2.119548581336125738e-04 2.123506630051407362e-04 2.127595897642990295e-04 2.131737274393746742e-04 2.136182489936942611e-04 2.140758550152997849e-04 2.145529049308562573e-04 2.150502636668628344e-04 2.155767960976945048e-04 2.161375159197311251e-04 2.167100813026172574e-04 2.173458302636077568e-04 2.180129736559651918e-04 2.187389417049816589e-04 2.195281131029249507e-04 2.203300839022906323e-04 2.209949761059891600e-04 2.220190799669735030e-04 2.262215967074399168e-04 2.301888428978716571e-04 2.318195085506575290e-04 2.288948783991416396e-04 2.247944574421712491e-04 2.265206333508479699e-04 2.309159189561526767e-04 2.285835946583000084e-04
2.542264083018348623e-04 2.542639644548728051e-04 2.543029049580722701e-04 2.543432810728079598e-04 2.543851459653530701e-04 2.544285547771848685e-04 2.544735646956298981e-04 2.545202350322001324e-04 2.545686272988800423e-04 2.546188052897248441e-04 2.546708351667109345e-04 2.547247855416031833e-04 2.547807275703057304e-04 2.548387350453512070e-04 2.548988844882365970e-04 2.549612552530274284e-04 2.550259296271804432e-04 2.550929929414955761e-04 2.551625336680766023e-04 2.552346435500570110e-04 2.553094177055332528e-04 2.553950791124573656e-04 2.554944618001086685e-04 2.555947745507223265e-04 2.556909092150006922e-04 2.557871015656459717e-04 2.558866223997583963e-04 2.559831680745792569e-04 2.560761971100381906e-04 2.561740157918483154e-04 2.562845670476068555e-04 2.564088619435312679e-04 2.565332436130481151e-04 2.566548222340902618e-04 2.567699253309316774e-04 2.568847892934878027e-04 2.570020382406582428e-04 2.571329653208304089e-04 2.572750246896612913e-04 2.574289853132264924e-04 2.575941396729528239e-04 2.577640814807218082e-04 2.579413355594020177e-04 2.581223833042268524e-04 2.583045603150514627e-04 2.584938814382794006e-04 2.586793665508819269e-04 2.588646080350664493e-04 2.590415137934821543e-04 2.592096720188861135e-04 2.593761217267928892e-04 2.595409098028716565e-04 2.597202758046757696e-04 2.599071189662739288e-04 2.601079682661552243e-04 2.603169892797464659e-04 2.605358295234930254e-04 2.607619391540827686e-04 2.610095589618234764e-04 2.612638880664495023e-04 2.615324357552665352e-04 2.618040511072008037e-04 2.620931636748622100e-04 2.623907806197312768e-04 2.626949436617404400e-04 2.630218162765269501e-04 2.633494395399410266e-04 2.636924309942846362e-04 2.640575713878009481e-04 2.644246918946717385e-04 2.648065268642907735e-04 2.652105770993640546e-04 2.656151775796194363e-04 2.660501544088446943e-04 2.664860775254147677e-04 2.669509777079831611e-04 2.674313125131957633e-04 2.679174097872665146e-04 2.684389592529639744e-04 2.689762681231384184e-04 2.695355670136027372e-04 2.701204545480379851e-04 2.707345525519963591e-04 2.713926432839800862e-04 2.720627280802623651e-04 2.728040532908923956e-04 2.735836270040122270e-04 2.744292483469224788e-04 2.753488917431369271e-04 2.762857175049443764e-04 2.770813557680124745e-04 2.783139539121427743e-04 2.831597835006178501e-04 2.878311523955462718e-04 2.899335671324656410e-04 2.866288219524013589e-04 2.817217766380009482e-04 2.836834636795824830e-04 2.888653520331850664e-04 2.862261802162764657e-04
3.207060078889550892e-04 3.207498134536943793e-04 3.207952331466807478e-04 3.208423267223987582e-04 3.208911561545002068e-04 3.209417857220663917e-04 3.209942820874877104e-04 3.210487143929241505e-04 3.211051543452448872e-04 3.211636763141898334e-04 3.212243574303374431e-04 3.212872776873278461e-04 3.213525200400953598e-04 3.214201705264972155e-04 3.214903183685773914e-04 3.215630560937347707e-04 3.216384796546149219e-04 3.217166885601656931e-04 3.217977859862049630e-04 3.218818789329660037e-04 3.219690783425118602e-04 3.220686264013568442e-04 3.221837458368187121e-04 3.223000920728174971e-04 3.224119169410988284e-04 3.225239467555109725e-04 3.226398932095895697e-04 3.227526785374367304e-04 3.228616275729935428e-04 3.229760533366134926e-04 3.231049524731058136e-04 3.232495745806122098e-04 3.233945679840241941e-04 3.235366681551400214e-04 3.236716156961012923e-04 3.238064100662502122e-04 3.239440032610044770e-04 3.240971568667841266e-04 3.242631237187931672e-04 3.244427517674040602e-04 3.246353071721911504e-04 3.248336603073074332e-04 3.250405805321603396e-04 3.252521733582326041e-04 3.254653824545068546e-04 3.256870410976004889e-04 3.259047952006344684e-04 3.261227395966946846e-04 3.263314744812607763e-04 3.265303864050895176e-04 3.267274840627018865e-04 3.269226107321234007e-04 3.271345229654649077e-04 3.273549637127608214e-04 3.275916509570627909e-04 3.278377891449850748e-04 3.280953950287035232e-04 3.283615461513771571e-04 3.286526037313445094e-04 3.289515925606253661e-04 3.292671481669496333e-04 3.295864564169094057e-04 3.299261193089583549e-04 3.302758248125635637e-04 3.306334454302849320e-04 3.310172912803367837e-04 3.314022651622826028e-04 3.318053301619833229e-04 3.322342548475764636e-04 3.326656912515272104e-04 3.331141644390557652e-04 3.335888301034600962e-04 3.340643195258253054e-04 3.345750904711660280e-04 3.350871040706067589e-04 3.356330240638810453e-04 3.361971184083383576e-04 3.367677064527272866e-04 3.373795472117681500e-04 3.380099670397937375e-04 3.386661167885200436e-04 3.393521136460225644e-04 3.400704483856292325e-04 3.408412531306958052e-04 3.416260782498487512e-04 3.424914861769446208e-04 3.434015739585646095e-04 3.443865304099250394e-04 3.454580241729046024e-04 3.465517152469479415e-04 3.475002523065006603e-04 3.489742745167633215e-04 3.545525308833391369e-04 3.600401561376246414e-04 3.627241090435883190e-04 3.590137540188332514e-04 3.531573526393624743e-04 3.553818028574332499e-04 3.614767576802063970e-04 3.585078041337512195e-04
4.045222766889870303e-04 4.045733668993373860e-04 4.046263389728021911e-04 4.046812625554375661e-04 4.047382098787447816e-04 4.047972558608536973e-04 4.048584781994805752e-04 4.049219574842217182e-04 4.049877772922988212e-04 4.050560243102981788e-04 4.051267884388750165e-04 4.052001629235900751e-04 4.052762444605685285e-04 4.053551333438792166e-04 4.054369335817199728e-04 4.055217530403085451e-04 4.056097035840292258e-04 4.057009012243711671e-04 4.057954662585591329e-04 4.058935234469831306e-04 4.059952021563896962e-04 4.061108886472248160e-04 4.062442437878892310e-04 4.063791820729879324e-04 4.065092380043198051e-04 4.066396873660674737e-04 4.067747388808974304e-04 4.069064481769742213e-04 4.070339873496150486e-04 4.071677967906613366e-04 4.073180587298428127e-04 4.074862978571990100e-04 4.076552641329786583e-04 4.078212738267983643e-04 4.079794023393807159e-04 4.081375034723940236e-04 4.082988967093794113e-04 4.084779928353956288e-04 4.086718293228170621e-04 4.088813416781510407e-04 4.091057724686900272e-04 4.093371903094005773e-04 4.095786331997819016e-04 4.098257934938634439e-04 4.100751731238521476e-04 4.103345284734930399e-04 4.105899726858541657e-04 4.108461708842435804e-04 4.110922343588172380e-04 4.113273086189297967e-04 4.115604940582132283e-04 4.117913806239230064e-04 4.120415903006378324e-04 4.123015437207420497e-04 4.125803322014922909e-04 4.128700601574212224e-04 4.131731780320317400e-04 4.134863422700801893e-04 4.138283231304635580e-04 4.141796810637788121e-04 4.145503327393310089e-04 4.149255763301770662e-04 4.153244849856809655e-04 4.157352524190609981e-04 4.161555750255890233e-04 4.166061713993767630e-04 4.170583977620180289e-04 4.175319027351401778e-04 4.180355758724552768e-04 4.185424399895708650e-04 4.190690422036244880e-04 4.196264852224653266e-04 4.201851388740102220e-04 4.207847443981436054e-04 4.213860054956280890e-04 4.220269072385544515e-04 4.226892106029124605e-04 4.233589013324911545e-04 4.240765561208638878e-04 4.248162259449950878e-04 4.255857712221649864e-04 4.263897377224059497e-04 4.272309840990795300e-04 4.281334798441581977e-04 4.290518489492074370e-04 4.300628142813937675e-04 4.311248515816770970e-04 4.322720916507483352e-04 4.335203305905218729e-04 4.347964713628213766e-04 4.359236176205437993e-04 4.376768212813648713e-04 4.440881376369383397e-04 4.505193449835008328e-04 4.539146417907518141e-04 4.497774871713131647e-04 4.428070557543889842e-04 4.453239665193081827e-04 4.524766142215466669e-04 4.491573367057061727e-04
5.102395954162408393e-04 5.102991840970068187e-04 5.103609668692074856e-04 5.104250249072211486e-04 5.104914423986690918e-04 5.105603066627953813e-04 5.106317082586844455e-04 5.107057411165179511e-04 5.107825026506296589e-04 5.108620938989010809e-04 5.109446196473618968e-04 5.110301885822628610e-04 5.111189134165579611e-04 5.112109110536177531e-04 5.113063027344721479e-04 5.114052141985424077e-04 5.115077758515504521e-04 5.116141229334873622e-04 5.117243956940634208e-04 5.118387395856006895e-04 5.119573054415347537e-04 5.120917653075280707e-04 5.122462743385407637e-04 5.124027934803246495e-04 5.125540523474032394e-04 5.127059431643689975e-04 5.128632354442197970e-04 5.130170134837428201e-04 5.131662752285475393e-04 5.133227253314363815e-04 5.134978811944634468e-04 5.136935841467164202e-04 5.138904552313431013e-04 5.140843412928712899e-04 5.142695640834135835e-04 5.144549353139863269e-04 5.146441869667433850e-04 5.148535839082065205e-04 5.150799326383005651e-04 5.153242660579196747e-04 5.155858064901124764e-04 5.158557323460517081e-04 5.161373776761996220e-04 5.164259799126444525e-04 5.167175431460211939e-04 5.170208657255583864e-04 5.173203491025727373e-04 5.176213061678284046e-04 5.179111543193215582e-04 5.181887532883413649e-04 5.184644332966423285e-04 5.187374735363374382e-04 5.190327570320887093e-04 5.193391932956435524e-04 5.196674576196540002e-04 5.200083964297713603e-04 5.203649681374996868e-04 5.207333534341132509e-04 5.211350595421545629e-04 5.215478539781207750e-04 5.219831108103800297e-04 5.224239860913306019e-04 5.228923637374521122e-04 5.233747450803881819e-04 5.238686441691571766e-04 5.243974832861331321e-04 5.249286103645756400e-04 5.254847474991164230e-04 5.260760566835195277e-04 5.266714196477675306e-04 5.272896673567316296e-04 5.279441871758416924e-04 5.286004503625252142e-04 5.293042236991124831e-04 5.300102156076068848e-04 5.307625177010345460e-04 5.315400229695763784e-04 5.323259921630385180e-04 5.331677368404500643e-04 5.340355659447582667e-04 5.349380833562207907e-04 5.358803608503633423e-04 5.368657405634777056e-04 5.379223007286170616e-04 5.389966893303876124e-04 5.401778157303959663e-04 5.414172487665863068e-04 5.427537137825624467e-04 5.442077612056921230e-04 5.456962361664501396e-04 5.470319968920561151e-04 5.491079472797629445e-04 5.564667978758169918e-04 5.639867315839637010e-04 5.682464276062052259e-04 5.636670993370500966e-04 5.553923251481149596e-04 5.582342919000665184e-04 5.666107257596596702e-04 5.629239566630449016e-04
6.436672550629280289e-04 6.437367671016853456e-04 6.438088376757939097e-04 6.438835614068174522e-04 6.439610364308803086e-04 6.440413645355230060e-04 6.441246512835060089e-04 6.442110061659080643e-04 6.443005427402642921e-04 6.443933787834059488e-04 6.444896364468037219e-04 6.445894424255239419e-04 6.446929281142168688e-04 6.448002297911936210e-04 6.449114887967830707e-04 6.450268517160649044e-04 6.451464705787414260e-04 6.452705030537379685e-04 6.453991126576472679e-04 6.455324689765716464e-04 6.456707478766280208e-04 6.458270680024913012e-04 6.460061425936201472e-04 6.461877380914528637e-04 6.463636800752264443e-04 6.465405532663514882e-04 6.467237604325956710e-04 6.469032959831755736e-04 6.470779595692591462e-04 6.472608754280416692e-04 6.474650658850252547e-04 6.476927362525293800e-04 6.479221175165423901e-04 6.481485304125494690e-04 6.483654429569449176e-04 6.485827423153323361e-04 6.488046241261218820e-04 6.490494396405680497e-04 6.493137471395517193e-04 6.495986882164679014e-04 6.499034690894183114e-04 6.502182782660046812e-04 6.505467769758577863e-04 6.508837009410356781e-04 6.512244932074864054e-04 6.515791290842026405e-04 6.519300966606677520e-04 6.522834451276962337e-04 6.526246658547895773e-04 6.529522819479023545e-04 6.532780100123868365e-04 6.536007521648948791e-04 6.539491019648566118e-04 6.543102430193562273e-04 6.546966754317240815e-04 6.550978079596461202e-04 6.555171925969212592e-04 6.559504726673089179e-04 6.564222651788714129e-04 6.569071722154221299e-04 6.574182259369192385e-04 6.579361517606244908e-04 6.584860307429990858e-04 6.590524475352141061e-04 6.596327285343571390e-04 6.602533327898086994e-04 6.608770775682058004e-04 6.615302013497299837e-04 6.622243109026952927e-04 6.629235644719388585e-04 6.636493733761847759e-04 6.644177999250896463e-04 6.651886888269981958e-04 6.660146773819853932e-04 6.668436395909078766e-04 6.677266702726460850e-04 6.686393847840081022e-04 6.695618689050353203e-04 6.705492011717700991e-04 6.715674041301694088e-04 6.726259500148430975e-04 6.737305022319069843e-04 6.748847456091714618e-04 6.761217577878131987e-04 6.773788122355909247e-04 6.787590656531573060e-04 6.802058062148858908e-04 6.817630087662686876e-04 6.834568669795411475e-04 6.851926334512988426e-04 6.867720908468192068e-04 6.892211686811281542e-04 6.976579328561916720e-04 7.064320288058941952e-04 7.117358852515917730e-04 7.067072294651788409e-04 6.969085713808409596e-04 7.001113328629322103e-04 7.099022722014563559e-04 7.058357777488690312e-04
